frame,timestamp_ms,landmark,x,y,z,visibility,presence
360,12000,NOSE,0.52964186668396,0.20380839705467224,0.31795692443847656,0.9994150400161743,0.9999303817749023
360,12000,LEFT_EYE_INNER,0.5237549543380737,0.19320790469646454,0.282783567905426,0.9991064667701721,0.9999257326126099
360,12000,LEFT_EYE,0.5189679861068726,0.19320917129516602,0.2827305495738983,0.9991472959518433,0.999930739402771
360,12000,LEFT_EYE_OUTER,0.5140656232833862,0.19353824853897095,0.28260987997055054,0.9992477893829346,0.9999324083328247
360,12000,RIGHT_EYE_INNER,0.5373746752738953,0.19303372502326965,0.2576046884059906,0.9991600513458252,0.9999188184738159
360,12000,RIGHT_EYE,0.5421648621559143,0.1929338425397873,0.25758492946624756,0.9991399049758911,0.9999101161956787
360,12000,RIGHT_EYE_OUTER,0.5473953485488892,0.19291512668132782,0.2573752999305725,0.9990113973617554,0.9998993873596191
360,12000,LEFT_EAR,0.502560555934906,0.20034697651863098,0.1472778171300888,0.998408854007721,0.9999446868896484
360,12000,RIGHT_EAR,0.5530431866645813,0.2000291347503662,0.036228034645318985,0.9991445541381836,0.999914288520813
360,12000,MOUTH_LEFT,0.5227956175804138,0.21335381269454956,0.2787318825721741,0.9989270567893982,0.9999001026153564
360,12000,MOUTH_RIGHT,0.5371351838111877,0.21401147544384003,0.24570715427398682,0.9989389777183533,0.9998897314071655
360,12000,LEFT_SHOULDER,0.4436948895454407,0.2707560658454895,0.20234914124011993,0.9996335506439209,0.9999561309814453
360,12000,RIGHT_SHOULDER,0.5872873663902283,0.27182528376579285,-0.20422571897506714,0.999929666519165,0.99993896484375
360,12000,LEFT_ELBOW,0.43480122089385986,0.36652347445487976,0.30385535955429077,0.6955469846725464,0.9997785687446594
360,12000,RIGHT_ELBOW,0.6066328883171082,0.36711832880973816,-0.2002352625131607,0.9985328912734985,0.9996923208236694
360,12000,LEFT_WRIST,0.4799157977104187,0.4059270918369293,0.3784130811691284,0.0899665579199791,0.9995831847190857
360,12000,RIGHT_WRIST,0.630656898021698,0.44911983609199524,-0.08438516408205032,0.916691780090332,0.999453604221344
360,12000,LEFT_PINKY,0.48909151554107666,0.4268089830875397,0.41263213753700256,0.0715843215584755,0.999503493309021
360,12000,RIGHT_PINKY,0.6438765525817871,0.4661160111427307,-0.09663010388612747,0.8339581489562988,0.9993730187416077
360,12000,LEFT_INDEX,0.4992206394672394,0.4145174026489258,0.37913161516189575,0.07031218707561493,0.9994827508926392
360,12000,RIGHT_INDEX,0.6392390131950378,0.46307381987571716,-0.08093498647212982,0.8263559937477112,0.999275267124176
360,12000,LEFT_THUMB,0.49729639291763306,0.41251322627067566,0.36522412300109863,0.07156629115343094,0.9995325803756714
360,12000,RIGHT_THUMB,0.6297501921653748,0.4581734538078308,-0.0753643736243248,0.7540175318717957,0.9993923902511597
360,12000,LEFT_HIP,0.45859792828559875,0.4520167410373688,0.18498139083385468,0.9997860789299011,0.9999285936355591
360,12000,RIGHT_HIP,0.5281283259391785,0.45941078662872314,-0.185187429189682,0.9996886253356934,0.9998619556427002
360,12000,LEFT_KNEE,0.5057076215744019,0.5781523585319519,0.173453688621521,0.6208006739616394,0.999880313873291
360,12000,RIGHT_KNEE,0.5057088732719421,0.5904698967933655,-0.2309272438287735,0.9952620267868042,0.9998774528503418
360,12000,LEFT_ANKLE,0.5137523412704468,0.7247501611709595,0.24168869853019714,0.8620424270629883,0.9997813105583191
360,12000,RIGHT_ANKLE,0.3972690999507904,0.7044444680213928,-0.16128169000148773,0.99402916431427,0.9998682737350464
360,12000,LEFT_HEEL,0.5077747702598572,0.7488151788711548,0.24223534762859344,0.885384202003479,0.9996224641799927
360,12000,RIGHT_HEEL,0.36132723093032837,0.7120348215103149,-0.15377061069011688,0.9867363572120667,0.9997987151145935
360,12000,LEFT_FOOT_INDEX,0.559616208076477,0.7545464038848877,0.16328658163547516,0.7306033372879028,0.9992959499359131
360,12000,RIGHT_FOOT_INDEX,0.42624905705451965,0.7499532103538513,-0.24222247302532196,0.9748746156692505,0.999679446220398
361,12033,NOSE,0.5351395010948181,0.20718787610530853,0.31093138456344604,0.9992696046829224,0.9997451901435852
361,12033,LEFT_EYE_INNER,0.5288107395172119,0.19778111577033997,0.27530720829963684,0.9988192915916443,0.9997299313545227
361,12033,LEFT_EYE,0.5239449143409729,0.19772708415985107,0.27527090907096863,0.9988727569580078,0.9997386336326599
361,12033,LEFT_EYE_OUTER,0.5189647078514099,0.1979680061340332,0.2751469016075134,0.9989853501319885,0.9997361302375793
361,12033,RIGHT_EYE_INNER,0.5430588722229004,0.1975884735584259,0.25151339173316956,0.9989385604858398,0.9997469782829285
361,12033,RIGHT_EYE,0.5480992794036865,0.1975283920764923,0.2515075206756592,0.9989285469055176,0.9997310042381287
361,12033,RIGHT_EYE_OUTER,0.5533005595207214,0.19752487540245056,0.2512754797935486,0.9987589120864868,0.9997121691703796
361,12033,LEFT_EAR,0.5070844888687134,0.2039617896080017,0.1353691965341568,0.9979352355003357,0.9997757077217102
361,12033,RIGHT_EAR,0.5580978393554688,0.2034176141023636,0.03154170885682106,0.9988874793052673,0.9997605681419373
361,12033,MOUTH_LEFT,0.5273022055625916,0.21563167870044708,0.26974359154701233,0.9985986351966858,0.9996730089187622
361,12033,MOUTH_RIGHT,0.5418858528137207,0.21616493165493011,0.2390051633119583,0.998640775680542,0.9996945858001709
361,12033,LEFT_SHOULDER,0.4514806568622589,0.2703931927680969,0.18712371587753296,0.9995688796043396,0.9998195767402649
361,12033,RIGHT_SHOULDER,0.5905786752700806,0.27183786034584045,-0.2059198021888733,0.9999251365661621,0.9998879432678223
361,12033,LEFT_ELBOW,0.4365542232990265,0.3664644658565521,0.27416691184043884,0.6943130493164062,0.9995025396347046
361,12033,RIGHT_ELBOW,0.6072789430618286,0.3671855926513672,-0.23431701958179474,0.9985842704772949,0.9996324777603149
361,12033,LEFT_WRIST,0.47692155838012695,0.4052027761936188,0.3171638548374176,0.09080551564693451,0.9991151690483093
361,12033,RIGHT_WRIST,0.6354673504829407,0.4536076486110687,-0.1753465086221695,0.9211805462837219,0.9993128776550293
361,12033,LEFT_PINKY,0.4753994047641754,0.4234454035758972,0.34638506174087524,0.07243911176919937,0.9990467429161072
361,12033,RIGHT_PINKY,0.6516066789627075,0.47217804193496704,-0.1933058202266693,0.8422720432281494,0.9991821646690369
361,12033,LEFT_INDEX,0.49104249477386475,0.41533127427101135,0.3174216151237488,0.07104336470365524,0.9990041851997375
361,12033,RIGHT_INDEX,0.6515530943870544,0.46997109055519104,-0.17467661201953888,0.8345011472702026,0.9990224838256836
361,12033,LEFT_THUMB,0.49313607811927795,0.4123935103416443,0.3055602014064789,0.07191433757543564,0.9990471005439758
361,12033,RIGHT_THUMB,0.6405125856399536,0.4639725387096405,-0.16571709513664246,0.7631851434707642,0.999169111251831
361,12033,LEFT_HIP,0.46185922622680664,0.45066094398498535,0.17824257910251617,0.9997230172157288,0.9997624754905701
361,12033,RIGHT_HIP,0.5289720296859741,0.45860472321510315,-0.17857156693935394,0.9996147155761719,0.999617338180542
361,12033,LEFT_KNEE,0.49685364961624146,0.5728530883789062,0.16970838606357574,0.5920827984809875,0.9994899034500122
361,12033,RIGHT_KNEE,0.5179339051246643,0.5901299715042114,-0.18998414278030396,0.9932199716567993,0.999500036239624
361,12033,LEFT_ANKLE,0.49209219217300415,0.7068455219268799,0.2121255099773407,0.8339505791664124,0.9993150234222412
361,12033,RIGHT_ANKLE,0.4086451828479767,0.7010800838470459,-0.1424671858549118,0.9915100336074829,0.9994717240333557
361,12033,LEFT_HEEL,0.4798870384693146,0.7307626605033875,0.2105506956577301,0.870797872543335,0.9989519119262695
361,12033,RIGHT_HEEL,0.3759782016277313,0.7081504464149475,-0.13842934370040894,0.9846294522285461,0.9992157220840454
361,12033,LEFT_FOOT_INDEX,0.5372700095176697,0.7362204790115356,0.1367114633321762,0.7021920680999756,0.9986026883125305
361,12033,RIGHT_FOOT_INDEX,0.4430130422115326,0.7482651472091675,-0.23095764219760895,0.9660398364067078,0.9991313815116882
362,12067,NOSE,0.49667832255363464,0.23955722153186798,0.5726726651191711,0.9990181922912598,0.9999972581863403
362,12067,LEFT_EYE_INNER,0.5001580119132996,0.2278694361448288,0.5296827554702759,0.9986791014671326,0.9999961853027344
362,12067,LEFT_EYE,0.4987950921058655,0.22813372313976288,0.529625654220581,0.9987110495567322,0.9999960660934448
362,12067,LEFT_EYE_OUTER,0.5019495487213135,0.23045623302459717,0.5295175909996033,0.9988794922828674,0.9999948740005493
362,12067,RIGHT_EYE_INNER,0.515352189540863,0.22572936117649078,0.5654018521308899,0.99870765209198,0.9999972581863403
362,12067,RIGHT_EYE,0.5168105363845825,0.22596870362758636,0.5655648708343506,0.9985623955726624,0.9999971389770508
362,12067,RIGHT_EYE_OUTER,0.5286277532577515,0.22492903470993042,0.5654565095901489,0.9985344409942627,0.9999966621398926
362,12067,LEFT_EAR,0.5048097968101501,0.23683494329452515,0.3734443187713623,0.9979677796363831,0.9999967813491821
362,12067,RIGHT_EAR,0.5399518609046936,0.22848603129386902,0.5386745929718018,0.9987137913703918,0.9999978542327881
362,12067,MOUTH_LEFT,0.5027325749397278,0.2528989017009735,0.5210952162742615,0.9983952045440674,0.9999969005584717
362,12067,MOUTH_RIGHT,0.5114728212356567,0.2531530261039734,0.5683702230453491,0.9982225298881531,0.9999970197677612
362,12067,LEFT_SHOULDER,0.4869714081287384,0.27878084778785706,0.16979476809501648,0.9996066689491272,0.9999833106994629
362,12067,RIGHT_SHOULDER,0.5832616686820984,0.29342302680015564,0.5061551332473755,0.999912440776825,0.9999839067459106
362,12067,LEFT_ELBOW,0.499749094247818,0.32353445887565613,-0.2078012377023697,0.7159134745597839,0.9993680119514465
362,12067,RIGHT_ELBOW,0.6109374165534973,0.3711234927177429,0.3694688677787781,0.9702869057655334,0.999729573726654
362,12067,LEFT_WRIST,0.4810565114021301,0.3289312422275543,-0.49382978677749634,0.16494053602218628,0.9993357062339783
362,12067,RIGHT_WRIST,0.6353344321250916,0.4555850923061371,0.1577458381652832,0.8869897723197937,0.9992794394493103
362,12067,LEFT_PINKY,0.4771491587162018,0.33069977164268494,-0.5570465326309204,0.14252589643001556,0.9989987015724182
362,12067,RIGHT_PINKY,0.6510310173034668,0.4734920263290405,0.1339663714170456,0.8101454973220825,0.9987448453903198
362,12067,LEFT_INDEX,0.48818671703338623,0.3302927017211914,-0.5210263133049011,0.13994476199150085,0.9990171194076538
362,12067,RIGHT_INDEX,0.6503986120223999,0.4716218411922455,0.12842220067977905,0.7998055815696716,0.9986568689346313
362,12067,LEFT_THUMB,0.4914967119693756,0.3337162733078003,-0.48535001277923584,0.1316697895526886,0.9992170333862305
362,12067,RIGHT_THUMB,0.6400782465934753,0.46891167759895325,0.14892469346523285,0.7327264547348022,0.9988825917243958
362,12067,LEFT_HIP,0.48278355598449707,0.46977323293685913,-0.1342288702726364,0.9997390508651733,0.999995231628418
362,12067,RIGHT_HIP,0.5171496272087097,0.4764471650123596,0.13411861658096313,0.9996265769004822,0.9999920129776001
362,12067,LEFT_KNEE,0.44218605756759644,0.5724080801010132,-0.3537781834602356,0.6194534301757812,0.999273955821991
362,12067,RIGHT_KNEE,0.3875238001346588,0.5788618326187134,-0.25124984979629517,0.9755326509475708,0.99964439868927
362,12067,LEFT_ANKLE,0.46448397636413574,0.7122456431388855,-0.6527580618858337,0.8280308842658997,0.9993122816085815
362,12067,RIGHT_ANKLE,0.4499196410179138,0.7161900401115417,-0.5652569532394409,0.9598262906074524,0.999874472618103
362,12067,LEFT_HEEL,0.47555917501449585,0.7376912832260132,-0.6934657692909241,0.8638590574264526,0.9991146922111511
362,12067,RIGHT_HEEL,0.4686061143875122,0.7381809949874878,-0.6049363613128662,0.9667574763298035,0.9997513890266418
362,12067,LEFT_FOOT_INDEX,0.4302016496658325,0.7561745643615723,-0.844387948513031,0.7157171368598938,0.9986022114753723
362,12067,RIGHT_FOOT_INDEX,0.43673375248908997,0.7518259286880493,-0.7448245882987976,0.942771315574646,0.9994074106216431
363,12100,NOSE,0.44787800312042236,0.2586669623851776,0.04165347293019295,0.9989874958992004,0.9990183115005493
363,12100,LEFT_EYE_INNER,0.45236241817474365,0.25040289759635925,0.0007081698859110475,0.9986786842346191,0.9992337226867676
363,12100,LEFT_EYE,0.45674222707748413,0.25034576654434204,0.0006180054042488337,0.9987195134162903,0.9992383718490601
363,12100,LEFT_EYE_OUTER,0.4601868689060211,0.24932663142681122,0.0005535508971661329,0.9989087581634521,0.9991955161094666
363,12100,RIGHT_EYE_INNER,0.45305493474006653,0.24834893643856049,0.06032746657729149,0.998667299747467,0.9993603825569153
363,12100,RIGHT_EYE,0.4567898213863373,0.24812264740467072,0.06029563397169113,0.9984733462333679,0.9993951320648193
363,12100,RIGHT_EYE_OUTER,0.4595349431037903,0.24752232432365417,0.060202937573194504,0.9984978437423706,0.9994416832923889
363,12100,LEFT_EAR,0.4911690652370453,0.2569344639778137,-0.0869271382689476,0.998067319393158,0.9993851184844971
363,12100,RIGHT_EAR,0.4797361493110657,0.2500099241733551,0.4623557925224304,0.9986135959625244,0.999658465385437
363,12100,MOUTH_LEFT,0.46032264828681946,0.2688120901584625,0.016927942633628845,0.9983349442481995,0.9993459582328796
363,12100,MOUTH_RIGHT,0.4594671130180359,0.2689175307750702,0.0956239104270935,0.9979867339134216,0.9993218183517456
363,12100,LEFT_SHOULDER,0.5099505186080933,0.2998604476451874,-0.22913193702697754,0.9996288418769836,0.9993390440940857
363,12100,RIGHT_SHOULDER,0.5054312348365784,0.30505213141441345,0.3303060531616211,0.9998016953468323,0.9995369911193848
363,12100,LEFT_ELBOW,0.4830317199230194,0.343558669090271,-0.4208023250102997,0.7423447370529175,0.995550274848938
363,12100,RIGHT_ELBOW,0.48905056715011597,0.36717966198921204,0.5949817895889282,0.8796561360359192,0.9983406066894531
363,12100,LEFT_WRIST,0.4373474717140198,0.34916451573371887,-0.40323367714881897,0.24276436865329742,0.9975709319114685
363,12100,RIGHT_WRIST,0.4588607847690582,0.3629940152168274,0.7439257502555847,0.8106485605239868,0.9988755583763123
363,12100,LEFT_PINKY,0.4247003197669983,0.3460681438446045,-0.432953804731369,0.22074440121650696,0.9974356293678284
363,12100,RIGHT_PINKY,0.4507085680961609,0.36253857612609863,0.7775413393974304,0.7437275052070618,0.9986263513565063
363,12100,LEFT_INDEX,0.4261532127857208,0.3406411409378052,-0.42533841729164124,0.21766528487205505,0.997331976890564
363,12100,RIGHT_INDEX,0.45324018597602844,0.3596300184726715,0.7437337040901184,0.7349840402603149,0.9986128807067871
363,12100,LEFT_THUMB,0.4308032989501953,0.342892587184906,-0.3965269923210144,0.2049919217824936,0.9975997805595398
363,12100,RIGHT_THUMB,0.45650607347488403,0.36048394441604614,0.7298620343208313,0.6753140091896057,0.9987984895706177
363,12100,LEFT_HIP,0.49934160709381104,0.4901544153690338,-0.169821634888649,0.9997225999832153,0.9996114373207092
363,12100,RIGHT_HIP,0.47956573963165283,0.4880546033382416,0.17012947797775269,0.9996070861816406,0.9997718930244446
363,12100,LEFT_KNEE,0.4522674083709717,0.609355092048645,-0.2992950677871704,0.6566465497016907,0.9997333884239197
363,12100,RIGHT_KNEE,0.3591221868991852,0.5662873983383179,-0.07632492482662201,0.9752106070518494,0.9997666478157043
363,12100,LEFT_ANKLE,0.4746394455432892,0.7377750873565674,-0.29038500785827637,0.8447422385215759,0.9992294311523438
363,12100,RIGHT_ANKLE,0.4464207589626312,0.705784261226654,-0.03418894112110138,0.959958553314209,0.9998674392700195
363,12100,LEFT_HEEL,0.484043151140213,0.7669737339019775,-0.29353025555610657,0.8746771812438965,0.998755693435669
363,12100,RIGHT_HEEL,0.44676467776298523,0.7328915596008301,-0.03636499121785164,0.9628155827522278,0.9997511506080627
363,12100,LEFT_FOOT_INDEX,0.41759762167930603,0.7747689485549927,-0.42216092348098755,0.7435328960418701,0.997241735458374
363,12100,RIGHT_FOOT_INDEX,0.3791431188583374,0.7500100135803223,-0.11471180617809296,0.9445726275444031,0.9988124370574951
364,12133,NOSE,0.4266278147697449,0.2692215144634247,0.030801253393292427,0.9990819692611694,0.9999080896377563
364,12133,LEFT_EYE_INNER,0.43415117263793945,0.25824984908103943,-0.010150300338864326,0.9988042712211609,0.9998818635940552
364,12133,LEFT_EYE,0.4368051588535309,0.25757092237472534,-0.010213084518909454,0.9988416433334351,0.9998787641525269
364,12133,LEFT_EYE_OUTER,0.4390905201435089,0.25664404034614563,-0.010264858603477478,0.9990136623382568,0.9998682737350464
364,12133,RIGHT_EYE_INNER,0.43306252360343933,0.25819700956344604,0.05082405358552933,0.9987917542457581,0.9998890161514282
364,12133,RIGHT_EYE,0.4349198341369629,0.2577948570251465,0.05079776421189308,0.9986152648925781,0.9998868703842163
364,12133,RIGHT_EYE_OUTER,0.4365729093551636,0.25722718238830566,0.05073455348610878,0.9986387491226196,0.99988853931427
364,12133,LEFT_EAR,0.46372660994529724,0.25959208607673645,-0.10506409406661987,0.9982553720474243,0.9999028444290161
364,12133,RIGHT_EAR,0.45723721385002136,0.2588045299053192,0.2944337725639343,0.9987346529960632,0.9998929500579834
364,12133,MOUTH_LEFT,0.43871819972991943,0.2783032953739166,0.0006411849753931165,0.9984867572784424,0.9999109506607056
364,12133,MOUTH_RIGHT,0.43739160895347595,0.2790141999721527,0.07876171171665192,0.9981535077095032,0.9998743534088135
364,12133,LEFT_SHOULDER,0.5117146968841553,0.3083893656730652,-0.25315549969673157,0.9996638298034668,0.9998857975006104
364,12133,RIGHT_SHOULDER,0.48113468289375305,0.3146241307258606,0.34036433696746826,0.9997504949569702,0.999744713306427
364,12133,LEFT_ELBOW,0.4777369201183319,0.37885749340057373,-0.32993578910827637,0.7667274475097656,0.9992901086807251
364,12133,RIGHT_ELBOW,0.4409208297729492,0.3739362955093384,0.36867648363113403,0.8104185461997986,0.9991486072540283
364,12133,LEFT_WRIST,0.42195066809654236,0.35287487506866455,-0.15429505705833435,0.3162946403026581,0.9998353719711304
364,12133,RIGHT_WRIST,0.3956601917743683,0.3526204228401184,0.272304892539978,0.7637401819229126,0.9997249245643616
364,12133,LEFT_PINKY,0.40747523307800293,0.3548213839530945,-0.15970323979854584,0.2944258749485016,0.9997887015342712
364,12133,RIGHT_PINKY,0.3799733519554138,0.34727218747138977,0.27268773317337036,0.7019686102867126,0.9997124075889587
364,12133,LEFT_INDEX,0.4120701551437378,0.33991169929504395,-0.15738323330879211,0.29116564989089966,0.9998038411140442
364,12133,RIGHT_INDEX,0.3844301104545593,0.3431645333766937,0.2695484757423401,0.6933801770210266,0.999716579914093
364,12133,LEFT_THUMB,0.41452956199645996,0.34577569365501404,-0.14385974407196045,0.2759372591972351,0.9998399019241333
364,12133,RIGHT_THUMB,0.39258936047554016,0.34663599729537964,0.27292439341545105,0.6405166387557983,0.9997707009315491
364,12133,LEFT_HIP,0.50569748878479,0.4948320686817169,-0.1746918261051178,0.9997353553771973,0.9999269247055054
364,12133,RIGHT_HIP,0.474420428276062,0.4935344159603119,0.17495670914649963,0.999617338180542,0.9999332427978516
364,12133,LEFT_KNEE,0.44885000586509705,0.6131831407546997,-0.29452818632125854,0.6906642913818359,0.9999740123748779
364,12133,RIGHT_KNEE,0.3446502685546875,0.5402871966362,0.034463632851839066,0.9756581783294678,0.9999334812164307
364,12133,LEFT_ANKLE,0.47770464420318604,0.747899055480957,-0.3208613395690918,0.8601131439208984,0.9997196793556213
364,12133,RIGHT_ANKLE,0.41714948415756226,0.6737648248672485,0.134621724486351,0.9609352946281433,0.9999605417251587
364,12133,LEFT_HEEL,0.49577629566192627,0.7794347405433655,-0.32813453674316406,0.8862636685371399,0.9994794726371765
364,12133,RIGHT_HEEL,0.4293104112148285,0.6883316040039062,0.13956375420093536,0.961001992225647,0.9999336004257202
364,12133,LEFT_FOOT_INDEX,0.4068842828273773,0.7747248411178589,-0.4703105688095093,0.7689698338508606,0.9987209439277649
364,12133,RIGHT_FOOT_INDEX,0.3534918427467346,0.7203159332275391,0.08901236951351166,0.9469300508499146,0.9997298121452332
365,12167,NOSE,0.43941831588745117,0.2731288969516754,0.019254062324762344,0.9991719722747803,0.9999377727508545
365,12167,LEFT_EYE_INNER,0.44366902112960815,0.2629503011703491,-0.0148428650572896,0.9989220499992371,0.999902606010437
365,12167,LEFT_EYE,0.4449045956134796,0.2623592019081116,-0.014889298938214779,0.9989558458328247,0.9998941421508789
365,12167,LEFT_EYE_OUTER,0.44582006335258484,0.26166221499443054,-0.014960626140236855,0.9991110563278198,0.9998804330825806
365,12167,RIGHT_EYE_INNER,0.44405195116996765,0.26300033926963806,0.03933870419859886,0.9989106059074402,0.9999164342880249
365,12167,RIGHT_EYE,0.44557809829711914,0.2625264823436737,0.03929957002401352,0.9987514019012451,0.9999171495437622
365,12167,RIGHT_EYE_OUTER,0.4467313587665558,0.2619294226169586,0.03922612965106964,0.9987727403640747,0.9999182224273682
365,12167,LEFT_EAR,0.461664617061615,0.26372164487838745,-0.09057391434907913,0.9984281659126282,0.9999120235443115
365,12167,RIGHT_EAR,0.45988935232162476,0.2630596160888672,0.24897681176662445,0.9988574385643005,0.9999271631240845
365,12167,MOUTH_LEFT,0.4464619755744934,0.2817106246948242,-0.004523999523371458,0.9986335635185242,0.999927282333374
365,12167,MOUTH_RIGHT,0.4455241858959198,0.2825349271297455,0.06441739946603775,0.9983276128768921,0.9999079704284668
365,12167,LEFT_SHOULDER,0.5149955153465271,0.3100897967815399,-0.23561567068099976,0.9996960759162903,0.9998606443405151
365,12167,RIGHT_SHOULDER,0.46503549814224243,0.3156147301197052,0.32028183341026306,0.9997237324714661,0.9998140931129456
365,12167,LEFT_ELBOW,0.47360146045684814,0.3829374313354492,-0.29291170835494995,0.7884712815284729,0.9992621541023254
365,12167,RIGHT_ELBOW,0.4372624456882477,0.38596656918525696,0.3253908157348633,0.7515774369239807,0.9992703795433044
365,12167,LEFT_WRIST,0.4072403311729431,0.3495800495147705,-0.09358782321214676,0.3818510174751282,0.9999110698699951
365,12167,RIGHT_WRIST,0.3963850140571594,0.35704919695854187,0.19707642495632172,0.7189110517501831,0.9997912049293518
365,12167,LEFT_PINKY,0.3904355764389038,0.34046056866645813,-0.09366290271282196,0.35989660024642944,0.9998973608016968
365,12167,RIGHT_PINKY,0.37747126817703247,0.35804763436317444,0.195450559258461,0.6616762280464172,0.9997887015342712
365,12167,LEFT_INDEX,0.39744001626968384,0.3308294415473938,-0.08813988417387009,0.35641297698020935,0.9999005794525146
365,12167,RIGHT_INDEX,0.38698965311050415,0.34488460421562195,0.19447335600852966,0.6527765989303589,0.9997890591621399
365,12167,LEFT_THUMB,0.40327414870262146,0.3361949026584625,-0.08093602955341339,0.33842533826828003,0.9999173879623413
365,12167,RIGHT_THUMB,0.39638251066207886,0.34582310914993286,0.19695301353931427,0.6060808897018433,0.9998264908790588
365,12167,LEFT_HIP,0.5136435627937317,0.49448320269584656,-0.17847201228141785,0.9997575283050537,0.999968409538269
365,12167,RIGHT_HIP,0.4655190408229828,0.4897303283214569,0.17866337299346924,0.9996406435966492,0.9999691247940063
365,12167,LEFT_KNEE,0.4487181007862091,0.613280713558197,-0.30153125524520874,0.7214533686637878,0.9999943971633911
365,12167,RIGHT_KNEE,0.3365181088447571,0.517117977142334,0.15218040347099304,0.9741489887237549,0.9999595880508423
365,12167,LEFT_ANKLE,0.479732871055603,0.7522170543670654,-0.35000893473625183,0.8740221858024597,0.9998021721839905
365,12167,RIGHT_ANKLE,0.3993746042251587,0.6481612920761108,0.31059789657592773,0.9599343538284302,0.9999785423278809
365,12167,LEFT_HEEL,0.498834490776062,0.7795508503913879,-0.35845747590065,0.8969722390174866,0.9995881915092468
365,12167,RIGHT_HEEL,0.42184978723526,0.6635136008262634,0.32195255160331726,0.9575061798095703,0.9999673366546631
365,12167,LEFT_FOOT_INDEX,0.40600356459617615,0.7780979871749878,-0.5001798868179321,0.7919502854347229,0.9989610910415649
365,12167,RIGHT_FOOT_INDEX,0.3325476050376892,0.6901675462722778,0.29390233755111694,0.9475820064544678,0.9998812675476074
366,12200,NOSE,0.4345012307167053,0.2761722803115845,-0.01193093229085207,0.9992536902427673,0.999951958656311
366,12200,LEFT_EYE_INNER,0.4396269619464874,0.26546838879585266,-0.04711150377988815,0.9990286231040955,0.9999288320541382
366,12200,LEFT_EYE,0.4411976635456085,0.2647934556007385,-0.04715624824166298,0.99905925989151,0.9999244213104248
366,12200,LEFT_EYE_OUTER,0.44252684712409973,0.2640298306941986,-0.047237858176231384,0.9991991519927979,0.9999172687530518
366,12200,RIGHT_EYE_INNER,0.43887102603912354,0.26546359062194824,0.008504921570420265,0.9990181922912598,0.9999353885650635
366,12200,RIGHT_EYE,0.4401234984397888,0.2648582458496094,0.008487005718052387,0.9988747239112854,0.999935507774353
366,12200,RIGHT_EYE_OUTER,0.4411899149417877,0.2640894055366516,0.008441110141575336,0.9988939166069031,0.9999357461929321
366,12200,LEFT_EAR,0.45787313580513,0.2651931643486023,-0.12082032114267349,0.9985842108726501,0.9999436140060425
366,12200,RIGHT_EAR,0.4541429579257965,0.2642674148082733,0.15669895708560944,0.9989691376686096,0.9999480247497559
366,12200,MOUTH_LEFT,0.4429742395877838,0.2848401665687561,-0.03417178615927696,0.9987672567367554,0.9999476671218872
366,12200,MOUTH_RIGHT,0.44104820489883423,0.2853979170322418,0.036514464765787125,0.998488187789917,0.9999309778213501
366,12200,LEFT_SHOULDER,0.5143764615058899,0.31197625398635864,-0.25459054112434387,0.9997256398200989,0.9999274015426636
366,12200,RIGHT_SHOULDER,0.4607594907283783,0.31488731503486633,0.315677285194397,0.9997124075889587,0.9998944997787476
366,12200,LEFT_ELBOW,0.47137418389320374,0.38728541135787964,-0.272491991519928,0.8081724643707275,0.9994650483131409
366,12200,RIGHT_ELBOW,0.4306090474128723,0.3849499523639679,0.3878084421157837,0.7023177146911621,0.9995519518852234
366,12200,LEFT_WRIST,0.4047653377056122,0.34745046496391296,-0.04552606865763664,0.4409814178943634,0.9999508857727051
366,12200,RIGHT_WRIST,0.3912181258201599,0.35236498713493347,0.31998252868652344,0.6779343485832214,0.9998787641525269
366,12200,LEFT_PINKY,0.3913392722606659,0.3360992670059204,-0.04763675108551979,0.41902029514312744,0.9999434947967529
366,12200,RIGHT_PINKY,0.3689395487308502,0.3446193039417267,0.33307716250419617,0.6235508918762207,0.9998682737350464
366,12200,LEFT_INDEX,0.39743223786354065,0.3272249400615692,-0.06022591143846512,0.41535770893096924,0.9999446868896484
366,12200,RIGHT_INDEX,0.38452035188674927,0.33731400966644287,0.3324350118637085,0.6142517328262329,0.9998670816421509
366,12200,LEFT_THUMB,0.40199190378189087,0.3320291340351105,-0.04842133820056915,0.3951168656349182,0.999955415725708
366,12200,RIGHT_THUMB,0.3933236598968506,0.33810389041900635,0.3136729896068573,0.573002815246582,0.9998941421508789
366,12200,LEFT_HIP,0.5124069452285767,0.49462980031967163,-0.18566438555717468,0.9997791051864624,0.9999837875366211
366,12200,RIGHT_HIP,0.46078696846961975,0.4872369170188904,0.18593370914459229,0.9996660351753235,0.999984622001648
366,12200,LEFT_KNEE,0.4491707980632782,0.6136281490325928,-0.29186445474624634,0.7492324709892273,0.9999979734420776
366,12200,RIGHT_KNEE,0.32924070954322815,0.4971272051334381,0.19210316240787506,0.9742898941040039,0.9999858140945435
366,12200,LEFT_ANKLE,0.4812720715999603,0.7554451823234558,-0.3334624767303467,0.8865808844566345,0.9999011754989624
366,12200,RIGHT_ANKLE,0.3852551281452179,0.6283032298088074,0.3887781500816345,0.9612826704978943,0.9999915361404419
366,12200,LEFT_HEEL,0.502100944519043,0.781517744064331,-0.3409556746482849,0.9069151282310486,0.9997887015342712
366,12200,RIGHT_HEEL,0.4215129613876343,0.646081268787384,0.40363824367523193,0.9576436281204224,0.999987006187439
366,12200,LEFT_FOOT_INDEX,0.40481123328208923,0.7801151275634766,-0.4784015417098999,0.8126933574676514,0.9994099140167236
366,12200,RIGHT_FOOT_INDEX,0.31274375319480896,0.6638097167015076,0.3838772177696228,0.9504103064537048,0.9999485015869141
367,12233,NOSE,0.43282026052474976,0.27734601497650146,-0.041733674705028534,0.9993271231651306,0.9999599456787109
367,12233,LEFT_EYE_INNER,0.43681269884109497,0.2667328715324402,-0.07785214483737946,0.9991244077682495,0.9999443292617798
367,12233,LEFT_EYE,0.43818485736846924,0.2661621570587158,-0.07792259752750397,0.9991523027420044,0.9999427795410156
367,12233,LEFT_EYE_OUTER,0.4392733573913574,0.2655044496059418,-0.07801400125026703,0.9992783665657043,0.9999411106109619
367,12233,RIGHT_EYE_INNER,0.4364612400531769,0.2664620578289032,-0.02306704968214035,0.9991148114204407,0.9999454021453857
367,12233,RIGHT_EYE,0.4378605782985687,0.26574811339378357,-0.023066075518727303,0.9989855289459229,0.9999439716339111
367,12233,RIGHT_EYE_OUTER,0.43898868560791016,0.26485052704811096,-0.02310931496322155,0.9990026354789734,0.999942421913147
367,12233,LEFT_EAR,0.45403674244880676,0.26637303829193115,-0.1513686627149582,0.9987245202064514,0.9999631643295288
367,12233,RIGHT_EAR,0.4521351754665375,0.26492610573768616,0.09945575147867203,0.9990696310997009,0.9999550580978394
367,12233,MOUTH_LEFT,0.44015976786613464,0.2859386205673218,-0.06301824748516083,0.9988877773284912,0.9999593496322632
367,12233,MOUTH_RIGHT,0.43880292773246765,0.28609031438827515,0.006918986327946186,0.9986333250999451,0.9999401569366455
367,12233,LEFT_SHOULDER,0.5133851766586304,0.31273794174194336,-0.27980875968933105,0.9997524619102478,0.9999558925628662
367,12233,RIGHT_SHOULDER,0.4633771479129791,0.3139392137527466,0.2945352792739868,0.9997044801712036,0.9998947381973267
367,12233,LEFT_ELBOW,0.4681693911552429,0.3883816599845886,-0.28131812810897827,0.8258856534957886,0.9995681643486023
367,12233,RIGHT_ELBOW,0.4277080297470093,0.3833870589733124,0.4584924876689911,0.6604426503181458,0.9995695948600769
367,12233,LEFT_WRIST,0.39903077483177185,0.3435995578765869,-0.03421445190906525,0.49416717886924744,0.999962568283081
367,12233,RIGHT_WRIST,0.3887560963630676,0.3489173352718353,0.5082803964614868,0.6399523019790649,0.9998912811279297
367,12233,LEFT_PINKY,0.3873754143714905,0.3286382257938385,-0.031153131276369095,0.47238481044769287,0.999956488609314
367,12233,RIGHT_PINKY,0.37828436493873596,0.33934134244918823,0.5351494550704956,0.5881105661392212,0.9998775720596313
367,12233,LEFT_INDEX,0.39233434200286865,0.3229353129863739,-0.03734380751848221,0.4686647653579712,0.999957799911499
367,12233,RIGHT_INDEX,0.3882531523704529,0.3286448121070862,0.5304725766181946,0.5788137316703796,0.9998791217803955
367,12233,LEFT_THUMB,0.39831238985061646,0.3259173035621643,-0.029346100986003876,0.4466246962547302,0.9999648332595825
367,12233,RIGHT_THUMB,0.391970157623291,0.33454570174217224,0.503631055355072,0.542460024356842,0.9999027252197266
367,12233,LEFT_HIP,0.5095857977867126,0.49609050154685974,-0.1923706978559494,0.9997992515563965,0.9999903440475464
367,12233,RIGHT_HIP,0.4594966173171997,0.48589855432510376,0.19272282719612122,0.9996888041496277,0.9999856948852539
367,12233,LEFT_KNEE,0.44795486330986023,0.6162599325180054,-0.2757367491722107,0.774246335029602,0.9999982118606567
367,12233,RIGHT_KNEE,0.3272813856601715,0.47816428542137146,0.23035746812820435,0.9746258854866028,0.9999819993972778
367,12233,LEFT_ANKLE,0.4822297990322113,0.7568182349205017,-0.3014034032821655,0.8978938460350037,0.9998950958251953
367,12233,RIGHT_ANKLE,0.373003751039505,0.6088463068008423,0.4646257758140564,0.9621555805206299,0.9999901056289673
367,12233,LEFT_HEEL,0.5037946701049805,0.7815438508987427,-0.30643391609191895,0.9159783124923706,0.9997733235359192
367,12233,RIGHT_HEEL,0.4111999571323395,0.6243658661842346,0.4843486547470093,0.9581514000892639,0.9999862909317017
367,12233,LEFT_FOOT_INDEX,0.40302756428718567,0.7809703946113586,-0.44191139936447144,0.831366777420044,0.9993841648101807
367,12233,RIGHT_FOOT_INDEX,0.30275264382362366,0.6430348753929138,0.473519891500473,0.9522479772567749,0.9999501705169678
368,12267,NOSE,0.4337730407714844,0.27700677514076233,-0.05493767559528351,0.9993889927864075,0.9999449253082275
368,12267,LEFT_EYE_INNER,0.4365309178829193,0.2668042778968811,-0.09552435576915741,0.9992050528526306,0.9999282360076904
368,12267,LEFT_EYE,0.4371657371520996,0.2663503885269165,-0.09561771899461746,0.999231219291687,0.999927282333374
368,12267,LEFT_EYE_OUTER,0.43749234080314636,0.2658196985721588,-0.0957232415676117,0.9993455410003662,0.9999263286590576
368,12267,RIGHT_EYE_INNER,0.43773800134658813,0.26619744300842285,-0.04404376074671745,0.9991961717605591,0.9999338388442993
368,12267,RIGHT_EYE,0.4394029676914215,0.26535746455192566,-0.04404865577816963,0.9990789890289307,0.9999352693557739
368,12267,RIGHT_EYE_OUTER,0.44064655900001526,0.2644282579421997,-0.04414793476462364,0.9990934729576111,0.9999356269836426
368,12267,LEFT_EAR,0.4498096704483032,0.2667340636253357,-0.18094250559806824,0.998843789100647,0.9999538660049438
368,12267,RIGHT_EAR,0.45286381244659424,0.26450854539871216,0.05053040012717247,0.9991512894630432,0.9999567270278931
368,12267,MOUTH_LEFT,0.43940964341163635,0.2857155501842499,-0.07921840995550156,0.9989888072013855,0.9999456405639648
368,12267,MOUTH_RIGHT,0.4394809305667877,0.28536301851272583,-0.01335989311337471,0.9987534880638123,0.9999332427978516
368,12267,LEFT_SHOULDER,0.5099149942398071,0.31476086378097534,-0.29869580268859863,0.9997757077217102,0.9999475479125977
368,12267,RIGHT_SHOULDER,0.46800336241722107,0.3111926019191742,0.2516902983188629,0.9997023940086365,0.9999324083328247
368,12267,LEFT_ELBOW,0.4591711461544037,0.3890945315361023,-0.2857391834259033,0.8395472764968872,0.9993773102760315
368,12267,RIGHT_ELBOW,0.4284030497074127,0.37162303924560547,0.4761459529399872,0.6222060918807983,0.9997300505638123
368,12267,LEFT_WRIST,0.3954423666000366,0.34233182668685913,-0.035092756152153015,0.5375678539276123,0.9999130964279175
368,12267,RIGHT_WRIST,0.3905777931213379,0.33692020177841187,0.6161542534828186,0.6078342795372009,0.9999079704284668
368,12267,LEFT_PINKY,0.37975338101387024,0.33106866478919983,-0.02877531573176384,0.5149145722389221,0.999914288520813
368,12267,RIGHT_PINKY,0.3758448362350464,0.33079397678375244,0.653874397277832,0.5588687658309937,0.999882698059082
368,12267,LEFT_INDEX,0.3890431225299835,0.32193297147750854,-0.0330437496304512,0.5109377503395081,0.9999130964279175
368,12267,RIGHT_INDEX,0.3834439516067505,0.3266066610813141,0.6447529196739197,0.5498687028884888,0.9998852014541626
368,12267,LEFT_THUMB,0.3961344063282013,0.32605448365211487,-0.026641910895705223,0.4850893020629883,0.9999237060546875
368,12267,RIGHT_THUMB,0.3916209638118744,0.32495105266571045,0.6129559874534607,0.5176264643669128,0.9999105930328369
368,12267,LEFT_HIP,0.5072959661483765,0.4963134229183197,-0.1911030262708664,0.9998177289962769,0.9999958276748657
368,12267,RIGHT_HIP,0.4622083306312561,0.48492613434791565,0.19147852063179016,0.999710738658905,0.9999942779541016
368,12267,LEFT_KNEE,0.4491499960422516,0.6180775165557861,-0.27563172578811646,0.7967795133590698,0.9999984502792358
368,12267,RIGHT_KNEE,0.3300674557685852,0.45987099409103394,0.2591436505317688,0.974769651889801,0.9999879598617554
368,12267,LEFT_ANKLE,0.48294657468795776,0.7589525580406189,-0.2959359586238861,0.9080866575241089,0.9999160766601562
368,12267,RIGHT_ANKLE,0.36593037843704224,0.5926257371902466,0.5158020257949829,0.9633558392524719,0.9999903440475464
368,12267,LEFT_HEEL,0.5053045153617859,0.7826226949691772,-0.29997384548187256,0.9242122173309326,0.9998214840888977
368,12267,RIGHT_HEEL,0.3989497125148773,0.611225962638855,0.5370127558708191,0.9590684175491333,0.9999876022338867
368,12267,LEFT_FOOT_INDEX,0.40372511744499207,0.7814010381698608,-0.43661263585090637,0.8481823205947876,0.9994785189628601
368,12267,RIGHT_FOOT_INDEX,0.2966735363006592,0.622066855430603,0.5230900645256042,0.9536670446395874,0.9999555349349976
369,12300,NOSE,0.4336520731449127,0.2784534990787506,-0.0728040263056755,0.9994469881057739,0.9999412298202515
369,12300,LEFT_EYE_INNER,0.43585205078125,0.2678111493587494,-0.10762334614992142,0.9992814064025879,0.9999243021011353
369,12300,LEFT_EYE,0.4372517466545105,0.26726895570755005,-0.10772077739238739,0.9993055462837219,0.9999274015426636
369,12300,LEFT_EYE_OUTER,0.4378039240837097,0.2666601240634918,-0.10784615576267242,0.999409019947052,0.9999279975891113
369,12300,RIGHT_EYE_INNER,0.43596452474594116,0.26746344566345215,-0.055921442806720734,0.999272882938385,0.9999196529388428
369,12300,RIGHT_EYE,0.4370311498641968,0.2666841149330139,-0.055907417088747025,0.9991667866706848,0.9999175071716309
369,12300,RIGHT_EYE_OUTER,0.43759578466415405,0.2658415138721466,-0.05595429614186287,0.9991794228553772,0.9999148845672607
369,12300,LEFT_EAR,0.4491223394870758,0.26750990748405457,-0.17090891301631927,0.9989561438560486,0.9999561309814453
369,12300,RIGHT_EAR,0.4476802349090576,0.26553454995155334,0.05889681354165077,0.9992294311523438,0.9999392032623291
369,12300,MOUTH_LEFT,0.44109538197517395,0.2872258126735687,-0.08960946649312973,0.9990841150283813,0.9999507665634155
369,12300,MOUTH_RIGHT,0.438907653093338,0.2871822416782379,-0.02321186661720276,0.9988675713539124,0.999929666519165
369,12300,LEFT_SHOULDER,0.5088462829589844,0.31542372703552246,-0.28588688373565674,0.9997969269752502,0.9999451637268066
369,12300,RIGHT_SHOULDER,0.46413490176200867,0.3107830286026001,0.2757613956928253,0.9996968507766724,0.9999203681945801
369,12300,LEFT_ELBOW,0.45182710886001587,0.3890608251094818,-0.26334115862846375,0.852007269859314,0.999428927898407
369,12300,RIGHT_ELBOW,0.41615357995033264,0.3706265687942505,0.5245325565338135,0.5911563038825989,0.9997090697288513
369,12300,LEFT_WRIST,0.39567047357559204,0.34119611978530884,-0.00730937160551548,0.5766214728355408,0.9999252557754517
369,12300,RIGHT_WRIST,0.3869912624359131,0.33256399631500244,0.6629840731620789,0.58489590883255,0.9999185800552368
369,12300,LEFT_PINKY,0.3827171325683594,0.32737842202186584,0.005577717442065477,0.55349200963974,0.9999229907989502
369,12300,RIGHT_PINKY,0.37115657329559326,0.32691600918769836,0.7019924521446228,0.5384232401847839,0.9998928308486938
369,12300,LEFT_INDEX,0.39108914136886597,0.32110968232154846,-0.006184286437928677,0.5491609573364258,0.9999239444732666
369,12300,RIGHT_INDEX,0.37984535098075867,0.322701096534729,0.6919847130775452,0.529937744140625,0.9998995065689087
369,12300,LEFT_THUMB,0.3961643576622009,0.3237237334251404,0.002042147796601057,0.5203521847724915,0.9999358654022217
369,12300,RIGHT_THUMB,0.3893081843852997,0.32474029064178467,0.6596070528030396,0.501520037651062,0.9999253749847412
369,12300,LEFT_HIP,0.5070955753326416,0.49468475580215454,-0.19223468005657196,0.9998344779014587,0.999993085861206
369,12300,RIGHT_HIP,0.4603278934955597,0.48229944705963135,0.19269520044326782,0.9997321367263794,0.9999905824661255
369,12300,LEFT_KNEE,0.44801926612854004,0.6177104711532593,-0.3004707992076874,0.8170693516731262,0.9999983310699463
369,12300,RIGHT_KNEE,0.3348814845085144,0.4474225640296936,0.21013447642326355,0.9754619002342224,0.9999874830245972
369,12300,LEFT_ANKLE,0.4834291338920593,0.7585036754608154,-0.346235990524292,0.9172613024711609,0.9998476505279541
369,12300,RIGHT_ANKLE,0.3607352375984192,0.5795019865036011,0.3823902904987335,0.9649081230163574,0.9999804496765137
369,12300,LEFT_HEEL,0.505929172039032,0.7824729681015015,-0.3536183834075928,0.93160480260849,0.9996318817138672
369,12300,RIGHT_HEEL,0.3911442458629608,0.6005892157554626,0.3945612609386444,0.9601758718490601,0.9999719858169556
369,12300,LEFT_FOOT_INDEX,0.40397995710372925,0.7816213369369507,-0.4977801442146301,0.8633172512054443,0.9990487694740295
369,12300,RIGHT_FOOT_INDEX,0.2927483022212982,0.6079850196838379,0.3719130754470825,0.9556347131729126,0.9998866319656372
370,12333,NOSE,0.4285823106765747,0.28280988335609436,-0.1286475956439972,0.9995003342628479,0.9999752044677734
370,12333,LEFT_EYE_INNER,0.4316478371620178,0.27132487297058105,-0.15945598483085632,0.9993516206741333,0.9999716281890869
370,12333,LEFT_EYE,0.43374690413475037,0.2707182466983795,-0.1595710813999176,0.9993736743927002,0.999974250793457
370,12333,LEFT_EYE_OUTER,0.43515971302986145,0.2700122594833374,-0.15971960127353668,0.999467134475708,0.999975323677063
370,12333,RIGHT_EYE_INNER,0.4298502206802368,0.27122288942337036,-0.10715838521718979,0.9993434548377991,0.9999648332595825
370,12333,RIGHT_EYE,0.4304111897945404,0.2705627381801605,-0.10714686661958694,0.9992473125457764,0.9999619722366333
370,12333,RIGHT_EYE_OUTER,0.43060165643692017,0.26976945996284485,-0.10717897117137909,0.9992584586143494,0.9999589920043945
370,12333,LEFT_EAR,0.4486439824104309,0.2704226076602936,-0.19829794764518738,0.9990590810775757,0.9999862909317017
370,12333,RIGHT_EAR,0.4406852722167969,0.2692470848560333,0.03569678217172623,0.9993026852607727,0.9999704360961914
370,12333,MOUTH_LEFT,0.437689870595932,0.2919362187385559,-0.13671228289604187,0.9991731643676758,0.999983549118042
370,12333,MOUTH_RIGHT,0.434330016374588,0.29175153374671936,-0.0692535862326622,0.998975932598114,0.9999693632125854
370,12333,LEFT_SHOULDER,0.5089357495307922,0.31773945689201355,-0.29202279448509216,0.9998166561126709,0.9999741315841675
370,12333,RIGHT_SHOULDER,0.4460044503211975,0.3177669048309326,0.27589207887649536,0.9996944069862366,0.99994957447052
370,12333,LEFT_ELBOW,0.449347585439682,0.39090558886528015,-0.2982666790485382,0.8647655248641968,0.9996359348297119
370,12333,RIGHT_ELBOW,0.4080061912536621,0.370749294757843,0.573318600654602,0.5590661764144897,0.9997660517692566
370,12333,LEFT_WRIST,0.3986384868621826,0.33941999077796936,-0.07960501313209534,0.6156600117683411,0.9999724626541138
370,12333,RIGHT_WRIST,0.3852449655532837,0.3379034698009491,0.7346988916397095,0.5673151016235352,0.999935507774353
370,12333,LEFT_PINKY,0.3865210711956024,0.3251078128814697,-0.07571687549352646,0.5929397344589233,0.9999700784683228
370,12333,RIGHT_PINKY,0.3774925172328949,0.3281674385070801,0.776055097579956,0.5234335660934448,0.9999135732650757
370,12333,LEFT_INDEX,0.39583998918533325,0.3199197053909302,-0.09079129993915558,0.5885906219482422,0.9999699592590332
370,12333,RIGHT_INDEX,0.3893420994281769,0.3233886659145355,0.7653670907020569,0.51533043384552,0.9999239444732666
370,12333,LEFT_THUMB,0.4010363817214966,0.32235458493232727,-0.07371239364147186,0.5585240721702576,0.9999758005142212
370,12333,RIGHT_THUMB,0.3946099579334259,0.3258554935455322,0.7320026159286499,0.4911818504333496,0.999943733215332
370,12333,LEFT_HIP,0.5075284242630005,0.49555641412734985,-0.19432701170444489,0.9998498558998108,0.9999942779541016
370,12333,RIGHT_HIP,0.45954981446266174,0.4821094870567322,0.19497334957122803,0.9997528791427612,0.999992847442627
370,12333,LEFT_KNEE,0.4459769129753113,0.6171197891235352,-0.3271212577819824,0.8352882862091064,0.9999982118606567
370,12333,RIGHT_KNEE,0.34195569157600403,0.4418169856071472,0.155334934592247,0.9731893539428711,0.9999876022338867
370,12333,LEFT_ANKLE,0.48375600576400757,0.7587200999259949,-0.38119983673095703,0.9255067110061646,0.9998844861984253
370,12333,RIGHT_ANKLE,0.3616345226764679,0.5759340524673462,0.3124639689922333,0.9646643400192261,0.9999819993972778
370,12333,LEFT_HEEL,0.5065034627914429,0.7821711301803589,-0.3912216126918793,0.9381812214851379,0.9997370839118958
370,12333,RIGHT_HEEL,0.3897640109062195,0.5987170338630676,0.3217398524284363,0.9602558016777039,0.9999749660491943
370,12333,LEFT_FOOT_INDEX,0.4032140374183655,0.7829486131668091,-0.5539871454238892,0.8769304156303406,0.9993882179260254
370,12333,RIGHT_FOOT_INDEX,0.28863146901130676,0.5998018383979797,0.27824127674102783,0.9568958878517151,0.9999152421951294
371,12367,NOSE,0.4230804443359375,0.2854959964752197,-0.09979422390460968,0.9995478987693787,0.9999771118164062
371,12367,LEFT_EYE_INNER,0.42641860246658325,0.2742779850959778,-0.13272128999233246,0.9994147419929504,0.9999737739562988
371,12367,LEFT_EYE,0.428063303232193,0.2736680507659912,-0.1328340470790863,0.9994348883628845,0.999976396560669
371,12367,LEFT_EYE_OUTER,0.4296649098396301,0.27291056513786316,-0.13298915326595306,0.999519407749176,0.999977707862854
371,12367,RIGHT_EYE_INNER,0.4254688620567322,0.27418285608291626,-0.07910411059856415,0.9994068741798401,0.9999675750732422
371,12367,RIGHT_EYE,0.4266316294670105,0.2735426723957062,-0.07907901704311371,0.9993197917938232,0.9999653100967407
371,12367,RIGHT_EYE_OUTER,0.4274641275405884,0.2727491855621338,-0.07911574095487595,0.9993296265602112,0.9999628067016602
371,12367,LEFT_EAR,0.4449775218963623,0.27345550060272217,-0.18728037178516388,0.9991518259048462,0.9999892711639404
371,12367,RIGHT_EAR,0.4396774172782898,0.2726663649082184,0.05087641254067421,0.9993690252304077,0.9999758005142212
371,12367,MOUTH_LEFT,0.4318322539329529,0.29474401473999023,-0.11444704979658127,0.9992530941963196,0.9999876022338867
371,12367,MOUTH_RIGHT,0.4301202595233917,0.2948429584503174,-0.04535049572587013,0.9990732073783875,0.9999761581420898
371,12367,LEFT_SHOULDER,0.5079940557479858,0.31925031542778015,-0.2948998808860779,0.9998345375061035,0.9999812841415405
371,12367,RIGHT_SHOULDER,0.44400209188461304,0.32326701283454895,0.28948384523391724,0.9996922016143799,0.9999582767486572
371,12367,LEFT_ELBOW,0.44983020424842834,0.4017416536808014,-0.3170813024044037,0.8764826655387878,0.9996535778045654
371,12367,RIGHT_ELBOW,0.4060728847980499,0.37084412574768066,0.5913711190223694,0.5234373211860657,0.9997345805168152
371,12367,LEFT_WRIST,0.39795318245887756,0.33958297967910767,-0.10102755576372147,0.6512203812599182,0.9999728202819824
371,12367,RIGHT_WRIST,0.38331499695777893,0.33870986104011536,0.7672580480575562,0.5417537689208984,0.9999175071716309
371,12367,LEFT_PINKY,0.3865627646446228,0.32762038707733154,-0.09801019728183746,0.6288999319076538,0.9999696016311646
371,12367,RIGHT_PINKY,0.37305107712745667,0.32818907499313354,0.8106578588485718,0.501380205154419,0.9998868703842163
371,12367,LEFT_INDEX,0.3938320577144623,0.32103145122528076,-0.11182644963264465,0.6244638562202454,0.9999698400497437
371,12367,RIGHT_INDEX,0.383982390165329,0.3252759575843811,0.8023169636726379,0.4933483302593231,0.999903678894043
371,12367,LEFT_THUMB,0.4003942906856537,0.32473182678222656,-0.09529455751180649,0.5933769941329956,0.9999756813049316
371,12367,RIGHT_THUMB,0.3885125517845154,0.32761716842651367,0.7651371955871582,0.4733425974845886,0.9999299049377441
371,12367,LEFT_HIP,0.5074543356895447,0.4967176616191864,-0.19450145959854126,0.9998637437820435,0.999995231628418
371,12367,RIGHT_HIP,0.460055947303772,0.4818834960460663,0.19510206580162048,0.9997721910476685,0.9999938011169434
371,12367,LEFT_KNEE,0.44418865442276,0.6179802417755127,-0.32213714718818665,0.8516696691513062,0.9999980926513672
371,12367,RIGHT_KNEE,0.34444063901901245,0.44106268882751465,0.1286587417125702,0.9696657657623291,0.999987006187439
371,12367,LEFT_ANKLE,0.4840204119682312,0.7594314217567444,-0.3742836117744446,0.9329171776771545,0.9998456239700317
371,12367,RIGHT_ANKLE,0.36418887972831726,0.5738036036491394,0.2693401873111725,0.9633147716522217,0.9999791383743286
371,12367,LEFT_HEEL,0.507824718952179,0.7823616862297058,-0.3838607370853424,0.9440216422080994,0.9996330738067627
371,12367,RIGHT_HEEL,0.3904547393321991,0.597951352596283,0.2795638144016266,0.9595595002174377,0.9999696016311646
371,12367,LEFT_FOOT_INDEX,0.40531259775161743,0.7831552028656006,-0.541815996170044,0.8891661763191223,0.9991939663887024
371,12367,RIGHT_FOOT_INDEX,0.2893980145454407,0.598543643951416,0.23570989072322845,0.9574794769287109,0.9998904466629028
372,12400,NOSE,0.42323049902915955,0.28703853487968445,-0.11470500379800797,0.9995900988578796,0.9999580383300781
372,12400,LEFT_EYE_INNER,0.42647555470466614,0.2760191857814789,-0.14674857258796692,0.9994708895683289,0.9999556541442871
372,12400,LEFT_EYE,0.4283300042152405,0.2753523588180542,-0.14686556160449982,0.9994895458221436,0.9999600648880005
372,12400,LEFT_EYE_OUTER,0.4298172891139984,0.27456754446029663,-0.14700821042060852,0.9995660781860352,0.9999624490737915
372,12400,RIGHT_EYE_INNER,0.42551207542419434,0.27610349655151367,-0.09352521598339081,0.9994627833366394,0.9999446868896484
372,12400,RIGHT_EYE,0.4265839457511902,0.2755486071109772,-0.093504399061203,0.9993836879730225,0.9999403953552246
372,12400,RIGHT_EYE_OUTER,0.42732638120651245,0.2748667299747467,-0.09352942556142807,0.9993922114372253,0.999936580657959
372,12400,LEFT_EAR,0.44465744495391846,0.27550235390663147,-0.1946161538362503,0.999234676361084,0.9999809265136719
372,12400,RIGHT_EAR,0.4388487935066223,0.27531301975250244,0.04278574138879776,0.9994266033172607,0.9999544620513916
372,12400,MOUTH_LEFT,0.4316481351852417,0.2963870167732239,-0.12685850262641907,0.9993242621421814,0.999980092048645
372,12400,MOUTH_RIGHT,0.4297899305820465,0.2968190908432007,-0.05834733694791794,0.999157726764679,0.999958872795105
372,12400,LEFT_SHOULDER,0.5071161985397339,0.3210946023464203,-0.29459884762763977,0.9998505711555481,0.9999791383743286
372,12400,RIGHT_SHOULDER,0.44285574555397034,0.3284125030040741,0.2828763723373413,0.9996688961982727,0.9999333620071411
372,12400,LEFT_ELBOW,0.45029696822166443,0.3993309438228607,-0.3122006356716156,0.8870287537574768,0.9996664524078369
372,12400,RIGHT_ELBOW,0.41067060828208923,0.3787393867969513,0.5923761129379272,0.4873564839363098,0.9996476173400879
372,12400,LEFT_WRIST,0.3989734947681427,0.3415380120277405,-0.10558159649372101,0.6832494735717773,0.9999762773513794
372,12400,RIGHT_WRIST,0.3841428756713867,0.3449525535106659,0.7695602774620056,0.5183440446853638,0.999894380569458
372,12400,LEFT_PINKY,0.3879339098930359,0.33127614855766296,-0.10190475732088089,0.6610881686210632,0.9999736547470093
372,12400,RIGHT_PINKY,0.37348708510398865,0.3362026810646057,0.8132397532463074,0.4817388355731964,0.9998712539672852
372,12400,LEFT_INDEX,0.39419877529144287,0.324573278427124,-0.11583665758371353,0.6565839052200317,0.9999735355377197
372,12400,RIGHT_INDEX,0.38396933674812317,0.33215317130088806,0.8028247356414795,0.47396501898765564,0.9998857975006104
372,12400,LEFT_THUMB,0.40110325813293457,0.3279533088207245,-0.09975160658359528,0.6245424747467041,0.99997878074646
372,12400,RIGHT_THUMB,0.38831114768981934,0.3342269957065582,0.7669470310211182,0.4574790596961975,0.999914288520813
372,12400,LEFT_HIP,0.5073589086532593,0.4976200759410858,-0.1910606026649475,0.9998762011528015,0.9999958276748657
372,12400,RIGHT_HIP,0.45898526906967163,0.4824051558971405,0.19168713688850403,0.9997885823249817,0.9999933242797852
372,12400,LEFT_KNEE,0.44423434138298035,0.6183633208274841,-0.3053549528121948,0.8664401769638062,0.999998927116394
372,12400,RIGHT_KNEE,0.3439275324344635,0.44775938987731934,0.1589965522289276,0.9690539836883545,0.9999901056289673
372,12400,LEFT_ANKLE,0.4840710461139679,0.7596259117126465,-0.3461504578590393,0.939600944519043,0.9999140501022339
372,12400,RIGHT_ANKLE,0.36652594804763794,0.5778996348381042,0.3194294571876526,0.9639805555343628,0.9999873638153076
372,12400,LEFT_HEEL,0.5081663727760315,0.7822664380073547,-0.35462477803230286,0.9493613839149475,0.9998036026954651
372,12400,RIGHT_HEEL,0.39131975173950195,0.6005295515060425,0.32895323634147644,0.9598185420036316,0.9999827146530151
372,12400,LEFT_FOOT_INDEX,0.40580132603645325,0.7834194302558899,-0.5138686299324036,0.9002049565315247,0.9994731545448303
372,12400,RIGHT_FOOT_INDEX,0.29690396785736084,0.6034242510795593,0.2866547107696533,0.9591808319091797,0.9999337196350098
373,12433,NOSE,0.42624571919441223,0.2895086109638214,-0.11010754853487015,0.9996286630630493,0.9999456405639648
373,12433,LEFT_EYE_INNER,0.4285651445388794,0.2793198525905609,-0.14437957108020782,0.9995213747024536,0.9999411106109619
373,12433,LEFT_EYE,0.4302908182144165,0.27881309390068054,-0.14447006583213806,0.9995388388633728,0.9999463558197021
373,12433,LEFT_EYE_OUTER,0.4314322769641876,0.2782043218612671,-0.14456221461296082,0.9996079802513123,0.9999490976333618
373,12433,RIGHT_EYE_INNER,0.42808181047439575,0.2791832685470581,-0.09091190248727798,0.9995134472846985,0.9999295473098755
373,12433,RIGHT_EYE,0.4290045201778412,0.2786557376384735,-0.09088657051324844,0.999441921710968,0.9999254941940308
373,12433,RIGHT_EYE_OUTER,0.42962032556533813,0.27802979946136475,-0.09092190116643906,0.999448835849762,0.9999226331710815
373,12433,LEFT_EAR,0.4443841576576233,0.27949297428131104,-0.20021618902683258,0.999309241771698,0.9999725818634033
373,12433,RIGHT_EAR,0.44201037287712097,0.27839532494544983,0.03843792527914047,0.9994781017303467,0.9999411106109619
373,12433,MOUTH_LEFT,0.4341472089290619,0.29889100790023804,-0.12516407668590546,0.9993886947631836,0.9999731779098511
373,12433,MOUTH_RIGHT,0.4319619834423065,0.2991273105144501,-0.056467894464731216,0.999234676361084,0.9999489784240723
373,12433,LEFT_SHOULDER,0.5068033337593079,0.32594338059425354,-0.30811262130737305,0.9998650550842285,0.9999790191650391
373,12433,RIGHT_SHOULDER,0.4487047493457794,0.3301166892051697,0.27617010474205017,0.9996569752693176,0.9999316930770874
373,12433,LEFT_ELBOW,0.4512239396572113,0.41055431962013245,-0.3118710517883301,0.8968686461448669,0.999733030796051
373,12433,RIGHT_ELBOW,0.414645791053772,0.3848847448825836,0.5598320960998535,0.46067607402801514,0.9997168183326721
373,12433,LEFT_WRIST,0.40030941367149353,0.351138174533844,-0.10190649330615997,0.7128446102142334,0.999980092048645
373,12433,RIGHT_WRIST,0.38481050729751587,0.34943634271621704,0.7038341164588928,0.5080673098564148,0.9999208450317383
373,12433,LEFT_PINKY,0.388374924659729,0.3409339487552643,-0.10099953413009644,0.6914896965026855,0.9999767541885376
373,12433,RIGHT_PINKY,0.37229007482528687,0.3382731080055237,0.7420343160629272,0.474966436624527,0.9999068975448608
373,12433,LEFT_INDEX,0.3956477642059326,0.33476686477661133,-0.11679505556821823,0.6871241927146912,0.9999774694442749
373,12433,RIGHT_INDEX,0.3785334825515747,0.3358413279056549,0.7288297414779663,0.46756184101104736,0.9999146461486816
373,12433,LEFT_THUMB,0.4017171859741211,0.3365408778190613,-0.09689030796289444,0.6554311513900757,0.9999819993972778
373,12433,RIGHT_THUMB,0.3877904415130615,0.33631637692451477,0.6994709372520447,0.45355069637298584,0.9999336004257202
373,12433,LEFT_HIP,0.508043110370636,0.5017431974411011,-0.19620202481746674,0.9998875856399536,0.9999959468841553
373,12433,RIGHT_HIP,0.46041592955589294,0.48728281259536743,0.19673927128314972,0.9998030066490173,0.9999933242797852
373,12433,LEFT_KNEE,0.4420228898525238,0.618838369846344,-0.30666205286979675,0.8797772526741028,0.9999991655349731
373,12433,RIGHT_KNEE,0.34345871210098267,0.4585198760032654,0.2580968141555786,0.9697827696800232,0.9999889135360718
373,12433,LEFT_ANKLE,0.4843025207519531,0.7591385245323181,-0.34335705637931824,0.9456323385238647,0.9999370574951172
373,12433,RIGHT_ANKLE,0.3669242858886719,0.5886175632476807,0.46123695373535156,0.9656078815460205,0.9999881982803345
373,12433,LEFT_HEEL,0.5086142420768738,0.7817751169204712,-0.3506838381290436,0.9543313980102539,0.9998527765274048
373,12433,RIGHT_HEEL,0.3917352855205536,0.6095266342163086,0.47493916749954224,0.9612289071083069,0.9999850988388062
373,12433,LEFT_FOOT_INDEX,0.40645021200180054,0.7843236327171326,-0.500634491443634,0.9101616144180298,0.9995394945144653
373,12433,RIGHT_FOOT_INDEX,0.29885047674179077,0.6175557971000671,0.4456738233566284,0.9610800743103027,0.999947190284729
374,12467,NOSE,0.4247370660305023,0.290511816740036,-0.10956793278455734,0.9996643662452698,0.9999368190765381
374,12467,LEFT_EYE_INNER,0.4283710718154907,0.28064802289009094,-0.1444893628358841,0.9995676875114441,0.999914288520813
374,12467,LEFT_EYE,0.4293840825557709,0.28034019470214844,-0.14455628395080566,0.9995836615562439,0.9999113082885742
374,12467,LEFT_EYE_OUTER,0.43034929037094116,0.27997952699661255,-0.14462251961231232,0.999646008014679,0.9999079704284668
374,12467,RIGHT_EYE_INNER,0.42861247062683105,0.28026509284973145,-0.09105463325977325,0.9995604753494263,0.999919056892395
374,12467,RIGHT_EYE,0.4296513497829437,0.27974674105644226,-0.09105560183525085,0.9994959831237793,0.9999210834503174
374,12467,RIGHT_EYE_OUTER,0.43032824993133545,0.2791688144207001,-0.09110712260007858,0.9995019435882568,0.9999223947525024
374,12467,LEFT_EAR,0.44104301929473877,0.28274956345558167,-0.204471617937088,0.9993769526481628,0.9999383687973022
374,12467,RIGHT_EAR,0.4420374631881714,0.2808550298213959,0.03251679614186287,0.9995275735855103,0.999947190284729
374,12467,MOUTH_LEFT,0.43337151408195496,0.2998836636543274,-0.1267094761133194,0.9994478821754456,0.9999468326568604
374,12467,MOUTH_RIGHT,0.4320894479751587,0.2997429668903351,-0.05861445516347885,0.99930739402771,0.9999366998672485
374,12467,LEFT_SHOULDER,0.5048953294754028,0.3359222710132599,-0.3084803819656372,0.9998772740364075,0.9999165534973145
374,12467,RIGHT_SHOULDER,0.4518996775150299,0.331123024225235,0.2674969732761383,0.9996644854545593,0.9999462366104126
374,12467,LEFT_ELBOW,0.4572029113769531,0.432184636592865,-0.2879083454608917,0.9044172167778015,0.9988396763801575
374,12467,RIGHT_ELBOW,0.415698379278183,0.3862084150314331,0.5280047655105591,0.43845775723457336,0.9997273087501526
374,12467,LEFT_WRIST,0.40086275339126587,0.3710453510284424,-0.04497427120804787,0.7369224429130554,0.9999203681945801
374,12467,RIGHT_WRIST,0.38047659397125244,0.36393284797668457,0.5906645059585571,0.4874076545238495,0.999900221824646
374,12467,LEFT_PINKY,0.38675451278686523,0.36538273096084595,-0.03681543841958046,0.7148876190185547,0.9999253749847412
374,12467,RIGHT_PINKY,0.3672143816947937,0.3540949523448944,0.6239338517189026,0.4572800099849701,0.9998770952224731
374,12467,LEFT_INDEX,0.395016074180603,0.3561190068721771,-0.04605131596326828,0.7102599740028381,0.9999303817749023
374,12467,RIGHT_INDEX,0.37202689051628113,0.3518790900707245,0.603254497051239,0.45016491413116455,0.9998843669891357
374,12467,LEFT_THUMB,0.4020136594772339,0.35851407051086426,-0.03573007881641388,0.6769140958786011,0.9999397993087769
374,12467,RIGHT_THUMB,0.3826778829097748,0.3525557816028595,0.5806537866592407,0.44000881910324097,0.9999071359634399
374,12467,LEFT_HIP,0.5087394118309021,0.5063501596450806,-0.1937970370054245,0.9998970031738281,0.9999891519546509
374,12467,RIGHT_HIP,0.46135637164115906,0.4916449189186096,0.19416920840740204,0.999815046787262,0.9999924898147583
374,12467,LEFT_KNEE,0.43691110610961914,0.6196727156639099,-0.2907542288303375,0.8917760848999023,0.999997615814209
374,12467,RIGHT_KNEE,0.33637621998786926,0.4682934582233429,0.2273404747247696,0.9710069298744202,0.9999847412109375
374,12467,LEFT_ANKLE,0.484524130821228,0.7585407495498657,-0.30267688632011414,0.95106041431427,0.9999020099639893
374,12467,RIGHT_ANKLE,0.36473652720451355,0.6022797226905823,0.4321284592151642,0.9676567912101746,0.9999895095825195
374,12467,LEFT_HEEL,0.5086560845375061,0.7813762426376343,-0.30398866534233093,0.958817720413208,0.9998007416725159
374,12467,RIGHT_HEEL,0.38928714394569397,0.6250485181808472,0.44607987999916077,0.9634580016136169,0.999985933303833
374,12467,LEFT_FOOT_INDEX,0.4072139859199524,0.7841393351554871,-0.43754562735557556,0.919120192527771,0.9993605017662048
374,12467,RIGHT_FOOT_INDEX,0.29584863781929016,0.6309080123901367,0.4132223427295685,0.9631146788597107,0.9999321699142456
375,12500,NOSE,0.422832727432251,0.2950461208820343,-0.10634276270866394,0.9996975064277649,0.9999799728393555
375,12500,LEFT_EYE_INNER,0.42717012763023376,0.28480494022369385,-0.14231717586517334,0.9996104836463928,0.9999650716781616
375,12500,LEFT_EYE,0.428067684173584,0.28454431891441345,-0.14234495162963867,0.9996249079704285,0.9999611377716064
375,12500,LEFT_EYE_OUTER,0.4287462532520294,0.28426027297973633,-0.14238812029361725,0.9996809959411621,0.9999550580978394
375,12500,RIGHT_EYE_INNER,0.42753565311431885,0.28440773487091064,-0.08644788712263107,0.9996039867401123,0.9999706745147705
375,12500,RIGHT_EYE,0.42874905467033386,0.2839241027832031,-0.08648273348808289,0.9995459318161011,0.999971866607666
375,12500,RIGHT_EYE_OUTER,0.4295765161514282,0.2834019660949707,-0.08650698512792587,0.9995512366294861,0.999972939491272
375,12500,LEFT_EAR,0.4402618408203125,0.28779852390289307,-0.20743396878242493,0.9994389414787292,0.9999688863754272
375,12500,RIGHT_EAR,0.4425800144672394,0.285870224237442,0.03760989382863045,0.9995739459991455,0.9999805688858032
375,12500,MOUTH_LEFT,0.43160128593444824,0.30432289838790894,-0.12591417133808136,0.9995026588439941,0.9999817609786987
375,12500,MOUTH_RIGHT,0.43048161268234253,0.3041398227214813,-0.05517972633242607,0.9993754625320435,0.999980092048645
375,12500,LEFT_SHOULDER,0.5034765601158142,0.34304776787757874,-0.32002055644989014,0.999889075756073,0.9999672174453735
375,12500,RIGHT_SHOULDER,0.4536530375480652,0.3366025686264038,0.2633897662162781,0.9996882081031799,0.9999816417694092
375,12500,LEFT_ELBOW,0.4713676869869232,0.4302983283996582,-0.29857975244522095,0.9132271409034729,0.9995935559272766
375,12500,RIGHT_ELBOW,0.4202313721179962,0.40288472175598145,0.30651384592056274,0.4237704873085022,0.9998894929885864
375,12500,LEFT_WRIST,0.40094074606895447,0.3897942900657654,-0.04268340393900871,0.7614495158195496,0.9999704360961914
375,12500,RIGHT_WRIST,0.3793525695800781,0.3833102583885193,0.1472516655921936,0.4807588458061218,0.9999586343765259
375,12500,LEFT_PINKY,0.38267096877098083,0.3876163065433502,-0.03581615537405014,0.7396547198295593,0.9999687671661377
375,12500,RIGHT_PINKY,0.3621583580970764,0.37871745228767395,0.14936679601669312,0.45176464319229126,0.9999526739120483
375,12500,LEFT_INDEX,0.3905007541179657,0.37776660919189453,-0.03486168757081032,0.7351021766662598,0.9999731779098511
375,12500,RIGHT_INDEX,0.37071236968040466,0.37202906608581543,0.1430666446685791,0.4438123106956482,0.999954342842102
375,12500,LEFT_THUMB,0.3982429504394531,0.378883957862854,-0.02859516441822052,0.7019479870796204,0.9999784231185913
375,12500,RIGHT_THUMB,0.3797873258590698,0.3727993071079254,0.13709333539009094,0.43562179803848267,0.999963641166687
375,12500,LEFT_HIP,0.5104714035987854,0.5130593776702881,-0.19108355045318604,0.9999056458473206,0.9999902248382568
375,12500,RIGHT_HIP,0.4614733159542084,0.49806714057922363,0.19131211936473846,0.9998285174369812,0.999995231628418
375,12500,LEFT_KNEE,0.43297386169433594,0.6200453042984009,-0.288829505443573,0.9025754928588867,0.9999979734420776
375,12500,RIGHT_KNEE,0.3339526653289795,0.5034193992614746,0.21831993758678436,0.9720472097396851,0.9999899864196777
375,12500,LEFT_ANKLE,0.4845971465110779,0.757886528968811,-0.23320306837558746,0.9559410810470581,0.9999455213546753
375,12500,RIGHT_ANKLE,0.3592366874217987,0.6345785856246948,0.44444358348846436,0.9696484208106995,0.9999927282333374
375,12500,LEFT_HEEL,0.5086274147033691,0.7803045511245728,-0.23095442354679108,0.9628225564956665,0.9999006986618042
375,12500,RIGHT_HEEL,0.3773023188114166,0.6587073802947998,0.4603593051433563,0.9653340578079224,0.9999898672103882
375,12500,LEFT_FOOT_INDEX,0.4081517159938812,0.7838118076324463,-0.35149696469306946,0.9271754026412964,0.9996678829193115
375,12500,RIGHT_FOOT_INDEX,0.285950243473053,0.6602583527565002,0.4254930913448334,0.9652139544487,0.999955415725708
376,12533,NOSE,0.41970738768577576,0.3006811738014221,-0.13031107187271118,0.9997241497039795,0.9999431371688843
376,12533,LEFT_EYE_INNER,0.4242510199546814,0.289243221282959,-0.16318054497241974,0.9996459484100342,0.9999281167984009
376,12533,LEFT_EYE,0.4253876507282257,0.2888529598712921,-0.16324448585510254,0.9996589422225952,0.9999233484268188
376,12533,LEFT_EYE_OUTER,0.4261940121650696,0.2884661853313446,-0.16328200697898865,0.9997100830078125,0.999915599822998
376,12533,RIGHT_EYE_INNER,0.4238097667694092,0.28891468048095703,-0.10708040744066238,0.9996396899223328,0.9999364614486694
376,12533,RIGHT_EYE,0.4249041974544525,0.2883479595184326,-0.10710306465625763,0.9995871186256409,0.9999395608901978
376,12533,RIGHT_EYE_OUTER,0.4256781339645386,0.28772494196891785,-0.10712622106075287,0.9995917081832886,0.9999412298202515
376,12533,LEFT_EAR,0.4391224682331085,0.29241278767585754,-0.21625973284244537,0.9994927048683167,0.9999371767044067
376,12533,RIGHT_EAR,0.43816980719566345,0.2903958559036255,0.03237593173980713,0.9996089339256287,0.9999552965164185
376,12533,MOUTH_LEFT,0.4283617436885834,0.3095463812351227,-0.14494267106056213,0.9995500445365906,0.9999690055847168
376,12533,MOUTH_RIGHT,0.4254789650440216,0.3097173571586609,-0.0731184333562851,0.9994302988052368,0.9999629259109497
376,12533,LEFT_SHOULDER,0.502053439617157,0.35092660784721375,-0.32253339886665344,0.9998996257781982,0.999963641166687
376,12533,RIGHT_SHOULDER,0.4498096704483032,0.3491227626800537,0.26274242997169495,0.9996950030326843,0.9999593496322632
376,12533,LEFT_ELBOW,0.47739720344543457,0.4380764961242676,-0.37677574157714844,0.9213230013847351,0.9995623230934143
376,12533,RIGHT_ELBOW,0.4284681975841522,0.42124679684638977,0.3349367082118988,0.391696572303772,0.9997914433479309
376,12533,LEFT_WRIST,0.390328973531723,0.4185619354248047,-0.27417227625846863,0.7842246294021606,0.999924898147583
376,12533,RIGHT_WRIST,0.3743424713611603,0.4131796956062317,0.182532399892807,0.46373748779296875,0.9998483657836914
376,12533,LEFT_PINKY,0.36635467410087585,0.4197593331336975,-0.30284780263900757,0.7635437846183777,0.9999277591705322
376,12533,RIGHT_PINKY,0.35478904843330383,0.4103306233882904,0.1784416139125824,0.43901512026786804,0.9998517036437988
376,12533,LEFT_INDEX,0.37013012170791626,0.40712684392929077,-0.29465845227241516,0.7592760920524597,0.9999366998672485
376,12533,RIGHT_INDEX,0.35370224714279175,0.4032278060913086,0.146995410323143,0.4319504201412201,0.9998570680618286
376,12533,LEFT_THUMB,0.3778444826602936,0.40640315413475037,-0.26269519329071045,0.7267324924468994,0.9999456405639648
376,12533,RIGHT_THUMB,0.3626158833503723,0.4050880968570709,0.16248038411140442,0.42506134510040283,0.9998795986175537
376,12533,LEFT_HIP,0.5116817951202393,0.5194003582000732,-0.1884239763021469,0.9999110102653503,0.9999598264694214
376,12533,RIGHT_HIP,0.4620678722858429,0.5047203898429871,0.18871180713176727,0.9998289346694946,0.9999754428863525
376,12533,LEFT_KNEE,0.42813804745674133,0.6208252310752869,-0.2923378050327301,0.91225665807724,0.9999959468841553
376,12533,RIGHT_KNEE,0.33564886450767517,0.5320557951927185,0.20339158177375793,0.9716005325317383,0.9999768733978271
376,12533,LEFT_ANKLE,0.48398929834365845,0.7568698525428772,-0.2534516155719757,0.9603169560432434,0.9999517202377319
376,12533,RIGHT_ANKLE,0.3390941023826599,0.6645463705062866,0.39059188961982727,0.9713072180747986,0.9999892711639404
376,12533,LEFT_HEEL,0.5089669823646545,0.7792818546295166,-0.2555001974105835,0.9662546515464783,0.9999079704284668
376,12533,RIGHT_HEEL,0.35792890191078186,0.6903694272041321,0.40474817156791687,0.966282844543457,0.999984860420227
376,12533,LEFT_FOOT_INDEX,0.4091072380542755,0.7837541103363037,-0.38419589400291443,0.9343982934951782,0.9997552037239075
376,12533,RIGHT_FOOT_INDEX,0.2646470367908478,0.6887470483779907,0.36156290769577026,0.9674487113952637,0.9999489784240723
377,12567,NOSE,0.4168575406074524,0.3115980327129364,-0.15889553725719452,0.9997179508209229,0.9997043013572693
377,12567,LEFT_EYE_INNER,0.42264583706855774,0.29956120252609253,-0.1888517588376999,0.9996411204338074,0.9996752738952637
377,12567,LEFT_EYE,0.4240568280220032,0.2991251051425934,-0.18893016874790192,0.9996570348739624,0.999651312828064
377,12567,LEFT_EYE_OUTER,0.42509767413139343,0.29871004819869995,-0.18896926939487457,0.9997061491012573,0.9996302127838135
377,12567,RIGHT_EYE_INNER,0.4219036400318146,0.29930323362350464,-0.13341772556304932,0.9996362328529358,0.9997400641441345
377,12567,RIGHT_EYE,0.42311790585517883,0.2986871898174286,-0.13341721892356873,0.9995911121368408,0.999765932559967
377,12567,RIGHT_EYE_OUTER,0.4240875244140625,0.29800254106521606,-0.13351744413375854,0.9995947480201721,0.9997838139533997
377,12567,LEFT_EAR,0.4395564794540405,0.30291494727134705,-0.24354630708694458,0.9995071291923523,0.999678373336792
377,12567,RIGHT_EAR,0.4384896457195282,0.3006626069545746,0.0057391091249883175,0.9995838403701782,0.9998291730880737
377,12567,MOUTH_LEFT,0.4260493218898773,0.3204456865787506,-0.1749342530965805,0.9995718598365784,0.9998327493667603
377,12567,MOUTH_RIGHT,0.4235245883464813,0.32031887769699097,-0.10293969511985779,0.9994187355041504,0.9998364448547363
377,12567,LEFT_SHOULDER,0.5019410848617554,0.3650476932525635,-0.33850955963134766,0.9999074935913086,0.999835729598999
377,12567,RIGHT_SHOULDER,0.44809621572494507,0.3596745431423187,0.2039901614189148,0.9996755719184875,0.9999204874038696
377,12567,LEFT_ELBOW,0.4792381823062897,0.45530182123184204,-0.3991588354110718,0.9284076690673828,0.9985427856445312
377,12567,RIGHT_ELBOW,0.43430960178375244,0.4393117427825928,0.27578192949295044,0.3647850453853607,0.999657392501831
377,12567,LEFT_WRIST,0.37980741262435913,0.44535642862319946,-0.36302313208580017,0.8037026524543762,0.9997021555900574
377,12567,RIGHT_WRIST,0.3810734152793884,0.4707832336425781,0.10235769301652908,0.4408146142959595,0.999352753162384
377,12567,LEFT_PINKY,0.3484518229961395,0.4518030285835266,-0.41229331493377686,0.7832608819007874,0.9997785687446594
377,12567,RIGHT_PINKY,0.36453157663345337,0.4772683382034302,0.08597411215305328,0.4180859625339508,0.9993932247161865
377,12567,LEFT_INDEX,0.35235923528671265,0.43825218081474304,-0.3993995189666748,0.7791773080825806,0.9997978806495667
377,12567,RIGHT_INDEX,0.3646785318851471,0.47103792428970337,0.0390782468020916,0.41228193044662476,0.9994068145751953
377,12567,LEFT_THUMB,0.361683189868927,0.43592602014541626,-0.35429346561431885,0.745244026184082,0.9998061060905457
377,12567,RIGHT_THUMB,0.3718020021915436,0.46891844272613525,0.07584960013628006,0.4057821035385132,0.9994470477104187
377,12567,LEFT_HIP,0.5148802399635315,0.5265560150146484,-0.18469369411468506,0.999906063079834,0.999797523021698
377,12567,RIGHT_HIP,0.46240493655204773,0.5124579071998596,0.18501201272010803,0.9997856616973877,0.999891996383667
377,12567,LEFT_KNEE,0.42456164956092834,0.6221374273300171,-0.2928520441055298,0.9209428429603577,0.9999873638153076
377,12567,RIGHT_KNEE,0.3372122347354889,0.5635619163513184,0.20282530784606934,0.967721700668335,0.9999247789382935
377,12567,LEFT_ANKLE,0.48343220353126526,0.7567058205604553,-0.25733721256256104,0.9642444252967834,0.9998893737792969
377,12567,RIGHT_ANKLE,0.3207632899284363,0.6855736970901489,0.3779500424861908,0.9721131324768066,0.9999713897705078
377,12567,LEFT_HEEL,0.509638786315918,0.7791799902915955,-0.2631305158138275,0.9691980481147766,0.9997780919075012
377,12567,RIGHT_HEEL,0.3358652889728546,0.7148710489273071,0.38859546184539795,0.9662981033325195,0.999962568283081
377,12567,LEFT_FOOT_INDEX,0.4097444415092468,0.7836392521858215,-0.42169347405433655,0.9408556222915649,0.9995003938674927
377,12567,RIGHT_FOOT_INDEX,0.24632376432418823,0.7097731828689575,0.3398410677909851,0.9688806533813477,0.9999074935913086
378,12600,NOSE,0.4181702435016632,0.3224606215953827,-0.17113333940505981,0.999722421169281,0.9998199343681335
378,12600,LEFT_EYE_INNER,0.4239391088485718,0.31126904487609863,-0.19801661372184753,0.9996423721313477,0.9997870326042175
378,12600,LEFT_EYE,0.42530810832977295,0.31106218695640564,-0.1980673223733902,0.999658465385437,0.9997710585594177
378,12600,LEFT_EYE_OUTER,0.4263301491737366,0.31081637740135193,-0.19806794822216034,0.9997076392173767,0.9997562766075134
378,12600,RIGHT_EYE_INNER,0.42320266366004944,0.31076228618621826,-0.14464719593524933,0.9996349811553955,0.99982088804245
378,12600,RIGHT_EYE,0.4243173897266388,0.3101801574230194,-0.14467842876911163,0.9995951056480408,0.9998360872268677
378,12600,RIGHT_EYE_OUTER,0.42532920837402344,0.3094053864479065,-0.14480170607566833,0.999602735042572,0.9998489618301392
378,12600,LEFT_EAR,0.44028228521347046,0.3159397840499878,-0.24591957032680511,0.9995241165161133,0.9997878670692444
378,12600,RIGHT_EAR,0.43944230675697327,0.3125220537185669,-0.006388920359313488,0.9995552897453308,0.9998816251754761
378,12600,MOUTH_LEFT,0.4269740581512451,0.3320392668247223,-0.18541395664215088,0.9995995163917542,0.9999053478240967
378,12600,MOUTH_RIGHT,0.4244481027126312,0.33155372738838196,-0.116227887570858,0.9994338750839233,0.9999090433120728
378,12600,LEFT_SHOULDER,0.5019223093986511,0.38032859563827515,-0.3452173173427582,0.9999150633811951,0.9999125003814697
378,12600,RIGHT_SHOULDER,0.445671021938324,0.370078444480896,0.18347418308258057,0.999688446521759,0.999964714050293
378,12600,LEFT_ELBOW,0.4820198714733124,0.46154025197029114,-0.4237797260284424,0.9351202249526978,0.9994028806686401
378,12600,RIGHT_ELBOW,0.42727261781692505,0.4456927180290222,0.2727475166320801,0.35678577423095703,0.9998682737350464
378,12600,LEFT_WRIST,0.38297444581985474,0.49388566613197327,-0.4245431125164032,0.8223214745521545,0.9998045563697815
378,12600,RIGHT_WRIST,0.3518744111061096,0.4749900996685028,0.11067304015159607,0.44992202520370483,0.9995753169059753
378,12600,LEFT_PINKY,0.3587477505207062,0.497811496257782,-0.47916629910469055,0.8029099702835083,0.999784529209137
378,12600,RIGHT_PINKY,0.3300636112689972,0.4896164536476135,0.09309633821249008,0.42414191365242004,0.9994524121284485
378,12600,LEFT_INDEX,0.3574916422367096,0.48817551136016846,-0.4774034321308136,0.7990891337394714,0.9997976422309875
378,12600,RIGHT_INDEX,0.32541584968566895,0.4810250401496887,0.03807986527681351,0.4205572009086609,0.9994662404060364
378,12600,LEFT_THUMB,0.36363258957862854,0.48394691944122314,-0.42147716879844666,0.7661079168319702,0.9998261332511902
378,12600,RIGHT_THUMB,0.33697614073753357,0.48463648557662964,0.08074425160884857,0.4157918095588684,0.9995412826538086
378,12600,LEFT_HIP,0.5158020853996277,0.5312697291374207,-0.17670156061649323,0.9999058842658997,0.9998095631599426
378,12600,RIGHT_HIP,0.46272480487823486,0.5178011655807495,0.17677132785320282,0.9997823238372803,0.9999135732650757
378,12600,LEFT_KNEE,0.41955673694610596,0.6243504285812378,-0.29085150361061096,0.9287151098251343,0.999972939491272
378,12600,RIGHT_KNEE,0.3439028263092041,0.5890501737594604,0.11598409712314606,0.963654100894928,0.9999039173126221
378,12600,LEFT_ANKLE,0.4820574223995209,0.7564804553985596,-0.25775447487831116,0.9677425026893616,0.9998749494552612
378,12600,RIGHT_ANKLE,0.2973414957523346,0.7059603929519653,0.2331877052783966,0.9728144407272339,0.9999409914016724
378,12600,LEFT_HEEL,0.5103284120559692,0.7792266607284546,-0.26270318031311035,0.9714289903640747,0.999754011631012
378,12600,RIGHT_HEEL,0.30970630049705505,0.7364513874053955,0.23639579117298126,0.9658966064453125,0.9999090433120728
378,12600,LEFT_FOOT_INDEX,0.4100269079208374,0.7844521999359131,-0.41235730051994324,0.9465763568878174,0.9994916915893555
378,12600,RIGHT_FOOT_INDEX,0.2231912463903427,0.7261983752250671,0.1493048071861267,0.9701796174049377,0.9997949004173279
379,12633,NOSE,0.41821780800819397,0.33585280179977417,-0.21887196600437164,0.999724268913269,0.9999017715454102
379,12633,LEFT_EYE_INNER,0.4243565797805786,0.3261520266532898,-0.24275681376457214,0.9996415972709656,0.9998787641525269
379,12633,LEFT_EYE,0.4258095324039459,0.3259371221065521,-0.24278298020362854,0.9996574521064758,0.9998749494552612
379,12633,LEFT_EYE_OUTER,0.42691516876220703,0.3256671726703644,-0.24277518689632416,0.9997091889381409,0.9998718500137329
379,12633,RIGHT_EYE_INNER,0.42349663376808167,0.3256903290748596,-0.19389164447784424,0.9996248483657837,0.9998880624771118
379,12633,RIGHT_EYE,0.42466235160827637,0.32513973116874695,-0.19395415484905243,0.9995890259742737,0.9998959302902222
379,12633,RIGHT_EYE_OUTER,0.4257103204727173,0.3244362473487854,-0.19407117366790771,0.9996055364608765,0.9999008178710938
379,12633,LEFT_EAR,0.4408351480960846,0.32979053258895874,-0.28259211778640747,0.9995405673980713,0.9999039173126221
379,12633,RIGHT_EAR,0.4401630461215973,0.3267473578453064,-0.06435997039079666,0.9995386600494385,0.9999340772628784
379,12633,MOUTH_LEFT,0.42698612809181213,0.3457881808280945,-0.230605348944664,0.9996234178543091,0.9999655485153198
379,12633,MOUTH_RIGHT,0.4245140850543976,0.34506744146347046,-0.16752313077449799,0.9994550943374634,0.999964714050293
379,12633,LEFT_SHOULDER,0.49907004833221436,0.3938232958316803,-0.37916073203086853,0.9999224543571472,0.9999637603759766
379,12633,RIGHT_SHOULDER,0.4451466202735901,0.38202404975891113,0.13076508045196533,0.9997116327285767,0.9999910593032837
379,12633,LEFT_ELBOW,0.4810345470905304,0.474935382604599,-0.46665623784065247,0.9409992694854736,0.9996519088745117
379,12633,RIGHT_ELBOW,0.4056427478790283,0.4471259117126465,0.24740859866142273,0.37441715598106384,0.9999597072601318
379,12633,LEFT_WRIST,0.39539673924446106,0.5329532623291016,-0.4837747812271118,0.8387984037399292,0.9997811913490295
379,12633,RIGHT_WRIST,0.320002943277359,0.4784456491470337,0.12837332487106323,0.47959408164024353,0.9998155236244202
379,12633,LEFT_PINKY,0.3766058385372162,0.5496736168861389,-0.5382853150367737,0.8201426267623901,0.9996989965438843
379,12633,RIGHT_PINKY,0.2963486313819885,0.4890204071998596,0.11816928535699844,0.4500497281551361,0.9996862411499023
379,12633,LEFT_INDEX,0.36215829849243164,0.5464792847633362,-0.5430809855461121,0.8165655732154846,0.9997041821479797
379,12633,RIGHT_INDEX,0.2915745675563812,0.48740169405937195,0.06159614399075508,0.4490925073623657,0.9997005462646484
379,12633,LEFT_THUMB,0.3681059777736664,0.5385554432868958,-0.4844062328338623,0.7842548489570618,0.9997565150260925
379,12633,RIGHT_THUMB,0.3023865520954132,0.4843643605709076,0.09914593398571014,0.4453531801700592,0.9997730851173401
379,12633,LEFT_HIP,0.5157825350761414,0.5403645634651184,-0.16311801970005035,0.9999088644981384,0.999902606010437
379,12633,RIGHT_HIP,0.46547773480415344,0.5240843296051025,0.16300296783447266,0.9997961521148682,0.9999676942825317
379,12633,LEFT_KNEE,0.41060611605644226,0.6287627220153809,-0.24459241330623627,0.9355090856552124,0.9999607801437378
379,12633,RIGHT_KNEE,0.3475538492202759,0.6005780100822449,0.006051437463611364,0.9595234394073486,0.9999353885650635
379,12633,LEFT_ANKLE,0.4804360270500183,0.7563565373420715,-0.1663389950990677,0.9707492589950562,0.9997854828834534
379,12633,RIGHT_ANKLE,0.28150197863578796,0.7114914655685425,0.05724841356277466,0.9722592830657959,0.9999169111251831
379,12633,LEFT_HEEL,0.510165810585022,0.7789117097854614,-0.16505788266658783,0.972317636013031,0.9995647072792053
379,12633,RIGHT_HEEL,0.29394838213920593,0.7400099635124207,0.05527437850832939,0.9626111388206482,0.9998562335968018
379,12633,LEFT_FOOT_INDEX,0.410317987203598,0.7852919697761536,-0.2908932864665985,0.9514167904853821,0.9993526339530945
379,12633,RIGHT_FOOT_INDEX,0.21140515804290771,0.7360253930091858,-0.038531530648469925,0.9705060720443726,0.9996496438980103
380,12667,NOSE,0.4187386631965637,0.3462595045566559,-0.2916024923324585,0.9997326731681824,0.9999152421951294
380,12667,LEFT_EYE_INNER,0.42490512132644653,0.3369130790233612,-0.3160114288330078,0.9996455907821655,0.9998868703842163
380,12667,LEFT_EYE,0.42635053396224976,0.33688902854919434,-0.31602659821510315,0.9996628165245056,0.999895453453064
380,12667,LEFT_EYE_OUTER,0.42744165658950806,0.3368226885795593,-0.3160507380962372,0.9997146129608154,0.9999021291732788
380,12667,RIGHT_EYE_INNER,0.42417144775390625,0.3361130654811859,-0.26901423931121826,0.9996135234832764,0.9998719692230225
380,12667,RIGHT_EYE,0.425350546836853,0.3355464041233063,-0.2690892517566681,0.9995800256729126,0.9998769760131836
380,12667,RIGHT_EYE_OUTER,0.426375150680542,0.33490803837776184,-0.26918864250183105,0.9996026754379272,0.9998784065246582
380,12667,LEFT_EAR,0.4412623345851898,0.3409617841243744,-0.3543528616428375,0.9995638728141785,0.9999426603317261
380,12667,RIGHT_EAR,0.4407103955745697,0.33807653188705444,-0.14449070394039154,0.9995267987251282,0.9999244213104248
380,12667,MOUTH_LEFT,0.4272639751434326,0.356624573469162,-0.30211174488067627,0.9996511936187744,0.999977707862854
380,12667,MOUTH_RIGHT,0.4249534010887146,0.3562396466732025,-0.24125029146671295,0.9994862079620361,0.9999711513519287
380,12667,LEFT_SHOULDER,0.49806517362594604,0.40763339400291443,-0.4425884187221527,0.9999297857284546,0.9999879598617554
380,12667,RIGHT_SHOULDER,0.43951478600502014,0.3965749442577362,0.0533423125743866,0.9997367858886719,0.9999960660934448
380,12667,LEFT_ELBOW,0.48078301548957825,0.4918924868106842,-0.5343635082244873,0.9465131759643555,0.9998170733451843
380,12667,RIGHT_ELBOW,0.3804777264595032,0.4526323676109314,0.16215480864048004,0.42168739438056946,0.9999849796295166
380,12667,LEFT_WRIST,0.4258439242839813,0.5666514039039612,-0.5635789036750793,0.8541449904441833,0.9998806715011597
380,12667,RIGHT_WRIST,0.29484179615974426,0.48605743050575256,0.0635884627699852,0.5237874388694763,0.9999059438705444
380,12667,LEFT_PINKY,0.41874828934669495,0.5887099504470825,-0.6249864101409912,0.8365914225578308,0.9997888207435608
380,12667,RIGHT_PINKY,0.26732972264289856,0.49549248814582825,0.05669266730546951,0.49273261427879333,0.9997785687446594
380,12667,LEFT_INDEX,0.4062236547470093,0.58631831407547,-0.6320624947547913,0.8333155512809753,0.9997932314872742
380,12667,RIGHT_INDEX,0.26432785391807556,0.493759423494339,-0.0018437898252159357,0.493141233921051,0.9997937083244324
380,12667,LEFT_THUMB,0.4074763357639313,0.58014315366745,-0.5666126012802124,0.8028145432472229,0.9998445510864258
380,12667,RIGHT_THUMB,0.27483057975769043,0.49105048179626465,0.034338630735874176,0.49012330174446106,0.9998610019683838
380,12667,LEFT_HIP,0.5169296264648438,0.5517852306365967,-0.15851888060569763,0.9999119639396667,0.9999278783798218
380,12667,RIGHT_HIP,0.47535043954849243,0.5377728343009949,0.158439040184021,0.999809205532074,0.9999706745147705
380,12667,LEFT_KNEE,0.3976784646511078,0.6350283622741699,-0.24827241897583008,0.9415944814682007,0.9999356269836426
380,12667,RIGHT_KNEE,0.3671889007091522,0.6222459673881531,0.03248687461018562,0.9520348310470581,0.9999113082885742
380,12667,LEFT_ANKLE,0.4782053828239441,0.75621497631073,-0.1147986352443695,0.9733820557594299,0.9997064471244812
380,12667,RIGHT_ANKLE,0.2800886929035187,0.7190663814544678,0.12942063808441162,0.9703359007835388,0.9997802376747131
380,12667,LEFT_HEEL,0.5081357359886169,0.7772195935249329,-0.10626844316720963,0.9732356071472168,0.9994361996650696
380,12667,RIGHT_HEEL,0.29217562079429626,0.7476779222488403,0.13280916213989258,0.9578837156295776,0.9996194839477539
380,12667,LEFT_FOOT_INDEX,0.4105633795261383,0.7863956093788147,-0.20729216933250427,0.955647349357605,0.9991955161094666
380,12667,RIGHT_FOOT_INDEX,0.21015597879886627,0.7377205491065979,0.0479435920715332,0.9692294597625732,0.9992222785949707
381,12700,NOSE,0.41927793622016907,0.35311654210090637,-0.3029758334159851,0.9997334480285645,0.9998679161071777
381,12700,LEFT_EYE_INNER,0.425270676612854,0.34387657046318054,-0.3318026661872864,0.9996408820152283,0.9998230338096619
381,12700,LEFT_EYE,0.4266192615032196,0.34415292739868164,-0.33177316188812256,0.9996638298034668,0.9998323917388916
381,12700,LEFT_EYE_OUTER,0.42755916714668274,0.34444910287857056,-0.3317658305168152,0.9997119307518005,0.9998384714126587
381,12700,RIGHT_EYE_INNER,0.42451801896095276,0.3427029550075531,-0.28203314542770386,0.9995830059051514,0.9998273253440857
381,12700,RIGHT_EYE,0.4256015419960022,0.34221065044403076,-0.2821139097213745,0.9995639324188232,0.9998453855514526
381,12700,RIGHT_EYE_OUTER,0.42659005522727966,0.3417489230632782,-0.282219260931015,0.9995890259742737,0.9998506307601929
381,12700,LEFT_EAR,0.44097402691841125,0.34985533356666565,-0.3849416673183441,0.9995738863945007,0.999907374382019
381,12700,RIGHT_EAR,0.44088709354400635,0.3462582528591156,-0.16364717483520508,0.9995118975639343,0.9999110698699951
381,12700,MOUTH_LEFT,0.42664074897766113,0.3642340898513794,-0.3187808096408844,0.9996669888496399,0.9999579191207886
381,12700,MOUTH_RIGHT,0.42522355914115906,0.3637301027774811,-0.25448668003082275,0.9994943141937256,0.999950647354126
381,12700,LEFT_SHOULDER,0.49374714493751526,0.42059239745140076,-0.45984509587287903,0.9999358057975769,0.9999699592590332
381,12700,RIGHT_SHOULDER,0.43458789587020874,0.40469369292259216,0.018067143857479095,0.9997565150260925,0.9999943971633911
381,12700,LEFT_ELBOW,0.48384082317352295,0.505571186542511,-0.5380851626396179,0.9505248665809631,0.9995519518852234
381,12700,RIGHT_ELBOW,0.3659905791282654,0.4513409435749054,0.12062881141901016,0.4714047908782959,0.9999850988388062
381,12700,LEFT_WRIST,0.4649248421192169,0.5923908352851868,-0.5690420866012573,0.8664129972457886,0.9997517466545105
381,12700,RIGHT_WRIST,0.27889135479927063,0.4805015027523041,0.05775504931807518,0.5669761300086975,0.999927282333374
381,12700,LEFT_PINKY,0.4656904637813568,0.6151881217956543,-0.6294296979904175,0.8487728238105774,0.9996436834335327
381,12700,RIGHT_PINKY,0.2512054443359375,0.488948792219162,0.060449931770563126,0.5354640483856201,0.9998036026954651
381,12700,LEFT_INDEX,0.4554938077926636,0.6132851243019104,-0.6378458738327026,0.8457074165344238,0.999646782875061
381,12700,RIGHT_INDEX,0.2497158944606781,0.4887329936027527,0.004392525181174278,0.536759614944458,0.999817430973053
381,12700,LEFT_THUMB,0.4545188546180725,0.6068529486656189,-0.5737340450286865,0.8153112530708313,0.9997172951698303
381,12700,RIGHT_THUMB,0.2596288323402405,0.48781946301460266,0.03088662214577198,0.5342720150947571,0.9998799562454224
381,12700,LEFT_HIP,0.5170519351959229,0.561019778251648,-0.15876805782318115,0.9999135732650757,0.9999188184738159
381,12700,RIGHT_HIP,0.47966068983078003,0.5429515242576599,0.15870429575443268,0.999812662601471,0.9999682903289795
381,12700,LEFT_KNEE,0.4033481180667877,0.6391221880912781,-0.2753346264362335,0.9472327828407288,0.9999423027038574
381,12700,RIGHT_KNEE,0.3679090738296509,0.6370307207107544,0.10566689074039459,0.9474737048149109,0.9998873472213745
381,12700,LEFT_ANKLE,0.4754635989665985,0.756202220916748,-0.17537793517112732,0.9759235978126526,0.9996936321258545
381,12700,RIGHT_ANKLE,0.29217827320098877,0.7272229194641113,0.24835315346717834,0.9680173993110657,0.9998018145561218
381,12700,LEFT_HEEL,0.5031472444534302,0.777611494064331,-0.17200177907943726,0.9749658107757568,0.9993587136268616
381,12700,RIGHT_HEEL,0.3080587089061737,0.7514633536338806,0.25722256302833557,0.9524790048599243,0.9997277855873108
381,12700,LEFT_FOOT_INDEX,0.4074171483516693,0.7870146036148071,-0.29027310013771057,0.9597645401954651,0.9991008043289185
381,12700,RIGHT_FOOT_INDEX,0.22054901719093323,0.7384202480316162,0.18580487370491028,0.9672420620918274,0.999480664730072
382,12733,NOSE,0.419649600982666,0.3603630065917969,-0.36911541223526,0.999725341796875,0.9997274279594421
382,12733,LEFT_EYE_INNER,0.42532476782798767,0.350858211517334,-0.3844820559024811,0.9996013045310974,0.9996782541275024
382,12733,LEFT_EYE,0.42681029438972473,0.35091450810432434,-0.3844687342643738,0.9996437430381775,0.9997226595878601
382,12733,LEFT_EYE_OUTER,0.4278685748577118,0.3510907292366028,-0.384524941444397,0.9996867179870605,0.9997478127479553
382,12733,RIGHT_EYE_INNER,0.4248946011066437,0.35057350993156433,-0.34316959977149963,0.9994553327560425,0.9995806813240051
382,12733,RIGHT_EYE,0.4259733557701111,0.3504275977611542,-0.3432660400867462,0.9994708299636841,0.999592125415802
382,12733,RIGHT_EYE_OUTER,0.4268677830696106,0.3503352701663971,-0.3433777987957001,0.999484658241272,0.9995712637901306
382,12733,LEFT_EAR,0.44137126207351685,0.3566973805427551,-0.38732248544692993,0.9995685815811157,0.9998626708984375
382,12733,RIGHT_EAR,0.44007420539855957,0.35470300912857056,-0.20257031917572021,0.9993157386779785,0.9997099041938782
382,12733,MOUTH_LEFT,0.4267214834690094,0.3712378740310669,-0.36716896295547485,0.9996744394302368,0.9999165534973145
382,12733,MOUTH_RIGHT,0.4248843789100647,0.37053731083869934,-0.3137001395225525,0.9994469881057739,0.999854326248169
382,12733,LEFT_SHOULDER,0.4962869882583618,0.4226387143135071,-0.42559710144996643,0.9999401569366455,0.9999499320983887
382,12733,RIGHT_SHOULDER,0.4169881045818329,0.4154171645641327,-0.02981571853160858,0.9997479319572449,0.9999698400497437
382,12733,LEFT_ELBOW,0.5184563398361206,0.5067481994628906,-0.4895685613155365,0.9545029997825623,0.9993190765380859
382,12733,RIGHT_ELBOW,0.34136873483657837,0.45101696252822876,0.045241378247737885,0.5201449990272522,0.9999479055404663
382,12733,LEFT_WRIST,0.5205910205841064,0.5956446528434753,-0.5443381071090698,0.8758357763290405,0.9993570446968079
382,12733,RIGHT_WRIST,0.25820499658584595,0.4740472137928009,-0.05550018697977066,0.6062833070755005,0.9995580315589905
382,12733,LEFT_PINKY,0.5226086974143982,0.617062509059906,-0.6010883450508118,0.8567621111869812,0.999065101146698
382,12733,RIGHT_PINKY,0.2316247522830963,0.48172733187675476,-0.06586035341024399,0.5738370418548584,0.9989207983016968
382,12733,LEFT_INDEX,0.5095259547233582,0.6157462000846863,-0.6200190782546997,0.8542112112045288,0.9989528656005859
382,12733,RIGHT_INDEX,0.23274533450603485,0.4825332760810852,-0.12305159866809845,0.5761880278587341,0.9989739656448364
382,12733,LEFT_THUMB,0.5081124901771545,0.6091231107711792,-0.5540953278541565,0.8242535591125488,0.9991447925567627
382,12733,RIGHT_THUMB,0.2432573288679123,0.481045126914978,-0.08503516763448715,0.5743246078491211,0.9992784857749939
382,12733,LEFT_HIP,0.5176594853401184,0.5605508089065552,-0.14384323358535767,0.9999174475669861,0.9998985528945923
382,12733,RIGHT_HIP,0.4790896773338318,0.5510616302490234,0.14389191567897797,0.9998137354850769,0.9999294281005859
382,12733,LEFT_KNEE,0.4069441556930542,0.6392267942428589,-0.44887304306030273,0.9523693919181824,0.9999719858169556
382,12733,RIGHT_KNEE,0.378702849149704,0.6413060426712036,0.06909850984811783,0.9446046948432922,0.9998630285263062
382,12733,LEFT_ANKLE,0.47572821378707886,0.7563290596008301,-0.30180492997169495,0.9782213568687439,0.9998449087142944
382,12733,RIGHT_ANKLE,0.30338528752326965,0.7322589159011841,0.2549874186515808,0.9679866433143616,0.9997965693473816
382,12733,LEFT_HEEL,0.5028333067893982,0.7776201963424683,-0.29414016008377075,0.9765959978103638,0.999695897102356
382,12733,RIGHT_HEEL,0.32123613357543945,0.7558048963546753,0.2678593099117279,0.9503306746482849,0.9997695088386536
382,12733,LEFT_FOOT_INDEX,0.4078655242919922,0.7875062823295593,-0.44426393508911133,0.963545024394989,0.9994596838951111
382,12733,RIGHT_FOOT_INDEX,0.22978253662586212,0.7491213083267212,0.17481058835983276,0.967586100101471,0.9995087385177612
383,12767,NOSE,0.41967830061912537,0.3673928380012512,-0.3358204662799835,0.9996824860572815,0.999627947807312
383,12767,LEFT_EYE_INNER,0.4255659580230713,0.3587284982204437,-0.3521915674209595,0.9994279146194458,0.9995415210723877
383,12767,LEFT_EYE,0.4269433915615082,0.3588646650314331,-0.3522000312805176,0.9995434284210205,0.9995788931846619
383,12767,LEFT_EYE_OUTER,0.4279545247554779,0.3590918183326721,-0.35226863622665405,0.9995807409286499,0.9995983242988586
383,12767,RIGHT_EYE_INNER,0.4248594343662262,0.35803449153900146,-0.3115446865558624,0.9991521835327148,0.9995019435882568
383,12767,RIGHT_EYE,0.4256964325904846,0.35773399472236633,-0.3116292357444763,0.9992574453353882,0.9995163679122925
383,12767,RIGHT_EYE_OUTER,0.4262937307357788,0.35753411054611206,-0.3117446303367615,0.9992570281028748,0.9995101690292358
383,12767,LEFT_EAR,0.4416596591472626,0.363535076379776,-0.35996633768081665,0.9995055794715881,0.9997989535331726
383,12767,RIGHT_EAR,0.4375777840614319,0.3616098165512085,-0.17996306717395782,0.9991180300712585,0.9997327923774719
383,12767,MOUTH_LEFT,0.4261927306652069,0.37746694684028625,-0.3356655538082123,0.9996397495269775,0.9999046325683594
383,12767,MOUTH_RIGHT,0.42367252707481384,0.3772713541984558,-0.2835308611392975,0.9992712140083313,0.9998518228530884
383,12767,LEFT_SHOULDER,0.49787092208862305,0.4211602509021759,-0.40623125433921814,0.9999444484710693,0.9999594688415527
383,12767,RIGHT_SHOULDER,0.4117003381252289,0.41497257351875305,0.004012636840343475,0.999732494354248,0.9999765157699585
383,12767,LEFT_ELBOW,0.5456790328025818,0.4919860363006592,-0.4620060920715332,0.9586948752403259,0.9991864562034607
383,12767,RIGHT_ELBOW,0.33692577481269836,0.44554761052131653,0.11841566860675812,0.5577728152275085,0.9999363422393799
383,12767,LEFT_WRIST,0.5805585384368896,0.5765537023544312,-0.49134138226509094,0.885921835899353,0.9971563816070557
383,12767,RIGHT_WRIST,0.26442834734916687,0.4645504057407379,0.07710399478673935,0.6378679871559143,0.9990701079368591
383,12767,LEFT_PINKY,0.5969541668891907,0.5953925848007202,-0.532613217830658,0.865373432636261,0.9955348968505859
383,12767,RIGHT_PINKY,0.23806986212730408,0.4708474576473236,0.07769767194986343,0.6010248064994812,0.9978249073028564
383,12767,LEFT_INDEX,0.5860466957092285,0.5991880297660828,-0.5607693791389465,0.8635020852088928,0.9951981902122498
383,12767,RIGHT_INDEX,0.23832914233207703,0.4705228805541992,0.031179411336779594,0.605170488357544,0.9979863166809082
383,12767,LEFT_THUMB,0.5762841701507568,0.5933597683906555,-0.5043534636497498,0.8353033065795898,0.9960020184516907
383,12767,RIGHT_THUMB,0.24907833337783813,0.46980851888656616,0.053073517978191376,0.6051716208457947,0.9983757734298706
383,12767,LEFT_HIP,0.5187528729438782,0.5616270303726196,-0.14650467038154602,0.9999053478240967,0.9998076558113098
383,12767,RIGHT_HIP,0.4775412082672119,0.5572044849395752,0.1465747356414795,0.9998018741607666,0.9998894929885864
383,12767,LEFT_KNEE,0.40849781036376953,0.6468361616134644,-0.3267020285129547,0.9564216136932373,0.9999330043792725
383,12767,RIGHT_KNEE,0.3893356919288635,0.6480855345726013,0.06493571400642395,0.9384744763374329,0.9998301267623901
383,12767,LEFT_ANKLE,0.4739064872264862,0.757628858089447,-0.1732049137353897,0.9799515008926392,0.9994286894798279
383,12767,RIGHT_ANKLE,0.35527724027633667,0.7334820628166199,0.24902038276195526,0.9648155570030212,0.9997909665107727
383,12767,LEFT_HEEL,0.5027134418487549,0.7791851758956909,-0.16746914386749268,0.9748550653457642,0.9989767074584961
383,12767,RIGHT_HEEL,0.36925551295280457,0.7558884024620056,0.2607419192790985,0.9455347657203674,0.999711811542511
383,12767,LEFT_FOOT_INDEX,0.4051658511161804,0.7886250615119934,-0.3073776364326477,0.9663928151130676,0.9981957077980042
383,12767,RIGHT_FOOT_INDEX,0.2830870747566223,0.7607081532478333,0.1650466024875641,0.9660681486129761,0.9992786049842834
384,12800,NOSE,0.4228045344352722,0.37362268567085266,-0.45349618792533875,0.9996122717857361,0.9993075132369995
384,12800,LEFT_EYE_INNER,0.43113431334495544,0.36504366993904114,-0.46803122758865356,0.9992503523826599,0.999488353729248
384,12800,LEFT_EYE,0.43270933628082275,0.3650803565979004,-0.4681168496608734,0.9994351863861084,0.9996252059936523
384,12800,LEFT_EYE_OUTER,0.43540847301483154,0.3651575744152069,-0.46832191944122314,0.9994875192642212,0.9997096657752991
384,12800,RIGHT_EYE_INNER,0.4289758503437042,0.3635564148426056,-0.42982086539268494,0.9987411499023438,0.9991447925567627
384,12800,RIGHT_EYE,0.42936572432518005,0.3630741834640503,-0.4298432767391205,0.9988880157470703,0.9990572333335876
384,12800,RIGHT_EYE_OUTER,0.4294589161872864,0.36258503794670105,-0.42986050248146057,0.9988422989845276,0.998974084854126
384,12800,LEFT_EAR,0.4480785131454468,0.36876508593559265,-0.45293867588043213,0.9994691014289856,0.999901294708252
384,12800,RIGHT_EAR,0.43826380372047424,0.3656633496284485,-0.28367701172828674,0.998790442943573,0.9993828535079956
384,12800,MOUTH_LEFT,0.4273609220981598,0.3821322023868561,-0.44403836131095886,0.9996187686920166,0.9999219179153442
384,12800,MOUTH_RIGHT,0.42448753118515015,0.38206541538238525,-0.3947877585887909,0.9990870952606201,0.9998131394386292
384,12800,LEFT_SHOULDER,0.5007034540176392,0.42764291167259216,-0.4780801832675934,0.9999496936798096,0.9999954700469971
384,12800,RIGHT_SHOULDER,0.4117073714733124,0.4141402244567871,-0.06819548457860947,0.9996948838233948,0.9999619722366333
384,12800,LEFT_ELBOW,0.5822626948356628,0.4866147041320801,-0.5564206838607788,0.9627737998962402,0.9998577833175659
384,12800,RIGHT_ELBOW,0.34515929222106934,0.4409812390804291,0.11785439401865005,0.5732892751693726,0.9998794794082642
384,12800,LEFT_WRIST,0.6216822266578674,0.5524777770042419,-0.6345090866088867,0.8968822360038757,0.9990357160568237
384,12800,RIGHT_WRIST,0.2849705219268799,0.46032780408859253,0.1106550544500351,0.6516101956367493,0.9989332556724548
384,12800,LEFT_PINKY,0.6398293972015381,0.5725452899932861,-0.687818169593811,0.8773512840270996,0.9976504445075989
384,12800,RIGHT_PINKY,0.2638314962387085,0.4691260755062103,0.14062908291816711,0.6084697246551514,0.9980025887489319
384,12800,LEFT_INDEX,0.626571774482727,0.5760490894317627,-0.7173580527305603,0.8758065700531006,0.9977915287017822
384,12800,RIGHT_INDEX,0.2651221752166748,0.46860039234161377,0.08618941903114319,0.6157528162002563,0.9980375170707703
384,12800,LEFT_THUMB,0.6179261803627014,0.5700134634971619,-0.6487226486206055,0.8497860431671143,0.9982579350471497
384,12800,RIGHT_THUMB,0.2748551666736603,0.46729549765586853,0.09289423376321793,0.620079517364502,0.9982845187187195
384,12800,LEFT_HIP,0.5172097086906433,0.5690140724182129,-0.14881426095962524,0.9999075531959534,0.999974250793457
384,12800,RIGHT_HIP,0.4736213982105255,0.5654594898223877,0.14894552528858185,0.9998010993003845,0.9999613761901855
384,12800,LEFT_KNEE,0.40929195284843445,0.6637330651283264,-0.19607672095298767,0.9601228833198547,0.9999572038650513
384,12800,RIGHT_KNEE,0.39567646384239197,0.6571645140647888,0.1445758044719696,0.9248717427253723,0.9997702240943909
384,12800,LEFT_ANKLE,0.47350412607192993,0.7590271234512329,0.057653557509183884,0.981436550617218,0.999864935874939
384,12800,RIGHT_ANKLE,0.4262373447418213,0.7417161464691162,0.4728424847126007,0.957947850227356,0.9999099969863892
384,12800,LEFT_HEEL,0.5027981996536255,0.779162585735321,0.07824143767356873,0.9748496413230896,0.9998094439506531
384,12800,RIGHT_HEEL,0.4436265826225281,0.757195234298706,0.49793741106987,0.936805248260498,0.9998977184295654
384,12800,LEFT_FOOT_INDEX,0.4078310430049896,0.7895883917808533,-0.03209492564201355,0.9688154458999634,0.9995054006576538
384,12800,RIGHT_FOOT_INDEX,0.3667258322238922,0.7753081321716309,0.4195118844509125,0.9607518315315247,0.9997435212135315
385,12833,NOSE,0.4331839382648468,0.38304126262664795,-0.37538573145866394,0.9996213912963867,0.9998471736907959
385,12833,LEFT_EYE_INNER,0.43986400961875916,0.37324464321136475,-0.38729795813560486,0.9992757439613342,0.9998557567596436
385,12833,LEFT_EYE,0.4414893686771393,0.3729393184185028,-0.38737666606903076,0.9994539618492126,0.9998906850814819
385,12833,LEFT_EYE_OUTER,0.4435599744319916,0.3728104829788208,-0.38753896951675415,0.9995028972625732,0.9999045133590698
385,12833,RIGHT_EYE_INNER,0.43720781803131104,0.3721207082271576,-0.3517085015773773,0.9987951517105103,0.9997301697731018
385,12833,RIGHT_EYE,0.43737897276878357,0.37119635939598083,-0.3517366945743561,0.9989258050918579,0.9996492862701416
385,12833,RIGHT_EYE_OUTER,0.4371732473373413,0.3702763020992279,-0.35172420740127563,0.9988613128662109,0.9995531439781189
385,12833,LEFT_EAR,0.45543304085731506,0.37322184443473816,-0.4191380441188812,0.9995040893554688,0.9999573230743408
385,12833,RIGHT_EAR,0.44269201159477234,0.3706456124782562,-0.19426801800727844,0.9988203644752502,0.9996654987335205
385,12833,MOUTH_LEFT,0.4377012848854065,0.39058971405029297,-0.3566766679286957,0.999639630317688,0.9999521970748901
385,12833,MOUTH_RIGHT,0.43424978852272034,0.38956084847450256,-0.31064164638519287,0.9991090893745422,0.9998699426651001
385,12833,LEFT_SHOULDER,0.5084498524665833,0.4224848449230194,-0.3593512177467346,0.9999544024467468,0.9999951124191284
385,12833,RIGHT_SHOULDER,0.4171547591686249,0.413665771484375,0.01312655583024025,0.9996620416641235,0.9998496770858765
385,12833,LEFT_ELBOW,0.5998646020889282,0.4563877582550049,-0.4069131314754486,0.966474175453186,0.9999430179595947
385,12833,RIGHT_ELBOW,0.35473155975341797,0.4336870312690735,0.1573309451341629,0.5600612163543701,0.999765932559967
385,12833,LEFT_WRIST,0.6390700936317444,0.5478420257568359,-0.47371041774749756,0.9068114757537842,0.9993160963058472
385,12833,RIGHT_WRIST,0.35746532678604126,0.45935115218162537,0.12961703538894653,0.6360477805137634,0.999268114566803
385,12833,LEFT_PINKY,0.6510472893714905,0.5596219301223755,-0.49664902687072754,0.8880220651626587,0.998144268989563
385,12833,RIGHT_PINKY,0.3505026400089264,0.4679005742073059,0.14530642330646515,0.5914160013198853,0.998902440071106
385,12833,LEFT_INDEX,0.6384161710739136,0.5543412566184998,-0.5169599056243896,0.8867752552032471,0.9983069896697998
385,12833,RIGHT_INDEX,0.35625579953193665,0.4662458002567291,0.10462919622659683,0.6003095507621765,0.9988874793052673
385,12833,LEFT_THUMB,0.6313323974609375,0.5494585633277893,-0.480010986328125,0.8627382516860962,0.9987216591835022
385,12833,RIGHT_THUMB,0.3598169684410095,0.46442022919654846,0.10455172508955002,0.6079763174057007,0.9990466237068176
385,12833,LEFT_HIP,0.510715901851654,0.5741134285926819,-0.1495078206062317,0.9999006390571594,0.9999144077301025
385,12833,RIGHT_HIP,0.47198420763015747,0.5714712142944336,0.1496216058731079,0.9997573494911194,0.9997814297676086
385,12833,LEFT_KNEE,0.4135530889034271,0.6713211536407471,-0.20285473763942719,0.9619996547698975,0.9998131394386292
385,12833,RIGHT_KNEE,0.4084746837615967,0.6655466556549072,0.11240740120410919,0.884358286857605,0.9988542795181274
385,12833,LEFT_ANKLE,0.46869921684265137,0.7589852809906006,-0.028547801077365875,0.9817162156105042,0.9996852874755859
385,12833,RIGHT_ANKLE,0.4456607401371002,0.7491647601127625,0.3622984290122986,0.9280000329017639,0.9994390606880188
385,12833,LEFT_HEEL,0.4976917505264282,0.779018223285675,-0.015000942163169384,0.9753517508506775,0.9996373653411865
385,12833,RIGHT_HEEL,0.4628680944442749,0.7676721811294556,0.3761175572872162,0.9131308197975159,0.9994077682495117
385,12833,LEFT_FOOT_INDEX,0.4080342948436737,0.7900131344795227,-0.10986173152923584,0.9696587324142456,0.9990859031677246
385,12833,RIGHT_FOOT_INDEX,0.39429622888565063,0.780173659324646,0.3038719892501831,0.9377334713935852,0.9991114735603333
386,12867,NOSE,0.43685388565063477,0.37914490699768066,-0.2830386757850647,0.9991832375526428,0.9948036074638367
386,12867,LEFT_EYE_INNER,0.4438856542110443,0.3690459132194519,-0.3002803921699524,0.9987768530845642,0.9947010278701782
386,12867,LEFT_EYE,0.4457048773765564,0.36896219849586487,-0.3004052937030792,0.9991042017936707,0.9957020878791809
386,12867,LEFT_EYE_OUTER,0.4475611746311188,0.36893004179000854,-0.30063116550445557,0.9991030693054199,0.9959957599639893
386,12867,RIGHT_EYE_INNER,0.4412335157394409,0.36812248826026917,-0.2621057331562042,0.9983047842979431,0.9929401874542236
386,12867,RIGHT_EYE,0.44167110323905945,0.36746570467948914,-0.26213428378105164,0.9984811544418335,0.9920632243156433
386,12867,RIGHT_EYE_OUTER,0.4426836371421814,0.3668425977230072,-0.2620992362499237,0.9983232617378235,0.9916930794715881
386,12867,LEFT_EAR,0.4608894884586334,0.3722230792045593,-0.30211105942726135,0.9992727637290955,0.9981124401092529
386,12867,RIGHT_EAR,0.4519667327404022,0.3697333037853241,-0.11620987951755524,0.99826979637146,0.9948023557662964
386,12867,MOUTH_LEFT,0.4411867558956146,0.3875376582145691,-0.2717720568180084,0.9993087649345398,0.9983004927635193
386,12867,MOUTH_RIGHT,0.4385516047477722,0.3868650794029236,-0.22170217335224152,0.998246967792511,0.9970170259475708
386,12867,LEFT_SHOULDER,0.5134662985801697,0.4221336543560028,-0.3095742166042328,0.9999481439590454,0.9997078776359558
386,12867,RIGHT_SHOULDER,0.42443785071372986,0.41619348526000977,0.05549595504999161,0.9993066787719727,0.9987010955810547
386,12867,LEFT_ELBOW,0.6126630902290344,0.4337136447429657,-0.41807061433792114,0.9696511626243591,0.9987940788269043
386,12867,RIGHT_ELBOW,0.36115506291389465,0.4445028007030487,0.1747962236404419,0.5535624027252197,0.9980040192604065
386,12867,LEFT_WRIST,0.6297617554664612,0.4950157701969147,-0.5362236499786377,0.9135937094688416,0.9889091849327087
386,12867,RIGHT_WRIST,0.39207005500793457,0.4515889286994934,0.1325874775648117,0.6198808550834656,0.9967273473739624
386,12867,LEFT_PINKY,0.6390077471733093,0.5077466368675232,-0.581865668296814,0.8919707536697388,0.9812613725662231
386,12867,RIGHT_PINKY,0.39581382274627686,0.45195505023002625,0.1426355093717575,0.5723000168800354,0.9959182143211365
386,12867,LEFT_INDEX,0.6255233883857727,0.5076315402984619,-0.5901561379432678,0.891193687915802,0.9834378957748413
386,12867,RIGHT_INDEX,0.4023197293281555,0.4478149116039276,0.11586250364780426,0.5816755294799805,0.9959620833396912
386,12867,LEFT_THUMB,0.6217015385627747,0.5023787021636963,-0.54021817445755,0.8676275610923767,0.9845943450927734
386,12867,RIGHT_THUMB,0.4005279242992401,0.44926029443740845,0.11385015398263931,0.5902236700057983,0.9963446259498596
386,12867,LEFT_HIP,0.4995460510253906,0.5802180767059326,-0.1467362344264984,0.9997292160987854,0.9986907839775085
386,12867,RIGHT_HIP,0.4709056615829468,0.5743940472602844,0.146852508187294,0.9993577599525452,0.997984766960144
386,12867,LEFT_KNEE,0.4233393967151642,0.6731131076812744,-0.09736810624599457,0.9572997093200684,0.9970056414604187
386,12867,RIGHT_KNEE,0.4281806945800781,0.6716840863227844,0.24867622554302216,0.8171905875205994,0.9922159314155579
386,12867,LEFT_ANKLE,0.4663800895214081,0.7606124877929688,0.0451236255466938,0.97459477186203,0.9976970553398132
386,12867,RIGHT_ANKLE,0.4625401198863983,0.758185088634491,0.43563276529312134,0.8648125529289246,0.994667649269104
386,12867,LEFT_HEEL,0.49410414695739746,0.7793872952461243,0.05743107199668884,0.9732004404067993,0.9972156286239624
386,12867,RIGHT_HEEL,0.4880433976650238,0.7780734896659851,0.4481984078884125,0.8656769394874573,0.9942322373390198
386,12867,LEFT_FOOT_INDEX,0.4082483649253845,0.7898107171058655,-0.02937655709683895,0.9622879028320312,0.9959889054298401
386,12867,RIGHT_FOOT_INDEX,0.4106852114200592,0.7858633399009705,0.3663230240345001,0.8814811706542969,0.994941771030426
387,12900,NOSE,0.4416165351867676,0.3740312159061432,-0.15019184350967407,0.9916061162948608,0.9716524481773376
387,12900,LEFT_EYE_INNER,0.4491969048976898,0.3644258379936218,-0.17564310133457184,0.9949334859848022,0.9844024181365967
387,12900,LEFT_EYE,0.4514121413230896,0.3644483983516693,-0.17576844990253448,0.9966808557510376,0.9868849515914917
387,12900,LEFT_EYE_OUTER,0.45318272709846497,0.3645683825016022,-0.17586782574653625,0.9963356852531433,0.9874734878540039
387,12900,RIGHT_EYE_INNER,0.4474787712097168,0.36378738284111023,-0.12590453028678894,0.9929357767105103,0.9846732020378113
387,12900,RIGHT_EYE,0.4482520520687103,0.3634397089481354,-0.12595388293266296,0.9933008551597595,0.9850102066993713
387,12900,RIGHT_EYE_OUTER,0.4492306411266327,0.3631291091442108,-0.12605221569538116,0.9933077096939087,0.9857214689254761
387,12900,LEFT_EAR,0.46716660261154175,0.36979684233665466,-0.2263418585062027,0.9967163801193237,0.9955529570579529
387,12900,RIGHT_EAR,0.4620794951915741,0.3675271272659302,-0.002771985251456499,0.9951995015144348,0.9945752620697021
387,12900,MOUTH_LEFT,0.4459855556488037,0.3835451304912567,-0.16571290791034698,0.993682324886322,0.9938340187072754
387,12900,MOUTH_RIGHT,0.4437079131603241,0.38317304849624634,-0.10081701725721359,0.987644612789154,0.9904153347015381
387,12900,LEFT_SHOULDER,0.5130446553230286,0.4231843650341034,-0.3066636919975281,0.9998612999916077,0.9987510442733765
387,12900,RIGHT_SHOULDER,0.45833033323287964,0.42107951641082764,0.13708284497261047,0.9970061779022217,0.9977295994758606
387,12900,LEFT_ELBOW,0.5859856605529785,0.43350210785865784,-0.6098361015319824,0.970539927482605,0.9953182339668274
387,12900,RIGHT_ELBOW,0.45928826928138733,0.46031129360198975,0.4353220462799072,0.5005216598510742,0.992727518081665
387,12900,LEFT_WRIST,0.6000915765762329,0.4308466613292694,-0.892338216304779,0.9134289026260376,0.9882730841636658
387,12900,RIGHT_WRIST,0.46368134021759033,0.4626995623111725,0.6890092492103577,0.5646016597747803,0.9896949529647827
387,12900,LEFT_PINKY,0.6077082753181458,0.42957788705825806,-0.9641165137290955,0.8882039785385132,0.9880915880203247
387,12900,RIGHT_PINKY,0.46599632501602173,0.46261921525001526,0.7421302199363708,0.5236586332321167,0.9897145628929138
387,12900,LEFT_INDEX,0.6006710529327393,0.4279445707798004,-0.9578092694282532,0.8871734738349915,0.9863513112068176
387,12900,RIGHT_INDEX,0.4659954309463501,0.45794060826301575,0.7216334939002991,0.532727837562561,0.9894012808799744
387,12900,LEFT_THUMB,0.593505859375,0.4291743338108063,-0.8980196714401245,0.8595544099807739,0.9854316115379333
387,12900,RIGHT_THUMB,0.4628252387046814,0.4584304690361023,0.6870540380477905,0.5407359600067139,0.9894102811813354
387,12900,LEFT_HIP,0.4911855459213257,0.5832568407058716,-0.14499635994434357,0.9996886253356934,0.9996705055236816
387,12900,RIGHT_HIP,0.47176337242126465,0.5781762003898621,0.14525121450424194,0.9991343021392822,0.9990164041519165
387,12900,LEFT_KNEE,0.43853816390037537,0.670458197593689,-0.2524435520172119,0.9379886984825134,0.9961175918579102
387,12900,RIGHT_KNEE,0.4552861750125885,0.6669358015060425,0.20245102047920227,0.7471653819084167,0.9865792393684387
387,12900,LEFT_ANKLE,0.46194323897361755,0.7637326717376709,-0.2124062329530716,0.9380732774734497,0.9975866079330444
387,12900,RIGHT_ANKLE,0.46411579847335815,0.7561790943145752,0.43249812722206116,0.789687991142273,0.9897254109382629
387,12900,LEFT_HEEL,0.4796162545681,0.780296266078949,-0.20747683942317963,0.9547884464263916,0.9969956874847412
387,12900,RIGHT_HEEL,0.4827892482280731,0.7772752642631531,0.41600972414016724,0.8027589917182922,0.9906965494155884
387,12900,LEFT_FOOT_INDEX,0.40740275382995605,0.787887454032898,-0.2963015139102936,0.9309889078140259,0.9972954392433167
387,12900,RIGHT_FOOT_INDEX,0.4230334758758545,0.7782630920410156,0.33200445771217346,0.8112913966178894,0.9965200424194336
388,12933,NOSE,0.46083056926727295,0.37106555700302124,-0.09511542320251465,0.9923794269561768,0.9992333650588989
388,12933,LEFT_EYE_INNER,0.4693020284175873,0.36295273900032043,-0.12259172648191452,0.9953575134277344,0.9991900324821472
388,12933,LEFT_EYE,0.47078779339790344,0.36323681473731995,-0.12261753529310226,0.9969550371170044,0.9992671608924866
388,12933,LEFT_EYE_OUTER,0.4718795418739319,0.3635925352573395,-0.12264444679021835,0.9966228008270264,0.9992614388465881
388,12933,RIGHT_EYE_INNER,0.4681972563266754,0.3622094392776489,-0.08352471888065338,0.9935513734817505,0.9991748929023743
388,12933,RIGHT_EYE,0.46909379959106445,0.3620489239692688,-0.0835428461432457,0.9938939809799194,0.9991772770881653
388,12933,RIGHT_EYE_OUTER,0.469916433095932,0.36194488406181335,-0.08362802118062973,0.9938693642616272,0.9991323351860046
388,12933,LEFT_EAR,0.48248764872550964,0.36976295709609985,-0.1807452291250229,0.9969660639762878,0.9995218515396118
388,12933,RIGHT_EAR,0.4820288419723511,0.36802807450294495,-0.004974293522536755,0.9956327676773071,0.9995494484901428
388,12933,MOUTH_LEFT,0.4649774432182312,0.38043126463890076,-0.11093713343143463,0.9942049384117126,0.9994271993637085
388,12933,MOUTH_RIGHT,0.46295249462127686,0.3800394535064697,-0.06072932481765747,0.9887758493423462,0.9994157552719116
388,12933,LEFT_SHOULDER,0.5077511072158813,0.42396363615989685,-0.24684691429138184,0.9998602271080017,0.999366819858551
388,12933,RIGHT_SHOULDER,0.4929763376712799,0.42767640948295593,0.1192963644862175,0.9972093105316162,0.9994538426399231
388,12933,LEFT_ELBOW,0.5839285254478455,0.43492618203163147,-0.5299320816993713,0.9725438356399536,0.9953693747520447
388,12933,RIGHT_ELBOW,0.47939908504486084,0.49791011214256287,0.3216419816017151,0.4568553566932678,0.9950829744338989
388,12933,LEFT_WRIST,0.578525722026825,0.38430678844451904,-0.7358881831169128,0.9191480875015259,0.9984146356582642
388,12933,RIGHT_WRIST,0.4425452947616577,0.5235986709594727,0.41601887345314026,0.5183829069137573,0.9949538111686707
388,12933,LEFT_PINKY,0.582451581954956,0.3684867024421692,-0.7937447428703308,0.8932779431343079,0.9983178377151489
388,12933,RIGHT_PINKY,0.43571457266807556,0.5288037061691284,0.4484473466873169,0.48472732305526733,0.9948888421058655
388,12933,LEFT_INDEX,0.5762854814529419,0.368423193693161,-0.7662003636360168,0.8916397094726562,0.9978370070457458
388,12933,RIGHT_INDEX,0.42950427532196045,0.5285795331001282,0.40643641352653503,0.49356839060783386,0.9936792254447937
388,12933,LEFT_THUMB,0.5719459056854248,0.3744807243347168,-0.7305660843849182,0.8642212152481079,0.9980633854866028
388,12933,RIGHT_THUMB,0.4312038719654083,0.527485728263855,0.4015445411205292,0.5018190741539001,0.9944589138031006
388,12933,LEFT_HIP,0.4648410379886627,0.5828080177307129,-0.1285128891468048,0.9996834397315979,0.9997425675392151
388,12933,RIGHT_HIP,0.4882041811943054,0.5805169343948364,0.12854579091072083,0.999138593673706,0.9996511936187744
388,12933,LEFT_KNEE,0.43570566177368164,0.6755171418190002,-0.002405203180387616,0.9370800852775574,0.9985224604606628
388,12933,RIGHT_KNEE,0.4737953841686249,0.6772905588150024,0.21893258392810822,0.7311909794807434,0.9978093504905701
388,12933,LEFT_ANKLE,0.4507952928543091,0.7640409469604492,0.10591535270214081,0.9389519691467285,0.9992764592170715
388,12933,RIGHT_ANKLE,0.48584452271461487,0.7770940661430359,0.31540313363075256,0.7826763391494751,0.9987879395484924
388,12933,LEFT_HEEL,0.46530961990356445,0.7823958992958069,0.11701619625091553,0.957127571105957,0.9989294409751892
388,12933,RIGHT_HEEL,0.49143359065055847,0.7862159013748169,0.31040242314338684,0.8043267726898193,0.9981876015663147
388,12933,LEFT_FOOT_INDEX,0.40879783034324646,0.7881609201431274,0.060518961399793625,0.926332950592041,0.9981817007064819
388,12933,RIGHT_FOOT_INDEX,0.4589943587779999,0.7973231673240662,0.23805005848407745,0.7919830679893494,0.9973155856132507
389,12967,NOSE,0.5050912499427795,0.39072343707084656,0.6346679329872131,0.9931110739707947,0.9999995231628418
389,12967,LEFT_EYE_INNER,0.5053251385688782,0.3814547657966614,0.6060714721679688,0.9957751631736755,0.9999992847442627
389,12967,LEFT_EYE,0.50066739320755,0.38052356243133545,0.6061190366744995,0.9972197413444519,0.9999990463256836
389,12967,LEFT_EYE_OUTER,0.49873363971710205,0.37971293926239014,0.6061447262763977,0.9969061613082886,0.9999986886978149
389,12967,RIGHT_EYE_INNER,0.5105406045913696,0.3826661705970764,0.6104087233543396,0.9941518306732178,0.9999994039535522
389,12967,RIGHT_EYE,0.5148036479949951,0.3828192949295044,0.6103400588035583,0.9944726228713989,0.9999994039535522
389,12967,RIGHT_EYE_OUTER,0.5167220234870911,0.3829118013381958,0.6102516651153564,0.9944455623626709,0.9999991655349731
389,12967,LEFT_EAR,0.4940841495990753,0.38479143381118774,0.46012336015701294,0.9972231984138489,0.9999988079071045
389,12967,RIGHT_EAR,0.5216012597084045,0.38968566060066223,0.48163899779319763,0.9960461854934692,0.9999994039535522
389,12967,MOUTH_LEFT,0.5013103485107422,0.39757582545280457,0.58487868309021,0.9946851134300232,0.9999991655349731
389,12967,MOUTH_RIGHT,0.5065662860870361,0.3990389108657837,0.5905454754829407,0.9898123741149902,0.9999994039535522
389,12967,LEFT_SHOULDER,0.4676574170589447,0.43279287219047546,0.3052421510219574,0.9997981190681458,0.9999444484710693
389,12967,RIGHT_SHOULDER,0.5559708476066589,0.45379847288131714,0.3624991476535797,0.9974287748336792,0.9999649524688721
389,12967,LEFT_ELBOW,0.5218711495399475,0.4115200638771057,0.10870805382728577,0.8969176411628723,0.999580442905426
389,12967,RIGHT_ELBOW,0.5628412961959839,0.5130879282951355,0.250362753868103,0.41647496819496155,0.9996750354766846
389,12967,LEFT_WRIST,0.5608262419700623,0.3636457622051239,0.02321988344192505,0.8755460977554321,0.9978273510932922
389,12967,RIGHT_WRIST,0.526975691318512,0.5279728174209595,0.10403647273778915,0.4773484468460083,0.999738872051239
389,12967,LEFT_PINKY,0.5711875557899475,0.3495132327079773,-0.0035406453534960747,0.8537428379058838,0.9970332384109497
389,12967,RIGHT_PINKY,0.5173743963241577,0.5406724214553833,0.09569953382015228,0.4540548622608185,0.9996911287307739
389,12967,LEFT_INDEX,0.5649534463882446,0.35020512342453003,0.01669018529355526,0.8520619869232178,0.9970390796661377
389,12967,RIGHT_INDEX,0.5079284906387329,0.5365009903907776,0.09178560227155685,0.46211960911750793,0.9996182918548584
389,12967,LEFT_THUMB,0.5613080859184265,0.35651880502700806,0.027359614148736,0.8245962858200073,0.9975443482398987
389,12967,RIGHT_THUMB,0.5037766098976135,0.5344767570495605,0.1002282053232193,0.46949148178100586,0.9997369647026062
389,12967,LEFT_HIP,0.4420458674430847,0.5840646624565125,-0.050612885504961014,0.9997142553329468,0.9999991655349731
389,12967,RIGHT_HIP,0.5100007057189941,0.5867106318473816,0.049753379076719284,0.9992213249206543,0.9999980926513672
389,12967,LEFT_KNEE,0.434904545545578,0.6718456745147705,0.10027378052473068,0.9413101673126221,0.9999325275421143
389,12967,RIGHT_KNEE,0.48435741662979126,0.6684210896492004,0.2564832270145416,0.7425034046173096,0.9999021291732788
389,12967,LEFT_ANKLE,0.4389187693595886,0.746448278427124,-0.359905481338501,0.9442852139472961,0.9999892711639404
389,12967,RIGHT_ANKLE,0.48747020959854126,0.7593082189559937,-0.19703248143196106,0.8020222783088684,0.9999920129776001
389,12967,LEFT_HEEL,0.447614848613739,0.767451286315918,-0.418027400970459,0.9612401723861694,0.9999876022338867
389,12967,RIGHT_HEEL,0.48984360694885254,0.7754917144775391,-0.25016874074935913,0.8231775164604187,0.9999895095825195
389,12967,LEFT_FOOT_INDEX,0.4110085368156433,0.7878268361091614,-0.5063146948814392,0.9318506717681885,0.9999595880508423
389,12967,RIGHT_FOOT_INDEX,0.45659109950065613,0.7844366431236267,-0.32969966530799866,0.8092249631881714,0.9999748468399048
390,13000,NOSE,0.555341899394989,0.39233654737472534,0.7994076013565063,0.9934747219085693,0.9999997615814209
390,13000,LEFT_EYE_INNER,0.5539111495018005,0.38206297159194946,0.7660024166107178,0.9957137107849121,0.9999997615814209
390,13000,LEFT_EYE,0.5494277477264404,0.3805631399154663,0.7659931778907776,0.9972273707389832,0.9999997615814209
390,13000,LEFT_EYE_OUTER,0.543918788433075,0.37890395522117615,0.7660496234893799,0.9968522191047668,0.9999996423721313
390,13000,RIGHT_EYE_INNER,0.5639631748199463,0.38512763381004333,0.7633240222930908,0.994135320186615,0.9999997615814209
390,13000,RIGHT_EYE,0.566976010799408,0.38595569133758545,0.7633931636810303,0.9946073889732361,0.9999996423721313
390,13000,RIGHT_EYE_OUTER,0.5694209337234497,0.3869640529155731,0.763364315032959,0.9944440126419067,0.9999995231628418
390,13000,LEFT_EAR,0.5297673940658569,0.3801565170288086,0.5993489623069763,0.9969149231910706,0.9999997615814209
390,13000,RIGHT_EAR,0.5673424601554871,0.39283618330955505,0.5945510268211365,0.995988130569458,0.9999996423721313
390,13000,MOUTH_LEFT,0.5434766411781311,0.39792007207870483,0.7442208528518677,0.9937291741371155,0.9999998807907104
390,13000,MOUTH_RIGHT,0.5541877150535583,0.40235212445259094,0.7423017024993896,0.9893325567245483,0.9999997615814209
390,13000,LEFT_SHOULDER,0.4580167233943939,0.4322172701358795,0.4162914454936981,0.9997871518135071,0.9999942779541016
390,13000,RIGHT_SHOULDER,0.5790711045265198,0.46360594034194946,0.4174818694591522,0.9976455569267273,0.9999815225601196
390,13000,LEFT_ELBOW,0.413086861371994,0.3812660872936249,0.26184895634651184,0.900145411491394,0.9999195337295532
390,13000,RIGHT_ELBOW,0.6036921739578247,0.5345504879951477,0.3633483350276947,0.426862508058548,0.9997685551643372
390,13000,LEFT_WRIST,0.48207423090934753,0.3696134686470032,0.2320328652858734,0.8500465154647827,0.9998106360435486
390,13000,RIGHT_WRIST,0.5594604015350342,0.5453680753707886,0.37479764223098755,0.4539221227169037,0.9998573064804077
390,13000,LEFT_PINKY,0.5004099607467651,0.3651624917984009,0.21227140724658966,0.8198598027229309,0.9997711777687073
390,13000,RIGHT_PINKY,0.5530940294265747,0.563366711139679,0.3674899637699127,0.43426287174224854,0.9998396635055542
390,13000,LEFT_INDEX,0.5070015788078308,0.37198957800865173,0.21369345486164093,0.8177234530448914,0.9997723698616028
390,13000,RIGHT_INDEX,0.5447095036506653,0.5601789951324463,0.3748326003551483,0.44200992584228516,0.999823272228241
390,13000,LEFT_THUMB,0.502122163772583,0.37763553857803345,0.23025450110435486,0.7911263108253479,0.9998155236244202
390,13000,RIGHT_THUMB,0.5431033372879028,0.5581297278404236,0.3794735372066498,0.4487232565879822,0.9998718500137329
390,13000,LEFT_HIP,0.4324852526187897,0.5796852707862854,-0.01192772388458252,0.9997407793998718,0.9999995231628418
390,13000,RIGHT_HIP,0.5166677832603455,0.5872262120246887,0.011164733208715916,0.9992963075637817,0.9999986886978149
390,13000,LEFT_KNEE,0.42679286003112793,0.6684857606887817,0.24807871878147125,0.9433175325393677,0.9999167919158936
390,13000,RIGHT_KNEE,0.4971073269844055,0.6613401770591736,0.26472026109695435,0.7635000944137573,0.9999538660049438
390,13000,LEFT_ANKLE,0.4298035204410553,0.7393320798873901,-0.23138654232025146,0.9481157064437866,0.999987006187439
390,13000,RIGHT_ANKLE,0.4913841784000397,0.7574273347854614,-0.17791378498077393,0.8205220103263855,0.999995231628418
390,13000,LEFT_HEEL,0.43807122111320496,0.760296106338501,-0.2337808758020401,0.9648650288581848,0.9999852180480957
390,13000,RIGHT_HEEL,0.4882742464542389,0.7733557820320129,-0.22914846241474152,0.8404396176338196,0.9999932050704956
390,13000,LEFT_FOOT_INDEX,0.41655370593070984,0.7750928997993469,-0.3713597357273102,0.9354612827301025,0.9999815225601196
390,13000,RIGHT_FOOT_INDEX,0.48829975724220276,0.7837568521499634,-0.2862844169139862,0.8262851238250732,0.9999911785125732
391,13033,NOSE,0.5740709900856018,0.4010106921195984,0.6918836236000061,0.9935230612754822,0.9999942779541016
391,13033,LEFT_EYE_INNER,0.5734232664108276,0.3912014663219452,0.666456937789917,0.9954705834388733,0.9999939203262329
391,13033,LEFT_EYE,0.5696160793304443,0.3890441358089447,0.6664167046546936,0.9969501495361328,0.999994158744812
391,13033,LEFT_EYE_OUTER,0.5656615495681763,0.387062132358551,0.6665279269218445,0.996540367603302,0.9999924898147583
391,13033,RIGHT_EYE_INNER,0.5829931497573853,0.39580053091049194,0.6655105948448181,0.9940887689590454,0.9999938011169434
391,13033,RIGHT_EYE,0.5858545899391174,0.3969416916370392,0.6654832363128662,0.9945735931396484,0.999992847442627
391,13033,RIGHT_EYE_OUTER,0.5884727239608765,0.3981160819530487,0.6653551459312439,0.9944553375244141,0.9999905824661255
391,13033,LEFT_EAR,0.5551844835281372,0.3882405757904053,0.5244441628456116,0.9963985085487366,0.9999946355819702
391,13033,RIGHT_EAR,0.5884816646575928,0.4053296446800232,0.5239315629005432,0.99582439661026,0.9999920129776001
391,13033,MOUTH_LEFT,0.5635002255439758,0.4047175645828247,0.6440290808677673,0.9917272925376892,0.9999921321868896
391,13033,MOUTH_RIGHT,0.5736365914344788,0.41041362285614014,0.6431958675384521,0.9883220791816711,0.9999909400939941
391,13033,LEFT_SHOULDER,0.4668658971786499,0.4276297986507416,0.3583417534828186,0.9997493624687195,0.9999722242355347
391,13033,RIGHT_SHOULDER,0.5838044285774231,0.47195085883140564,0.4071676433086395,0.9978280067443848,0.9997939467430115
391,13033,LEFT_ELBOW,0.407315194606781,0.3659658133983612,0.2780556380748749,0.9095680117607117,0.9999254941940308
391,13033,RIGHT_ELBOW,0.6084403991699219,0.5487346053123474,0.4716087877750397,0.40583327412605286,0.9977172613143921
391,13033,LEFT_WRIST,0.3705045282840729,0.3207034170627594,0.3483143150806427,0.8638450503349304,0.9995002746582031
391,13033,RIGHT_WRIST,0.5808145999908447,0.5555816292762756,0.6525887846946716,0.4207771122455597,0.9983571171760559
391,13033,LEFT_PINKY,0.35099178552627563,0.3051965534687042,0.33838191628456116,0.8354353308677673,0.9990333318710327
391,13033,RIGHT_PINKY,0.5727222561836243,0.5690661668777466,0.6827496290206909,0.4054921567440033,0.9984990358352661
391,13033,LEFT_INDEX,0.3561316132545471,0.3056603968143463,0.3607225716114044,0.8333027362823486,0.9988051652908325
391,13033,RIGHT_INDEX,0.5644764304161072,0.5571746826171875,0.6731700301170349,0.41212978959083557,0.9982602000236511
391,13033,LEFT_THUMB,0.3626178503036499,0.3119024932384491,0.3588287830352783,0.8069189190864563,0.9991816878318787
391,13033,RIGHT_THUMB,0.5651732087135315,0.5552954077720642,0.6565818786621094,0.4183383285999298,0.9986093044281006
391,13033,LEFT_HIP,0.434679239988327,0.5778405666351318,-0.010523953475058079,0.9997607469558716,0.9999953508377075
391,13033,RIGHT_HIP,0.512636125087738,0.5905161499977112,0.009845131076872349,0.999355673789978,0.9999858140945435
391,13033,LEFT_KNEE,0.4193978011608124,0.6671749949455261,0.11807208508253098,0.9401584267616272,0.9998113512992859
391,13033,RIGHT_KNEE,0.5058406591415405,0.6640591025352478,0.2149726152420044,0.7757528424263,0.9997143149375916
391,13033,LEFT_ANKLE,0.4311026334762573,0.7382800579071045,-0.26437893509864807,0.9442972540855408,0.9999492168426514
391,13033,RIGHT_ANKLE,0.49582916498184204,0.7594124674797058,-0.22340422868728638,0.8305268287658691,0.9999532699584961
391,13033,LEFT_HEEL,0.43634259700775146,0.7590840458869934,-0.30839818716049194,0.9667240977287292,0.9999479055404663
391,13033,RIGHT_HEEL,0.4890851676464081,0.7738025784492493,-0.2679556906223297,0.8540770411491394,0.9999468326568604
391,13033,LEFT_FOOT_INDEX,0.4262666702270508,0.7715058922767639,-0.38036757707595825,0.9322518110275269,0.9999097585678101
391,13033,RIGHT_FOOT_INDEX,0.4959801137447357,0.7871017456054688,-0.3319580554962158,0.8361858129501343,0.9999134540557861
392,13067,NOSE,0.5909867286682129,0.41261088848114014,0.759261429309845,0.9935967922210693,0.9999984502792358
392,13067,LEFT_EYE_INNER,0.5918480753898621,0.4038604199886322,0.7293823957443237,0.9954026937484741,0.9999982118606567
392,13067,LEFT_EYE,0.5883916616439819,0.40167436003685,0.7293701171875,0.9968172311782837,0.9999982118606567
392,13067,LEFT_EYE_OUTER,0.5848411917686462,0.3996046483516693,0.7294784784317017,0.9963898062705994,0.9999978542327881
392,13067,RIGHT_EYE_INNER,0.6010967493057251,0.40844419598579407,0.7370944619178772,0.9941269159317017,0.9999982118606567
392,13067,RIGHT_EYE,0.6041085720062256,0.4096212387084961,0.7370867729187012,0.9945859909057617,0.9999978542327881
392,13067,RIGHT_EYE_OUTER,0.6068449020385742,0.4108245372772217,0.7370345592498779,0.9944954514503479,0.9999971389770508
392,13067,LEFT_EAR,0.573485791683197,0.39979082345962524,0.5605931282043457,0.9961007833480835,0.9999986886978149
392,13067,RIGHT_EAR,0.6055765151977539,0.41696465015411377,0.5999323129653931,0.9957684874534607,0.9999977350234985
392,13067,MOUTH_LEFT,0.5799159407615662,0.41551047563552856,0.7006650567054749,0.9911822080612183,0.9999982118606567
392,13067,MOUTH_RIGHT,0.5892965197563171,0.4215996563434601,0.7115823030471802,0.9883206486701965,0.9999977350234985
392,13067,LEFT_SHOULDER,0.46965643763542175,0.4250197410583496,0.35745683312416077,0.9997612237930298,0.9999961853027344
392,13067,RIGHT_SHOULDER,0.5904895663261414,0.4799237549304962,0.4906085729598999,0.9980155825614929,0.9999361038208008
392,13067,LEFT_ELBOW,0.4104912281036377,0.36131739616394043,0.22358842194080353,0.9185136556625366,0.9999772310256958
392,13067,RIGHT_ELBOW,0.6002008318901062,0.563250720500946,0.5771586894989014,0.3855332136154175,0.9985197186470032
392,13067,LEFT_WRIST,0.3652762770652771,0.2859534025192261,0.22551867365837097,0.8772585988044739,0.9997658133506775
392,13067,RIGHT_WRIST,0.5739717483520508,0.5535446405410767,0.7591624855995178,0.3878507614135742,0.9989187717437744
392,13067,LEFT_PINKY,0.3437967300415039,0.2628510296344757,0.20076945424079895,0.8513765335083008,0.9995301961898804
392,13067,RIGHT_PINKY,0.5787098407745361,0.5628239512443542,0.7925282120704651,0.37701600790023804,0.9990864992141724
392,13067,LEFT_INDEX,0.3530697226524353,0.26115837693214417,0.2277970016002655,0.8494030833244324,0.9994112253189087
392,13067,RIGHT_INDEX,0.5680469870567322,0.5549800395965576,0.7867695093154907,0.3825847804546356,0.998917818069458
392,13067,LEFT_THUMB,0.363036185503006,0.27076786756515503,0.23621250689029694,0.8248169422149658,0.9996065497398376
392,13067,RIGHT_THUMB,0.5652768015861511,0.5527395606040955,0.7632490992546082,0.387960821390152,0.9991726279258728
392,13067,LEFT_HIP,0.4311334490776062,0.573844850063324,-0.021802397444844246,0.9997835755348206,0.9999990463256836
392,13067,RIGHT_HIP,0.5086154341697693,0.5880764722824097,0.020965775474905968,0.9994181394577026,0.9999960660934448
392,13067,LEFT_KNEE,0.40334635972976685,0.6674605011940002,0.07603301852941513,0.9269994497299194,0.9998900890350342
392,13067,RIGHT_KNEE,0.5098843574523926,0.6644500494003296,0.17534282803535461,0.777970552444458,0.9998243451118469
392,13067,LEFT_ANKLE,0.4282342791557312,0.7383503913879395,-0.3554568588733673,0.9373984336853027,0.9999890327453613
392,13067,RIGHT_ANKLE,0.49639439582824707,0.7625751495361328,-0.3373635411262512,0.837133526802063,0.9999856948852539
392,13067,LEFT_HEEL,0.43886569142341614,0.7506465911865234,-0.4057489335536957,0.9685169458389282,0.9999897480010986
392,13067,RIGHT_HEEL,0.4912010133266449,0.7746854424476624,-0.3917135000228882,0.8668327927589417,0.999984622001648
392,13067,LEFT_FOOT_INDEX,0.4319864809513092,0.7724173665046692,-0.48248258233070374,0.930901825428009,0.9999822378158569
392,13067,RIGHT_FOOT_INDEX,0.4958491623401642,0.7949033975601196,-0.46951955556869507,0.8462788462638855,0.9999781847000122
393,13100,NOSE,0.5947946906089783,0.41756224632263184,0.7270925641059875,0.9937520623207092,0.9999990463256836
393,13100,LEFT_EYE_INNER,0.5954582691192627,0.40968725085258484,0.7143864631652832,0.9954229593276978,0.9999988079071045
393,13100,LEFT_EYE,0.5924356579780579,0.4077673554420471,0.7144038081169128,0.9967218041419983,0.9999986886978149
393,13100,LEFT_EYE_OUTER,0.5894320607185364,0.4060458540916443,0.7144415378570557,0.9963698387145996,0.9999983310699463
393,13100,RIGHT_EYE_INNER,0.6030773520469666,0.4136130213737488,0.697666347026825,0.994188666343689,0.9999990463256836
393,13100,RIGHT_EYE,0.6056756377220154,0.41462457180023193,0.6975905895233154,0.994592010974884,0.999998927116394
393,13100,RIGHT_EYE_OUTER,0.6081201434135437,0.4156963527202606,0.6974636316299438,0.9946479201316833,0.9999988079071045
393,13100,LEFT_EAR,0.5747634768486023,0.4030662775039673,0.5951454639434814,0.995681881904602,0.9999985694885254
393,13100,RIGHT_EAR,0.6058496832847595,0.41876164078712463,0.5262024998664856,0.9957646727561951,0.9999991655349731
393,13100,MOUTH_LEFT,0.5844470858573914,0.4193425178527832,0.6853117346763611,0.9915557503700256,0.9999986886978149
393,13100,MOUTH_RIGHT,0.5927192568778992,0.4244880974292755,0.6645939946174622,0.9888284802436829,0.9999988079071045
393,13100,LEFT_SHOULDER,0.4721142053604126,0.42340511083602905,0.5006418228149414,0.999717116355896,0.9999833106994629
393,13100,RIGHT_SHOULDER,0.5978963971138,0.4715302586555481,0.35331636667251587,0.9982048273086548,0.9999886751174927
393,13100,LEFT_ELBOW,0.44338899850845337,0.47911685705184937,0.460628867149353,0.831379771232605,0.9997925162315369
393,13100,RIGHT_ELBOW,0.6008928418159485,0.5529395341873169,0.44046056270599365,0.4181898236274719,0.9999279975891113
393,13100,LEFT_WRIST,0.40378299355506897,0.5265663862228394,0.4403860569000244,0.7982601523399353,0.9996525049209595
393,13100,RIGHT_WRIST,0.6231258511543274,0.5352112650871277,0.6285865902900696,0.3995142877101898,0.9999574422836304
393,13100,LEFT_PINKY,0.39229336380958557,0.5338632464408875,0.44581425189971924,0.7787971496582031,0.9995410442352295
393,13100,RIGHT_PINKY,0.6392735242843628,0.5608988404273987,0.6581352353096008,0.3950984477996826,0.9999419450759888
393,13100,LEFT_INDEX,0.4036816358566284,0.533087968826294,0.4447826147079468,0.7772863507270813,0.9995331764221191
393,13100,RIGHT_INDEX,0.6277675032615662,0.5536897778511047,0.6649526357650757,0.3990457057952881,0.9999322891235352
393,13100,LEFT_THUMB,0.4255845248699188,0.5311679244041443,0.4386238157749176,0.7549667954444885,0.9996776580810547
393,13100,RIGHT_THUMB,0.6249189972877502,0.5454226136207581,0.6398401260375977,0.3994213342666626,0.9999572038650513
393,13100,LEFT_HIP,0.42210260033607483,0.5639901161193848,0.048835523426532745,0.9997842907905579,0.9999954700469971
393,13100,RIGHT_HIP,0.5056014060974121,0.5871837139129639,-0.04940184950828552,0.999453067779541,0.9999939203262329
393,13100,LEFT_KNEE,0.3958846926689148,0.6635146141052246,0.15464235842227936,0.9274765253067017,0.9998559951782227
393,13100,RIGHT_KNEE,0.5036551356315613,0.6615974307060242,0.002479180693626404,0.7933769226074219,0.9999316930770874
393,13100,LEFT_ANKLE,0.4175584614276886,0.7333754301071167,-0.3639112412929535,0.941205620765686,0.9999357461929321
393,13100,RIGHT_ANKLE,0.4891246259212494,0.7614313960075378,-0.5619091391563416,0.8505541086196899,0.9999772310256958
393,13100,LEFT_HEEL,0.42637011408805847,0.7404482364654541,-0.4285528063774109,0.9709550142288208,0.9999271631240845
393,13100,RIGHT_HEEL,0.4833110272884369,0.773220956325531,-0.6251594424247742,0.8787840008735657,0.9999649524688721
393,13100,LEFT_FOOT_INDEX,0.43326133489608765,0.7701804041862488,-0.5129261016845703,0.9343461394309998,0.999815046787262
393,13100,RIGHT_FOOT_INDEX,0.5124654173851013,0.7980477213859558,-0.7230618000030518,0.8588862419128418,0.9999039173126221
394,13133,NOSE,0.6008841395378113,0.4156440496444702,0.5801560878753662,0.9939373135566711,0.9999831914901733
394,13133,LEFT_EYE_INNER,0.600199282169342,0.4065106511116028,0.5582138299942017,0.9955762028694153,0.9999756813049316
394,13133,LEFT_EYE,0.5967622995376587,0.40454497933387756,0.5581712126731873,0.9966928958892822,0.9999728202819824
394,13133,LEFT_EYE_OUTER,0.5933012962341309,0.4028565287590027,0.5581314563751221,0.9964162707328796,0.9999649524688721
394,13133,RIGHT_EYE_INNER,0.6096304655075073,0.41096121072769165,0.547938883304596,0.9943998456001282,0.9999834299087524
394,13133,RIGHT_EYE,0.6128353476524353,0.4120213985443115,0.5478962063789368,0.9947490692138672,0.9999837875366211
394,13133,RIGHT_EYE_OUTER,0.6159519553184509,0.4131150245666504,0.5478365421295166,0.9949275851249695,0.9999829530715942
394,13133,LEFT_EAR,0.5821356773376465,0.40198513865470886,0.4339490532875061,0.9955969452857971,0.9999682903289795
394,13133,RIGHT_EAR,0.6149731874465942,0.4170368015766144,0.3985179364681244,0.9959534406661987,0.9999878406524658
394,13133,MOUTH_LEFT,0.5914382934570312,0.4187076687812805,0.5397096276283264,0.9919293522834778,0.9999744892120361
394,13133,MOUTH_RIGHT,0.6002049446105957,0.4240471422672272,0.5271018743515015,0.9894805550575256,0.9999816417694092
394,13133,LEFT_SHOULDER,0.4959440231323242,0.4230954051017761,0.36615967750549316,0.9996174573898315,0.9997976422309875
394,13133,RIGHT_SHOULDER,0.6084120273590088,0.46579575538635254,0.24276071786880493,0.9983635544776917,0.9999315738677979
394,13133,LEFT_ELBOW,0.48183542490005493,0.49127477407455444,0.386738121509552,0.7526537775993347,0.998902440071106
394,13133,RIGHT_ELBOW,0.6150610446929932,0.5397788882255554,0.31710758805274963,0.44395798444747925,0.9997934699058533
394,13133,LEFT_WRIST,0.5263290405273438,0.5231329798698425,0.4368610382080078,0.7241669297218323,0.9987906813621521
394,13133,RIGHT_WRIST,0.6225836873054504,0.5353460907936096,0.5444239377975464,0.3962407112121582,0.9997661709785461
394,13133,LEFT_PINKY,0.5327997803688049,0.5278126001358032,0.4549652636051178,0.7084608674049377,0.9985712766647339
394,13133,RIGHT_PINKY,0.6367588043212891,0.5451985597610474,0.5732272267341614,0.39567258954048157,0.9996466636657715
394,13133,LEFT_INDEX,0.5460912585258484,0.526642382144928,0.45292752981185913,0.7073752880096436,0.9986085295677185
394,13133,RIGHT_INDEX,0.6311771273612976,0.5378605723381042,0.576310396194458,0.3993995487689972,0.9996415376663208
394,13133,LEFT_THUMB,0.5472113490104675,0.5258836150169373,0.437330424785614,0.6878051161766052,0.9989078044891357
394,13133,RIGHT_THUMB,0.6230788230895996,0.5343717336654663,0.5529748201370239,0.401420533657074,0.9997536540031433
394,13133,LEFT_HIP,0.4162597060203552,0.547997772693634,0.025212667882442474,0.9997854232788086,0.9999821186065674
394,13133,RIGHT_HIP,0.5043683648109436,0.5668658018112183,-0.02560342475771904,0.999481737613678,0.9999775886535645
394,13133,LEFT_KNEE,0.3945719599723816,0.6514724493026733,0.09676466882228851,0.930705726146698,0.9992870688438416
394,13133,RIGHT_KNEE,0.4968717694282532,0.6600916981697083,0.03897953778505325,0.806076169013977,0.9996616840362549
394,13133,LEFT_ANKLE,0.41494470834732056,0.734069287776947,-0.32539767026901245,0.9433930516242981,0.99954754114151
394,13133,RIGHT_ANKLE,0.49120861291885376,0.7676271200180054,-0.3697787821292877,0.8616258502006531,0.9998070597648621
394,13133,LEFT_HEEL,0.4287005066871643,0.7457864880561829,-0.3741496801376343,0.9727816581726074,0.9994854927062988
394,13133,RIGHT_HEEL,0.48495543003082275,0.7785828709602356,-0.4141295552253723,0.8883854746818542,0.9997068047523499
394,13133,LEFT_FOOT_INDEX,0.43174615502357483,0.7714764475822449,-0.42541760206222534,0.9317349791526794,0.9986608028411865
394,13133,RIGHT_FOOT_INDEX,0.5014767050743103,0.7932464480400085,-0.4747687876224518,0.8650519251823425,0.9992266893386841
395,13167,NOSE,0.5985406041145325,0.41074538230895996,0.4970267415046692,0.9934412240982056,0.9999048709869385
395,13167,LEFT_EYE_INNER,0.5975722670555115,0.40292543172836304,0.4769746959209442,0.9952477812767029,0.9998480081558228
395,13167,LEFT_EYE,0.5943599343299866,0.4013098180294037,0.4769255220890045,0.9962236285209656,0.9998242259025574
395,13167,LEFT_EYE_OUTER,0.5904904007911682,0.3996649384498596,0.4768189787864685,0.9959428310394287,0.99978107213974
395,13167,RIGHT_EYE_INNER,0.6073901057243347,0.4071545898914337,0.46913328766822815,0.994074821472168,0.9998998641967773
395,13167,RIGHT_EYE,0.6107668280601501,0.4083610773086548,0.4690963327884674,0.994414746761322,0.9999023675918579
395,13167,RIGHT_EYE_OUTER,0.6140097975730896,0.4095803201198578,0.46902263164520264,0.9947487711906433,0.9998999834060669
395,13167,LEFT_EAR,0.5832831859588623,0.3997171223163605,0.3680345416069031,0.994971513748169,0.9997678399085999
395,13167,RIGHT_EAR,0.6134963631629944,0.41362881660461426,0.38837265968322754,0.9958357214927673,0.999922513961792
395,13167,MOUTH_LEFT,0.5893442630767822,0.414200097322464,0.46118608117103577,0.9920011162757874,0.9997377991676331
395,13167,MOUTH_RIGHT,0.5995746850967407,0.4195844531059265,0.4521070420742035,0.9899215698242188,0.9998140931129456
395,13167,LEFT_SHOULDER,0.5094950795173645,0.42689990997314453,0.31972604990005493,0.9995113611221313,0.9990243911743164
395,13167,RIGHT_SHOULDER,0.6037122011184692,0.461007297039032,0.18079900741577148,0.9984636902809143,0.9996646642684937
395,13167,LEFT_ELBOW,0.5432984232902527,0.5031324625015259,0.2903827726840973,0.6805341243743896,0.9976637363433838
395,13167,RIGHT_ELBOW,0.6049731373786926,0.534011960029602,0.18235042691230774,0.4428319036960602,0.9994099140167236
395,13167,LEFT_WRIST,0.6233274340629578,0.536300778388977,0.23854337632656097,0.6761654019355774,0.9969706535339355
395,13167,RIGHT_WRIST,0.6340562105178833,0.5446506142616272,0.30632978677749634,0.39113542437553406,0.9985737800598145
395,13167,LEFT_PINKY,0.6418030261993408,0.5398387312889099,0.22957144677639008,0.6693353056907654,0.9968434572219849
395,13167,RIGHT_PINKY,0.6453892588615417,0.5500657558441162,0.30457860231399536,0.39656662940979004,0.9978694915771484
395,13167,LEFT_INDEX,0.653142511844635,0.5420491099357605,0.22248224914073944,0.6692295074462891,0.996193528175354
395,13167,RIGHT_INDEX,0.6433631777763367,0.5441072583198547,0.30761614441871643,0.3993547856807709,0.9978654980659485
395,13167,LEFT_THUMB,0.6467852592468262,0.5418992042541504,0.23139959573745728,0.6504145860671997,0.9971157312393188
395,13167,RIGHT_THUMB,0.6359888911247253,0.5409565567970276,0.3088856041431427,0.40268146991729736,0.998478353023529
395,13167,LEFT_HIP,0.4123165011405945,0.5301335453987122,0.03394855931401253,0.9997900128364563,0.9999228715896606
395,13167,RIGHT_HIP,0.5017760992050171,0.5493156909942627,-0.03418945148587227,0.9995131492614746,0.9999330043792725
395,13167,LEFT_KNEE,0.38334906101226807,0.6416248679161072,0.08360716700553894,0.9274193048477173,0.9988341927528381
395,13167,RIGHT_KNEE,0.4934753477573395,0.6572062373161316,-0.03274325281381607,0.8126815557479858,0.999600350856781
395,13167,LEFT_ANKLE,0.4076317846775055,0.7189366221427917,-0.18086345493793488,0.9388420581817627,0.9992401599884033
395,13167,RIGHT_ANKLE,0.49351227283477783,0.7785703539848328,-0.32045209407806396,0.8724576234817505,0.9994891881942749
395,13167,LEFT_HEEL,0.4039759039878845,0.736644983291626,-0.20431415736675262,0.9712667465209961,0.9992307424545288
395,13167,RIGHT_HEEL,0.4876779019832611,0.7957784533500671,-0.3529999852180481,0.8965715765953064,0.9992552399635315
395,13167,LEFT_FOOT_INDEX,0.4122748076915741,0.7642014026641846,-0.25508251786231995,0.9197826385498047,0.9984524250030518
395,13167,RIGHT_FOOT_INDEX,0.5173979997634888,0.799587070941925,-0.44869428873062134,0.8702231049537659,0.9981129169464111
396,13200,NOSE,0.6000654101371765,0.41405051946640015,0.5046675801277161,0.9928737878799438,0.9997581839561462
396,13200,LEFT_EYE_INNER,0.6006816625595093,0.40613311529159546,0.49957114458084106,0.994964599609375,0.9996123909950256
396,13200,LEFT_EYE,0.5978541374206543,0.40479832887649536,0.49956873059272766,0.9959784746170044,0.9995599389076233
396,13200,LEFT_EYE_OUTER,0.5948816537857056,0.40353885293006897,0.49942678213119507,0.9954780340194702,0.9994757771492004
396,13200,RIGHT_EYE_INNER,0.6094792485237122,0.41019558906555176,0.48622262477874756,0.9939608573913574,0.9997058510780334
396,13200,RIGHT_EYE,0.6122164130210876,0.41142234206199646,0.4861120879650116,0.9944206476211548,0.9997078776359558
396,13200,RIGHT_EYE_OUTER,0.6147071123123169,0.412657231092453,0.4859614074230194,0.994703471660614,0.9997105002403259
396,13200,LEFT_EAR,0.5880207419395447,0.40458428859710693,0.4428466558456421,0.9949292540550232,0.9995356798171997
396,13200,RIGHT_EAR,0.6140709519386292,0.416598916053772,0.3874571919441223,0.9958921074867249,0.9997860789299011
396,13200,MOUTH_LEFT,0.5909114480018616,0.4185197949409485,0.48458874225616455,0.9920024871826172,0.9995214939117432
396,13200,MOUTH_RIGHT,0.6004763841629028,0.4222314953804016,0.4670237600803375,0.9900797605514526,0.9996356964111328
396,13200,LEFT_SHOULDER,0.5210469365119934,0.4335734248161316,0.39878565073013306,0.9994478225708008,0.999086856842041
396,13200,RIGHT_SHOULDER,0.5856428742408752,0.4586535692214966,0.21916233003139496,0.9985646605491638,0.9995189905166626
396,13200,LEFT_ELBOW,0.5636301040649414,0.5236835479736328,0.3567008972167969,0.6165856122970581,0.9951183795928955
396,13200,RIGHT_ELBOW,0.5841187834739685,0.5142982006072998,0.08696596324443817,0.4286669194698334,0.9978122711181641
396,13200,LEFT_WRIST,0.6272792816162109,0.5782098770141602,0.26009511947631836,0.6253834962844849,0.9865250587463379
396,13200,RIGHT_WRIST,0.6219819784164429,0.519232988357544,0.03619775176048279,0.36627161502838135,0.9950392842292786
396,13200,LEFT_PINKY,0.6561506390571594,0.5826568007469177,0.2429928481578827,0.6251069903373718,0.9873942136764526
396,13200,RIGHT_PINKY,0.6375143527984619,0.5195059776306152,0.016079744324088097,0.3764903247356415,0.9951565861701965
396,13200,LEFT_INDEX,0.666687548160553,0.5851880311965942,0.2384105920791626,0.6266739368438721,0.9869088530540466
396,13200,RIGHT_INDEX,0.6369414329528809,0.5171070694923401,0.028288204222917557,0.3776397705078125,0.9951477646827698
396,13200,LEFT_THUMB,0.6502602696418762,0.5901185870170593,0.2517565190792084,0.6088235378265381,0.9892106056213379
396,13200,RIGHT_THUMB,0.6302964687347412,0.5158395767211914,0.037736427038908005,0.38154518604278564,0.996154248714447
396,13200,LEFT_HIP,0.40932586789131165,0.5205056667327881,0.058500345796346664,0.99980229139328,0.9998934268951416
396,13200,RIGHT_HIP,0.4830625653266907,0.5313795804977417,-0.0588315986096859,0.9995540976524353,0.9999260902404785
396,13200,LEFT_KNEE,0.3876313269138336,0.6311322450637817,0.05878675729036331,0.9285638928413391,0.9992844462394714
396,13200,RIGHT_KNEE,0.48924750089645386,0.6537835597991943,-0.022181058302521706,0.8262912034988403,0.9996590614318848
396,13200,LEFT_ANKLE,0.38865232467651367,0.6958713531494141,-0.011066138744354248,0.940919041633606,0.9995150566101074
396,13200,RIGHT_ANKLE,0.4883175492286682,0.7737924456596375,-0.12415999174118042,0.8840197324752808,0.9994586110115051
396,13200,LEFT_HEEL,0.3921266496181488,0.7147349715232849,-0.019241519272327423,0.9716912508010864,0.9995131492614746
396,13200,RIGHT_HEEL,0.4835937023162842,0.7901899218559265,-0.1326378434896469,0.9049355983734131,0.9993005990982056
396,13200,LEFT_FOOT_INDEX,0.403224378824234,0.7292142510414124,-0.08420540392398834,0.913844108581543,0.9989405274391174
396,13200,RIGHT_FOOT_INDEX,0.5274502038955688,0.800724446773529,-0.2439337819814682,0.8747802972793579,0.9980944991111755
397,13233,NOSE,0.6149949431419373,0.41629910469055176,0.47721201181411743,0.9932684898376465,0.9999257326126099
397,13233,LEFT_EYE_INNER,0.6133311986923218,0.4086199104785919,0.4760857820510864,0.9952881932258606,0.9998887777328491
397,13233,LEFT_EYE,0.6106994152069092,0.4074871838092804,0.4760633111000061,0.9962148666381836,0.9998801946640015
397,13233,LEFT_EYE_OUTER,0.6081453561782837,0.4064342677593231,0.47595423460006714,0.9957595467567444,0.9998618364334106
397,13233,RIGHT_EYE_INNER,0.6207379698753357,0.4117419123649597,0.4594251215457916,0.994398832321167,0.9999077320098877
397,13233,RIGHT_EYE,0.6226018071174622,0.41238126158714294,0.4593515992164612,0.9948238730430603,0.9999085664749146
397,13233,RIGHT_EYE_OUTER,0.6242241859436035,0.4131027162075043,0.4592360556125641,0.9950998425483704,0.9999098777770996
397,13233,LEFT_EAR,0.5999171733856201,0.40703853964805603,0.44520828127861023,0.9952439069747925,0.9998779296875
397,13233,RIGHT_EAR,0.6187627911567688,0.4150818884372711,0.3666999340057373,0.9961767792701721,0.9999366998672485
397,13233,MOUTH_LEFT,0.6045183539390564,0.420547753572464,0.465724915266037,0.9926102757453918,0.999864935874939
397,13233,MOUTH_RIGHT,0.6115427613258362,0.42359399795532227,0.44397538900375366,0.9908773303031921,0.9998868703842163
397,13233,LEFT_SHOULDER,0.5391702651977539,0.43949392437934875,0.44739773869514465,0.9994170665740967,0.999517560005188
397,13233,RIGHT_SHOULDER,0.588361382484436,0.4496000409126282,0.19970257580280304,0.9986826777458191,0.9997678399085999
397,13233,LEFT_ELBOW,0.5765092372894287,0.5158945322036743,0.387894868850708,0.5674005150794983,0.9990543723106384
397,13233,RIGHT_ELBOW,0.59833163022995,0.5065317153930664,0.08284942060709,0.44915318489074707,0.9994663596153259
397,13233,LEFT_WRIST,0.6553717851638794,0.5365784168243408,0.26417964696884155,0.6060526967048645,0.9995825886726379
397,13233,RIGHT_WRIST,0.648184597492218,0.5037288665771484,0.06383968144655228,0.38115525245666504,0.9992430210113525
397,13233,LEFT_PINKY,0.6738472580909729,0.5366910696029663,0.2516733407974243,0.609917163848877,0.9995543360710144
397,13233,RIGHT_PINKY,0.66574627161026,0.501258373260498,0.04369193688035011,0.3937668800354004,0.9989733695983887
397,13233,LEFT_INDEX,0.6791192293167114,0.5378866791725159,0.2522146999835968,0.6120721101760864,0.9994901418685913
397,13233,RIGHT_INDEX,0.6628508567810059,0.4993976950645447,0.057253602892160416,0.39289119839668274,0.9989111423492432
397,13233,LEFT_THUMB,0.6716663837432861,0.5390705466270447,0.2593780755996704,0.5948066711425781,0.9996590614318848
397,13233,RIGHT_THUMB,0.6559386253356934,0.5001987814903259,0.0683918446302414,0.3949742615222931,0.9992608428001404
397,13233,LEFT_HIP,0.4133927524089813,0.5084536671638489,0.09692825376987457,0.9998189210891724,0.9999814033508301
397,13233,RIGHT_HIP,0.474331259727478,0.5117185711860657,-0.09731277823448181,0.999596118927002,0.9999841451644897
397,13233,LEFT_KNEE,0.38440486788749695,0.62010657787323,0.10518535226583481,0.9247323870658875,0.999632716178894
397,13233,RIGHT_KNEE,0.4870126247406006,0.6449958682060242,-0.07767462730407715,0.8402537107467651,0.9998809099197388
397,13233,LEFT_ANKLE,0.35822585225105286,0.6560088992118835,-0.030653981491923332,0.9399237632751465,0.9996874332427979
397,13233,RIGHT_ANKLE,0.49123451113700867,0.7730748057365417,-0.32175710797309875,0.8950743079185486,0.9996737241744995
397,13233,LEFT_HEEL,0.35348930954933167,0.6593953967094421,-0.04792806878685951,0.9701665043830872,0.9996554851531982
397,13233,RIGHT_HEEL,0.5029771327972412,0.7886403799057007,-0.3500138521194458,0.9134901165962219,0.9995101690292358
397,13233,LEFT_FOOT_INDEX,0.3607603907585144,0.6846798658370972,-0.11387894302606583,0.9131378531455994,0.9992407560348511
397,13233,RIGHT_FOOT_INDEX,0.5459925532341003,0.8008917570114136,-0.4641198515892029,0.8857538104057312,0.9984174966812134
398,13267,NOSE,0.6252387166023254,0.41993004083633423,0.4882752597332001,0.9937292337417603,0.9999470710754395
398,13267,LEFT_EYE_INNER,0.6234191656112671,0.41127726435661316,0.49277636408805847,0.995676577091217,0.9999065399169922
398,13267,LEFT_EYE,0.6204649806022644,0.410051167011261,0.4927557706832886,0.996509850025177,0.9998949766159058
398,13267,LEFT_EYE_OUTER,0.6174060702323914,0.408855140209198,0.492657870054245,0.9960951209068298,0.9998714923858643
398,13267,RIGHT_EYE_INNER,0.6303533315658569,0.41342630982398987,0.4698816239833832,0.9948905110359192,0.9999306201934814
398,13267,RIGHT_EYE,0.6320350170135498,0.41360029578208923,0.4698106348514557,0.9952700734138489,0.9999336004257202
398,13267,RIGHT_EYE_OUTER,0.6333733797073364,0.4138927459716797,0.4696640372276306,0.9955325722694397,0.9999340772628784
398,13267,LEFT_EAR,0.608191728591919,0.40844592452049255,0.47616076469421387,0.9956443309783936,0.9999020099639893
398,13267,RIGHT_EAR,0.6257938146591187,0.41516169905662537,0.37383949756622314,0.9965270757675171,0.9999606609344482
398,13267,MOUTH_LEFT,0.613724410533905,0.42361533641815186,0.48346614837646484,0.9932090044021606,0.9998993873596191
398,13267,MOUTH_RIGHT,0.6212294101715088,0.42581063508987427,0.45346713066101074,0.9916938543319702,0.9999306201934814
398,13267,LEFT_SHOULDER,0.5381599068641663,0.4383712708950043,0.4635718762874603,0.9993556141853333,0.9991623163223267
398,13267,RIGHT_SHOULDER,0.5949636101722717,0.4451233744621277,0.21256646513938904,0.9988021850585938,0.9998791217803955
398,13267,LEFT_ELBOW,0.5735079050064087,0.5012794733047485,0.35789820551872253,0.5191068053245544,0.9970762729644775
398,13267,RIGHT_ELBOW,0.6072453260421753,0.496738076210022,0.06354188919067383,0.4848514199256897,0.9993588328361511
398,13267,LEFT_WRIST,0.6565972566604614,0.518839418888092,0.20542065799236298,0.5925727486610413,0.9989280104637146
398,13267,RIGHT_WRIST,0.6544269919395447,0.5062422156333923,0.0154045931994915,0.4032534956932068,0.9982831478118896
398,13267,LEFT_PINKY,0.678991973400116,0.5169813632965088,0.1832403987646103,0.5990664958953857,0.9989099502563477
398,13267,RIGHT_PINKY,0.6698697209358215,0.5054662227630615,-0.004948294255882502,0.41294726729393005,0.9972203969955444
398,13267,LEFT_INDEX,0.6778901815414429,0.5172988176345825,0.18873028457164764,0.6007460355758667,0.998730480670929
398,13267,RIGHT_INDEX,0.670220136642456,0.49999862909317017,0.00972396694123745,0.40989941358566284,0.9975045323371887
398,13267,LEFT_THUMB,0.6682206988334656,0.518786609172821,0.20124435424804688,0.5829706192016602,0.9991328120231628
398,13267,RIGHT_THUMB,0.6636176109313965,0.5016307234764099,0.020830677822232246,0.4124525189399719,0.9982506632804871
398,13267,LEFT_HIP,0.4119214117527008,0.5005457997322083,0.09135877341032028,0.9998326301574707,0.9999557733535767
398,13267,RIGHT_HIP,0.47598761320114136,0.5072267651557922,-0.09162666648626328,0.9996336698532104,0.9999833106994629
398,13267,LEFT_KNEE,0.34778428077697754,0.593862771987915,0.10692433267831802,0.9291523694992065,0.9979224801063538
398,13267,RIGHT_KNEE,0.5075587630271912,0.6388962864875793,-0.07186689972877502,0.8537032008171082,0.9996424913406372
398,13267,LEFT_ANKLE,0.3047037720680237,0.6226931214332581,-0.02743024192750454,0.9393426179885864,0.9957755208015442
398,13267,RIGHT_ANKLE,0.4973644018173218,0.7717482447624207,-0.29342666268348694,0.9042046070098877,0.9954148530960083
398,13267,LEFT_HEEL,0.2953609228134155,0.6255438923835754,-0.04382624104619026,0.9688896536827087,0.9948264956474304
398,13267,RIGHT_HEEL,0.5123720169067383,0.786702036857605,-0.3194953501224518,0.9199381470680237,0.9928097724914551
398,13267,LEFT_FOOT_INDEX,0.307918906211853,0.6328257918357849,-0.10354535281658173,0.9067127704620361,0.9920600652694702
398,13267,RIGHT_FOOT_INDEX,0.5651638507843018,0.7949994802474976,-0.41950127482414246,0.8917489647865295,0.984083354473114
399,13300,NOSE,0.6302072405815125,0.4268079400062561,0.5220123529434204,0.9942653179168701,0.9999382495880127
399,13300,LEFT_EYE_INNER,0.6302905678749084,0.41677194833755493,0.52752286195755,0.9960594177246094,0.9999079704284668
399,13300,LEFT_EYE,0.6273636817932129,0.4151001274585724,0.5275437235832214,0.9968037605285645,0.9999096393585205
399,13300,LEFT_EYE_OUTER,0.6241653561592102,0.4132319688796997,0.5274295210838318,0.9964350461959839,0.9998975992202759
399,13300,RIGHT_EYE_INNER,0.6363698840141296,0.4186587631702423,0.4970855712890625,0.9953483939170837,0.999907374382019
399,13300,RIGHT_EYE,0.6378430128097534,0.41856664419174194,0.49707549810409546,0.9956821799278259,0.9998987913131714
399,13300,RIGHT_EYE_OUTER,0.6390669941902161,0.41851019859313965,0.4969472587108612,0.9959304332733154,0.9998811483383179
399,13300,LEFT_EAR,0.6125695109367371,0.41012459993362427,0.5073749423027039,0.9960334300994873,0.9999243021011353
399,13300,RIGHT_EAR,0.6312556862831116,0.41787421703338623,0.3726951777935028,0.9968382716178894,0.9999001026153564
399,13300,MOUTH_LEFT,0.6173365116119385,0.43015310168266296,0.5169429183006287,0.9938114285469055,0.9998984336853027
399,13300,MOUTH_RIGHT,0.6241058707237244,0.43352261185646057,0.4761679172515869,0.9924367666244507,0.9998843669891357
399,13300,LEFT_SHOULDER,0.538837194442749,0.43743696808815,0.49107125401496887,0.9992943406105042,0.9991931319236755
399,13300,RIGHT_SHOULDER,0.6025993824005127,0.44311851263046265,0.21349678933620453,0.9988732933998108,0.9991610050201416
399,13300,LEFT_ELBOW,0.5725035071372986,0.49290400743484497,0.49230268597602844,0.47138139605522156,0.996670663356781
399,13300,RIGHT_ELBOW,0.6313911080360413,0.49519798159599304,0.1364290565252304,0.5056491494178772,0.9986979961395264
399,13300,LEFT_WRIST,0.6551654934883118,0.513066828250885,0.4283409118652344,0.555336058139801,0.9981918931007385
399,13300,RIGHT_WRIST,0.6741462349891663,0.5049437880516052,0.13657146692276,0.4136563539505005,0.997718334197998
399,13300,LEFT_PINKY,0.675710141658783,0.5146608948707581,0.4215199947357178,0.5666437149047852,0.996970534324646
399,13300,RIGHT_PINKY,0.6875066757202148,0.506129264831543,0.12583324313163757,0.4249769449234009,0.9960439205169678
399,13300,LEFT_INDEX,0.6801329851150513,0.5169420838356018,0.42610451579093933,0.5683854818344116,0.996932864189148
399,13300,RIGHT_INDEX,0.6854092478752136,0.5028683543205261,0.04682058468461037,0.4204469621181488,0.9961169958114624
399,13300,LEFT_THUMB,0.6721203923225403,0.5137635469436646,0.42571452260017395,0.5536515116691589,0.9979573488235474
399,13300,RIGHT_THUMB,0.6792327761650085,0.502587616443634,0.061705633997917175,0.42172136902809143,0.9973810315132141
399,13300,LEFT_HIP,0.4094069004058838,0.4905649721622467,0.07842567563056946,0.99983811378479,0.9999233484268188
399,13300,RIGHT_HIP,0.4773555099964142,0.5042898654937744,-0.07875068485736847,0.9996554851531982,0.9999327659606934
399,13300,LEFT_KNEE,0.31911325454711914,0.555834949016571,0.016624916344881058,0.9356235265731812,0.9955558180809021
399,13300,RIGHT_KNEE,0.4952319264411926,0.6380082964897156,-0.033339764922857285,0.8661435842514038,0.9959877133369446
399,13300,LEFT_ANKLE,0.28709444403648376,0.5450613498687744,0.019494086503982544,0.9365338087081909,0.9685275554656982
399,13300,RIGHT_ANKLE,0.49333223700523376,0.7706717848777771,-0.10353466123342514,0.9103105664253235,0.9668693542480469
399,13300,LEFT_HEEL,0.3006657660007477,0.5329419374465942,0.021618401631712914,0.9670724868774414,0.9699150323867798
399,13300,RIGHT_HEEL,0.5043687224388123,0.7865450978279114,-0.10710758715867996,0.9233682155609131,0.9686781167984009
399,13300,LEFT_FOOT_INDEX,0.2789769768714905,0.5380282998085022,0.0029887137934565544,0.8607730269432068,0.9523581862449646
399,13300,RIGHT_FOOT_INDEX,0.5377326607704163,0.7918098568916321,-0.15635710954666138,0.870513379573822,0.9373149275779724
400,13333,NOSE,0.631563127040863,0.42956215143203735,0.5342959761619568,0.9948270320892334,0.9999961853027344
400,13333,LEFT_EYE_INNER,0.6332910656929016,0.41938552260398865,0.5446702837944031,0.9964475035667419,0.9999934434890747
400,13333,LEFT_EYE,0.6312143802642822,0.41787949204444885,0.5447367429733276,0.9971160292625427,0.9999926090240479
400,13333,LEFT_EYE_OUTER,0.628960371017456,0.416141539812088,0.5447062849998474,0.9967859983444214,0.999990701675415
400,13333,RIGHT_EYE_INNER,0.637921154499054,0.42055583000183105,0.5047799348831177,0.9958088994026184,0.9999942779541016
400,13333,RIGHT_EYE,0.6396708488464355,0.4193999171257019,0.5046917200088501,0.9961084723472595,0.999994158744812
400,13333,RIGHT_EYE_OUTER,0.640681266784668,0.41878795623779297,0.5045678019523621,0.996333658695221,0.9999936819076538
400,13333,LEFT_EAR,0.6187189221382141,0.41058817505836487,0.5524617433547974,0.9964244961738586,0.9999903440475464
400,13333,RIGHT_EAR,0.6337869763374329,0.4167190492153168,0.3721676170825958,0.9971505999565125,0.9999939203262329
400,13333,MOUTH_LEFT,0.6202020645141602,0.4321626126766205,0.5386645793914795,0.9944233298301697,0.9999899864196777
400,13333,MOUTH_RIGHT,0.6248235702514648,0.4343365430831909,0.48564785718917847,0.9931868314743042,0.9999915361404419
400,13333,LEFT_SHOULDER,0.53554767370224,0.43678003549575806,0.5646845102310181,0.999317467212677,0.9998251795768738
400,13333,RIGHT_SHOULDER,0.608106791973114,0.43738991022109985,0.18470604717731476,0.9989832043647766,0.9999778270721436
400,13333,LEFT_ELBOW,0.5604114532470703,0.48756924271583557,0.5042784810066223,0.42859646677970886,0.9994687438011169
400,13333,RIGHT_ELBOW,0.6282791495323181,0.4901553988456726,0.021621527150273323,0.5510815978050232,0.9999682903289795
400,13333,LEFT_WRIST,0.6271823644638062,0.5057913661003113,0.36058053374290466,0.5183903574943542,0.9998501539230347
400,13333,RIGHT_WRIST,0.6754030585289001,0.5061161518096924,0.03085925430059433,0.45885369181632996,0.9999655485153198
400,13333,LEFT_PINKY,0.6428830027580261,0.5062704682350159,0.34453055262565613,0.5348467230796814,0.999790370464325
400,13333,RIGHT_PINKY,0.6845012307167053,0.5073505640029907,0.016313977539539337,0.4660223722457886,0.9999186992645264
400,13333,LEFT_INDEX,0.6482735276222229,0.5089951157569885,0.3548547625541687,0.5365138053894043,0.9997937083244324
400,13333,RIGHT_INDEX,0.6823873519897461,0.5037187933921814,0.0400213748216629,0.4595336616039276,0.999922513961792
400,13333,LEFT_THUMB,0.6428174376487732,0.5082816481590271,0.35668084025382996,0.5238099098205566,0.9998624324798584
400,13333,RIGHT_THUMB,0.6790599822998047,0.5030964612960815,0.041515860706567764,0.45743483304977417,0.999954342842102
400,13333,LEFT_HIP,0.4124827980995178,0.4837038218975067,0.11937135457992554,0.999852180480957,0.9999953508377075
400,13333,RIGHT_HIP,0.47634947299957275,0.49409428238868713,-0.11957347393035889,0.9996885657310486,0.9999984502792358
400,13333,LEFT_KNEE,0.321157306432724,0.5416089296340942,0.0002420709206489846,0.9412766695022583,0.9998015761375427
400,13333,RIGHT_KNEE,0.4810064435005188,0.6309381127357483,-0.11970901489257812,0.8790975213050842,0.9998986721038818
400,13333,LEFT_ANKLE,0.2711884677410126,0.48795774579048157,0.02931482531130314,0.9409414529800415,0.9995495676994324
400,13333,RIGHT_ANKLE,0.4913414418697357,0.7667065262794495,-0.1417321264743805,0.9189497232437134,0.998924195766449
400,13333,LEFT_HEEL,0.27561211585998535,0.47265031933784485,0.034483402967453,0.9693029522895813,0.9994865655899048
400,13333,RIGHT_HEEL,0.49235042929649353,0.7842646837234497,-0.15097272396087646,0.9304547309875488,0.9988741278648376
400,13333,LEFT_FOOT_INDEX,0.23779495060443878,0.46901369094848633,-0.007234883029013872,0.8590971827507019,0.9985449314117432
400,13333,RIGHT_FOOT_INDEX,0.5284373760223389,0.7928767800331116,-0.23068492114543915,0.8787600994110107,0.9958327412605286
401,13367,NOSE,0.633363664150238,0.4334529638290405,0.4626784324645996,0.9953393936157227,0.9999974966049194
401,13367,LEFT_EYE_INNER,0.6341875195503235,0.4225941598415375,0.5055866837501526,0.9968008995056152,0.9999954700469971
401,13367,LEFT_EYE,0.6326906681060791,0.4213126301765442,0.5057368874549866,0.9974018335342407,0.999995231628418
401,13367,LEFT_EYE_OUTER,0.6310895085334778,0.4198116064071655,0.5058548450469971,0.9971058368682861,0.9999939203262329
401,13367,RIGHT_EYE_INNER,0.6369478702545166,0.4224177598953247,0.4368300437927246,0.9962267875671387,0.9999959468841553
401,13367,RIGHT_EYE,0.6376224160194397,0.42094507813453674,0.43674108386039734,0.9964961409568787,0.9999961853027344
401,13367,RIGHT_EYE_OUTER,0.638042688369751,0.4195413887500763,0.4366294741630554,0.996699333190918,0.9999955892562866
401,13367,LEFT_EAR,0.6203925609588623,0.4131411910057068,0.5225881338119507,0.9967804551124573,0.9999948740005493
401,13367,RIGHT_EAR,0.6311445236206055,0.41546881198883057,0.3306978940963745,0.9974344372749329,0.9999967813491821
401,13367,MOUTH_LEFT,0.6221731305122375,0.43575021624565125,0.5199364423751831,0.9949771761894226,0.9999953508377075
401,13367,MOUTH_RIGHT,0.6246909499168396,0.43637755513191223,0.42371395230293274,0.9938644170761108,0.9999957084655762
401,13367,LEFT_SHOULDER,0.5383775234222412,0.43315383791923523,0.550673246383667,0.9993426203727722,0.9999452829360962
401,13367,RIGHT_SHOULDER,0.6059861779212952,0.4325063228607178,0.13648872077465057,0.9990836977958679,0.999995231628418
401,13367,LEFT_ELBOW,0.5490650534629822,0.48860108852386475,0.471069872379303,0.387589693069458,0.9996645450592041
401,13367,RIGHT_ELBOW,0.6278588771820068,0.48222678899765015,-0.08074240386486053,0.5941543579101562,0.9999927282333374
401,13367,LEFT_WRIST,0.565018892288208,0.5135311484336853,0.31490132212638855,0.47253093123435974,0.999786913394928
401,13367,RIGHT_WRIST,0.6764233708381653,0.5066990256309509,-0.11599016934633255,0.5076538324356079,0.999991774559021
401,13367,LEFT_PINKY,0.5685617327690125,0.5166592597961426,0.2981758117675781,0.4897467792034149,0.9997082352638245
401,13367,RIGHT_PINKY,0.6829575896263123,0.5085931420326233,-0.1395239681005478,0.5119410753250122,0.9999771118164062
401,13367,LEFT_INDEX,0.5721033811569214,0.5143858194351196,0.3063604235649109,0.4911372661590576,0.9997369647026062
401,13367,RIGHT_INDEX,0.6819688081741333,0.5041937232017517,-0.10094510018825531,0.5044242143630981,0.9999747276306152
401,13367,LEFT_THUMB,0.5722043514251709,0.5136383175849915,0.3100011646747589,0.48116782307624817,0.9998012185096741
401,13367,RIGHT_THUMB,0.680051326751709,0.5033288598060608,-0.09844321757555008,0.4991283714771271,0.9999861717224121
401,13367,LEFT_HIP,0.41368573904037476,0.4796166718006134,0.1279926300048828,0.9998664259910583,0.9999996423721313
401,13367,RIGHT_HIP,0.4739826023578644,0.4924052357673645,-0.12825965881347656,0.9997194409370422,0.9999998807907104
401,13367,LEFT_KNEE,0.2952767312526703,0.5305267572402954,-0.001164107583463192,0.9466490149497986,0.9999194145202637
401,13367,RIGHT_KNEE,0.4767344295978546,0.6325154304504395,-0.1292000561952591,0.8909116387367249,0.9999672174453735
401,13367,LEFT_ANKLE,0.24019479751586914,0.449441134929657,0.017275093123316765,0.946347177028656,0.9997928738594055
401,13367,RIGHT_ANKLE,0.4901456832885742,0.7641413807868958,-0.12427584081888199,0.9268047213554382,0.9996488094329834
401,13367,LEFT_HEEL,0.25164180994033813,0.4350849688053131,0.02155984938144684,0.9720068573951721,0.999714195728302
401,13367,RIGHT_HEEL,0.48279035091400146,0.7823926210403442,-0.12741690874099731,0.9367762804031372,0.9996277093887329
401,13367,LEFT_FOOT_INDEX,0.19332042336463928,0.41950592398643494,-0.048336971551179886,0.8671960830688477,0.9989607334136963
401,13367,RIGHT_FOOT_INDEX,0.5236186981201172,0.7899811267852783,-0.23028679192066193,0.8867441415786743,0.9979110360145569
402,13400,NOSE,0.638464629650116,0.4296712875366211,0.3948771059513092,0.9957989454269409,0.9999954700469971
402,13400,LEFT_EYE_INNER,0.6381872296333313,0.42066511511802673,0.41891059279441833,0.99711674451828,0.9999911785125732
402,13400,LEFT_EYE,0.6365189552307129,0.4198659360408783,0.4189916253089905,0.9976563453674316,0.9999914169311523
402,13400,LEFT_EYE_OUTER,0.6346657276153564,0.41917282342910767,0.41901543736457825,0.9973922371864319,0.9999898672103882
402,13400,RIGHT_EYE_INNER,0.6420390605926514,0.4207569658756256,0.36827272176742554,0.9966007471084595,0.9999895095825195
402,13400,RIGHT_EYE,0.6427454352378845,0.4182536005973816,0.3681856691837311,0.9968425035476685,0.999988317489624
402,13400,RIGHT_EYE_OUTER,0.643223762512207,0.41566982865333557,0.36801084876060486,0.9970263838768005,0.9999864101409912
402,13400,LEFT_EAR,0.6244839429855347,0.4090445339679718,0.4839896261692047,0.997098445892334,0.999992847442627
402,13400,RIGHT_EAR,0.6343594193458557,0.4111444056034088,0.2538732886314392,0.9976854920387268,0.9999871253967285
402,13400,MOUTH_LEFT,0.627955436706543,0.43222305178642273,0.4225180447101593,0.995469868183136,0.9999911785125732
402,13400,MOUTH_RIGHT,0.6306102871894836,0.4337509274482727,0.3540169298648834,0.9944654107093811,0.9999872446060181
402,13400,LEFT_SHOULDER,0.5420107245445251,0.4251910448074341,0.5010799765586853,0.9993749856948853,0.9999822378158569
402,13400,RIGHT_SHOULDER,0.6108460426330566,0.4280145764350891,0.07496009767055511,0.9991716742515564,0.9999897480010986
402,13400,LEFT_ELBOW,0.53085857629776,0.48763933777809143,0.5088238716125488,0.3520272970199585,0.9999537467956543
402,13400,RIGHT_ELBOW,0.6347838044166565,0.4767440855503082,-0.16451279819011688,0.6276505589485168,0.999991774559021
402,13400,LEFT_WRIST,0.5275855660438538,0.5378111600875854,0.46595972776412964,0.4393373131752014,0.9999288320541382
402,13400,RIGHT_WRIST,0.6749306321144104,0.5065627098083496,-0.2597729563713074,0.5460630655288696,0.9999886751174927
402,13400,LEFT_PINKY,0.5349509716033936,0.5468219518661499,0.47068512439727783,0.4560188353061676,0.9998383522033691
402,13400,RIGHT_PINKY,0.6888757944107056,0.5095692276954651,-0.2929549515247345,0.5477862358093262,0.9999711513519287
402,13400,LEFT_INDEX,0.5421856045722961,0.5531689524650574,0.4582039713859558,0.4581654965877533,0.9998488426208496
402,13400,RIGHT_INDEX,0.678751528263092,0.5045312643051147,-0.2445266991853714,0.537426233291626,0.999968409538269
402,13400,LEFT_THUMB,0.5392058491706848,0.5511939525604248,0.4562159776687622,0.4520196318626404,0.9999016523361206
402,13400,RIGHT_THUMB,0.6773766875267029,0.5037021636962891,-0.2411695122718811,0.527650773525238,0.999983549118042
402,13400,LEFT_HIP,0.41486871242523193,0.4779890477657318,0.1261889934539795,0.9998791217803955,0.9999998807907104
402,13400,RIGHT_HIP,0.4748311936855316,0.49447891116142273,-0.12665075063705444,0.9997471570968628,0.9999998807907104
402,13400,LEFT_KNEE,0.28525811433792114,0.5193578004837036,0.018496835604310036,0.9507737159729004,0.9999502897262573
402,13400,RIGHT_KNEE,0.4725259840488434,0.642367422580719,-0.113711878657341,0.9012255072593689,0.9999669790267944
402,13400,LEFT_ANKLE,0.22414427995681763,0.42020201683044434,0.03696412593126297,0.9509891271591187,0.9997895359992981
402,13400,RIGHT_ANKLE,0.4898039996623993,0.7613001465797424,-0.11282173544168472,0.933876097202301,0.9995306730270386
402,13400,LEFT_HEEL,0.2254747748374939,0.4040973484516144,0.039569541811943054,0.9741795659065247,0.9996911287307739
402,13400,RIGHT_HEEL,0.4688861072063446,0.774009644985199,-0.1169966384768486,0.9425343871116638,0.9994300007820129
402,13400,LEFT_FOOT_INDEX,0.1710370033979416,0.39701351523399353,-0.033714260905981064,0.8733036518096924,0.998879611492157
402,13400,RIGHT_FOOT_INDEX,0.504599392414093,0.7911025285720825,-0.2179315686225891,0.8947541117668152,0.9967284202575684
403,13433,NOSE,0.6364235281944275,0.41547587513923645,0.36761707067489624,0.9962179660797119,0.9999992847442627
403,13433,LEFT_EYE_INNER,0.6362513899803162,0.4055388867855072,0.3965526819229126,0.9974044561386108,0.9999983310699463
403,13433,LEFT_EYE,0.6344843506813049,0.4041878283023834,0.3966592252254486,0.9978898763656616,0.9999984502792358
403,13433,LEFT_EYE_OUTER,0.6326239109039307,0.40289556980133057,0.39671775698661804,0.997652530670166,0.9999982118606567
403,13433,RIGHT_EYE_INNER,0.6409895420074463,0.404459148645401,0.3448452949523926,0.9969401359558105,0.9999978542327881
403,13433,RIGHT_EYE,0.6419861912727356,0.4026414453983307,0.34474804997444153,0.997157633304596,0.999997615814209
403,13433,RIGHT_EYE_OUTER,0.6427481174468994,0.40075451135635376,0.34455838799476624,0.997323215007782,0.9999970197677612
403,13433,LEFT_EAR,0.6224507689476013,0.3960309326648712,0.4723466634750366,0.9973878264427185,0.9999988079071045
403,13433,RIGHT_EAR,0.6345981359481812,0.39840880036354065,0.23682604730129242,0.9979161620140076,0.9999973773956299
403,13433,MOUTH_LEFT,0.6251046061515808,0.4192562699317932,0.39625853300094604,0.9959215521812439,0.9999988079071045
403,13433,MOUTH_RIGHT,0.6292935013771057,0.4197165369987488,0.3273455798625946,0.9950168132781982,0.9999982118606567
403,13433,LEFT_SHOULDER,0.5393191576004028,0.4240683317184448,0.5083509087562561,0.9994237422943115,0.9999980926513672
403,13433,RIGHT_SHOULDER,0.6105000376701355,0.4214666783809662,0.061553459614515305,0.9992525577545166,0.9999951124191284
403,13433,LEFT_ELBOW,0.5273851752281189,0.5035674571990967,0.5074130892753601,0.3287864625453949,0.9999904632568359
403,13433,RIGHT_ELBOW,0.6298268437385559,0.4732283055782318,-0.23718468844890594,0.6550493240356445,0.9999914169311523
403,13433,LEFT_WRIST,0.5338711142539978,0.5859636664390564,0.42788174748420715,0.4526650607585907,0.9999843835830688
403,13433,RIGHT_WRIST,0.6729250550270081,0.5066154599189758,-0.4040152430534363,0.5858978033065796,0.9999942779541016
403,13433,LEFT_PINKY,0.5443208813667297,0.599175751209259,0.4281795918941498,0.46476563811302185,0.9999536275863647
403,13433,RIGHT_PINKY,0.6881394386291504,0.5097019672393799,-0.4524551033973694,0.5864881873130798,0.9999880790710449
403,13433,LEFT_INDEX,0.551795482635498,0.6030076146125793,0.4068576991558075,0.4696495234966278,0.9999558925628662
403,13433,RIGHT_INDEX,0.6835124492645264,0.5057647824287415,-0.40225139260292053,0.5751780271530151,0.9999874830245972
403,13433,LEFT_THUMB,0.545884370803833,0.5966284871101379,0.4130575358867645,0.46760323643684387,0.9999744892120361
403,13433,RIGHT_THUMB,0.6773045659065247,0.5047065019607544,-0.38702061772346497,0.5627105236053467,0.9999932050704956
403,13433,LEFT_HIP,0.4155082702636719,0.48293817043304443,0.12066540122032166,0.9998905658721924,0.9999998807907104
403,13433,RIGHT_HIP,0.47521284222602844,0.4936025142669678,-0.12115058302879333,0.9997721910476685,1.0
403,13433,LEFT_KNEE,0.28533560037612915,0.49945929646492004,0.026194319128990173,0.9544240236282349,0.9999815225601196
403,13433,RIGHT_KNEE,0.47303706407546997,0.6423560976982117,-0.13312482833862305,0.9104592800140381,0.9999862909317017
403,13433,LEFT_ANKLE,0.2182089239358902,0.40626436471939087,-0.006012826692312956,0.9553714394569397,0.999907374382019
403,13433,RIGHT_ANKLE,0.4894385039806366,0.762092649936676,-0.1461162120103836,0.9402347803115845,0.9998088479042053
403,13433,LEFT_HEEL,0.2220418006181717,0.39389923214912415,-0.010922018438577652,0.9762686491012573,0.9998712539672852
403,13433,RIGHT_HEEL,0.4705294966697693,0.7783928513526917,-0.14692407846450806,0.9476283192634583,0.9997492432594299
403,13433,LEFT_FOOT_INDEX,0.2046756148338318,0.41143858432769775,-0.11174604296684265,0.8828771114349365,0.9995064735412598
403,13433,RIGHT_FOOT_INDEX,0.499978244304657,0.8055583238601685,-0.2909501791000366,0.9030507206916809,0.998814582824707
404,13467,NOSE,0.6337078213691711,0.39011457562446594,0.38087594509124756,0.9965850114822388,0.9999954700469971
404,13467,LEFT_EYE_INNER,0.633461058139801,0.3806365430355072,0.3980332016944885,0.9976597428321838,0.9999901056289673
404,13467,LEFT_EYE,0.6311614513397217,0.37941670417785645,0.39808350801467896,0.9980948567390442,0.9999910593032837
404,13467,LEFT_EYE_OUTER,0.6287810206413269,0.37837478518486023,0.3980931043624878,0.9978838562965393,0.9999892711639404
404,13467,RIGHT_EYE_INNER,0.6394469738006592,0.3823550343513489,0.35441699624061584,0.9972426891326904,0.9999884366989136
404,13467,RIGHT_EYE,0.6409189105033875,0.38214895129203796,0.3543230891227722,0.9974374175071716,0.9999881982803345
404,13467,RIGHT_EYE_OUTER,0.6421247720718384,0.3819597065448761,0.35414156317710876,0.9975873231887817,0.9999855756759644
404,13467,LEFT_EAR,0.6199414134025574,0.3781472146511078,0.44156166911125183,0.9976439476013184,0.9999922513961792
404,13467,RIGHT_EAR,0.634808361530304,0.3833036422729492,0.23237618803977966,0.9981193542480469,0.9999878406524658
404,13467,MOUTH_LEFT,0.6218029260635376,0.3928157389163971,0.3957688510417938,0.9963188171386719,0.9999877214431763
404,13467,MOUTH_RIGHT,0.6283731460571289,0.3958889842033386,0.3375318646430969,0.9955021739006042,0.999983549118042
404,13467,LEFT_SHOULDER,0.5379713773727417,0.408525675535202,0.4780683219432831,0.9994144439697266,0.9999758005142212
404,13467,RIGHT_SHOULDER,0.6144269108772278,0.4133842885494232,0.05501868575811386,0.9993188977241516,0.9999775886535645
404,13467,LEFT_ELBOW,0.5191479921340942,0.4911732077598572,0.4843217730522156,0.29849570989608765,0.9999371767044067
404,13467,RIGHT_ELBOW,0.6411406397819519,0.46661311388015747,-0.20445391535758972,0.6768296957015991,0.9999747276306152
404,13467,LEFT_WRIST,0.5043443441390991,0.555352509021759,0.43706730008125305,0.4147564768791199,0.9997596144676208
404,13467,RIGHT_WRIST,0.6681931018829346,0.5055602192878723,-0.341609388589859,0.5980296730995178,0.9999701976776123
404,13467,LEFT_PINKY,0.5049940347671509,0.5664620399475098,0.43684136867523193,0.4269668757915497,0.9993971586227417
404,13467,RIGHT_PINKY,0.6845746040344238,0.5098817944526672,-0.3825570046901703,0.5991119742393494,0.9999399185180664
404,13467,LEFT_INDEX,0.50614994764328,0.5699114203453064,0.42204800248146057,0.43203139305114746,0.9993656277656555
404,13467,RIGHT_INDEX,0.6803461909294128,0.506563663482666,-0.3439887464046478,0.5839829444885254,0.9999347925186157
404,13467,LEFT_THUMB,0.5070632100105286,0.5655990839004517,0.42544856667518616,0.43284669518470764,0.9995922446250916
404,13467,RIGHT_THUMB,0.6758613586425781,0.5056027173995972,-0.32886457443237305,0.5672112703323364,0.9999617338180542
404,13467,LEFT_HIP,0.41429808735847473,0.4771687388420105,0.12140949070453644,0.9999005198478699,0.9999997615814209
404,13467,RIGHT_HIP,0.47525304555892944,0.49049609899520874,-0.12198297679424286,0.9997944831848145,0.9999998807907104
404,13467,LEFT_KNEE,0.28685030341148376,0.4820343852043152,0.03266100585460663,0.957801878452301,0.9999451637268066
404,13467,RIGHT_KNEE,0.4740671217441559,0.6428608894348145,-0.11660967767238617,0.9188264012336731,0.9999699592590332
404,13467,LEFT_ANKLE,0.2082119733095169,0.39833971858024597,0.004470044746994972,0.9589985609054565,0.9997144341468811
404,13467,RIGHT_ANKLE,0.4888043999671936,0.7672846913337708,-0.13476504385471344,0.9459980130195618,0.9994930028915405
404,13467,LEFT_HEEL,0.2072545289993286,0.3875429928302765,0.00021434850350487977,0.9776195883750916,0.9995207786560059
404,13467,RIGHT_HEEL,0.4708939492702484,0.7873980402946472,-0.141649067401886,0.9521594643592834,0.9992732405662537
404,13467,LEFT_FOOT_INDEX,0.1721619963645935,0.39738157391548157,-0.10172092169523239,0.8878315091133118,0.99826580286026
404,13467,RIGHT_FOOT_INDEX,0.5101138949394226,0.8027856349945068,-0.2895137071609497,0.9102994203567505,0.9958964586257935
405,13500,NOSE,0.635857343673706,0.37372198700904846,0.35972094535827637,0.9969218969345093,0.9999964237213135
405,13500,LEFT_EYE_INNER,0.6348989605903625,0.3642045557498932,0.3685166835784912,0.9978921413421631,0.9999918937683105
405,13500,LEFT_EYE,0.6321178674697876,0.36273616552352905,0.36850085854530334,0.9982829689979553,0.9999926090240479
405,13500,LEFT_EYE_OUTER,0.62939453125,0.3615143299102783,0.36846375465393066,0.9980942010879517,0.999990701675415
405,13500,RIGHT_EYE_INNER,0.6418127417564392,0.3668578565120697,0.3278385400772095,0.9975171089172363,0.9999912977218628
405,13500,RIGHT_EYE,0.6434646248817444,0.3670342266559601,0.3277372121810913,0.9976919293403625,0.9999920129776001
405,13500,RIGHT_EYE_OUTER,0.6447690725326538,0.36714980006217957,0.3275773227214813,0.9978272914886475,0.9999897480010986
405,13500,LEFT_EAR,0.6201782822608948,0.36229151487350464,0.37893614172935486,0.9978775978088379,0.9999933242797852
405,13500,RIGHT_EAR,0.6378037333488464,0.3695106506347656,0.1909981667995453,0.99830561876297,0.9999918937683105
405,13500,MOUTH_LEFT,0.6243837475776672,0.3753112256526947,0.3667266368865967,0.9966825842857361,0.9999914169311523
405,13500,MOUTH_RIGHT,0.6315901875495911,0.3795482814311981,0.31242695450782776,0.9959463477134705,0.9999887943267822
405,13500,LEFT_SHOULDER,0.537327229976654,0.3956510126590729,0.4381619691848755,0.9993888139724731,0.9999779462814331
405,13500,RIGHT_SHOULDER,0.621133029460907,0.4078141450881958,0.016751687973737717,0.9993815422058105,0.999984860420227
405,13500,LEFT_ELBOW,0.5137718915939331,0.4664278030395508,0.47832992672920227,0.27024081349372864,0.9999464750289917
405,13500,RIGHT_ELBOW,0.6452138423919678,0.4671494662761688,-0.17203377187252045,0.7039123773574829,0.9999780654907227
405,13500,LEFT_WRIST,0.5075049996376038,0.5406718254089355,0.48233506083488464,0.3778471350669861,0.9997914433479309
405,13500,RIGHT_WRIST,0.6740401387214661,0.5031433701515198,-0.21909266710281372,0.6115582585334778,0.9999805688858032
405,13500,LEFT_PINKY,0.5070791840553284,0.5540557503700256,0.48833566904067993,0.39071139693260193,0.9994515776634216
405,13500,RIGHT_PINKY,0.6901190280914307,0.5079953670501709,-0.24447791278362274,0.6124729514122009,0.9999585151672363
405,13500,LEFT_INDEX,0.5105870366096497,0.5579070448875427,0.47746121883392334,0.3955778181552887,0.9994720816612244
405,13500,RIGHT_INDEX,0.6900298595428467,0.5039504170417786,-0.21679094433784485,0.5952262282371521,0.9999557733535767
405,13500,LEFT_THUMB,0.5117966532707214,0.5649020075798035,0.47379136085510254,0.39799222350120544,0.9996458292007446
405,13500,RIGHT_THUMB,0.6847650408744812,0.5037907958030701,-0.20772063732147217,0.5754724144935608,0.9999724626541138
405,13500,LEFT_HIP,0.41498714685440063,0.47389355301856995,0.11913561075925827,0.9999094605445862,0.9999998807907104
405,13500,RIGHT_HIP,0.4771600663661957,0.4895876348018646,-0.11959560960531235,0.9998145699501038,0.9999998807907104
405,13500,LEFT_KNEE,0.27826839685440063,0.4716762602329254,0.03943886235356331,0.9615626931190491,0.9999798536300659
405,13500,RIGHT_KNEE,0.47481662034988403,0.6472740769386292,-0.09457630664110184,0.9265894889831543,0.9999827146530151
405,13500,LEFT_ANKLE,0.2005031406879425,0.4003996253013611,0.0023501075338572264,0.9625778794288635,0.9999068975448608
405,13500,RIGHT_ANKLE,0.48830825090408325,0.76837158203125,-0.10414447635412216,0.9510867595672607,0.9997597336769104
405,13500,LEFT_HEEL,0.18034614622592926,0.41394054889678955,-0.0020574331283569336,0.9792101979255676,0.9998263716697693
405,13500,RIGHT_HEEL,0.4715695083141327,0.7901906371116638,-0.11126698553562164,0.9560633301734924,0.9996756315231323
405,13500,LEFT_FOOT_INDEX,0.16467978060245514,0.39581480622291565,-0.09560462087392807,0.8936144709587097,0.9992187023162842
405,13500,RIGHT_FOOT_INDEX,0.5223640203475952,0.8012974262237549,-0.2305900901556015,0.9153831601142883,0.9980791807174683
406,13533,NOSE,0.6324788331985474,0.36136594414711,0.38037046790122986,0.9972167611122131,0.9999785423278809
406,13533,LEFT_EYE_INNER,0.6316633224487305,0.3512924313545227,0.3966621160507202,0.9980972409248352,0.9999502897262573
406,13533,LEFT_EYE,0.6289591193199158,0.3495718836784363,0.3966609537601471,0.9984469413757324,0.9999510049819946
406,13533,LEFT_EYE_OUTER,0.6262851357460022,0.34808433055877686,0.3966158628463745,0.9982801079750061,0.9999333620071411
406,13533,RIGHT_EYE_INNER,0.6389829516410828,0.3549954891204834,0.3632405400276184,0.9977608919143677,0.9999586343765259
406,13533,RIGHT_EYE,0.6411063075065613,0.3556504249572754,0.3631584644317627,0.9979172348976135,0.999962329864502
406,13533,RIGHT_EYE_OUTER,0.6430008411407471,0.35632023215293884,0.36301353573799133,0.9980407953262329,0.9999539852142334
406,13533,LEFT_EAR,0.6183964014053345,0.34940600395202637,0.34712377190589905,0.9980815052986145,0.9999338388442993
406,13533,RIGHT_EAR,0.6399617195129395,0.36077654361724854,0.21268658339977264,0.998470664024353,0.9999569654464722
406,13533,MOUTH_LEFT,0.622366189956665,0.364057719707489,0.393330842256546,0.9969966411590576,0.9999160766601562
406,13533,MOUTH_RIGHT,0.6305390000343323,0.3685435354709625,0.3482854962348938,0.9963321089744568,0.9999117851257324
406,13533,LEFT_SHOULDER,0.5412768125534058,0.38122373819351196,0.3935335874557495,0.9993454813957214,0.9998053908348083
406,13533,RIGHT_SHOULDER,0.6332813501358032,0.4057254195213318,0.05089740827679634,0.9994211196899414,0.9998898506164551
406,13533,LEFT_ELBOW,0.5483471751213074,0.4540027379989624,0.4779123365879059,0.2454885095357895,0.99980229139328
406,13533,RIGHT_ELBOW,0.6449906229972839,0.46702390909194946,0.02318585477769375,0.728115439414978,0.9999105930328369
406,13533,LEFT_WRIST,0.5921371579170227,0.5119777321815491,0.5096787810325623,0.3557862639427185,0.9996626377105713
406,13533,RIGHT_WRIST,0.6820684671401978,0.49852725863456726,0.2278786599636078,0.6194441914558411,0.9999349117279053
406,13533,LEFT_PINKY,0.6061272621154785,0.5253822207450867,0.5233213901519775,0.37252357602119446,0.999362051486969
406,13533,RIGHT_PINKY,0.6951921582221985,0.5038995742797852,0.23935572803020477,0.616640031337738,0.999866247177124
406,13533,LEFT_INDEX,0.6401547789573669,0.5204993486404419,0.5114344954490662,0.37784165143966675,0.9993300437927246
406,13533,RIGHT_INDEX,0.6946711540222168,0.5002036094665527,0.25500527024269104,0.5969445705413818,0.9998525381088257
406,13533,LEFT_THUMB,0.6096703410148621,0.5261339545249939,0.5017787218093872,0.3819642961025238,0.9995195865631104
406,13533,RIGHT_THUMB,0.6891012787818909,0.4987700581550598,0.24053597450256348,0.5786693096160889,0.9999126195907593
406,13533,LEFT_HIP,0.4181199371814728,0.46857738494873047,0.11330953985452652,0.9999111294746399,0.999995231628418
406,13533,RIGHT_HIP,0.4820432662963867,0.4899813234806061,-0.11392360180616379,0.9998293519020081,0.9999974966049194
406,13533,LEFT_KNEE,0.28412437438964844,0.47009095549583435,0.023862645030021667,0.9647508263587952,0.9999098777770996
406,13533,RIGHT_KNEE,0.47502627968788147,0.6464942097663879,-0.09135516732931137,0.9335949420928955,0.9999499320983887
406,13533,LEFT_ANKLE,0.19685401022434235,0.40584591031074524,-0.0059315236285328865,0.9658818244934082,0.9997105002403259
406,13533,RIGHT_ANKLE,0.4880206286907196,0.7705538272857666,-0.1159999743103981,0.9556710720062256,0.9993972778320312
406,13533,LEFT_HEEL,0.19546367228031158,0.4007861316204071,-0.015351508744060993,0.9807615280151367,0.9995761513710022
406,13533,RIGHT_HEEL,0.4728166460990906,0.7942877411842346,-0.12207948416471481,0.9597005844116211,0.9991616010665894
406,13533,LEFT_FOOT_INDEX,0.1551307886838913,0.38135477900505066,-0.09991699457168579,0.9008432030677795,0.9982460737228394
406,13533,RIGHT_FOOT_INDEX,0.5297641158103943,0.8085958361625671,-0.2235821634531021,0.920377254486084,0.9962385892868042
407,13567,NOSE,0.6303716897964478,0.3502477705478668,0.49177348613739014,0.9974426627159119,0.9999713897705078
407,13567,LEFT_EYE_INNER,0.6297045946121216,0.34066545963287354,0.4851721525192261,0.998257577419281,0.9999520778656006
407,13567,LEFT_EYE,0.6270499229431152,0.3391333520412445,0.48522040247917175,0.9985636472702026,0.9999494552612305
407,13567,LEFT_EYE_OUTER,0.6244035959243774,0.3377336859703064,0.48519405722618103,0.9984270930290222,0.9999387264251709
407,13567,RIGHT_EYE_INNER,0.6372483968734741,0.34437257051467896,0.449285089969635,0.9979587197303772,0.9999580383300781
407,13567,RIGHT_EYE,0.6396018266677856,0.34513401985168457,0.44919639825820923,0.9980928897857666,0.9999576807022095
407,13567,RIGHT_EYE_OUTER,0.6417043209075928,0.34581154584884644,0.44900521636009216,0.9982160329818726,0.9999532699584961
407,13567,LEFT_EAR,0.6169156432151794,0.3402104675769806,0.4171670079231262,0.9982328414916992,0.9999358654022217
407,13567,RIGHT_EAR,0.6401472687721252,0.35023391246795654,0.24504554271697998,0.9985936284065247,0.9999479055404663
407,13567,MOUTH_LEFT,0.6207756400108337,0.3538913130760193,0.47919961810112,0.9972357153892517,0.9998983144760132
407,13567,MOUTH_RIGHT,0.629552960395813,0.3580227494239807,0.4327733814716339,0.9966351389884949,0.9998956918716431
407,13567,LEFT_SHOULDER,0.5410476326942444,0.3719111680984497,0.47762906551361084,0.9992685914039612,0.9996823072433472
407,13567,RIGHT_SHOULDER,0.6356680393218994,0.40171024203300476,0.07741190493106842,0.9994544386863708,0.9998788833618164
407,13567,LEFT_ELBOW,0.5455807447433472,0.44707223773002625,0.5645186305046082,0.22201314568519592,0.99949049949646
407,13567,RIGHT_ELBOW,0.644657552242279,0.465976357460022,0.06988760828971863,0.7522135376930237,0.9998884201049805
407,13567,LEFT_WRIST,0.5840491652488708,0.4964281916618347,0.570133626461029,0.3251804709434509,0.9994328618049622
407,13567,RIGHT_WRIST,0.6892092227935791,0.4954257309436798,0.2943412959575653,0.624540388584137,0.9998853206634521
407,13567,LEFT_PINKY,0.595849871635437,0.5066006779670715,0.5785715579986572,0.34281712770462036,0.9991255402565002
407,13567,RIGHT_PINKY,0.7056342363357544,0.5020998120307922,0.30169451236724854,0.6144248247146606,0.9997530579566956
407,13567,LEFT_INDEX,0.6139993071556091,0.5056332945823669,0.5672802329063416,0.34808114171028137,0.9990518689155579
407,13567,RIGHT_INDEX,0.703470766544342,0.49470964074134827,0.32198211550712585,0.592099666595459,0.9997444748878479
407,13567,LEFT_THUMB,0.6018825769424438,0.5049661993980408,0.5605600476264954,0.35265597701072693,0.999305248260498
407,13567,RIGHT_THUMB,0.6983543038368225,0.4938845634460449,0.30912166833877563,0.5738754272460938,0.9998542070388794
407,13567,LEFT_HIP,0.418346643447876,0.4678678512573242,0.11325147747993469,0.9998964667320251,0.9999847412109375
407,13567,RIGHT_HIP,0.4817584156990051,0.4918983578681946,-0.1135115996003151,0.9998332858085632,0.9999929666519165
407,13567,LEFT_KNEE,0.2900181710720062,0.47743186354637146,0.015408921986818314,0.9666778445243835,0.9998661279678345
407,13567,RIGHT_KNEE,0.47443848848342896,0.6424174308776855,-0.11773724108934402,0.9398688077926636,0.999904990196228
407,13567,LEFT_ANKLE,0.19373151659965515,0.41720110177993774,-0.008669713512063026,0.9684878587722778,0.9994231462478638
407,13567,RIGHT_ANKLE,0.4877559542655945,0.7712305784225464,-0.15781910717487335,0.9599161148071289,0.99857497215271
407,13567,LEFT_HEEL,0.19106662273406982,0.40729039907455444,-0.018967188894748688,0.9820556044578552,0.9991167187690735
407,13567,RIGHT_HEEL,0.47473111748695374,0.7953583002090454,-0.16325566172599792,0.963361382484436,0.9980106949806213
407,13567,LEFT_FOOT_INDEX,0.13526204228401184,0.39179956912994385,-0.10113025456666946,0.9039233326911926,0.9972392320632935
407,13567,RIGHT_FOOT_INDEX,0.5460085272789001,0.8142385482788086,-0.26882797479629517,0.9260460138320923,0.9915184378623962
408,13600,NOSE,0.629164457321167,0.3354230523109436,0.6155500411987305,0.9976483583450317,0.9999797344207764
408,13600,LEFT_EYE_INNER,0.6289848685264587,0.32630160450935364,0.6076705455780029,0.9984039664268494,0.9999724626541138
408,13600,LEFT_EYE,0.6266223192214966,0.3248637616634369,0.6077235341072083,0.9986745715141296,0.9999717473983765
408,13600,LEFT_EYE_OUTER,0.6242027878761292,0.32369983196258545,0.607672393321991,0.998563826084137,0.9999666213989258
408,13600,RIGHT_EYE_INNER,0.6357637643814087,0.3300166726112366,0.5760722160339355,0.9981337785720825,0.999974250793457
408,13600,RIGHT_EYE,0.6380911469459534,0.3312472403049469,0.5759637951850891,0.9982469081878662,0.9999738931655884
408,13600,RIGHT_EYE_OUTER,0.6402962803840637,0.3323690593242645,0.5757785439491272,0.9983702301979065,0.9999712705612183
408,13600,LEFT_EAR,0.616153359413147,0.3257232904434204,0.5366693139076233,0.9983872175216675,0.9999701976776123
408,13600,RIGHT_EAR,0.6395195722579956,0.3379080295562744,0.39384499192237854,0.9986994862556458,0.9999710321426392
408,13600,MOUTH_LEFT,0.6193633675575256,0.33931607007980347,0.5944332480430603,0.9974596500396729,0.9999421834945679
408,13600,MOUTH_RIGHT,0.6280041933059692,0.34436526894569397,0.553563117980957,0.9969123601913452,0.9999384880065918
408,13600,LEFT_SHOULDER,0.5402552485466003,0.3606119155883789,0.5625659823417664,0.9992009401321411,0.9997329115867615
408,13600,RIGHT_SHOULDER,0.6408505439758301,0.395746111869812,0.15830878913402557,0.9994935989379883,0.9998971223831177
408,13600,LEFT_ELBOW,0.5089225769042969,0.4228340983390808,0.63788241147995,0.20047076046466827,0.9992071986198425
408,13600,RIGHT_ELBOW,0.644488513469696,0.4617796838283539,0.06990384310483932,0.774829089641571,0.9998717308044434
408,13600,LEFT_WRIST,0.5180299282073975,0.4786784052848816,0.692927360534668,0.29429665207862854,0.9986639022827148
408,13600,RIGHT_WRIST,0.6881027817726135,0.4913640320301056,0.16813388466835022,0.6343525648117065,0.9998282194137573
408,13600,LEFT_PINKY,0.5153841376304626,0.4910031855106354,0.7082212567329407,0.3115972578525543,0.9979827404022217
408,13600,RIGHT_PINKY,0.7057710886001587,0.49485743045806885,0.15431755781173706,0.6193087100982666,0.9996606111526489
408,13600,LEFT_INDEX,0.5261411666870117,0.49018120765686035,0.6960071325302124,0.3164244592189789,0.9977171421051025
408,13600,RIGHT_INDEX,0.7048588991165161,0.48948556184768677,0.18168777227401733,0.5951474905014038,0.999627947807312
408,13600,LEFT_THUMB,0.5294796228408813,0.4865512251853943,0.6851418018341064,0.32083970308303833,0.9983443021774292
408,13600,RIGHT_THUMB,0.6981134414672852,0.48753222823143005,0.1813502162694931,0.5759623050689697,0.9997634291648865
408,13600,LEFT_HIP,0.41870248317718506,0.46398234367370605,0.12107500433921814,0.9998846054077148,0.9999830722808838
408,13600,RIGHT_HIP,0.4807452857494354,0.4925480782985687,-0.1212584599852562,0.9998401403427124,0.9999890327453613
408,13600,LEFT_KNEE,0.2902948260307312,0.4964878559112549,0.029829589650034904,0.9689901471138,0.9998286962509155
408,13600,RIGHT_KNEE,0.47419673204421997,0.6399227976799011,-0.13766883313655853,0.9456831812858582,0.9998683929443359
408,13600,LEFT_ANKLE,0.18484319746494293,0.4322011470794678,0.022629406303167343,0.9705438613891602,0.9994900226593018
408,13600,RIGHT_ANKLE,0.48756349086761475,0.7744321227073669,-0.16820426285266876,0.9638053178787231,0.9983516931533813
408,13600,LEFT_HEEL,0.1783648133277893,0.42008107900619507,0.019583875313401222,0.9828428030014038,0.9993008375167847
408,13600,RIGHT_HEEL,0.4740837514400482,0.7970234155654907,-0.17469599843025208,0.9667693376541138,0.9977059364318848
408,13600,LEFT_FOOT_INDEX,0.12003118544816971,0.41709718108177185,-0.051779236644506454,0.904231607913971,0.9978687763214111
408,13600,RIGHT_FOOT_INDEX,0.5465661883354187,0.8197641372680664,-0.2910873591899872,0.9318462610244751,0.9920710921287537
409,13633,NOSE,0.6285733580589294,0.32687219977378845,0.6659491062164307,0.9978710412979126,0.9999984502792358
409,13633,LEFT_EYE_INNER,0.6280125975608826,0.3173893392086029,0.6509223580360413,0.9985550045967102,0.9999974966049194
409,13633,LEFT_EYE,0.6255707740783691,0.31610873341560364,0.6509944200515747,0.9987968802452087,0.9999973773956299
409,13633,LEFT_EYE_OUTER,0.6232036352157593,0.314981073141098,0.6510034799575806,0.9987006187438965,0.9999969005584717
409,13633,RIGHT_EYE_INNER,0.6359809041023254,0.32151633501052856,0.6274319291114807,0.9983091950416565,0.9999973773956299
409,13633,RIGHT_EYE,0.6388782858848572,0.32286524772644043,0.6273077130317688,0.9984067678451538,0.9999971389770508
409,13633,RIGHT_EYE_OUTER,0.6416409015655518,0.3241771161556244,0.6271443367004395,0.9985228180885315,0.999996542930603
409,13633,LEFT_EAR,0.6151702404022217,0.31862109899520874,0.5490506887435913,0.998539388179779,0.9999970197677612
409,13633,RIGHT_EAR,0.6423898339271545,0.33093225955963135,0.44156327843666077,0.9988119006156921,0.9999957084655762
409,13633,MOUTH_LEFT,0.6189246773719788,0.33128678798675537,0.632376492023468,0.9976966381072998,0.9999916553497314
409,13633,MOUTH_RIGHT,0.6285379528999329,0.3369670510292053,0.601858377456665,0.9972023963928223,0.9999897480010986
409,13633,LEFT_SHOULDER,0.5384211540222168,0.35369357466697693,0.5387598872184753,0.9992594122886658,0.9999444484710693
409,13633,RIGHT_SHOULDER,0.6473532319068909,0.39026206731796265,0.21688984334468842,0.9995352625846863,0.9999344348907471
409,13633,LEFT_ELBOW,0.46476706862449646,0.4075743556022644,0.566184401512146,0.1822233498096466,0.99974125623703
409,13633,RIGHT_ELBOW,0.6487159132957458,0.46407946944236755,0.16153421998023987,0.79482102394104,0.9999353885650635
409,13633,LEFT_WRIST,0.4616396725177765,0.46643921732902527,0.5808914303779602,0.2686948776245117,0.9996832609176636
409,13633,RIGHT_WRIST,0.6849173903465271,0.47707420587539673,0.31935712695121765,0.6380199790000916,0.9999450445175171
409,13633,LEFT_PINKY,0.4540921747684479,0.48213544487953186,0.5876112580299377,0.28662848472595215,0.99944669008255
409,13633,RIGHT_PINKY,0.7005170583724976,0.48378986120224,0.3129597306251526,0.6170005798339844,0.9998840093612671
409,13633,LEFT_INDEX,0.46015816926956177,0.48370468616485596,0.5781372785568237,0.29088395833969116,0.9993206262588501
409,13633,RIGHT_INDEX,0.6984845399856567,0.4777021110057831,0.33886149525642395,0.5909246802330017,0.9998670816421509
409,13633,LEFT_THUMB,0.46556663513183594,0.47800740599632263,0.5731809735298157,0.2952156960964203,0.9995545744895935
409,13633,RIGHT_THUMB,0.6930104494094849,0.4693712592124939,0.33203086256980896,0.5734328627586365,0.9999196529388428
409,13633,LEFT_HIP,0.42180782556533813,0.459867388010025,0.11579132080078125,0.9998922348022461,0.9999946355819702
409,13633,RIGHT_HIP,0.4814530909061432,0.49178847670555115,-0.11604322493076324,0.9998533725738525,0.9999947547912598
409,13633,LEFT_KNEE,0.30143827199935913,0.5061736702919006,0.03134262189269066,0.9692223072052002,0.9999570846557617
409,13633,RIGHT_KNEE,0.47378799319267273,0.6353511214256287,-0.12395472079515457,0.9507266283035278,0.9999648332595825
409,13633,LEFT_ANKLE,0.18875175714492798,0.44276881217956543,0.035220976918935776,0.972061276435852,0.9999022483825684
409,13633,RIGHT_ANKLE,0.487377405166626,0.773493766784668,-0.15769921243190765,0.9673221111297607,0.9997473359107971
409,13633,LEFT_HEEL,0.1779678463935852,0.42368417978286743,0.03456743806600571,0.9830788969993591,0.9998530149459839
409,13633,RIGHT_HEEL,0.4736698269844055,0.7959924936294556,-0.16329795122146606,0.9698635339736938,0.9995911717414856
409,13633,LEFT_FOOT_INDEX,0.12288238853216171,0.4574583172798157,-0.03567764535546303,0.9069792628288269,0.9995537400245667
409,13633,RIGHT_FOOT_INDEX,0.5430368781089783,0.8192095160484314,-0.2893199920654297,0.9378325343132019,0.9985365867614746
410,13667,NOSE,0.6280979514122009,0.31845247745513916,0.6939354538917542,0.998079240322113,0.9999996423721313
410,13667,LEFT_EYE_INNER,0.6273553371429443,0.3095337152481079,0.6727242469787598,0.9986956119537354,0.9999995231628418
410,13667,LEFT_EYE,0.624869167804718,0.30839771032333374,0.6727818250656128,0.9989129900932312,0.9999995231628418
410,13667,LEFT_EYE_OUTER,0.6225384473800659,0.3073885142803192,0.6728212237358093,0.9988275170326233,0.9999994039535522
410,13667,RIGHT_EYE_INNER,0.635901689529419,0.31333306431770325,0.6547811627388,0.9984724521636963,0.9999994039535522
410,13667,RIGHT_EYE,0.6390449404716492,0.3146321773529053,0.6546950936317444,0.9985582232475281,0.9999992847442627
410,13667,RIGHT_EYE_OUTER,0.6420753598213196,0.31601622700691223,0.6545235514640808,0.9986644983291626,0.9999990463256836
410,13667,LEFT_EAR,0.6149446368217468,0.31082862615585327,0.5461625456809998,0.9986811876296997,0.9999995231628418
410,13667,RIGHT_EAR,0.6431467533111572,0.3229524791240692,0.46306800842285156,0.9989214539527893,0.999998927116394
410,13667,MOUTH_LEFT,0.6183788180351257,0.32318511605262756,0.6520670056343079,0.9979188442230225,0.9999979734420776
410,13667,MOUTH_RIGHT,0.6288321018218994,0.32838672399520874,0.6288614273071289,0.997472882270813,0.9999972581863403
410,13667,LEFT_SHOULDER,0.5364030599594116,0.3486713171005249,0.510736346244812,0.9993271231651306,0.999984860420227
410,13667,RIGHT_SHOULDER,0.6486851572990417,0.38364002108573914,0.24490433931350708,0.999576210975647,0.999953031539917
410,13667,LEFT_ELBOW,0.44050952792167664,0.3971104621887207,0.4905863106250763,0.1861719787120819,0.9998581409454346
410,13667,RIGHT_ELBOW,0.6554754972457886,0.46245455741882324,0.23518836498260498,0.8138188719749451,0.9999091625213623
410,13667,LEFT_WRIST,0.41066673398017883,0.4583795964717865,0.4614013135433197,0.2552372217178345,0.9998644590377808
410,13667,RIGHT_WRIST,0.6862729787826538,0.45961710810661316,0.4519197940826416,0.6364589333534241,0.9999499320983887
410,13667,LEFT_PINKY,0.4006939232349396,0.4750450551509857,0.45688074827194214,0.27302560210227966,0.9997605681419373
410,13667,RIGHT_PINKY,0.7025952339172363,0.45448896288871765,0.4643348753452301,0.6071362495422363,0.9998877048492432
410,13667,LEFT_INDEX,0.40708184242248535,0.47841304540634155,0.4568750262260437,0.27628248929977417,0.9996947050094604
410,13667,RIGHT_INDEX,0.6985911726951599,0.44701963663101196,0.481796532869339,0.5790150761604309,0.9998805522918701
410,13667,LEFT_THUMB,0.41344621777534485,0.4728090465068817,0.4560262858867645,0.2800229489803314,0.9998094439506531
410,13667,RIGHT_THUMB,0.6914787292480469,0.44413140416145325,0.46257284283638,0.5634408593177795,0.9999353885650635
410,13667,LEFT_HIP,0.4269236624240875,0.4586033821105957,0.11407390981912613,0.9999011158943176,0.9999961853027344
410,13667,RIGHT_HIP,0.4841923415660858,0.4917518198490143,-0.11456185579299927,0.999866247177124,0.9999936819076538
410,13667,LEFT_KNEE,0.33234861493110657,0.5203617811203003,0.03648604080080986,0.9673382639884949,0.9999619722366333
410,13667,RIGHT_KNEE,0.4746679365634918,0.6318442225456238,-0.09375013411045074,0.9548830389976501,0.9999582767486572
410,13667,LEFT_ANKLE,0.1881803423166275,0.5005082488059998,-0.0667337030172348,0.9738327264785767,0.9999299049377441
410,13667,RIGHT_ANKLE,0.4873106777667999,0.7732285261154175,-0.21976587176322937,0.9704042077064514,0.9996923208236694
410,13667,LEFT_HEEL,0.17747029662132263,0.48620301485061646,-0.07927075028419495,0.9839373230934143,0.9998751878738403
410,13667,RIGHT_HEEL,0.4732750356197357,0.7950015068054199,-0.23859532177448273,0.972598135471344,0.9994786381721497
410,13667,LEFT_FOOT_INDEX,0.12145400047302246,0.5061295628547668,-0.14483080804347992,0.9128466248512268,0.9996845722198486
410,13667,RIGHT_FOOT_INDEX,0.5398255586624146,0.8155575394630432,-0.3415077030658722,0.9431565999984741,0.9985672235488892
411,13700,NOSE,0.626656174659729,0.3106611371040344,0.7678233981132507,0.9982616901397705,0.9999997615814209
411,13700,LEFT_EYE_INNER,0.6246923208236694,0.3014393448829651,0.7467191815376282,0.9988159537315369,0.9999997615814209
411,13700,LEFT_EYE,0.6215047240257263,0.30025002360343933,0.7467875480651855,0.9990119338035583,0.9999997615814209
411,13700,LEFT_EYE_OUTER,0.61842280626297,0.29915371537208557,0.7468495965003967,0.998937726020813,0.9999997615814209
411,13700,RIGHT_EYE_INNER,0.6353551745414734,0.30510684847831726,0.7295204997062683,0.998608410358429,0.9999996423721313
411,13700,RIGHT_EYE,0.6387400031089783,0.3065290153026581,0.7294745445251465,0.9986792802810669,0.9999995231628418
411,13700,RIGHT_EYE_OUTER,0.641350507736206,0.3078805208206177,0.7293272018432617,0.9987773895263672,0.9999992847442627
411,13700,LEFT_EAR,0.6098043322563171,0.3015376925468445,0.6047430038452148,0.998802125453949,0.9999998807907104
411,13700,RIGHT_EAR,0.6418066620826721,0.31479886174201965,0.52686607837677,0.998996376991272,0.9999991655349731
411,13700,MOUTH_LEFT,0.6170235872268677,0.31518134474754333,0.719176709651947,0.9981122016906738,0.9999991655349731
411,13700,MOUTH_RIGHT,0.6281001567840576,0.32108086347579956,0.6972564458847046,0.9977050423622131,0.9999984502792358
411,13700,LEFT_SHOULDER,0.5277889966964722,0.34202736616134644,0.5049296021461487,0.9993906021118164,0.9999961853027344
411,13700,RIGHT_SHOULDER,0.6484919190406799,0.3796302080154419,0.306052029132843,0.9996089935302734,0.9999231100082397
411,13700,LEFT_ELBOW,0.4293109178543091,0.38183093070983887,0.4577897787094116,0.24996866285800934,0.9999402761459351
411,13700,RIGHT_ELBOW,0.6597042679786682,0.4621341824531555,0.313417911529541,0.8293834924697876,0.9998599290847778
411,13700,LEFT_WRIST,0.3754767179489136,0.4473247528076172,0.4251358211040497,0.2812689542770386,0.9999438524246216
411,13700,RIGHT_WRIST,0.6782593727111816,0.43820708990097046,0.5519349575042725,0.6303926110267639,0.9999585151672363
411,13700,LEFT_PINKY,0.35751762986183167,0.465061217546463,0.4182315766811371,0.28942108154296875,0.9998857975006104
411,13700,RIGHT_PINKY,0.6966524720191956,0.43334895372390747,0.5765923857688904,0.5933058857917786,0.9999169111251831
411,13700,LEFT_INDEX,0.36042869091033936,0.4692378342151642,0.42564526200294495,0.2907360792160034,0.9998629093170166
411,13700,RIGHT_INDEX,0.6841278672218323,0.42116212844848633,0.5937677025794983,0.5644239187240601,0.999911904335022
411,13700,LEFT_THUMB,0.3724304735660553,0.4639500379562378,0.422991007566452,0.29095807671546936,0.9999189376831055
411,13700,RIGHT_THUMB,0.6774974465370178,0.4209623336791992,0.5634973645210266,0.5479341149330139,0.9999550580978394
411,13700,LEFT_HIP,0.4306415915489197,0.46178746223449707,0.10786246508359909,0.9999083876609802,0.9999948740005493
411,13700,RIGHT_HIP,0.4913789629936218,0.4925251007080078,-0.10882410407066345,0.9998748302459717,0.999975323677063
411,13700,LEFT_KNEE,0.359917551279068,0.5390691757202148,0.03607228398323059,0.9623004794120789,0.99996018409729
411,13700,RIGHT_KNEE,0.47700512409210205,0.6290430426597595,-0.06748255342245102,0.9569785594940186,0.9998811483383179
411,13700,LEFT_ANKLE,0.19674348831176758,0.55958092212677,-0.1976185142993927,0.975761353969574,0.9999539852142334
411,13700,RIGHT_ANKLE,0.48631852865219116,0.7726738452911377,-0.3204718232154846,0.9728549122810364,0.9996753931045532
411,13700,LEFT_HEEL,0.18519754707813263,0.5496296286582947,-0.22392027080059052,0.9850387573242188,0.9999146461486816
411,13700,RIGHT_HEEL,0.47145572304725647,0.794548511505127,-0.35255205631256104,0.9748988747596741,0.9995397329330444
411,13700,LEFT_FOOT_INDEX,0.13954734802246094,0.5815362930297852,-0.29781419038772583,0.9193620085716248,0.9998435974121094
411,13700,RIGHT_FOOT_INDEX,0.534941554069519,0.8110514879226685,-0.45036470890045166,0.9470124244689941,0.999243974685669
412,13733,NOSE,0.622414767742157,0.3036060035228729,0.7359437346458435,0.9984307289123535,0.9999996423721313
412,13733,LEFT_EYE_INNER,0.6197252869606018,0.2936583161354065,0.7095537185668945,0.9989290237426758,0.9999995231628418
412,13733,LEFT_EYE,0.6160197257995605,0.29250097274780273,0.7095650434494019,0.9991061091423035,0.9999995231628418
412,13733,LEFT_EYE_OUTER,0.6124508380889893,0.29150041937828064,0.7095983028411865,0.9990399479866028,0.9999995231628418
412,13733,RIGHT_EYE_INNER,0.6323118805885315,0.2969701290130615,0.6936583518981934,0.9987396001815796,0.9999992847442627
412,13733,RIGHT_EYE,0.6366360783576965,0.2981686294078827,0.6935832500457764,0.9988025426864624,0.9999991655349731
412,13733,RIGHT_EYE_OUTER,0.6401618719100952,0.2992815375328064,0.6934524178504944,0.9988906383514404,0.9999988079071045
412,13733,LEFT_EAR,0.6031649708747864,0.2946712374687195,0.5646490454673767,0.9989171028137207,0.9999996423721313
412,13733,RIGHT_EAR,0.6409044861793518,0.3069043755531311,0.4895540773868561,0.9990848898887634,0.999998927116394
412,13733,MOUTH_LEFT,0.6125365495681763,0.3088197410106659,0.6870407462120056,0.9982926249504089,0.999998927116394
412,13733,MOUTH_RIGHT,0.6257771253585815,0.3144126832485199,0.6663355231285095,0.9979228377342224,0.9999980926513672
412,13733,LEFT_SHOULDER,0.5193730592727661,0.3376757800579071,0.46342331171035767,0.9994477033615112,0.9999973773956299
412,13733,RIGHT_SHOULDER,0.6469648480415344,0.3740638494491577,0.29692476987838745,0.9996415972709656,0.999948263168335
412,13733,LEFT_ELBOW,0.42878106236457825,0.3753487467765808,0.44552066922187805,0.32219433784484863,0.9999750852584839
412,13733,RIGHT_ELBOW,0.6602427959442139,0.4564373195171356,0.3922938406467438,0.8429648876190186,0.9998728036880493
412,13733,LEFT_WRIST,0.3687398433685303,0.4286441504955292,0.5171410441398621,0.3369121253490448,0.9999645948410034
412,13733,RIGHT_WRIST,0.6636700630187988,0.4233434796333313,0.744509756565094,0.6243149042129517,0.9999657869338989
412,13733,LEFT_PINKY,0.353274405002594,0.4409644901752472,0.5272946953773499,0.33251604437828064,0.9999191761016846
412,13733,RIGHT_PINKY,0.666278600692749,0.41625237464904785,0.789350688457489,0.5754255652427673,0.9999325275421143
412,13733,LEFT_INDEX,0.3587071895599365,0.44366443157196045,0.5384728312492371,0.332300066947937,0.9999065399169922
412,13733,RIGHT_INDEX,0.6518391966819763,0.40619945526123047,0.8008016347885132,0.5471189022064209,0.9999319314956665
412,13733,LEFT_THUMB,0.36790886521339417,0.4421786069869995,0.5211523771286011,0.3277212381362915,0.9999454021453857
412,13733,RIGHT_THUMB,0.6469139456748962,0.40708762407302856,0.7571312785148621,0.533833384513855,0.9999610185623169
412,13733,LEFT_HIP,0.433793306350708,0.4640078842639923,0.08953846991062164,0.9999135732650757,0.9999946355819702
412,13733,RIGHT_HIP,0.495275616645813,0.49259209632873535,-0.09026698768138885,0.9998813271522522,0.9999784231185913
412,13733,LEFT_KNEE,0.37430256605148315,0.5554865002632141,0.03034668043255806,0.960297703742981,0.9999631643295288
412,13733,RIGHT_KNEE,0.4824674427509308,0.6300946474075317,-0.056501638144254684,0.9597467184066772,0.9999251365661621
412,13733,LEFT_ANKLE,0.21428564190864563,0.6039323806762695,-0.16380183398723602,0.9772038459777832,0.9999428987503052
412,13733,RIGHT_ANKLE,0.4860987365245819,0.7722814679145813,-0.27846065163612366,0.9751378893852234,0.9997500777244568
412,13733,LEFT_HEEL,0.19444097578525543,0.598328173160553,-0.18476830422878265,0.9856519103050232,0.9998853206634521
412,13733,RIGHT_HEEL,0.47170281410217285,0.7942953705787659,-0.30505937337875366,0.9769226312637329,0.9995653033256531
412,13733,LEFT_FOOT_INDEX,0.17092162370681763,0.6365267038345337,-0.24635441601276398,0.9244973659515381,0.9997816681861877
412,13733,RIGHT_FOOT_INDEX,0.5341794490814209,0.8077058792114258,-0.39666783809661865,0.9506668448448181,0.999221920967102
413,13767,NOSE,0.6178471446037292,0.29651081562042236,0.607202410697937,0.9985830187797546,0.9999977350234985
413,13767,LEFT_EYE_INNER,0.6145626902580261,0.28590813279151917,0.5508602857589722,0.999031662940979,0.9999967813491821
413,13767,LEFT_EYE,0.6103914976119995,0.28474152088165283,0.5508100390434265,0.9991917610168457,0.9999967813491821
413,13767,LEFT_EYE_OUTER,0.6063149571418762,0.28370562195777893,0.5508339405059814,0.9991323351860046,0.9999967813491821
413,13767,RIGHT_EYE_INNER,0.6283673048019409,0.28900402784347534,0.548019528388977,0.9988594055175781,0.9999957084655762
413,13767,RIGHT_EYE,0.6330187320709229,0.28993654251098633,0.5479187965393066,0.99891597032547,0.9999948740005493
413,13767,RIGHT_EYE_OUTER,0.6371185183525085,0.29091086983680725,0.5478104948997498,0.9989944696426392,0.9999938011169434
413,13767,LEFT_EAR,0.5967912077903748,0.2869943380355835,0.36811563372612,0.9990206360816956,0.9999979734420776
413,13767,RIGHT_EAR,0.6404132843017578,0.2984018623828888,0.33399155735969543,0.9991687536239624,0.9999946355819702
413,13767,MOUTH_LEFT,0.6073219776153564,0.3017100393772125,0.5378589034080505,0.9984570741653442,0.9999953508377075
413,13767,MOUTH_RIGHT,0.6219549179077148,0.3071950376033783,0.5342294573783875,0.998123288154602,0.9999933242797852
413,13767,LEFT_SHOULDER,0.513949990272522,0.3305386006832123,0.2812238037586212,0.9994992017745972,0.9999959468841553
413,13767,RIGHT_SHOULDER,0.6450857520103455,0.3660343885421753,0.18786463141441345,0.999670684337616,0.9999525547027588
413,13767,LEFT_ELBOW,0.4266926944255829,0.3667418956756592,0.2722378373146057,0.3894799053668976,0.9999790191650391
413,13767,RIGHT_ELBOW,0.6576501727104187,0.44998833537101746,0.30129024386405945,0.8573215007781982,0.9998712539672852
413,13767,LEFT_WRIST,0.37287387251853943,0.4127157926559448,0.3717222213745117,0.39770328998565674,0.9999563694000244
413,13767,RIGHT_WRIST,0.650492787361145,0.41660287976264954,0.635731041431427,0.6122912168502808,0.9999436140060425
413,13767,LEFT_PINKY,0.35349273681640625,0.4246854782104492,0.38121193647384644,0.38619062304496765,0.9999074935913086
413,13767,RIGHT_PINKY,0.6507688164710999,0.41161975264549255,0.6775768995285034,0.5521329045295715,0.999904990196228
413,13767,LEFT_INDEX,0.3594454824924469,0.42646071314811707,0.3856591284275055,0.3853012025356293,0.9999058246612549
413,13767,RIGHT_INDEX,0.6416345834732056,0.4011678397655487,0.6832811236381531,0.5251384973526001,0.9999116659164429
413,13767,LEFT_THUMB,0.3685288429260254,0.4250849187374115,0.3746488690376282,0.37614816427230835,0.9999384880065918
413,13767,RIGHT_THUMB,0.6363499164581299,0.3989727795124054,0.6462246179580688,0.5131815075874329,0.9999396800994873
413,13767,LEFT_HIP,0.43607357144355774,0.46419432759284973,0.0892704576253891,0.9999157786369324,0.9999884366989136
413,13767,RIGHT_HIP,0.499299019575119,0.4930659532546997,-0.08984992653131485,0.999889075756073,0.9999796152114868
413,13767,LEFT_KNEE,0.39197787642478943,0.5706316232681274,0.12114764004945755,0.9593114852905273,0.999958872795105
413,13767,RIGHT_KNEE,0.48752278089523315,0.6306623816490173,-0.06088212877511978,0.9636022448539734,0.9999685287475586
413,13767,LEFT_ANKLE,0.2496512532234192,0.6477754712104797,0.0516563355922699,0.9780628085136414,0.9999536275863647
413,13767,RIGHT_ANKLE,0.4831245541572571,0.7722050547599792,-0.2649635970592499,0.9774457216262817,0.999921441078186
413,13767,LEFT_HEEL,0.22338847815990448,0.6547430157661438,0.044466905295848846,0.9860929250717163,0.9999047517776489
413,13767,RIGHT_HEEL,0.4675523340702057,0.7941261529922485,-0.287285178899765,0.9790313839912415,0.9998304843902588
413,13767,LEFT_FOOT_INDEX,0.2466011494398117,0.6834872364997864,-0.0020562594290822744,0.9252580404281616,0.9998327493667603
413,13767,RIGHT_FOOT_INDEX,0.530918538570404,0.8046267032623291,-0.3695397675037384,0.9538397789001465,0.9995021820068359
414,13800,NOSE,0.6127724051475525,0.29269298911094666,0.5553302764892578,0.9987185001373291,0.999996542930603
414,13800,LEFT_EYE_INNER,0.6090316772460938,0.28150609135627747,0.508609414100647,0.9991224408149719,0.9999959468841553
414,13800,LEFT_EYE,0.6046929955482483,0.28024059534072876,0.5085538029670715,0.9992679357528687,0.9999959468841553
414,13800,LEFT_EYE_OUTER,0.6004682779312134,0.27914878726005554,0.5085670948028564,0.9992137551307678,0.9999959468841553
414,13800,RIGHT_EYE_INNER,0.6228586435317993,0.28454938530921936,0.50232994556427,0.9989647269248962,0.9999948740005493
414,13800,RIGHT_EYE,0.6274806261062622,0.2852988839149475,0.5021883845329285,0.999016523361206,0.9999940395355225
414,13800,RIGHT_EYE_OUTER,0.6317059397697449,0.2860763669013977,0.5021014213562012,0.999085009098053,0.9999932050704956
414,13800,LEFT_EAR,0.5907528400421143,0.28212034702301025,0.33243048191070557,0.9991112351417542,0.9999977350234985
414,13800,RIGHT_EAR,0.6367378234863281,0.2928299009799957,0.29742252826690674,0.9992431402206421,0.9999947547912598
414,13800,MOUTH_LEFT,0.602476179599762,0.2978101372718811,0.4954565167427063,0.9986036419868469,0.9999948740005493
414,13800,MOUTH_RIGHT,0.6175307035446167,0.30344322323799133,0.48696404695510864,0.9983027577400208,0.9999933242797852
414,13800,LEFT_SHOULDER,0.5103917121887207,0.3247431814670563,0.24637113511562347,0.9995443820953369,0.9999967813491821
414,13800,RIGHT_SHOULDER,0.64359050989151,0.3594510853290558,0.15028253197669983,0.999697208404541,0.9999706745147705
414,13800,LEFT_ELBOW,0.42524513602256775,0.3615927994251251,0.2381984293460846,0.4502723217010498,0.9999858140945435
414,13800,RIGHT_ELBOW,0.6555355191230774,0.4467805325984955,0.3070409893989563,0.8698108196258545,0.9998929500579834
414,13800,LEFT_WRIST,0.37517058849334717,0.40390869975090027,0.3753637969493866,0.45228317379951477,0.9999725818634033
414,13800,RIGHT_WRIST,0.6346619129180908,0.41131484508514404,0.690143883228302,0.5862646102905273,0.999956488609314
414,13800,LEFT_PINKY,0.35760897397994995,0.41525381803512573,0.3947117030620575,0.4343911409378052,0.9999442100524902
414,13800,RIGHT_PINKY,0.632645308971405,0.4045535922050476,0.7451484203338623,0.5221180319786072,0.9999361038208008
414,13800,LEFT_INDEX,0.36254775524139404,0.41768306493759155,0.3993217647075653,0.43299320340156555,0.9999433755874634
414,13800,RIGHT_INDEX,0.6238806247711182,0.3946021795272827,0.7496249675750732,0.49700692296028137,0.999937891960144
414,13800,LEFT_THUMB,0.37037429213523865,0.4144149720668793,0.3800499737262726,0.41903725266456604,0.999963641166687
414,13800,RIGHT_THUMB,0.6169691681861877,0.3939930498600006,0.7020276188850403,0.4865413010120392,0.9999572038650513
414,13800,LEFT_HIP,0.4380364418029785,0.464816689491272,0.09006188809871674,0.9999205470085144,0.9999940395355225
414,13800,RIGHT_HIP,0.5041603446006775,0.4932812452316284,-0.0906129851937294,0.9998982548713684,0.9999910593032837
414,13800,LEFT_KNEE,0.41717490553855896,0.5785067081451416,0.21404416859149933,0.9611056447029114,0.9999843835830688
414,13800,RIGHT_KNEE,0.49132484197616577,0.6241952776908875,-0.07098829001188278,0.9672054052352905,0.9999901056289673
414,13800,LEFT_ANKLE,0.3164158761501312,0.6706612706184387,0.06945106387138367,0.9795953035354614,0.9999889135360718
414,13800,RIGHT_ANKLE,0.48240402340888977,0.7671212553977966,-0.3849167823791504,0.9796515703201294,0.9999872446060181
414,13800,LEFT_HEEL,0.2935697138309479,0.6825963854789734,0.053988825529813766,0.987108588218689,0.9999785423278809
414,13800,RIGHT_HEEL,0.4677724540233612,0.7886223793029785,-0.4184189736843109,0.9810692667961121,0.9999710321426392
414,13800,LEFT_FOOT_INDEX,0.32916003465652466,0.7113610506057739,0.012542050331830978,0.928830087184906,0.9999480247497559
414,13800,RIGHT_FOOT_INDEX,0.5264013409614563,0.7982367873191833,-0.49811023473739624,0.9578239917755127,0.9998761415481567
415,13833,NOSE,0.6055042743682861,0.28914183378219604,0.541316032409668,0.9988409280776978,0.9999915361404419
415,13833,LEFT_EYE_INNER,0.6021706461906433,0.2775736153125763,0.4980553984642029,0.9992052316665649,0.9999895095825195
415,13833,LEFT_EYE,0.5981907248497009,0.2762239873409271,0.4980306327342987,0.999336838722229,0.9999892711639404
415,13833,LEFT_EYE_OUTER,0.5942364931106567,0.2751086950302124,0.49802616238594055,0.9992879033088684,0.9999889135360718
415,13833,RIGHT_EYE_INNER,0.6149089336395264,0.28072747588157654,0.49341437220573425,0.9990615248680115,0.9999880790710449
415,13833,RIGHT_EYE,0.6193633675575256,0.2814919352531433,0.49326851963996887,0.9991081357002258,0.9999866485595703
415,13833,RIGHT_EYE_OUTER,0.6236459016799927,0.2823296785354614,0.4931863844394684,0.9991688132286072,0.9999849796295166
415,13833,LEFT_EAR,0.5851668119430542,0.278438538312912,0.3281491696834564,0.9991933703422546,0.9999932050704956
415,13833,RIGHT_EAR,0.630265474319458,0.28940561413764954,0.3048514425754547,0.999311625957489,0.9999885559082031
415,13833,MOUTH_LEFT,0.5961986184120178,0.29410335421562195,0.48668453097343445,0.998735785484314,0.999987006187439
415,13833,MOUTH_RIGHT,0.6104455590248108,0.29965946078300476,0.4797978103160858,0.9984641671180725,0.999984622001648
415,13833,LEFT_SHOULDER,0.5072477459907532,0.3231404423713684,0.23332569003105164,0.9995788931846619,0.9999891519546509
415,13833,RIGHT_SHOULDER,0.6425018906593323,0.35532984137535095,0.16023840010166168,0.9997150897979736,0.9999170303344727
415,13833,LEFT_ELBOW,0.4247526228427887,0.36243101954460144,0.24954724311828613,0.504992663860321,0.9999673366546631
415,13833,RIGHT_ELBOW,0.6549882888793945,0.44463324546813965,0.33528128266334534,0.8811299204826355,0.9998570680618286
415,13833,LEFT_WRIST,0.3812848627567291,0.40558338165283203,0.3760394752025604,0.49851086735725403,0.9999433755874634
415,13833,RIGHT_WRIST,0.615143358707428,0.41122204065322876,0.6945915818214417,0.5609005093574524,0.9999494552612305
415,13833,LEFT_PINKY,0.3634544610977173,0.4160563051700592,0.44665682315826416,0.47148510813713074,0.9998787641525269
415,13833,RIGHT_PINKY,0.6124899387359619,0.3997209370136261,0.748595118522644,0.4932868182659149,0.9999154806137085
415,13833,LEFT_INDEX,0.36913761496543884,0.4166995584964752,0.44744056463241577,0.4695523679256439,0.9998792409896851
415,13833,RIGHT_INDEX,0.6030514240264893,0.3898376524448395,0.7542926669120789,0.4699098765850067,0.999919056892395
415,13833,LEFT_THUMB,0.37876155972480774,0.4142836332321167,0.4047849178314209,0.45084744691848755,0.9999220371246338
415,13833,RIGHT_THUMB,0.6009719371795654,0.3906041085720062,0.7061197757720947,0.46028006076812744,0.9999445676803589
415,13833,LEFT_HIP,0.4439305365085602,0.46563276648521423,0.07324712723493576,0.9999094605445862,0.9999607801437378
415,13833,RIGHT_HIP,0.5124893188476562,0.49302950501441956,-0.07380133867263794,0.9998955726623535,0.999933123588562
415,13833,LEFT_KNEE,0.4369036853313446,0.5882303714752197,0.15076479315757751,0.9620579481124878,0.9998132586479187
415,13833,RIGHT_KNEE,0.49362286925315857,0.6207903623580933,-0.07198558002710342,0.9704020023345947,0.9998792409896851
415,13833,LEFT_ANKLE,0.3885018527507782,0.7092602849006653,-0.07331504672765732,0.9798315763473511,0.9998500347137451
415,13833,RIGHT_ANKLE,0.482914000749588,0.7650377154350281,-0.3977057933807373,0.9815080761909485,0.9998952150344849
415,13833,LEFT_HEEL,0.3727702796459198,0.7266835570335388,-0.1027166098356247,0.9876127243041992,0.9997337460517883
415,13833,RIGHT_HEEL,0.46891868114471436,0.7836485505104065,-0.43415772914886475,0.982810914516449,0.9997742772102356
415,13833,LEFT_FOOT_INDEX,0.3951157331466675,0.7435416579246521,-0.156920924782753,0.9278934001922607,0.9994915723800659
415,13833,RIGHT_FOOT_INDEX,0.5141067504882812,0.793327808380127,-0.5149784684181213,0.9602714776992798,0.9993288516998291
416,13867,NOSE,0.6002646684646606,0.2841569185256958,0.49777981638908386,0.9989294409751892,0.9999287128448486
416,13867,LEFT_EYE_INNER,0.5972257256507874,0.2728879749774933,0.4518871605396271,0.9992625713348389,0.9999024868011475
416,13867,LEFT_EYE,0.5932130813598633,0.2716730833053589,0.45186346769332886,0.9993829131126404,0.9999039173126221
416,13867,LEFT_EYE_OUTER,0.5892497301101685,0.2706827223300934,0.4518127739429474,0.9993396997451782,0.9999029636383057
416,13867,RIGHT_EYE_INNER,0.6098257899284363,0.2757420241832733,0.4458296000957489,0.9991286396980286,0.999893069267273
416,13867,RIGHT_EYE,0.6142112016677856,0.2765049636363983,0.44566574692726135,0.9991689324378967,0.9998841285705566
416,13867,RIGHT_EYE_OUTER,0.6184853911399841,0.2774084806442261,0.4454878270626068,0.9992226958274841,0.9998737573623657
416,13867,LEFT_EAR,0.5797713398933411,0.27437496185302734,0.28041183948516846,0.999238133430481,0.9999322891235352
416,13867,RIGHT_EAR,0.6249476671218872,0.28521430492401123,0.25220781564712524,0.9993547797203064,0.9999052286148071
416,13867,MOUTH_LEFT,0.5903945565223694,0.2892875373363495,0.4446837902069092,0.9988322257995605,0.9999213218688965
416,13867,MOUTH_RIGHT,0.6045573949813843,0.29464977979660034,0.4357556700706482,0.9985904097557068,0.9999164342880249
416,13867,LEFT_SHOULDER,0.5027816295623779,0.32156482338905334,0.19143922626972198,0.9995962977409363,0.9999459981918335
416,13867,RIGHT_SHOULDER,0.6396772265434265,0.3533132076263428,0.13091042637825012,0.9997202157974243,0.9997656941413879
416,13867,LEFT_ELBOW,0.42140433192253113,0.3666667938232422,0.20247840881347656,0.554180383682251,0.999727189540863
416,13867,RIGHT_ELBOW,0.649803876876831,0.44435572624206543,0.30378103256225586,0.8919302225112915,0.9994066953659058
416,13867,LEFT_WRIST,0.3851991891860962,0.4090476632118225,0.33820420503616333,0.5282681584358215,0.999319314956665
416,13867,RIGHT_WRIST,0.6115522384643555,0.4142535924911499,0.6614435315132141,0.5279844999313354,0.9996542930603027
416,13867,LEFT_PINKY,0.3705371916294098,0.41861847043037415,0.3605370819568634,0.4853856563568115,0.9989646673202515
416,13867,RIGHT_PINKY,0.6131001114845276,0.40603771805763245,0.7122481465339661,0.45945313572883606,0.9995443224906921
416,13867,LEFT_INDEX,0.3781190812587738,0.4185640513896942,0.359451025724411,0.4827512502670288,0.9990000128746033
416,13867,RIGHT_INDEX,0.6053045988082886,0.39520472288131714,0.7111997604370117,0.4379083514213562,0.9995818734169006
416,13867,LEFT_THUMB,0.38546624779701233,0.4161852300167084,0.34230276942253113,0.45892342925071716,0.999193012714386
416,13867,RIGHT_THUMB,0.6029201745986938,0.3944961428642273,0.6705341935157776,0.4290381669998169,0.9996625185012817
416,13867,LEFT_HIP,0.4480246603488922,0.46870332956314087,0.07309425622224808,0.9998026490211487,0.9994244575500488
416,13867,RIGHT_HIP,0.516477108001709,0.4930966794490814,-0.07344239950180054,0.999859631061554,0.9994565844535828
416,13867,LEFT_KNEE,0.4530892074108124,0.5968109965324402,0.14569950103759766,0.9575518369674683,0.9986997842788696
416,13867,RIGHT_KNEE,0.4978778660297394,0.6223759651184082,-0.09398922324180603,0.9732730388641357,0.9994767308235168
416,13867,LEFT_ANKLE,0.45048362016677856,0.7342780828475952,0.1677655577659607,0.9718223810195923,0.9982613921165466
416,13867,RIGHT_ANKLE,0.4827856719493866,0.7627416253089905,-0.2053120732307434,0.9827380180358887,0.9992489218711853
416,13867,LEFT_HEEL,0.44281771779060364,0.7521452903747559,0.16784214973449707,0.9826173186302185,0.9975051283836365
416,13867,RIGHT_HEEL,0.4684372842311859,0.7779406309127808,-0.2169312983751297,0.9839423298835754,0.998440682888031
416,13867,LEFT_FOOT_INDEX,0.4552937150001526,0.7519143223762512,0.1257346272468567,0.8964143395423889,0.9969045519828796
416,13867,RIGHT_FOOT_INDEX,0.5059463977813721,0.7860369086265564,-0.2888973355293274,0.9550829529762268,0.996778666973114
417,13900,NOSE,0.5927244424819946,0.28042471408843994,0.40429234504699707,0.998974621295929,0.9998014569282532
417,13900,LEFT_EYE_INNER,0.5901610851287842,0.2693745493888855,0.3566766679286957,0.9992906451225281,0.9997441172599792
417,13900,LEFT_EYE,0.5860437750816345,0.26825323700904846,0.35664570331573486,0.9993978142738342,0.9997465014457703
417,13900,LEFT_EYE_OUTER,0.5820602774620056,0.26733073592185974,0.3566228151321411,0.9993563890457153,0.9997527003288269
417,13900,RIGHT_EYE_INNER,0.6027257442474365,0.2720700204372406,0.3489232063293457,0.9991632103919983,0.9997488856315613
417,13900,RIGHT_EYE,0.6069019436836243,0.2728169560432434,0.3487297296524048,0.9991922974586487,0.9997519850730896
417,13900,RIGHT_EYE_OUTER,0.6110206246376038,0.27373501658439636,0.34846240282058716,0.9992377758026123,0.999756395816803
417,13900,LEFT_EAR,0.5728849172592163,0.2714449167251587,0.18294066190719604,0.9992077350616455,0.9998370409011841
417,13900,RIGHT_EAR,0.6173491477966309,0.28232207894325256,0.14691323041915894,0.9993637204170227,0.9998745918273926
417,13900,MOUTH_LEFT,0.5827527642250061,0.2864454984664917,0.3507261574268341,0.9988857507705688,0.9998736381530762
417,13900,MOUTH_RIGHT,0.5962131023406982,0.29098600149154663,0.33962494134902954,0.9986827373504639,0.9998908042907715
417,13900,LEFT_SHOULDER,0.4965572953224182,0.3211686909198761,0.12451889365911484,0.9996179342269897,0.9999598264694214
417,13900,RIGHT_SHOULDER,0.634009063243866,0.35307085514068604,0.006929715164005756,0.9997416138648987,0.99994957447052
417,13900,LEFT_ELBOW,0.41570180654525757,0.37368258833885193,0.12432197481393814,0.5982004404067993,0.9994775652885437
417,13900,RIGHT_ELBOW,0.6462588906288147,0.4452785551548004,0.23109199106693268,0.9010799527168274,0.99921715259552
417,13900,LEFT_WRIST,0.39315560460090637,0.41078513860702515,0.2267182618379593,0.5443349480628967,0.9989848732948303
417,13900,RIGHT_WRIST,0.5979764461517334,0.416495144367218,0.6369473338127136,0.48837026953697205,0.9989258646965027
417,13900,LEFT_PINKY,0.3835925757884979,0.41739407181739807,0.2445150464773178,0.48704585433006287,0.9988400340080261
417,13900,RIGHT_PINKY,0.5978497862815857,0.41227030754089355,0.6979784965515137,0.42256900668144226,0.9988700747489929
417,13900,LEFT_INDEX,0.3920392692089081,0.417726069688797,0.24787172675132751,0.4840003550052643,0.9988337159156799
417,13900,RIGHT_INDEX,0.5825916528701782,0.3967893719673157,0.6928061246871948,0.40298089385032654,0.9988788962364197
417,13900,LEFT_THUMB,0.39746662974357605,0.4163724184036255,0.2291690558195114,0.4565327763557434,0.9989761114120483
417,13900,RIGHT_THUMB,0.5852276086807251,0.3980909585952759,0.6458256840705872,0.39575323462486267,0.9991133809089661
417,13900,LEFT_HIP,0.44932982325553894,0.475168377161026,0.10567774623632431,0.9997240304946899,0.9995013475418091
417,13900,RIGHT_HIP,0.5157932639122009,0.4956423342227936,-0.10589614510536194,0.9998607635498047,0.9998351335525513
417,13900,LEFT_KNEE,0.4771236181259155,0.5939525365829468,0.3390100300312042,0.9221717715263367,0.9991939663887024
417,13900,RIGHT_KNEE,0.5012578964233398,0.6232287883758545,-0.14085648953914642,0.9758175611495972,0.9998608827590942
417,13900,LEFT_ANKLE,0.4887830317020416,0.7103816270828247,0.5164019465446472,0.949180006980896,0.9989001750946045
417,13900,RIGHT_ANKLE,0.4817545711994171,0.7603273987770081,-0.21022966504096985,0.9838503003120422,0.999542236328125
417,13900,LEFT_HEEL,0.4818504750728607,0.7384251952171326,0.534765899181366,0.9680083394050598,0.9987069368362427
417,13900,RIGHT_HEEL,0.4658444821834564,0.7767954468727112,-0.22038696706295013,0.9847607016563416,0.9988454580307007
417,13900,LEFT_FOOT_INDEX,0.5225906372070312,0.7146732211112976,0.5488994121551514,0.8606278300285339,0.9990585446357727
417,13900,RIGHT_FOOT_INDEX,0.5128225684165955,0.7816499471664429,-0.28665614128112793,0.9523862600326538,0.9976767897605896
418,13933,NOSE,0.5885576009750366,0.2777220904827118,0.4203086495399475,0.9990424513816833,0.9998923540115356
418,13933,LEFT_EYE_INNER,0.5860527157783508,0.2668531835079193,0.3751630187034607,0.9993403553962708,0.9998611211776733
418,13933,LEFT_EYE,0.5817543864250183,0.26577770709991455,0.37515121698379517,0.9994341135025024,0.9998589754104614
418,13933,LEFT_EYE_OUTER,0.5773820877075195,0.2648801803588867,0.3751232326030731,0.9993969798088074,0.9998587369918823
418,13933,RIGHT_EYE_INNER,0.5982450842857361,0.2691299021244049,0.36525169014930725,0.999222457408905,0.9998654127120972
418,13933,RIGHT_EYE,0.6020373106002808,0.2697661221027374,0.3650745749473572,0.9992436170578003,0.9998687505722046
418,13933,RIGHT_EYE_OUTER,0.6057775616645813,0.27061325311660767,0.364833265542984,0.9992868304252625,0.9998722076416016
418,13933,LEFT_EAR,0.5679939985275269,0.2691304683685303,0.20917701721191406,0.9992381930351257,0.9999023675918579
418,13933,RIGHT_EAR,0.6112079620361328,0.27899181842803955,0.16454778611660004,0.9993976354598999,0.9999369382858276
418,13933,MOUTH_LEFT,0.5787304043769836,0.28436124324798584,0.3695111572742462,0.9989601969718933,0.9999114274978638
418,13933,MOUTH_RIGHT,0.5919978022575378,0.28823933005332947,0.35598430037498474,0.9987865686416626,0.9999290704727173
418,13933,LEFT_SHOULDER,0.49226897954940796,0.32045572996139526,0.15842735767364502,0.999636709690094,0.9999561309814453
418,13933,RIGHT_SHOULDER,0.629875898361206,0.35154956579208374,0.011159398593008518,0.9997633099555969,0.9999716281890869
418,13933,LEFT_ELBOW,0.4123266339302063,0.3778775632381439,0.17629197239875793,0.6368308067321777,0.9993311166763306
418,13933,RIGHT_ELBOW,0.6422989964485168,0.44344276189804077,0.22618120908737183,0.9079722166061401,0.9993703961372375
418,13933,LEFT_WRIST,0.39894476532936096,0.4115297198295593,0.29683592915534973,0.531321108341217,0.9988258481025696
418,13933,RIGHT_WRIST,0.5807573199272156,0.4194936454296112,0.651199221611023,0.45001664757728577,0.998913049697876
418,13933,LEFT_PINKY,0.39227375388145447,0.4200463593006134,0.3161856532096863,0.46453312039375305,0.9987372756004333
418,13933,RIGHT_PINKY,0.5755035281181335,0.41603437066078186,0.7134631872177124,0.38762393593788147,0.998855471611023
418,13933,LEFT_INDEX,0.40265950560569763,0.41905272006988525,0.3190189599990845,0.46121537685394287,0.9987154006958008
418,13933,RIGHT_INDEX,0.5616756677627563,0.4018166959285736,0.7062002420425415,0.3697921335697174,0.998866081237793
418,13933,LEFT_THUMB,0.4053354561328888,0.4160747230052948,0.2986389994621277,0.4344182312488556,0.99887615442276
418,13933,RIGHT_THUMB,0.5654993653297424,0.4031534194946289,0.6595759391784668,0.36426761746406555,0.9990886449813843
418,13933,LEFT_HIP,0.45244652032852173,0.478680282831192,0.11632543057203293,0.9996401071548462,0.9994100332260132
418,13933,RIGHT_HIP,0.5185708403587341,0.497793972492218,-0.1164674460887909,0.9998645186424255,0.9998645782470703
418,13933,LEFT_KNEE,0.5016209483146667,0.5872542262077332,0.3746851980686188,0.8829346299171448,0.9987375140190125
418,13933,RIGHT_KNEE,0.5070031881332397,0.6259071230888367,-0.1692577600479126,0.9780270457267761,0.9998540878295898
418,13933,LEFT_ANKLE,0.5036853551864624,0.6803803443908691,0.5705629587173462,0.9148107171058655,0.9987030029296875
418,13933,RIGHT_ANKLE,0.481502503156662,0.7654710412025452,-0.24576984345912933,0.9847193360328674,0.9994868040084839
418,13933,LEFT_HEEL,0.5009078979492188,0.6995413899421692,0.5908112525939941,0.945681095123291,0.9986324906349182
418,13933,RIGHT_HEEL,0.4605872631072998,0.7929673790931702,-0.24967220425605774,0.9854143857955933,0.9987204074859619
418,13933,LEFT_FOOT_INDEX,0.5362128019332886,0.6948288679122925,0.619408905506134,0.8158499598503113,0.9992889165878296
418,13933,RIGHT_FOOT_INDEX,0.5178272724151611,0.7848016023635864,-0.3121512532234192,0.950014591217041,0.997820258140564
419,13967,NOSE,0.5844436883926392,0.27366068959236145,0.4492887556552887,0.9991259574890137,0.9999748468399048
419,13967,LEFT_EYE_INNER,0.5817015767097473,0.2625117003917694,0.4033309817314148,0.9993964433670044,0.9999638795852661
419,13967,LEFT_EYE,0.5772044062614441,0.2616019546985626,0.4033297598361969,0.9994795918464661,0.9999620914459229
419,13967,LEFT_EYE_OUTER,0.5725581049919128,0.26085609197616577,0.4032920300960541,0.9994465708732605,0.9999585151672363
419,13967,RIGHT_EYE_INNER,0.594372570514679,0.2646070122718811,0.3932173550128937,0.9992901086807251,0.999968409538269
419,13967,RIGHT_EYE,0.5981372594833374,0.2652581036090851,0.39307090640068054,0.9993075132369995,0.9999696016311646
419,13967,RIGHT_EYE_OUTER,0.6018685698509216,0.26616954803466797,0.3928362727165222,0.9993479251861572,0.9999696016311646
419,13967,LEFT_EAR,0.5627814531326294,0.2659708857536316,0.23065271973609924,0.9992908239364624,0.9999661445617676
419,13967,RIGHT_EAR,0.606846034526825,0.2751155197620392,0.18582309782505035,0.9994456171989441,0.999984622001648
419,13967,MOUTH_LEFT,0.5740535855293274,0.2814455032348633,0.3967851996421814,0.9990445971488953,0.999968409538269
419,13967,MOUTH_RIGHT,0.5879019498825073,0.28474342823028564,0.3829056918621063,0.998892605304718,0.9999781847000122
419,13967,LEFT_SHOULDER,0.4895407259464264,0.31995889544487,0.18555383384227753,0.9996547102928162,0.9999725818634033
419,13967,RIGHT_SHOULDER,0.6256577372550964,0.3492187261581421,0.019627047702670097,0.9997856020927429,0.999987006187439
419,13967,LEFT_ELBOW,0.41055232286453247,0.37952080368995667,0.19124776124954224,0.6655257940292358,0.9995817542076111
419,13967,RIGHT_ELBOW,0.6384446620941162,0.4437938928604126,0.22480234503746033,0.9147259593009949,0.9997466206550598
419,13967,LEFT_WRIST,0.4272855222225189,0.41310760378837585,0.5078328251838684,0.49039947986602783,0.9995456337928772
419,13967,RIGHT_WRIST,0.5856476426124573,0.4222719967365265,0.65639328956604,0.4223749339580536,0.9996689558029175
419,13967,LEFT_PINKY,0.44150227308273315,0.4224133789539337,0.5524605512619019,0.4258597195148468,0.9995526671409607
419,13967,RIGHT_PINKY,0.5807297229766846,0.41954413056373596,0.722521185874939,0.36064833402633667,0.9996451139450073
419,13967,LEFT_INDEX,0.44750693440437317,0.4175247251987457,0.5529552698135376,0.422770231962204,0.9995105266571045
419,13967,RIGHT_INDEX,0.5701958537101746,0.40686580538749695,0.7195576429367065,0.34404999017715454,0.9996176958084106
419,13967,LEFT_THUMB,0.45059138536453247,0.41684067249298096,0.5119781494140625,0.3991447389125824,0.9995673298835754
419,13967,RIGHT_THUMB,0.5724382996559143,0.40749111771583557,0.6667432188987732,0.33976808190345764,0.9997120499610901
419,13967,LEFT_HIP,0.46119290590286255,0.4830254018306732,0.12289933860301971,0.999626100063324,0.9998617172241211
419,13967,RIGHT_HIP,0.5224246978759766,0.5017393231391907,-0.12314260005950928,0.9998726844787598,0.9999475479125977
419,13967,LEFT_KNEE,0.5197715163230896,0.596714973449707,0.3186785578727722,0.8552795648574829,0.999866247177124
419,13967,RIGHT_KNEE,0.5200470089912415,0.6311479210853577,-0.1664867401123047,0.980048656463623,0.9999752044677734
419,13967,LEFT_ANKLE,0.5675241351127625,0.7218378186225891,0.46447131037712097,0.9079093337059021,0.9998338222503662
419,13967,RIGHT_ANKLE,0.48235422372817993,0.7719365954399109,-0.22905564308166504,0.9859711527824402,0.9999159574508667
419,13967,LEFT_HEEL,0.5635372996330261,0.743992805480957,0.47880229353904724,0.938895046710968,0.9997997879981995
419,13967,RIGHT_HEEL,0.4614870548248291,0.7941531538963318,-0.23503194749355316,0.9861477613449097,0.9997913241386414
419,13967,LEFT_FOOT_INDEX,0.6333734393119812,0.7262635231018066,0.49652040004730225,0.8102453351020813,0.9998118281364441
419,13967,RIGHT_FOOT_INDEX,0.5371073484420776,0.7949649095535278,-0.2976547181606293,0.9529905319213867,0.9995923638343811
420,14000,NOSE,0.5811207294464111,0.27085182070732117,0.409145325422287,0.9991977214813232,0.9999673366546631
420,14000,LEFT_EYE_INNER,0.5777475833892822,0.2595879137516022,0.36664050817489624,0.9994414448738098,0.9999544620513916
420,14000,LEFT_EYE,0.5731508135795593,0.25876444578170776,0.3666210174560547,0.9995139837265015,0.9999520778656006
420,14000,LEFT_EYE_OUTER,0.5685112476348877,0.2580987215042114,0.36657223105430603,0.9994868636131287,0.9999442100524902
420,14000,RIGHT_EYE_INNER,0.5901747345924377,0.2613868713378906,0.3534418046474457,0.9993481636047363,0.9999614953994751
420,14000,RIGHT_EYE,0.593835711479187,0.26192131638526917,0.35334497690200806,0.9993612170219421,0.9999620914459229
420,14000,RIGHT_EYE_OUTER,0.5975300073623657,0.26270872354507446,0.35306456685066223,0.9994000196456909,0.9999604225158691
420,14000,LEFT_EAR,0.5580856204032898,0.2632957100868225,0.2117411494255066,0.9993276596069336,0.9999545812606812
420,14000,RIGHT_EAR,0.6020687818527222,0.271891325712204,0.15404462814331055,0.9994819164276123,0.999976634979248
420,14000,MOUTH_LEFT,0.5709559917449951,0.27907684445381165,0.3632647395133972,0.9991021156311035,0.999953031539917
420,14000,MOUTH_RIGHT,0.5842336416244507,0.28192123770713806,0.34574389457702637,0.9989719986915588,0.9999651908874512
420,14000,LEFT_SHOULDER,0.484564870595932,0.3201046884059906,0.17658431828022003,0.9996575117111206,0.9999216794967651
420,14000,RIGHT_SHOULDER,0.619837760925293,0.3463839292526245,-0.010501869022846222,0.9998030662536621,0.9999390840530396
420,14000,LEFT_ELBOW,0.41117793321609497,0.37974923849105835,0.3055509328842163,0.6917471885681152,0.999313473701477
420,14000,RIGHT_ELBOW,0.6351994276046753,0.4376658499240875,0.1745496243238449,0.920855700969696,0.9994669556617737
420,14000,LEFT_WRIST,0.45619240403175354,0.40883803367614746,0.573520839214325,0.4502370059490204,0.999330997467041
420,14000,RIGHT_WRIST,0.5898111462593079,0.42472466826438904,0.6113184690475464,0.4071148633956909,0.9993094205856323
420,14000,LEFT_PINKY,0.4700089991092682,0.4164199233055115,0.6187969446182251,0.38874495029449463,0.9993522763252258
420,14000,RIGHT_PINKY,0.5914434790611267,0.4268885850906372,0.661948025226593,0.34246397018432617,0.9991694688796997
420,14000,LEFT_INDEX,0.4816420376300812,0.41266685724258423,0.6148468255996704,0.3861149549484253,0.9993007183074951
420,14000,RIGHT_INDEX,0.5773485898971558,0.4183337390422821,0.6631947755813599,0.32709410786628723,0.9991523027420044
420,14000,LEFT_THUMB,0.4819802939891815,0.4104757010936737,0.5768852233886719,0.36537590622901917,0.9993525147438049
420,14000,RIGHT_THUMB,0.5812140703201294,0.41711196303367615,0.620976448059082,0.3230206072330475,0.9993709921836853
420,14000,LEFT_HIP,0.4695880115032196,0.4854620099067688,0.12023401260375977,0.9995841979980469,0.9998303651809692
420,14000,RIGHT_HIP,0.5310940742492676,0.5026346445083618,-0.120635487139225,0.999859631061554,0.9998387098312378
420,14000,LEFT_KNEE,0.5359102487564087,0.5992127656936646,0.138778418302536,0.8319864273071289,0.999790370464325
420,14000,RIGHT_KNEE,0.5290029644966125,0.6313798427581787,-0.09943365305662155,0.9805361032485962,0.9998925924301147
420,14000,LEFT_ANKLE,0.5964939594268799,0.7375457882881165,0.20785413682460785,0.9025300741195679,0.9997348189353943
420,14000,RIGHT_ANKLE,0.48476964235305786,0.7664205431938171,-0.05925741791725159,0.9858274459838867,0.9997394680976868
420,14000,LEFT_HEEL,0.5946257710456848,0.7579578161239624,0.2170986831188202,0.9316376447677612,0.9996734857559204
420,14000,RIGHT_HEEL,0.4657890200614929,0.7857276797294617,-0.05742314085364342,0.9838319420814514,0.9995120763778687
420,14000,LEFT_FOOT_INDEX,0.6698089241981506,0.7403234243392944,0.22698469460010529,0.8115686178207397,0.9996219873428345
420,14000,RIGHT_FOOT_INDEX,0.5320718288421631,0.7879699468612671,-0.10787229239940643,0.9518033862113953,0.9994240999221802
421,14033,NOSE,0.5768722891807556,0.27108481526374817,0.3381706476211548,0.9992605447769165,0.99996018409729
421,14033,LEFT_EYE_INNER,0.5738058686256409,0.2603395879268646,0.2966403365135193,0.9994816184043884,0.9999501705169678
421,14033,LEFT_EYE,0.5694843530654907,0.25967592000961304,0.2966199219226837,0.999543309211731,0.9999464750289917
421,14033,LEFT_EYE_OUTER,0.5650156736373901,0.2591680586338043,0.2965830862522125,0.9995211958885193,0.9999369382858276
421,14033,RIGHT_EYE_INNER,0.5854929685592651,0.2616894245147705,0.28299960494041443,0.9994014501571655,0.9999598264694214
421,14033,RIGHT_EYE,0.5892228484153748,0.26216042041778564,0.28293028473854065,0.9994113445281982,0.999961256980896
421,14033,RIGHT_EYE_OUTER,0.5934324860572815,0.26286810636520386,0.2826722264289856,0.9994488954544067,0.9999604225158691
421,14033,LEFT_EAR,0.5542227625846863,0.2642236649990082,0.15528152883052826,0.999361515045166,0.999948263168335
421,14033,RIGHT_EAR,0.5979183912277222,0.27133142948150635,0.09661915153265,0.9995177388191223,0.9999774694442749
421,14033,MOUTH_LEFT,0.5682598352432251,0.27928486466407776,0.29757317900657654,0.9991539716720581,0.9999432563781738
421,14033,MOUTH_RIGHT,0.5802953243255615,0.2815919816493988,0.2798056900501251,0.9990485906600952,0.9999603033065796
421,14033,LEFT_SHOULDER,0.48119136691093445,0.32047292590141296,0.14489015936851501,0.9996492862701416,0.9998997449874878
421,14033,RIGHT_SHOULDER,0.6138193607330322,0.34361153841018677,-0.06377433240413666,0.999818742275238,0.9999423027038574
421,14033,LEFT_ELBOW,0.41110149025917053,0.3811967968940735,0.3289014399051666,0.714860200881958,0.9991689920425415
421,14033,RIGHT_ELBOW,0.6353957056999207,0.4365624785423279,0.10878511518239975,0.9273272156715393,0.9992371797561646
421,14033,LEFT_WRIST,0.4699712097644806,0.38535815477371216,0.5920426845550537,0.4142704904079437,0.9992948770523071
421,14033,RIGHT_WRIST,0.6072865128517151,0.4300568699836731,0.49326613545417786,0.4040045142173767,0.9989639520645142
421,14033,LEFT_PINKY,0.4809263348579407,0.3877933621406555,0.6325918436050415,0.35544106364250183,0.999321460723877
421,14033,RIGHT_PINKY,0.6174036860466003,0.44065165519714355,0.5459256172180176,0.3327570855617523,0.9988297820091248
421,14033,LEFT_INDEX,0.49428418278694153,0.3823329210281372,0.6264157295227051,0.35324397683143616,0.9992930889129639
421,14033,RIGHT_INDEX,0.612011194229126,0.43319904804229736,0.5387260913848877,0.3182137608528137,0.9988368153572083
421,14033,LEFT_THUMB,0.49428704380989075,0.38148075342178345,0.59479159116745,0.3350754380226135,0.999346911907196
421,14033,RIGHT_THUMB,0.6100578308105469,0.4304529130458832,0.5026540160179138,0.31362608075141907,0.9991015195846558
421,14033,LEFT_HIP,0.4791519343852997,0.48700106143951416,0.12224669754505157,0.9995120763778687,0.999721109867096
421,14033,RIGHT_HIP,0.5377278923988342,0.5026258826255798,-0.12262648344039917,0.9998362064361572,0.9997491240501404
421,14033,LEFT_KNEE,0.549796462059021,0.5989031195640564,0.10153298825025558,0.8077077865600586,0.9997578263282776
421,14033,RIGHT_KNEE,0.5379508137702942,0.6314650177955627,-0.12202326953411102,0.9803631901741028,0.9998633861541748
421,14033,LEFT_ANKLE,0.5984830856323242,0.7393081188201904,0.15197913348674774,0.8940675258636475,0.9997598528862
421,14033,RIGHT_ANKLE,0.49141189455986023,0.7651816606521606,-0.12624605000019073,0.985175609588623,0.999651312828064
421,14033,LEFT_HEEL,0.5956707000732422,0.7641487717628479,0.15651902556419373,0.9218398928642273,0.9996892213821411
421,14033,RIGHT_HEEL,0.4696944057941437,0.7822474837303162,-0.12944884598255157,0.9806030988693237,0.9993610978126526
421,14033,LEFT_FOOT_INDEX,0.670251190662384,0.748749315738678,0.14099310338497162,0.8094770312309265,0.9995914101600647
421,14033,RIGHT_FOOT_INDEX,0.5320605635643005,0.7885252833366394,-0.19352152943611145,0.9502805471420288,0.9992214441299438
422,14067,NOSE,0.5712347626686096,0.2716987431049347,0.26543816924095154,0.9993306994438171,0.9999845027923584
422,14067,LEFT_EYE_INNER,0.5682235956192017,0.26085415482521057,0.23276422917842865,0.9995291233062744,0.9999790191650391
422,14067,LEFT_EYE,0.5640910863876343,0.2601725459098816,0.2327786684036255,0.9995836019515991,0.9999772310256958
422,14067,LEFT_EYE_OUTER,0.5597245097160339,0.2596708834171295,0.2327689230442047,0.9995636940002441,0.9999730587005615
422,14067,RIGHT_EYE_INNER,0.5791101455688477,0.2622832953929901,0.2127019464969635,0.999458372592926,0.9999837875366211
422,14067,RIGHT_EYE,0.5827573537826538,0.2626968324184418,0.21265055239200592,0.9994668960571289,0.999983549118042
422,14067,RIGHT_EYE_OUTER,0.5869538187980652,0.26325178146362305,0.21239817142486572,0.9995009899139404,0.9999829530715942
422,14067,LEFT_EAR,0.5488423109054565,0.264653742313385,0.12200744450092316,0.9994134306907654,0.999976396560669
422,14067,RIGHT_EAR,0.5910179615020752,0.27033329010009766,0.03627863898873329,0.9995615482330322,0.9999891519546509
422,14067,MOUTH_LEFT,0.5636769533157349,0.2794550955295563,0.2350975126028061,0.9992255568504333,0.9999673366546631
422,14067,MOUTH_RIGHT,0.5746099948883057,0.2818209230899811,0.20940841734409332,0.9991356134414673,0.9999779462814331
422,14067,LEFT_SHOULDER,0.47727134823799133,0.32061687111854553,0.15580351650714874,0.9996505379676819,0.9999427795410156
422,14067,RIGHT_SHOULDER,0.6038675904273987,0.3391331136226654,-0.14442607760429382,0.9998350739479065,0.999972939491272
422,14067,LEFT_ELBOW,0.4102254807949066,0.3781004250049591,0.3668692409992218,0.7365366220474243,0.9996941089630127
422,14067,RIGHT_ELBOW,0.620650589466095,0.42267563939094543,-0.007870122790336609,0.9342672228813171,0.9997023940086365
422,14067,LEFT_WRIST,0.464260995388031,0.37803584337234497,0.6022309064865112,0.39494749903678894,0.9998101592063904
422,14067,RIGHT_WRIST,0.6244297027587891,0.4445072412490845,0.3190199136734009,0.44641008973121643,0.9996802806854248
422,14067,LEFT_PINKY,0.4727556109428406,0.37982118129730225,0.6434017419815063,0.33405494689941406,0.9997819066047668
422,14067,RIGHT_PINKY,0.6420422196388245,0.46131399273872375,0.35573524236679077,0.36748814582824707,0.9996045231819153
422,14067,LEFT_INDEX,0.48586028814315796,0.37530767917633057,0.62925124168396,0.3323211967945099,0.9997658133506775
422,14067,RIGHT_INDEX,0.6418006420135498,0.45584309101104736,0.35233354568481445,0.35333308577537537,0.999582827091217
422,14067,LEFT_THUMB,0.4856364130973816,0.37442007660865784,0.601196825504303,0.3159239590167999,0.9997987151145935
422,14067,RIGHT_THUMB,0.6370917558670044,0.45125889778137207,0.32963210344314575,0.34489676356315613,0.9996857643127441
422,14067,LEFT_HIP,0.4861297607421875,0.48959726095199585,0.14021822810173035,0.9995001554489136,0.9998695850372314
422,14067,RIGHT_HIP,0.5373694896697998,0.5024750828742981,-0.1406996250152588,0.9998327493667603,0.9998700618743896
422,14067,LEFT_KNEE,0.5550742149353027,0.6064460277557373,0.1261940598487854,0.7947909235954285,0.999906063079834
422,14067,RIGHT_KNEE,0.5431548357009888,0.6310093998908997,-0.12129303812980652,0.9810436964035034,0.9999380111694336
422,14067,LEFT_ANKLE,0.5890911817550659,0.7443071603775024,0.2250993549823761,0.8925182223320007,0.9999070167541504
422,14067,RIGHT_ANKLE,0.4989655911922455,0.7624132037162781,-0.08511776477098465,0.9853358268737793,0.9998475313186646
422,14067,LEFT_HEEL,0.5837042927742004,0.7675452828407288,0.23076191544532776,0.9158719778060913,0.9998669624328613
422,14067,RIGHT_HEEL,0.4762805700302124,0.7781285643577576,-0.08308683335781097,0.9786727428436279,0.9997079968452454
422,14067,LEFT_FOOT_INDEX,0.6463804244995117,0.7698162794113159,0.20128829777240753,0.8143330812454224,0.9997474551200867
422,14067,RIGHT_FOOT_INDEX,0.5391583442687988,0.7887347340583801,-0.1538386046886444,0.9519385099411011,0.999534010887146
423,14100,NOSE,0.5689857006072998,0.2713869512081146,0.23369264602661133,0.9993928670883179,0.9999836683273315
423,14100,LEFT_EYE_INNER,0.5652501583099365,0.26069119572639465,0.20660175383090973,0.9995700716972351,0.9999792575836182
423,14100,LEFT_EYE,0.5610844492912292,0.26003795862197876,0.20661889016628265,0.9996169209480286,0.9999773502349854
423,14100,LEFT_EYE_OUTER,0.5567583441734314,0.25959622859954834,0.20659570395946503,0.9995990991592407,0.9999725818634033
423,14100,RIGHT_EYE_INNER,0.5764687061309814,0.26205897331237793,0.18150146305561066,0.9995092749595642,0.9999834299087524
423,14100,RIGHT_EYE,0.5802283883094788,0.2623835802078247,0.18148602545261383,0.9995166063308716,0.9999823570251465
423,14100,RIGHT_EYE_OUTER,0.5844552516937256,0.2627752721309662,0.18128198385238647,0.9995473623275757,0.9999803304672241
423,14100,LEFT_EAR,0.5440036058425903,0.26448339223861694,0.11916666477918625,0.9994592070579529,0.9999738931655884
423,14100,RIGHT_EAR,0.5870228409767151,0.2691485583782196,0.007556837052106857,0.9996005892753601,0.9999856948852539
423,14100,MOUTH_LEFT,0.5611939430236816,0.27922776341438293,0.2117263525724411,0.9992867112159729,0.9999539852142334
423,14100,MOUTH_RIGHT,0.5726046562194824,0.2813279628753662,0.178191140294075,0.9992122054100037,0.9999682903289795
423,14100,LEFT_SHOULDER,0.4732881486415863,0.32085269689559937,0.17026196420192719,0.9996265769004822,0.9999395608901978
423,14100,RIGHT_SHOULDER,0.5976430773735046,0.335327684879303,-0.16876864433288574,0.9998499155044556,0.9999611377716064
423,14100,LEFT_ELBOW,0.4093954563140869,0.37480732798576355,0.38389429450035095,0.7603798508644104,0.9998581409454346
423,14100,RIGHT_ELBOW,0.6111375093460083,0.4205109179019928,-0.15809208154678345,0.9403996467590332,0.9997404217720032
423,14100,LEFT_WRIST,0.4097994267940521,0.33569687604904175,0.65807044506073,0.4368462562561035,0.9998868703842163
423,14100,RIGHT_WRIST,0.6377095580101013,0.46373847126960754,-0.030785556882619858,0.49479973316192627,0.9996248483657837
423,14100,LEFT_PINKY,0.4003089964389801,0.3264642655849457,0.7082402110099792,0.3676435649394989,0.9998592138290405
423,14100,RIGHT_PINKY,0.6539057493209839,0.48037126660346985,-0.029141660779714584,0.41669702529907227,0.9995809197425842
423,14100,LEFT_INDEX,0.40747320652008057,0.3229668438434601,0.7023525238037109,0.36538225412368774,0.9998331069946289
423,14100,RIGHT_INDEX,0.6541420817375183,0.47578561305999756,-0.02247779443860054,0.40288007259368896,0.9995298385620117
423,14100,LEFT_THUMB,0.41274237632751465,0.3264414072036743,0.6628569960594177,0.34356072545051575,0.9998599290847778
423,14100,RIGHT_THUMB,0.6480177640914917,0.4701557159423828,-0.021552974358201027,0.38828593492507935,0.9996223449707031
423,14100,LEFT_HIP,0.4903348982334137,0.492184042930603,0.15305709838867188,0.9995050430297852,0.9998995065689087
423,14100,RIGHT_HIP,0.5396823883056641,0.5024045705795288,-0.15357930958271027,0.999830424785614,0.9998430013656616
423,14100,LEFT_KNEE,0.5564824938774109,0.6114104986190796,0.15308721363544464,0.7908938527107239,0.9999467134475708
423,14100,RIGHT_KNEE,0.5467323660850525,0.6308397650718689,-0.11872212588787079,0.9820424318313599,0.9999302625656128
423,14100,LEFT_ANKLE,0.5891764163970947,0.743147611618042,0.27173498272895813,0.8945836424827576,0.9999539852142334
423,14100,RIGHT_ANKLE,0.5033917427062988,0.7610423564910889,-0.04149555042386055,0.9860517382621765,0.9998922348022461
423,14100,LEFT_HEEL,0.5766721367835999,0.7652527093887329,0.277887225151062,0.9153410196304321,0.9999254941940308
423,14100,RIGHT_HEEL,0.4767010509967804,0.7774984240531921,-0.0357908234000206,0.9782379269599915,0.999804675579071
423,14100,LEFT_FOOT_INDEX,0.6413450837135315,0.7747301459312439,0.22747725248336792,0.8237398862838745,0.9997872710227966
423,14100,RIGHT_FOOT_INDEX,0.5445750951766968,0.7893941402435303,-0.12046674638986588,0.9548694491386414,0.9995879530906677
424,14133,NOSE,0.563215970993042,0.26920565962791443,0.3157387971878052,0.9994434118270874,0.9999767541885376
424,14133,LEFT_EYE_INNER,0.5586316585540771,0.25879451632499695,0.28609877824783325,0.9995999932289124,0.9999704360961914
424,14133,LEFT_EYE,0.5543588995933533,0.25828108191490173,0.286109983921051,0.9996399283409119,0.9999692440032959
424,14133,LEFT_EYE_OUTER,0.549776017665863,0.2579824924468994,0.28608688712120056,0.9996240735054016,0.9999643564224243
424,14133,RIGHT_EYE_INNER,0.5710808038711548,0.25952649116516113,0.26343274116516113,0.9995502233505249,0.999971866607666
424,14133,RIGHT_EYE,0.5754373073577881,0.25960108637809753,0.26341238617897034,0.9995566606521606,0.9999692440032959
424,14133,RIGHT_EYE_OUTER,0.5800999402999878,0.25982600450515747,0.263221800327301,0.9995837211608887,0.9999642372131348
424,14133,LEFT_EAR,0.536781370639801,0.2627461552619934,0.17585162818431854,0.9994924068450928,0.9999651908874512
424,14133,RIGHT_EAR,0.5822921395301819,0.26645421981811523,0.0813026875257492,0.9996312260627747,0.9999686479568481
424,14133,MOUTH_LEFT,0.5559993982315063,0.27764755487442017,0.2873997688293457,0.9993312358856201,0.9999483823776245
424,14133,MOUTH_RIGHT,0.5683841109275818,0.2791312634944916,0.25698962807655334,0.9992740750312805,0.9999589920043945
424,14133,LEFT_SHOULDER,0.4706149399280548,0.3201794922351837,0.21427954733371735,0.9996172785758972,0.9999353885650635
424,14133,RIGHT_SHOULDER,0.5950204133987427,0.3313392400741577,-0.09693043678998947,0.999862790107727,0.9999434947967529
424,14133,LEFT_ELBOW,0.40392017364501953,0.3632916212081909,0.37717509269714355,0.7832258939743042,0.9998760223388672
424,14133,RIGHT_ELBOW,0.609776496887207,0.41777125000953674,-0.14923164248466492,0.9458733797073364,0.9997195601463318
424,14133,LEFT_WRIST,0.3824944794178009,0.32181549072265625,0.5982626676559448,0.4867553114891052,0.9999053478240967
424,14133,RIGHT_WRIST,0.6435869336128235,0.47554534673690796,-0.1381503939628601,0.5390313863754272,0.9996005892753601
424,14133,LEFT_PINKY,0.3574810028076172,0.3091052174568176,0.6381049156188965,0.4168698489665985,0.9998838901519775
424,14133,RIGHT_PINKY,0.6552024483680725,0.48958832025527954,-0.15124832093715668,0.46285223960876465,0.9995904564857483
424,14133,LEFT_INDEX,0.3711189925670624,0.3049466013908386,0.6388728022575378,0.4142840802669525,0.9998608827590942
424,14133,RIGHT_INDEX,0.6553740501403809,0.4865429997444153,-0.14002929627895355,0.44889065623283386,0.9995366334915161
424,14133,LEFT_THUMB,0.3815264105796814,0.3098227083683014,0.6043413877487183,0.38841837644577026,0.9998842477798462
424,14133,RIGHT_THUMB,0.6502975821495056,0.48195967078208923,-0.130288228392601,0.42868801951408386,0.9996196031570435
424,14133,LEFT_HIP,0.49211394786834717,0.4921420216560364,0.1509614735841751,0.9995264410972595,0.9998773336410522
424,14133,RIGHT_HIP,0.5456348061561584,0.5005788207054138,-0.1514195203781128,0.999830424785614,0.9998075366020203
424,14133,LEFT_KNEE,0.5580910444259644,0.6158668398857117,0.15682199597358704,0.7916178107261658,0.9999504089355469
424,14133,RIGHT_KNEE,0.5516341328620911,0.6300340890884399,-0.1213768795132637,0.9832054972648621,0.9999216794967651
424,14133,LEFT_ANKLE,0.583851158618927,0.7462847232818604,0.2535499930381775,0.8981015086174011,0.999954104423523
424,14133,RIGHT_ANKLE,0.5047987103462219,0.7610481381416321,-0.05758398771286011,0.9868623614311218,0.9998898506164551
424,14133,LEFT_HEEL,0.5746389627456665,0.768524706363678,0.2576850950717926,0.9174184799194336,0.9999221563339233
424,14133,RIGHT_HEEL,0.47840219736099243,0.7777922749519348,-0.053706925362348557,0.9785587787628174,0.9998118281364441
424,14133,LEFT_FOOT_INDEX,0.6314049363136292,0.7776228189468384,0.2236957848072052,0.8330351114273071,0.999795138835907
424,14133,RIGHT_FOOT_INDEX,0.5498476624488831,0.7904501557350159,-0.1458958238363266,0.9575306177139282,0.9996531009674072
425,14167,NOSE,0.5583019852638245,0.2638496458530426,0.27984410524368286,0.9994940161705017,0.9999821186065674
425,14167,LEFT_EYE_INNER,0.5527647733688354,0.25355008244514465,0.2521952688694,0.9996335506439209,0.9999771118164062
425,14167,LEFT_EYE,0.5484398007392883,0.2530895471572876,0.2522239089012146,0.9996679425239563,0.9999760389328003
425,14167,LEFT_EYE_OUTER,0.5438266396522522,0.2528671324253082,0.2522094249725342,0.9996537566184998,0.9999722242355347
425,14167,RIGHT_EYE_INNER,0.5659801363945007,0.25440770387649536,0.2295372486114502,0.9995914697647095,0.9999797344207764
425,14167,RIGHT_EYE,0.5707575678825378,0.25462663173675537,0.22957144677639008,0.9995969533920288,0.9999778270721436
425,14167,RIGHT_EYE_OUTER,0.5758134126663208,0.2550548315048218,0.22940383851528168,0.9996210932731628,0.9999735355377197
425,14167,LEFT_EAR,0.5308234095573425,0.25851672887802124,0.16209818422794342,0.9995319247245789,0.999975323677063
425,14167,RIGHT_EAR,0.5776414275169373,0.2618320882320404,0.06051717698574066,0.9996638298034668,0.999976634979248
425,14167,MOUTH_LEFT,0.5510669350624084,0.27295345067977905,0.2567230761051178,0.9993800520896912,0.9999561309814453
425,14167,MOUTH_RIGHT,0.5645944476127625,0.27451708912849426,0.22601056098937988,0.9993353486061096,0.9999648332595825
425,14167,LEFT_SHOULDER,0.4675888419151306,0.3181390166282654,0.20891045033931732,0.999615490436554,0.999941349029541
425,14167,RIGHT_SHOULDER,0.5936835408210754,0.3273974657058716,-0.11563980579376221,0.9998739361763,0.9999371767044067
425,14167,LEFT_ELBOW,0.39175960421562195,0.34569254517555237,0.36762306094169617,0.8040940761566162,0.9999016523361206
425,14167,RIGHT_ELBOW,0.6096535325050354,0.41522565484046936,-0.19264759123325348,0.9510752558708191,0.9997522234916687
425,14167,LEFT_WRIST,0.3564456105232239,0.30590471625328064,0.5845431685447693,0.5346215963363647,0.9999233484268188
425,14167,RIGHT_WRIST,0.6532354950904846,0.4842362403869629,-0.20113879442214966,0.5821596384048462,0.9996150732040405
425,14167,LEFT_PINKY,0.33139315247535706,0.29631543159484863,0.6248306632041931,0.4671017527580261,0.9998966455459595
425,14167,RIGHT_PINKY,0.6676343679428101,0.49838516116142273,-0.21867340803146362,0.5098366737365723,0.9995495676994324
425,14167,LEFT_INDEX,0.34208500385284424,0.29088443517684937,0.6242133378982544,0.4644896686077118,0.999876856803894
425,14167,RIGHT_INDEX,0.6681929230690002,0.49426957964897156,-0.20888617634773254,0.49626854062080383,0.999504566192627
425,14167,LEFT_THUMB,0.3532993197441101,0.2944393455982208,0.5904998779296875,0.43669483065605164,0.9998974800109863
425,14167,RIGHT_THUMB,0.6619092226028442,0.49138548970222473,-0.1940123289823532,0.4728069007396698,0.9995797276496887
425,14167,LEFT_HIP,0.49224478006362915,0.4915631115436554,0.14832249283790588,0.999542772769928,0.999889612197876
425,14167,RIGHT_HIP,0.5480459332466125,0.4987356960773468,-0.1487715095281601,0.999821126461029,0.9997885823249817
425,14167,LEFT_KNEE,0.5548241138458252,0.6158265471458435,0.15842406451702118,0.7889975905418396,0.9999421834945679
425,14167,RIGHT_KNEE,0.5508372783660889,0.6285452842712402,-0.10039587318897247,0.9840911626815796,0.9998974800109863
425,14167,LEFT_ANKLE,0.5829715728759766,0.7465160489082336,0.24470503628253937,0.8998504281044006,0.9999454021453857
425,14167,RIGHT_ANKLE,0.5040795803070068,0.760768711566925,-0.0112379752099514,0.9874864220619202,0.9998825788497925
425,14167,LEFT_HEEL,0.5755857229232788,0.7693713903427124,0.24764150381088257,0.9187825918197632,0.9998999834060669
425,14167,RIGHT_HEEL,0.4838414490222931,0.7780532836914062,-0.005681642331182957,0.9788972735404968,0.9997871518135071
425,14167,LEFT_FOOT_INDEX,0.6369785070419312,0.7779600024223328,0.19421111047267914,0.8408883810043335,0.9997522234916687
425,14167,RIGHT_FOOT_INDEX,0.5544386506080627,0.7882081866264343,-0.09639480710029602,0.959725558757782,0.9996470212936401
426,14200,NOSE,0.5512897968292236,0.2622937560081482,0.28490328788757324,0.9995430707931519,0.9999938011169434
426,14200,LEFT_EYE_INNER,0.5457813739776611,0.25214844942092896,0.2579115927219391,0.9996682405471802,0.999991774559021
426,14200,LEFT_EYE,0.5416415333747864,0.25175029039382935,0.25793877243995667,0.9996988773345947,0.9999918937683105
426,14200,LEFT_EYE_OUTER,0.5373247265815735,0.2516069710254669,0.25793108344078064,0.9996861219406128,0.9999909400939941
426,14200,RIGHT_EYE_INNER,0.5584669709205627,0.2528418004512787,0.23602920770645142,0.9996310472488403,0.9999922513961792
426,14200,RIGHT_EYE,0.5632408857345581,0.25300052762031555,0.23609012365341187,0.9996359348297119,0.9999912977218628
426,14200,RIGHT_EYE_OUTER,0.5683615207672119,0.25336751341819763,0.23595964908599854,0.9996574521064758,0.9999891519546509
426,14200,LEFT_EAR,0.5254865884780884,0.2573915719985962,0.1672573983669281,0.9995759725570679,0.9999929666519165
426,14200,RIGHT_EAR,0.5703849792480469,0.26037129759788513,0.06828523427248001,0.9996961951255798,0.9999896287918091
426,14200,MOUTH_LEFT,0.5451081395149231,0.2714100480079651,0.2601832151412964,0.9994368553161621,0.9999836683273315
426,14200,MOUTH_RIGHT,0.5584760308265686,0.27273038029670715,0.23050110042095184,0.9993982315063477,0.9999843835830688
426,14200,LEFT_SHOULDER,0.4658204913139343,0.3152731955051422,0.20915624499320984,0.9996441602706909,0.9999821186065674
426,14200,RIGHT_SHOULDER,0.5912328958511353,0.32481831312179565,-0.11405720561742783,0.9998846054077148,0.9999547004699707
426,14200,LEFT_ELBOW,0.38171935081481934,0.3275340497493744,0.3698772192001343,0.8234612345695496,0.9999622106552124
426,14200,RIGHT_ELBOW,0.610444188117981,0.41203951835632324,-0.19439257681369781,0.9558815360069275,0.9998016953468323
426,14200,LEFT_WRIST,0.33111897110939026,0.29250726103782654,0.575370728969574,0.5805343985557556,0.9999676942825317
426,14200,RIGHT_WRIST,0.659283459186554,0.49138471484184265,-0.18501140177249908,0.6228571534156799,0.9996329545974731
426,14200,LEFT_PINKY,0.3038596212863922,0.28564321994781494,0.6115125417709351,0.5185230374336243,0.9999432563781738
426,14200,RIGHT_PINKY,0.6769703030586243,0.5052560567855835,-0.20691828429698944,0.5558237433433533,0.9995152950286865
426,14200,LEFT_INDEX,0.30622121691703796,0.2779874801635742,0.6088311076164246,0.516106128692627,0.9999327659606934
426,14200,RIGHT_INDEX,0.6770762801170349,0.502407431602478,-0.2002008855342865,0.5430189371109009,0.9994679093360901
426,14200,LEFT_THUMB,0.31592366099357605,0.28043580055236816,0.5800115466117859,0.48965322971343994,0.9999475479125977
426,14200,RIGHT_THUMB,0.6693567037582397,0.49974310398101807,-0.17928417026996613,0.518922746181488,0.9995519518852234
426,14200,LEFT_HIP,0.49348509311676025,0.4910827577114105,0.14621268212795258,0.999577522277832,0.9999487400054932
426,14200,RIGHT_HIP,0.5461781024932861,0.4964028596878052,-0.14664506912231445,0.9998232126235962,0.9998750686645508
426,14200,LEFT_KNEE,0.5518526434898376,0.614021897315979,0.17514991760253906,0.7887886166572571,0.9999562501907349
426,14200,RIGHT_KNEE,0.547390878200531,0.6264190077781677,-0.08217650651931763,0.9850674271583557,0.9999258518218994
426,14200,LEFT_ANKLE,0.583324134349823,0.7465358376502991,0.2788870632648468,0.9019178152084351,0.9999556541442871
426,14200,RIGHT_ANKLE,0.5039904713630676,0.7588868141174316,0.030125845223665237,0.9882667660713196,0.9999128580093384
426,14200,LEFT_HEEL,0.5732724666595459,0.7687951922416687,0.2817049026489258,0.9198777079582214,0.9999170303344727
426,14200,RIGHT_HEEL,0.4855932891368866,0.7778531312942505,0.03755008429288864,0.9795663952827454,0.9998250603675842
426,14200,LEFT_FOOT_INDEX,0.6368994116783142,0.7760096788406372,0.20614340901374817,0.8498021364212036,0.9998082518577576
426,14200,RIGHT_FOOT_INDEX,0.5547932982444763,0.7846958041191101,-0.06139247119426727,0.9624016284942627,0.9997147917747498
427,14233,NOSE,0.5450319647789001,0.2623981833457947,0.2862897515296936,0.9995865225791931,0.9999924898147583
427,14233,LEFT_EYE_INNER,0.5403146147727966,0.25207170844078064,0.2573865056037903,0.9996986985206604,0.9999899864196777
427,14233,LEFT_EYE,0.5364482402801514,0.2515851855278015,0.25740325450897217,0.9997259378433228,0.9999898672103882
427,14233,LEFT_EYE_OUTER,0.5324997305870056,0.25136980414390564,0.25741568207740784,0.9997142553329468,0.9999886751174927
427,14233,RIGHT_EYE_INNER,0.5521507859230042,0.25296738743782043,0.23996318876743317,0.9996662139892578,0.9999909400939941
427,14233,RIGHT_EYE,0.5567684173583984,0.25314033031463623,0.2400253266096115,0.9996705055236816,0.9999901056289673
427,14233,RIGHT_EYE_OUTER,0.5617403388023376,0.2535064220428467,0.23990432918071747,0.999689519405365,0.9999880790710449
427,14233,LEFT_EAR,0.5222752094268799,0.2572498619556427,0.15903516113758087,0.9996147155761719,0.9999908208847046
427,14233,RIGHT_EAR,0.5651808977127075,0.260507196187973,0.07932734489440918,0.999724805355072,0.9999889135360718
427,14233,MOUTH_LEFT,0.5394189357757568,0.27124568819999695,0.2581614553928375,0.999485433101654,0.9999793767929077
427,14233,MOUTH_RIGHT,0.5520111918449402,0.2727152705192566,0.23456962406635284,0.9994533061981201,0.9999816417694092
427,14233,LEFT_SHOULDER,0.4622782766819,0.312539666891098,0.1924937218427658,0.9996652007102966,0.9999728202819824
427,14233,RIGHT_SHOULDER,0.5885853171348572,0.3241470158100128,-0.09876956790685654,0.9998939633369446,0.9999558925628662
427,14233,LEFT_ELBOW,0.3692675530910492,0.31228646636009216,0.3008183538913727,0.840856671333313,0.9999412298202515
427,14233,RIGHT_ELBOW,0.6112686395645142,0.41135287284851074,-0.18446084856987,0.9601990580558777,0.9997072815895081
427,14233,LEFT_WRIST,0.3079060912132263,0.28212761878967285,0.4406399726867676,0.621711790561676,0.999907374382019
427,14233,RIGHT_WRIST,0.6603401303291321,0.49545347690582275,-0.19787262380123138,0.6592341065406799,0.999392032623291
427,14233,LEFT_PINKY,0.277588814496994,0.2735404670238495,0.4617859125137329,0.5644257068634033,0.9998443126678467
427,14233,RIGHT_PINKY,0.6763426661491394,0.5098357796669006,-0.22560656070709229,0.596710741519928,0.9992664456367493
427,14233,LEFT_INDEX,0.2802506685256958,0.26748305559158325,0.4598290026187897,0.5621631741523743,0.9998146891593933
427,14233,RIGHT_INDEX,0.6744083762168884,0.5076516270637512,-0.21606779098510742,0.5844459533691406,0.9991975426673889
427,14233,LEFT_THUMB,0.29072684049606323,0.2703644633293152,0.4435085356235504,0.5365444421768188,0.9998553991317749
427,14233,RIGHT_THUMB,0.6681003570556641,0.5045790076255798,-0.19230064749717712,0.5593931674957275,0.9993023872375488
427,14233,LEFT_HIP,0.4934908449649811,0.49076318740844727,0.14360184967517853,0.9996076226234436,0.999932050704956
427,14233,RIGHT_HIP,0.5444298386573792,0.4957624077796936,-0.14403323829174042,0.999828040599823,0.9998775720596313
427,14233,LEFT_KNEE,0.5511443614959717,0.6123047471046448,0.20068559050559998,0.7865362763404846,0.9999477863311768
427,14233,RIGHT_KNEE,0.5448322296142578,0.6253167390823364,-0.07044731080532074,0.986126720905304,0.9999428987503052
427,14233,LEFT_ANKLE,0.5831428170204163,0.7437774538993835,0.33252963423728943,0.9031817317008972,0.9999545812606812
427,14233,RIGHT_ANKLE,0.5024814009666443,0.7566545009613037,0.032960981130599976,0.989048421382904,0.9999216794967651
427,14233,LEFT_HEEL,0.572783350944519,0.7654528617858887,0.3382130563259125,0.9198623299598694,0.9999163150787354
427,14233,RIGHT_HEEL,0.4847192168235779,0.7777172923088074,0.03836315870285034,0.9803509712219238,0.9998341798782349
427,14233,LEFT_FOOT_INDEX,0.6337200403213501,0.7736427187919617,0.25741469860076904,0.8578082323074341,0.9998194575309753
427,14233,RIGHT_FOOT_INDEX,0.5535049438476562,0.7829402089118958,-0.069272480905056,0.9649432897567749,0.9997043013572693
428,14267,NOSE,0.541174054145813,0.2621326744556427,0.2697924077510834,0.9996253252029419,0.9999926090240479
428,14267,LEFT_EYE_INNER,0.5368071794509888,0.2517390847206116,0.2400997430086136,0.9997257590293884,0.9999898672103882
428,14267,LEFT_EYE,0.5331087708473206,0.25122255086898804,0.24010224640369415,0.9997498989105225,0.9999896287918091
428,14267,LEFT_EYE_OUTER,0.5293902158737183,0.25100600719451904,0.24016182124614716,0.9997389316558838,0.9999884366989136
428,14267,RIGHT_EYE_INNER,0.5483971834182739,0.2528294324874878,0.2247193157672882,0.9996975660324097,0.9999911785125732
428,14267,RIGHT_EYE,0.5530812740325928,0.253082811832428,0.22477279603481293,0.999701201915741,0.9999904632568359
428,14267,RIGHT_EYE_OUTER,0.5581548810005188,0.2535369396209717,0.22465550899505615,0.9997179508209229,0.9999886751174927
428,14267,LEFT_EAR,0.5199301838874817,0.2570420503616333,0.1395958513021469,0.9996486306190491,0.9999901056289673
428,14267,RIGHT_EAR,0.5623783469200134,0.2607106864452362,0.07076942920684814,0.9997500777244568,0.9999892711639404
428,14267,MOUTH_LEFT,0.5358133316040039,0.2707155644893646,0.24094124138355255,0.9995285868644714,0.9999805688858032
428,14267,MOUTH_RIGHT,0.5484985709190369,0.2725074291229248,0.22037258744239807,0.9995021820068359,0.9999818801879883
428,14267,LEFT_SHOULDER,0.45919138193130493,0.3083277940750122,0.17351022362709045,0.9996871948242188,0.9999802112579346
428,14267,RIGHT_SHOULDER,0.5871829986572266,0.3250509798526764,-0.10271962732076645,0.9999022483825684,0.9999648332595825
428,14267,LEFT_ELBOW,0.3623625934123993,0.299954354763031,0.21513964235782623,0.8565260767936707,0.9999644756317139
428,14267,RIGHT_ELBOW,0.6111424565315247,0.4118415117263794,-0.18652860820293427,0.9640615582466125,0.9997007846832275
428,14267,LEFT_WRIST,0.28655457496643066,0.2674890458583832,0.2659032940864563,0.6591461896896362,0.9999032020568848
428,14267,RIGHT_WRIST,0.6576473116874695,0.4979601204395294,-0.19563518464565277,0.6921101808547974,0.9993174076080322
428,14267,LEFT_PINKY,0.2576169967651367,0.26439815759658813,0.26874053478240967,0.6067665219306946,0.9998118281364441
428,14267,RIGHT_PINKY,0.6734195351600647,0.5139938592910767,-0.23197008669376373,0.6341196894645691,0.999213695526123
428,14267,LEFT_INDEX,0.258607417345047,0.2584363520145416,0.2645454406738281,0.6046640872955322,0.9997790455818176
428,14267,RIGHT_INDEX,0.6717323660850525,0.5115410089492798,-0.22173932194709778,0.6224349737167358,0.9991432428359985
428,14267,LEFT_THUMB,0.2676670551300049,0.2607361376285553,0.26482436060905457,0.5803524255752563,0.9998372793197632
428,14267,RIGHT_THUMB,0.6649442911148071,0.5081340670585632,-0.19051024317741394,0.5969805121421814,0.9992419481277466
428,14267,LEFT_HIP,0.49121424555778503,0.49058929085731506,0.14278802275657654,0.9996346831321716,0.9999375343322754
428,14267,RIGHT_HIP,0.5425460338592529,0.49553319811820984,-0.14327995479106903,0.999835729598999,0.9999184608459473
428,14267,LEFT_KNEE,0.5468688011169434,0.6119397282600403,0.27035433053970337,0.7770937085151672,0.9999468326568604
428,14267,RIGHT_KNEE,0.5434213876724243,0.6251035928726196,-0.06563174724578857,0.9872052669525146,0.9999614953994751
428,14267,LEFT_ANKLE,0.5748177766799927,0.7411622405052185,0.45237621665000916,0.9011549353599548,0.9999682903289795
428,14267,RIGHT_ANKLE,0.5019547939300537,0.755104124546051,0.023770151659846306,0.9898044466972351,0.9999581575393677
428,14267,LEFT_HEEL,0.5636076927185059,0.7629072666168213,0.4634235203266144,0.9180833697319031,0.9999456405639648
428,14267,RIGHT_HEEL,0.4841375946998596,0.7774763703346252,0.026838859543204308,0.9813799858093262,0.9999055862426758
428,14267,LEFT_FOOT_INDEX,0.6221325993537903,0.7676700949668884,0.38183677196502686,0.8640608787536621,0.9998973608016968
428,14267,RIGHT_FOOT_INDEX,0.5581238865852356,0.7823655605316162,-0.09264519810676575,0.9674091339111328,0.9998034834861755
429,14300,NOSE,0.5404877662658691,0.2630768120288849,0.27440589666366577,0.9996605515480042,0.9999923706054688
429,14300,LEFT_EYE_INNER,0.5360468029975891,0.2527558505535126,0.24530808627605438,0.9997503757476807,0.9999892711639404
429,14300,LEFT_EYE,0.5324153304100037,0.25217530131340027,0.24530240893363953,0.9997717142105103,0.9999892711639404
429,14300,LEFT_EYE_OUTER,0.5287649631500244,0.2518811821937561,0.2453664243221283,0.9997615218162537,0.9999880790710449
429,14300,RIGHT_EYE_INNER,0.547152042388916,0.254017174243927,0.22881755232810974,0.9997259974479675,0.9999903440475464
429,14300,RIGHT_EYE,0.5515202283859253,0.2543201446533203,0.22886866331100464,0.9997290968894958,0.9999895095825195
429,14300,RIGHT_EYE_OUTER,0.5562624931335449,0.254815936088562,0.22875359654426575,0.9997437596321106,0.9999874830245972
429,14300,LEFT_EAR,0.5187917947769165,0.2576548457145691,0.14540155231952667,0.9996790885925293,0.9999898672103882
429,14300,RIGHT_EAR,0.560177206993103,0.26168835163116455,0.07240654528141022,0.9997729063034058,0.9999885559082031
429,14300,MOUTH_LEFT,0.5346652865409851,0.27123337984085083,0.24593476951122284,0.9995676279067993,0.9999797344207764
429,14300,MOUTH_RIGHT,0.5471563339233398,0.2732729911804199,0.2239677608013153,0.9995465874671936,0.9999814033508301
429,14300,LEFT_SHOULDER,0.45511898398399353,0.3062680959701538,0.17216424643993378,0.9997063875198364,0.9999796152114868
429,14300,RIGHT_SHOULDER,0.5848186612129211,0.32600799202919006,-0.09792874753475189,0.9999098777770996,0.9999663829803467
429,14300,LEFT_ELBOW,0.3560699224472046,0.2951338589191437,0.20228832960128784,0.8706934452056885,0.9999620914459229
429,14300,RIGHT_ELBOW,0.6093553304672241,0.4119356572628021,-0.16512984037399292,0.9675316214561462,0.9996465444564819
429,14300,LEFT_WRIST,0.2733379602432251,0.2583371102809906,0.23772463202476501,0.6929464936256409,0.9998844861984253
429,14300,RIGHT_WRIST,0.65555340051651,0.4979090988636017,-0.14278006553649902,0.7216640710830688,0.9990717172622681
429,14300,LEFT_PINKY,0.24654057621955872,0.2552490532398224,0.23751892149448395,0.6451933979988098,0.9997753500938416
429,14300,RIGHT_PINKY,0.6711934208869934,0.5154350399971008,-0.17269359529018402,0.6676884293556213,0.9989431500434875
429,14300,LEFT_INDEX,0.24787288904190063,0.24844145774841309,0.23269371688365936,0.6432622075080872,0.9997373223304749
429,14300,RIGHT_INDEX,0.6707687973976135,0.5136725902557373,-0.1609981209039688,0.6564740538597107,0.9988595247268677
429,14300,LEFT_THUMB,0.25517645478248596,0.25087523460388184,0.23585303127765656,0.6203965544700623,0.9998044371604919
429,14300,RIGHT_THUMB,0.663415253162384,0.5094587802886963,-0.1358751356601715,0.6305259466171265,0.9989888072013855
429,14300,LEFT_HIP,0.4904942810535431,0.49018698930740356,0.1418970227241516,0.9996550679206848,0.999915599822998
429,14300,RIGHT_HIP,0.5400427579879761,0.49475613236427307,-0.14240345358848572,0.9998412132263184,0.9999066591262817
429,14300,LEFT_KNEE,0.5446294546127319,0.611931324005127,0.259647935628891,0.7707324028015137,0.9999376535415649
429,14300,RIGHT_KNEE,0.5394421219825745,0.6247723698616028,-0.06831828504800797,0.9881998896598816,0.9999606609344482
429,14300,LEFT_ANKLE,0.570844292640686,0.7412887215614319,0.43080851435661316,0.8996656537055969,0.9999523162841797
429,14300,RIGHT_ANKLE,0.5008804202079773,0.755324125289917,-0.011432104744017124,0.9904705286026001,0.999931812286377
429,14300,LEFT_HEEL,0.5626972913742065,0.7624198794364929,0.4409673810005188,0.9156957268714905,0.9999195337295532
429,14300,RIGHT_HEEL,0.4837869107723236,0.776597261428833,-0.00943911075592041,0.9821255207061768,0.9998434782028198
429,14300,LEFT_FOOT_INDEX,0.6215684413909912,0.7702769637107849,0.36299988627433777,0.8700751662254333,0.9998536109924316
429,14300,RIGHT_FOOT_INDEX,0.5562760233879089,0.7827825546264648,-0.13321489095687866,0.9695469737052917,0.9996781349182129
430,14333,NOSE,0.5378426313400269,0.26387283205986023,0.26822322607040405,0.9996915459632874,0.9999901056289673
430,14333,LEFT_EYE_INNER,0.5334197282791138,0.25356730818748474,0.23904989659786224,0.9997713565826416,0.9999856948852539
430,14333,LEFT_EYE,0.5297271609306335,0.25294262170791626,0.23903188109397888,0.9997901320457458,0.9999858140945435
430,14333,LEFT_EYE_OUTER,0.5261189341545105,0.25258970260620117,0.23910392820835114,0.9997801780700684,0.9999842643737793
430,14333,RIGHT_EYE_INNER,0.5448235869407654,0.2549409866333008,0.2233579009771347,0.9997507929801941,0.9999874830245972
430,14333,RIGHT_EYE,0.5492373704910278,0.2552723288536072,0.22340935468673706,0.9997534155845642,0.9999865293502808
430,14333,RIGHT_EYE_OUTER,0.5539656281471252,0.25578123331069946,0.22329866886138916,0.9997658729553223,0.9999840259552002
430,14333,LEFT_EAR,0.5162488222122192,0.2582392394542694,0.13801409304141998,0.9997039437294006,0.9999867677688599
430,14333,RIGHT_EAR,0.5565738081932068,0.262502521276474,0.06853839010000229,0.9997926354408264,0.9999860525131226
430,14333,MOUTH_LEFT,0.5317611694335938,0.27184125781059265,0.23915058374404907,0.999599277973175,0.9999738931655884
430,14333,MOUTH_RIGHT,0.5442320704460144,0.2739955186843872,0.21825364232063293,0.9995840787887573,0.999976634979248
430,14333,LEFT_SHOULDER,0.45176568627357483,0.30613434314727783,0.1648854911327362,0.9997215270996094,0.9999750852584839
430,14333,RIGHT_SHOULDER,0.5826695561408997,0.32725512981414795,-0.10088256001472473,0.9999164938926697,0.999964714050293
430,14333,LEFT_ELBOW,0.35300731658935547,0.29332390427589417,0.19065630435943604,0.8834365606307983,0.999951958656311
430,14333,RIGHT_ELBOW,0.6067655682563782,0.41108953952789307,-0.14858002960681915,0.9706552028656006,0.9995574355125427
430,14333,LEFT_WRIST,0.2702614665031433,0.2547627091407776,0.2172296643257141,0.7233517169952393,0.9998050332069397
430,14333,RIGHT_WRIST,0.6537639498710632,0.4982253909111023,-0.08678104728460312,0.748314380645752,0.9987595081329346
430,14333,LEFT_PINKY,0.24331659078598022,0.24990715086460114,0.21544118225574493,0.6797166466712952,0.9996230602264404
430,14333,RIGHT_PINKY,0.6693527102470398,0.517332911491394,-0.11139465868473053,0.697968065738678,0.998590886592865
430,14333,LEFT_INDEX,0.24515864253044128,0.24207240343093872,0.20818574726581573,0.6779455542564392,0.9995478987693787
430,14333,RIGHT_INDEX,0.6682019829750061,0.5173050761222839,-0.10020167380571365,0.6871543526649475,0.9984585046768188
430,14333,LEFT_THUMB,0.25281068682670593,0.24478508532047272,0.21359214186668396,0.6563657522201538,0.999657392501831
430,14333,RIGHT_THUMB,0.6620298624038696,0.511411190032959,-0.0792921707034111,0.6608937978744507,0.9986228942871094
430,14333,LEFT_HIP,0.48994243144989014,0.48981204628944397,0.14137953519821167,0.9996747374534607,0.9998915195465088
430,14333,RIGHT_HIP,0.5352452397346497,0.49420395493507385,-0.14190247654914856,0.9998465180397034,0.9998937845230103
430,14333,LEFT_KNEE,0.5451707243919373,0.6124904751777649,0.26423099637031555,0.7671868205070496,0.9999239444732666
430,14333,RIGHT_KNEE,0.5330114960670471,0.6246277093887329,-0.07703230530023575,0.9891457557678223,0.9999562501907349
430,14333,LEFT_ANKLE,0.5727144479751587,0.7412639260292053,0.4520687162876129,0.8997539281845093,0.9999301433563232
430,14333,RIGHT_ANKLE,0.4965019226074219,0.7552958726882935,-0.024789823219180107,0.9911106824874878,0.9999042749404907
430,14333,LEFT_HEEL,0.5636917948722839,0.7623504400253296,0.4635814130306244,0.9137837290763855,0.9998852014541626
430,14333,RIGHT_HEEL,0.47832077741622925,0.7764278650283813,-0.023773930966854095,0.982735276222229,0.9997745156288147
430,14333,LEFT_FOOT_INDEX,0.6305773854255676,0.7725797891616821,0.38342416286468506,0.8762412071228027,0.9997879862785339
430,14333,RIGHT_FOOT_INDEX,0.5525203943252563,0.7828282713890076,-0.1503870040178299,0.9715365171432495,0.9995331764221191
431,14367,NOSE,0.534658670425415,0.26426663994789124,0.2732585668563843,0.9997190237045288,0.999985933303833
431,14367,LEFT_EYE_INNER,0.530174732208252,0.25399017333984375,0.24530301988124847,0.9997894763946533,0.9999796152114868
431,14367,LEFT_EYE,0.5263578295707703,0.25335565209388733,0.24528594315052032,0.9998058676719666,0.9999797344207764
431,14367,LEFT_EYE_OUTER,0.5226458311080933,0.2529352307319641,0.24535158276557922,0.9997961521148682,0.9999772310256958
431,14367,RIGHT_EYE_INNER,0.5419760942459106,0.2554342448711395,0.22937323153018951,0.9997727274894714,0.9999827146530151
431,14367,RIGHT_EYE,0.546493649482727,0.2558002769947052,0.2294279783964157,0.9997748732566833,0.9999817609786987
431,14367,RIGHT_EYE_OUTER,0.551421046257019,0.2563326060771942,0.2293129861354828,0.9997853636741638,0.9999786615371704
431,14367,LEFT_EAR,0.5128569602966309,0.2586207091808319,0.14611376821994781,0.9997246265411377,0.9999799728393555
431,14367,RIGHT_EAR,0.5542131662368774,0.2629256546497345,0.07514815032482147,0.9998098611831665,0.9999809265136719
431,14367,MOUTH_LEFT,0.5285304188728333,0.27217888832092285,0.244837686419487,0.9996234178543091,0.9999593496322632
431,14367,MOUTH_RIGHT,0.5412967205047607,0.2743074893951416,0.22373633086681366,0.9996151328086853,0.9999650716781616
431,14367,LEFT_SHOULDER,0.4496389329433441,0.3065086901187897,0.17133623361587524,0.9997260570526123,0.9999589920043945
431,14367,RIGHT_SHOULDER,0.5802513957023621,0.3278357684612274,-0.09590120613574982,0.9999215006828308,0.9999516010284424
431,14367,LEFT_ELBOW,0.3505202829837799,0.29341191053390503,0.2019869089126587,0.8948654532432556,0.999935507774353
431,14367,RIGHT_ELBOW,0.6038245558738708,0.4101056754589081,-0.14167554676532745,0.973457396030426,0.9995278120040894
431,14367,LEFT_WRIST,0.26602989435195923,0.25360995531082153,0.2335616797208786,0.7506936192512512,0.9997255206108093
431,14367,RIGHT_WRIST,0.64838045835495,0.49931472539901733,-0.07473904639482498,0.7724688053131104,0.9985892176628113
431,14367,LEFT_PINKY,0.23795607686042786,0.24812959134578705,0.23410150408744812,0.710749089717865,0.9994863271713257
431,14367,RIGHT_PINKY,0.664827287197113,0.5191685557365417,-0.09795773774385452,0.7256048321723938,0.9983288645744324
431,14367,LEFT_INDEX,0.24033212661743164,0.24027222394943237,0.22628310322761536,0.7091241478919983,0.9993733763694763
431,14367,RIGHT_INDEX,0.6670694351196289,0.519679605960846,-0.08561772108078003,0.7152208089828491,0.9981570839881897
431,14367,LEFT_THUMB,0.24832968413829803,0.24294108152389526,0.2296246588230133,0.6886500120162964,0.9995156526565552
431,14367,RIGHT_THUMB,0.6579809188842773,0.5131414532661438,-0.0668153390288353,0.6889260411262512,0.9983494281768799
431,14367,LEFT_HIP,0.48892271518707275,0.489732563495636,0.1406906396150589,0.9996887445449829,0.9998728036880493
431,14367,RIGHT_HIP,0.5319215655326843,0.4935469627380371,-0.14126498997211456,0.9998472929000854,0.9998792409896851
431,14367,LEFT_KNEE,0.5484278202056885,0.6136950850486755,0.2493518590927124,0.7691882252693176,0.9999113082885742
431,14367,RIGHT_KNEE,0.5296393036842346,0.6242570281028748,-0.08036310225725174,0.9900091290473938,0.9999523162841797
431,14367,LEFT_ANKLE,0.5712189078330994,0.7426698803901672,0.42570340633392334,0.9011608362197876,0.9999159574508667
431,14367,RIGHT_ANKLE,0.4945790469646454,0.7554582357406616,-0.03090343438088894,0.9917123317718506,0.9998887777328491
431,14367,LEFT_HEEL,0.5618643760681152,0.7639854550361633,0.4358026087284088,0.9123653173446655,0.9998620748519897
431,14367,RIGHT_HEEL,0.4781475365161896,0.7764639258384705,-0.030242908746004105,0.983246922492981,0.9997387528419495
431,14367,LEFT_FOOT_INDEX,0.6305819153785706,0.774166464805603,0.35378551483154297,0.882943332195282,0.9997366070747375
431,14367,RIGHT_FOOT_INDEX,0.5522101521492004,0.7828993201255798,-0.15989263355731964,0.9734750986099243,0.9994668364524841
432,14400,NOSE,0.5314533114433289,0.2644662857055664,0.2634952962398529,0.9997413754463196,0.9999806880950928
432,14400,LEFT_EYE_INNER,0.526824414730072,0.25428223609924316,0.23439601063728333,0.9998027682304382,0.9999734163284302
432,14400,LEFT_EYE,0.5228807330131531,0.25363439321517944,0.23437558114528656,0.9998167157173157,0.9999736547470093
432,14400,LEFT_EYE_OUTER,0.5190423727035522,0.2531999349594116,0.23444484174251556,0.9998065233230591,0.9999710321426392
432,14400,RIGHT_EYE_INNER,0.5390199422836304,0.2557661235332489,0.21865372359752655,0.999790370464325,0.999976634979248
432,14400,RIGHT_EYE,0.5436908006668091,0.2561401128768921,0.21871012449264526,0.9997919797897339,0.9999750852584839
432,14400,RIGHT_EYE_OUTER,0.5486676096916199,0.25666651129722595,0.21859022974967957,0.9998000264167786,0.9999706745147705
432,14400,LEFT_EAR,0.5093779563903809,0.2587566077709198,0.1333504319190979,0.9997372627258301,0.9999752044677734
432,14400,RIGHT_EAR,0.5515679121017456,0.263094961643219,0.06416231393814087,0.9998231530189514,0.9999738931655884
432,14400,MOUTH_LEFT,0.5253130793571472,0.27216649055480957,0.23450817167758942,0.9996392726898193,0.9999561309814453
432,14400,MOUTH_RIGHT,0.5385531783103943,0.2742587924003601,0.21377035975456238,0.9996391534805298,0.9999600648880005
432,14400,LEFT_SHOULDER,0.4453894793987274,0.3055212199687958,0.16075539588928223,0.999733567237854,0.9999639987945557
432,14400,RIGHT_SHOULDER,0.5788135528564453,0.32829973101615906,-0.10505843162536621,0.9999256730079651,0.9999500513076782
432,14400,LEFT_ELBOW,0.34802737832069397,0.29326969385147095,0.1770508736371994,0.9051405191421509,0.9999426603317261
432,14400,RIGHT_ELBOW,0.6017847657203674,0.40872228145599365,-0.15655416250228882,0.9759364724159241,0.99946528673172
432,14400,LEFT_WRIST,0.2622928023338318,0.25331443548202515,0.18504302203655243,0.7752937078475952,0.9997116923332214
432,14400,RIGHT_WRIST,0.6430090665817261,0.4980749785900116,-0.10681337863206863,0.7939154505729675,0.9984350800514221
432,14400,LEFT_PINKY,0.2328500598669052,0.2481713891029358,0.17825663089752197,0.7386878132820129,0.9994401335716248
432,14400,RIGHT_PINKY,0.6597778797149658,0.5174984931945801,-0.13552136719226837,0.749999463558197,0.9981947541236877
432,14400,LEFT_INDEX,0.2352357655763626,0.24033913016319275,0.1702568382024765,0.7371909618377686,0.9993247985839844
432,14400,RIGHT_INDEX,0.6603441834449768,0.5179789066314697,-0.1262165904045105,0.7399240136146545,0.9980225563049316
432,14400,LEFT_THUMB,0.24364708364009857,0.24287492036819458,0.18025913834571838,0.7176816463470459,0.999485969543457
432,14400,RIGHT_THUMB,0.6524805426597595,0.5119022727012634,-0.10055691748857498,0.7131829857826233,0.9982274174690247
432,14400,LEFT_HIP,0.48625215888023376,0.489148885011673,0.1403461992740631,0.9997017979621887,0.9998663663864136
432,14400,RIGHT_HIP,0.5299210548400879,0.49320343136787415,-0.14091813564300537,0.9998480081558228,0.999872088432312
432,14400,LEFT_KNEE,0.5465527176856995,0.6131263971328735,0.26416245102882385,0.766604483127594,0.999910831451416
432,14400,RIGHT_KNEE,0.5270164012908936,0.6241679191589355,-0.08285395801067352,0.9907034635543823,0.999946117401123
432,14400,LEFT_ANKLE,0.5695274472236633,0.7421570420265198,0.454574316740036,0.900442898273468,0.9999065399169922
432,14400,RIGHT_ANKLE,0.4931459426879883,0.755385160446167,-0.032289665192365646,0.992096483707428,0.9998750686645508
432,14400,LEFT_HEEL,0.5615947842597961,0.7630595564842224,0.4657950699329376,0.9095649123191833,0.9998432397842407
432,14400,RIGHT_HEEL,0.4769816994667053,0.7765324711799622,-0.03175772726535797,0.9834102988243103,0.9997127652168274
432,14400,LEFT_FOOT_INDEX,0.6254530549049377,0.7717311978340149,0.38264837861061096,0.8870991468429565,0.9997201561927795
432,14400,RIGHT_FOOT_INDEX,0.5518059134483337,0.7832022309303284,-0.16085588932037354,0.9747902154922485,0.9994681477546692
433,14433,NOSE,0.5283337831497192,0.2647426128387451,0.24696649610996246,0.999757707118988,0.9999704360961914
433,14433,LEFT_EYE_INNER,0.5237624049186707,0.254494309425354,0.21566593647003174,0.9998104572296143,0.999963641166687
433,14433,LEFT_EYE,0.5199211239814758,0.25384044647216797,0.21564355492591858,0.9998214840888977,0.9999632835388184
433,14433,LEFT_EYE_OUTER,0.5161420106887817,0.2534002959728241,0.21571476757526398,0.9998098611831665,0.9999593496322632
433,14433,RIGHT_EYE_INNER,0.5359559059143066,0.2559928596019745,0.20036271214485168,0.9998036026954651,0.9999682903289795
433,14433,RIGHT_EYE,0.5406337976455688,0.25638285279273987,0.20040446519851685,0.9998043179512024,0.9999656677246094
433,14433,RIGHT_EYE_OUTER,0.545661211013794,0.2569296956062317,0.20025824010372162,0.9998095035552979,0.9999597072601318
433,14433,LEFT_EAR,0.5065451264381409,0.25897473096847534,0.11105860024690628,0.9997422099113464,0.9999666213989258
433,14433,RIGHT_EAR,0.548515796661377,0.26336121559143066,0.04417891427874565,0.9998328685760498,0.9999645948410034
433,14433,MOUTH_LEFT,0.5226374864578247,0.27239373326301575,0.2175910770893097,0.9996464848518372,0.9999452829360962
433,14433,MOUTH_RIGHT,0.5357141494750977,0.27445992827415466,0.1975521296262741,0.9996556639671326,0.9999498128890991
433,14433,LEFT_SHOULDER,0.44236114621162415,0.30504947900772095,0.13906148076057434,0.999737560749054,0.9999569654464722
433,14433,RIGHT_SHOULDER,0.5774028301239014,0.32853400707244873,-0.1196785420179367,0.9999285340309143,0.9999306201934814
433,14433,LEFT_ELBOW,0.34411221742630005,0.2940356135368347,0.14450258016586304,0.9143930673599243,0.9999347925186157
433,14433,RIGHT_ELBOW,0.5968729257583618,0.40846994519233704,-0.1917240172624588,0.9780861735343933,0.9993022680282593
433,14433,LEFT_WRIST,0.2584973871707916,0.2540135085582733,0.14048045873641968,0.797394335269928,0.9996054768562317
433,14433,RIGHT_WRIST,0.6356999278068542,0.4967944324016571,-0.18798792362213135,0.8126648664474487,0.998234748840332
433,14433,LEFT_PINKY,0.22868317365646362,0.248149573802948,0.13159368932247162,0.7637118697166443,0.999232292175293
433,14433,RIGHT_PINKY,0.6487376689910889,0.516369640827179,-0.2239522486925125,0.7709588408470154,0.9980325102806091
433,14433,LEFT_INDEX,0.23127639293670654,0.24066545069217682,0.12357156723737717,0.7623172402381897,0.9990880489349365
433,14433,RIGHT_INDEX,0.6493579745292664,0.5166266560554504,-0.21472565829753876,0.7610130310058594,0.9978936314582825
433,14433,LEFT_THUMB,0.23975476622581482,0.24336150288581848,0.13543540239334106,0.7435670495033264,0.9993165731430054
433,14433,RIGHT_THUMB,0.6414660811424255,0.5103121995925903,-0.1828479766845703,0.733148992061615,0.9980767965316772
433,14433,LEFT_HIP,0.47837361693382263,0.48894235491752625,0.1405637115240097,0.9997072219848633,0.9998213648796082
433,14433,RIGHT_HIP,0.5289261341094971,0.4932480454444885,-0.14117692410945892,0.9998440146446228,0.9998095631599426
433,14433,LEFT_KNEE,0.5372890830039978,0.6123607158660889,0.2862089276313782,0.7557536363601685,0.9998573064804077
433,14433,RIGHT_KNEE,0.5243182182312012,0.6240594387054443,-0.06737107038497925,0.9911932945251465,0.999907374382019
433,14433,LEFT_ANKLE,0.5590177178382874,0.7410380244255066,0.47856706380844116,0.8947213888168335,0.9998999834060669
433,14433,RIGHT_ANKLE,0.49321216344833374,0.755397617816925,0.019899016246199608,0.9922048449516296,0.9998817443847656
433,14433,LEFT_HEEL,0.5455893874168396,0.7619934678077698,0.4906091094017029,0.9048388600349426,0.999833345413208
433,14433,RIGHT_HEEL,0.47848236560821533,0.7764796018600464,0.023721683770418167,0.9834617376327515,0.999736487865448
433,14433,LEFT_FOOT_INDEX,0.611571729183197,0.7699992060661316,0.4106415808200836,0.8867708444595337,0.9997087121009827
433,14433,RIGHT_FOOT_INDEX,0.551324725151062,0.7833534479141235,-0.0986509844660759,0.9754026532173157,0.9995278120040894
434,14467,NOSE,0.5269711017608643,0.26512351632118225,0.2594999670982361,0.9997564554214478,0.9999246597290039
434,14467,LEFT_EYE_INNER,0.5221022367477417,0.2550050914287567,0.22971577942371368,0.9997994303703308,0.9999169111251831
434,14467,LEFT_EYE,0.5182695388793945,0.2543081045150757,0.22971151769161224,0.9998070597648621,0.9999179840087891
434,14467,LEFT_EYE_OUTER,0.5144833922386169,0.2538338899612427,0.22976575791835785,0.9997919797897339,0.9999111890792847
434,14467,RIGHT_EYE_INNER,0.5343368649482727,0.2564988434314728,0.21384462714195251,0.9998033046722412,0.999920129776001
434,14467,RIGHT_EYE,0.5389451384544373,0.256813108921051,0.21388226747512817,0.9998027682304382,0.9999111890792847
434,14467,RIGHT_EYE_OUTER,0.5438251495361328,0.2572382986545563,0.2137509137392044,0.9998025298118591,0.9998937845230103
434,14467,LEFT_EAR,0.5045039057731628,0.2590230107307434,0.12500374019145966,0.9997218251228333,0.9999305009841919
434,14467,RIGHT_EAR,0.5463027954101562,0.2635631561279297,0.055013012140989304,0.9998313784599304,0.9999001026153564
434,14467,MOUTH_LEFT,0.5213007926940918,0.2724947929382324,0.22919821739196777,0.9996164441108704,0.9998977184295654
434,14467,MOUTH_RIGHT,0.5341909527778625,0.27462631464004517,0.20813202857971191,0.9996462464332581,0.999896764755249
434,14467,LEFT_SHOULDER,0.43999966979026794,0.30500736832618713,0.1510406881570816,0.9997331500053406,0.9999281167984009
434,14467,RIGHT_SHOULDER,0.576066255569458,0.3279426097869873,-0.11194586753845215,0.999928891658783,0.9998438358306885
434,14467,LEFT_ELBOW,0.33837172389030457,0.29494139552116394,0.16094039380550385,0.9226866364479065,0.9998866319656372
434,14467,RIGHT_ELBOW,0.5947015285491943,0.4081538915634155,-0.20796193182468414,0.9799042344093323,0.9986717700958252
434,14467,LEFT_WRIST,0.25451385974884033,0.25467804074287415,0.15684917569160461,0.8171958923339844,0.9993103742599487
434,14467,RIGHT_WRIST,0.6311646103858948,0.49598464369773865,-0.2687877118587494,0.8282549977302551,0.9969419836997986
434,14467,LEFT_PINKY,0.2249046117067337,0.24866077303886414,0.14802198112010956,0.7860922813415527,0.9987277388572693
434,14467,RIGHT_PINKY,0.6426202654838562,0.515815258026123,-0.3096463978290558,0.7877398729324341,0.9968395233154297
434,14467,LEFT_INDEX,0.22773310542106628,0.24074852466583252,0.14303869009017944,0.7847762703895569,0.9985373020172119
434,14467,RIGHT_INDEX,0.6418929696083069,0.5160889029502869,-0.2988668978214264,0.7775506377220154,0.9966542720794678
434,14467,LEFT_THUMB,0.23614148795604706,0.24352452158927917,0.15343785285949707,0.7665069699287415,0.9988771080970764
434,14467,RIGHT_THUMB,0.6344266533851624,0.5093073844909668,-0.26404210925102234,0.7473157644271851,0.9969320297241211
434,14467,LEFT_HIP,0.4720155596733093,0.48888471722602844,0.14040467143058777,0.9996908903121948,0.999602735042572
434,14467,RIGHT_HIP,0.5286825895309448,0.49330687522888184,-0.14101454615592957,0.9998147487640381,0.9994489550590515
434,14467,LEFT_KNEE,0.5284834504127502,0.612167477607727,0.27025067806243896,0.7469474673271179,0.999678373336792
434,14467,RIGHT_KNEE,0.5227161645889282,0.6243131756782532,-0.06946566700935364,0.991364061832428,0.9996740818023682
434,14467,LEFT_ANKLE,0.5466028451919556,0.7407565712928772,0.4448665380477905,0.8881821036338806,0.9997114539146423
434,14467,RIGHT_ANKLE,0.4949287474155426,0.7550486922264099,0.019214162603020668,0.9916526675224304,0.99957674741745
434,14467,LEFT_HEEL,0.5378468036651611,0.7637196779251099,0.4574114978313446,0.900976836681366,0.999525785446167
434,14467,RIGHT_HEEL,0.47842004895210266,0.776349663734436,0.023805750533938408,0.9826149344444275,0.9991647005081177
434,14467,LEFT_FOOT_INDEX,0.5946502089500427,0.7671347260475159,0.3966774642467499,0.8825861215591431,0.9991831183433533
434,14467,RIGHT_FOOT_INDEX,0.5526131987571716,0.781196117401123,-0.0866081714630127,0.974004864692688,0.9988435506820679
435,14500,NOSE,0.5227154493331909,0.26529738306999207,0.26683807373046875,0.9997209906578064,0.9998170733451843
435,14500,LEFT_EYE_INNER,0.5175014734268188,0.25518476963043213,0.23675432801246643,0.9997556805610657,0.999824583530426
435,14500,LEFT_EYE,0.5136094093322754,0.2544892132282257,0.23674313724040985,0.999756395816803,0.9998247027397156
435,14500,LEFT_EYE_OUTER,0.5097336769104004,0.2540152370929718,0.23678699135780334,0.9997353553771973,0.9998131394386292
435,14500,RIGHT_EYE_INNER,0.5298581719398499,0.2566777169704437,0.22084876894950867,0.999778151512146,0.9998379945755005
435,14500,RIGHT_EYE,0.5344494581222534,0.25698691606521606,0.2208801507949829,0.999775230884552,0.9998212456703186
435,14500,RIGHT_EYE_OUTER,0.5392577648162842,0.2573951184749603,0.22074688971042633,0.9997667074203491,0.9997908473014832
435,14500,LEFT_EAR,0.5006273984909058,0.25918516516685486,0.12286078184843063,0.9996511340141296,0.9998517036437988
435,14500,RIGHT_EAR,0.5426381826400757,0.2634947896003723,0.05956418439745903,0.9998045563697815,0.9997842907905579
435,14500,MOUTH_LEFT,0.5172548890113831,0.2726605534553528,0.2369994819164276,0.9995161294937134,0.9997602105140686
435,14500,MOUTH_RIGHT,0.5302732586860657,0.27476221323013306,0.21414920687675476,0.9995862245559692,0.9997648596763611
435,14500,LEFT_SHOULDER,0.43857672810554504,0.30516526103019714,0.12884335219860077,0.9996989369392395,0.9998102784156799
435,14500,RIGHT_SHOULDER,0.5756159424781799,0.3271663188934326,-0.09833921492099762,0.999914824962616,0.9995458722114563
435,14500,LEFT_ELBOW,0.33286961913108826,0.2981320023536682,0.1094716340303421,0.9301571846008301,0.9996887445449829
435,14500,RIGHT_ELBOW,0.5924381017684937,0.40813860297203064,-0.18714386224746704,0.9815055131912231,0.9974790215492249
435,14500,LEFT_WRIST,0.25347039103507996,0.25691211223602295,0.08431742340326309,0.8348708748817444,0.9983435869216919
435,14500,RIGHT_WRIST,0.6278320550918579,0.49624815583229065,-0.25346505641937256,0.8407227993011475,0.9950248599052429
435,14500,LEFT_PINKY,0.22488491237163544,0.25029224157333374,0.06698217988014221,0.8058412671089172,0.9972119927406311
435,14500,RIGHT_PINKY,0.6381618976593018,0.5168277621269226,-0.29114189743995667,0.7997602820396423,0.9944894313812256
435,14500,LEFT_INDEX,0.228267103433609,0.24228331446647644,0.06680259108543396,0.804583728313446,0.9968551397323608
435,14500,RIGHT_INDEX,0.6371979117393494,0.5171785354614258,-0.2850188612937927,0.7888742089271545,0.9943646192550659
435,14500,LEFT_THUMB,0.2374802678823471,0.24543911218643188,0.08193837851285934,0.7862237095832825,0.9974628686904907
435,14500,RIGHT_THUMB,0.6301661133766174,0.5097902417182922,-0.2506827414035797,0.7553146481513977,0.9947827458381653
435,14500,LEFT_HIP,0.46733346581459045,0.4888206720352173,0.11472407728433609,0.9996241331100464,0.999257504940033
435,14500,RIGHT_HIP,0.5283913612365723,0.49338775873184204,-0.1152731254696846,0.9996885061264038,0.9985861778259277
435,14500,LEFT_KNEE,0.516903817653656,0.6114740967750549,0.18694418668746948,0.7361710667610168,0.9990248680114746
435,14500,RIGHT_KNEE,0.5203636288642883,0.6238270401954651,-0.012095055542886257,0.9901436567306519,0.9988547563552856
435,14500,LEFT_ANKLE,0.5282529592514038,0.7376442551612854,0.31531402468681335,0.8757953643798828,0.9993565678596497
435,14500,RIGHT_ANKLE,0.4964335858821869,0.7518779039382935,0.11700166761875153,0.9884146451950073,0.9991220831871033
435,14500,LEFT_HEEL,0.5139912962913513,0.762042224407196,0.32124754786491394,0.8933687806129456,0.9990540146827698
435,14500,RIGHT_HEEL,0.4794797897338867,0.773787260055542,0.1268097162246704,0.9796267151832581,0.9984961748123169
435,14500,LEFT_FOOT_INDEX,0.5685708522796631,0.7652971148490906,0.23441548645496368,0.8701393604278564,0.9984044432640076
435,14500,RIGHT_FOOT_INDEX,0.5482686758041382,0.7761431932449341,0.02936897613108158,0.9662786722183228,0.9983716607093811
436,14533,NOSE,0.5177628397941589,0.2654099762439728,0.27066028118133545,0.9997081756591797,0.9998487234115601
436,14533,LEFT_EYE_INNER,0.5127044320106506,0.2553049325942993,0.23782312870025635,0.999735951423645,0.9998563528060913
436,14533,LEFT_EYE,0.5085893869400024,0.25460919737815857,0.23781520128250122,0.9997318983078003,0.9998564720153809
436,14533,LEFT_EYE_OUTER,0.5043658018112183,0.2541406750679016,0.23784825205802917,0.9997076392173767,0.9998482465744019
436,14533,RIGHT_EYE_INNER,0.5245766043663025,0.25678595900535583,0.22388193011283875,0.9997700452804565,0.9998672008514404
436,14533,RIGHT_EYE,0.5289157629013062,0.25708794593811035,0.223916694521904,0.9997652173042297,0.9998533725738525
436,14533,RIGHT_EYE_OUTER,0.5335880517959595,0.25748753547668457,0.22377122938632965,0.9997513294219971,0.9998297691345215
436,14533,LEFT_EAR,0.4958667457103729,0.2592892348766327,0.12044111639261246,0.9996088147163391,0.9998763799667358
436,14533,RIGHT_EAR,0.5383772253990173,0.26350560784339905,0.06342875212430954,0.9997913837432861,0.9998225569725037
436,14533,MOUTH_LEFT,0.5122048258781433,0.272752583026886,0.23922398686408997,0.999461829662323,0.9998064637184143
436,14533,MOUTH_RIGHT,0.5252293348312378,0.27477866411209106,0.21887065470218658,0.9995578527450562,0.9998130202293396
436,14533,LEFT_SHOULDER,0.4351310431957245,0.30646324157714844,0.12311726063489914,0.9996699690818787,0.9998364448547363
436,14533,RIGHT_SHOULDER,0.5746118426322937,0.3269980847835541,-0.09341336041688919,0.9999023079872131,0.9996242523193359
436,14533,LEFT_ELBOW,0.32784780859947205,0.2995571792125702,0.09973105788230896,0.9369467496871948,0.999729573726654
436,14533,RIGHT_ELBOW,0.5917589068412781,0.40784305334091187,-0.1811136156320572,0.9830453395843506,0.9979647397994995
436,14533,LEFT_WRIST,0.2531830668449402,0.26002874970436096,0.07195936143398285,0.8507342338562012,0.9989013671875
436,14533,RIGHT_WRIST,0.625394880771637,0.4964613914489746,-0.24959269165992737,0.8507716655731201,0.9958556294441223
436,14533,LEFT_PINKY,0.2251223921775818,0.25300735235214233,0.0557299442589283,0.8234597444534302,0.9982489347457886
436,14533,RIGHT_PINKY,0.637378454208374,0.5168022513389587,-0.2850164473056793,0.8083356022834778,0.9955369234085083
436,14533,LEFT_INDEX,0.2287341058254242,0.24484635889530182,0.05576121434569359,0.8222408294677734,0.99806147813797
436,14533,RIGHT_INDEX,0.6340605020523071,0.5173817873001099,-0.2774292826652527,0.796518862247467,0.9954831600189209
436,14533,LEFT_THUMB,0.23755326867103577,0.24799558520317078,0.06987321376800537,0.8035780191421509,0.9984139204025269
436,14533,RIGHT_THUMB,0.6267731785774231,0.5102249383926392,-0.24606642127037048,0.7586534023284912,0.9957897067070007
436,14533,LEFT_HIP,0.4654526710510254,0.48906034231185913,0.10981778055429459,0.9995566606521606,0.9994449019432068
436,14533,RIGHT_HIP,0.5283728241920471,0.4936414957046509,-0.11036822199821472,0.9995918273925781,0.9990355968475342
436,14533,LEFT_KNEE,0.5086125731468201,0.6112889051437378,0.1928730010986328,0.7324800491333008,0.9992874264717102
436,14533,RIGHT_KNEE,0.5198215842247009,0.6237396001815796,-0.008672690019011497,0.9898391366004944,0.9991958737373352
436,14533,LEFT_ANKLE,0.517611563205719,0.7367841601371765,0.3257892429828644,0.8684622645378113,0.9995567202568054
436,14533,RIGHT_ANKLE,0.4969482421875,0.7505466938018799,0.10582321137189865,0.9867284297943115,0.9993988275527954
436,14533,LEFT_HEEL,0.5052793622016907,0.7613603472709656,0.33268678188323975,0.8898409605026245,0.9993515610694885
436,14533,RIGHT_HEEL,0.4795067310333252,0.771449625492096,0.11431597918272018,0.9782888889312744,0.9989684820175171
436,14533,LEFT_FOOT_INDEX,0.5557865500450134,0.7632222175598145,0.2506217062473297,0.8605018258094788,0.9988521337509155
436,14533,RIGHT_FOOT_INDEX,0.545921266078949,0.7754731774330139,0.020595861598849297,0.9606599807739258,0.998783528804779
437,14567,NOSE,0.5129972100257874,0.26550769805908203,0.3157652020454407,0.9996967911720276,0.9998670816421509
437,14567,LEFT_EYE_INNER,0.507769763469696,0.2553830146789551,0.2771594226360321,0.9997146129608154,0.9998576641082764
437,14567,LEFT_EYE,0.503433346748352,0.25468409061431885,0.2771870791912079,0.999708354473114,0.9998581409454346
437,14567,LEFT_EYE_OUTER,0.49896520376205444,0.2542063295841217,0.27724143862724304,0.9996797442436218,0.9998488426208496
437,14567,RIGHT_EYE_INNER,0.5198397040367126,0.2568732500076294,0.2685498893260956,0.999759316444397,0.9998708963394165
437,14567,RIGHT_EYE,0.5242405533790588,0.25717803835868835,0.26858681440353394,0.9997546672821045,0.9998633861541748
437,14567,RIGHT_EYE_OUTER,0.5289807915687561,0.257580041885376,0.268449068069458,0.9997367262840271,0.9998438358306885
437,14567,LEFT_EAR,0.4908316135406494,0.25972315669059753,0.1404891163110733,0.9995602965354919,0.9998612403869629
437,14567,RIGHT_EAR,0.5352450609207153,0.2635370194911957,0.1069374680519104,0.9997770190238953,0.9998376369476318
437,14567,MOUTH_LEFT,0.5072770118713379,0.2728239595890045,0.2762598991394043,0.9994239807128906,0.9998182654380798
437,14567,MOUTH_RIGHT,0.5207414031028748,0.274859219789505,0.26468563079833984,0.9995423555374146,0.9998446702957153
437,14567,LEFT_SHOULDER,0.4325186014175415,0.31058138608932495,0.13014285266399384,0.9996343851089478,0.9996829032897949
437,14567,RIGHT_SHOULDER,0.5730472207069397,0.32714176177978516,-0.045641109347343445,0.9998896718025208,0.9996532201766968
437,14567,LEFT_ELBOW,0.3262377381324768,0.3133307695388794,0.07707840204238892,0.9430644512176514,0.9995085000991821
437,14567,RIGHT_ELBOW,0.591511070728302,0.4078267514705658,-0.12188253551721573,0.9844706058502197,0.9976789355278015
437,14567,LEFT_WRIST,0.25516214966773987,0.26221805810928345,0.024306319653987885,0.8647419810295105,0.998569130897522
437,14567,RIGHT_WRIST,0.6200748682022095,0.4969562888145447,-0.2108842432498932,0.8580522537231445,0.9962743520736694
437,14567,LEFT_PINKY,0.2263449877500534,0.2563323676586151,0.004422263707965612,0.8386561274528503,0.9979884624481201
437,14567,RIGHT_PINKY,0.6281880140304565,0.5177709460258484,-0.24129271507263184,0.8128754496574402,0.9962518811225891
437,14567,LEFT_INDEX,0.23079627752304077,0.2482777237892151,0.00957511831074953,0.8374250531196594,0.997782289981842
437,14567,RIGHT_INDEX,0.6251657009124756,0.5191627740859985,-0.226044699549675,0.7999507188796997,0.9962190985679626
437,14567,LEFT_THUMB,0.24051591753959656,0.25147613883018494,0.023587247356772423,0.8180224895477295,0.9981276392936707
437,14567,RIGHT_THUMB,0.6187475323677063,0.5116772055625916,-0.20187634229660034,0.7577858567237854,0.9964565634727478
437,14567,LEFT_HIP,0.46154987812042236,0.48992058634757996,0.0998409166932106,0.9994562864303589,0.9987678527832031
437,14567,RIGHT_HIP,0.5282306671142578,0.493655800819397,-0.10036536306142807,0.9994954466819763,0.9985597729682922
437,14567,LEFT_KNEE,0.4921365976333618,0.6112827658653259,0.17084287106990814,0.7367170453071594,0.9989970326423645
437,14567,RIGHT_KNEE,0.5201106667518616,0.6235449910163879,-0.028356866911053658,0.9899349212646484,0.9991886019706726
437,14567,LEFT_ANKLE,0.5047665238380432,0.737140417098999,0.3009147644042969,0.865520715713501,0.9992508292198181
437,14567,RIGHT_ANKLE,0.4972486197948456,0.7508106827735901,0.012740095146000385,0.9857432842254639,0.9992590546607971
437,14567,LEFT_HEEL,0.4990926682949066,0.7610830664634705,0.3075186014175415,0.8886445760726929,0.9989510774612427
437,14567,RIGHT_HEEL,0.4798826277256012,0.7714486122131348,0.01381620205938816,0.9778199791908264,0.998674750328064
437,14567,LEFT_FOOT_INDEX,0.5278566479682922,0.763115406036377,0.22170601785182953,0.8510026931762695,0.9983434677124023
437,14567,RIGHT_FOOT_INDEX,0.5328216552734375,0.7762265205383301,-0.08912811428308487,0.9553845524787903,0.998261034488678
438,14600,NOSE,0.5071513652801514,0.26645106077194214,0.35663095116615295,0.9997018575668335,0.9999300241470337
438,14600,LEFT_EYE_INNER,0.5013325214385986,0.25628194212913513,0.316214382648468,0.9997148513793945,0.9999207258224487
438,14600,LEFT_EYE,0.4965832531452179,0.2556209862232208,0.31624528765678406,0.9997082948684692,0.9999195337295532
438,14600,LEFT_EYE_OUTER,0.49190497398376465,0.255209356546402,0.316290944814682,0.9996774792671204,0.9999133348464966
438,14600,RIGHT_EYE_INNER,0.5141561627388,0.2576964497566223,0.30940261483192444,0.9997628331184387,0.9999302625656128
438,14600,RIGHT_EYE,0.5183620452880859,0.25796273350715637,0.3094423711299896,0.9997594952583313,0.9999271631240845
438,14600,RIGHT_EYE_OUTER,0.5230465531349182,0.2583414316177368,0.3093147277832031,0.9997406601905823,0.9999179840087891
438,14600,LEFT_EAR,0.4835531711578369,0.26130253076553345,0.1744835525751114,0.9995554089546204,0.999919056892395
438,14600,RIGHT_EAR,0.5296027660369873,0.2643767297267914,0.14676600694656372,0.9997780323028564,0.9999139308929443
438,14600,MOUTH_LEFT,0.5003437399864197,0.2737100124359131,0.3147679567337036,0.9994215965270996,0.9998782873153687
438,14600,MOUTH_RIGHT,0.5148016810417175,0.27570265531539917,0.30546095967292786,0.999549388885498,0.9999020099639893
438,14600,LEFT_SHOULDER,0.4292759895324707,0.31668761372566223,0.13449114561080933,0.9996200799942017,0.9997289776802063
438,14600,RIGHT_SHOULDER,0.5712751150131226,0.3273935317993164,-0.006076651159673929,0.9998815059661865,0.9997910857200623
438,14600,LEFT_ELBOW,0.32694292068481445,0.32930341362953186,0.0955652967095375,0.9486213326454163,0.9994900226593018
438,14600,RIGHT_ELBOW,0.5916165709495544,0.40803423523902893,-0.07153631001710892,0.9857883453369141,0.9984816908836365
438,14600,LEFT_WRIST,0.26007357239723206,0.2769838273525238,0.0641930103302002,0.8773728013038635,0.9989118576049805
438,14600,RIGHT_WRIST,0.6178416609764099,0.49682220816612244,-0.10609040409326553,0.861758291721344,0.9968259334564209
438,14600,LEFT_PINKY,0.23147885501384735,0.26283693313598633,0.049818187952041626,0.8522635102272034,0.9986804127693176
438,14600,RIGHT_PINKY,0.6275301575660706,0.5169287323951721,-0.12426520884037018,0.8109939694404602,0.9969007968902588
438,14600,LEFT_INDEX,0.2354377955198288,0.2550264000892639,0.05827011913061142,0.8509827256202698,0.998566210269928
438,14600,RIGHT_INDEX,0.623318076133728,0.5181971192359924,-0.11573430895805359,0.7962924242019653,0.9968947172164917
438,14600,LEFT_THUMB,0.2448197454214096,0.2590250074863434,0.06575334817171097,0.8307362794876099,0.9987159967422485
438,14600,RIGHT_THUMB,0.6168750524520874,0.5112859010696411,-0.10023745149374008,0.7494263052940369,0.9970404505729675
438,14600,LEFT_HIP,0.4596145749092102,0.4908022880554199,0.08858736604452133,0.9993893504142761,0.9991200566291809
438,14600,RIGHT_HIP,0.5284522175788879,0.4936789572238922,-0.08908846974372864,0.9994528293609619,0.9992184638977051
438,14600,LEFT_KNEE,0.4811033308506012,0.6124205589294434,0.17262311279773712,0.7515985369682312,0.9992201328277588
438,14600,RIGHT_KNEE,0.5203807353973389,0.6232582330703735,-0.0660678893327713,0.9904344081878662,0.9995185136795044
438,14600,LEFT_ANKLE,0.4895954430103302,0.7404921054840088,0.3054945766925812,0.8684225678443909,0.9996367692947388
438,14600,RIGHT_ANKLE,0.4968305230140686,0.7521864771842957,-0.05430162698030472,0.9859164357185364,0.9996881484985352
438,14600,LEFT_HEEL,0.483075350522995,0.7612187266349792,0.31304195523262024,0.8926083445549011,0.9995143413543701
438,14600,RIGHT_HEEL,0.4812580645084381,0.7714936137199402,-0.05564805492758751,0.9787197113037109,0.9994431138038635
438,14600,LEFT_FOOT_INDEX,0.49861204624176025,0.7641158103942871,0.22721199691295624,0.8417965173721313,0.999250590801239
438,14600,RIGHT_FOOT_INDEX,0.5205429196357727,0.7784108519554138,-0.164752796292305,0.9516525268554688,0.9991132616996765
439,14633,NOSE,0.5021904110908508,0.268835186958313,0.4802562892436981,0.9997029304504395,0.9999756813049316
439,14633,LEFT_EYE_INNER,0.4954295754432678,0.2588402330875397,0.4417053163051605,0.9997084140777588,0.9999717473983765
439,14633,LEFT_EYE,0.49024099111557007,0.2581644356250763,0.4417312443256378,0.9997040033340454,0.9999723434448242
439,14633,LEFT_EYE_OUTER,0.484772652387619,0.25771814584732056,0.44174924492836,0.9996715188026428,0.9999696016311646
439,14633,RIGHT_EYE_INNER,0.5088253617286682,0.2600827217102051,0.4357095956802368,0.9997560381889343,0.9999728202819824
439,14633,RIGHT_EYE,0.5127472877502441,0.26023951172828674,0.43575188517570496,0.9997561573982239,0.9999707937240601
439,14633,RIGHT_EYE_OUTER,0.5169726610183716,0.2605012357234955,0.43562963604927063,0.9997361302375793,0.9999649524688721
439,14633,LEFT_EAR,0.476263165473938,0.26360341906547546,0.2941901683807373,0.9995568990707397,0.9999735355377197
439,14633,RIGHT_EAR,0.5239061713218689,0.26614364981651306,0.269206166267395,0.9997740983963013,0.999961256980896
439,14633,MOUTH_LEFT,0.4945848882198334,0.27602487802505493,0.434280127286911,0.9994206428527832,0.999961256980896
439,14633,MOUTH_RIGHT,0.5096542835235596,0.2777988612651825,0.4260105788707733,0.9995498657226562,0.9999662637710571
439,14633,LEFT_SHOULDER,0.42439231276512146,0.3227541148662567,0.23329192399978638,0.999617874622345,0.9998879432678223
439,14633,RIGHT_SHOULDER,0.5688927173614502,0.3283733129501343,0.0929545909166336,0.9998794198036194,0.9998835325241089
439,14633,LEFT_ELBOW,0.3282039761543274,0.3454005718231201,0.16912740468978882,0.9536147117614746,0.9995983242988586
439,14633,RIGHT_ELBOW,0.5920431017875671,0.4095052182674408,0.005270529072731733,0.9869953393936157,0.999018669128418
439,14633,LEFT_WRIST,0.2622266709804535,0.2957513928413391,0.14880722761154175,0.8883211612701416,0.999366819858551
439,14633,RIGHT_WRIST,0.6144875288009644,0.4980964660644531,-0.03901134058833122,0.865527868270874,0.9982079267501831
439,14633,LEFT_PINKY,0.2343207448720932,0.28051304817199707,0.13689680397510529,0.8633593320846558,0.9992509484291077
439,14633,RIGHT_PINKY,0.624823272228241,0.51911461353302,-0.051912274211645126,0.8096193671226501,0.9982025623321533
439,14633,LEFT_INDEX,0.2369803488254547,0.2722909152507782,0.16509532928466797,0.8618912100791931,0.9992045760154724
439,14633,RIGHT_INDEX,0.6201554536819458,0.5208278298377991,-0.04490518569946289,0.793341875076294,0.9981768131256104
439,14633,LEFT_THUMB,0.2472568303346634,0.27654483914375305,0.1591646373271942,0.8402227163314819,0.9992735981941223
439,14633,RIGHT_THUMB,0.6133666634559631,0.5133686661720276,-0.033879224210977554,0.7433000206947327,0.9982919096946716
439,14633,LEFT_HIP,0.4567444622516632,0.4926999807357788,0.078285351395607,0.9993582963943481,0.9995405673980713
439,14633,RIGHT_HIP,0.5284214615821838,0.49375012516975403,-0.07861132174730301,0.999396800994873,0.9994058609008789
439,14633,LEFT_KNEE,0.4732585549354553,0.6160444021224976,0.1146027073264122,0.7702265381813049,0.9994500279426575
439,14633,RIGHT_KNEE,0.5205481052398682,0.6233818531036377,-0.07012857496738434,0.991091251373291,0.9995255470275879
439,14633,LEFT_ANKLE,0.4812498688697815,0.743850588798523,0.16002453863620758,0.8731555938720703,0.999687910079956
439,14633,RIGHT_ANKLE,0.4967201352119446,0.7524289488792419,-0.10595988482236862,0.9863817095756531,0.9997277855873108
439,14633,LEFT_HEEL,0.47476431727409363,0.7625444531440735,0.15651439130306244,0.8986503481864929,0.9995589852333069
439,14633,RIGHT_HEEL,0.48344701528549194,0.771644115447998,-0.11264707893133163,0.9800690412521362,0.9995417594909668
439,14633,LEFT_FOOT_INDEX,0.4930337965488434,0.7674282789230347,0.06572704762220383,0.8327236771583557,0.9993220567703247
439,14633,RIGHT_FOOT_INDEX,0.5213996767997742,0.7820652723312378,-0.21642473340034485,0.9493101835250854,0.9992757439613342
440,14667,NOSE,0.49286478757858276,0.27158617973327637,0.5732171535491943,0.9997184872627258,0.9999954700469971
440,14667,LEFT_EYE_INNER,0.4855014979839325,0.2623419463634491,0.5355600714683533,0.9997222423553467,0.9999942779541016
440,14667,LEFT_EYE,0.48029375076293945,0.26198163628578186,0.5355828404426575,0.9997195601463318,0.9999943971633911
440,14667,LEFT_EYE_OUTER,0.47507721185684204,0.26175713539123535,0.535565972328186,0.9996881484985352,0.9999935626983643
440,14667,RIGHT_EYE_INNER,0.4990590810775757,0.2627127468585968,0.530900239944458,0.9997653365135193,0.9999942779541016
440,14667,RIGHT_EYE,0.5028631687164307,0.2625926733016968,0.5309537649154663,0.9997677803039551,0.9999936819076538
440,14667,RIGHT_EYE_OUTER,0.5067864060401917,0.26263177394866943,0.530863881111145,0.9997477531433105,0.999991774559021
440,14667,LEFT_EAR,0.4681376516819,0.26721131801605225,0.38388898968696594,0.9995852112770081,0.9999946355819702
440,14667,RIGHT_EAR,0.5154014229774475,0.2682027220726013,0.3647063076496124,0.9997856616973877,0.9999902248382568
440,14667,MOUTH_LEFT,0.48542410135269165,0.2791743874549866,0.524452269077301,0.9994502067565918,0.9999921321868896
440,14667,MOUTH_RIGHT,0.5003589391708374,0.27995485067367554,0.5179595351219177,0.9995713829994202,0.9999929666519165
440,14667,LEFT_SHOULDER,0.4217224717140198,0.3285047113895416,0.3088851869106293,0.9996334910392761,0.9999521970748901
440,14667,RIGHT_SHOULDER,0.5657467246055603,0.3303067088127136,0.17019806802272797,0.9998822212219238,0.9999425411224365
440,14667,LEFT_ELBOW,0.32997727394104004,0.36283230781555176,0.224285289645195,0.9581227898597717,0.9996825456619263
440,14667,RIGHT_ELBOW,0.5924088954925537,0.4122856557369232,0.04420308396220207,0.9880770444869995,0.9994385838508606
440,14667,LEFT_WRIST,0.2628978490829468,0.3099674880504608,0.18596595525741577,0.8980991244316101,0.9995736479759216
440,14667,RIGHT_WRIST,0.6131256222724915,0.49979138374328613,-0.04517680034041405,0.8694450855255127,0.9991095662117004
440,14667,LEFT_PINKY,0.23843292891979218,0.29883450269699097,0.16889508068561554,0.8733788132667542,0.9995273351669312
440,14667,RIGHT_PINKY,0.6237602829933167,0.5221160650253296,-0.06167438626289368,0.8093306422233582,0.999064028263092
440,14667,LEFT_INDEX,0.24405744671821594,0.2901950478553772,0.19510707259178162,0.8716899156570435,0.9995137453079224
440,14667,RIGHT_INDEX,0.617424488067627,0.5241652131080627,-0.055182863026857376,0.791340172290802,0.9990617632865906
440,14667,LEFT_THUMB,0.2542087435722351,0.29277411103248596,0.19411808252334595,0.8488441109657288,0.9995397329330444
440,14667,RIGHT_THUMB,0.6117895245552063,0.5161888599395752,-0.04128028452396393,0.7385717034339905,0.9991402626037598
440,14667,LEFT_HIP,0.45428189635276794,0.49380263686180115,0.06747816503047943,0.9993894696235657,0.9998358488082886
440,14667,RIGHT_HIP,0.5284184217453003,0.49390116333961487,-0.06762927770614624,0.9993763566017151,0.9996970891952515
440,14667,LEFT_KNEE,0.46760475635528564,0.6191067695617676,0.038536883890628815,0.7908121347427368,0.9997759461402893
440,14667,RIGHT_KNEE,0.5201992392539978,0.6234222054481506,-0.05279700830578804,0.9918228387832642,0.9997120499610901
440,14667,LEFT_ANKLE,0.471042275428772,0.7448098659515381,0.005768912378698587,0.8812320232391357,0.9998494386672974
440,14667,RIGHT_ANKLE,0.4957657754421234,0.751143217086792,-0.11817576736211777,0.9870642423629761,0.9998503923416138
440,14667,LEFT_HEEL,0.4610739052295685,0.7650647759437561,-0.006928316317498684,0.9065178036689758,0.9997672438621521
440,14667,RIGHT_HEEL,0.4833531975746155,0.7712689638137817,-0.12850253283977509,0.981514573097229,0.999764621257782
440,14667,LEFT_FOOT_INDEX,0.48081547021865845,0.7695950269699097,-0.10527493059635162,0.831866443157196,0.9996292591094971
440,14667,RIGHT_FOOT_INDEX,0.5202740430831909,0.782040536403656,-0.22544796764850616,0.948496401309967,0.9996428489685059
441,14700,NOSE,0.48428863286972046,0.27606120705604553,0.5367774367332458,0.9997341632843018,0.9999932050704956
441,14700,LEFT_EYE_INNER,0.4765550494194031,0.2673758566379547,0.49421438574790955,0.9997376799583435,0.9999914169311523
441,14700,LEFT_EYE,0.4718976616859436,0.26721248030662537,0.49423640966415405,0.999737024307251,0.9999916553497314
441,14700,LEFT_EYE_OUTER,0.46744996309280396,0.26712045073509216,0.4941979646682739,0.9997061491012573,0.999990701675415
441,14700,RIGHT_EYE_INNER,0.48943889141082764,0.26725339889526367,0.4937935173511505,0.9997773170471191,0.9999910593032837
441,14700,RIGHT_EYE,0.49356168508529663,0.26700156927108765,0.4938719570636749,0.999782383441925,0.9999902248382568
441,14700,RIGHT_EYE_OUTER,0.49745601415634155,0.2668817639350891,0.4937812387943268,0.9997619986534119,0.9999873638153076
441,14700,LEFT_EAR,0.46231281757354736,0.2718631625175476,0.33010825514793396,0.9996165633201599,0.9999922513961792
441,14700,RIGHT_EAR,0.5066038966178894,0.27201759815216064,0.32781657576560974,0.9997984766960144,0.9999855756759644
441,14700,MOUTH_LEFT,0.4770529270172119,0.28401580452919006,0.4844626486301422,0.999473512172699,0.9999874830245972
441,14700,MOUTH_RIGHT,0.49154162406921387,0.28422069549560547,0.483035147190094,0.9995874166488647,0.9999886751174927
441,14700,LEFT_SHOULDER,0.4196814298629761,0.3330093026161194,0.24971242249011993,0.9996545314788818,0.9999381303787231
441,14700,RIGHT_SHOULDER,0.5626453161239624,0.33241912722587585,0.16535867750644684,0.9998840093612671,0.999934196472168
441,14700,LEFT_ELBOW,0.3312561810016632,0.3797147572040558,0.2028161585330963,0.9621250033378601,0.9996485710144043
441,14700,RIGHT_ELBOW,0.5925053358078003,0.4156801998615265,0.05467621982097626,0.9889966249465942,0.9996044039726257
441,14700,LEFT_WRIST,0.2688908278942108,0.3306559920310974,0.18977336585521698,0.9056662321090698,0.9995455145835876
441,14700,RIGHT_WRIST,0.6103982329368591,0.5033451318740845,-0.04274779185652733,0.8757230639457703,0.9994091987609863
441,14700,LEFT_PINKY,0.2513202428817749,0.3179628849029541,0.17460860311985016,0.8791850805282593,0.999517560005188
441,14700,RIGHT_PINKY,0.6222378015518188,0.5244417786598206,-0.05316723883152008,0.8147328495979309,0.9993382096290588
441,14700,LEFT_INDEX,0.25960904359817505,0.3097694516181946,0.1999529004096985,0.8771873712539673,0.9995108842849731
441,14700,RIGHT_INDEX,0.6160143613815308,0.5269043445587158,-0.050169043242931366,0.7959471344947815,0.9993439316749573
441,14700,LEFT_THUMB,0.2670184373855591,0.31338953971862793,0.19864976406097412,0.8516886234283447,0.9995083808898926
441,14700,RIGHT_THUMB,0.6101549863815308,0.5194778442382812,-0.039950378239154816,0.7419067621231079,0.9994243383407593
441,14700,LEFT_HIP,0.4521241784095764,0.49544230103492737,0.02229747362434864,0.9994250535964966,0.9998307228088379
441,14700,RIGHT_HIP,0.5284096002578735,0.49469810724258423,-0.022444188594818115,0.999332845211029,0.9996640682220459
441,14700,LEFT_KNEE,0.45700496435165405,0.6237655282020569,-0.03183358162641525,0.8107824325561523,0.9998264908790588
441,14700,RIGHT_KNEE,0.5178280472755432,0.6240541934967041,0.042521197348833084,0.9921370148658752,0.9995736479759216
441,14700,LEFT_ANKLE,0.46273180842399597,0.7515696287155151,-0.06796559691429138,0.8901888728141785,0.999794065952301
441,14700,RIGHT_ANKLE,0.49713802337646484,0.7505093812942505,-0.006762527860701084,0.9868324995040894,0.999723494052887
441,14700,LEFT_HEEL,0.45880869030952454,0.770244300365448,-0.07843668758869171,0.9142422080039978,0.9996483325958252
441,14700,RIGHT_HEEL,0.4933665692806244,0.7703980803489685,-0.013558967038989067,0.9821876883506775,0.9996203184127808
441,14700,LEFT_FOOT_INDEX,0.45393577218055725,0.771274983882904,-0.164725199341774,0.8309011459350586,0.9994708895683289
441,14700,RIGHT_FOOT_INDEX,0.5118041634559631,0.7754570841789246,-0.07629736512899399,0.941228985786438,0.99953293800354
442,14733,NOSE,0.4757043123245239,0.27947255969047546,0.6093142032623291,0.9997246861457825,0.9999904632568359
442,14733,LEFT_EYE_INNER,0.4683673679828644,0.2705405056476593,0.5630097389221191,0.9997260570526123,0.9999877214431763
442,14733,LEFT_EYE,0.46420788764953613,0.27038267254829407,0.5630359649658203,0.999728798866272,0.9999874830245972
442,14733,LEFT_EYE_OUTER,0.4599483609199524,0.2702690362930298,0.5629923343658447,0.9996941089630127,0.9999852180480957
442,14733,RIGHT_EYE_INNER,0.4809376895427704,0.27036935091018677,0.5689836740493774,0.999764621257782,0.9999890327453613
442,14733,RIGHT_EYE,0.4850119650363922,0.27006441354751587,0.569064199924469,0.9997768998146057,0.9999886751174927
442,14733,RIGHT_EYE_OUTER,0.4891285300254822,0.26987844705581665,0.5689500570297241,0.9997546672821045,0.999985933303833
442,14733,LEFT_EAR,0.4563137888908386,0.27468249201774597,0.37568771839141846,0.9996262192726135,0.9999860525131226
442,14733,RIGHT_EAR,0.4982534945011139,0.2746983468532562,0.4031031131744385,0.9997897148132324,0.999984860420227
442,14733,MOUTH_LEFT,0.46918362379074097,0.287606418132782,0.5478953719139099,0.9994442462921143,0.9999816417694092
442,14733,MOUTH_RIGHT,0.48340344429016113,0.2875630855560303,0.5549216866493225,0.9995616674423218,0.9999856948852539
442,14733,LEFT_SHOULDER,0.41563981771469116,0.33678045868873596,0.24937289953231812,0.9996552467346191,0.9998835325241089
442,14733,RIGHT_SHOULDER,0.5587910413742065,0.3331003189086914,0.2477237731218338,0.999879777431488,0.9999290704727173
442,14733,LEFT_ELBOW,0.3314955532550812,0.39510253071784973,0.18713665008544922,0.9656006693840027,0.9992411136627197
442,14733,RIGHT_ELBOW,0.592737078666687,0.4176805317401886,0.13497678935527802,0.9896069169044495,0.9996083378791809
442,14733,LEFT_WRIST,0.27436164021492004,0.3541561961174011,0.18031485378742218,0.9102978110313416,0.9992293119430542
442,14733,RIGHT_WRIST,0.610052227973938,0.5052321553230286,0.03543409705162048,0.8813217878341675,0.9994831085205078
442,14733,LEFT_PINKY,0.25931259989738464,0.34446999430656433,0.16277910768985748,0.8800387382507324,0.9992908239364624
442,14733,RIGHT_PINKY,0.6229116916656494,0.5260425806045532,0.029481956735253334,0.8200368285179138,0.9993583559989929
442,14733,LEFT_INDEX,0.26875409483909607,0.33618539571762085,0.19239844381809235,0.8774598240852356,0.9992645382881165
442,14733,RIGHT_INDEX,0.6160809993743896,0.5277279019355774,0.031841009855270386,0.8004907965660095,0.9993532299995422
442,14733,LEFT_THUMB,0.27522528171539307,0.33879247307777405,0.1963147670030594,0.8472375273704529,0.9992491602897644
442,14733,RIGHT_THUMB,0.6094608902931213,0.5211951732635498,0.037171971052885056,0.7456766366958618,0.9994495511054993
442,14733,LEFT_HIP,0.4509386122226715,0.4964194595813751,-0.012740688398480415,0.9994376301765442,0.9998112320899963
442,14733,RIGHT_HIP,0.5284518003463745,0.4956873953342438,0.012651143595576286,0.9992296695709229,0.9996868371963501
442,14733,LEFT_KNEE,0.4475606679916382,0.6259610652923584,-0.06815791130065918,0.8286154270172119,0.9996745586395264
442,14733,RIGHT_KNEE,0.5154961347579956,0.6249919533729553,0.06548702716827393,0.9919474124908447,0.9994564652442932
442,14733,LEFT_ANKLE,0.45670515298843384,0.7547627091407776,-0.12568436563014984,0.8974530696868896,0.9997768998146057
442,14733,RIGHT_ANKLE,0.49760138988494873,0.7505788803100586,0.0008070024196058512,0.985551118850708,0.9997352957725525
442,14733,LEFT_HEEL,0.457806259393692,0.7727776765823364,-0.13890066742897034,0.9206172823905945,0.9996585845947266
442,14733,RIGHT_HEEL,0.4964119791984558,0.7700798511505127,-0.007865268737077713,0.982324481010437,0.9996316432952881
442,14733,LEFT_FOOT_INDEX,0.44674381613731384,0.7730194926261902,-0.22480499744415283,0.8294963836669922,0.9995269775390625
442,14733,RIGHT_FOOT_INDEX,0.5039992928504944,0.7722185254096985,-0.07871699333190918,0.9305076599121094,0.9995837807655334
443,14767,NOSE,0.46214058995246887,0.2844693958759308,0.6338299512863159,0.9996829628944397,0.9999960660934448
443,14767,LEFT_EYE_INNER,0.4565006196498871,0.27553310990333557,0.5889543890953064,0.9996510148048401,0.9999936819076538
443,14767,LEFT_EYE,0.4532999098300934,0.2753120958805084,0.5889762043952942,0.9996576905250549,0.9999932050704956
443,14767,LEFT_EYE_OUTER,0.45022350549697876,0.275102436542511,0.5889115929603577,0.999617338180542,0.9999909400939941
443,14767,RIGHT_EYE_INNER,0.4668240249156952,0.2753978669643402,0.6056873202323914,0.999690592288971,0.9999958276748657
443,14767,RIGHT_EYE,0.4709896743297577,0.2750087380409241,0.605782687664032,0.999716579914093,0.9999960660934448
443,14767,RIGHT_EYE_OUTER,0.4751638174057007,0.2747030258178711,0.6057115197181702,0.9997076988220215,0.999995231628418
443,14767,LEFT_EAR,0.4504889249801636,0.2783215343952179,0.38974303007125854,0.999589204788208,0.9999914169311523
443,14767,RIGHT_EAR,0.487634539604187,0.2779885232448578,0.4680553674697876,0.9997294545173645,0.9999960660934448
443,14767,MOUTH_LEFT,0.45837026834487915,0.292049765586853,0.5666672587394714,0.999296247959137,0.9999898672103882
443,14767,MOUTH_RIGHT,0.47093987464904785,0.292274534702301,0.5884859561920166,0.9994252920150757,0.9999938011169434
443,14767,LEFT_SHOULDER,0.41645547747612,0.33871299028396606,0.23630955815315247,0.9996675252914429,0.9998873472213745
443,14767,RIGHT_SHOULDER,0.5543584227561951,0.3333849310874939,0.36545807123184204,0.9998798370361328,0.9999868869781494
443,14767,LEFT_ELBOW,0.342649906873703,0.40069177746772766,0.18429048359394073,0.967779815196991,0.9985203146934509
443,14767,RIGHT_ELBOW,0.5897331237792969,0.4202314019203186,0.3000663220882416,0.9893295168876648,0.9999266862869263
443,14767,LEFT_WRIST,0.2900473177433014,0.3857927918434143,0.23589977622032166,0.9027842879295349,0.9987936019897461
443,14767,RIGHT_WRIST,0.6074594855308533,0.5096767544746399,0.27484744787216187,0.8889074921607971,0.9998754262924194
443,14767,LEFT_PINKY,0.2723088562488556,0.38116782903671265,0.23608478903770447,0.8649553656578064,0.9990370273590088
443,14767,RIGHT_PINKY,0.6221091747283936,0.5312767028808594,0.2813769280910492,0.8301162719726562,0.9997764229774475
443,14767,LEFT_INDEX,0.2791486978530884,0.3732631802558899,0.2618274688720703,0.8618849515914917,0.9989045858383179
443,14767,RIGHT_INDEX,0.6138117909431458,0.5325238108634949,0.28711605072021484,0.8106056451797485,0.9997548460960388
443,14767,LEFT_THUMB,0.2854864299297333,0.3744904100894928,0.24996551871299744,0.8271231651306152,0.9989226460456848
443,14767,RIGHT_THUMB,0.6054487824440002,0.5256831049919128,0.278516948223114,0.7582587003707886,0.9998078942298889
443,14767,LEFT_HIP,0.4520931541919708,0.49651312828063965,-0.10711974650621414,0.9994789958000183,0.9999833106994629
443,14767,RIGHT_HIP,0.5285996794700623,0.4965042173862457,0.10697261989116669,0.9992460608482361,0.9999855756759644
443,14767,LEFT_KNEE,0.4382302165031433,0.6246795058250427,-0.093051478266716,0.8451686501502991,0.9998457431793213
443,14767,RIGHT_KNEE,0.5123927593231201,0.6238279938697815,0.1784653216600418,0.9839551448822021,0.9998655319213867
443,14767,LEFT_ANKLE,0.45941615104675293,0.7528717517852783,-0.2459278553724289,0.9061433672904968,0.9996945858001709
443,14767,RIGHT_ANKLE,0.5079981088638306,0.7363179326057434,0.017463942989706993,0.9806951284408569,0.9998416900634766
443,14767,LEFT_HEEL,0.4664911925792694,0.7715824246406555,-0.26854416728019714,0.9270194172859192,0.9995262622833252
443,14767,RIGHT_HEEL,0.5159305334091187,0.7554770708084106,-0.00099195318762213,0.9803124666213989,0.9997122883796692
443,14767,LEFT_FOOT_INDEX,0.4283197224140167,0.7750830054283142,-0.3565351963043213,0.8424342274665833,0.9990173578262329
443,14767,RIGHT_FOOT_INDEX,0.4894290864467621,0.7620317339897156,-0.07359469681978226,0.9270086288452148,0.9995228052139282
444,14800,NOSE,0.4571114778518677,0.2897028625011444,0.7022889256477356,0.9994195103645325,0.9999942779541016
444,14800,LEFT_EYE_INNER,0.4532313346862793,0.28003183007240295,0.6579703688621521,0.9993335604667664,0.9999922513961792
444,14800,LEFT_EYE,0.4505174160003662,0.2796160876750946,0.6579898595809937,0.9993101954460144,0.9999916553497314
444,14800,LEFT_EYE_OUTER,0.4462493360042572,0.2790435552597046,0.657952070236206,0.9993097186088562,0.9999890327453613
444,14800,RIGHT_EYE_INNER,0.4624963700771332,0.2803749740123749,0.6745194792747498,0.99937903881073,0.9999943971633911
444,14800,RIGHT_EYE,0.46573901176452637,0.28006938099861145,0.6746051907539368,0.9993501901626587,0.9999943971633911
444,14800,RIGHT_EYE_OUTER,0.46946749091148376,0.27976298332214355,0.674540638923645,0.999424159526825,0.9999932050704956
444,14800,LEFT_EAR,0.44747376441955566,0.28160735964775085,0.4583674669265747,0.9992564916610718,0.9999880790710449
444,14800,RIGHT_EAR,0.48182931542396545,0.28244149684906006,0.5385745167732239,0.9992524981498718,0.9999933242797852
444,14800,MOUTH_LEFT,0.45365798473358154,0.29723742604255676,0.6355253458023071,0.9983981251716614,0.9999819993972778
444,14800,MOUTH_RIGHT,0.46419671177864075,0.29802194237709045,0.6585589051246643,0.9987074732780457,0.9999880790710449
444,14800,LEFT_SHOULDER,0.41192376613616943,0.3450750410556793,0.24399641156196594,0.9996347427368164,0.9998087286949158
444,14800,RIGHT_SHOULDER,0.551626443862915,0.3390137255191803,0.4444805383682251,0.9998522996902466,0.9999569654464722
444,14800,LEFT_ELBOW,0.3457575738430023,0.4032580554485321,0.06814152747392654,0.963212788105011,0.99687659740448
444,14800,RIGHT_ELBOW,0.5877900719642639,0.43332573771476746,0.3423694372177124,0.9809378981590271,0.9997667670249939
444,14800,LEFT_WRIST,0.33501771092414856,0.41063380241394043,-0.0061501855961978436,0.8506197929382324,0.9952676296234131
444,14800,RIGHT_WRIST,0.6021633744239807,0.5183203816413879,0.2704358994960785,0.8726852536201477,0.9995478987693787
444,14800,LEFT_PINKY,0.31200045347213745,0.4102046489715576,-0.03293491527438164,0.810459554195404,0.9967072606086731
444,14800,RIGHT_PINKY,0.614324152469635,0.5391380786895752,0.2660200297832489,0.8080618977546692,0.9992730021476746
444,14800,LEFT_INDEX,0.3263908326625824,0.40031662583351135,-0.009239127859473228,0.8078239560127258,0.9965516328811646
444,14800,RIGHT_INDEX,0.6073765754699707,0.5389840602874756,0.2753046751022339,0.7855855226516724,0.9991639852523804
444,14800,LEFT_THUMB,0.32817599177360535,0.4006495773792267,0.0009148742537945509,0.7713020443916321,0.9965823292732239
444,14800,RIGHT_THUMB,0.5971179008483887,0.5324302315711975,0.27252665162086487,0.734222412109375,0.9993377327919006
444,14800,LEFT_HIP,0.4564574062824249,0.4968396723270416,-0.12514974176883698,0.9994302988052368,0.999950647354126
444,14800,RIGHT_HIP,0.535628080368042,0.4989718794822693,0.12493592500686646,0.9991126656532288,0.9999445676803589
444,14800,LEFT_KNEE,0.41809529066085815,0.597016453742981,-0.05778437480330467,0.856907844543457,0.9990897178649902
444,14800,RIGHT_KNEE,0.5057231187820435,0.6137239933013916,0.20204249024391174,0.9620963931083679,0.9995357990264893
444,14800,LEFT_ANKLE,0.44903507828712463,0.7138927578926086,-0.29638200998306274,0.9109119176864624,0.999560534954071
444,14800,RIGHT_ANKLE,0.5152900815010071,0.7315809726715088,-0.06074510142207146,0.9727776646614075,0.9996256828308105
444,14800,LEFT_HEEL,0.46767663955688477,0.727919340133667,-0.3278118968009949,0.9291083812713623,0.9994925260543823
444,14800,RIGHT_HEEL,0.5301626324653625,0.7542588114738464,-0.09771088510751724,0.9776307940483093,0.9993671774864197
444,14800,LEFT_FOOT_INDEX,0.39809727668762207,0.7549238204956055,-0.3822498619556427,0.8494641780853271,0.9992768168449402
444,14800,RIGHT_FOOT_INDEX,0.48030805587768555,0.7586291432380676,-0.16994020342826843,0.9179956912994385,0.9993093013763428
445,14833,NOSE,0.4532562494277954,0.3040599822998047,-0.44212403893470764,0.999119222164154,0.9987602233886719
445,14833,LEFT_EYE_INNER,0.45731958746910095,0.29125016927719116,-0.4502275288105011,0.9988250136375427,0.9987444877624512
445,14833,LEFT_EYE,0.45726636052131653,0.29057955741882324,-0.4503438472747803,0.9988331198692322,0.9987548589706421
445,14833,LEFT_EYE_OUTER,0.45421314239501953,0.28987056016921997,-0.4505232274532318,0.9988524913787842,0.9986525177955627
445,14833,RIGHT_EYE_INNER,0.45441874861717224,0.2918185293674469,-0.41079238057136536,0.9988015294075012,0.9988164901733398
445,14833,RIGHT_EYE,0.45443007349967957,0.29153430461883545,-0.4109186828136444,0.9986848831176758,0.9988918900489807
445,14833,RIGHT_EYE_OUTER,0.45419976115226746,0.2910629212856293,-0.41104644536972046,0.9986987113952637,0.998985230922699
445,14833,LEFT_EAR,0.4641062021255493,0.292134553194046,-0.38603293895721436,0.9988487362861633,0.9990153312683105
445,14833,RIGHT_EAR,0.4634976089000702,0.2923358678817749,-0.20423635840415955,0.9973377585411072,0.9994530081748962
445,14833,MOUTH_LEFT,0.4589603841304779,0.3125642240047455,-0.41256779432296753,0.9983324408531189,0.9995490908622742
445,14833,MOUTH_RIGHT,0.45627084374427795,0.3137413263320923,-0.360517293214798,0.9981864094734192,0.9995586276054382
445,14833,LEFT_SHOULDER,0.5317535400390625,0.34953346848487854,-0.3881579637527466,0.9996184706687927,0.9984127283096313
445,14833,RIGHT_SHOULDER,0.44860753417015076,0.34560656547546387,0.01915084384381771,0.9996654391288757,0.9997288584709167
445,14833,LEFT_ELBOW,0.5335653424263,0.4300045073032379,-0.5086115002632141,0.9602382779121399,0.9771631956100464
445,14833,RIGHT_ELBOW,0.42450642585754395,0.42756718397140503,-0.040591564029455185,0.9160169959068298,0.9968476891517639
445,14833,LEFT_WRIST,0.45160111784935,0.4387275278568268,-0.5821179151535034,0.8114996552467346,0.9789021611213684
445,14833,RIGHT_WRIST,0.4003967344760895,0.44320276379585266,-0.38898876309394836,0.8098874688148499,0.9940760135650635
445,14833,LEFT_PINKY,0.44875189661979675,0.4552782475948334,-0.637897253036499,0.7731278538703918,0.9904630780220032
445,14833,RIGHT_PINKY,0.39012956619262695,0.449124813079834,-0.43501144647598267,0.7522208094596863,0.9956837892532349
445,14833,LEFT_INDEX,0.44711655378341675,0.444252610206604,-0.6423354148864746,0.7698177695274353,0.9895786643028259
445,14833,RIGHT_INDEX,0.39228519797325134,0.44380658864974976,-0.4717194139957428,0.7326899170875549,0.995776891708374
445,14833,LEFT_THUMB,0.4380659759044647,0.4311200976371765,-0.5835006833076477,0.7242322564125061,0.9884330630302429
445,14833,RIGHT_THUMB,0.39877304434776306,0.4415602684020996,-0.4154691994190216,0.6851711869239807,0.9953920841217041
445,14833,LEFT_HIP,0.5447222590446472,0.5001236796379089,-0.13660424947738647,0.9994289875030518,0.9988318085670471
445,14833,RIGHT_HIP,0.5041454434394836,0.4996524751186371,0.1368955373764038,0.9989807605743408,0.9994404911994934
445,14833,LEFT_KNEE,0.47365379333496094,0.5962042212486267,-0.489745557308197,0.8707060813903809,0.9999490976333618
445,14833,RIGHT_KNEE,0.4305860102176666,0.583503246307373,0.13777737319469452,0.9513084292411804,0.9998016953468323
445,14833,LEFT_ANKLE,0.5113499760627747,0.7214257121086121,-0.4666185677051544,0.9195704460144043,0.9998489618301392
445,14833,RIGHT_ANKLE,0.38207560777664185,0.6946503520011902,0.33888304233551025,0.971389651298523,0.9998656511306763
445,14833,LEFT_HEEL,0.5344350337982178,0.7329624891281128,-0.4780229330062866,0.9324235916137695,0.9997188448905945
445,14833,RIGHT_HEEL,0.39340856671333313,0.7283434271812439,0.34735924005508423,0.9736108183860779,0.9998341798782349
445,14833,LEFT_FOOT_INDEX,0.429166704416275,0.7559081315994263,-0.705061674118042,0.8639126420021057,0.9994269609451294
445,14833,RIGHT_FOOT_INDEX,0.30735263228416443,0.7142230868339539,0.19590209424495697,0.9226458072662354,0.9997684359550476
446,14867,NOSE,0.4590361416339874,0.32394349575042725,-0.11471632122993469,0.9991992115974426,0.9999804496765137
446,14867,LEFT_EYE_INNER,0.4623368978500366,0.3126543462276459,-0.142257422208786,0.9989342093467712,0.9999755620956421
446,14867,LEFT_EYE,0.4608900547027588,0.3123115003108978,-0.14231549203395844,0.9989413619041443,0.9999737739562988
446,14867,LEFT_EYE_OUTER,0.4562683701515198,0.31185421347618103,-0.14235126972198486,0.9989604353904724,0.9999703168869019
446,14867,RIGHT_EYE_INNER,0.4620017111301422,0.3121795952320099,-0.08843670785427094,0.9989118576049805,0.9999786615371704
446,14867,RIGHT_EYE,0.46288296580314636,0.3116094470024109,-0.0884462371468544,0.998806357383728,0.9999788999557495
446,14867,RIGHT_EYE_OUTER,0.46364033222198486,0.3108353018760681,-0.08850610256195068,0.9988203048706055,0.9999785423278809
446,14867,LEFT_EAR,0.4835837483406067,0.3128102719783783,-0.19274532794952393,0.9989566206932068,0.999975323677063
446,14867,RIGHT_EAR,0.4763399660587311,0.31021514534950256,0.0454990491271019,0.9975859522819519,0.9999830722808838
446,14867,MOUTH_LEFT,0.46356695890426636,0.33191239833831787,-0.12956540286540985,0.9984934329986572,0.9999849796295166
446,14867,MOUTH_RIGHT,0.46411535143852234,0.33162370324134827,-0.05964614450931549,0.9983528256416321,0.9999842643737793
446,14867,LEFT_SHOULDER,0.5439043045043945,0.36606767773628235,-0.2969346046447754,0.9996558427810669,0.9999668598175049
446,14867,RIGHT_SHOULDER,0.49063974618911743,0.35849258303642273,0.22220058739185333,0.9996843934059143,0.9999823570251465
446,14867,LEFT_ELBOW,0.5304595828056335,0.4480689465999603,-0.39042162895202637,0.9639250040054321,0.9996390342712402
446,14867,RIGHT_ELBOW,0.4912002980709076,0.4422887861728668,0.2844826579093933,0.8423691391944885,0.9998905658721924
446,14867,LEFT_WRIST,0.43606820702552795,0.4502228796482086,-0.3589220941066742,0.8291913866996765,0.9999167919158936
446,14867,RIGHT_WRIST,0.45182883739471436,0.46292638778686523,0.08078555762767792,0.7562583684921265,0.9998255372047424
446,14867,LEFT_PINKY,0.4134635627269745,0.4571368098258972,-0.4034098982810974,0.793307900428772,0.9999195337295532
446,14867,RIGHT_PINKY,0.44221845269203186,0.4766024053096771,0.06501356512308121,0.7025085687637329,0.9998102784156799
446,14867,LEFT_INDEX,0.40963053703308105,0.4467169940471649,-0.3837115168571472,0.7901636362075806,0.9999294281005859
446,14867,RIGHT_INDEX,0.45266759395599365,0.4747394919395447,0.01570594124495983,0.6854804754257202,0.9998247027397156
446,14867,LEFT_THUMB,0.4181373417377472,0.4432300925254822,-0.34718137979507446,0.7459648847579956,0.9999380111694336
446,14867,RIGHT_THUMB,0.4561421275138855,0.4709509313106537,0.05232127010822296,0.6422970294952393,0.999836802482605
446,14867,LEFT_HIP,0.5654982924461365,0.5162080526351929,-0.1746147722005844,0.9994776248931885,0.9999074935913086
446,14867,RIGHT_HIP,0.5067647695541382,0.5073181986808777,0.17478400468826294,0.9990547299385071,0.9999314546585083
446,14867,LEFT_KNEE,0.4732103645801544,0.5980358719825745,-0.32238316535949707,0.8833548426628113,0.9999861717224121
446,14867,RIGHT_KNEE,0.4186486303806305,0.5874241590499878,0.10516245663166046,0.9431526064872742,0.9999393224716187
446,14867,LEFT_ANKLE,0.5244963765144348,0.7252553701400757,-0.3252876400947571,0.9274462461471558,0.9999591112136841
446,14867,RIGHT_ANKLE,0.35207778215408325,0.6999444961547852,0.16185744106769562,0.9712343215942383,0.9999701976776123
446,14867,LEFT_HEEL,0.5521860122680664,0.7358490228652954,-0.3307736814022064,0.9380952715873718,0.999922513961792
446,14867,RIGHT_HEEL,0.3602249324321747,0.7294821739196777,0.1603565812110901,0.9720423817634583,0.9999585151672363
446,14867,LEFT_FOOT_INDEX,0.4443453252315521,0.757053792476654,-0.4622303247451782,0.877224326133728,0.9998486042022705
446,14867,RIGHT_FOOT_INDEX,0.2714546322822571,0.7083632946014404,0.07484351843595505,0.9280984997749329,0.9999089241027832
447,14900,NOSE,0.46332013607025146,0.3312438130378723,-0.1645835041999817,0.9992530345916748,0.9999144077301025
447,14900,LEFT_EYE_INNER,0.4627094566822052,0.32221588492393494,-0.19023582339286804,0.9990088939666748,0.9999024868011475
447,14900,LEFT_EYE,0.4643706679344177,0.3220585286617279,-0.1902904510498047,0.9990141987800598,0.9999029636383057
447,14900,LEFT_EYE_OUTER,0.46387335658073425,0.32181045413017273,-0.19029492139816284,0.9990401864051819,0.9999037981033325
447,14900,RIGHT_EYE_INNER,0.46695271134376526,0.32150623202323914,-0.13736025989055634,0.9989799857139587,0.999896764755249
447,14900,RIGHT_EYE,0.46845924854278564,0.3209000825881958,-0.13739264011383057,0.9988830089569092,0.9998962879180908
447,14900,RIGHT_EYE_OUTER,0.46978676319122314,0.32014214992523193,-0.1374986469745636,0.9989027380943298,0.9998956918716431
447,14900,LEFT_EAR,0.48752447962760925,0.3240186870098114,-0.23764517903327942,0.9990330934524536,0.9999295473098755
447,14900,RIGHT_EAR,0.4818427562713623,0.3207486569881439,-0.0002197224966948852,0.9977527260780334,0.9999171495437622
447,14900,MOUTH_LEFT,0.46588563919067383,0.34002038836479187,-0.17878568172454834,0.9986318349838257,0.999972939491272
447,14900,MOUTH_RIGHT,0.4688907563686371,0.33925661444664,-0.11020819842815399,0.9984849095344543,0.999964714050293
447,14900,LEFT_SHOULDER,0.5447441935539246,0.3814563751220703,-0.3510870337486267,0.9996896982192993,0.9999806880950928
447,14900,RIGHT_SHOULDER,0.499512642621994,0.37241533398628235,0.20906676352024078,0.9996992349624634,0.9999784231185913
447,14900,LEFT_ELBOW,0.5383360981941223,0.46382296085357666,-0.474080890417099,0.9673766493797302,0.9998074173927307
447,14900,RIGHT_ELBOW,0.48523274064064026,0.44308027625083923,0.324531227350235,0.7840264439582825,0.9999299049377441
447,14900,LEFT_WRIST,0.4361932873725891,0.48235875368118286,-0.5162926316261292,0.8460271954536438,0.9999483823776245
447,14900,RIGHT_WRIST,0.4069523513317108,0.4657664895057678,0.19172953069210052,0.7323476672172546,0.9997754693031311
447,14900,LEFT_PINKY,0.4066634774208069,0.4945330321788788,-0.5790280103683472,0.8133801817893982,0.9999301433563232
447,14900,RIGHT_PINKY,0.38552460074424744,0.4746941328048706,0.184477761387825,0.6803590655326843,0.9996968507766724
447,14900,LEFT_INDEX,0.4006057679653168,0.4897809326648712,-0.564022958278656,0.8105084896087646,0.9999381303787231
447,14900,RIGHT_INDEX,0.3801243305206299,0.4714542329311371,0.12840144336223602,0.6669669151306152,0.9997078776359558
447,14900,LEFT_THUMB,0.41003599762916565,0.4835120737552643,-0.5087378621101379,0.7696430087089539,0.9999483823776245
447,14900,RIGHT_THUMB,0.39336124062538147,0.4682050347328186,0.16244331002235413,0.6284865736961365,0.9997574687004089
447,14900,LEFT_HIP,0.5690965056419373,0.5267164707183838,-0.17464978992938995,0.9995160698890686,0.9998310804367065
447,14900,RIGHT_HIP,0.5213781595230103,0.5153703689575195,0.17468179762363434,0.9991196393966675,0.999885082244873
447,14900,LEFT_KNEE,0.4706898629665375,0.6061416268348694,-0.22859403491020203,0.8946760296821594,0.9999513626098633
447,14900,RIGHT_KNEE,0.4220690131187439,0.5890708565711975,0.0930994302034378,0.9379650950431824,0.9998400211334229
447,14900,LEFT_ANKLE,0.5268371105194092,0.7264401912689209,-0.22650088369846344,0.9345079660415649,0.9998782873153687
447,14900,RIGHT_ANKLE,0.3297981321811676,0.7057456970214844,0.12875226140022278,0.9707655310630798,0.999907374382019
447,14900,LEFT_HEEL,0.5547296404838562,0.7405829429626465,-0.1893482357263565,0.9429044127464294,0.9997890591621399
447,14900,RIGHT_HEEL,0.3365355134010315,0.7331375479698181,0.12680178880691528,0.9694991707801819,0.9998586177825928
447,14900,LEFT_FOOT_INDEX,0.4516301155090332,0.7573520541191101,-0.3351467251777649,0.8890899419784546,0.9996922016143799
447,14900,RIGHT_FOOT_INDEX,0.25695091485977173,0.7087069153785706,0.03880111873149872,0.9326736330986023,0.9997244477272034
448,14933,NOSE,0.46500107645988464,0.33931177854537964,-0.17000137269496918,0.999314546585083,0.9999233484268188
448,14933,LEFT_EYE_INNER,0.46473127603530884,0.3301437795162201,-0.19590629637241364,0.9990904331207275,0.9999070167541504
448,14933,LEFT_EYE,0.4645278751850128,0.3301013708114624,-0.19591376185417175,0.9990949630737305,0.9999046325683594
448,14933,LEFT_EYE_OUTER,0.4659031629562378,0.3300514817237854,-0.1959039568901062,0.9991225004196167,0.9999014139175415
448,14933,RIGHT_EYE_INNER,0.46927276253700256,0.32944437861442566,-0.14489087462425232,0.9990615248680115,0.9999169111251831
448,14933,RIGHT_EYE,0.47094792127609253,0.32892802357673645,-0.1449592113494873,0.9989743232727051,0.9999245405197144
448,14933,RIGHT_EYE_OUTER,0.47244587540626526,0.3283475339412689,-0.14505109190940857,0.9989978671073914,0.9999293088912964
448,14933,LEFT_EAR,0.4882674813270569,0.333718478679657,-0.2542809844017029,0.9991136789321899,0.9999309778213501
448,14933,RIGHT_EAR,0.48458635807037354,0.3301248848438263,-0.026952307671308517,0.997952938079834,0.9999574422836304
448,14933,MOUTH_LEFT,0.4668702483177185,0.3490331768989563,-0.18917600810527802,0.9987604022026062,0.9999696016311646
448,14933,MOUTH_RIGHT,0.47112342715263367,0.34826385974884033,-0.12352970242500305,0.9986209869384766,0.9999717473983765
448,14933,LEFT_SHOULDER,0.5383551716804504,0.39839968085289,-0.3721359968185425,0.9997196793556213,0.9999607801437378
448,14933,RIGHT_SHOULDER,0.49668824672698975,0.38529086112976074,0.17056724429130554,0.9997247457504272,0.9999938011169434
448,14933,LEFT_ELBOW,0.5217584371566772,0.4801356792449951,-0.46231967210769653,0.9702860713005066,0.9996676445007324
448,14933,RIGHT_ELBOW,0.45666638016700745,0.44585320353507996,0.2763627767562866,0.7665078639984131,0.9999709129333496
448,14933,LEFT_WRIST,0.4488561153411865,0.5326853394508362,-0.4528108537197113,0.8607954382896423,0.9998146891593933
448,14933,RIGHT_WRIST,0.3717467784881592,0.4706226885318756,0.18990258872509003,0.7351658344268799,0.9998418092727661
448,14933,LEFT_PINKY,0.42355257272720337,0.5470563173294067,-0.5050948262214661,0.8306870460510254,0.9997075200080872
448,14933,RIGHT_PINKY,0.349974125623703,0.4831509292125702,0.189203679561615,0.6806101202964783,0.999707043170929
448,14933,LEFT_INDEX,0.4176250398159027,0.5415455102920532,-0.4980717599391937,0.8279861807823181,0.9997257590293884
448,14933,RIGHT_INDEX,0.3491450846195221,0.4809694290161133,0.13798974454402924,0.6705867648124695,0.9997174143791199
448,14933,LEFT_THUMB,0.4215613007545471,0.5360649824142456,-0.44847723841667175,0.7895088791847229,0.9997844099998474
448,14933,RIGHT_THUMB,0.3575971722602844,0.47670766711235046,0.16389645636081696,0.6363996863365173,0.999788224697113
448,14933,LEFT_HIP,0.5693005919456482,0.5360012054443359,-0.15731413662433624,0.999554455280304,0.9998410940170288
448,14933,RIGHT_HIP,0.5304466485977173,0.5233045816421509,0.1572626680135727,0.9991990327835083,0.9999606609344482
448,14933,LEFT_KNEE,0.46350157260894775,0.6137105226516724,-0.21539977192878723,0.9046356081962585,0.9998338222503662
448,14933,RIGHT_KNEE,0.43106013536453247,0.6045063734054565,0.02946012280881405,0.9319521188735962,0.9998688697814941
448,14933,LEFT_ANKLE,0.5254666805267334,0.7278940081596375,-0.13128076493740082,0.9404944777488708,0.999510645866394
448,14933,RIGHT_ANKLE,0.33016684651374817,0.7098413109779358,0.08665978908538818,0.9678909778594971,0.9997319579124451
448,14933,LEFT_HEEL,0.5493592619895935,0.7435922622680664,-0.11327409744262695,0.9459563493728638,0.9991449117660522
448,14933,RIGHT_HEEL,0.34054455161094666,0.7365198135375977,0.08944505453109741,0.9625193476676941,0.9995311498641968
448,14933,LEFT_FOOT_INDEX,0.45558831095695496,0.7581424713134766,-0.2096654623746872,0.8991268873214722,0.998982846736908
448,14933,RIGHT_FOOT_INDEX,0.2569040358066559,0.7118606567382812,0.03463389724493027,0.9349601864814758,0.999090313911438
449,14967,NOSE,0.4652304947376251,0.34833696484565735,-0.22340813279151917,0.9993562698364258,0.9998824596405029
449,14967,LEFT_EYE_INNER,0.4662216603755951,0.33845096826553345,-0.2507393956184387,0.9991427063941956,0.9998610019683838
449,14967,LEFT_EYE,0.4647437632083893,0.3384729027748108,-0.25076350569725037,0.9991527199745178,0.9998704195022583
449,14967,LEFT_EYE_OUTER,0.46749794483184814,0.33848586678504944,-0.2507795989513397,0.999181866645813,0.9998756647109985
449,14967,RIGHT_EYE_INNER,0.4703531563282013,0.33757737278938293,-0.20054574310779572,0.9990956783294678,0.9998499155044556
449,14967,RIGHT_EYE,0.4721820652484894,0.3369711935520172,-0.20060095191001892,0.9990203380584717,0.9998577833175659
449,14967,RIGHT_EYE_OUTER,0.47367429733276367,0.33633339405059814,-0.2006746083498001,0.9990489482879639,0.9998600482940674
449,14967,LEFT_EAR,0.48822182416915894,0.34278684854507446,-0.3084771931171417,0.9991748332977295,0.999925971031189
449,14967,RIGHT_EAR,0.4862050712108612,0.3392973840236664,-0.08446723222732544,0.9981004595756531,0.999908447265625
449,14967,MOUTH_LEFT,0.46837112307548523,0.3576802611351013,-0.24138310551643372,0.9988691210746765,0.9999638795852661
449,14967,MOUTH_RIGHT,0.4716785252094269,0.3576260209083557,-0.17641772329807281,0.9987269043922424,0.9999568462371826
449,14967,LEFT_SHOULDER,0.5358133316040039,0.40689125657081604,-0.41298794746398926,0.999747097492218,0.9999769926071167
449,14967,RIGHT_SHOULDER,0.48910391330718994,0.39746975898742676,0.10327965021133423,0.999747097492218,0.9999940395355225
449,14967,LEFT_ELBOW,0.5222979784011841,0.49188315868377686,-0.5044457912445068,0.9727740287780762,0.9997748732566833
449,14967,RIGHT_ELBOW,0.43536674976348877,0.45100611448287964,0.2230529934167862,0.776603639125824,0.9999862909317017
449,14967,LEFT_WRIST,0.48393023014068604,0.5631644129753113,-0.5128591656684875,0.8738753199577332,0.9998666048049927
449,14967,RIGHT_WRIST,0.3553259074687958,0.471613347530365,0.1448441445827484,0.7555827498435974,0.9999418258666992
449,14967,LEFT_PINKY,0.47884899377822876,0.5817599296569824,-0.5694935917854309,0.8459153175354004,0.9997685551643372
449,14967,RIGHT_PINKY,0.33001017570495605,0.48663610219955444,0.14901959896087646,0.7020270824432373,0.9998481273651123
449,14967,LEFT_INDEX,0.4683435261249542,0.5824040174484253,-0.5669899582862854,0.8433694243431091,0.9997708201408386
449,14967,RIGHT_INDEX,0.32503825426101685,0.48508307337760925,0.09797479212284088,0.6940380334854126,0.9998606443405151
449,14967,LEFT_THUMB,0.4699667990207672,0.5750471949577332,-0.5117922425270081,0.8070990443229675,0.9998283386230469
449,14967,RIGHT_THUMB,0.33512744307518005,0.48064523935317993,0.11997190862894058,0.6637464761734009,0.9999094009399414
449,14967,LEFT_HIP,0.572693943977356,0.5450737476348877,-0.15934725105762482,0.9995888471603394,0.99985671043396
449,14967,RIGHT_HIP,0.5359875559806824,0.5339121222496033,0.1593988686800003,0.999259352684021,0.9999314546585083
449,14967,LEFT_KNEE,0.45922571420669556,0.6179212927818298,-0.25565049052238464,0.9137207865715027,0.9998276233673096
449,14967,RIGHT_KNEE,0.4407343864440918,0.6072879433631897,0.07677877694368362,0.9170558452606201,0.9997963309288025
449,14967,LEFT_ANKLE,0.5244120955467224,0.7288597822189331,-0.12814408540725708,0.9460261464118958,0.9995154142379761
449,14967,RIGHT_ANKLE,0.37159496545791626,0.7120223641395569,0.2043071687221527,0.9603286981582642,0.9994708895683289
449,14967,LEFT_HEEL,0.544410765171051,0.7462739944458008,-0.11530765146017075,0.9495866298675537,0.9991627931594849
449,14967,RIGHT_HEEL,0.35591617226600647,0.7357521653175354,0.21165552735328674,0.9512789249420166,0.9992202520370483
449,14967,LEFT_FOOT_INDEX,0.45535898208618164,0.758710503578186,-0.2012411504983902,0.908367395401001,0.9989375472068787
449,14967,RIGHT_FOOT_INDEX,0.2800973653793335,0.713915228843689,0.14672118425369263,0.9328932166099548,0.9988683462142944
450,15000,NOSE,0.4652150869369507,0.35483217239379883,-0.23353174328804016,0.9994020462036133,0.999870777130127
450,15000,LEFT_EYE_INNER,0.4673803448677063,0.3443317115306854,-0.26158058643341064,0.9992038011550903,0.9998500347137451
450,15000,LEFT_EYE,0.4658248722553253,0.34449928998947144,-0.2615611255168915,0.9992169141769409,0.9998581409454346
450,15000,LEFT_EYE_OUTER,0.46763506531715393,0.34472087025642395,-0.26155585050582886,0.9992441534996033,0.9998629093170166
450,15000,RIGHT_EYE_INNER,0.4707699418067932,0.3436180055141449,-0.21138669550418854,0.9991419911384583,0.9998496770858765
450,15000,RIGHT_EYE,0.4724597632884979,0.3433157503604889,-0.21145746111869812,0.9990800023078918,0.9998648166656494
450,15000,RIGHT_EYE_OUTER,0.4738132655620575,0.3430565595626831,-0.21153639256954193,0.9991090297698975,0.9998692274093628
450,15000,LEFT_EAR,0.4882011115550995,0.3503569960594177,-0.31927719712257385,0.9992356300354004,0.9999210834503174
450,15000,RIGHT_EAR,0.48718884587287903,0.3472733497619629,-0.09587360918521881,0.9982426166534424,0.9999198913574219
450,15000,MOUTH_LEFT,0.46910881996154785,0.3650917708873749,-0.2519383132457733,0.9989687204360962,0.9999573230743408
450,15000,MOUTH_RIGHT,0.4710427224636078,0.3651215136051178,-0.18705932796001434,0.9988211393356323,0.9999504089355469
450,15000,LEFT_SHOULDER,0.5308350324630737,0.41544076800346375,-0.40709009766578674,0.9997711181640625,0.9999600648880005
450,15000,RIGHT_SHOULDER,0.4843861162662506,0.40765857696533203,0.07629688829183578,0.9997625946998596,0.9999915361404419
450,15000,LEFT_ELBOW,0.525833249092102,0.49644365906715393,-0.47692611813545227,0.9735811948776245,0.999455988407135
450,15000,RIGHT_ELBOW,0.4135380685329437,0.4494844675064087,0.20829249918460846,0.7889798283576965,0.9999788999557495
450,15000,LEFT_WRIST,0.5094031095504761,0.5763207674026489,-0.4876905679702759,0.8825230002403259,0.9997285008430481
450,15000,RIGHT_WRIST,0.3345101773738861,0.47242191433906555,0.11783932894468307,0.7740836143493652,0.9999135732650757
450,15000,LEFT_PINKY,0.5119516253471375,0.5986377000808716,-0.5429916977882385,0.8545863628387451,0.9996470212936401
450,15000,RIGHT_PINKY,0.3102678656578064,0.48104822635650635,0.12240862101316452,0.7214792370796204,0.9997801184654236
450,15000,LEFT_INDEX,0.5037477016448975,0.5987665057182312,-0.5444150567054749,0.8520920276641846,0.9996281862258911
450,15000,RIGHT_INDEX,0.3062206208705902,0.4803255796432495,0.07297514379024506,0.7154273390769958,0.9997909665107727
450,15000,LEFT_THUMB,0.495559424161911,0.5929430723190308,-0.48868927359580994,0.8151521682739258,0.9996999502182007
450,15000,RIGHT_THUMB,0.31656813621520996,0.4781937599182129,0.09426920115947723,0.6883936524391174,0.9998602867126465
450,15000,LEFT_HIP,0.5727599859237671,0.551182210445404,-0.15823721885681152,0.9996250867843628,0.9999433755874634
450,15000,RIGHT_HIP,0.5403760075569153,0.539411187171936,0.15827566385269165,0.9993176460266113,0.9999725818634033
450,15000,LEFT_KNEE,0.459512323141098,0.6221877336502075,-0.3013947606086731,0.9221541285514832,0.9999562501907349
450,15000,RIGHT_KNEE,0.4432724118232727,0.6192496418952942,0.19533208012580872,0.9107377529144287,0.9998986721038818
450,15000,LEFT_ANKLE,0.5263367295265198,0.7316389679908752,-0.1760205626487732,0.9512792825698853,0.9998095631599426
450,15000,RIGHT_ANKLE,0.3672054708003998,0.7117859721183777,0.37958580255508423,0.9563698172569275,0.999811589717865
450,15000,LEFT_HEEL,0.5508862733840942,0.7496123313903809,-0.16531571745872498,0.953822672367096,0.9996390342712402
450,15000,RIGHT_HEEL,0.37229102849960327,0.7330746054649353,0.3929934799671173,0.9438135623931885,0.9997768998146057
450,15000,LEFT_FOOT_INDEX,0.45694994926452637,0.7612955570220947,-0.2605259120464325,0.917216956615448,0.9994739890098572
450,15000,RIGHT_FOOT_INDEX,0.29566627740859985,0.7191189527511597,0.340788871049881,0.9330465197563171,0.9996370077133179
451,15033,NOSE,0.4658467471599579,0.36289182305336,-0.21049532294273376,0.999424159526825,0.9997355341911316
451,15033,LEFT_EYE_INNER,0.4679533541202545,0.3522922098636627,-0.227840393781662,0.9992124438285828,0.999669075012207
451,15033,LEFT_EYE,0.4677733778953552,0.35231390595436096,-0.22785452008247375,0.9992429614067078,0.999691367149353
451,15033,LEFT_EYE_OUTER,0.47031867504119873,0.3527856767177582,-0.2278735637664795,0.9992699027061462,0.999701201915741
451,15033,RIGHT_EYE_INNER,0.47131872177124023,0.35173875093460083,-0.18629759550094604,0.9990997910499573,0.9996284246444702
451,15033,RIGHT_EYE,0.47289878129959106,0.35138487815856934,-0.18637032806873322,0.9990601539611816,0.9996441602706909
451,15033,RIGHT_EYE_OUTER,0.4740675091743469,0.3510827124118805,-0.1864771693944931,0.9990805387496948,0.9996287822723389
451,15033,LEFT_EAR,0.4903055429458618,0.35683688521385193,-0.25036537647247314,0.999261736869812,0.9998331069946289
451,15033,RIGHT_EAR,0.4874305725097656,0.3550300896167755,-0.06644413620233536,0.9982607960700989,0.9997649788856506
451,15033,MOUTH_LEFT,0.4692682921886444,0.37251168489456177,-0.21691100299358368,0.999036967754364,0.9999082088470459
451,15033,MOUTH_RIGHT,0.47156184911727905,0.37297987937927246,-0.16355307400226593,0.9988300204277039,0.9998608827590942
451,15033,LEFT_SHOULDER,0.5383210778236389,0.41624635457992554,-0.3228130042552948,0.9997895956039429,0.9999008178710938
451,15033,RIGHT_SHOULDER,0.4738737642765045,0.4113001823425293,0.0878835991024971,0.9997317790985107,0.9999516010284424
451,15033,LEFT_ELBOW,0.5611329078674316,0.4889605939388275,-0.4042292833328247,0.9742205739021301,0.9988045692443848
451,15033,RIGHT_ELBOW,0.40481036901474,0.44758865237236023,0.17672836780548096,0.8015291094779968,0.9999160766601562
451,15033,LEFT_WRIST,0.5747894644737244,0.5655243396759033,-0.44925907254219055,0.885538637638092,0.9985557198524475
451,15033,RIGHT_WRIST,0.3252873122692108,0.46402525901794434,0.11192599684000015,0.7884889841079712,0.9993157386779785
451,15033,LEFT_PINKY,0.5795506238937378,0.5875842571258545,-0.4973776340484619,0.8541874289512634,0.9978957176208496
451,15033,RIGHT_PINKY,0.2993270456790924,0.46956542134284973,0.11374778300523758,0.7336429953575134,0.9982876181602478
451,15033,LEFT_INDEX,0.5672900676727295,0.5855219960212708,-0.5110054612159729,0.8521619439125061,0.9977003931999207
451,15033,RIGHT_INDEX,0.3009888529777527,0.4687487781047821,0.05077812820672989,0.7302774786949158,0.9984233379364014
451,15033,LEFT_THUMB,0.5655331015586853,0.5803878903388977,-0.4563971161842346,0.8152040839195251,0.9981122016906738
451,15033,RIGHT_THUMB,0.3109617829322815,0.4697490930557251,0.07421112805604935,0.707030713558197,0.9988773465156555
451,15033,LEFT_HIP,0.5708382725715637,0.5495786070823669,-0.14662079513072968,0.9996520280838013,0.9998383522033691
451,15033,RIGHT_HIP,0.5399678945541382,0.5455252528190613,0.14670148491859436,0.9993586540222168,0.9999083280563354
451,15033,LEFT_KNEE,0.4605792760848999,0.6246142983436584,-0.3863494098186493,0.9295275807380676,0.9999390840530396
451,15033,RIGHT_KNEE,0.44627946615219116,0.6267755031585693,0.14195795357227325,0.9077314734458923,0.9998406171798706
451,15033,LEFT_ANKLE,0.5247669816017151,0.7322661876678467,-0.3162163197994232,0.9558624625205994,0.9995611310005188
451,15033,RIGHT_ANKLE,0.3785572946071625,0.7129127383232117,0.2542722523212433,0.9532681703567505,0.9997336268424988
451,15033,LEFT_HEEL,0.5515100359916687,0.7501202821731567,-0.3148154318332672,0.9571502804756165,0.999158501625061
451,15033,RIGHT_HEEL,0.3853659927845001,0.7327853441238403,0.2625490128993988,0.9391200542449951,0.9996792078018188
451,15033,LEFT_FOOT_INDEX,0.45812731981277466,0.7622385621070862,-0.4412563741207123,0.9249944686889648,0.9986465573310852
451,15033,RIGHT_FOOT_INDEX,0.3157685399055481,0.723615288734436,0.1887100785970688,0.9341026544570923,0.9993864297866821
452,15067,NOSE,0.46865949034690857,0.3698575794696808,-0.36897313594818115,0.9994372725486755,0.999803364276886
452,15067,LEFT_EYE_INNER,0.47451281547546387,0.3619439899921417,-0.38214564323425293,0.9991846084594727,0.9998080134391785
452,15067,LEFT_EYE,0.47582077980041504,0.3619272708892822,-0.38219302892684937,0.9992542266845703,0.9998315572738647
452,15067,LEFT_EYE_OUTER,0.47924739122390747,0.36186787486076355,-0.3822837769985199,0.9992783665657043,0.9998468160629272
452,15067,RIGHT_EYE_INNER,0.4735123813152313,0.36122000217437744,-0.3431554138660431,0.9990068078041077,0.9997591376304626
452,15067,RIGHT_EYE,0.4739255905151367,0.3607688546180725,-0.343205988407135,0.9990122318267822,0.9997512698173523
452,15067,RIGHT_EYE_OUTER,0.47416815161705017,0.36038297414779663,-0.3432430028915405,0.9990137815475464,0.999739944934845
452,15067,LEFT_EAR,0.4942324459552765,0.36478570103645325,-0.3732830882072449,0.9993035793304443,0.9999374151229858
452,15067,RIGHT_EAR,0.48698145151138306,0.3624502718448639,-0.20128226280212402,0.9983277916908264,0.9998605251312256
452,15067,MOUTH_LEFT,0.4734886586666107,0.3799513280391693,-0.3629457950592041,0.9991135001182556,0.9999692440032959
452,15067,MOUTH_RIGHT,0.4717409312725067,0.3784494698047638,-0.3128199577331543,0.9988747239112854,0.9999436140060425
452,15067,LEFT_SHOULDER,0.5458807349205017,0.41678881645202637,-0.41072362661361694,0.9998102784156799,0.9999896287918091
452,15067,RIGHT_SHOULDER,0.4652528762817383,0.40800291299819946,0.002265211194753647,0.9997308850288391,0.9999855756759644
452,15067,LEFT_ELBOW,0.6088821291923523,0.47496461868286133,-0.48355627059936523,0.9767175912857056,0.9997734427452087
452,15067,RIGHT_ELBOW,0.40447551012039185,0.42584073543548584,0.15058135986328125,0.8120949268341064,0.9999505281448364
452,15067,LEFT_WRIST,0.6330395936965942,0.5455605387687683,-0.5416285991668701,0.8965060114860535,0.999228835105896
452,15067,RIGHT_WRIST,0.33574268221855164,0.44535624980926514,0.11748712509870529,0.804354727268219,0.9994847774505615
452,15067,LEFT_PINKY,0.6459386944770813,0.5634653568267822,-0.5907483696937561,0.8671486377716064,0.9983419179916382
452,15067,RIGHT_PINKY,0.3158329725265503,0.4544379413127899,0.12171640992164612,0.7490691542625427,0.9987830519676208
452,15067,LEFT_INDEX,0.6315505504608154,0.5668706893920898,-0.6165393590927124,0.8653731346130371,0.9985652565956116
452,15067,RIGHT_INDEX,0.31788116693496704,0.4544900357723236,0.06990382075309753,0.747445821762085,0.9989701509475708
452,15067,LEFT_THUMB,0.6248328685760498,0.5612862706184387,-0.5539940595626831,0.8312702775001526,0.9989153146743774
452,15067,RIGHT_THUMB,0.3270968794822693,0.4530256688594818,0.09083523601293564,0.7275392413139343,0.999173104763031
452,15067,LEFT_HIP,0.5728537440299988,0.5460327863693237,-0.1426396369934082,0.9996663331985474,0.9997660517692566
452,15067,RIGHT_HIP,0.5349755883216858,0.5439504384994507,0.14290355145931244,0.9993806481361389,0.9998292922973633
452,15067,LEFT_KNEE,0.4751313626766205,0.6291688680648804,-0.3165310323238373,0.9360051155090332,0.9999250173568726
452,15067,RIGHT_KNEE,0.44823208451271057,0.6273965835571289,0.014391887933015823,0.9081068634986877,0.9997460246086121
452,15067,LEFT_ANKLE,0.5254500508308411,0.7348757386207581,-0.2544640898704529,0.9599198698997498,0.9993504881858826
452,15067,RIGHT_ANKLE,0.42708975076675415,0.7133287787437439,0.19673776626586914,0.9512757062911987,0.9996873140335083
452,15067,LEFT_HEEL,0.5532333254814148,0.7545112371444702,-0.2570571303367615,0.9590425491333008,0.9987566471099854
452,15067,RIGHT_HEEL,0.46672797203063965,0.73420250415802,0.21208767592906952,0.9367597103118896,0.9995717406272888
452,15067,LEFT_FOOT_INDEX,0.46197304129600525,0.7639584541320801,-0.4077654182910919,0.9318447709083557,0.997882068157196
452,15067,RIGHT_FOOT_INDEX,0.3626023530960083,0.7291679978370667,0.09069033712148666,0.9361112713813782,0.9992368221282959
453,15100,NOSE,0.474038302898407,0.3796192705631256,-0.40605074167251587,0.9994211792945862,0.9994705319404602
453,15100,LEFT_EYE_INNER,0.4808879494667053,0.3694377541542053,-0.42062249779701233,0.9991698861122131,0.9996885061264038
453,15100,LEFT_EYE,0.4832157790660858,0.3689582943916321,-0.4206595718860626,0.9992688894271851,0.9997885823249817
453,15100,LEFT_EYE_OUTER,0.48614975810050964,0.36838987469673157,-0.4208120107650757,0.9992920756340027,0.9998390674591064
453,15100,RIGHT_EYE_INNER,0.47756075859069824,0.3685552179813385,-0.38359612226486206,0.9989137649536133,0.9993602633476257
453,15100,RIGHT_EYE,0.47729194164276123,0.36758947372436523,-0.38361865282058716,0.9989262223243713,0.999215841293335
453,15100,RIGHT_EYE_OUTER,0.47683846950531006,0.3665601909160614,-0.3836008906364441,0.9988696575164795,0.9990726709365845
453,15100,LEFT_EAR,0.5006707310676575,0.36928820610046387,-0.4043034613132477,0.9993453621864319,0.9999512434005737
453,15100,RIGHT_EAR,0.48837026953697205,0.36654219031333923,-0.24043579399585724,0.9983218312263489,0.9994439482688904
453,15100,MOUTH_LEFT,0.4807208180427551,0.38773053884506226,-0.3952729403972626,0.9991809725761414,0.9999350309371948
453,15100,MOUTH_RIGHT,0.4754367768764496,0.38647520542144775,-0.3477570116519928,0.9988785982131958,0.9997739195823669
453,15100,LEFT_SHOULDER,0.5543272495269775,0.4185945689678192,-0.4196137487888336,0.9998290538787842,0.9999961853027344
453,15100,RIGHT_SHOULDER,0.4692479074001312,0.40605828166007996,-0.029200498014688492,0.9996745586395264,0.9999233484268188
453,15100,LEFT_ELBOW,0.6403306722640991,0.46461835503578186,-0.49563878774642944,0.979019284248352,0.9999104738235474
453,15100,RIGHT_ELBOW,0.4157363772392273,0.4125151038169861,0.22958776354789734,0.7654274702072144,0.9998425245285034
453,15100,LEFT_WRIST,0.6673786044120789,0.525820791721344,-0.556681752204895,0.9066376686096191,0.9996225833892822
453,15100,RIGHT_WRIST,0.37131181359291077,0.42551741003990173,0.3725733458995819,0.7763480544090271,0.9989892840385437
453,15100,LEFT_PINKY,0.6756029725074768,0.5418757200241089,-0.5997925400733948,0.8796622157096863,0.9990425705909729
453,15100,RIGHT_PINKY,0.3192187249660492,0.44097456336021423,0.40256863832473755,0.7227007746696472,0.9981847405433655
453,15100,LEFT_INDEX,0.6630789637565613,0.5443167686462402,-0.6185445785522461,0.8781114816665649,0.9991937279701233
453,15100,RIGHT_INDEX,0.35464298725128174,0.4425934851169586,0.3625878691673279,0.7253360152244568,0.9983166456222534
453,15100,LEFT_THUMB,0.6592879891395569,0.539937436580658,-0.5634440779685974,0.8469200730323792,0.9993937015533447
453,15100,RIGHT_THUMB,0.35605862736701965,0.4378533363342285,0.35915032029151917,0.7127523422241211,0.9985784292221069
453,15100,LEFT_HIP,0.5672265291213989,0.5545229911804199,-0.13965557515621185,0.999694287776947,0.9999603033065796
453,15100,RIGHT_HIP,0.5269393920898438,0.5516133308410645,0.13987216353416443,0.9994204044342041,0.9999406337738037
453,15100,LEFT_KNEE,0.47659406065940857,0.6412511467933655,-0.2900054156780243,0.9417985677719116,0.9999210834503174
453,15100,RIGHT_KNEE,0.4541231393814087,0.6383935213088989,0.03618497774004936,0.8991143703460693,0.9995254278182983
453,15100,LEFT_ANKLE,0.5255886316299438,0.7359371185302734,-0.14030055701732635,0.9634311199188232,0.9998039603233337
453,15100,RIGHT_ANKLE,0.48621878027915955,0.7204458713531494,0.27287888526916504,0.9433900713920593,0.9997227787971497
453,15100,LEFT_HEEL,0.5524346828460693,0.7541885375976562,-0.12701986730098724,0.9611513018608093,0.9997312426567078
453,15100,RIGHT_HEEL,0.5104591250419617,0.7377117872238159,0.2894827127456665,0.9253504276275635,0.999666690826416
453,15100,LEFT_FOOT_INDEX,0.4713846445083618,0.7657382488250732,-0.23335227370262146,0.9377179741859436,0.9993495345115662
453,15100,RIGHT_FOOT_INDEX,0.439800500869751,0.7501303553581238,0.20110177993774414,0.9315912127494812,0.999397873878479
454,15133,NOSE,0.4833250641822815,0.3850644528865814,-0.40298590064048767,0.9993597269058228,0.9997442364692688
454,15133,LEFT_EYE_INNER,0.4905531704425812,0.37493041157722473,-0.41992029547691345,0.999117374420166,0.9997063279151917
454,15133,LEFT_EYE,0.49389803409576416,0.37432801723480225,-0.42002084851264954,0.9992431402206421,0.9997654557228088
454,15133,LEFT_EYE_OUTER,0.49712643027305603,0.37366199493408203,-0.42018866539001465,0.9992418885231018,0.9997687935829163
454,15133,RIGHT_EYE_INNER,0.485378623008728,0.37400519847869873,-0.38357892632484436,0.9988551735877991,0.9995622038841248
454,15133,RIGHT_EYE,0.4847738742828369,0.37297412753105164,-0.38359448313713074,0.9988687038421631,0.9994533658027649
454,15133,RIGHT_EYE_OUTER,0.4839570224285126,0.3718288540840149,-0.3835357129573822,0.9987685680389404,0.9993676543235779
454,15133,LEFT_EAR,0.513498842716217,0.37239164113998413,-0.3814420998096466,0.9993710517883301,0.9998984336853027
454,15133,RIGHT_EAR,0.4951610267162323,0.3697824478149414,-0.2211741805076599,0.9982908964157104,0.9996113181114197
454,15133,MOUTH_LEFT,0.4922219216823578,0.39129847288131714,-0.3817676305770874,0.9992210268974304,0.9999200105667114
454,15133,MOUTH_RIGHT,0.48420071601867676,0.3901000916957855,-0.33519068360328674,0.9988289475440979,0.9998202919960022
454,15133,LEFT_SHOULDER,0.5707492828369141,0.4145938754081726,-0.37123146653175354,0.9998455047607422,0.999992847442627
454,15133,RIGHT_SHOULDER,0.4750145375728607,0.4072761535644531,0.007122328504920006,0.999626100063324,0.999862790107727
454,15133,LEFT_ELBOW,0.6603663563728333,0.4265654981136322,-0.4687281847000122,0.9811055064201355,0.9999321699142456
454,15133,RIGHT_ELBOW,0.4192873537540436,0.4178047180175781,0.15059395134449005,0.747764527797699,0.9997820258140564
454,15133,LEFT_WRIST,0.6772748827934265,0.4864301383495331,-0.5269284844398499,0.9157887101173401,0.9991517066955566
454,15133,RIGHT_WRIST,0.40115800499916077,0.4285105764865875,0.1404189169406891,0.7778347730636597,0.9996852874755859
454,15133,LEFT_PINKY,0.6835716962814331,0.5106752514839172,-0.5625463724136353,0.89073246717453,0.9977929592132568
454,15133,RIGHT_PINKY,0.38743025064468384,0.4360246956348419,0.16834545135498047,0.7217176556587219,0.9994809031486511
454,15133,LEFT_INDEX,0.6668798923492432,0.5157413482666016,-0.573104739189148,0.8893675208091736,0.9984011054039001
454,15133,RIGHT_INDEX,0.40725579857826233,0.4356050193309784,0.23537205159664154,0.7255838513374329,0.9995384216308594
454,15133,LEFT_THUMB,0.6621540784835815,0.5102314949035645,-0.5283277034759521,0.8607631921768188,0.9987056255340576
454,15133,RIGHT_THUMB,0.4114881157875061,0.4360191524028778,0.15020403265953064,0.7153990864753723,0.9996598958969116
454,15133,LEFT_HIP,0.563177764415741,0.5594953298568726,-0.13652974367141724,0.9996901750564575,0.9998623132705688
454,15133,RIGHT_HIP,0.513609766960144,0.5573731660842896,0.13671205937862396,0.9993640780448914,0.9996566772460938
454,15133,LEFT_KNEE,0.47885599732398987,0.6493999361991882,-0.27950748801231384,0.9442853331565857,0.9994795918464661
454,15133,RIGHT_KNEE,0.4639722406864166,0.6470112800598145,0.048595018684864044,0.8600373864173889,0.9974343180656433
454,15133,LEFT_ANKLE,0.5167934894561768,0.7358097434043884,-0.16093581914901733,0.9628541469573975,0.9993054866790771
454,15133,RIGHT_ANKLE,0.5060521364212036,0.7298663258552551,0.237843319773674,0.9067652225494385,0.9962050318717957
454,15133,LEFT_HEEL,0.5401135683059692,0.7527864575386047,-0.14524391293525696,0.9604728817939758,0.9991863369941711
454,15133,RIGHT_HEEL,0.5298435688018799,0.7466914653778076,0.2467024177312851,0.8936623334884644,0.9958341121673584
454,15133,LEFT_FOOT_INDEX,0.4709516763687134,0.7657244801521301,-0.2471502721309662,0.938753604888916,0.9981361627578735
454,15133,RIGHT_FOOT_INDEX,0.46051332354545593,0.763055145740509,0.15190088748931885,0.8988332748413086,0.996049702167511
455,15167,NOSE,0.4883771538734436,0.3749266564846039,-0.1262774020433426,0.9916524291038513,0.992861807346344
455,15167,LEFT_EYE_INNER,0.4962766468524933,0.3651411235332489,-0.15063230693340302,0.993581235408783,0.9937552213668823
455,15167,LEFT_EYE,0.4989432394504547,0.3649747967720032,-0.1507444679737091,0.9955860376358032,0.9946342706680298
455,15167,LEFT_EYE_OUTER,0.501452624797821,0.36481136083602905,-0.15082941949367523,0.9948999285697937,0.9947043061256409
455,15167,RIGHT_EYE_INNER,0.4930207431316376,0.36437487602233887,-0.1034509465098381,0.9916213154792786,0.9936065673828125
455,15167,RIGHT_EYE,0.4934212565422058,0.36374804377555847,-0.1034829244017601,0.991553783416748,0.9934601783752441
455,15167,RIGHT_EYE_OUTER,0.4938155710697174,0.36307278275489807,-0.1035461351275444,0.9910311698913574,0.9933544397354126
455,15167,LEFT_EAR,0.5184564590454102,0.3680973947048187,-0.18604770302772522,0.9963263869285583,0.9983080625534058
455,15167,RIGHT_EAR,0.5077670216560364,0.3654412031173706,0.022595450282096863,0.9924687743186951,0.9976387023925781
455,15167,MOUTH_LEFT,0.49617087841033936,0.38365018367767334,-0.13652609288692474,0.9948741793632507,0.9987757802009583
455,15167,MOUTH_RIGHT,0.49155449867248535,0.3829493224620819,-0.07491393387317657,0.9884569644927979,0.9977914094924927
455,15167,LEFT_SHOULDER,0.5659943222999573,0.4149847626686096,-0.2497565746307373,0.9998092651367188,0.9997673630714417
455,15167,RIGHT_SHOULDER,0.4929423928260803,0.4120754301548004,0.16572967171669006,0.9984510540962219,0.999427318572998
455,15167,LEFT_ELBOW,0.6409333348274231,0.4239215850830078,-0.497336208820343,0.9820910096168518,0.9981701374053955
455,15167,RIGHT_ELBOW,0.47429004311561584,0.4353421628475189,0.4169090688228607,0.6839772462844849,0.9981460571289062
455,15167,LEFT_WRIST,0.65040522813797,0.44363266229629517,-0.7163057327270508,0.9191905856132507,0.9915618300437927
455,15167,RIGHT_WRIST,0.4525487720966339,0.4341926574707031,0.6165966391563416,0.7272132635116577,0.9966714382171631
455,15167,LEFT_PINKY,0.6566845178604126,0.44906312227249146,-0.7733353972434998,0.8902881741523743,0.9899707436561584
455,15167,RIGHT_PINKY,0.4439871311187744,0.44926154613494873,0.6672965884208679,0.6769478917121887,0.9956360459327698
455,15167,LEFT_INDEX,0.6459514498710632,0.4497353434562683,-0.7706307172775269,0.8890834450721741,0.9898738861083984
455,15167,RIGHT_INDEX,0.4481339454650879,0.4485701322555542,0.6465187668800354,0.6817939281463623,0.9958299994468689
455,15167,LEFT_THUMB,0.6397494077682495,0.4486630856990814,-0.7210442423820496,0.8588716983795166,0.98944491147995
455,15167,RIGHT_THUMB,0.4493052363395691,0.4477386176586151,0.6137484908103943,0.6710699200630188,0.9964067339897156
455,15167,LEFT_HIP,0.5622581839561462,0.5633010268211365,-0.13500818610191345,0.9996768832206726,0.9997746348381042
455,15167,RIGHT_HIP,0.5145807862281799,0.561188280582428,0.13512729108333588,0.9992381930351257,0.9993721842765808
455,15167,LEFT_KNEE,0.494205117225647,0.6379724740982056,-0.43908506631851196,0.9312310218811035,0.9986500144004822
455,15167,RIGHT_KNEE,0.4902331531047821,0.6459196209907532,0.13879123330116272,0.7995238304138184,0.9927379488945007
455,15167,LEFT_ANKLE,0.5082011818885803,0.730895459651947,-0.5022259950637817,0.9352970719337463,0.9986816048622131
455,15167,RIGHT_ANKLE,0.5033539533615112,0.7341938614845276,0.21205610036849976,0.8381147980690002,0.9879506826400757
455,15167,LEFT_HEEL,0.5220097899436951,0.7479878067970276,-0.5078755617141724,0.9482442140579224,0.9981130361557007
455,15167,RIGHT_HEEL,0.5174705982208252,0.752429187297821,0.20323120057582855,0.8381485342979431,0.9889469742774963
455,15167,LEFT_FOOT_INDEX,0.4732835590839386,0.7242656350135803,-0.6075231432914734,0.9268059134483337,0.9986037611961365
455,15167,RIGHT_FOOT_INDEX,0.452426940202713,0.7600604295730591,0.12949314713478088,0.8397113084793091,0.9965787529945374
456,15200,NOSE,0.5006813406944275,0.370439350605011,-0.1113191768527031,0.9908473491668701,0.9926695823669434
456,15200,LEFT_EYE_INNER,0.5090727806091309,0.3612377643585205,-0.1354646235704422,0.992771327495575,0.994907796382904
456,15200,LEFT_EYE,0.5114217400550842,0.36113241314888,-0.13556550443172455,0.9949870705604553,0.995749831199646
456,15200,LEFT_EYE_OUTER,0.5131024718284607,0.3610665500164032,-0.1356402188539505,0.9943305850028992,0.9958750605583191
456,15200,RIGHT_EYE_INNER,0.5065930485725403,0.3607467710971832,-0.09161843359470367,0.9908254742622375,0.9948221445083618
456,15200,RIGHT_EYE,0.5072164535522461,0.3603467345237732,-0.09164240211248398,0.9907397031784058,0.9951916933059692
456,15200,RIGHT_EYE_OUTER,0.5076359510421753,0.3599245250225067,-0.09176837652921677,0.9901416301727295,0.9952762126922607
456,15200,LEFT_EAR,0.5251482129096985,0.3654400110244751,-0.18418528139591217,0.9955804944038391,0.9981268048286438
456,15200,RIGHT_EAR,0.5204574465751648,0.36364811658859253,0.013073796406388283,0.9920092821121216,0.9981326460838318
456,15200,MOUTH_LEFT,0.5074597001075745,0.37931111454963684,-0.12582124769687653,0.9938915967941284,0.9974129796028137
456,15200,MOUTH_RIGHT,0.5041996836662292,0.379104882478714,-0.06829094886779785,0.9876581430435181,0.9971816539764404
456,15200,LEFT_SHOULDER,0.5635492205619812,0.41504597663879395,-0.2551172971725464,0.9997906684875488,0.999150276184082
456,15200,RIGHT_SHOULDER,0.520477294921875,0.41617831587791443,0.1372394561767578,0.9982576370239258,0.9991316199302673
456,15200,LEFT_ELBOW,0.6329576969146729,0.4253241717815399,-0.5424957275390625,0.9816539883613586,0.9928627610206604
456,15200,RIGHT_ELBOW,0.5076791048049927,0.4759339988231659,0.3198668658733368,0.6204125881195068,0.9915285110473633
456,15200,LEFT_WRIST,0.6445990204811096,0.39698347449302673,-0.786566972732544,0.9158676862716675,0.9860314130783081
456,15200,RIGHT_WRIST,0.49770039319992065,0.5063220858573914,0.4211289584636688,0.6610809564590454,0.9897941946983337
456,15200,LEFT_PINKY,0.6503159999847412,0.38976213335990906,-0.851189136505127,0.8845083117485046,0.9873546957969666
456,15200,RIGHT_PINKY,0.496807336807251,0.5153635144233704,0.45147067308425903,0.6170960068702698,0.9896592497825623
456,15200,LEFT_INDEX,0.6426227688789368,0.38471484184265137,-0.8351712822914124,0.8821219205856323,0.984067976474762
456,15200,RIGHT_INDEX,0.49394693970680237,0.515010416507721,0.41849568486213684,0.6219250559806824,0.9883941411972046
456,15200,LEFT_THUMB,0.6408578157424927,0.390401691198349,-0.7876681089401245,0.8481857180595398,0.9835911393165588
456,15200,RIGHT_THUMB,0.49465352296829224,0.5123154520988464,0.40985631942749023,0.6128974556922913,0.9894379377365112
456,15200,LEFT_HIP,0.5413102507591248,0.5668835043907166,-0.13376164436340332,0.9996832609176636,0.999769389629364
456,15200,RIGHT_HIP,0.5188234448432922,0.5638973712921143,0.13387171924114227,0.9991484880447388,0.9993209838867188
456,15200,LEFT_KNEE,0.4931304454803467,0.6497830152511597,-0.2993498146533966,0.9174969792366028,0.9987208247184753
456,15200,RIGHT_KNEE,0.5071164965629578,0.646014392375946,0.16209010779857635,0.7363027930259705,0.9940716624259949
456,15200,LEFT_ANKLE,0.4968567490577698,0.7389772534370422,-0.31217965483665466,0.9153982996940613,0.9988617897033691
456,15200,RIGHT_ANKLE,0.5071572661399841,0.733666181564331,0.25564029812812805,0.7708637714385986,0.9954661130905151
456,15200,LEFT_HEEL,0.502769947052002,0.7560277581214905,-0.3107979893684387,0.9356884360313416,0.9980915188789368
456,15200,RIGHT_HEEL,0.5192235112190247,0.7594479322433472,0.258423775434494,0.7858998775482178,0.9948887228965759
456,15200,LEFT_FOOT_INDEX,0.4593605697154999,0.7370012998580933,-0.4043235778808594,0.9073898196220398,0.9978310465812683
456,15200,RIGHT_FOOT_INDEX,0.46774765849113464,0.7556895017623901,0.17577514052391052,0.7814694046974182,0.9970370531082153
457,15233,NOSE,0.5325042009353638,0.3735373914241791,0.0672094002366066,0.9910212159156799,0.9992635846138
457,15233,LEFT_EYE_INNER,0.5369106531143188,0.36586862802505493,0.029691413044929504,0.9925764799118042,0.9991958737373352
457,15233,LEFT_EYE,0.5366976857185364,0.3658647835254669,0.029643544927239418,0.9948161840438843,0.9991870522499084
457,15233,LEFT_EYE_OUTER,0.5345428586006165,0.36565613746643066,0.029607493430376053,0.9940382838249207,0.9991680383682251
457,15233,RIGHT_EYE_INNER,0.5399665236473083,0.36572572588920593,0.05796210095286369,0.9906932711601257,0.9992601275444031
457,15233,RIGHT_EYE,0.5418848991394043,0.3656884729862213,0.057971175760030746,0.9908450841903687,0.9992485642433167
457,15233,RIGHT_EYE_OUTER,0.5466537475585938,0.3658480942249298,0.05787463113665581,0.9900692105293274,0.9992104768753052
457,15233,LEFT_EAR,0.5422074198722839,0.37022602558135986,-0.09508168697357178,0.9949480295181274,0.999382495880127
457,15233,RIGHT_EAR,0.5590662956237793,0.37102583050727844,0.03432644531130791,0.9923244714736938,0.9995437264442444
457,15233,MOUTH_LEFT,0.5337547659873962,0.3810409605503082,0.028016647323966026,0.9932960271835327,0.9993276596069336
457,15233,MOUTH_RIGHT,0.5394672751426697,0.38174569606781006,0.06454595923423767,0.988035261631012,0.9994088411331177
457,15233,LEFT_SHOULDER,0.5454217791557312,0.4176143705844879,-0.18272782862186432,0.9997332096099854,0.9977715611457825
457,15233,RIGHT_SHOULDER,0.5712599754333496,0.42648065090179443,0.09837285429239273,0.9982500076293945,0.9990572333335876
457,15233,LEFT_ELBOW,0.609688937664032,0.4282033443450928,-0.4238910973072052,0.9596602320671082,0.9928117394447327
457,15233,RIGHT_ELBOW,0.5478846430778503,0.48976123332977295,0.25778383016586304,0.563105583190918,0.9940521121025085
457,15233,LEFT_WRIST,0.6253473162651062,0.3718162178993225,-0.6132433414459229,0.9089402556419373,0.9953450560569763
457,15233,RIGHT_WRIST,0.5142184495925903,0.4978365898132324,0.3185677230358124,0.6026149392127991,0.99538654088974
457,15233,LEFT_PINKY,0.6311613917350769,0.353232204914093,-0.6639662384986877,0.8790725469589233,0.9955582618713379
457,15233,RIGHT_PINKY,0.5082867741584778,0.5020936131477356,0.3413710594177246,0.5681182146072388,0.9957596659660339
457,15233,LEFT_INDEX,0.6264470815658569,0.3600171208381653,-0.660971462726593,0.8759087920188904,0.9944822788238525
457,15233,RIGHT_INDEX,0.5012008547782898,0.500698983669281,0.30823835730552673,0.5727100372314453,0.9948979020118713
457,15233,LEFT_THUMB,0.6242141723632812,0.3683214783668518,-0.6139801740646362,0.838485062122345,0.9948773980140686
457,15233,RIGHT_THUMB,0.5008788704872131,0.4998503625392914,0.30614998936653137,0.5656028389930725,0.995941162109375
457,15233,LEFT_HIP,0.5032963752746582,0.5642078518867493,-0.0927937850356102,0.9997050166130066,0.9999390840530396
457,15233,RIGHT_HIP,0.5485475063323975,0.5656569004058838,0.09247740358114243,0.9992130398750305,0.9999270439147949
457,15233,LEFT_KNEE,0.4909159541130066,0.6539439558982849,0.08974133431911469,0.9102051258087158,0.9990718364715576
457,15233,RIGHT_KNEE,0.5213863849639893,0.6506142616271973,0.2023920714855194,0.7257003784179688,0.9992595314979553
457,15233,LEFT_ANKLE,0.4956452548503876,0.7344761490821838,0.001729292212985456,0.9151975512504578,0.9996844530105591
457,15233,RIGHT_ANKLE,0.5214563012123108,0.7462552189826965,0.05768010765314102,0.7741552591323853,0.999665379524231
457,15233,LEFT_HEEL,0.504475474357605,0.7515360116958618,-0.006271020043641329,0.9400325417518616,0.9995517134666443
457,15233,RIGHT_HEEL,0.5247386693954468,0.765099287033081,0.03941730037331581,0.7959359288215637,0.9994767308235168
457,15233,LEFT_FOOT_INDEX,0.4729096591472626,0.7398581504821777,-0.06617145985364914,0.8984102010726929,0.999212384223938
457,15233,RIGHT_FOOT_INDEX,0.5112460851669312,0.7682889103889465,-0.035697292536497116,0.7699121832847595,0.9990828037261963
458,15267,NOSE,0.5736413598060608,0.39165934920310974,0.7094364762306213,0.9916172623634338,0.9999996423721313
458,15267,LEFT_EYE_INNER,0.5694707632064819,0.3845134973526001,0.6880990862846375,0.9929840564727783,0.9999994039535522
458,15267,LEFT_EYE,0.5652397871017456,0.3822396695613861,0.6881363391876221,0.9950370788574219,0.9999991655349731
458,15267,LEFT_EYE_OUTER,0.5638783574104309,0.38125646114349365,0.6882082223892212,0.9941773414611816,0.9999986886978149
458,15267,RIGHT_EYE_INNER,0.5758391618728638,0.38410016894340515,0.6864420175552368,0.9913163185119629,0.9999996423721313
458,15267,RIGHT_EYE,0.5824410915374756,0.38419076800346375,0.686366856098175,0.9915328621864319,0.9999996423721313
458,15267,RIGHT_EYE_OUTER,0.5838175415992737,0.38444411754608154,0.6862286925315857,0.9908220171928406,0.9999995231628418
458,15267,LEFT_EAR,0.5574424266815186,0.38610970973968506,0.5610154271125793,0.9950627684593201,0.9999990463256836
458,15267,RIGHT_EAR,0.5875198841094971,0.3884502947330475,0.5584802627563477,0.9930009841918945,0.9999996423721313
458,15267,MOUTH_LEFT,0.5657583475112915,0.3993663787841797,0.66517573595047,0.9933624267578125,0.9999995231628418
458,15267,MOUTH_RIGHT,0.5694506764411926,0.3998883366584778,0.664282500743866,0.9887809157371521,0.9999997615814209
458,15267,LEFT_SHOULDER,0.5340024828910828,0.4163190424442291,0.406529039144516,0.9996911287307739,0.9999682903289795
458,15267,RIGHT_SHOULDER,0.6055039763450623,0.4470837712287903,0.38502809405326843,0.998411238193512,0.9999878406524658
458,15267,LEFT_ELBOW,0.5598081946372986,0.3951535224914551,0.11913135647773743,0.9249240756034851,0.9996064305305481
458,15267,RIGHT_ELBOW,0.6323407888412476,0.5003668069839478,0.2572227418422699,0.5363094806671143,0.9993114471435547
458,15267,LEFT_WRIST,0.6068528294563293,0.3569454252719879,-0.10361999273300171,0.893378734588623,0.9984832406044006
458,15267,RIGHT_WRIST,0.579105019569397,0.5297244787216187,0.17998115718364716,0.5626712441444397,0.9993264675140381
458,15267,LEFT_PINKY,0.611557126045227,0.3474119305610657,-0.14454658329486847,0.8655688762664795,0.9981067180633545
458,15267,RIGHT_PINKY,0.572367250919342,0.5368659496307373,0.17228800058364868,0.5366076231002808,0.9993271827697754
458,15267,LEFT_INDEX,0.6148801445960999,0.3503185212612152,-0.12243916839361191,0.860406756401062,0.9979099631309509
458,15267,RIGHT_INDEX,0.5634065866470337,0.5350562334060669,0.16871163249015808,0.5405710339546204,0.9992079138755798
458,15267,LEFT_THUMB,0.6119782328605652,0.356151282787323,-0.10355867445468903,0.8239727020263672,0.9982572197914124
458,15267,RIGHT_THUMB,0.5628871917724609,0.5182113647460938,0.1787589192390442,0.5328428149223328,0.9993579983711243
458,15267,LEFT_HIP,0.4897030293941498,0.5609665513038635,-0.006359098479151726,0.9997336268424988,0.9999982118606567
458,15267,RIGHT_HIP,0.5594353675842285,0.5678006410598755,0.005618831142783165,0.9992902874946594,0.999997615814209
458,15267,LEFT_KNEE,0.48524877429008484,0.6521401405334473,0.1284007728099823,0.8991795182228088,0.999226450920105
458,15267,RIGHT_KNEE,0.5283126831054688,0.6586647629737854,0.0724402368068695,0.73199063539505,0.9997511506080627
458,15267,LEFT_ANKLE,0.49253273010253906,0.7332953214645386,-0.3646043539047241,0.9098852872848511,0.9998688697814941
458,15267,RIGHT_ANKLE,0.5258672833442688,0.741909384727478,-0.5095093846321106,0.7840724587440491,0.9999668598175049
458,15267,LEFT_HEEL,0.49840179085731506,0.7459211945533752,-0.4306914210319519,0.9446122050285339,0.999869704246521
458,15267,RIGHT_HEEL,0.5243262052536011,0.7645736336708069,-0.5743780732154846,0.8142027258872986,0.9999499320983887
458,15267,LEFT_FOOT_INDEX,0.48121505975723267,0.7505383491516113,-0.5252558588981628,0.8986304998397827,0.9999078512191772
458,15267,RIGHT_FOOT_INDEX,0.5189792513847351,0.7673799991607666,-0.6797150373458862,0.7858255505561829,0.9999479055404663
459,15300,NOSE,0.6254645586013794,0.39518439769744873,0.769076406955719,0.9907518029212952,0.9999979734420776
459,15300,LEFT_EYE_INNER,0.6264756917953491,0.38664090633392334,0.7386475205421448,0.9920946955680847,0.9999979734420776
459,15300,LEFT_EYE,0.6236371994018555,0.384880006313324,0.7386516332626343,0.9944234490394592,0.9999979734420776
459,15300,LEFT_EYE_OUTER,0.620379626750946,0.38225528597831726,0.7386555075645447,0.9932920336723328,0.9999972581863403
459,15300,RIGHT_EYE_INNER,0.6331806778907776,0.38924285769462585,0.739777684211731,0.9896791577339172,0.9999972581863403
459,15300,RIGHT_EYE,0.6353966593742371,0.3899348974227905,0.7398077249526978,0.990419864654541,0.9999964237213135
459,15300,RIGHT_EYE_OUTER,0.637052595615387,0.3906472325325012,0.7398173213005066,0.9898698925971985,0.9999943971633911
459,15300,LEFT_EAR,0.6093421578407288,0.3844459354877472,0.5687292814254761,0.9946826696395874,0.9999983310699463
459,15300,RIGHT_EAR,0.6346864700317383,0.39595580101013184,0.5798280835151672,0.992581307888031,0.999994158744812
459,15300,MOUTH_LEFT,0.6161990761756897,0.3993660509586334,0.7099140882492065,0.9911185503005981,0.9999985694885254
459,15300,MOUTH_RIGHT,0.6222016215324402,0.40400588512420654,0.7122473120689392,0.9861430525779724,0.999997615814209
459,15300,LEFT_SHOULDER,0.529757559299469,0.4083223044872284,0.36397555470466614,0.9996737837791443,0.9999856948852539
459,15300,RIGHT_SHOULDER,0.6262181401252747,0.4568632245063782,0.4338177740573883,0.9984749555587769,0.9998984336853027
459,15300,LEFT_ELBOW,0.474688321352005,0.3544238805770874,0.27827152609825134,0.93027663230896,0.9996008276939392
459,15300,RIGHT_ELBOW,0.6436845064163208,0.5137519240379333,0.3864063024520874,0.5375280976295471,0.9970755577087402
459,15300,LEFT_WRIST,0.49775177240371704,0.3565732538700104,0.3840898275375366,0.8613907098770142,0.9984411597251892
459,15300,RIGHT_WRIST,0.6034757494926453,0.5286099910736084,0.39378637075424194,0.5198603868484497,0.9974979758262634
459,15300,LEFT_PINKY,0.5002873539924622,0.3500273823738098,0.3756493628025055,0.8164225816726685,0.9980970025062561
459,15300,RIGHT_PINKY,0.594043493270874,0.5438969135284424,0.39033374190330505,0.4965933561325073,0.9978311657905579
459,15300,LEFT_INDEX,0.511512279510498,0.36372795701026917,0.38681334257125854,0.8117024302482605,0.9979134202003479
459,15300,RIGHT_INDEX,0.5894264578819275,0.5425355434417725,0.39681708812713623,0.5004910230636597,0.9976430535316467
459,15300,LEFT_THUMB,0.51083904504776,0.3645718991756439,0.38809093832969666,0.7793041467666626,0.9982911944389343
459,15300,RIGHT_THUMB,0.5886781215667725,0.5378206372261047,0.3982950448989868,0.4948844313621521,0.9978426694869995
459,15300,LEFT_HIP,0.4853077232837677,0.5599576234817505,-0.05809914693236351,0.9997566342353821,0.9999945163726807
459,15300,RIGHT_HIP,0.558945894241333,0.5660205483436584,0.05785316228866577,0.9993505477905273,0.9999847412109375
459,15300,LEFT_KNEE,0.4722590744495392,0.6548632383346558,0.0043093496933579445,0.9057875275611877,0.9986988306045532
459,15300,RIGHT_KNEE,0.5361456274986267,0.6528858542442322,0.21272945404052734,0.7380988597869873,0.9980676770210266
459,15300,LEFT_ANKLE,0.5003766417503357,0.7381401658058167,-0.348850816488266,0.9129126071929932,0.9985221028327942
459,15300,RIGHT_ANKLE,0.5229913592338562,0.7414603233337402,-0.12874454259872437,0.7837746739387512,0.9991949200630188
459,15300,LEFT_HEEL,0.5227217078208923,0.7618571519851685,-0.3907626271247864,0.9493172764778137,0.9982214570045471
459,15300,RIGHT_HEEL,0.5366920232772827,0.7612013220787048,-0.16510514914989471,0.8261862397193909,0.9989670515060425
459,15300,LEFT_FOOT_INDEX,0.49251487851142883,0.7755491733551025,-0.44487321376800537,0.8979738354682922,0.9976188540458679
459,15300,RIGHT_FOOT_INDEX,0.5176681280136108,0.7631515264511108,-0.2187761813402176,0.7854335308074951,0.9988239407539368
460,15333,NOSE,0.6481471657752991,0.4116487503051758,0.6306620836257935,0.9906904101371765,0.9999940395355225
460,15333,LEFT_EYE_INNER,0.6503905057907104,0.4037100672721863,0.6064661741256714,0.9919054508209229,0.999992847442627
460,15333,LEFT_EYE,0.6477026343345642,0.4015450179576874,0.6064505577087402,0.9942052960395813,0.9999927282333374
460,15333,LEFT_EYE_OUTER,0.644500732421875,0.3991391956806183,0.6065474152565002,0.992926836013794,0.9999908208847046
460,15333,RIGHT_EYE_INNER,0.6573489904403687,0.4085874557495117,0.612827479839325,0.9896628260612488,0.999992847442627
460,15333,RIGHT_EYE,0.6594445109367371,0.40996381640434265,0.6127830147743225,0.9904974699020386,0.9999916553497314
460,15333,RIGHT_EYE_OUTER,0.6612244844436646,0.41106992959976196,0.6127644181251526,0.9899306297302246,0.9999889135360718
460,15333,LEFT_EAR,0.6343175172805786,0.39782455563545227,0.4608103334903717,0.9942648410797119,0.9999938011169434
460,15333,RIGHT_EAR,0.6573235988616943,0.4149940311908722,0.49326348304748535,0.992728054523468,0.9999914169311523
460,15333,MOUTH_LEFT,0.6374799013137817,0.4120703339576721,0.5795953869819641,0.9896425604820251,0.9999932050704956
460,15333,MOUTH_RIGHT,0.6445969343185425,0.4181850850582123,0.5883033275604248,0.9853934645652771,0.9999914169311523
460,15333,LEFT_SHOULDER,0.5383573770523071,0.40708354115486145,0.279754102230072,0.9996880888938904,0.9999898672103882
460,15333,RIGHT_SHOULDER,0.6343360543251038,0.4656243622303009,0.4115506112575531,0.9985917806625366,0.9999096393585205
460,15333,LEFT_ELBOW,0.4776693880558014,0.35161298513412476,0.18448951840400696,0.9371805787086487,0.999934196472168
460,15333,RIGHT_ELBOW,0.6452930569648743,0.5478280186653137,0.49999532103538513,0.5213319659233093,0.9983239769935608
460,15333,LEFT_WRIST,0.43257376551628113,0.2897520959377289,0.23274679481983185,0.8750925660133362,0.9992830157279968
460,15333,RIGHT_WRIST,0.614434003829956,0.5353739857673645,0.6768315434455872,0.49083682894706726,0.9985982775688171
460,15333,LEFT_PINKY,0.4145983159542084,0.2711522579193115,0.21764780580997467,0.8342684507369995,0.9986274242401123
460,15333,RIGHT_PINKY,0.6063008904457092,0.5407615900039673,0.7088111042976379,0.47047901153564453,0.9987240433692932
460,15333,LEFT_INDEX,0.4232620894908905,0.26978373527526855,0.24375414848327637,0.8299763202667236,0.9982520937919617
460,15333,RIGHT_INDEX,0.5988931655883789,0.5372236967086792,0.7025067806243896,0.4736637771129608,0.998512327671051
460,15333,LEFT_THUMB,0.4299197196960449,0.27573147416114807,0.2441912144422531,0.800146222114563,0.9987989664077759
460,15333,RIGHT_THUMB,0.6000033020973206,0.5350208878517151,0.6807743906974792,0.46890348196029663,0.9988681077957153
460,15333,LEFT_HIP,0.48369359970092773,0.5523624420166016,-0.05617228522896767,0.9997786283493042,0.9999943971633911
460,15333,RIGHT_HIP,0.5544299483299255,0.5660040974617004,0.05559556558728218,0.9994091987609863,0.9999827146530151
460,15333,LEFT_KNEE,0.46338897943496704,0.651920735836029,0.008433719165623188,0.9069690108299255,0.9996389150619507
460,15333,RIGHT_KNEE,0.538290798664093,0.6505608558654785,0.1886257827281952,0.7362932562828064,0.9992170333862305
460,15333,LEFT_ANKLE,0.5006737112998962,0.7308043837547302,-0.3778570592403412,0.912520706653595,0.9998468160629272
460,15333,RIGHT_ANKLE,0.5222455263137817,0.7356123924255371,-0.18890349566936493,0.782074511051178,0.9998412132263184
460,15333,LEFT_HEEL,0.5215129256248474,0.7549029588699341,-0.42095619440078735,0.9529775381088257,0.9998378753662109
460,15333,RIGHT_HEEL,0.531527042388916,0.7479198575019836,-0.22922652959823608,0.8355781435966492,0.9998238682746887
460,15333,LEFT_FOOT_INDEX,0.5067832469940186,0.7709985375404358,-0.49319711327552795,0.9016280770301819,0.999679684638977
460,15333,RIGHT_FOOT_INDEX,0.5190108418464661,0.7615571022033691,-0.29377129673957825,0.7934162616729736,0.9997270703315735
461,15367,NOSE,0.6603824496269226,0.4307580292224884,0.5857457518577576,0.9912163019180298,0.9999936819076538
461,15367,LEFT_EYE_INNER,0.6626866459846497,0.4230000972747803,0.5608944892883301,0.9923881888389587,0.9999934434890747
461,15367,LEFT_EYE,0.660307765007019,0.4202992916107178,0.5609098076820374,0.99449223279953,0.9999938011169434
461,15367,LEFT_EYE_OUTER,0.6574970483779907,0.41788679361343384,0.5609214305877686,0.9933393597602844,0.999992847442627
461,15367,RIGHT_EYE_INNER,0.6691030263900757,0.42763176560401917,0.5561248064041138,0.9902036190032959,0.9999924898147583
461,15367,RIGHT_EYE,0.6709657311439514,0.4284383952617645,0.5561040043830872,0.9909665584564209,0.9999909400939941
461,15367,RIGHT_EYE_OUTER,0.6726399660110474,0.4291042387485504,0.5561314225196838,0.990541934967041,0.9999884366989136
461,15367,LEFT_EAR,0.6477429866790771,0.41282522678375244,0.41692519187927246,0.9946631193161011,0.999996542930603
461,15367,RIGHT_EAR,0.6670025587081909,0.42915037274360657,0.40118035674095154,0.9930024147033691,0.9999916553497314
461,15367,MOUTH_LEFT,0.6497000455856323,0.43023526668548584,0.5363509058952332,0.9903655052185059,0.999996542930603
461,15367,MOUTH_RIGHT,0.6562503576278687,0.4363376200199127,0.5303648114204407,0.9863607883453369,0.9999946355819702
461,15367,LEFT_SHOULDER,0.5455027222633362,0.4065716862678528,0.2659289836883545,0.9997093677520752,0.9999939203262329
461,15367,RIGHT_SHOULDER,0.6441232562065125,0.4671860337257385,0.31176289916038513,0.9987221956253052,0.9999653100967407
461,15367,LEFT_ELBOW,0.5034074783325195,0.369220495223999,0.37929219007492065,0.9260425567626953,0.9997749924659729
461,15367,RIGHT_ELBOW,0.6418671607971191,0.5337265729904175,0.378606915473938,0.5537639260292053,0.9997792840003967
461,15367,LEFT_WRIST,0.4625275135040283,0.38501235842704773,0.6309414505958557,0.8054378628730774,0.9995658993721008
461,15367,RIGHT_WRIST,0.6383943557739258,0.5206518173217773,0.5326076149940491,0.483416885137558,0.9997097849845886
461,15367,LEFT_PINKY,0.495532751083374,0.3857264816761017,0.6648793816566467,0.7630317211151123,0.9992808699607849
461,15367,RIGHT_PINKY,0.6402674913406372,0.5272846221923828,0.567878007888794,0.4650430381298065,0.9995248317718506
461,15367,LEFT_INDEX,0.5276601910591125,0.3942643404006958,0.670934796333313,0.7594709396362305,0.9993281364440918
461,15367,RIGHT_INDEX,0.6345136165618896,0.5294560194015503,0.5739342570304871,0.4687802195549011,0.9995249509811401
461,15367,LEFT_THUMB,0.5260610580444336,0.39585456252098083,0.6407591104507446,0.734184741973877,0.9995573163032532
461,15367,RIGHT_THUMB,0.6311853528022766,0.5240550637245178,0.5426780581474304,0.46287232637405396,0.9996906518936157
461,15367,LEFT_HIP,0.47956302762031555,0.5386093854904175,-0.048005834221839905,0.9997971653938293,0.9999966621398926
461,15367,RIGHT_HIP,0.5516393184661865,0.5625767111778259,0.047480110079050064,0.9994629621505737,0.9999912977218628
461,15367,LEFT_KNEE,0.4517817795276642,0.6478052139282227,-0.016069136559963226,0.9137024283409119,0.999674916267395
461,15367,RIGHT_KNEE,0.5326914191246033,0.6499029397964478,0.15549971163272858,0.7464485168457031,0.999569833278656
461,15367,LEFT_ANKLE,0.5003929138183594,0.7278534173965454,-0.41151219606399536,0.9183399081230164,0.9996432065963745
461,15367,RIGHT_ANKLE,0.5230416059494019,0.7307238578796387,-0.2493070513010025,0.7956258058547974,0.999744713306427
461,15367,LEFT_HEEL,0.5140548944473267,0.7436525821685791,-0.4530878961086273,0.956936240196228,0.9995809197425842
461,15367,RIGHT_HEEL,0.5337018370628357,0.743782639503479,-0.28705206513404846,0.848511278629303,0.9996805191040039
461,15367,LEFT_FOOT_INDEX,0.5099555253982544,0.7669581770896912,-0.5002065300941467,0.9054957032203674,0.9988541603088379
461,15367,RIGHT_FOOT_INDEX,0.5232354402542114,0.7611527442932129,-0.3217727243900299,0.8043792247772217,0.9991968274116516
462,15400,NOSE,0.6617251634597778,0.4281144142150879,0.4502423107624054,0.9920462965965271,0.9999784231185913
462,15400,LEFT_EYE_INNER,0.6639397740364075,0.4204920828342438,0.4301688075065613,0.993115246295929,0.9999651908874512
462,15400,LEFT_EYE,0.6613518595695496,0.4180152714252472,0.4301699697971344,0.9950037002563477,0.9999599456787109
462,15400,LEFT_EYE_OUTER,0.6591035723686218,0.4158360958099365,0.4301202893257141,0.9939678311347961,0.9999494552612305
462,15400,RIGHT_EYE_INNER,0.6699972152709961,0.4246077835559845,0.42179253697395325,0.9911413192749023,0.9999743700027466
462,15400,RIGHT_EYE,0.671970784664154,0.425437867641449,0.4217280447483063,0.9918230175971985,0.9999725818634033
462,15400,RIGHT_EYE_OUTER,0.6738318800926208,0.42607882618904114,0.4217076301574707,0.9914537072181702,0.9999700784683228
462,15400,LEFT_EAR,0.6518376469612122,0.4107634127140045,0.3234666585922241,0.9951557517051697,0.9999563694000244
462,15400,RIGHT_EAR,0.6711186170578003,0.42619046568870544,0.31576916575431824,0.9936733841896057,0.9999785423278809
462,15400,MOUTH_LEFT,0.6512901186943054,0.427591472864151,0.41603949666023254,0.9912871718406677,0.9999620914459229
462,15400,MOUTH_RIGHT,0.6580353379249573,0.43284472823143005,0.4052022397518158,0.987673819065094,0.9999722242355347
462,15400,LEFT_SHOULDER,0.5585446357727051,0.40688356757164,0.24133746325969696,0.9997206330299377,0.999858021736145
462,15400,RIGHT_SHOULDER,0.656014084815979,0.4584673047065735,0.18602579832077026,0.9988458752632141,0.9999488592147827
462,15400,LEFT_ELBOW,0.5107516646385193,0.45138734579086304,0.27824869751930237,0.8733952045440674,0.9986005425453186
462,15400,RIGHT_ELBOW,0.6454123258590698,0.5313183665275574,0.27944251894950867,0.587602972984314,0.9998314380645752
462,15400,LEFT_WRIST,0.49906519055366516,0.5029336810112,0.3685707449913025,0.7326339483261108,0.998521625995636
462,15400,RIGHT_WRIST,0.6438981294631958,0.5189200043678284,0.5016068816184998,0.48215603828430176,0.9998267292976379
462,15400,LEFT_PINKY,0.5144121646881104,0.5117278099060059,0.38353797793388367,0.6935903429985046,0.9981592297554016
462,15400,RIGHT_PINKY,0.6510127186775208,0.5231133103370667,0.5350298881530762,0.4638412594795227,0.9996929168701172
462,15400,LEFT_INDEX,0.5312539935112,0.511207103729248,0.3881908655166626,0.6904718279838562,0.9982632994651794
462,15400,RIGHT_INDEX,0.6476998925209045,0.5214830040931702,0.5375843644142151,0.4667975604534149,0.999703586101532
462,15400,LEFT_THUMB,0.5288552641868591,0.5091654658317566,0.3719714283943176,0.6684994101524353,0.9985424280166626
462,15400,RIGHT_THUMB,0.641954779624939,0.5168228149414062,0.5101560950279236,0.46002912521362305,0.99980229139328
462,15400,LEFT_HIP,0.47511303424835205,0.5242936611175537,-0.0062100328505039215,0.9998100996017456,0.9999485015869141
462,15400,RIGHT_HIP,0.5502710342407227,0.5459505915641785,0.00593669293448329,0.9995081424713135,0.9999505281448364
462,15400,LEFT_KNEE,0.44670164585113525,0.6304948329925537,0.03166193142533302,0.9201761484146118,0.9995173215866089
462,15400,RIGHT_KNEE,0.5301066637039185,0.6492603421211243,0.10480979084968567,0.767953634262085,0.9996656179428101
462,15400,LEFT_ANKLE,0.4896529018878937,0.7183389067649841,-0.19189268350601196,0.9243616461753845,0.9992454051971436
462,15400,RIGHT_ANKLE,0.536217212677002,0.7350878119468689,-0.1231941357254982,0.8118596076965332,0.9996424913406372
462,15400,LEFT_HEEL,0.4964020252227783,0.7386630177497864,-0.2138606309890747,0.9604933857917786,0.9990718364715576
462,15400,RIGHT_HEEL,0.5361728668212891,0.7467254400253296,-0.14835572242736816,0.8609713912010193,0.9994852542877197
462,15400,LEFT_FOOT_INDEX,0.5034328699111938,0.7555682063102722,-0.23863008618354797,0.9077724814414978,0.9978531002998352
462,15400,RIGHT_FOOT_INDEX,0.5431374311447144,0.7708465456962585,-0.2791796624660492,0.8105161190032959,0.9983445405960083
463,15433,NOSE,0.6612959504127502,0.41945016384124756,0.4989807605743408,0.9927239418029785,0.9999765157699585
463,15433,LEFT_EYE_INNER,0.6626275777816772,0.4112597703933716,0.48962870240211487,0.9937225580215454,0.9999526739120483
463,15433,LEFT_EYE,0.6597931385040283,0.40905752778053284,0.48961129784584045,0.9954016208648682,0.999944806098938
463,15433,LEFT_EYE_OUTER,0.6573991179466248,0.40714284777641296,0.489498108625412,0.9944679141044617,0.9999270439147949
463,15433,RIGHT_EYE_INNER,0.6695657968521118,0.41587284207344055,0.47945064306259155,0.9919490218162537,0.9999665021896362
463,15433,RIGHT_EYE,0.6717199087142944,0.4168764352798462,0.47943830490112305,0.9925472140312195,0.9999628067016602
463,15433,RIGHT_EYE_OUTER,0.6741775274276733,0.41797009110450745,0.4793822765350342,0.9922411441802979,0.9999589920043945
463,15433,LEFT_EAR,0.650197446346283,0.4048294126987457,0.4152921140193939,0.9955700635910034,0.9999408721923828
463,15433,RIGHT_EAR,0.6717512607574463,0.4189443290233612,0.37185052037239075,0.9942615032196045,0.9999710321426392
463,15433,MOUTH_LEFT,0.6516465544700623,0.42094165086746216,0.47262072563171387,0.9920938611030579,0.9999490976333618
463,15433,MOUTH_RIGHT,0.6586278080940247,0.4258831739425659,0.4591144025325775,0.9888375997543335,0.9999606609344482
463,15433,LEFT_SHOULDER,0.578620433807373,0.4108518362045288,0.3253484070301056,0.9997143149375916,0.9997816681861877
463,15433,RIGHT_SHOULDER,0.6542445421218872,0.4532319903373718,0.23201748728752136,0.9989482164382935,0.9998307228088379
463,15433,LEFT_ELBOW,0.6000787615776062,0.4792809784412384,0.2402835637331009,0.7917064428329468,0.996986448764801
463,15433,RIGHT_ELBOW,0.631415605545044,0.5234920382499695,0.15582776069641113,0.5662744045257568,0.9988884329795837
463,15433,LEFT_WRIST,0.6391533017158508,0.5309315323829651,0.15253809094429016,0.6748831272125244,0.9884711503982544
463,15433,RIGHT_WRIST,0.6355517506599426,0.527326762676239,0.14575836062431335,0.45233339071273804,0.995821475982666
463,15433,LEFT_PINKY,0.6488292217254639,0.5406206250190735,0.1381559818983078,0.6435561776161194,0.9873807430267334
463,15433,RIGHT_PINKY,0.6400727033615112,0.5348606705665588,0.1380145102739334,0.43951237201690674,0.9943702816963196
463,15433,LEFT_INDEX,0.6579867005348206,0.5425484776496887,0.1423802673816681,0.6413469314575195,0.9870190620422363
463,15433,RIGHT_INDEX,0.6401839256286621,0.5324859023094177,0.146501824259758,0.441328227519989,0.9938215017318726
463,15433,LEFT_THUMB,0.6593014001846313,0.5402297973632812,0.15033958852291107,0.6219244003295898,0.9891539216041565
463,15433,RIGHT_THUMB,0.6359712481498718,0.5278077125549316,0.14808613061904907,0.43663522601127625,0.9951865077018738
463,15433,LEFT_HIP,0.47839075326919556,0.5023645758628845,0.0017993120709434152,0.9998167753219604,0.9999469518661499
463,15433,RIGHT_HIP,0.5494394898414612,0.5241435170173645,-0.002138374373316765,0.9995412826538086,0.9999234676361084
463,15433,LEFT_KNEE,0.44081148505210876,0.6043629050254822,-0.0012370090698823333,0.922716498374939,0.9979304075241089
463,15433,RIGHT_KNEE,0.5282267332077026,0.6451435685157776,0.014429260045289993,0.7740470170974731,0.9987362027168274
463,15433,LEFT_ANKLE,0.47533276677131653,0.6920157670974731,-0.19242380559444427,0.9262376427650452,0.9984024167060852
463,15433,RIGHT_ANKLE,0.5287485718727112,0.7373098731040955,-0.17030155658721924,0.8214197754859924,0.9986706972122192
463,15433,LEFT_HEEL,0.473357230424881,0.7101552486419678,-0.21515145897865295,0.9611161947250366,0.9981890320777893
463,15433,RIGHT_HEEL,0.529136598110199,0.7490345239639282,-0.19229094684123993,0.8668850064277649,0.9979572296142578
463,15433,LEFT_FOOT_INDEX,0.49744781851768494,0.7379562854766846,-0.27704212069511414,0.9033938050270081,0.9951240420341492
463,15433,RIGHT_FOOT_INDEX,0.5455713272094727,0.7722472548484802,-0.2802276909351349,0.8060930371284485,0.994821310043335
464,15467,NOSE,0.6659332513809204,0.41317400336265564,0.5084502696990967,0.9934340119361877,0.9999910593032837
464,15467,LEFT_EYE_INNER,0.6674621105194092,0.4050743281841278,0.49324697256088257,0.9943364262580872,0.9999850988388062
464,15467,LEFT_EYE,0.6643494963645935,0.4030272364616394,0.49324190616607666,0.9958471059799194,0.9999836683273315
464,15467,LEFT_EYE_OUTER,0.661593496799469,0.40129125118255615,0.4931011497974396,0.9950041770935059,0.9999799728393555
464,15467,RIGHT_EYE_INNER,0.6757422685623169,0.4096751809120178,0.4883762300014496,0.992739200592041,0.9999879598617554
464,15467,RIGHT_EYE,0.6790651679039001,0.41133445501327515,0.4883735775947571,0.9932779669761658,0.9999866485595703
464,15467,RIGHT_EYE_OUTER,0.6817828416824341,0.41284748911857605,0.48834896087646484,0.9930040836334229,0.9999853372573853
464,15467,LEFT_EAR,0.6555197834968567,0.4000759422779083,0.4062369465827942,0.996004581451416,0.9999853372573853
464,15467,RIGHT_EAR,0.6799613237380981,0.41502803564071655,0.3847272992134094,0.9948263168334961,0.9999891519546509
464,15467,MOUTH_LEFT,0.6566221714019775,0.4156121015548706,0.4788602292537689,0.9928750991821289,0.9999810457229614
464,15467,MOUTH_RIGHT,0.6643862724304199,0.42037150263786316,0.4718441069126129,0.98994380235672,0.9999810457229614
464,15467,LEFT_SHOULDER,0.6000508069992065,0.414894163608551,0.30386292934417725,0.9997374415397644,0.9999665021896362
464,15467,RIGHT_SHOULDER,0.6502251029014587,0.45168444514274597,0.2707068920135498,0.9990441799163818,0.9999110698699951
464,15467,LEFT_ELBOW,0.6303532719612122,0.47971293330192566,0.19687293469905853,0.7363273501396179,0.9996283054351807
464,15467,RIGHT_ELBOW,0.6322722434997559,0.5166203379631042,0.1391276866197586,0.5497036576271057,0.9994768500328064
464,15467,LEFT_WRIST,0.6792259812355042,0.5231063365936279,0.09262829273939133,0.6725456714630127,0.9989444613456726
464,15467,RIGHT_WRIST,0.6493078470230103,0.5373220443725586,0.05351212993264198,0.44133898615837097,0.9988755583763123
464,15467,LEFT_PINKY,0.6902278065681458,0.5336918234825134,0.08323851972818375,0.6448554396629333,0.9984481334686279
464,15467,RIGHT_PINKY,0.6560892462730408,0.5450259447097778,0.03342529386281967,0.43598368763923645,0.9984190464019775
464,15467,LEFT_INDEX,0.6949324607849121,0.5468996167182922,0.10039926320314407,0.6432716250419617,0.998451828956604
464,15467,RIGHT_INDEX,0.6568098664283752,0.5424445867538452,0.041841454803943634,0.43623578548431396,0.9983240962028503
464,15467,LEFT_THUMB,0.6880757808685303,0.5373877882957458,0.0952104777097702,0.6234580874443054,0.9989041090011597
464,15467,RIGHT_THUMB,0.6531387567520142,0.5379642844200134,0.052701760083436966,0.43095242977142334,0.9988204836845398
464,15467,LEFT_HIP,0.4839513897895813,0.49501314759254456,-0.006714638322591782,0.9998316764831543,0.999987006187439
464,15467,RIGHT_HIP,0.547078013420105,0.5204271078109741,0.006442153826355934,0.9995816946029663,0.9999700784683228
464,15467,LEFT_KNEE,0.4426758289337158,0.5947792530059814,-0.07906917482614517,0.9282315969467163,0.9995204210281372
464,15467,RIGHT_KNEE,0.5199759602546692,0.6537353992462158,-0.024078868329524994,0.7889617681503296,0.9995379447937012
464,15467,LEFT_ANKLE,0.4741695821285248,0.6675171256065369,-0.1955454796552658,0.9303446412086487,0.9997747540473938
464,15467,RIGHT_ANKLE,0.5250365138053894,0.7541001439094543,-0.1771351844072342,0.8366872668266296,0.9995946288108826
464,15467,LEFT_HEEL,0.4725237786769867,0.6732933521270752,-0.20833778381347656,0.9628502726554871,0.9997749924659729
464,15467,RIGHT_HEEL,0.52789705991745,0.7681240439414978,-0.19556844234466553,0.8769487738609314,0.9994899034500122
464,15467,LEFT_FOOT_INDEX,0.48667213320732117,0.6977145075798035,-0.2680853307247162,0.9037141799926758,0.9993178844451904
464,15467,RIGHT_FOOT_INDEX,0.537121057510376,0.79295414686203,-0.29099318385124207,0.8147420883178711,0.9985663294792175
465,15500,NOSE,0.6759395599365234,0.410273015499115,0.5570603013038635,0.9939593076705933,0.9999744892120361
465,15500,LEFT_EYE_INNER,0.6770843863487244,0.40232083201408386,0.55283123254776,0.9948215484619141,0.9999655485153198
465,15500,LEFT_EYE,0.6743089556694031,0.4004306197166443,0.5528804659843445,0.9961803555488586,0.9999619722366333
465,15500,LEFT_EYE_OUTER,0.6711393594741821,0.39870795607566833,0.5527922511100769,0.9954140186309814,0.9999529123306274
465,15500,RIGHT_EYE_INNER,0.6852709650993347,0.4067249298095703,0.5353635549545288,0.9933838248252869,0.999972939491272
465,15500,RIGHT_EYE,0.6880781054496765,0.4082210063934326,0.5352770686149597,0.9938682317733765,0.9999727010726929
465,15500,RIGHT_EYE_OUTER,0.6906881332397461,0.4096573293209076,0.5351517796516418,0.9936402440071106,0.9999712705612183
465,15500,LEFT_EAR,0.6629612445831299,0.39790767431259155,0.49496084451675415,0.9963473677635193,0.999963641166687
465,15500,RIGHT_EAR,0.6886782050132751,0.41292622685432434,0.417163610458374,0.9952987432479858,0.9999793767929077
465,15500,MOUTH_LEFT,0.6658170223236084,0.41307708621025085,0.5364192128181458,0.9935476779937744,0.9999567270278931
465,15500,MOUTH_RIGHT,0.6743682026863098,0.41773658990859985,0.5134743452072144,0.9909113049507141,0.9999595880508423
465,15500,LEFT_SHOULDER,0.5958660840988159,0.41997256875038147,0.426839679479599,0.9996885657310486,0.9996566772460938
465,15500,RIGHT_SHOULDER,0.6614344120025635,0.4489765167236328,0.2671022415161133,0.9991165995597839,0.99980229139328
465,15500,LEFT_ELBOW,0.6084758043289185,0.48768067359924316,0.32888928055763245,0.6678887009620667,0.9962092638015747
465,15500,RIGHT_ELBOW,0.6433188915252686,0.5153159499168396,0.11872299015522003,0.5576342940330505,0.9988883137702942
465,15500,LEFT_WRIST,0.6596425175666809,0.528233528137207,0.1887235790491104,0.6306933164596558,0.9955999851226807
465,15500,RIGHT_WRIST,0.6756835579872131,0.5306767225265503,0.08632645010948181,0.43883419036865234,0.9986061453819275
465,15500,LEFT_PINKY,0.6773646473884583,0.5287551879882812,0.1631079763174057,0.6130498647689819,0.995003879070282
465,15500,RIGHT_PINKY,0.6861321330070496,0.5324726700782776,0.07071419060230255,0.43746238946914673,0.9981043338775635
465,15500,LEFT_INDEX,0.6769081354141235,0.5302494168281555,0.16746842861175537,0.61225825548172,0.9946637153625488
465,15500,RIGHT_INDEX,0.6850509643554688,0.5311641097068787,0.08370558172464371,0.4357793629169464,0.9981045722961426
465,15500,LEFT_THUMB,0.6751988530158997,0.5283493399620056,0.18277038633823395,0.5933747887611389,0.9962581396102905
465,15500,RIGHT_THUMB,0.6807833313941956,0.5287454128265381,0.08986019343137741,0.4302472770214081,0.9986439347267151
465,15500,LEFT_HIP,0.4868314862251282,0.49031347036361694,0.039504457265138626,0.999823272228241,0.9998959302902222
465,15500,RIGHT_HIP,0.5515525341033936,0.5133671760559082,-0.03958035260438919,0.9995987415313721,0.9999178647994995
465,15500,LEFT_KNEE,0.4302573800086975,0.5867784023284912,-0.12525984644889832,0.9339483380317688,0.9971098303794861
465,15500,RIGHT_KNEE,0.5218105912208557,0.6443403363227844,-0.12697647511959076,0.8068913221359253,0.9983692765235901
465,15500,LEFT_ANKLE,0.43236425518989563,0.6254274249076843,-0.19921988248825073,0.9303627610206604,0.9962965846061707
465,15500,RIGHT_ANKLE,0.523973286151886,0.7546377182006836,-0.3235326409339905,0.8510140180587769,0.992373526096344
465,15500,LEFT_HEEL,0.42700719833374023,0.6261545419692993,-0.21103201806545258,0.9608338475227356,0.9962704181671143
465,15500,RIGHT_HEEL,0.5277620553970337,0.7667666077613831,-0.3474832773208618,0.8856480121612549,0.9906685948371887
465,15500,LEFT_FOOT_INDEX,0.44268137216567993,0.6379008293151855,-0.27517208456993103,0.8937429785728455,0.9922605156898499
465,15500,RIGHT_FOOT_INDEX,0.5603825449943542,0.7864910960197449,-0.4632907807826996,0.8251185417175293,0.9831109046936035
466,15533,NOSE,0.6860547065734863,0.40912410616874695,0.5768571496009827,0.9944908022880554,0.9999817609786987
466,15533,LEFT_EYE_INNER,0.6886339783668518,0.40099865198135376,0.569508969783783,0.9952793717384338,0.9999703168869019
466,15533,LEFT_EYE,0.6860244274139404,0.39914533495903015,0.5695951581001282,0.9965096712112427,0.9999674558639526
466,15533,LEFT_EYE_OUTER,0.6831559538841248,0.3974352478981018,0.5695410966873169,0.9958053827285767,0.9999586343765259
466,15533,RIGHT_EYE_INNER,0.6966761946678162,0.405438095331192,0.554332435131073,0.9939924478530884,0.9999775886535645
466,15533,RIGHT_EYE,0.699346661567688,0.4067910611629486,0.5542778968811035,0.9944368600845337,0.9999781847000122
466,15533,RIGHT_EYE_OUTER,0.7017394304275513,0.4080522358417511,0.554131269454956,0.9942315816879272,0.9999768733978271
466,15533,LEFT_EAR,0.6758120059967041,0.39690685272216797,0.5004003047943115,0.9966714382171631,0.9999676942825317
466,15533,RIGHT_EAR,0.6983838677406311,0.41122743487358093,0.4323939383029938,0.9957420229911804,0.9999831914901733
466,15533,MOUTH_LEFT,0.6760844588279724,0.4118196666240692,0.5521110892295837,0.9941660165786743,0.9999700784683228
466,15533,MOUTH_RIGHT,0.6833399534225464,0.41655629873275757,0.5316601991653442,0.9917920231819153,0.999971866607666
466,15533,LEFT_SHOULDER,0.6002062559127808,0.42007243633270264,0.42574992775917053,0.9996221661567688,0.9996200799942017
466,15533,RIGHT_SHOULDER,0.6680094599723816,0.44548338651657104,0.2816144824028015,0.9991815090179443,0.9998564720153809
466,15533,LEFT_ELBOW,0.6132267713546753,0.4896135628223419,0.3275330662727356,0.6069571375846863,0.994686484336853
466,15533,RIGHT_ELBOW,0.6609838604927063,0.5103939771652222,0.14098459482192993,0.5658779144287109,0.9990308284759521
466,15533,LEFT_WRIST,0.6825459003448486,0.515309751033783,0.17941856384277344,0.6012803316116333,0.9967220425605774
466,15533,RIGHT_WRIST,0.6930744051933289,0.526326596736908,0.11452820152044296,0.4389325976371765,0.9988424181938171
466,15533,LEFT_PINKY,0.700023353099823,0.5189998149871826,0.15267889201641083,0.591717004776001,0.9960667490959167
466,15533,RIGHT_PINKY,0.7019185423851013,0.526124119758606,0.10466472804546356,0.44110339879989624,0.998444139957428
466,15533,LEFT_INDEX,0.701151967048645,0.5204960703849792,0.1627790778875351,0.5915409922599792,0.9958279728889465
466,15533,RIGHT_INDEX,0.702402651309967,0.5243553519248962,0.11755368113517761,0.4373096823692322,0.998450517654419
466,15533,LEFT_THUMB,0.6988207697868347,0.5199097394943237,0.17611999809741974,0.5733009576797485,0.9970353841781616
466,15533,RIGHT_THUMB,0.7006354928016663,0.5275184512138367,0.11919064074754715,0.4320761561393738,0.9988808035850525
466,15533,LEFT_HIP,0.48802924156188965,0.4893980026245117,0.02840976044535637,0.9998086094856262,0.9998750686645508
466,15533,RIGHT_HIP,0.5536877512931824,0.5077980756759644,-0.02843751199543476,0.9996187686920166,0.9999481439590454
466,15533,LEFT_KNEE,0.4135178029537201,0.5737099647521973,-0.17729444801807404,0.940175473690033,0.9971833825111389
466,15533,RIGHT_KNEE,0.5256602764129639,0.6390098333358765,-0.11712687462568283,0.8250718712806702,0.998884379863739
466,15533,LEFT_ANKLE,0.41725853085517883,0.5667771100997925,-0.18918342888355255,0.9329811930656433,0.9920729994773865
466,15533,RIGHT_ANKLE,0.5246366262435913,0.7602024078369141,-0.25013503432273865,0.8649401664733887,0.9849036931991577
466,15533,LEFT_HEEL,0.4141932427883148,0.5634242296218872,-0.19238992035388947,0.9604447484016418,0.9932611584663391
466,15533,RIGHT_HEEL,0.5315868854522705,0.7749115824699402,-0.2671922743320465,0.8946560621261597,0.9832726716995239
466,15533,LEFT_FOOT_INDEX,0.4215275049209595,0.5599337220191956,-0.23627907037734985,0.8825700879096985,0.9868996143341064
466,15533,RIGHT_FOOT_INDEX,0.5657419562339783,0.7961329817771912,-0.3689461052417755,0.8340386748313904,0.9691246151924133
467,15567,NOSE,0.6993991732597351,0.4110061228275299,0.5601041913032532,0.9950161576271057,0.9999940395355225
467,15567,LEFT_EYE_INNER,0.7019014358520508,0.4023185074329376,0.5636733174324036,0.9957303404808044,0.9999898672103882
467,15567,LEFT_EYE,0.6996281743049622,0.4005768895149231,0.5637379884719849,0.9968354105949402,0.9999885559082031
467,15567,LEFT_EYE_OUTER,0.6971888542175293,0.3988567888736725,0.5637481808662415,0.9962043166160583,0.9999847412109375
467,15567,RIGHT_EYE_INNER,0.7087678909301758,0.40612420439720154,0.5338870286941528,0.9945785403251648,0.9999921321868896
467,15567,RIGHT_EYE,0.7110351324081421,0.4070728123188019,0.5337868332862854,0.9949779510498047,0.9999920129776001
467,15567,RIGHT_EYE_OUTER,0.7131255269050598,0.4079591631889343,0.5336531400680542,0.9947963356971741,0.9999915361404419
467,15567,LEFT_EAR,0.6881800889968872,0.3965403437614441,0.5394637584686279,0.9969863891601562,0.9999833106994629
467,15567,RIGHT_EAR,0.7080239653587341,0.40975943207740784,0.4035663604736328,0.9961537718772888,0.9999904632568359
467,15567,MOUTH_LEFT,0.6883223652839661,0.4134334325790405,0.5520942211151123,0.9947373867034912,0.999984622001648
467,15567,MOUTH_RIGHT,0.6948132514953613,0.4176080822944641,0.5121524930000305,0.9926006197929382,0.9999867677688599
467,15567,LEFT_SHOULDER,0.603670060634613,0.41898679733276367,0.5134797096252441,0.9995468258857727,0.9997797608375549
467,15567,RIGHT_SHOULDER,0.6778718829154968,0.43287861347198486,0.22668786346912384,0.9992558360099792,0.9999481439590454
467,15567,LEFT_ELBOW,0.6175411343574524,0.4771696925163269,0.48547446727752686,0.5508118867874146,0.9995263814926147
467,15567,RIGHT_ELBOW,0.6804726719856262,0.4994913637638092,0.024167601019144058,0.5957820415496826,0.9999351501464844
467,15567,LEFT_WRIST,0.6763544678688049,0.5087572932243347,0.4024428129196167,0.5639796853065491,0.9996790885925293
467,15567,RIGHT_WRIST,0.7121874094009399,0.5243790149688721,-0.01875210925936699,0.46466439962387085,0.9999417066574097
467,15567,LEFT_PINKY,0.694291353225708,0.5170674920082092,0.39717698097229004,0.5646942257881165,0.9994957447052002
467,15567,RIGHT_PINKY,0.7173506021499634,0.5226156711578369,-0.03511902689933777,0.4670865535736084,0.9998952150344849
467,15567,LEFT_INDEX,0.7047110199928284,0.5192483067512512,0.3983251750469208,0.5655857920646667,0.9994930028915405
467,15567,RIGHT_INDEX,0.716752290725708,0.5220304727554321,-0.009218188002705574,0.4611263573169708,0.9998935461044312
467,15567,LEFT_THUMB,0.6989690065383911,0.5203569531440735,0.39776530861854553,0.548477292060852,0.9996752738952637
467,15567,RIGHT_THUMB,0.7151287198066711,0.5264726877212524,-0.007962479256093502,0.4532943069934845,0.9999346733093262
467,15567,LEFT_HIP,0.48904848098754883,0.4827934503555298,0.0836808905005455,0.9998157620429993,0.9999762773513794
467,15567,RIGHT_HIP,0.5559219717979431,0.5000891089439392,-0.08392550051212311,0.9996519088745117,0.9999904632568359
467,15567,LEFT_KNEE,0.41220715641975403,0.5614175200462341,-0.08581617474555969,0.9458219408988953,0.9995821118354797
467,15567,RIGHT_KNEE,0.5288819074630737,0.6345712542533875,-0.16378866136074066,0.8422648310661316,0.9998089671134949
467,15567,LEFT_ANKLE,0.39051228761672974,0.5299140810966492,-0.16044464707374573,0.9383570551872253,0.9996720552444458
467,15567,RIGHT_ANKLE,0.5230813026428223,0.759717583656311,-0.3476910889148712,0.8782947063446045,0.9991039633750916
467,15567,LEFT_HEEL,0.36747920513153076,0.5209162831306458,-0.17073433101177216,0.9637042880058289,0.9996579885482788
467,15567,RIGHT_HEEL,0.5291246175765991,0.7746478915214539,-0.36882954835891724,0.9049707651138306,0.9989649057388306
467,15567,LEFT_FOOT_INDEX,0.343874454498291,0.5171340703964233,-0.22847068309783936,0.884768009185791,0.9990339279174805
467,15567,RIGHT_FOOT_INDEX,0.5616282224655151,0.7976043820381165,-0.48603716492652893,0.8490687608718872,0.9971392154693604
468,15600,NOSE,0.7067686915397644,0.409105122089386,0.5658446550369263,0.995507001876831,0.9999932050704956
468,15600,LEFT_EYE_INNER,0.7105995416641235,0.3987444043159485,0.5741921067237854,0.9961521625518799,0.9999881982803345
468,15600,LEFT_EYE,0.7082559466362,0.3968861699104309,0.5742912292480469,0.9971462488174438,0.9999874830245972
468,15600,LEFT_EYE_OUTER,0.705565333366394,0.39471644163131714,0.5742980241775513,0.9965794682502747,0.9999840259552002
468,15600,RIGHT_EYE_INNER,0.7169222235679626,0.40157046914100647,0.5370804071426392,0.9951169490814209,0.9999889135360718
468,15600,RIGHT_EYE,0.7192177772521973,0.4023161232471466,0.5369640588760376,0.9954761266708374,0.9999879598617554
468,15600,RIGHT_EYE_OUTER,0.7211297154426575,0.4026608169078827,0.5368374586105347,0.9953136444091797,0.9999866485595703
468,15600,LEFT_EAR,0.6956981420516968,0.39144137501716614,0.5699841380119324,0.9972841739654541,0.999984622001648
468,15600,RIGHT_EAR,0.714368462562561,0.4019162952899933,0.3997159004211426,0.9965342879295349,0.999984860420227
468,15600,MOUTH_LEFT,0.6946443915367126,0.4113691747188568,0.565246045589447,0.9952600002288818,0.999985933303833
468,15600,MOUTH_RIGHT,0.7003453969955444,0.4151228368282318,0.5154282450675964,0.9933360815048218,0.999984860420227
468,15600,LEFT_SHOULDER,0.6106442213058472,0.41294410824775696,0.5479156970977783,0.9995447993278503,0.9998695850372314
468,15600,RIGHT_SHOULDER,0.6817090511322021,0.4191185235977173,0.21449783444404602,0.9993243217468262,0.9999662637710571
468,15600,LEFT_ELBOW,0.6073952317237854,0.47468969225883484,0.5250512361526489,0.5002654194831848,0.9995044469833374
468,15600,RIGHT_ELBOW,0.6926283836364746,0.47624579071998596,-0.01912928931415081,0.6299431324005127,0.9999638795852661
468,15600,LEFT_WRIST,0.6587905883789062,0.5241509675979614,0.43682044744491577,0.5239541530609131,0.9995402097702026
468,15600,RIGHT_WRIST,0.7176192402839661,0.5147184133529663,-0.11178826540708542,0.5064870715141296,0.9999686479568481
468,15600,LEFT_PINKY,0.6883844137191772,0.534371018409729,0.4290260970592499,0.5283693075180054,0.9992109537124634
468,15600,RIGHT_PINKY,0.7294472455978394,0.5150747895240784,-0.13961490988731384,0.5074437260627747,0.9999430179595947
468,15600,LEFT_INDEX,0.6796855330467224,0.5342513918876648,0.4204060137271881,0.529812216758728,0.9992958307266235
468,15600,RIGHT_INDEX,0.7286034822463989,0.5142933130264282,-0.10086463391780853,0.499883770942688,0.9999428987503052
468,15600,LEFT_THUMB,0.6743773818016052,0.5312233567237854,0.4269993305206299,0.5156793594360352,0.9995111227035522
468,15600,RIGHT_THUMB,0.7229843139648438,0.5172410607337952,-0.0969681367278099,0.48785504698753357,0.9999653100967407
468,15600,LEFT_HIP,0.48993128538131714,0.4796556830406189,0.09655079245567322,0.9998246431350708,0.9999738931655884
468,15600,RIGHT_HIP,0.5576082468032837,0.4962683320045471,-0.09681646525859833,0.9996837973594666,0.9999929666519165
468,15600,LEFT_KNEE,0.39695096015930176,0.5571660399436951,-0.08673635870218277,0.951117753982544,0.9996517896652222
468,15600,RIGHT_KNEE,0.5296773314476013,0.627694845199585,-0.1901257485151291,0.8578572869300842,0.9997707009315491
468,15600,LEFT_ANKLE,0.35849031805992126,0.49065902829170227,-0.020154377445578575,0.9437661170959473,0.9995038509368896
468,15600,RIGHT_ANKLE,0.5220840573310852,0.7566943168640137,-0.3319256901741028,0.8903235197067261,0.9983409643173218
468,15600,LEFT_HEEL,0.35761725902557373,0.47808846831321716,-0.010681643150746822,0.9666996598243713,0.9995173215866089
468,15600,RIGHT_HEEL,0.5281550884246826,0.7716074585914612,-0.24675270915031433,0.914097785949707,0.9984639883041382
468,15600,LEFT_FOOT_INDEX,0.3023798167705536,0.4805481433868408,-0.07339179515838623,0.8843957185745239,0.9986867308616638
468,15600,RIGHT_FOOT_INDEX,0.5580466985702515,0.796546459197998,-0.3915967643260956,0.8613232374191284,0.9956128597259521
469,15633,NOSE,0.7151898145675659,0.38855093717575073,0.5344738364219666,0.9959530234336853,0.9999966621398926
469,15633,LEFT_EYE_INNER,0.7171990871429443,0.37941938638687134,0.5455933809280396,0.996533989906311,0.999992847442627
469,15633,LEFT_EYE,0.714275598526001,0.3775443732738495,0.5457386374473572,0.9974286556243896,0.9999924898147583
469,15633,LEFT_EYE_OUTER,0.7110262513160706,0.37544184923171997,0.5457805395126343,0.9969188570976257,0.9999908208847046
469,15633,RIGHT_EYE_INNER,0.7256411910057068,0.3828160762786865,0.508194088935852,0.9956030249595642,0.9999927282333374
469,15633,RIGHT_EYE,0.7281204462051392,0.38346952199935913,0.5080717206001282,0.9959264397621155,0.9999916553497314
469,15633,RIGHT_EYE_OUTER,0.7303153872489929,0.3840469419956207,0.5079219341278076,0.9957806468009949,0.9999905824661255
469,15633,LEFT_EAR,0.7002099752426147,0.3739805519580841,0.5526156425476074,0.9975534677505493,0.9999920129776001
469,15633,RIGHT_EAR,0.722947895526886,0.3853556513786316,0.3824862539768219,0.9968788623809814,0.9999892711639404
469,15633,MOUTH_LEFT,0.7036850452423096,0.3895714581012726,0.5355976819992065,0.9957316517829895,0.9999932050704956
469,15633,MOUTH_RIGHT,0.7104103565216064,0.3943718671798706,0.4857296645641327,0.9939994812011719,0.9999911785125732
469,15633,LEFT_SHOULDER,0.6139616966247559,0.3989759683609009,0.536344587802887,0.9995748996734619,0.9999741315841675
469,15633,RIGHT_SHOULDER,0.6935968995094299,0.4098345637321472,0.17678120732307434,0.9993879199028015,0.9999856948852539
469,15633,LEFT_ELBOW,0.6048802137374878,0.4759136438369751,0.5155141949653625,0.47688424587249756,0.9999266862869263
469,15633,RIGHT_ELBOW,0.6914706826210022,0.45600640773773193,-0.09633835405111313,0.6640217304229736,0.9999873638153076
469,15633,LEFT_WRIST,0.6261101365089417,0.5536870956420898,0.448251873254776,0.5233595371246338,0.9998946189880371
469,15633,RIGHT_WRIST,0.7299169898033142,0.5077188014984131,-0.2276073396205902,0.5526453852653503,0.9999911785125732
469,15633,LEFT_PINKY,0.6353764533996582,0.5675978660583496,0.44768545031547546,0.5177068114280701,0.9997392296791077
469,15633,RIGHT_PINKY,0.7417460083961487,0.5113921165466309,-0.2634861469268799,0.5522021651268005,0.9999828338623047
469,15633,LEFT_INDEX,0.63709557056427,0.571475088596344,0.4323514401912689,0.5201690793037415,0.9997456669807434
469,15633,RIGHT_INDEX,0.7399336099624634,0.5104765295982361,-0.2103813886642456,0.5442900061607361,0.9999823570251465
469,15633,LEFT_THUMB,0.6351872086524963,0.5663225054740906,0.43555840849876404,0.5113305449485779,0.9998416900634766
469,15633,RIGHT_THUMB,0.7352010011672974,0.5122649669647217,-0.20863378047943115,0.5302662253379822,0.9999899864196777
469,15633,LEFT_HIP,0.5005780458450317,0.4728024899959564,0.10673069208860397,0.9998332262039185,0.9999876022338867
469,15633,RIGHT_HIP,0.5656567811965942,0.490591824054718,-0.1072356104850769,0.9997135400772095,0.9999964237213135
469,15633,LEFT_KNEE,0.3930307626724243,0.550056517124176,-0.044287025928497314,0.9556544423103333,0.9998406171798706
469,15633,RIGHT_KNEE,0.5309868454933167,0.62629234790802,-0.1989104002714157,0.8716845512390137,0.9998570680618286
469,15633,LEFT_ANKLE,0.33249005675315857,0.4743354618549347,0.059856854379177094,0.9485343098640442,0.9997032284736633
469,15633,RIGHT_ANKLE,0.5214366912841797,0.7554817795753479,-0.17938993871212006,0.9011659622192383,0.99916672706604
469,15633,LEFT_HEEL,0.3366886079311371,0.4588470458984375,0.07168413698673248,0.9690225124359131,0.9997275471687317
469,15633,RIGHT_HEEL,0.518105685710907,0.7702940106391907,-0.1571110635995865,0.9222701191902161,0.9992504715919495
469,15633,LEFT_FOOT_INDEX,0.2706114649772644,0.4616226851940155,0.0032735727727413177,0.8869020938873291,0.9992445707321167
469,15633,RIGHT_FOOT_INDEX,0.5529622435569763,0.792522668838501,-0.2894130349159241,0.8735369443893433,0.9982267022132874
470,15667,NOSE,0.7216057181358337,0.3726021945476532,0.46730664372444153,0.9963560700416565,0.9999984502792358
470,15667,LEFT_EYE_INNER,0.7215071320533752,0.36384832859039307,0.47827044129371643,0.9968793988227844,0.9999961853027344
470,15667,LEFT_EYE,0.7185143828392029,0.3620500862598419,0.4784393906593323,0.9976840615272522,0.9999960660934448
470,15667,LEFT_EYE_OUTER,0.715467631816864,0.3603489100933075,0.4785327613353729,0.9972259998321533,0.9999949932098389
470,15667,RIGHT_EYE_INNER,0.7292078733444214,0.36762624979019165,0.43002137541770935,0.9960418343544006,0.9999963045120239
470,15667,RIGHT_EYE,0.7312391400337219,0.3683231770992279,0.42987680435180664,0.996332585811615,0.9999959468841553
470,15667,RIGHT_EYE_OUTER,0.733074963092804,0.36899232864379883,0.42966634035110474,0.996201753616333,0.999995231628418
470,15667,LEFT_EAR,0.7055616974830627,0.3594350218772888,0.47979769110679626,0.9977961182594299,0.9999946355819702
470,15667,RIGHT_EAR,0.7269632816314697,0.37021198868751526,0.278644323348999,0.9971892237663269,0.9999940395355225
470,15667,MOUTH_LEFT,0.7112100720405579,0.37429437041282654,0.4799484610557556,0.9961561560630798,0.9999942779541016
470,15667,MOUTH_RIGHT,0.7187578082084656,0.37909600138664246,0.41255179047584534,0.9945966601371765,0.999993085861206
470,15667,LEFT_SHOULDER,0.6239326000213623,0.38569384813308716,0.482123464345932,0.9995813965797424,0.9999607801437378
470,15667,RIGHT_SHOULDER,0.7066799402236938,0.4044485092163086,0.07559526711702347,0.9994441270828247,0.9999810457229614
470,15667,LEFT_ELBOW,0.6093325614929199,0.4750511944293976,0.48630794882774353,0.43415942788124084,0.999942421913147
470,15667,RIGHT_ELBOW,0.7005562782287598,0.45026785135269165,-0.0995604395866394,0.6955674886703491,0.9999856948852539
470,15667,LEFT_WRIST,0.6166992783546448,0.5298475027084351,0.42140814661979675,0.4864290952682495,0.9999091625213623
470,15667,RIGHT_WRIST,0.7394114136695862,0.502876341342926,-0.08528093993663788,0.5855494737625122,0.9999909400939941
470,15667,LEFT_PINKY,0.6208330988883972,0.5460139513015747,0.4273654818534851,0.48294776678085327,0.9997968077659607
470,15667,RIGHT_PINKY,0.7523347735404968,0.5083683729171753,-0.09930656105279922,0.5807408690452576,0.9999819993972778
470,15667,LEFT_INDEX,0.6268588304519653,0.543777585029602,0.41370612382888794,0.4860573709011078,0.9997915625572205
470,15667,RIGHT_INDEX,0.7513741254806519,0.5065743923187256,-0.05960357189178467,0.5703809857368469,0.9999792575836182
470,15667,LEFT_THUMB,0.6247285604476929,0.5406992435455322,0.41063451766967773,0.4803961217403412,0.9998631477355957
470,15667,RIGHT_THUMB,0.7468918561935425,0.5070915222167969,-0.06702658534049988,0.553034245967865,0.9999874830245972
470,15667,LEFT_HIP,0.5074081420898438,0.46847331523895264,0.11727840453386307,0.9998438358306885,0.9999979734420776
470,15667,RIGHT_HIP,0.5675479769706726,0.48863327503204346,-0.11783609539270401,0.9997402429580688,0.9999992847442627
470,15667,LEFT_KNEE,0.3931243419647217,0.537577748298645,-0.017461609095335007,0.9587364196777344,0.9999475479125977
470,15667,RIGHT_KNEE,0.5367556214332581,0.6255284547805786,-0.1739538013935089,0.8840318918228149,0.9999665021896362
470,15667,LEFT_ANKLE,0.30447107553482056,0.4613075256347656,0.0027255064342170954,0.9527912735939026,0.9998968839645386
470,15667,RIGHT_ANKLE,0.5209943056106567,0.7543314099311829,-0.17523595690727234,0.9108726978302002,0.9997571110725403
470,15667,LEFT_HEEL,0.2994668483734131,0.4493942856788635,0.005188240669667721,0.9712384939193726,0.9998733997344971
470,15667,RIGHT_HEEL,0.5104819536209106,0.7712469100952148,-0.17040348052978516,0.9295953512191772,0.9997047781944275
470,15667,LEFT_FOOT_INDEX,0.23890997469425201,0.4505642056465149,-0.07157029211521149,0.891859769821167,0.9995563626289368
470,15667,RIGHT_FOOT_INDEX,0.5601958632469177,0.7911249995231628,-0.28995281457901,0.8844376802444458,0.9988226294517517
471,15700,NOSE,0.7205629348754883,0.3587431311607361,0.5330919623374939,0.9967156052589417,0.9999954700469971
471,15700,LEFT_EYE_INNER,0.7195848822593689,0.3493393659591675,0.5290846824645996,0.9971872568130493,0.9999909400939941
471,15700,LEFT_EYE,0.7164567112922668,0.3475590944290161,0.529185950756073,0.9979098439216614,0.9999899864196777
471,15700,LEFT_EYE_OUTER,0.713336169719696,0.34592345356941223,0.5292001366615295,0.9974997639656067,0.9999873638153076
471,15700,RIGHT_EYE_INNER,0.7282893061637878,0.3533024489879608,0.4926842153072357,0.9964343905448914,0.9999924898147583
471,15700,RIGHT_EYE,0.7307710647583008,0.3540118932723999,0.49257177114486694,0.9966949820518494,0.9999924898147583
471,15700,RIGHT_EYE_OUTER,0.7330362200737,0.3547017276287079,0.49235138297080994,0.9965787529945374,0.999991774559021
471,15700,LEFT_EAR,0.7053654193878174,0.3460497558116913,0.48293930292129517,0.9980112314224243,0.9999867677688599
471,15700,RIGHT_EAR,0.7307687997817993,0.3583054840564728,0.3017313778400421,0.9974660277366638,0.9999922513961792
471,15700,MOUTH_LEFT,0.7105481028556824,0.3606484830379486,0.5206270217895508,0.9965322613716125,0.9999840259552002
471,15700,MOUTH_RIGHT,0.7199870347976685,0.3659406006336212,0.47178196907043457,0.9951296448707581,0.9999867677688599
471,15700,LEFT_SHOULDER,0.6319881677627563,0.37352892756462097,0.4931569993495941,0.9995375275611877,0.9998409748077393
471,15700,RIGHT_SHOULDER,0.7228350639343262,0.39925703406333923,0.11973029375076294,0.9994955658912659,0.9999779462814331
471,15700,LEFT_ELBOW,0.6088761687278748,0.4434243440628052,0.542565107345581,0.39179790019989014,0.9996727705001831
471,15700,RIGHT_ELBOW,0.7135429382324219,0.44683530926704407,3.4788034099619836e-05,0.7237157225608826,0.9999699592590332
471,15700,LEFT_WRIST,0.628241240978241,0.5128708481788635,0.5453938245773315,0.44153541326522827,0.9996011853218079
471,15700,RIGHT_WRIST,0.7540574669837952,0.49836018681526184,0.06518961489200592,0.6076710820198059,0.9999617338180542
471,15700,LEFT_PINKY,0.6314229965209961,0.537572979927063,0.551963746547699,0.44116491079330444,0.9993451237678528
471,15700,RIGHT_PINKY,0.7653425931930542,0.5055947303771973,0.06252569705247879,0.597662627696991,0.9999152421951294
471,15700,LEFT_INDEX,0.640093207359314,0.5299473404884338,0.5419024229049683,0.4442475438117981,0.999354898929596
471,15700,RIGHT_INDEX,0.7638608813285828,0.5038593411445618,0.09318437427282333,0.5853583812713623,0.9999115467071533
471,15700,LEFT_THUMB,0.640840470790863,0.5236249566078186,0.5369317531585693,0.43992629647254944,0.9995104074478149
471,15700,RIGHT_THUMB,0.7595677971839905,0.5028261542320251,0.08363273739814758,0.5661357045173645,0.9999455213546753
471,15700,LEFT_HIP,0.5183443427085876,0.4695926904678345,0.11076066642999649,0.9998472929000854,0.9999943971633911
471,15700,RIGHT_HIP,0.5788241624832153,0.49444541335105896,-0.11111481487751007,0.9997610449790955,0.999997615814209
471,15700,LEFT_KNEE,0.4006422460079193,0.5306224226951599,0.036787375807762146,0.9623631834983826,0.9999518394470215
471,15700,RIGHT_KNEE,0.5430516004562378,0.6262531876564026,-0.1245497539639473,0.895316481590271,0.9999604225158691
471,15700,LEFT_ANKLE,0.29585689306259155,0.4692259728908539,0.022518809884786606,0.9570597410202026,0.9998855590820312
471,15700,RIGHT_ANKLE,0.5206769704818726,0.7536764740943909,-0.13117478787899017,0.919626772403717,0.9996442794799805
471,15700,LEFT_HEEL,0.2893311083316803,0.4564231336116791,0.021068334579467773,0.9737456440925598,0.9998263716697693
471,15700,RIGHT_HEEL,0.5075600147247314,0.772479236125946,-0.13369494676589966,0.9363272190093994,0.9995338916778564
471,15700,LEFT_FOOT_INDEX,0.2281164973974228,0.4676646888256073,-0.04357507452368736,0.8950802087783813,0.9994762539863586
471,15700,RIGHT_FOOT_INDEX,0.5651062726974487,0.7905181646347046,-0.23148849606513977,0.892970860004425,0.9982441663742065
472,15733,NOSE,0.7148724794387817,0.3437421917915344,0.6027312278747559,0.9970191717147827,0.9999926090240479
472,15733,LEFT_EYE_INNER,0.7138969898223877,0.33466997742652893,0.5909702777862549,0.9974485039710999,0.9999873638153076
472,15733,LEFT_EYE,0.7109782099723816,0.33316200971603394,0.5910443663597107,0.9980937242507935,0.9999861717224121
472,15733,LEFT_EYE_OUTER,0.7079596519470215,0.3318879008293152,0.591023862361908,0.9977336525917053,0.9999825954437256
472,15733,RIGHT_EYE_INNER,0.723415195941925,0.3384411334991455,0.5648485422134399,0.996772289276123,0.9999896287918091
472,15733,RIGHT_EYE,0.7268698811531067,0.33937376737594604,0.5647463202476501,0.997002363204956,0.9999896287918091
472,15733,RIGHT_EYE_OUTER,0.7302045822143555,0.3403698205947876,0.5645307302474976,0.9969063401222229,0.9999886751174927
472,15733,LEFT_EAR,0.7020794153213501,0.33421391248703003,0.5067664980888367,0.9981900453567505,0.9999821186065674
472,15733,RIGHT_EAR,0.7324907779693604,0.34673094749450684,0.38061684370040894,0.9976986050605774,0.9999886751174927
472,15733,MOUTH_LEFT,0.7066446542739868,0.34719038009643555,0.5742172598838806,0.9968440532684326,0.9999762773513794
472,15733,MOUTH_RIGHT,0.717077374458313,0.35241883993148804,0.5396345257759094,0.9955819845199585,0.999980092048645
472,15733,LEFT_SHOULDER,0.6324038505554199,0.3665543794631958,0.5024235844612122,0.9994722008705139,0.99973064661026
472,15733,RIGHT_SHOULDER,0.7336713075637817,0.39674437046051025,0.15490572154521942,0.9995328783988953,0.999946117401123
472,15733,LEFT_ELBOW,0.6086263656616211,0.43155714869499207,0.5706517100334167,0.35332056879997253,0.9993181228637695
472,15733,RIGHT_ELBOW,0.730877697467804,0.4516030550003052,0.054002441465854645,0.7475202679634094,0.9999046325683594
472,15733,LEFT_WRIST,0.6356410384178162,0.48321789503097534,0.6239936947822571,0.4002717435359955,0.999089241027832
472,15733,RIGHT_WRIST,0.76710045337677,0.48973432183265686,0.1474519520998001,0.6243383288383484,0.999884843826294
472,15733,LEFT_PINKY,0.6375716328620911,0.49859222769737244,0.6298518180847168,0.4026966392993927,0.9986981153488159
472,15733,RIGHT_PINKY,0.7811719179153442,0.49976658821105957,0.1361967921257019,0.6106030941009521,0.9997506737709045
472,15733,LEFT_INDEX,0.6474183201789856,0.4946224093437195,0.6213133931159973,0.4056445062160492,0.9986012578010559
472,15733,RIGHT_INDEX,0.780034065246582,0.494365394115448,0.15319541096687317,0.5967493057250977,0.9997462630271912
472,15733,LEFT_THUMB,0.6499077677726746,0.49053171277046204,0.6170631647109985,0.40201082825660706,0.9989579916000366
472,15733,RIGHT_THUMB,0.7762643098831177,0.49366626143455505,0.15644150972366333,0.5765657424926758,0.9998432397842407
472,15733,LEFT_HIP,0.5290953516960144,0.47046807408332825,0.09561793506145477,0.9998414516448975,0.9999841451644897
472,15733,RIGHT_HIP,0.5866971015930176,0.498146653175354,-0.09580638259649277,0.99977046251297,0.9999901056289673
472,15733,LEFT_KNEE,0.4045015871524811,0.5240308046340942,0.011359147727489471,0.9645741581916809,0.9999524354934692
472,15733,RIGHT_KNEE,0.5463036298751831,0.6250346899032593,-0.11123114824295044,0.9047894477844238,0.9999442100524902
472,15733,LEFT_ANKLE,0.2857900857925415,0.4855603575706482,-0.022779252380132675,0.9608221054077148,0.9998799562454224
472,15733,RIGHT_ANKLE,0.5204485058784485,0.7533467411994934,-0.14100821316242218,0.927307665348053,0.9994121789932251
472,15733,LEFT_HEEL,0.2717606723308563,0.474212646484375,-0.028850756585597992,0.9756319522857666,0.9998037219047546
472,15733,RIGHT_HEEL,0.5068334341049194,0.7713767290115356,-0.14841824769973755,0.9420251250267029,0.9990930557250977
472,15733,LEFT_FOOT_INDEX,0.22247597575187683,0.4917738735675812,-0.09860200434923172,0.901796817779541,0.9993826150894165
472,15733,RIGHT_FOOT_INDEX,0.5617890954017639,0.7807314395904541,-0.2427961379289627,0.9007641077041626,0.997635006904602
473,15767,NOSE,0.7170276641845703,0.3410273790359497,0.5586776733398438,0.9973160028457642,0.9999986886978149
473,15767,LEFT_EYE_INNER,0.7159959673881531,0.332504004240036,0.5473587512969971,0.9977026581764221,0.9999979734420776
473,15767,LEFT_EYE,0.7130931615829468,0.33086612820625305,0.5474110841751099,0.9982833862304688,0.9999979734420776
473,15767,LEFT_EYE_OUTER,0.7102510333061218,0.32948043942451477,0.547390878200531,0.9979594945907593,0.999997615814209
473,15767,RIGHT_EYE_INNER,0.7254046201705933,0.33598586916923523,0.5248606204986572,0.9970938563346863,0.9999977350234985
473,15767,RIGHT_EYE,0.7288691401481628,0.3367271423339844,0.5247769355773926,0.9973007440567017,0.9999973773956299
473,15767,RIGHT_EYE_OUTER,0.7322648763656616,0.33753710985183716,0.5246060490608215,0.9972143769264221,0.9999969005584717
473,15767,LEFT_EAR,0.7044588327407837,0.3303939700126648,0.49683597683906555,0.998370349407196,0.9999982118606567
473,15767,RIGHT_EAR,0.7350375056266785,0.3424663543701172,0.37624672055244446,0.9979272484779358,0.9999970197677612
473,15767,MOUTH_LEFT,0.7089957594871521,0.34399810433387756,0.5352782011032104,0.9971573352813721,0.9999969005584717
473,15767,MOUTH_RIGHT,0.7187705636024475,0.34858840703964233,0.5050748586654663,0.9960208535194397,0.999996542930603
473,15767,LEFT_SHOULDER,0.6318783164024353,0.35980653762817383,0.4836905002593994,0.999518871307373,0.9999850988388062
473,15767,RIGHT_SHOULDER,0.7418844103813171,0.39015448093414307,0.15752902626991272,0.9995783567428589,0.9999891519546509
473,15767,LEFT_ELBOW,0.5628349184989929,0.3982039988040924,0.46542006731033325,0.363033264875412,0.9999192953109741
473,15767,RIGHT_ELBOW,0.7498846650123596,0.44474443793296814,-0.013381649740040302,0.7724100947380066,0.9999710321426392
473,15767,LEFT_WRIST,0.5519042015075684,0.4488251805305481,0.5115125179290771,0.37934911251068115,0.9998863935470581
473,15767,RIGHT_WRIST,0.7792552709579468,0.47905638813972473,-0.08235258609056473,0.6568610072135925,0.999966025352478
473,15767,LEFT_PINKY,0.5416229367256165,0.4622591733932495,0.5200814604759216,0.38267603516578674,0.9997709393501282
473,15767,RIGHT_PINKY,0.7858628034591675,0.49045529961586,-0.1099604144692421,0.6408588290214539,0.9999206066131592
473,15767,LEFT_INDEX,0.5536789298057556,0.464234858751297,0.5098724365234375,0.38475674390792847,0.9997678399085999
473,15767,RIGHT_INDEX,0.7883296012878418,0.48595115542411804,-0.0822170078754425,0.6275913119316101,0.999924898147583
473,15767,LEFT_THUMB,0.558009922504425,0.4600762128829956,0.5067986249923706,0.38234806060791016,0.9998468160629272
473,15767,RIGHT_THUMB,0.7819824814796448,0.4812720715999603,-0.07270360738039017,0.6070449948310852,0.9999510049819946
473,15767,LEFT_HIP,0.5398569107055664,0.46887990832328796,0.08551699668169022,0.9998534917831421,0.9999945163726807
473,15767,RIGHT_HIP,0.5959575772285461,0.49995291233062744,-0.08580224961042404,0.9997909665107727,0.999994158744812
473,15767,LEFT_KNEE,0.4318138062953949,0.5246227979660034,0.026100579649209976,0.9676896929740906,0.999966025352478
473,15767,RIGHT_KNEE,0.5511323809623718,0.6232075691223145,-0.11601999402046204,0.9140145778656006,0.9999682903289795
473,15767,LEFT_ANKLE,0.3014070391654968,0.5161529183387756,0.008652438409626484,0.9643235206604004,0.9999300241470337
473,15767,RIGHT_ANKLE,0.5203612446784973,0.752190351486206,-0.1723027378320694,0.9344274401664734,0.9998513460159302
473,15767,LEFT_HEEL,0.2858397364616394,0.508466362953186,0.004982656799256802,0.977634847164154,0.9998699426651001
473,15767,RIGHT_HEEL,0.5055603981018066,0.7674168944358826,-0.1796308159828186,0.9476061463356018,0.9997214674949646
473,15767,LEFT_FOOT_INDEX,0.2351233959197998,0.5230869650840759,-0.05233829468488693,0.9085405468940735,0.9996920824050903
473,15767,RIGHT_FOOT_INDEX,0.5616889595985413,0.7778554558753967,-0.2526010572910309,0.9094417691230774,0.9991901516914368
474,15800,NOSE,0.7173983454704285,0.33522748947143555,0.5882386565208435,0.9975742697715759,0.999997615814209
474,15800,LEFT_EYE_INNER,0.716529130935669,0.326301246881485,0.5607836246490479,0.9979221224784851,0.9999963045120239
474,15800,LEFT_EYE,0.7134897112846375,0.3249516785144806,0.560761570930481,0.9984460473060608,0.9999961853027344
474,15800,LEFT_EYE_OUTER,0.7105055451393127,0.3238863945007324,0.5607368350028992,0.9981546401977539,0.9999957084655762
474,15800,RIGHT_EYE_INNER,0.7258166074752808,0.3292875289916992,0.5457789897918701,0.9973726272583008,0.9999961853027344
474,15800,RIGHT_EYE,0.7290767431259155,0.3299408257007599,0.5457496643066406,0.9975594878196716,0.9999958276748657
474,15800,RIGHT_EYE_OUTER,0.7321475148200989,0.33072665333747864,0.5455582141876221,0.9974818229675293,0.999995231628418
474,15800,LEFT_EAR,0.7044092416763306,0.325814813375473,0.4597657024860382,0.9985247254371643,0.9999971389770508
474,15800,RIGHT_EAR,0.7346376776695251,0.3362124264240265,0.37348082661628723,0.99812251329422,0.9999963045120239
474,15800,MOUTH_LEFT,0.7096600532531738,0.3389223515987396,0.5503434538841248,0.997418999671936,0.999996542930603
474,15800,MOUTH_RIGHT,0.7191633582115173,0.3431065082550049,0.5303478240966797,0.9963956475257874,0.9999964237213135
474,15800,LEFT_SHOULDER,0.6330636143684387,0.3546971082687378,0.3954763114452362,0.9995617866516113,0.9999901056289673
474,15800,RIGHT_SHOULDER,0.7493589520454407,0.38601455092430115,0.1663045585155487,0.9996192455291748,0.9999924898147583
474,15800,LEFT_ELBOW,0.5560082793235779,0.37359702587127686,0.441634863615036,0.4193801283836365,0.9999181032180786
474,15800,RIGHT_ELBOW,0.7618779540061951,0.44485214352607727,0.11518227308988571,0.7948556542396545,0.9999620914459229
474,15800,LEFT_WRIST,0.5458428263664246,0.40885740518569946,0.5608195662498474,0.3786969482898712,0.9998593330383301
474,15800,RIGHT_WRIST,0.7791224718093872,0.4660836458206177,0.2088194340467453,0.6823310256004333,0.9999338388442993
474,15800,LEFT_PINKY,0.54039067029953,0.42059966921806335,0.577812671661377,0.37326908111572266,0.999755322933197
474,15800,RIGHT_PINKY,0.7841920256614685,0.47634243965148926,0.2106456309556961,0.6593510508537292,0.9998664855957031
474,15800,LEFT_INDEX,0.5479543805122375,0.4277830123901367,0.57481849193573,0.37400922179222107,0.9997608065605164
474,15800,RIGHT_INDEX,0.7840866446495056,0.47085896134376526,0.2263067215681076,0.6464806199073792,0.999874472618103
474,15800,LEFT_THUMB,0.5545803904533386,0.42209258675575256,0.562232255935669,0.370812326669693,0.9998314380645752
474,15800,RIGHT_THUMB,0.7780242562294006,0.4671347439289093,0.21933487057685852,0.6257791519165039,0.9999159574508667
474,15800,LEFT_HIP,0.5484836101531982,0.4679698944091797,0.08144846558570862,0.9998552203178406,0.9999735355377197
474,15800,RIGHT_HIP,0.6070167422294617,0.5000784993171692,-0.08181264996528625,0.9998078346252441,0.9999818801879883
474,15800,LEFT_KNEE,0.46065253019332886,0.5229560732841492,0.12443225830793381,0.9697919487953186,0.9998946189880371
474,15800,RIGHT_KNEE,0.5602501034736633,0.6199814677238464,-0.136006161570549,0.922348141670227,0.9999632835388184
474,15800,LEFT_ANKLE,0.32521095871925354,0.5400798916816711,0.1408376693725586,0.9655678868293762,0.9997549653053284
474,15800,RIGHT_ANKLE,0.5209553241729736,0.7471830248832703,-0.25520697236061096,0.9406521320343018,0.9998307228088379
474,15800,LEFT_HEEL,0.3080512285232544,0.5453398823738098,0.1405937373638153,0.9780287742614746,0.9996055960655212
474,15800,RIGHT_HEEL,0.5059852600097656,0.7623782157897949,-0.26778459548950195,0.9525396227836609,0.9996578693389893
474,15800,LEFT_FOOT_INDEX,0.25899699330329895,0.5570396184921265,0.11511620134115219,0.8989304900169373,0.9995726943016052
474,15800,RIGHT_FOOT_INDEX,0.5594828128814697,0.7713874578475952,-0.3305859863758087,0.9151163697242737,0.9992507100105286
