frame,timestamp_ms,landmark,x,y,z,visibility,presence
2551,85033,NOSE,0.7038617730140686,0.5839483737945557,-1.4956164360046387,0.8088775873184204,0.14565685391426086
2551,85033,LEFT_EYE_INNER,0.844720721244812,0.5189297199249268,-1.718724250793457,0.7649648785591125,0.1396278589963913
2551,85033,LEFT_EYE,0.8725966215133667,0.5271248817443848,-1.7183533906936646,0.7799704074859619,0.13813017308712006
2551,85033,LEFT_EYE_OUTER,0.9006240367889404,0.5356152057647705,-1.7175203561782837,0.7815932035446167,0.13143087923526764
2551,85033,RIGHT_EYE_INNER,0.8035998344421387,0.5147037506103516,-1.3567224740982056,0.7601916193962097,0.15161222219467163
2551,85033,RIGHT_EYE,0.7916463613510132,0.519934892654419,-1.354690432548523,0.7844656109809875,0.1556907445192337
2551,85033,RIGHT_EYE_OUTER,0.780206561088562,0.5250115394592285,-1.3543157577514648,0.7893033623695374,0.15605446696281433
2551,85033,LEFT_EAR,0.9656723737716675,0.6631364822387695,-2.006941318511963,0.7266331911087036,0.11081375181674957
2551,85033,RIGHT_EAR,0.7988382577896118,0.6489570140838623,-0.3983103930950165,0.7876741886138916,0.14151963591575623
2551,85033,MOUTH_LEFT,0.6798813939094543,0.7205867767333984,-1.5002177953720093,0.5730015635490417,0.05848601460456848
2551,85033,MOUTH_RIGHT,0.6068279147148132,0.7161715030670166,-1.046249508857727,0.6109949946403503,0.0641712173819542
2551,85033,LEFT_SHOULDER,1.066440463066101,1.2919862270355225,-2.8241426944732666,0.1613333523273468,0.012434338219463825
2551,85033,RIGHT_SHOULDER,0.3647727072238922,1.2656468152999878,0.918359100818634,0.1809338629245758,0.011200289241969585
2551,85033,LEFT_ELBOW,1.2858806848526,1.9363993406295776,-3.016558885574341,0.03352979198098183,0.0019223977578803897
2551,85033,RIGHT_ELBOW,0.4095692038536072,1.662418007850647,1.3881423473358154,0.0023532977793365717,0.0013347510248422623
2551,85033,LEFT_WRIST,0.7819275259971619,1.8242725133895874,-1.9849454164505005,0.029208088293671608,0.002954627852886915
2551,85033,RIGHT_WRIST,0.495496541261673,1.557960867881775,1.0944042205810547,0.0032676809933036566,0.002013977849856019
2551,85033,LEFT_PINKY,0.6666197180747986,1.8137339353561401,-2.267880439758301,0.05677660554647446,0.00722310459241271
2551,85033,RIGHT_PINKY,0.5850965976715088,1.5753432512283325,1.1185965538024902,0.008958471938967705,0.00484140170738101
2551,85033,LEFT_INDEX,0.7260401248931885,1.7044402360916138,-2.1688382625579834,0.07144986838102341,0.008452617563307285
2551,85033,RIGHT_INDEX,0.5153049826622009,1.4883953332901,0.7881317138671875,0.011970964260399342,0.005267778877168894
2551,85033,LEFT_THUMB,0.7689212560653687,1.7022260427474976,-1.9431183338165283,0.06388923525810242,0.005241048522293568
2551,85033,RIGHT_THUMB,0.42943647503852844,1.4740911722183228,0.9080342650413513,0.011693825013935566,0.003318116767331958
2551,85033,LEFT_HIP,1.1480153799057007,3.0968406200408936,-1.3073461055755615,0.00015123376215342432,7.734289283689577e-06
2551,85033,RIGHT_HIP,0.6549577713012695,3.1179144382476807,1.3245991468429565,0.0001434353762306273,5.104875071992865e-06
2551,85033,LEFT_KNEE,0.8377387523651123,2.663619041442871,-0.7071300745010376,0.010397798381745815,0.00026834080927073956
2551,85033,RIGHT_KNEE,0.27304691076278687,2.520465850830078,2.419097423553467,0.0012323239352554083,0.00020073239284101874
2551,85033,LEFT_ANKLE,0.578845202922821,3.1842663288116455,3.0657081604003906,0.002905267756432295,0.00017358899640385062
2551,85033,RIGHT_ANKLE,0.48489975929260254,3.017608642578125,5.372599124908447,0.0013381915632635355,0.00017607869813218713
2551,85033,LEFT_HEEL,0.5190896391868591,3.3214104175567627,3.3575587272644043,0.0036151630338281393,0.00021879564155824482
2551,85033,RIGHT_HEEL,0.5068345069885254,3.129772424697876,5.606255054473877,0.0014794940361753106,0.0002019678067881614
2551,85033,LEFT_FOOT_INDEX,0.5216104984283447,3.1391677856445312,2.0124917030334473,0.007462401874363422,0.0006056345300748944
2551,85033,RIGHT_FOOT_INDEX,0.4839151203632355,2.9956676959991455,4.600042343139648,0.004538879729807377,0.0005914867506362498
2584,86133,NOSE,0.533677339553833,-0.0030720680952072144,-0.7295545339584351,0.8153005838394165,0.3054462671279907
2584,86133,LEFT_EYE_INNER,0.44915497303009033,-0.02801060676574707,-0.827258288860321,0.7739744782447815,0.3163509666919708
2584,86133,LEFT_EYE,0.4444195032119751,-0.042190179228782654,-0.8279975056648254,0.7861423492431641,0.30657583475112915
2584,86133,LEFT_EYE_OUTER,0.440144807100296,-0.05634315311908722,-0.8295245170593262,0.7900927066802979,0.288894385099411
2584,86133,RIGHT_EYE_INNER,0.45850062370300293,-0.0009915083646774292,-0.6778570413589478,0.7713034749031067,0.37261396646499634
2584,86133,RIGHT_EYE,0.4610402584075928,0.005681902170181274,-0.6779875755310059,0.7919211983680725,0.40144139528274536
2584,86133,RIGHT_EYE_OUTER,0.4638245105743408,0.012580931186676025,-0.6795570850372314,0.7991190552711487,0.4307290315628052
2584,86133,LEFT_EAR,0.47401168942451477,-0.11110784858465195,-0.8605833649635315,0.7434137463569641,0.32935065031051636
2584,86133,RIGHT_EAR,0.5009568929672241,-0.017515048384666443,-0.17229457199573517,0.7984426021575928,0.5441275835037231
2584,86133,MOUTH_LEFT,0.6057131290435791,-0.04381312429904938,-0.7029329538345337,0.6049401164054871,0.42079824209213257
2584,86133,MOUTH_RIGHT,0.6180505752563477,-0.005438446998596191,-0.5074418187141418,0.6382885575294495,0.41884803771972656
2584,86133,LEFT_SHOULDER,0.8258764743804932,-0.31882184743881226,-0.9452848434448242,0.2330627739429474,0.5498718619346619
2584,86133,RIGHT_SHOULDER,0.9141534566879272,0.05356664955615997,0.3169684410095215,0.25947216153144836,0.8367317318916321
2584,86133,LEFT_ELBOW,1.2984974384307861,-0.3985062539577484,-1.0116078853607178,0.06957200914621353,0.06046813353896141
2584,86133,RIGHT_ELBOW,1.3439234495162964,0.1324387639760971,0.43998730182647705,0.02040804922580719,0.13527058064937592
2584,86133,LEFT_WRIST,1.1905912160873413,-0.17318777740001678,-0.45022109150886536,0.05557069927453995,0.12499774992465973
2584,86133,RIGHT_WRIST,1.2951781749725342,0.1512828916311264,-0.07397527247667313,0.037535328418016434,0.1426548957824707
2584,86133,LEFT_PINKY,1.1836984157562256,-0.12969425320625305,-0.46860581636428833,0.08142110705375671,0.14019398391246796
2584,86133,RIGHT_PINKY,1.304611325263977,0.17625056207180023,-0.14129632711410522,0.043442778289318085,0.1315794736146927
2584,86133,LEFT_INDEX,1.1225435733795166,-0.11874187737703323,-0.3991597592830658,0.09697965532541275,0.1770152449607849
2584,86133,RIGHT_INDEX,1.2507978677749634,0.16015876829624176,-0.1947636604309082,0.05244986340403557,0.1691945642232895
2584,86133,LEFT_THUMB,1.1315953731536865,-0.12905189394950867,-0.3982897698879242,0.09020429849624634,0.16435301303863525
2584,86133,RIGHT_THUMB,1.2497345209121704,0.14314882457256317,-0.13160142302513123,0.052487779408693314,0.1533304750919342
2584,86133,LEFT_HIP,2.043187379837036,-0.33981260657310486,-0.431514710187912,0.0017980594420805573,0.003303943434730172
2584,86133,RIGHT_HIP,2.046475648880005,-0.06697344034910202,0.4353243410587311,0.0035910801962018013,0.006377188954502344
2584,86133,LEFT_KNEE,2.9590752124786377,-0.34901392459869385,-0.1791394203901291,0.009933926165103912,0.0001850204571383074
2584,86133,RIGHT_KNEE,2.9533770084381104,-0.11359214782714844,0.6324013471603394,0.001519099809229374,0.0007239897968247533
2584,86133,LEFT_ANKLE,3.796031951904297,-0.35597553849220276,1.0142998695373535,0.0026397607289254665,6.077169928175863e-06
2584,86133,RIGHT_ANKLE,3.8006558418273926,-0.145146906375885,1.4351258277893066,0.001229338813573122,1.7904067135532387e-05
2584,86133,LEFT_HEEL,3.911438465118408,-0.3705895245075226,1.0934484004974365,0.0032709373626857996,7.614823971380247e-06
2584,86133,RIGHT_HEEL,3.9151320457458496,-0.15762047469615936,1.4878937005996704,0.0013688434846699238,1.5965066268108785e-05
2584,86133,LEFT_FOOT_INDEX,4.007267475128174,-0.3033980131149292,0.3295922577381134,0.006769510917365551,1.765017987054307e-05
2584,86133,RIGHT_FOOT_INDEX,4.036993980407715,-0.10156942158937454,0.6339775323867798,0.0041277059353888035,3.677111817523837e-05
2585,86167,NOSE,0.44322317838668823,0.16315238177776337,-0.7060295343399048,0.8086026906967163,0.17817836999893188
2585,86167,LEFT_EYE_INNER,0.2867216169834137,0.20126307010650635,-0.8204407095909119,0.7682459950447083,0.20239026844501495
2585,86167,LEFT_EYE,0.2850365936756134,0.1976734846830368,-0.8211773037910461,0.7797405123710632,0.21010224521160126
2585,86167,LEFT_EYE_OUTER,0.2835419178009033,0.16182534396648407,-0.8228076100349426,0.7864120006561279,0.2090693861246109
2585,86167,RIGHT_EYE_INNER,0.29256078600883484,0.2052948921918869,-0.6623427271842957,0.7639707326889038,0.20008055865764618
2585,86167,RIGHT_EYE,0.32228556275367737,0.19882671535015106,-0.6621472239494324,0.7794612646102905,0.2057238072156906
2585,86167,RIGHT_EYE_OUTER,0.32219719886779785,0.22541137039661407,-0.6639090180397034,0.7890923619270325,0.2182583510875702
2585,86167,LEFT_EAR,0.29507550597190857,0.12319796532392502,-0.8758425712585449,0.7543410062789917,0.24572300910949707
2585,86167,RIGHT_EAR,0.3416236340999603,0.18058782815933228,-0.1537722945213318,0.7979366183280945,0.2753259241580963
2585,86167,MOUTH_LEFT,0.4149607717990875,0.16694457828998566,-0.6869115829467773,0.6297587156295776,0.34260663390159607
2585,86167,MOUTH_RIGHT,0.4235636591911316,0.20131193101406097,-0.47429996728897095,0.6544705033302307,0.2487446814775467
2585,86167,LEFT_SHOULDER,0.6353873014450073,-0.20907336473464966,-0.9140663146972656,0.3015148341655731,0.5693565011024475
2585,86167,RIGHT_SHOULDER,0.7290974259376526,0.17435748875141144,0.3022332191467285,0.32922831177711487,0.6247106194496155
2585,86167,LEFT_ELBOW,1.0345209836959839,-0.31378331780433655,-1.144615650177002,0.12357982248067856,0.09436988085508347
2585,86167,RIGHT_ELBOW,1.1231008768081665,0.2781645357608795,0.4760478734970093,0.03435477241873741,0.08337081223726273
2585,86167,LEFT_WRIST,0.807458758354187,-0.014101647771894932,-0.7071499824523926,0.10337380319833755,0.3022008538246155
2585,86167,RIGHT_WRIST,1.1643407344818115,0.30837029218673706,0.10934723168611526,0.06369848549365997,0.043934691697359085
2585,86167,LEFT_PINKY,0.7721990346908569,0.05837464705109596,-0.7407326102256775,0.12096207588911057,0.2698040008544922
2585,86167,RIGHT_PINKY,1.203574299812317,0.33821800351142883,0.0339462049305439,0.06820452213287354,0.03523881360888481
2585,86167,LEFT_INDEX,0.7164086699485779,0.06422284990549088,-0.6178972125053406,0.13713333010673523,0.3348906934261322
2585,86167,RIGHT_INDEX,1.1496624946594238,0.31702348589897156,-0.03771553188562393,0.08278366923332214,0.04939057677984238
2585,86167,LEFT_THUMB,0.7450205087661743,0.046193238347768784,-0.6356693506240845,0.1297205239534378,0.34988123178482056
2585,86167,RIGHT_THUMB,1.1439323425292969,0.2995651662349701,0.04310035705566406,0.08421120047569275,0.0438750721514225
2585,86167,LEFT_HIP,1.8632622957229614,-0.21794520318508148,-0.37710100412368774,0.004088649991899729,0.004705450497567654
2585,86167,RIGHT_HIP,1.8582488298416138,0.0659014955163002,0.38082996010780334,0.007326191291213036,0.005620230920612812
2585,86167,LEFT_KNEE,2.7768492698669434,-0.23899008333683014,-0.05348129943013191,0.010643121786415577,0.00023826143296901137
2585,86167,RIGHT_KNEE,2.7730233669281006,0.009941582567989826,0.5930143594741821,0.0022434163838624954,0.00041091139428317547
2585,86167,LEFT_ANKLE,3.5896196365356445,-0.2635243237018585,1.0769965648651123,0.002512579085305333,5.809272806800436e-06
2585,86167,RIGHT_ANKLE,3.6013271808624268,-0.0312747098505497,1.3589603900909424,0.0011626582127064466,1.198315203509992e-05
2585,86167,LEFT_HEEL,3.7029483318328857,-0.2786160409450531,1.154183030128479,0.0030787198338657618,5.884632173547288e-06
2585,86167,RIGHT_HEEL,3.709721803665161,-0.048245493322610855,1.4135684967041016,0.001342223258689046,9.797085112950299e-06
2585,86167,LEFT_FOOT_INDEX,3.815568685531616,-0.21461600065231323,0.37619897723197937,0.006225252058357,1.0008031495090108e-05
2585,86167,RIGHT_FOOT_INDEX,3.8579354286193848,0.0046042404137551785,0.5578224658966064,0.003810885129496455,1.7529753677081317e-05
2586,86200,NOSE,0.4214461147785187,0.1209728792309761,-0.8972278833389282,0.7466711401939392,0.0159457977861166
2586,86200,LEFT_EYE_INNER,0.3095237612724304,0.1417764574289322,-1.0081671476364136,0.7170635461807251,0.030288103967905045
2586,86200,LEFT_EYE,0.3062785565853119,0.1348474770784378,-1.008991003036499,0.7270628809928894,0.03110828436911106
2586,86200,LEFT_EYE_OUTER,0.3034454584121704,0.12123455852270126,-1.0106868743896484,0.7332971096038818,0.030239591374993324
2586,86200,RIGHT_EYE_INNER,0.31442758440971375,0.15540273487567902,-0.8503506183624268,0.7120683789253235,0.03414102643728256
2586,86200,RIGHT_EYE,0.3260020315647125,0.15647827088832855,-0.8503545522689819,0.7263274788856506,0.03950891271233559
2586,86200,RIGHT_EYE_OUTER,0.325418084859848,0.1665084809064865,-0.8521690368652344,0.7386642098426819,0.04722866043448448
2586,86200,LEFT_EAR,0.3149236738681793,0.10167912393808365,-1.0514696836471558,0.715912401676178,0.0384804792702198
2586,86200,RIGHT_EAR,0.3363059461116791,0.1601114124059677,-0.3164792060852051,0.7560598254203796,0.07350988686084747
2586,86200,MOUTH_LEFT,0.44378170371055603,0.09217700362205505,-0.8725038766860962,0.6073306798934937,0.07763166725635529
2586,86200,MOUTH_RIGHT,0.45132890343666077,0.1142793819308281,-0.6631730198860168,0.6242240071296692,0.06166371703147888
2586,86200,LEFT_SHOULDER,0.585209846496582,-0.21107958257198334,-1.1985132694244385,0.3479493260383606,0.2880641222000122
2586,86200,RIGHT_SHOULDER,0.5870347023010254,0.15066508948802948,0.17181769013404846,0.39141878485679626,0.6655108332633972
2586,86200,LEFT_ELBOW,0.9129998683929443,-0.24156886339187622,-1.5324807167053223,0.1462002694606781,0.05698070302605629
2586,86200,RIGHT_ELBOW,0.9151291847229004,0.24789659678936005,-0.41185712814331055,0.06737898290157318,0.1900860220193863
2586,86200,LEFT_WRIST,0.6992104649543762,0.05862731859087944,-0.8135865330696106,0.12312474846839905,0.1023583859205246
2586,86200,RIGHT_WRIST,0.8001332879066467,0.26766279339790344,-1.628451943397522,0.12078171968460083,0.37262099981307983
2586,86200,LEFT_PINKY,0.6718559861183167,0.13251423835754395,-0.8428472876548767,0.13808573782444,0.10634712129831314
2586,86200,RIGHT_PINKY,0.7745954990386963,0.29486823081970215,-1.7697467803955078,0.11765290796756744,0.3620336055755615
2586,86200,LEFT_INDEX,0.6241375207901001,0.11727243661880493,-0.6891263127326965,0.15325596928596497,0.12731775641441345
2586,86200,RIGHT_INDEX,0.738256573677063,0.2842731773853302,-1.7326048612594604,0.1345910280942917,0.394421249628067
2586,86200,LEFT_THUMB,0.6432768702507019,0.09842923283576965,-0.7236593961715698,0.14698426425457,0.1337466984987259
2586,86200,RIGHT_THUMB,0.7508882284164429,0.2786024808883667,-1.6650501489639282,0.13473929464817047,0.3885337710380554
2586,86200,LEFT_HIP,1.7554439306259155,-0.24615828692913055,-0.45002132654190063,0.012149449437856674,0.00615522637963295
2586,86200,RIGHT_HIP,1.7167028188705444,0.03390591964125633,0.45153629779815674,0.022311942651867867,0.015220114029943943
2586,86200,LEFT_KNEE,2.6146676540374756,-0.2549175024032593,-0.060299184173345566,0.01369987428188324,0.0002028774470090866
2586,86200,RIGHT_KNEE,2.6112067699432373,-0.009667012840509415,0.920443594455719,0.003297067480161786,0.0007012685528025031
2586,86200,LEFT_ANKLE,3.450925588607788,-0.2516467273235321,1.1765822172164917,0.002704659244045615,1.2986999536224175e-05
2586,86200,RIGHT_ANKLE,3.411656141281128,-0.029732882976531982,1.9937618970870972,0.0011332682333886623,3.550244582584128e-05
2586,86200,LEFT_HEEL,3.570199728012085,-0.2727567255496979,1.2600698471069336,0.0030326347332447767,1.6407673683715984e-05
2586,86200,RIGHT_HEEL,3.5100395679473877,-0.04438340663909912,2.081528902053833,0.0014231570530682802,3.135585939162411e-05
2586,86200,LEFT_FOOT_INDEX,3.6357929706573486,-0.19552727043628693,0.4916008412837982,0.005785567685961723,1.9907327441615053e-05
2586,86200,RIGHT_FOOT_INDEX,3.657620668411255,0.015638034790754318,1.2164649963378906,0.003578122705221176,4.0247618017019704e-05
2587,86233,NOSE,0.4223807752132416,0.09832166880369186,-0.44400668144226074,0.7712600827217102,0.950311541557312
2587,86233,LEFT_EYE_INNER,0.3263908922672272,0.0979248583316803,-0.5428532361984253,0.7446256279945374,0.935875415802002
2587,86233,LEFT_EYE,0.32264357805252075,0.08818758279085159,-0.5429680943489075,0.7536261677742004,0.9294230341911316
2587,86233,LEFT_EYE_OUTER,0.3193318843841553,0.07325530797243118,-0.54328453540802,0.7592679262161255,0.9135778546333313
2587,86233,RIGHT_EYE_INNER,0.3316241204738617,0.1162685975432396,-0.37036406993865967,0.7400122284889221,0.9494635462760925
2587,86233,RIGHT_EYE,0.3384000062942505,0.11923840641975403,-0.3702367842197418,0.7527589797973633,0.9503974318504333
2587,86233,RIGHT_EYE_OUTER,0.3379978537559509,0.13126330077648163,-0.37183812260627747,0.7640916109085083,0.951658308506012
2587,86233,LEFT_EAR,0.33286789059638977,0.036564845591783524,-0.6758984327316284,0.7436909079551697,0.8899978399276733
2587,86233,RIGHT_EAR,0.3490268588066101,0.12473055720329285,0.11683743447065353,0.7798120379447937,0.9529276490211487
2587,86233,MOUTH_LEFT,0.4613382816314697,0.06461461633443832,-0.46898940205574036,0.6442627906799316,0.8525543808937073
2587,86233,MOUTH_RIGHT,0.46872618794441223,0.09125813096761703,-0.24413499236106873,0.6594515442848206,0.8650651574134827
2587,86233,LEFT_SHOULDER,0.5916374921798706,-0.2009284496307373,-0.9989943504333496,0.4070642590522766,0.6276641488075256
2587,86233,RIGHT_SHOULDER,0.620187520980835,0.14174188673496246,0.5396469235420227,0.4508362412452698,0.86601722240448
2587,86233,LEFT_ELBOW,0.6659358739852905,0.03380098193883896,-1.406528115272522,0.2035287320613861,0.19474531710147858
2587,86233,RIGHT_ELBOW,0.6599593162536621,0.32546356320381165,0.04281008243560791,0.10926312208175659,0.41251054406166077
2587,86233,LEFT_WRIST,0.3592618703842163,0.2316708117723465,-0.4806838929653168,0.1688598394393921,0.3015206456184387
2587,86233,RIGHT_WRIST,0.38433828949928284,0.3321704566478729,-1.0541069507598877,0.16806453466415405,0.4270147681236267
2587,86233,LEFT_PINKY,0.24789513647556305,0.3047269582748413,-0.5768969058990479,0.17782191932201385,0.27000489830970764
2587,86233,RIGHT_PINKY,0.3206217288970947,0.35417041182518005,-1.2872310876846313,0.16350533068180084,0.3724820613861084
2587,86233,LEFT_INDEX,0.24650438129901886,0.3032841384410858,-0.5438763499259949,0.19387535750865936,0.3135111331939697
2587,86233,RIGHT_INDEX,0.31948187947273254,0.3183220326900482,-1.2908055782318115,0.1842862069606781,0.3694077730178833
2587,86233,LEFT_THUMB,0.33274033665657043,0.2372719794511795,-0.4590434432029724,0.18842977285385132,0.3234511911869049
2587,86233,RIGHT_THUMB,0.34499824047088623,0.3008926212787628,-1.0547826290130615,0.18124595284461975,0.3844830393791199
2587,86233,LEFT_HIP,1.7467278242111206,-0.1979880928993225,-0.45504745841026306,0.01647917740046978,0.0028172347228974104
2587,86233,RIGHT_HIP,1.7192015647888184,0.0489686094224453,0.4581316411495209,0.031351592391729355,0.0068667917512357235
2587,86233,LEFT_KNEE,2.579261541366577,-0.1537698358297348,-0.29139500856399536,0.013059948571026325,0.0004902383079752326
2587,86233,RIGHT_KNEE,2.5509932041168213,0.08679097890853882,0.7565258145332336,0.00336693087592721,0.0015174413565546274
2587,86233,LEFT_ANKLE,3.386345386505127,-0.12799952924251556,0.5376123189926147,0.0024634948931634426,3.868555722874589e-05
2587,86233,RIGHT_ANKLE,3.3705177307128906,0.07854562252759933,1.1634092330932617,0.0010530415456742048,0.00011195329716429114
2587,86233,LEFT_HEEL,3.5215647220611572,-0.15245723724365234,0.5749925971031189,0.0027616340667009354,4.5965272875037044e-05
2587,86233,RIGHT_HEEL,3.4923150539398193,0.05970149114727974,1.1704436540603638,0.0013253679499030113,9.072268585441634e-05
2587,86233,LEFT_FOOT_INDEX,3.537548542022705,-0.05013155937194824,-0.16599227488040924,0.005310258362442255,0.00011951409396715462
2587,86233,RIGHT_FOOT_INDEX,3.5859878063201904,0.13591144979000092,0.3966400921344757,0.0033255864400416613,0.00021006067981943488
2588,86267,NOSE,0.4380650222301483,0.08684807270765305,-0.3838805854320526,0.7933388352394104,0.9401904940605164
2588,86267,LEFT_EYE_INNER,0.3785058259963989,0.0786866843700409,-0.46484601497650146,0.7691189646720886,0.8935909867286682
2588,86267,LEFT_EYE,0.3772411644458771,0.06766548752784729,-0.4640604853630066,0.7773048877716064,0.8876231908798218
2588,86267,LEFT_EYE_OUTER,0.3762289583683014,0.05226173624396324,-0.46312281489372253,0.7822710871696472,0.8760867714881897
2588,86267,RIGHT_EYE_INNER,0.38064658641815186,0.10152020305395126,-0.3195934593677521,0.7646897435188293,0.8981898427009583
2588,86267,RIGHT_EYE,0.38268256187438965,0.1078653335571289,-0.31928592920303345,0.7760708332061768,0.8911628127098083
2588,86267,RIGHT_EYE_OUTER,0.3827263116836548,0.12935492396354675,-0.31932687759399414,0.7863032817840576,0.8845193982124329
2588,86267,LEFT_EAR,0.40294212102890015,0.008403696119785309,-0.585837721824646,0.7672920227050781,0.7576406598091125
2588,86267,RIGHT_EAR,0.4053301215171814,0.10883644968271255,0.08119702339172363,0.799735963344574,0.7825309634208679
2588,86267,MOUTH_LEFT,0.4857359826564789,0.05752892792224884,-0.39396172761917114,0.6771669387817383,0.7778646349906921
2588,86267,MOUTH_RIGHT,0.4870871305465698,0.08060158789157867,-0.20442721247673035,0.6904155611991882,0.7748709917068481
2588,86267,LEFT_SHOULDER,0.6110280156135559,-0.12524215877056122,-0.9149261116981506,0.44825050234794617,0.24715043604373932
2588,86267,RIGHT_SHOULDER,0.6341309547424316,0.10656636953353882,0.47784847021102905,0.491716593503952,0.23281733691692352
2588,86267,LEFT_ELBOW,0.650786817073822,0.14059799909591675,-1.3139433860778809,0.2687363028526306,0.5163317918777466
2588,86267,RIGHT_ELBOW,0.6320677995681763,0.2904069423675537,0.5375603437423706,0.13524864614009857,0.4380496144294739
2588,86267,LEFT_WRIST,0.36999550461769104,0.2806951701641083,-1.100098729133606,0.23290172219276428,0.5937919616699219
2588,86267,RIGHT_WRIST,0.3505646884441376,0.33018484711647034,0.06222335621714592,0.2009553164243698,0.5786257982254028
2588,86267,LEFT_PINKY,0.25932395458221436,0.3375808894634247,-1.2580149173736572,0.23912803828716278,0.5796325206756592
2588,86267,RIGHT_PINKY,0.29789748787879944,0.33966732025146484,-0.011219097301363945,0.19829191267490387,0.5918285846710205
2588,86267,LEFT_INDEX,0.25245311856269836,0.30745044350624084,-1.2378298044204712,0.25322940945625305,0.5788548588752747
2588,86267,RIGHT_INDEX,0.26350975036621094,0.32418176531791687,-0.15408845245838165,0.21834272146224976,0.5945058465003967
2588,86267,LEFT_THUMB,0.31489986181259155,0.2761198580265045,-1.0931442975997925,0.24581913650035858,0.5996859073638916
2588,86267,RIGHT_THUMB,0.2788460850715637,0.3204052448272705,-0.01256467867642641,0.21576519310474396,0.5870034098625183
2588,86267,LEFT_HIP,1.765535593032837,-0.10728028416633606,-0.45381489396095276,0.016368988901376724,0.0003595134476199746
2588,86267,RIGHT_HIP,1.774334192276001,0.033216845244169235,0.4569874107837677,0.030009951442480087,0.0003814717347268015
2588,86267,LEFT_KNEE,1.2595183849334717,-0.02270570583641529,-0.42976808547973633,0.05704979971051216,0.012157794088125229
2588,86267,RIGHT_KNEE,1.2927502393722534,0.1283539980649948,0.5829756855964661,0.011917077004909515,0.011360562406480312
2588,86267,LEFT_ANKLE,1.288153052330017,0.14588432013988495,0.41188177466392517,0.03594891354441643,0.004397425334900618
2588,86267,RIGHT_ANKLE,1.243035078048706,0.18870936334133148,1.133503794670105,0.008478790521621704,0.0065236641094088554
2588,86267,LEFT_HEEL,1.345564365386963,0.18289731442928314,0.45645973086357117,0.031251415610313416,0.003918393515050411
2588,86267,RIGHT_HEEL,1.2936432361602783,0.20522399246692657,1.1749072074890137,0.012541677802801132,0.005402916576713324
2588,86267,LEFT_FOOT_INDEX,1.1288689374923706,0.16055013239383698,-0.028282897546887398,0.03935732692480087,0.007642568089067936
2588,86267,RIGHT_FOOT_INDEX,1.0283643007278442,0.20822787284851074,0.8046383261680603,0.015546223148703575,0.009511630982160568
2594,86467,NOSE,0.1766653060913086,0.21393238008022308,-1.1377084255218506,0.8127458095550537,0.8840429782867432
2594,86467,LEFT_EYE_INNER,0.3164956569671631,0.22301627695560455,-1.0004514455795288,0.7907305955886841,0.8943403363227844
2594,86467,LEFT_EYE,0.314805269241333,0.2293667197227478,-1.002215027809143,0.7979300022125244,0.9032303094863892
2594,86467,LEFT_EYE_OUTER,0.31615662574768066,0.23570476472377777,-1.0039829015731812,0.8027332425117493,0.9023394584655762
2594,86467,RIGHT_EYE_INNER,0.34197139739990234,0.1634652465581894,-1.1937987804412842,0.7868936657905579,0.8745333552360535
2594,86467,RIGHT_EYE,0.3483583927154541,0.15326467156410217,-1.1932666301727295,0.7968088984489441,0.8522869348526001
2594,86467,RIGHT_EYE_OUTER,0.4144606590270996,0.10265173763036728,-1.194972038269043,0.806066632270813,0.8278750777244568
2594,86467,LEFT_EAR,0.33228158950805664,0.1878349781036377,-0.02875298447906971,0.7892055511474609,0.9271427989006042
2594,86467,RIGHT_EAR,0.33428502082824707,-0.0057459548115730286,-0.9078415036201477,0.8172186613082886,0.8113471865653992
2594,86467,MOUTH_LEFT,0.09723091125488281,0.1770806461572647,-0.7401686906814575,0.7059594392776489,0.80427086353302
2594,86467,MOUTH_RIGHT,0.12043452262878418,0.10901536792516708,-1.0000962018966675,0.7181284427642822,0.7852557897567749
2594,86467,LEFT_SHOULDER,-0.3143486976623535,0.17916171252727509,0.36499395966529846,0.4982740581035614,0.8032702803611755
2594,86467,RIGHT_SHOULDER,-0.21355199813842773,-0.37246599793434143,-0.8474212288856506,0.5282160639762878,0.4179359972476959
2594,86467,LEFT_ELBOW,-0.7951780557632446,0.40811780095100403,0.5546006560325623,0.24707406759262085,0.043724425137043
2594,86467,RIGHT_ELBOW,-1.0398117303848267,-0.1536530703306198,-1.7259308099746704,0.12366507202386856,0.004674735013395548
2594,86467,LEFT_WRIST,-0.9660980701446533,0.45704421401023865,0.43071261048316956,0.21696311235427856,0.01828739419579506
2594,86467,RIGHT_WRIST,-1.350157618522644,0.05623190477490425,-2.7510690689086914,0.1824285089969635,0.00406221067532897
2594,86467,LEFT_PINKY,-1.0656660795211792,0.5257169008255005,0.31865397095680237,0.22808924317359924,0.019229231402277946
2594,86467,RIGHT_PINKY,-1.4982625246047974,0.07597307860851288,-3.0244343280792236,0.18305809795856476,0.006074726115912199
2594,86467,LEFT_INDEX,-0.9895114898681641,0.4629407823085785,0.22943828999996185,0.24473607540130615,0.02910742163658142
2594,86467,RIGHT_INDEX,-1.4348559379577637,0.09150395542383194,-3.1425423622131348,0.2029457539319992,0.009801520965993404
2594,86467,LEFT_THUMB,-0.9647684097290039,0.43039432168006897,0.35831984877586365,0.23777416348457336,0.022565657272934914
2594,86467,RIGHT_THUMB,-1.3811417818069458,0.08366415649652481,-2.837473154067993,0.20041510462760925,0.006903566420078278
2594,86467,LEFT_HIP,-2.24564266204834,0.007066372781991959,0.16543667018413544,0.015002533793449402,0.0007520660292357206
2594,86467,RIGHT_HIP,-2.2453861236572266,-0.4232151210308075,-0.1558755785226822,0.027160830795764923,0.0002804884279612452
2594,86467,LEFT_KNEE,-3.6902332305908203,0.051890429109334946,-0.17863978445529938,0.05156206712126732,0.00020959493122063577
2594,86467,RIGHT_KNEE,-3.6810803413391113,-0.35026177763938904,-0.42289963364601135,0.010999251157045364,7.819756137905642e-05
2594,86467,LEFT_ANKLE,-5.063788414001465,0.0555603951215744,0.6116393804550171,0.03236251696944237,1.5535435522906482e-05
2594,86467,RIGHT_ANKLE,-5.055412292480469,-0.3034219443798065,-0.20389699935913086,0.007650243118405342,1.4480508070846554e-05
2594,86467,LEFT_HEEL,-5.253716468811035,0.023261407390236855,0.6184194087982178,0.028136352077126503,1.6066207535914145e-05
2594,86467,RIGHT_HEEL,-5.260018348693848,-0.34683528542518616,-0.22970303893089294,0.011319177225232124,1.6048565157689154e-05
2594,86467,LEFT_FOOT_INDEX,-5.46940803527832,0.12003951519727707,-0.6285094022750854,0.03548319637775421,6.06960711593274e-05
2594,86467,RIGHT_FOOT_INDEX,-5.384891510009766,-0.1565977782011032,-1.629146933555603,0.01403921190649271,5.209569280850701e-05
2615,87167,NOSE,0.7334063053131104,0.299161434173584,-1.6492962837219238,0.8250101208686829,0.23272787034511566
2615,87167,LEFT_EYE_INNER,0.7295390963554382,0.3103444576263428,-1.6780729293823242,0.8020520806312561,0.22429989278316498
2615,87167,LEFT_EYE,0.6147087812423706,0.391038179397583,-1.678573489189148,0.8084908127784729,0.2240813672542572
2615,87167,LEFT_EYE_OUTER,0.5783562660217285,0.3904995918273926,-1.6779448986053467,0.8128421902656555,0.22439339756965637
2615,87167,RIGHT_EYE_INNER,0.7342464327812195,0.3102574348449707,-1.52731192111969,0.7998707294464111,0.2493232935667038
2615,87167,RIGHT_EYE,0.7687143087387085,0.3861269950866699,-1.525498628616333,0.809134840965271,0.25714635848999023
2615,87167,RIGHT_EYE_OUTER,0.7989184260368347,0.38419485092163086,-1.52595055103302,0.8169493079185486,0.26289892196655273
2615,87167,LEFT_EAR,0.5191273093223572,0.32706475257873535,-1.2517664432525635,0.8016002178192139,0.19284483790397644
2615,87167,RIGHT_EAR,0.8265907764434814,0.31949496269226074,-0.5752307772636414,0.8291259407997131,0.24521061778068542
2615,87167,MOUTH_LEFT,0.7091983556747437,0.17471766471862793,-1.4051319360733032,0.7093181014060974,0.05602509528398514
2615,87167,MOUTH_RIGHT,0.837422788143158,0.1783459186553955,-1.220685362815857,0.7243205308914185,0.060859862715005875
2615,87167,LEFT_SHOULDER,0.21362556517124176,-0.14466488361358643,-1.6559123992919922,0.4753803610801697,0.010851867496967316
2615,87167,RIGHT_SHOULDER,1.1678483486175537,-0.18082690238952637,0.14752404391765594,0.504460334777832,0.015580898150801659
2615,87167,LEFT_ELBOW,-0.189697265625,-0.31369924545288086,-2.5206298828125,0.23000963032245636,0.006294815801084042
2615,87167,RIGHT_ELBOW,0.8229883909225464,-0.2134394645690918,-0.3667576014995575,0.11464744061231613,0.007111590355634689
2615,87167,LEFT_WRIST,0.21303127706050873,0.06535935401916504,-2.466585159301758,0.20090942084789276,0.007074163760989904
2615,87167,RIGHT_WRIST,0.752543032169342,0.04006314277648926,-0.758603572845459,0.16733700037002563,0.00693477550521493
2615,87167,LEFT_PINKY,0.27961018681526184,0.16280317306518555,-2.72976016998291,0.2147255837917328,0.013854114338755608
2615,87167,RIGHT_PINKY,0.6945965886116028,0.05764937400817871,-0.8752211928367615,0.17044369876384735,0.01137927919626236
2615,87167,LEFT_INDEX,0.28022050857543945,0.20117425918579102,-2.6048972606658936,0.23129212856292725,0.015587963163852692
2615,87167,RIGHT_INDEX,0.7773809432983398,0.11034774780273438,-1.0765657424926758,0.18963271379470825,0.013683304190635681
2615,87167,LEFT_THUMB,0.27149441838264465,0.170684814453125,-2.433820962905884,0.2245345264673233,0.011443998664617538
2615,87167,RIGHT_THUMB,0.819738507270813,0.09752321243286133,-0.891514003276825,0.18722984194755554,0.010510616935789585
2615,87167,LEFT_HIP,0.3874196708202362,-1.7400585412979126,-0.9967907667160034,0.013610612601041794,3.3329470170428976e-05
2615,87167,RIGHT_HIP,1.0001511573791504,-1.7442184686660767,1.010637879371643,0.024644603952765465,4.390854519442655e-05
2615,87167,LEFT_KNEE,0.7068355679512024,-1.4036884307861328,-1.812531590461731,0.05015462636947632,0.0005963824805803597
2615,87167,RIGHT_KNEE,1.3083131313323975,-1.291844367980957,-0.02095295488834381,0.011755592189729214,0.0013308249181136489
2615,87167,LEFT_ANKLE,1.0921802520751953,-1.791624903678894,0.3391532301902771,0.029957760125398636,0.00018040862050838768
2615,87167,RIGHT_ANKLE,1.3776137828826904,-1.6118665933609009,1.6319971084594727,0.007719550747424364,0.0005132593214511871
2615,87167,LEFT_HEEL,1.1750954389572144,-1.9112461805343628,0.438967764377594,0.02621736004948616,0.00020175878307782114
2615,87167,RIGHT_HEEL,1.428621530532837,-1.7031974792480469,1.739106297492981,0.011164830066263676,0.00048479248653165996
2615,87167,LEFT_FOOT_INDEX,1.204094409942627,-1.7079740762710571,-0.9992080330848694,0.03393487632274628,0.0005992927472107112
2615,87167,RIGHT_FOOT_INDEX,1.5579122304916382,-1.5006178617477417,0.7450389266014099,0.014454490505158901,0.000850344484206289
2616,87200,NOSE,0.6338822245597839,0.234325110912323,-1.3765803575515747,0.8230844140052795,0.12744854390621185
2616,87200,LEFT_EYE_INNER,0.5805357694625854,0.2905840277671814,-1.4839032888412476,0.798229992389679,0.13018380105495453
2616,87200,LEFT_EYE,0.5465949177742004,0.3093707859516144,-1.483193278312683,0.8055909276008606,0.12735599279403687
2616,87200,LEFT_EYE_OUTER,0.5250847935676575,0.3082534372806549,-1.481366753578186,0.8074166178703308,0.12217451632022858
2616,87200,RIGHT_EYE_INNER,0.6112068891525269,0.2870287597179413,-1.298559546470642,0.7965129017829895,0.15238189697265625
2616,87200,RIGHT_EYE,0.6254323720932007,0.30079033970832825,-1.2965493202209473,0.8067779541015625,0.15623171627521515
2616,87200,RIGHT_EYE_OUTER,0.6385343670845032,0.29690688848495483,-1.2965571880340576,0.8122478723526001,0.15943433344364166
2616,87200,LEFT_EAR,0.49001020193099976,0.2422146052122116,-1.2815814018249512,0.7933722734451294,0.07852941006422043
2616,87200,RIGHT_EAR,0.6532060503959656,0.2266353964805603,-0.5296852588653564,0.8257511258125305,0.10534851253032684
2616,87200,MOUTH_LEFT,0.6667177081108093,0.14401234686374664,-1.2438358068466187,0.6845915913581848,0.020312663167715073
2616,87200,MOUTH_RIGHT,0.7061364650726318,0.14372088015079498,-1.0111764669418335,0.6986209154129028,0.020893311128020287
2616,87200,LEFT_SHOULDER,0.23211944103240967,-0.17027193307876587,-1.7170937061309814,0.43793511390686035,0.0034439561422914267
2616,87200,RIGHT_SHOULDER,0.9596988558769226,-0.20223742723464966,0.1365920752286911,0.4626377820968628,0.0038662422448396683
2616,87200,LEFT_ELBOW,0.10127025097608566,-0.12711521983146667,-2.502346992492676,0.21546120941638947,0.004695478826761246
2616,87200,RIGHT_ELBOW,0.6263761520385742,-0.04755518212914467,-0.2549128830432892,0.10525676608085632,0.004342511761933565
2616,87200,LEFT_WRIST,0.36566632986068726,0.2540297508239746,-2.2394866943359375,0.19013170897960663,0.0068495264276862144
2616,87200,RIGHT_WRIST,0.4573533535003662,0.3142422139644623,-0.4558509588241577,0.15384866297245026,0.006648115813732147
2616,87200,LEFT_PINKY,0.4210180342197418,0.34252774715423584,-2.540891170501709,0.2083444893360138,0.013383666053414345
2616,87200,RIGHT_PINKY,0.35217025876045227,0.3583800494670868,-0.5749853849411011,0.15988390147686005,0.011003665626049042
2616,87200,LEFT_INDEX,0.39576470851898193,0.3644849956035614,-2.4586827754974365,0.22601476311683655,0.01500022690743208
2616,87200,RIGHT_INDEX,0.4415689706802368,0.39603909850120544,-0.7647704482078552,0.17860902845859528,0.012207327410578728
2616,87200,LEFT_THUMB,0.3823310136795044,0.3364075720310211,-2.2319960594177246,0.21865200996398926,0.011080261319875717
2616,87200,RIGHT_THUMB,0.5137340426445007,0.38260868191719055,-0.5756527781486511,0.17575795948505402,0.00932016409933567
2616,87200,LEFT_HIP,0.30348020792007446,-1.749495506286621,-1.0028095245361328,0.012284272350370884,7.683855073992163e-06
2616,87200,RIGHT_HIP,0.8161296844482422,-1.7492016553878784,1.0163547992706299,0.022231966257095337,9.835045602812897e-06
2616,87200,LEFT_KNEE,0.6844930648803711,-1.4079402685165405,-1.8078902959823608,0.049412455409765244,0.00023617432452738285
2616,87200,RIGHT_KNEE,1.3096684217453003,-1.2217406034469604,0.002732172142714262,0.012420037761330605,0.00035034221946261823
2616,87200,LEFT_ANKLE,0.9040185213088989,-1.8123855590820312,0.40216273069381714,0.028265688568353653,0.00011913645721506327
2616,87200,RIGHT_ANKLE,1.0774263143539429,-1.6180843114852905,1.8157395124435425,0.007750627119094133,0.00032062060199677944
2616,87200,LEFT_HEEL,0.9553094506263733,-1.9314159154891968,0.5147477984428406,0.024716688320040703,0.0001425314403604716
2616,87200,RIGHT_HEEL,1.0420057773590088,-1.7046427726745605,1.9349299669265747,0.010768521577119827,0.0003489878145046532
2616,87200,LEFT_FOOT_INDEX,0.9541229009628296,-1.7469509840011597,-0.9592869281768799,0.03350627422332764,0.0004015269805677235
2616,87200,RIGHT_FOOT_INDEX,1.0777113437652588,-1.6034836769104004,0.8838551640510559,0.014834900386631489,0.0006570657133124769
2617,87233,NOSE,0.4911808371543884,0.14073505997657776,-2.6627869606018066,0.8391866087913513,0.9499785304069519
2617,87233,LEFT_EYE_INNER,0.3876301050186157,0.21279598772525787,-2.3707268238067627,0.8165051937103271,0.9269453287124634
2617,87233,LEFT_EYE,0.35239964723587036,0.20695853233337402,-2.3707053661346436,0.8227733373641968,0.917769193649292
2617,87233,LEFT_EYE_OUTER,0.3172224164009094,0.20740288496017456,-2.3695666790008545,0.824658989906311,0.9008416533470154
2617,87233,RIGHT_EYE_INNER,0.5195122361183167,0.21893008053302765,-2.316335678100586,0.8150101900100708,0.9444235563278198
2617,87233,RIGHT_EYE,0.5649025440216064,0.212880477309227,-2.316222667694092,0.8240138292312622,0.9455744624137878
2617,87233,RIGHT_EYE_OUTER,0.5995597839355469,0.2139725536108017,-2.3187501430511475,0.8294562101364136,0.9425631165504456
2617,87233,LEFT_EAR,0.24106468260288239,0.18867242336273193,-0.9805271625518799,0.8111570477485657,0.7954342365264893
2617,87233,RIGHT_EAR,0.6095855832099915,0.17674653232097626,-0.5775739550590515,0.8413016200065613,0.9089986085891724
2617,87233,MOUTH_LEFT,0.41654443740844727,0.07715754210948944,-2.0408923625946045,0.7033860087394714,0.29106152057647705
2617,87233,MOUTH_RIGHT,0.5662487149238586,0.08060543239116669,-1.983778476715088,0.7182965874671936,0.371665894985199
2617,87233,LEFT_SHOULDER,-0.29249683022499084,-0.26724106073379517,-0.750889778137207,0.4094482660293579,0.012439926154911518
2617,87233,RIGHT_SHOULDER,0.9856440424919128,-0.25768741965293884,-0.08948377519845963,0.44810688495635986,0.033337898552417755
2617,87233,LEFT_ELBOW,-0.34987586736679077,-0.13268686830997467,-2.2781288623809814,0.2023070901632309,0.008237442001700401
2617,87233,RIGHT_ELBOW,1.0940049886703491,-0.2128472924232483,-1.974619746208191,0.10408756881952286,0.013299861922860146
2617,87233,LEFT_WRIST,0.15447860956192017,0.22543053328990936,-2.2708632946014404,0.17859622836112976,0.015284744091331959
2617,87233,RIGHT_WRIST,0.4941290616989136,0.2506268322467804,-3.6531472206115723,0.14783984422683716,0.045037541538476944
2617,87233,LEFT_PINKY,0.24756886065006256,0.31122955679893494,-2.5548899173736572,0.19911903142929077,0.035133544355630875
2617,87233,RIGHT_PINKY,0.35641536116600037,0.3224310576915741,-4.207701683044434,0.15883365273475647,0.0807601734995842
2617,87233,LEFT_INDEX,0.2227802723646164,0.34433695673942566,-2.4719738960266113,0.21785640716552734,0.04116737097501755
2617,87233,RIGHT_INDEX,0.38891690969467163,0.3494507968425751,-3.9323384761810303,0.17951500415802002,0.09900278598070145
2617,87233,LEFT_THUMB,0.21454782783985138,0.33420562744140625,-2.2372450828552246,0.2110336571931839,0.029310133308172226
2617,87233,RIGHT_THUMB,0.44142070412635803,0.31841620802879333,-3.6711511611938477,0.17446056008338928,0.07941072434186935
2617,87233,LEFT_HIP,-0.11417290568351746,-1.7582613229751587,-0.6675829887390137,0.011114760302007198,5.225764834904112e-05
2617,87233,RIGHT_HIP,0.743126392364502,-1.749137043952942,0.6847018003463745,0.020078275352716446,8.9021741587203e-05
2617,87233,LEFT_KNEE,0.2748982608318329,-2.0284202098846436,-1.8326871395111084,0.045437246561050415,0.0006410955102182925
2617,87233,RIGHT_KNEE,1.3036469221115112,-1.9688302278518677,-0.46666231751441956,0.012406785972416401,0.0008284823852591217
2617,87233,LEFT_ANKLE,0.13310012221336365,-2.880788564682007,0.05796321853995323,0.025559287518262863,0.00013078800111543387
2617,87233,RIGHT_ANKLE,0.7032343745231628,-2.7310492992401123,0.6837036609649658,0.007067612838000059,0.00031445955391973257
2617,87233,LEFT_HEEL,0.06133211404085159,-3.0561208724975586,0.13775335252285004,0.022368106991052628,0.00013951270375400782
2617,87233,RIGHT_HEEL,0.5862258672714233,-2.8276875019073486,0.7284725308418274,0.009762950241565704,0.00035959912929683924
2617,87233,LEFT_FOOT_INDEX,0.28199535608291626,-3.02436900138855,-1.7479608058929443,0.03060145676136017,0.0003813222865574062
2617,87233,RIGHT_FOOT_INDEX,0.684695303440094,-2.9684946537017822,-0.9309235215187073,0.013655479066073895,0.0008202103199437261
2619,87300,NOSE,0.4864448606967926,0.16575492918491364,-0.09404865652322769,0.8551474213600159,0.9981356859207153
2619,87300,LEFT_EYE_INNER,0.4714774787425995,0.15130355954170227,-0.06931834667921066,0.8347600102424622,0.9973974227905273
2619,87300,LEFT_EYE,0.46827584505081177,0.1510401964187622,-0.06936048716306686,0.8403849601745605,0.9974385499954224
2619,87300,LEFT_EYE_OUTER,0.4655853807926178,0.1510697305202484,-0.06940525025129318,0.8421152234077454,0.9973626732826233
2619,87300,RIGHT_EYE_INNER,0.47461768984794617,0.15160855650901794,-0.15314821898937225,0.8333767652511597,0.9975293278694153
2619,87300,RIGHT_EYE,0.4738304913043976,0.15150150656700134,-0.15320467948913574,0.8414761424064636,0.9974933862686157
2619,87300,RIGHT_EYE_OUTER,0.4719368517398834,0.15141677856445312,-0.15335942804813385,0.8463923931121826,0.9974982142448425
2619,87300,LEFT_EAR,0.4408528506755829,0.15767842531204224,0.08348545432090759,0.8298773169517517,0.9985421895980835
2619,87300,RIGHT_EAR,0.4557987451553345,0.1585039496421814,-0.28929010033607483,0.8571026921272278,0.998906135559082
2619,87300,MOUTH_LEFT,0.4754256308078766,0.17852039635181427,-0.028126459568738937,0.7329681515693665,0.9991827607154846
2619,87300,MOUTH_RIGHT,0.4784662127494812,0.17854535579681396,-0.13580156862735748,0.7463821768760681,0.999314546585083
2619,87300,LEFT_SHOULDER,0.39735904335975647,0.23906417191028595,0.3458597958087921,0.4684079587459564,0.9995009899139404
2619,87300,RIGHT_SHOULDER,0.40644457936286926,0.23912252485752106,-0.45605847239494324,0.5032765865325928,0.9996374845504761
2619,87300,LEFT_ELBOW,0.46710479259490967,0.3333487808704376,0.3140566647052765,0.19122059643268585,0.9964040517807007
2619,87300,RIGHT_ELBOW,0.4811652898788452,0.3442972004413605,-0.43249404430389404,0.19086112082004547,0.9956175088882446
2619,87300,LEFT_WRIST,0.5588996410369873,0.2682846188545227,0.03940237686038017,0.19663861393928528,0.9990215301513672
2619,87300,RIGHT_WRIST,0.5739210844039917,0.2654873728752136,-0.0896604061126709,0.22965988516807556,0.9985550045967102
2619,87300,LEFT_PINKY,0.5716909766197205,0.24257279932498932,0.0019829445518553257,0.21607758104801178,0.9989946484565735
2619,87300,RIGHT_PINKY,0.5983391404151917,0.2412969321012497,-0.10712206363677979,0.2360689640045166,0.9982414245605469
2619,87300,LEFT_INDEX,0.5824816226959229,0.2323497086763382,0.00011083148274337873,0.2326650321483612,0.9989033937454224
2619,87300,RIGHT_INDEX,0.5847665667533875,0.2318963259458542,-0.0945567935705185,0.25302407145500183,0.9981613755226135
2619,87300,LEFT_THUMB,0.5718023180961609,0.2429300993680954,0.022139932960271835,0.22341009974479675,0.99907386302948
2619,87300,RIGHT_THUMB,0.578080952167511,0.24065949022769928,-0.0728437677025795,0.24484553933143616,0.9985143542289734
2619,87300,LEFT_HIP,0.40808188915252686,0.4444747269153595,0.25464051961898804,0.10935697704553604,0.997694194316864
2619,87300,RIGHT_HIP,0.41957879066467285,0.44290295243263245,-0.25463104248046875,0.11726409941911697,0.9966933727264404
2619,87300,LEFT_KNEE,0.42411041259765625,0.6056643724441528,0.3676798939704895,0.05709841102361679,0.9951211810112
2619,87300,RIGHT_KNEE,0.43917039036750793,0.6103072762489319,-0.1304403692483902,0.08501727879047394,0.9961360096931458
2619,87300,LEFT_ANKLE,0.37157341837882996,0.741287887096405,0.5595577359199524,0.059239767491817474,0.9897614121437073
2619,87300,RIGHT_ANKLE,0.3764423131942749,0.7508602142333984,0.06340640038251877,0.09329713881015778,0.9860361814498901
2619,87300,LEFT_HEEL,0.34151074290275574,0.7651552557945251,0.5689645409584045,0.06803293526172638,0.9823068976402283
2619,87300,RIGHT_HEEL,0.33474528789520264,0.7547027468681335,0.07745367288589478,0.09533664584159851,0.9745875000953674
2619,87300,LEFT_FOOT_INDEX,0.44997191429138184,0.7728719711303711,0.453656941652298,0.0803440734744072,0.9840049743652344
2619,87300,RIGHT_FOOT_INDEX,0.46660107374191284,0.7861306667327881,-0.07732217013835907,0.09775581955909729,0.9723538160324097
2620,87333,NOSE,0.4864429235458374,0.16657237708568573,0.0002736155001912266,0.8695142865180969,0.998969554901123
2620,87333,LEFT_EYE_INNER,0.47142162919044495,0.15211845934391022,0.0252869613468647,0.8511922359466553,0.9983083009719849
2620,87333,LEFT_EYE,0.46813347935676575,0.15165573358535767,0.02527015656232834,0.8562373518943787,0.9983123540878296
2620,87333,LEFT_EYE_OUTER,0.46530166268348694,0.15156058967113495,0.02522471733391285,0.8578283190727234,0.9982113838195801
2620,87333,RIGHT_EYE_INNER,0.47456610202789307,0.15228508412837982,-0.058854032307863235,0.8499136567115784,0.9984595775604248
2620,87333,RIGHT_EYE,0.4737287163734436,0.15203489363193512,-0.058931704610586166,0.8571962714195251,0.9984361529350281
2620,87333,RIGHT_EYE_OUTER,0.47192662954330444,0.15187741816043854,-0.05913017317652702,0.8616520166397095,0.9984456896781921
2620,87333,LEFT_EAR,0.4407108426094055,0.15769553184509277,0.1710854023694992,0.8466936349868774,0.9989357590675354
2620,87333,RIGHT_EAR,0.4547070264816284,0.15850208699703217,-0.20360109210014343,0.8713246583938599,0.999338686466217
2620,87333,MOUTH_LEFT,0.47553467750549316,0.17880696058273315,0.06348894536495209,0.7595579028129578,0.9995766282081604
2620,87333,MOUTH_RIGHT,0.4785112738609314,0.17869333922863007,-0.04479125142097473,0.7716326713562012,0.9996578693389893
2620,87333,LEFT_SHOULDER,0.3975137770175934,0.23860210180282593,0.4232034981250763,0.521459698677063,0.999583899974823
2620,87333,RIGHT_SHOULDER,0.40837615728378296,0.23744569718837738,-0.38998058438301086,0.5529381036758423,0.9998175501823425
2620,87333,LEFT_ELBOW,0.47092369198799133,0.33338311314582825,0.32293739914894104,0.18044263124465942,0.9968438148498535
2620,87333,RIGHT_ELBOW,0.48128363490104675,0.34295734763145447,-0.3479006588459015,0.2696157991886139,0.9972971081733704
2620,87333,LEFT_WRIST,0.5604795813560486,0.2678821086883545,0.0004087029956281185,0.21379798650741577,0.9993129968643188
2620,87333,RIGHT_WRIST,0.5728910565376282,0.265031635761261,0.03535106033086777,0.30374380946159363,0.9989736080169678
2620,87333,LEFT_PINKY,0.5782821774482727,0.2425873726606369,-0.04182862862944603,0.23337620496749878,0.9993312358856201
2620,87333,RIGHT_PINKY,0.5964034795761108,0.24136441946029663,0.03733499348163605,0.30688562989234924,0.9987120628356934
2620,87333,LEFT_INDEX,0.5821394324302673,0.2323494702577591,-0.0359053909778595,0.24783848226070404,0.9992497563362122
2620,87333,RIGHT_INDEX,0.582423746585846,0.23245088756084442,0.04234156385064125,0.3211262822151184,0.998620867729187
2620,87333,LEFT_THUMB,0.5720240473747253,0.2429332286119461,-0.015583752654492855,0.2376236766576767,0.999362051486969
2620,87333,RIGHT_THUMB,0.5721803903579712,0.24116741120815277,0.05267327278852463,0.3110099136829376,0.9988791346549988
2620,87333,LEFT_HIP,0.40885910391807556,0.4449467360973358,0.25408485531806946,0.1976631134748459,0.9982194304466248
2620,87333,RIGHT_HIP,0.42391008138656616,0.4438478946685791,-0.2540605366230011,0.2048480212688446,0.9976442456245422
2620,87333,LEFT_KNEE,0.4241081178188324,0.6104236245155334,0.3465820550918579,0.06336014717817307,0.9957291483879089
2620,87333,RIGHT_KNEE,0.43952998518943787,0.6145709156990051,-0.18477079272270203,0.14599694311618805,0.9969960451126099
2620,87333,LEFT_ANKLE,0.3732549548149109,0.7629988789558411,0.4773094058036804,0.07832150161266327,0.9854570031166077
2620,87333,RIGHT_ANKLE,0.3838399052619934,0.7753734588623047,-0.09819294512271881,0.16024471819400787,0.9838433861732483
2620,87333,LEFT_HEEL,0.34761977195739746,0.7854444980621338,0.480061799287796,0.10037925094366074,0.9764076471328735
2620,87333,RIGHT_HEEL,0.3518446087837219,0.7956352233886719,-0.09401193261146545,0.16432881355285645,0.9711362719535828
2620,87333,LEFT_FOOT_INDEX,0.4643028974533081,0.7851805686950684,0.37800583243370056,0.11363550275564194,0.9835810661315918
2620,87333,RIGHT_FOOT_INDEX,0.4988585412502289,0.7992936968803406,-0.24273377656936646,0.16498328745365143,0.9722743630409241
2621,87367,NOSE,0.48741957545280457,0.1663288027048111,-0.026582960039377213,0.8823016881942749,0.9979881048202515
2621,87367,LEFT_EYE_INNER,0.4716222882270813,0.15147733688354492,-0.00162136135622859,0.865824282169342,0.9977262616157532
2621,87367,LEFT_EYE,0.46824944019317627,0.15093441307544708,-0.0016528619453310966,0.8703298568725586,0.9978123903274536
2621,87367,LEFT_EYE_OUTER,0.46534571051597595,0.150668665766716,-0.001710623735561967,0.8718606233596802,0.9977376461029053
2621,87367,RIGHT_EYE_INNER,0.47472068667411804,0.15158392488956451,-0.08661989867687225,0.8646409511566162,0.9978494644165039
2621,87367,RIGHT_EYE,0.47378137707710266,0.15122273564338684,-0.08669178932905197,0.871207058429718,0.9978548884391785
2621,87367,RIGHT_EYE_OUTER,0.4720494747161865,0.15097787976264954,-0.08690104633569717,0.8752878308296204,0.9979380965232849
2621,87367,LEFT_EAR,0.4407178461551666,0.15600340068340302,0.1480991393327713,0.8615790009498596,0.9984182119369507
2621,87367,RIGHT_EAR,0.45425423979759216,0.1569361388683319,-0.2296563684940338,0.8839800953865051,0.9987671375274658
2621,87367,MOUTH_LEFT,0.47720158100128174,0.17832720279693604,0.03854795917868614,0.7832875847816467,0.9988368153572083
2621,87367,MOUTH_RIGHT,0.47986629605293274,0.17815802991390228,-0.07096534967422485,0.7941600680351257,0.9989495873451233
2621,87367,LEFT_SHOULDER,0.399700790643692,0.2386261373758316,0.41873133182525635,0.5690096020698547,0.9988067150115967
2621,87367,RIGHT_SHOULDER,0.4095759093761444,0.23686455190181732,-0.4074975550174713,0.5976030826568604,0.9992875456809998
2621,87367,LEFT_ELBOW,0.4847598671913147,0.3306635916233063,0.42447492480278015,0.1722511351108551,0.9966126084327698
2621,87367,RIGHT_ELBOW,0.48158401250839233,0.34004470705986023,-0.48290181159973145,0.33884358406066895,0.9965766072273254
2621,87367,LEFT_WRIST,0.5698879957199097,0.2597981095314026,0.2549128532409668,0.21652385592460632,0.9990620017051697
2621,87367,RIGHT_WRIST,0.5729033350944519,0.26108047366142273,-0.29469138383865356,0.3692557215690613,0.9983843564987183
2621,87367,LEFT_PINKY,0.5820534825325012,0.23504625260829926,0.25162971019744873,0.23486877977848053,0.999157190322876
2621,87367,RIGHT_PINKY,0.5952316522598267,0.23563992977142334,-0.32772353291511536,0.36925002932548523,0.9981847405433655
2621,87367,LEFT_INDEX,0.5822373628616333,0.2255200892686844,0.2388850301504135,0.2473936229944229,0.9989914298057556
2621,87367,RIGHT_INDEX,0.5811017155647278,0.2295747846364975,-0.3021745979785919,0.3807975947856903,0.9980819225311279
2621,87367,LEFT_THUMB,0.5753926634788513,0.23612773418426514,0.2378200739622116,0.23746931552886963,0.9990760087966919
2621,87367,RIGHT_THUMB,0.5716848969459534,0.23672747611999512,-0.2768970727920532,0.3673751652240753,0.9983904361724854
2621,87367,LEFT_HIP,0.4105599820613861,0.4460999071598053,0.25353899598121643,0.276949018239975,0.998536229133606
2621,87367,RIGHT_HIP,0.4238942563533783,0.4458228051662445,-0.2534491717815399,0.28328895568847656,0.9972192049026489
2621,87367,LEFT_KNEE,0.42525437474250793,0.6133350133895874,0.3085721731185913,0.07220195233821869,0.996302604675293
2621,87367,RIGHT_KNEE,0.4392189085483551,0.6184439063072205,-0.19250304996967316,0.19432400166988373,0.9953281879425049
2621,87367,LEFT_ANKLE,0.37406331300735474,0.769073486328125,0.4194887578487396,0.09822442382574081,0.9923276305198669
2621,87367,RIGHT_ANKLE,0.3858364522457123,0.7839348316192627,-0.07715252786874771,0.2180098295211792,0.9893954396247864
2621,87367,LEFT_HEEL,0.3477775752544403,0.7981186509132385,0.41887253522872925,0.13279934227466583,0.987522304058075
2621,87367,RIGHT_HEEL,0.3553423285484314,0.8120884299278259,-0.0726732686161995,0.22691021859645844,0.9837798476219177
2621,87367,LEFT_FOOT_INDEX,0.47398996353149414,0.7915148735046387,0.2916829586029053,0.14698542654514313,0.9907111525535583
2621,87367,RIGHT_FOOT_INDEX,0.5129525065422058,0.808600127696991,-0.24198183417320251,0.22631677985191345,0.9869447350502014
2622,87400,NOSE,0.4886215031147003,0.1663544625043869,-0.02547338791191578,0.8940195441246033,0.9991403818130493
2622,87400,LEFT_EYE_INNER,0.4717670679092407,0.1512412577867508,-0.001710182405076921,0.8791844248771667,0.9989595413208008
2622,87400,LEFT_EYE,0.4683459997177124,0.15060167014598846,-0.001747469650581479,0.8832329511642456,0.9989976286888123
2622,87400,LEFT_EYE_OUTER,0.4653741419315338,0.15018193423748016,-0.0018267014529556036,0.8846326470375061,0.9989529848098755
2622,87400,RIGHT_EYE_INNER,0.4749400019645691,0.15135124325752258,-0.08553548902273178,0.8781145811080933,0.9990033507347107
2622,87400,RIGHT_EYE,0.47395017743110657,0.15088360011577606,-0.08561276644468307,0.8840279579162598,0.9989996552467346
2622,87400,RIGHT_EYE_OUTER,0.4723205268383026,0.15052048861980438,-0.08583850413560867,0.8877148032188416,0.999031662940979
2622,87400,LEFT_EAR,0.4410279393196106,0.1546752154827118,0.1489446461200714,0.8753293752670288,0.9992445707321167
2622,87400,RIGHT_EAR,0.45437586307525635,0.15571296215057373,-0.22430646419525146,0.8955338597297668,0.9993923902511597
2622,87400,MOUTH_LEFT,0.4793398678302765,0.17816191911697388,0.040849097073078156,0.8048926591873169,0.9994779229164124
2622,87400,MOUTH_RIGHT,0.4823317527770996,0.17805111408233643,-0.06753622740507126,0.814682126045227,0.9995050430297852
2622,87400,LEFT_SHOULDER,0.4047834575176239,0.2384103387594223,0.42864176630973816,0.6119346618652344,0.9993389248847961
2622,87400,RIGHT_SHOULDER,0.40985050797462463,0.23455305397510529,-0.4071018397808075,0.6378228068351746,0.9996235370635986
2622,87400,LEFT_ELBOW,0.48359525203704834,0.33071884512901306,0.4868585467338562,0.1681760549545288,0.9978027939796448
2622,87400,RIGHT_ELBOW,0.4752878248691559,0.3374447524547577,-0.5505772233009338,0.4026287794113159,0.9981926083564758
2622,87400,LEFT_WRIST,0.5716061592102051,0.2599707245826721,0.3780055642127991,0.22305293381214142,0.9995148181915283
2622,87400,RIGHT_WRIST,0.5728503465652466,0.2610240876674652,-0.4980262815952301,0.4299744963645935,0.9993133544921875
2622,87400,LEFT_PINKY,0.5826123356819153,0.2355332225561142,0.38370341062545776,0.23944273591041565,0.9995306730270386
2622,87400,RIGHT_PINKY,0.5951057076454163,0.2359151989221573,-0.5479031801223755,0.4283510744571686,0.9991968274116516
2622,87400,LEFT_INDEX,0.5834134221076965,0.22590269148349762,0.36406806111335754,0.2503126561641693,0.9994646906852722
2622,87400,RIGHT_INDEX,0.5810579061508179,0.22933782637119293,-0.514802873134613,0.43798545002937317,0.9991717338562012
2622,87400,LEFT_THUMB,0.5778553485870361,0.236563578248024,0.36060237884521484,0.24014578759670258,0.9995369911193848
2622,87400,RIGHT_THUMB,0.5717344284057617,0.2360227108001709,-0.48101964592933655,0.4230692386627197,0.9993289709091187
2622,87400,LEFT_HIP,0.4120182394981384,0.4465843737125397,0.2520112693309784,0.3487709164619446,0.9990900754928589
2622,87400,RIGHT_HIP,0.42388108372688293,0.445919007062912,-0.251861035823822,0.35447409749031067,0.9984227418899536
2622,87400,LEFT_KNEE,0.42571955919265747,0.6141322255134583,0.29748615622520447,0.09194764494895935,0.9983634352684021
2622,87400,RIGHT_KNEE,0.43849167227745056,0.6188222765922546,-0.18707233667373657,0.2581753134727478,0.9981163740158081
2622,87400,LEFT_ANKLE,0.374571830034256,0.7734112739562988,0.4136480391025543,0.13574263453483582,0.997261643409729
2622,87400,RIGHT_ANKLE,0.3863733112812042,0.7876922488212585,-0.06759341806173325,0.285900741815567,0.9962138533592224
2622,87400,LEFT_HEEL,0.34859806299209595,0.8028156161308289,0.4133565425872803,0.17792478203773499,0.9953657388687134
2622,87400,RIGHT_HEEL,0.35644158720970154,0.816307008266449,-0.06362798810005188,0.29351094365119934,0.9937858581542969
2622,87400,LEFT_FOOT_INDEX,0.47705912590026855,0.7950555682182312,0.2787545323371887,0.19726476073265076,0.9955976605415344
2622,87400,RIGHT_FOOT_INDEX,0.514315128326416,0.8116779327392578,-0.23857733607292175,0.2947027087211609,0.9937652349472046
2623,87433,NOSE,0.4888691008090973,0.16696427762508392,-0.005825484171509743,0.9045477509498596,0.9989444613456726
2623,87433,LEFT_EYE_INNER,0.4718414545059204,0.15161632001399994,0.017105678096413612,0.8911892175674438,0.9987576007843018
2623,87433,LEFT_EYE,0.4683705270290375,0.15090294182300568,0.017063116654753685,0.8948217034339905,0.9988014698028564
2623,87433,LEFT_EYE_OUTER,0.4653621315956116,0.15035493671894073,0.016955524682998657,0.8961136341094971,0.9987358450889587
2623,87433,RIGHT_EYE_INNER,0.4750623106956482,0.1517021805047989,-0.0658952072262764,0.8902263641357422,0.9988290667533875
2623,87433,RIGHT_EYE,0.4740394353866577,0.15115724503993988,-0.06596866995096207,0.8955521583557129,0.9988282322883606
2623,87433,RIGHT_EYE_OUTER,0.4724770784378052,0.150706484913826,-0.06619753688573837,0.8988890647888184,0.9988685846328735
2623,87433,LEFT_EAR,0.44098716974258423,0.15469206869602203,0.16250167787075043,0.8876746296882629,0.9990279674530029
2623,87433,RIGHT_EAR,0.4543780982494354,0.15595181286334991,-0.20715868473052979,0.9059119820594788,0.999279797077179
2623,87433,MOUTH_LEFT,0.47956761717796326,0.17864495515823364,0.058616042137145996,0.8243046402931213,0.9993036985397339
2623,87433,MOUTH_RIGHT,0.4824260473251343,0.1785517781972885,-0.048922017216682434,0.8331170082092285,0.9993570446968079
2623,87433,LEFT_SHOULDER,0.4081825315952301,0.23869620263576508,0.4446209967136383,0.650477409362793,0.9989414811134338
2623,87433,RIGHT_SHOULDER,0.41074123978614807,0.23449848592281342,-0.3994089663028717,0.6740152835845947,0.9995520710945129
2623,87433,LEFT_ELBOW,0.484842985868454,0.3307247459888458,0.5339975953102112,0.16265837848186493,0.9965421557426453
2623,87433,RIGHT_ELBOW,0.4783746302127838,0.3343716561794281,-0.5525513291358948,0.4598698318004608,0.9978017210960388
2623,87433,LEFT_WRIST,0.5714370608329773,0.258470743894577,0.466484010219574,0.22114862501621246,0.9991105198860168
2623,87433,RIGHT_WRIST,0.5730502009391785,0.25980767607688904,-0.4953048527240753,0.4838162064552307,0.9989880919456482
2623,87433,LEFT_PINKY,0.5827938914299011,0.2357475310564041,0.4809337258338928,0.2360188066959381,0.9991718530654907
2623,87433,RIGHT_PINKY,0.5951314568519592,0.23561541736125946,-0.5422604084014893,0.4804008901119232,0.9988828301429749
2623,87433,LEFT_INDEX,0.583238422870636,0.22593261301517487,0.46374303102493286,0.24542167782783508,0.9990636706352234
2623,87433,RIGHT_INDEX,0.5828056335449219,0.22827671468257904,-0.5092566609382629,0.4881313145160675,0.998792290687561
2623,87433,LEFT_THUMB,0.5777686834335327,0.23632417619228363,0.4517340362071991,0.23581333458423615,0.9991660118103027
2623,87433,RIGHT_THUMB,0.5729683637619019,0.23520611226558685,-0.4779804050922394,0.47107061743736267,0.9990084767341614
2623,87433,LEFT_HIP,0.4124396741390228,0.4466981887817383,0.2519800662994385,0.41328468918800354,0.9986923336982727
2623,87433,RIGHT_HIP,0.423832505941391,0.4460175335407257,-0.2518240511417389,0.4184900224208832,0.9982059001922607
2623,87433,LEFT_KNEE,0.42651572823524475,0.6138812303543091,0.303800493478775,0.10704002529382706,0.9978961944580078
2623,87433,RIGHT_KNEE,0.4384685754776001,0.6187140345573425,-0.21443262696266174,0.3162667751312256,0.9980939030647278
2623,87433,LEFT_ANKLE,0.37749069929122925,0.7713007926940918,0.43153664469718933,0.16506452858448029,0.9963294863700867
2623,87433,RIGHT_ANKLE,0.3887237310409546,0.7868099808692932,-0.13874323666095734,0.3475453555583954,0.9956817626953125
2623,87433,LEFT_HEEL,0.3499651849269867,0.7997270226478577,0.43282634019851685,0.21427512168884277,0.9940493106842041
2623,87433,RIGHT_HEEL,0.3564382493495941,0.8170982003211975,-0.13920290768146515,0.3534485697746277,0.9927082657814026
2623,87433,LEFT_FOOT_INDEX,0.48667317628860474,0.7933313250541687,0.3057944178581238,0.23846136033535004,0.9947468638420105
2623,87433,RIGHT_FOOT_INDEX,0.5157665610313416,0.8115397095680237,-0.31615158915519714,0.3562019467353821,0.9921720027923584
2624,87467,NOSE,0.4891616106033325,0.16692452132701874,-0.007566340267658234,0.914046049118042,0.9991519451141357
2624,87467,LEFT_EYE_INNER,0.47219109535217285,0.15135760605335236,0.015383818186819553,0.9020195007324219,0.9988991022109985
2624,87467,LEFT_EYE,0.4687807857990265,0.15061210095882416,0.015349681489169598,0.9052802920341492,0.9989224672317505
2624,87467,LEFT_EYE_OUTER,0.4657573699951172,0.15000282227993011,0.015256153419613838,0.9064637422561646,0.9988577365875244
2624,87467,RIGHT_EYE_INNER,0.47531402111053467,0.15137998759746552,-0.06738889962434769,0.9011486768722534,0.9989833235740662
2624,87467,RIGHT_EYE,0.47425177693367004,0.15075531601905823,-0.06746604293584824,0.9059439301490784,0.9989885687828064
2624,87467,RIGHT_EYE_OUTER,0.47278711199760437,0.15023009479045868,-0.06769166141748428,0.9089619517326355,0.9990248680114746
2624,87467,LEFT_EAR,0.4422449469566345,0.1539968103170395,0.16184477508068085,0.8988193869590759,0.9991793036460876
2624,87467,RIGHT_EAR,0.4549631178379059,0.15520519018173218,-0.206821471452713,0.9152807593345642,0.999427318572998
2624,87467,MOUTH_LEFT,0.4805557131767273,0.17848651111125946,0.05729296803474426,0.8418127298355103,0.9994619488716125
2624,87467,MOUTH_RIGHT,0.4832860231399536,0.17840878665447235,-0.04987592250108719,0.8497487306594849,0.9995254278182983
2624,87467,LEFT_SHOULDER,0.41068029403686523,0.23865367472171783,0.4379410743713379,0.6852531433105469,0.999178946018219
2624,87467,RIGHT_SHOULDER,0.4109637141227722,0.23392313718795776,-0.3911590874195099,0.7065954804420471,0.9996423721313477
2624,87467,LEFT_ELBOW,0.4933154284954071,0.32965341210365295,0.48450323939323425,0.16074299812316895,0.9972757697105408
2624,87467,RIGHT_ELBOW,0.4769740402698517,0.3345283567905426,-0.5201420783996582,0.5114939212799072,0.9980127811431885
2624,87467,LEFT_WRIST,0.5724276900291443,0.2570069134235382,0.355090469121933,0.23007507622241974,0.999452531337738
2624,87467,RIGHT_WRIST,0.5730575919151306,0.25931742787361145,-0.3859487473964691,0.5327680110931396,0.9992225170135498
2624,87467,LEFT_PINKY,0.5828410983085632,0.23304331302642822,0.35560086369514465,0.24234378337860107,0.9994731545448303
2624,87467,RIGHT_PINKY,0.5952247977256775,0.2338167279958725,-0.4226893186569214,0.5276745557785034,0.9990668892860413
2624,87467,LEFT_INDEX,0.5833237171173096,0.22386884689331055,0.34497353434562683,0.2501516342163086,0.999392032623291
2624,87467,RIGHT_INDEX,0.5827807188034058,0.2267938256263733,-0.39489129185676575,0.533733069896698,0.9990272521972656
2624,87467,LEFT_THUMB,0.5783236026763916,0.23420149087905884,0.34054234623908997,0.2402261197566986,0.999473512172699
2624,87467,RIGHT_THUMB,0.5730021595954895,0.23417681455612183,-0.3685016930103302,0.5152959227561951,0.9992175102233887
2624,87467,LEFT_HIP,0.41288572549819946,0.44688817858695984,0.24880677461624146,0.47146540880203247,0.9989513158798218
2624,87467,RIGHT_HIP,0.42390328645706177,0.44606754183769226,-0.2486175298690796,0.47618114948272705,0.9984402060508728
2624,87467,LEFT_KNEE,0.42651718854904175,0.6151977181434631,0.29685238003730774,0.12387153506278992,0.998072624206543
2624,87467,RIGHT_KNEE,0.43800538778305054,0.620236337184906,-0.2002430558204651,0.36744314432144165,0.9980625510215759
2624,87467,LEFT_ANKLE,0.3774774670600891,0.7717442512512207,0.4176655113697052,0.19523885846138,0.9958926439285278
2624,87467,RIGHT_ANKLE,0.38883256912231445,0.7878523468971252,-0.09566450119018555,0.40137192606925964,0.9947178959846497
2624,87467,LEFT_HEEL,0.3498864769935608,0.8007717728614807,0.41800594329833984,0.25039932131767273,0.993057370185852
2624,87467,RIGHT_HEEL,0.357452929019928,0.8161325454711914,-0.09264735877513885,0.4055362343788147,0.9910441637039185
2624,87467,LEFT_FOOT_INDEX,0.4829306900501251,0.7954339385032654,0.288479745388031,0.2784603238105774,0.9936688542366028
2624,87467,RIGHT_FOOT_INDEX,0.5130190253257751,0.8126996159553528,-0.26445236802101135,0.41040030121803284,0.9909447431564331
2625,87500,NOSE,0.48998188972473145,0.16730643808841705,0.01204551663249731,0.922580361366272,0.9991374015808105
2625,87500,LEFT_EYE_INNER,0.47369590401649475,0.15193016827106476,0.034778330475091934,0.9117535352706909,0.9989367127418518
2625,87500,LEFT_EYE,0.4703039228916168,0.15115021169185638,0.03474416211247444,0.9146767258644104,0.9989657402038574
2625,87500,LEFT_EYE_OUTER,0.4671202600002289,0.15041081607341766,0.03464169055223465,0.9157702922821045,0.998895525932312
2625,87500,RIGHT_EYE_INNER,0.4766225814819336,0.1518390029668808,-0.046533580869436264,0.9109675288200378,0.9990020394325256
2625,87500,RIGHT_EYE,0.4754634499549866,0.15113137662410736,-0.046604301780462265,0.9152846932411194,0.9989953637123108
2625,87500,RIGHT_EYE_OUTER,0.4740827977657318,0.15049415826797485,-0.0468255914747715,0.9180194735527039,0.9990142583847046
2625,87500,LEFT_EAR,0.44343358278274536,0.15402422845363617,0.1754455268383026,0.908833920955658,0.9991928935050964
2625,87500,RIGHT_EAR,0.4561837315559387,0.15538398921489716,-0.187498539686203,0.9236955642700195,0.9993776679039001
2625,87500,MOUTH_LEFT,0.4819223880767822,0.17876748740673065,0.07419952005147934,0.8575433492660522,0.999396562576294
2625,87500,MOUTH_RIGHT,0.48397549986839294,0.17859037220478058,-0.03131050616502762,0.8646891117095947,0.9994545578956604
2625,87500,LEFT_SHOULDER,0.4107077419757843,0.2385992854833603,0.4417273998260498,0.7165098786354065,0.9991820454597473
2625,87500,RIGHT_SHOULDER,0.41310879588127136,0.23347996175289154,-0.37455853819847107,0.7359145283699036,0.9995617270469666
2625,87500,LEFT_ELBOW,0.49278202652931213,0.3294311463832855,0.5210272669792175,0.15618228912353516,0.9975647926330566
2625,87500,RIGHT_ELBOW,0.4803006052970886,0.33343052864074707,-0.5074898600578308,0.5581039786338806,0.9976423382759094
2625,87500,LEFT_WRIST,0.5721064805984497,0.25495925545692444,0.4543169140815735,0.23121100664138794,0.9993627667427063
2625,87500,RIGHT_WRIST,0.5731776356697083,0.25877872109413147,-0.37241700291633606,0.576443612575531,0.9989936947822571
2625,87500,LEFT_PINKY,0.5826730132102966,0.22972173988819122,0.4660933017730713,0.24240458011627197,0.9993593096733093
2625,87500,RIGHT_PINKY,0.59530109167099,0.23367474973201752,-0.40598344802856445,0.5697358846664429,0.9988501071929932
2625,87500,LEFT_INDEX,0.583749532699585,0.22304357588291168,0.4519062340259552,0.2489376813173294,0.9992732405662537
2625,87500,RIGHT_INDEX,0.5827800631523132,0.22636115550994873,-0.37971585988998413,0.5742778182029724,0.9987695813179016
2625,87500,LEFT_THUMB,0.5780229568481445,0.23033398389816284,0.4404650032520294,0.23941369354724884,0.9993705153465271
2625,87500,RIGHT_THUMB,0.5732259154319763,0.23293296992778778,-0.35561054944992065,0.5544320940971375,0.9989954829216003
2625,87500,LEFT_HIP,0.4124545753002167,0.44688543677330017,0.2469552606344223,0.5237246155738831,0.9989494681358337
2625,87500,RIGHT_HIP,0.42386090755462646,0.44605231285095215,-0.246726393699646,0.5280057787895203,0.9981967806816101
2625,87500,LEFT_KNEE,0.4263191521167755,0.6151371598243713,0.2735898196697235,0.13483135402202606,0.9981039762496948
2625,87500,RIGHT_KNEE,0.4374992549419403,0.620133101940155,-0.20040474832057953,0.41235223412513733,0.9979502558708191
2625,87500,LEFT_ANKLE,0.37708812952041626,0.7735654711723328,0.364839643239975,0.21587851643562317,0.9960630536079407
2625,87500,RIGHT_ANKLE,0.3885888159275055,0.7904417514801025,-0.11953600496053696,0.4496249258518219,0.9943027496337891
2625,87500,LEFT_HEEL,0.3498300015926361,0.8024092316627502,0.36205795407295227,0.2770823538303375,0.9933847784996033
2625,87500,RIGHT_HEEL,0.35758015513420105,0.8183820843696594,-0.11912044882774353,0.45275744795799255,0.9903530478477478
2625,87500,LEFT_FOOT_INDEX,0.4815584421157837,0.7963473200798035,0.23770484328269958,0.30901703238487244,0.9938064813613892
2625,87500,RIGHT_FOOT_INDEX,0.5163446068763733,0.8142387270927429,-0.28594306111335754,0.45889943838119507,0.9899589419364929
2626,87533,NOSE,0.48996102809906006,0.16728466749191284,-0.0017299983883276582,0.9302479028701782,0.9991378784179688
2626,87533,LEFT_EYE_INNER,0.4736001491546631,0.1518125981092453,0.021387923508882523,0.9205044507980347,0.9988669157028198
2626,87533,LEFT_EYE,0.4702081084251404,0.15102389454841614,0.02135208062827587,0.9231215119361877,0.9988753199577332
2626,87533,LEFT_EYE_OUTER,0.4670083224773407,0.1502649337053299,0.021258408203721046,0.9241346120834351,0.9988099336624146
2626,87533,RIGHT_EYE_INNER,0.4765736162662506,0.15170247852802277,-0.06069834902882576,0.9197871685028076,0.9989780187606812
2626,87533,RIGHT_EYE,0.47543689608573914,0.1509772539138794,-0.060763657093048096,0.9236701130867004,0.9989709854125977
2626,87533,RIGHT_EYE_OUTER,0.47408318519592285,0.1503247767686844,-0.0609750859439373,0.9261536002159119,0.9989956021308899
2626,87533,LEFT_EAR,0.44356173276901245,0.15377143025398254,0.16509802639484406,0.917782723903656,0.9990720748901367
2626,87533,RIGHT_EAR,0.4560774564743042,0.15514878928661346,-0.20128899812698364,0.9312646389007568,0.9994043111801147
2626,87533,MOUTH_LEFT,0.48195400834083557,0.17873384058475494,0.06142415478825569,0.871697723865509,0.999433696269989
2626,87533,MOUTH_RIGHT,0.4839603006839752,0.17857296764850616,-0.044965676963329315,0.8781343102455139,0.9995143413543701
2626,87533,LEFT_SHOULDER,0.41080421209335327,0.23758339881896973,0.43383562564849854,0.7446550726890564,0.9991142153739929
2626,87533,RIGHT_SHOULDER,0.4131077826023102,0.233099564909935,-0.38264134526252747,0.7623003125190735,0.9995823502540588
2626,87533,LEFT_ELBOW,0.4946623742580414,0.32849177718162537,0.4330473840236664,0.1507498323917389,0.9967803955078125
2626,87533,RIGHT_ELBOW,0.4800248146057129,0.3337337076663971,-0.4204036593437195,0.6002687811851501,0.9977883100509644
2626,87533,LEFT_WRIST,0.5719072222709656,0.25489452481269836,0.17155763506889343,0.23835566639900208,0.9992852807044983
2626,87533,RIGHT_WRIST,0.5728039145469666,0.2584904134273529,-0.10750517249107361,0.6152837872505188,0.9992121458053589
2626,87533,LEFT_PINKY,0.5826382637023926,0.22991573810577393,0.14804935455322266,0.24943242967128754,0.99932861328125
2626,87533,RIGHT_PINKY,0.5951894521713257,0.23381979763507843,-0.12327397614717484,0.6064310669898987,0.9990425705909729
2626,87533,LEFT_INDEX,0.5837677121162415,0.2233177274465561,0.14010772109031677,0.25503009557724,0.9992308616638184
2626,87533,RIGHT_INDEX,0.5820599794387817,0.22642011940479279,-0.11447564512491226,0.6094692349433899,0.998980700969696
2626,87533,LEFT_THUMB,0.5773618221282959,0.23051752150058746,0.15273235738277435,0.24529725313186646,0.9993176460266113
2626,87533,RIGHT_THUMB,0.5731521844863892,0.2328816056251526,-0.09227517247200012,0.5880165100097656,0.9991723299026489
2626,87533,LEFT_HIP,0.4124620258808136,0.44693589210510254,0.247015118598938,0.5708931684494019,0.9988019466400146
2626,87533,RIGHT_HIP,0.4235702157020569,0.4460425078868866,-0.24678857624530792,0.5746768712997437,0.9981234669685364
2626,87533,LEFT_KNEE,0.4266427457332611,0.6156882643699646,0.2868679463863373,0.14966046810150146,0.9986019730567932
2626,87533,RIGHT_KNEE,0.43689727783203125,0.6204853057861328,-0.19640474021434784,0.4584977924823761,0.998688280582428
2626,87533,LEFT_ANKLE,0.37852242588996887,0.7736378312110901,0.40277358889579773,0.24742774665355682,0.9970978498458862
2626,87533,RIGHT_ANKLE,0.38913053274154663,0.7899007797241211,-0.09357468783855438,0.49620845913887024,0.9963328838348389
2626,87533,LEFT_HEEL,0.3513779640197754,0.802711009979248,0.4027610123157501,0.3113539218902588,0.9948785305023193
2626,87533,RIGHT_HEEL,0.3589290380477905,0.8166773319244385,-0.08955395221710205,0.49570539593696594,0.9934763312339783
2626,87533,LEFT_FOOT_INDEX,0.48338034749031067,0.7992212772369385,0.2772385776042938,0.3486312925815582,0.9949597120285034
2626,87533,RIGHT_FOOT_INDEX,0.5142426490783691,0.8152739405632019,-0.25509020686149597,0.5053563117980957,0.992272138595581
2627,87567,NOSE,0.4899634122848511,0.16690535843372345,0.00804788526147604,0.9371790289878845,0.9993491768836975
2627,87567,LEFT_EYE_INNER,0.4735223948955536,0.1509665846824646,0.030588800087571144,0.9284107685089111,0.9991112351417542
2627,87567,LEFT_EYE,0.47012752294540405,0.15019696950912476,0.030555348843336105,0.9307569861412048,0.9991174340248108
2627,87567,LEFT_EYE_OUTER,0.46691790223121643,0.14947839081287384,0.03047093190252781,0.9316877126693726,0.9990547299385071
2627,87567,RIGHT_EYE_INNER,0.47651195526123047,0.15086689591407776,-0.05046091228723526,0.92775958776474,0.999187171459198
2627,87567,RIGHT_EYE,0.47537505626678467,0.15016169846057892,-0.05054106563329697,0.9312528967857361,0.9991853833198547
2627,87567,RIGHT_EYE_OUTER,0.4740569591522217,0.1495658904314041,-0.05076003447175026,0.933502733707428,0.9992021918296814
2627,87567,LEFT_EAR,0.44344958662986755,0.15304933488368988,0.17216631770133972,0.9259177446365356,0.9992913007736206
2627,87567,RIGHT_EAR,0.45591381192207336,0.15438662469387054,-0.1884402334690094,0.9381011724472046,0.9995378255844116
2627,87567,MOUTH_LEFT,0.48197269439697266,0.1782381385564804,0.07069581747055054,0.8844731450080872,0.9995781779289246
2627,87567,MOUTH_RIGHT,0.484027236700058,0.17815090715885162,-0.033977873623371124,0.8902689218521118,0.9996310472488403
2627,87567,LEFT_SHOULDER,0.41123735904693604,0.23750311136245728,0.4402242600917816,0.7700235247612,0.9992930889129639
2627,87567,RIGHT_SHOULDER,0.4135703146457672,0.23274855315685272,-0.37236154079437256,0.786052942276001,0.9996881484985352
2627,87567,LEFT_ELBOW,0.4940791726112366,0.3285194933414459,0.436249703168869,0.1482314020395279,0.9974008798599243
2627,87567,RIGHT_ELBOW,0.4790593683719635,0.3339556157588959,-0.4093693792819977,0.6378665566444397,0.9980996251106262
2627,87567,LEFT_WRIST,0.5719040632247925,0.25529205799102783,0.21174050867557526,0.24746838212013245,0.9994654059410095
2627,87567,RIGHT_WRIST,0.5724498629570007,0.25855761766433716,-0.15391717851161957,0.6504460573196411,0.9992332458496094
2627,87567,LEFT_PINKY,0.5827589631080627,0.23034042119979858,0.19651271402835846,0.2571224272251129,0.9994755387306213
2627,87567,RIGHT_PINKY,0.5951241254806519,0.23392176628112793,-0.1724349707365036,0.6399545669555664,0.999041736125946
2627,87567,LEFT_INDEX,0.5838223695755005,0.2232365608215332,0.1931564062833786,0.2616664469242096,0.999403715133667
2627,87567,RIGHT_INDEX,0.5818908214569092,0.22646570205688477,-0.1571970283985138,0.6416559815406799,0.9990001320838928
2627,87567,LEFT_THUMB,0.5777562260627747,0.2309821993112564,0.19633182883262634,0.25139570236206055,0.9994848966598511
2627,87567,RIGHT_THUMB,0.5732228755950928,0.23299913108348846,-0.1377972811460495,0.6191015243530273,0.9991995692253113
2627,87567,LEFT_HIP,0.4125728905200958,0.4469468295574188,0.2454540878534317,0.6133865714073181,0.9990108013153076
2627,87567,RIGHT_HIP,0.423546701669693,0.4460257291793823,-0.24525125324726105,0.6167883276939392,0.9985262155532837
2627,87567,LEFT_KNEE,0.42664408683776855,0.6161444187164307,0.28352877497673035,0.15963155031204224,0.998454213142395
2627,87567,RIGHT_KNEE,0.4360407590866089,0.6208357214927673,-0.1934562772512436,0.49558013677597046,0.9985136389732361
2627,87567,LEFT_ANKLE,0.37846609950065613,0.7737630009651184,0.38618165254592896,0.26904916763305664,0.9965599179267883
2627,87567,RIGHT_ANKLE,0.38897788524627686,0.7896818518638611,-0.09709888696670532,0.5350668430328369,0.9955074787139893
2627,87567,LEFT_HEEL,0.35128870606422424,0.8023874759674072,0.3845544755458832,0.3360546827316284,0.9940338730812073
2627,87567,RIGHT_HEEL,0.35869741439819336,0.8160631060600281,-0.09492015093564987,0.5324714183807373,0.9921423196792603
2627,87567,LEFT_FOOT_INDEX,0.48341065645217896,0.8001386523246765,0.25983181595802307,0.37848591804504395,0.99443519115448
2627,87567,RIGHT_FOOT_INDEX,0.5135684013366699,0.8157015442848206,-0.2616773843765259,0.5449981093406677,0.9915618300437927
2628,87600,NOSE,0.4902416169643402,0.167430117726326,0.025460466742515564,0.9433890581130981,0.999175488948822
2628,87600,LEFT_EYE_INNER,0.4736778736114502,0.15170089900493622,0.048112381249666214,0.9355000257492065,0.9989622831344604
2628,87600,LEFT_EYE,0.4701536297798157,0.15086396038532257,0.048083797097206116,0.9375982284545898,0.9989781379699707
2628,87600,LEFT_EYE_OUTER,0.4668952524662018,0.15002986788749695,0.048004306852817535,0.9384664297103882,0.9989087581634521
2628,87600,RIGHT_EYE_INNER,0.4772574007511139,0.15171881020069122,-0.03230452910065651,0.9349073171615601,0.9990301132202148
2628,87600,RIGHT_EYE,0.4763377904891968,0.1510363072156906,-0.032383475452661514,0.9380497336387634,0.9990159273147583
2628,87600,RIGHT_EYE_OUTER,0.47531333565711975,0.1504037231206894,-0.0326007641851902,0.9400962591171265,0.9990247488021851
2628,87600,LEFT_EAR,0.44317227602005005,0.15359807014465332,0.18431968986988068,0.9331920742988586,0.999151349067688
2628,87600,RIGHT_EAR,0.4559629559516907,0.1552766114473343,-0.17397351562976837,0.9442259073257446,0.9993839263916016
2628,87600,MOUTH_LEFT,0.4819643497467041,0.1786314845085144,0.08561389148235321,0.8959225416183472,0.9993911981582642
2628,87600,MOUTH_RIGHT,0.48427659273147583,0.17854201793670654,-0.018353497609496117,0.90114426612854,0.999445378780365
2628,87600,LEFT_SHOULDER,0.4110962450504303,0.23749564588069916,0.44589003920555115,0.7927815318107605,0.9990967512130737
2628,87600,RIGHT_SHOULDER,0.4168221056461334,0.2323269098997116,-0.36534491181373596,0.807422935962677,0.999516487121582
2628,87600,LEFT_ELBOW,0.49222925305366516,0.3283940851688385,0.469874769449234,0.14289498329162598,0.9973016977310181
2628,87600,RIGHT_ELBOW,0.4792414903640747,0.33281001448631287,-0.40487241744995117,0.6715386509895325,0.9974198341369629
2628,87600,LEFT_WRIST,0.5717645883560181,0.2551034092903137,0.32380276918411255,0.24556660652160645,0.9992883801460266
2628,87600,RIGHT_WRIST,0.5722525119781494,0.2586107552051544,-0.15636256337165833,0.6809266209602356,0.9987737536430359
2628,87600,LEFT_PINKY,0.5829980373382568,0.23044349253177643,0.3210141360759735,0.25556451082229614,0.9992819428443909
2628,87600,RIGHT_PINKY,0.5951518416404724,0.2340119630098343,-0.17218491435050964,0.6686004996299744,0.9985401630401611
2628,87600,LEFT_INDEX,0.5849220752716064,0.22326968610286713,0.3083949089050293,0.2593945860862732,0.9991911053657532
2628,87600,RIGHT_INDEX,0.5818933844566345,0.22617769241333008,-0.1570228487253189,0.6689890623092651,0.9984656572341919
2628,87600,LEFT_THUMB,0.5777334570884705,0.23130083084106445,0.30726295709609985,0.2495284229516983,0.99928879737854
2628,87600,RIGHT_THUMB,0.5732621550559998,0.2329971343278885,-0.14050045609474182,0.6451270580291748,0.99874347448349
2628,87600,LEFT_HIP,0.41119542717933655,0.44676506519317627,0.24521133303642273,0.6514467000961304,0.9988355040550232
2628,87600,RIGHT_HIP,0.423533171415329,0.4459627866744995,-0.24500101804733276,0.6545085310935974,0.9980095028877258
2628,87600,LEFT_KNEE,0.42631033062934875,0.6160239577293396,0.26943472027778625,0.1639419049024582,0.9982485771179199
2628,87600,RIGHT_KNEE,0.43568527698516846,0.6207327246665955,-0.19609837234020233,0.5276792049407959,0.998084306716919
2628,87600,LEFT_ANKLE,0.3784389793872833,0.7731825709342957,0.34401604533195496,0.28094711899757385,0.99647057056427
2628,87600,RIGHT_ANKLE,0.38893771171569824,0.7896354794502258,-0.124577097594738,0.5693729519844055,0.9949325919151306
2628,87600,LEFT_HEEL,0.35126450657844543,0.8019161224365234,0.3394743800163269,0.3528057634830475,0.9940447211265564
2628,87600,RIGHT_HEEL,0.3583322763442993,0.8180888295173645,-0.12463722378015518,0.5660400986671448,0.9914374947547913
2628,87600,LEFT_FOOT_INDEX,0.48570507764816284,0.7998549342155457,0.22226347029209137,0.39907506108283997,0.9944965243339539
2628,87600,RIGHT_FOOT_INDEX,0.5172122716903687,0.8151633143424988,-0.28387272357940674,0.5798816084861755,0.99093097448349
2629,87633,NOSE,0.4902510643005371,0.16727399826049805,0.014010641723871231,0.9489726424217224,0.9988976716995239
2629,87633,LEFT_EYE_INNER,0.4736984372138977,0.15154363214969635,0.037021853029727936,0.9418717622756958,0.9985834360122681
2629,87633,LEFT_EYE,0.4701729714870453,0.15071514248847961,0.03699113428592682,0.9437466263771057,0.998604953289032
2629,87633,LEFT_EYE_OUTER,0.46689897775650024,0.14988254010677338,0.03691398724913597,0.9445593357086182,0.99850994348526
2629,87633,RIGHT_EYE_INNER,0.4772631525993347,0.15149648487567902,-0.044292133301496506,0.9413284063339233,0.9987061023712158
2629,87633,RIGHT_EYE,0.4763396978378296,0.1507810652256012,-0.04436919465661049,0.94415682554245,0.9986987113952637
2629,87633,RIGHT_EYE_OUTER,0.47531944513320923,0.15012139081954956,-0.04458216577768326,0.9460217952728271,0.9987272620201111
2629,87633,LEFT_EAR,0.4432956278324127,0.15336084365844727,0.176893413066864,0.9397228360176086,0.9988585710525513
2629,87633,RIGHT_EAR,0.45624589920043945,0.15509571135044098,-0.18476788699626923,0.9497341513633728,0.9992145299911499
2629,87633,MOUTH_LEFT,0.48212286829948425,0.17850004136562347,0.07570414990186691,0.9062281847000122,0.9992440938949585
2629,87633,MOUTH_RIGHT,0.4843648076057434,0.17836250364780426,-0.029279675334692,0.910929799079895,0.9993298053741455
2629,87633,LEFT_SHOULDER,0.41101112961769104,0.23701155185699463,0.4408597946166992,0.8132568597793579,0.9988681077957153
2629,87633,RIGHT_SHOULDER,0.4168636202812195,0.23207513988018036,-0.3727450370788574,0.8266546726226807,0.9994657635688782
2629,87633,LEFT_ELBOW,0.48755455017089844,0.32862260937690735,0.46186745166778564,0.13775013387203217,0.9962856769561768
2629,87633,RIGHT_ELBOW,0.47947195172309875,0.33298322558403015,-0.41646808385849,0.7019371390342712,0.9974265694618225
2629,87633,LEFT_WRIST,0.5689671635627747,0.2549269497394562,0.2996620237827301,0.24638701975345612,0.9991017580032349
2629,87633,RIGHT_WRIST,0.573011577129364,0.25591614842414856,-0.17025314271450043,0.7093498706817627,0.9990524649620056
2629,87633,LEFT_PINKY,0.5824318528175354,0.23054362833499908,0.2920352816581726,0.25670361518859863,0.9991402626037598
2629,87633,RIGHT_PINKY,0.5952440500259399,0.23102319240570068,-0.18881531059741974,0.6959456205368042,0.9988653659820557
2629,87633,LEFT_INDEX,0.5813880562782288,0.22306208312511444,0.2812211513519287,0.2597794234752655,0.999031662940979
2629,87633,RIGHT_INDEX,0.5815542936325073,0.22417865693569183,-0.1662086397409439,0.6953021287918091,0.998784601688385
2629,87633,LEFT_THUMB,0.576221764087677,0.230386421084404,0.28314462304115295,0.24994906783103943,0.9991436004638672
2629,87633,RIGHT_THUMB,0.5732239484786987,0.23161877691745758,-0.15174546837806702,0.6704443693161011,0.9990243911743164
2629,87633,LEFT_HIP,0.41104963421821594,0.4468947649002075,0.24457384645938873,0.6858107447624207,0.9987447261810303
2629,87633,RIGHT_HIP,0.4234165847301483,0.44599035382270813,-0.24436715245246887,0.688552737236023,0.9980745315551758
2629,87633,LEFT_KNEE,0.42630863189697266,0.6164556741714478,0.27752599120140076,0.175790935754776,0.9982580542564392
2629,87633,RIGHT_KNEE,0.4354172348976135,0.6210434436798096,-0.1942465603351593,0.5615431666374207,0.9982738494873047
2629,87633,LEFT_ANKLE,0.3785601556301117,0.7734286785125732,0.37462711334228516,0.30352866649627686,0.9962128400802612
2629,87633,RIGHT_ANKLE,0.3893619775772095,0.789440929889679,-0.10718736797571182,0.6032687425613403,0.9950039982795715
2629,87633,LEFT_HEEL,0.35134777426719666,0.8023614287376404,0.37299519777297974,0.37741684913635254,0.9933527708053589
2629,87633,RIGHT_HEEL,0.35872408747673035,0.8168546557426453,-0.10535022616386414,0.5975418090820312,0.991136908531189
2629,87633,LEFT_FOOT_INDEX,0.48511555790901184,0.7998080849647522,0.2524808347225189,0.4264509975910187,0.9933930039405823
2629,87633,RIGHT_FOOT_INDEX,0.5158935785293579,0.8149819374084473,-0.26949286460876465,0.6133587956428528,0.9894090890884399
2630,87667,NOSE,0.4902445077896118,0.16721098124980927,0.026751210913062096,0.9540305137634277,0.9995288848876953
2630,87667,LEFT_EYE_INNER,0.4736570417881012,0.1512896567583084,0.04975254088640213,0.9476447105407715,0.999312162399292
2630,87667,LEFT_EYE,0.47010013461112976,0.15047603845596313,0.0497470423579216,0.949323296546936,0.9993053674697876
2630,87667,LEFT_EYE_OUTER,0.46678394079208374,0.14967718720436096,0.049674879759550095,0.9500714540481567,0.9992504715919495
2630,87667,RIGHT_EYE_INNER,0.47726133465766907,0.15126657485961914,-0.032841797918081284,0.9471474885940552,0.9993854761123657
2630,87667,RIGHT_EYE,0.47634077072143555,0.15057161450386047,-0.03292351961135864,0.9496902823448181,0.99937903881073
2630,87667,RIGHT_EYE_OUTER,0.47533971071243286,0.14994660019874573,-0.033136870712041855,0.9513828158378601,0.9993823766708374
2630,87667,LEFT_EAR,0.44312816858291626,0.15327177941799164,0.19097164273262024,0.9456579089164734,0.9994533658027649
2630,87667,RIGHT_EAR,0.4562342166900635,0.15491507947444916,-0.17588436603546143,0.9547278881072998,0.9996894598007202
2630,87667,MOUTH_LEFT,0.4819916784763336,0.17849017679691315,0.0889022946357727,0.9155542254447937,0.999728262424469
2630,87667,MOUTH_RIGHT,0.4843391180038452,0.17834311723709106,-0.017544008791446686,0.9197888374328613,0.9997792840003967
2630,87667,LEFT_SHOULDER,0.41184982657432556,0.23701871931552887,0.4512070417404175,0.8317909836769104,0.9994152784347534
2630,87667,RIGHT_SHOULDER,0.4165968894958496,0.23202861845493317,-0.36917319893836975,0.8439763784408569,0.9997782111167908
2630,87667,LEFT_ELBOW,0.4868233799934387,0.3298766016960144,0.39689743518829346,0.13360291719436646,0.9967615008354187
2630,87667,RIGHT_ELBOW,0.4747653603553772,0.33429718017578125,-0.35034382343292236,0.729317307472229,0.9977744221687317
2630,87667,LEFT_WRIST,0.5685514211654663,0.25552862882614136,0.10138387978076935,0.25234317779541016,0.9993743300437927
2630,87667,RIGHT_WRIST,0.5708937644958496,0.25933602452278137,0.015867289155721664,0.7338185906410217,0.9990555644035339
2630,87667,LEFT_PINKY,0.5827034115791321,0.23083101212978363,0.06959320604801178,0.26265624165534973,0.9994227886199951
2630,87667,RIGHT_PINKY,0.5937460660934448,0.23328797519207,0.016336360946297646,0.7180883884429932,0.9988216757774353
2630,87667,LEFT_INDEX,0.5817870497703552,0.2239229679107666,0.07205617427825928,0.2651803195476532,0.9993208646774292
2630,87667,RIGHT_INDEX,0.5812304019927979,0.22565734386444092,0.018872909247875214,0.7161566019058228,0.9987303614616394
2630,87667,LEFT_THUMB,0.576206386089325,0.23042355477809906,0.0850914791226387,0.2552981674671173,0.9994031190872192
2630,87667,RIGHT_THUMB,0.5725847482681274,0.23398739099502563,0.03108985535800457,0.689864456653595,0.9989676475524902
2630,87667,LEFT_HIP,0.411273330450058,0.44690147042274475,0.2456716150045395,0.7167775630950928,0.9989389777183533
2630,87667,RIGHT_HIP,0.423488587141037,0.44592681527137756,-0.24552682042121887,0.7192328572273254,0.9984512329101562
2630,87667,LEFT_KNEE,0.42630699276924133,0.616687536239624,0.28190726041793823,0.17689785361289978,0.9984006285667419
2630,87667,RIGHT_KNEE,0.43509748578071594,0.6214377284049988,-0.19774234294891357,0.5857685208320618,0.9986324906349182
2630,87667,LEFT_ANKLE,0.37852972745895386,0.7731447219848633,0.3776979148387909,0.31166455149650574,0.9958716034889221
2630,87667,RIGHT_ANKLE,0.389314204454422,0.7892394065856934,-0.12180367112159729,0.6281338930130005,0.9947583079338074
2630,87667,LEFT_HEEL,0.35129252076148987,0.8018608093261719,0.37553077936172485,0.39063525199890137,0.9930534958839417
2630,87667,RIGHT_HEEL,0.35850653052330017,0.8160746693611145,-0.12083203345537186,0.6207448840141296,0.990773618221283
2630,87667,LEFT_FOOT_INDEX,0.4846377968788147,0.7990763783454895,0.2580361068248749,0.4414626955986023,0.993908166885376
2630,87667,RIGHT_FOOT_INDEX,0.515703558921814,0.8146891593933105,-0.28322330117225647,0.6388102769851685,0.9901095628738403
2631,87700,NOSE,0.49024498462677,0.16742025315761566,0.03166980296373367,0.9585548639297485,0.9992985725402832
2631,87700,LEFT_EYE_INNER,0.47366851568222046,0.15191546082496643,0.05467335879802704,0.9528117179870605,0.9990869760513306
2631,87700,LEFT_EYE,0.47008800506591797,0.1510206013917923,0.05465458333492279,0.9543086290359497,0.9991040825843811
2631,87700,LEFT_EYE_OUTER,0.4666856527328491,0.15017925202846527,0.05457891523838043,0.9550122618675232,0.9990447163581848
2631,87700,RIGHT_EYE_INNER,0.47746169567108154,0.15198774635791779,-0.027142716571688652,0.9523560404777527,0.9991363883018494
2631,87700,RIGHT_EYE,0.47662249207496643,0.15133467316627502,-0.027216719463467598,0.9546412229537964,0.9991158843040466
2631,87700,RIGHT_EYE_OUTER,0.475731760263443,0.15073341131210327,-0.027425922453403473,0.9561865329742432,0.9991142153739929
2631,87700,LEFT_EAR,0.44291049242019653,0.15379415452480316,0.19188982248306274,0.9509566426277161,0.9992707371711731
2631,87700,RIGHT_EAR,0.4562360644340515,0.15563733875751495,-0.17243990302085876,0.9591882228851318,0.9994612336158752
2631,87700,MOUTH_LEFT,0.4818764626979828,0.17865298688411713,0.09213723242282867,0.923897385597229,0.9995017051696777
2631,87700,MOUTH_RIGHT,0.4843499958515167,0.1785089522600174,-0.0135353310033679,0.9277129769325256,0.9995492100715637
2631,87700,LEFT_SHOULDER,0.4107722043991089,0.23704391717910767,0.4512668251991272,0.8483887910842896,0.9992027878761292
2631,87700,RIGHT_SHOULDER,0.4176161587238312,0.23194213211536407,-0.365894079208374,0.8595572710037231,0.9996092915534973
2631,87700,LEFT_ELBOW,0.48455414175987244,0.3296704590320587,0.43803882598876953,0.12928102910518646,0.9972255229949951
2631,87700,RIGHT_ELBOW,0.47453752160072327,0.3341751992702484,-0.37931913137435913,0.7537021636962891,0.9976207613945007
2631,87700,LEFT_WRIST,0.5671118497848511,0.2556407153606415,0.2496808022260666,0.25160056352615356,0.9993245601654053
2631,87700,RIGHT_WRIST,0.5708230137825012,0.26035818457603455,-0.08781364560127258,0.7558928728103638,0.998835027217865
2631,87700,LEFT_PINKY,0.5825589895248413,0.2315322756767273,0.24081012606620789,0.2627224922180176,0.999336302280426
2631,87700,RIGHT_PINKY,0.5937575697898865,0.23381608724594116,-0.10177412629127502,0.738836944103241,0.9986101388931274
2631,87700,LEFT_INDEX,0.5808554887771606,0.22395147383213043,0.2313268482685089,0.2647353708744049,0.9992554783821106
2631,87700,RIGHT_INDEX,0.5811232328414917,0.2257184237241745,-0.09009444713592529,0.7359465956687927,0.9985350370407104
2631,87700,LEFT_THUMB,0.5755164623260498,0.23134379088878632,0.23311010003089905,0.2550029158592224,0.9993404746055603
2631,87700,RIGHT_THUMB,0.5725802183151245,0.23419809341430664,-0.07204489409923553,0.7085046768188477,0.9987972974777222
2631,87700,LEFT_HIP,0.41057658195495605,0.44684258103370667,0.2456820160150528,0.744472324848175,0.998854398727417
2631,87700,RIGHT_HIP,0.4234747290611267,0.4459182918071747,-0.24553413689136505,0.7467273473739624,0.9981983304023743
2631,87700,LEFT_KNEE,0.4261649549007416,0.6165919899940491,0.2825342118740082,0.17878709733486176,0.9982303977012634
2631,87700,RIGHT_KNEE,0.43513163924217224,0.6214118003845215,-0.20345444977283478,0.6078582406044006,0.9982408285140991
2631,87700,LEFT_ANKLE,0.37850403785705566,0.7730714678764343,0.3733188211917877,0.3179570734500885,0.9961259961128235
2631,87700,RIGHT_ANKLE,0.38932207226753235,0.7897956967353821,-0.1456451565027237,0.6519656181335449,0.9946845173835754
2631,87700,LEFT_HEEL,0.35124191641807556,0.8017878532409668,0.3707300126552582,0.3997920751571655,0.9935224652290344
2631,87700,RIGHT_HEEL,0.35834601521492004,0.8174619078636169,-0.14657877385616302,0.6442181468009949,0.9908102750778198
2631,87700,LEFT_FOOT_INDEX,0.48559248447418213,0.7979600429534912,0.2578992247581482,0.4542085528373718,0.9943641424179077
2631,87700,RIGHT_FOOT_INDEX,0.5161593556404114,0.8145868182182312,-0.30546772480010986,0.6630607843399048,0.990270733833313
2632,87733,NOSE,0.4897681176662445,0.16741470992565155,0.024991219863295555,0.9626354575157166,0.9991255402565002
2632,87733,LEFT_EYE_INNER,0.4727837145328522,0.1519082933664322,0.048196710646152496,0.9574634432792664,0.9989128112792969
2632,87733,LEFT_EYE,0.4688678979873657,0.1510181427001953,0.0481765940785408,0.9587990045547485,0.9989383816719055
2632,87733,LEFT_EYE_OUTER,0.46505239605903625,0.15018190443515778,0.0481056347489357,0.9594606757164001,0.9988711476325989
2632,87733,RIGHT_EYE_INNER,0.47716739773750305,0.15198026597499847,-0.03401047736406326,0.9570503830909729,0.9989920258522034
2632,87733,RIGHT_EYE,0.47646281123161316,0.15131843090057373,-0.03408520296216011,0.9591082334518433,0.99898761510849
2632,87733,RIGHT_EYE_OUTER,0.47567981481552124,0.150704488158226,-0.034291453659534454,0.9605178236961365,0.9990178346633911
2632,87733,LEFT_EAR,0.44151192903518677,0.15382534265518188,0.1874767243862152,0.9557430148124695,0.9991346001625061
2632,87733,RIGHT_EAR,0.4560582935810089,0.15564116835594177,-0.17791897058486938,0.9632099866867065,0.9993719458580017
2632,87733,MOUTH_LEFT,0.4811563789844513,0.17859898507595062,0.08631645888090134,0.9314188361167908,0.9993864297866821
2632,87733,MOUTH_RIGHT,0.4840666651725769,0.1783720701932907,-0.0197305791079998,0.9348552227020264,0.9994356036186218
2632,87733,LEFT_SHOULDER,0.41071048378944397,0.2369891256093979,0.44880035519599915,0.863323986530304,0.9991106390953064
2632,87733,RIGHT_SHOULDER,0.41786709427833557,0.2321145385503769,-0.36921653151512146,0.8735775947570801,0.9995608925819397
2632,87733,LEFT_ELBOW,0.4828202724456787,0.3294548988342285,0.49540042877197266,0.12700429558753967,0.9971733093261719
2632,87733,RIGHT_ELBOW,0.4746222198009491,0.33422717452049255,-0.4656018316745758,0.7760027050971985,0.997891366481781
2632,87733,LEFT_WRIST,0.5679433345794678,0.2555879056453705,0.39241477847099304,0.24993175268173218,0.9993337988853455
2632,87733,RIGHT_WRIST,0.5717402100563049,0.26010310649871826,-0.33052781224250793,0.7772696018218994,0.9991625547409058
2632,87733,LEFT_PINKY,0.5820518136024475,0.23163022100925446,0.3991912603378296,0.2604278326034546,0.9993497729301453
2632,87733,RIGHT_PINKY,0.5939885377883911,0.23371261358261108,-0.3639495074748993,0.7599117755889893,0.9990262985229492
2632,87733,LEFT_INDEX,0.5810081362724304,0.22373096644878387,0.38490593433380127,0.2617928385734558,0.9992668032646179
2632,87733,RIGHT_INDEX,0.5809768438339233,0.22566598653793335,-0.3404461741447449,0.7564232349395752,0.998944103717804
2632,87733,LEFT_THUMB,0.575212836265564,0.23140569031238556,0.3772835433483124,0.2523738145828247,0.9993608593940735
2632,87733,RIGHT_THUMB,0.5725993514060974,0.2338663786649704,-0.31467610597610474,0.7285521030426025,0.9991493225097656
2632,87733,LEFT_HIP,0.4105508029460907,0.44683900475502014,0.24568644165992737,0.7695231437683105,0.9989492297172546
2632,87733,RIGHT_HIP,0.4234718084335327,0.44591227173805237,-0.24553586542606354,0.7715604305267334,0.998379111289978
2632,87733,LEFT_KNEE,0.4261641502380371,0.6165333986282349,0.2816391885280609,0.18858854472637177,0.9984219074249268
2632,87733,RIGHT_KNEE,0.43506568670272827,0.6213588118553162,-0.20686927437782288,0.6328513026237488,0.9984310269355774
2632,87733,LEFT_ANKLE,0.37890398502349854,0.7729847431182861,0.3782944679260254,0.3356132507324219,0.9970786571502686
2632,87733,RIGHT_ANKLE,0.38981103897094727,0.7898337244987488,-0.13907575607299805,0.6785089373588562,0.9961036443710327
2632,87733,LEFT_HEEL,0.35183435678482056,0.8016953468322754,0.3762368857860565,0.41831138730049133,0.99498450756073
2632,87733,RIGHT_HEEL,0.35876935720443726,0.8175715804100037,-0.13946488499641418,0.6696763038635254,0.9931464791297913
2632,87733,LEFT_FOOT_INDEX,0.4863573908805847,0.7992632985115051,0.2564399242401123,0.4754159152507782,0.9950441122055054
2632,87733,RIGHT_FOOT_INDEX,0.5158489942550659,0.8154876828193665,-0.30676838755607605,0.6891266107559204,0.9920929074287415
2633,87767,NOSE,0.4897245764732361,0.16752035915851593,0.021143117919564247,0.9662966132164001,0.9993067979812622
2633,87767,LEFT_EYE_INNER,0.4728192389011383,0.151971235871315,0.04452265426516533,0.9616426229476929,0.9990645051002502
2633,87767,LEFT_EYE,0.4689268469810486,0.15109677612781525,0.044500112533569336,0.9628289937973022,0.9990755319595337
2633,87767,LEFT_EYE_OUTER,0.4651232063770294,0.1502598077058792,0.04442919045686722,0.9634564518928528,0.9990063309669495
2633,87767,RIGHT_EYE_INNER,0.4771687388420105,0.1519944965839386,-0.03789902478456497,0.9612635970115662,0.999142050743103
2633,87767,RIGHT_EYE,0.4764617681503296,0.15131966769695282,-0.03797520324587822,0.9631129503250122,0.9991263747215271
2633,87767,RIGHT_EYE_OUTER,0.47567859292030334,0.1507001519203186,-0.03818293288350105,0.9644041657447815,0.9991315007209778
2633,87767,LEFT_EAR,0.44176197052001953,0.1538548618555069,0.18539664149284363,0.9600082039833069,0.9992129802703857
2633,87767,RIGHT_EAR,0.4564397633075714,0.1556466668844223,-0.18107783794403076,0.9668219089508057,0.9994572997093201
2633,87767,MOUTH_LEFT,0.4811078608036041,0.1787024289369583,0.08309350907802582,0.9381700158119202,0.9994938373565674
2633,87767,MOUTH_RIGHT,0.4838562309741974,0.17840725183486938,-0.023249920457601547,0.9412683844566345,0.9995549321174622
2633,87767,LEFT_SHOULDER,0.4106815755367279,0.23696869611740112,0.4515325129032135,0.8767691850662231,0.9991638660430908
2633,87767,RIGHT_SHOULDER,0.4177631139755249,0.23209677636623383,-0.36979085206985474,0.8861989378929138,0.9996153116226196
2633,87767,LEFT_ELBOW,0.48066189885139465,0.32945460081100464,0.4788382351398468,0.12275980412960052,0.9972670078277588
2633,87767,RIGHT_ELBOW,0.47471368312835693,0.33384189009666443,-0.4515356421470642,0.7961974740028381,0.9980223178863525
2633,87767,LEFT_WRIST,0.5682567358016968,0.25591912865638733,0.3624055087566376,0.24996355175971985,0.9993547797203064
2633,87767,RIGHT_WRIST,0.571796715259552,0.26039236783981323,-0.22183425724506378,0.7959470152854919,0.9992048144340515
2633,87767,LEFT_PINKY,0.5820286273956299,0.23343946039676666,0.3621979057788849,0.26160281896591187,0.9993712306022644
2633,87767,RIGHT_PINKY,0.5940775871276855,0.2345702052116394,-0.24057002365589142,0.7778668403625488,0.9990505576133728
2633,87767,LEFT_INDEX,0.581813633441925,0.2244224101305008,0.3697851300239563,0.26258742809295654,0.9992978572845459
2633,87767,RIGHT_INDEX,0.5809028744697571,0.22643613815307617,-0.22415906190872192,0.7737531661987305,0.9989879727363586
2633,87767,LEFT_THUMB,0.5765416026115417,0.23295068740844727,0.35647422075271606,0.25343477725982666,0.9993762373924255
2633,87767,RIGHT_THUMB,0.5726088881492615,0.23458486795425415,-0.2048845887184143,0.7452712059020996,0.9991726279258728
2633,87767,LEFT_HIP,0.41029053926467896,0.4468304216861725,0.24697965383529663,0.7919981479644775,0.9989066123962402
2633,87767,RIGHT_HIP,0.42331746220588684,0.4458935260772705,-0.24681338667869568,0.7938408851623535,0.998325765132904
2633,87767,LEFT_KNEE,0.42591428756713867,0.6165168881416321,0.2828228771686554,0.19304949045181274,0.998435914516449
2633,87767,RIGHT_KNEE,0.43505990505218506,0.6213175058364868,-0.20903904736042023,0.654085636138916,0.9985309839248657
2633,87767,LEFT_ANKLE,0.3782898783683777,0.7728145122528076,0.3821973204612732,0.34705543518066406,0.9966435432434082
2633,87767,RIGHT_ANKLE,0.38952672481536865,0.789625883102417,-0.137394979596138,0.7007265686988831,0.9957448840141296
2633,87767,LEFT_HEEL,0.3515709936618805,0.8014845252037048,0.38032835721969604,0.4320981204509735,0.9943165183067322
2633,87767,RIGHT_HEEL,0.358673632144928,0.8177003860473633,-0.13725079596042633,0.6903824806213379,0.9925518035888672
2633,87767,LEFT_FOOT_INDEX,0.4866638779640198,0.7990906834602356,0.26082643866539,0.49108031392097473,0.9946757555007935
2633,87767,RIGHT_FOOT_INDEX,0.5159146785736084,0.8154639601707458,-0.30330690741539,0.7109708786010742,0.9913841485977173
2634,87800,NOSE,0.48969724774360657,0.16637571156024933,0.01953049562871456,0.9695887565612793,0.9990946054458618
2634,87800,LEFT_EYE_INNER,0.47259414196014404,0.15056030452251434,0.042851805686950684,0.9654035568237305,0.9987516403198242
2634,87800,LEFT_EYE,0.4686042070388794,0.14980821311473846,0.04283004254102707,0.9664564728736877,0.9987657070159912
2634,87800,LEFT_EYE_OUTER,0.464694082736969,0.14914432168006897,0.042752522975206375,0.9670529961585999,0.998684823513031
2634,87800,RIGHT_EYE_INNER,0.47714298963546753,0.1506267935037613,-0.03945188969373703,0.9650459885597229,0.9988502264022827
2634,87800,RIGHT_EYE,0.4764598608016968,0.15004397928714752,-0.0395229272544384,0.9667062163352966,0.9988313317298889
2634,87800,RIGHT_EYE_OUTER,0.475697785615921,0.14954397082328796,-0.0397288054227829,0.9678943157196045,0.9988362193107605
2634,87800,LEFT_EAR,0.4417283236980438,0.1531907469034195,0.18343588709831238,0.9638422727584839,0.9990091323852539
2634,87800,RIGHT_EAR,0.45642298460006714,0.15459121763706207,-0.1828688234090805,0.9700713157653809,0.9993355870246887
2634,87800,MOUTH_LEFT,0.4811027944087982,0.17780078947544098,0.08122562617063522,0.9442534446716309,0.9994435906410217
2634,87800,MOUTH_RIGHT,0.48393380641937256,0.17744053900241852,-0.025090010836720467,0.9470452666282654,0.9995064735412598
2634,87800,LEFT_SHOULDER,0.41063782572746277,0.23649270832538605,0.4497182369232178,0.888882040977478,0.9991194605827332
2634,87800,RIGHT_SHOULDER,0.41828012466430664,0.23116707801818848,-0.3707290291786194,0.8975580334663391,0.9995949864387512
2634,87800,LEFT_ELBOW,0.47981536388397217,0.32974451780319214,0.42005035281181335,0.11857255548238754,0.9965043067932129
2634,87800,RIGHT_ELBOW,0.47478124499320984,0.33385077118873596,-0.4076676070690155,0.8138914704322815,0.997670590877533
2634,87800,LEFT_WRIST,0.5684542059898376,0.2566569149494171,0.17370115220546722,0.2531193792819977,0.999203622341156
2634,87800,RIGHT_WRIST,0.5718033313751221,0.26035189628601074,-0.10100395977497101,0.8120457530021667,0.9990191459655762
2634,87800,LEFT_PINKY,0.581997275352478,0.23490206897258759,0.15092483162879944,0.2658662796020508,0.9992565512657166
2634,87800,RIGHT_PINKY,0.5941094160079956,0.23459486663341522,-0.1139344647526741,0.7928725481033325,0.9988019466400146
2634,87800,LEFT_INDEX,0.5819439888000488,0.2249365597963333,0.1454787403345108,0.2665185034275055,0.999167799949646
2634,87800,RIGHT_INDEX,0.5807027220726013,0.22644633054733276,-0.1025780439376831,0.7879719138145447,0.9987572431564331
2634,87800,LEFT_THUMB,0.5767092704772949,0.2339099794626236,0.1565081626176834,0.25691211223602295,0.9992558360099792
2634,87800,RIGHT_THUMB,0.5725786685943604,0.23444229364395142,-0.08463747799396515,0.7586289644241333,0.9989781379699707
2634,87800,LEFT_HIP,0.41032761335372925,0.446809321641922,0.2470993995666504,0.8122619390487671,0.9987062215805054
2634,87800,RIGHT_HIP,0.4244130551815033,0.4457121789455414,-0.24693524837493896,0.8138910531997681,0.9980288147926331
2634,87800,LEFT_KNEE,0.4258686900138855,0.6165396571159363,0.2914225161075592,0.19635437428951263,0.9982578158378601
2634,87800,RIGHT_KNEE,0.4349689185619354,0.6212805509567261,-0.1930219531059265,0.6724740266799927,0.9983291029930115
2634,87800,LEFT_ANKLE,0.37828344106674194,0.7727973461151123,0.3985106647014618,0.3587058186531067,0.9963157773017883
2634,87800,RIGHT_ANKLE,0.3895186483860016,0.7895001769065857,-0.08990656584501266,0.7194020748138428,0.9953834414482117
2634,87800,LEFT_HEEL,0.35154566168785095,0.8016542792320251,0.3974649906158447,0.44656991958618164,0.9936948418617249
2634,87800,RIGHT_HEEL,0.35859736800193787,0.817257821559906,-0.08638668805360794,0.7073877453804016,0.9920604228973389
2634,87800,LEFT_FOOT_INDEX,0.4865933656692505,0.7994415760040283,0.276675283908844,0.5063889622688293,0.9942976832389832
2634,87800,RIGHT_FOOT_INDEX,0.5150976777076721,0.8153563141822815,-0.25038132071495056,0.7296185493469238,0.9912187457084656
2635,87833,NOSE,0.48984137177467346,0.16637733578681946,0.028987491503357887,0.972538411617279,0.9993295669555664
2635,87833,LEFT_EYE_INNER,0.4727836549282074,0.15065686404705048,0.053177572786808014,0.9687836170196533,0.999065101146698
2635,87833,LEFT_EYE,0.4686906933784485,0.1498994380235672,0.05317600816488266,0.9697147607803345,0.999068558216095
2635,87833,LEFT_EYE_OUTER,0.4647069573402405,0.14920026063919067,0.05312067270278931,0.9702854156494141,0.99898761510849
2635,87833,RIGHT_EYE_INNER,0.47764790058135986,0.150751993060112,-0.03078242763876915,0.9684508442878723,0.999143123626709
2635,87833,RIGHT_EYE,0.47707927227020264,0.15018589794635773,-0.030856218189001083,0.9699383974075317,0.999113142490387
2635,87833,RIGHT_EYE_OUTER,0.47645333409309387,0.14969471096992493,-0.031064357608556747,0.9710320830345154,0.9990975856781006
2635,87833,LEFT_EAR,0.44172802567481995,0.15324358642101288,0.19593368470668793,0.9672614336013794,0.9991660118103027
2635,87833,RIGHT_EAR,0.4575892388820648,0.15473924577236176,-0.17729534208774567,0.9729903340339661,0.9994547963142395
2635,87833,MOUTH_LEFT,0.48109519481658936,0.17779342830181122,0.0915071964263916,0.9497053623199463,0.9995167255401611
2635,87833,MOUTH_RIGHT,0.4841533899307251,0.17742376029491425,-0.016731811687350273,0.9522240161895752,0.9995890259742737
2635,87833,LEFT_SHOULDER,0.4106141924858093,0.23643195629119873,0.45970287919044495,0.899747908115387,0.9990191459655762
2635,87833,RIGHT_SHOULDER,0.4187525808811188,0.23133064806461334,-0.3712669610977173,0.9077802300453186,0.9995660185813904
2635,87833,LEFT_ELBOW,0.4789853096008301,0.32937106490135193,0.4003753066062927,0.11332478374242783,0.9964319467544556
2635,87833,RIGHT_ELBOW,0.4746772050857544,0.33394119143486023,-0.37907519936561584,0.83021479845047,0.9976227879524231
2635,87833,LEFT_WRIST,0.5671620965003967,0.2591034471988678,0.10486087948083878,0.2520749568939209,0.9992781281471252
2635,87833,RIGHT_WRIST,0.5718158483505249,0.26148536801338196,-0.04297135770320892,0.8262205719947815,0.9990805387496948
2635,87833,LEFT_PINKY,0.58208829164505,0.2349560707807541,0.07795244455337524,0.26699015498161316,0.9993470311164856
2635,87833,RIGHT_PINKY,0.5941557884216309,0.23549096286296844,-0.04750999063253403,0.8057097792625427,0.9989184141159058
2635,87833,LEFT_INDEX,0.5815651416778564,0.2261580228805542,0.07333827018737793,0.2674030661582947,0.9992619156837463
2635,87833,RIGHT_INDEX,0.5806965827941895,0.22687400877475739,-0.039052706211805344,0.8000708818435669,0.9988194108009338
2635,87833,LEFT_THUMB,0.5762546062469482,0.23397576808929443,0.08628985285758972,0.258066326379776,0.99933260679245
2635,87833,RIGHT_THUMB,0.5725863575935364,0.23473602533340454,-0.025969156995415688,0.7695648074150085,0.9990085959434509
2635,87833,LEFT_HIP,0.41051533818244934,0.44607797265052795,0.2507036328315735,0.8303654193878174,0.9986661672592163
2635,87833,RIGHT_HIP,0.4244546890258789,0.44528284668922424,-0.25059735774993896,0.8317758440971375,0.9978396892547607
2635,87833,LEFT_KNEE,0.42574506998062134,0.615849494934082,0.28892502188682556,0.1981838494539261,0.9982672929763794
2635,87833,RIGHT_KNEE,0.4350578486919403,0.6204599738121033,-0.2071516513824463,0.6905530095100403,0.9985294342041016
2635,87833,LEFT_ANKLE,0.3768754005432129,0.7728268504142761,0.37568387389183044,0.36666083335876465,0.9965090155601501
2635,87833,RIGHT_ANKLE,0.3887324333190918,0.7896204590797424,-0.13424530625343323,0.7375202775001526,0.99564528465271
2635,87833,LEFT_HEEL,0.3504711389541626,0.8015360236167908,0.3720642328262329,0.4563882052898407,0.9942356944084167
2635,87833,RIGHT_HEEL,0.35816532373428345,0.8177850246429443,-0.13336879014968872,0.7231374382972717,0.9924966096878052
2635,87833,LEFT_FOOT_INDEX,0.4863886535167694,0.7993007302284241,0.2577856779098511,0.5176448225975037,0.9944270849227905
2635,87833,RIGHT_FOOT_INDEX,0.5149149298667908,0.8153162598609924,-0.29421210289001465,0.7469508051872253,0.990832507610321
2636,87867,NOSE,0.48985809087753296,0.16644425690174103,0.029093345627188683,0.975203275680542,0.9993630051612854
2636,87867,LEFT_EYE_INNER,0.47287946939468384,0.1508769541978836,0.05312260612845421,0.9718332290649414,0.9991568326950073
2636,87867,LEFT_EYE,0.46871277689933777,0.15008296072483063,0.05311226472258568,0.9726605415344238,0.9991577863693237
2636,87867,LEFT_EYE_OUTER,0.46470633149147034,0.14933542907238007,0.053053636103868484,0.9732008576393127,0.9990894794464111
2636,87867,RIGHT_EYE_INNER,0.4780009686946869,0.1509992629289627,-0.029621899127960205,0.971518337726593,0.9992175102233887
2636,87867,RIGHT_EYE,0.4775222837924957,0.15042634308338165,-0.02970017120242119,0.9728553891181946,0.9991897940635681
2636,87867,RIGHT_EYE_OUTER,0.47706788778305054,0.14991338551044464,-0.029900146648287773,0.9738607406616211,0.9991757273674011
2636,87867,LEFT_EAR,0.44169166684150696,0.1533128023147583,0.19423916935920715,0.9703776836395264,0.9993046522140503
2636,87867,RIGHT_EAR,0.45844000577926636,0.15489675104618073,-0.17348456382751465,0.9756234884262085,0.9995079040527344
2636,87867,MOUTH_LEFT,0.48101648688316345,0.17780159413814545,0.0908660888671875,0.9546235799789429,0.9995539784431458
2636,87867,MOUTH_RIGHT,0.484180212020874,0.17742647230625153,-0.01581401377916336,0.9568927884101868,0.9996104836463928
2636,87867,LEFT_SHOULDER,0.4102175533771515,0.2364155501127243,0.4581852853298187,0.9095668792724609,0.9991403818130493
2636,87867,RIGHT_SHOULDER,0.4190385043621063,0.23136796057224274,-0.364279568195343,0.9169780611991882,0.999570906162262
2636,87867,LEFT_ELBOW,0.47594138979911804,0.32983022928237915,0.3776346743106842,0.10868648439645767,0.9964271187782288
2636,87867,RIGHT_ELBOW,0.4751036465167999,0.33389735221862793,-0.3386872410774231,0.8445174694061279,0.9972163438796997
2636,87867,LEFT_WRIST,0.5637927651405334,0.2608673572540283,0.10044647753238678,0.24844898283481598,0.9991639852523804
2636,87867,RIGHT_WRIST,0.5724955797195435,0.26085859537124634,0.02723316289484501,0.8380481004714966,0.9986866116523743
2636,87867,LEFT_PINKY,0.5810137391090393,0.23788511753082275,0.07533464580774307,0.26448458433151245,0.999264657497406
2636,87867,RIGHT_PINKY,0.5941954851150513,0.23547019064426422,0.027932314202189445,0.8159932494163513,0.9984562397003174
2636,87867,LEFT_INDEX,0.5786948800086975,0.22772222757339478,0.07171744108200073,0.26475149393081665,0.9991675615310669
2636,87867,RIGHT_INDEX,0.580589234828949,0.22679291665554047,0.0331808477640152,0.8096344470977783,0.9983678460121155
2636,87867,LEFT_THUMB,0.5728545188903809,0.23729826509952545,0.08296920359134674,0.2556535601615906,0.9992202520370483
2636,87867,RIGHT_THUMB,0.5725964307785034,0.23451636731624603,0.04294399917125702,0.7780231237411499,0.9986352324485779
2636,87867,LEFT_HIP,0.4107946455478668,0.4458027184009552,0.2483070194721222,0.8468148708343506,0.9989664554595947
2636,87867,RIGHT_HIP,0.4246481657028198,0.4450312852859497,-0.24820080399513245,0.8480162620544434,0.9981507658958435
2636,87867,LEFT_KNEE,0.42559289932250977,0.6158394813537598,0.27952322363853455,0.2000812590122223,0.9988297820091248
2636,87867,RIGHT_KNEE,0.4355407655239105,0.6203683614730835,-0.19779731333255768,0.7046095132827759,0.9986791014671326
2636,87867,LEFT_ANKLE,0.3754393458366394,0.7738761305809021,0.35170572996139526,0.3747249245643616,0.9974126219749451
2636,87867,RIGHT_ANKLE,0.3886243402957916,0.7899478077888489,-0.12912343442440033,0.7514681220054626,0.996048629283905
2636,87867,LEFT_HEEL,0.3497925102710724,0.8032990097999573,0.3471442461013794,0.46576356887817383,0.9954121708869934
2636,87867,RIGHT_HEEL,0.35810548067092896,0.8181481957435608,-0.1286531388759613,0.7357208132743835,0.9932557344436646
2636,87867,LEFT_FOOT_INDEX,0.483076274394989,0.799125611782074,0.23337207734584808,0.5290012359619141,0.9955949187278748
2636,87867,RIGHT_FOOT_INDEX,0.5150023102760315,0.8152454495429993,-0.27904999256134033,0.7613112330436707,0.9923791885375977
2637,87900,NOSE,0.48877987265586853,0.16674752533435822,0.027284594252705574,0.977612316608429,0.999372661113739
2637,87900,LEFT_EYE_INNER,0.4721977412700653,0.1510791778564453,0.05121215805411339,0.9745802879333496,0.9991650581359863
2637,87900,LEFT_EYE,0.4678810238838196,0.1502891629934311,0.0511980764567852,0.9753147959709167,0.9991760849952698
2637,87900,LEFT_EYE_OUTER,0.46371781826019287,0.14952537417411804,0.05114154517650604,0.975828230381012,0.9991045594215393
2637,87900,RIGHT_EYE_INNER,0.47787046432495117,0.1512412279844284,-0.031146327033638954,0.9742869138717651,0.9992109537124634
2637,87900,RIGHT_EYE,0.47751134634017944,0.15068523585796356,-0.03122750297188759,0.9754898548126221,0.9991795420646667
2637,87900,RIGHT_EYE_OUTER,0.4771140515804291,0.1501811295747757,-0.03142814710736275,0.9764140248298645,0.9991624355316162
2637,87900,LEFT_EAR,0.4413081407546997,0.1535310596227646,0.19258178770542145,0.9731864929199219,0.9992621541023254
2637,87900,RIGHT_EAR,0.45914554595947266,0.1551058143377304,-0.17272157967090607,0.9779917001724243,0.9994310736656189
2637,87900,MOUTH_LEFT,0.4798024296760559,0.17796923220157623,0.0892271026968956,0.9590464234352112,0.9994788765907288
2637,87900,MOUTH_RIGHT,0.48378241062164307,0.1776803731918335,-0.016904721036553383,0.9610911011695862,0.9995230436325073
2637,87900,LEFT_SHOULDER,0.40908464789390564,0.23643237352371216,0.4564555585384369,0.91838139295578,0.9990671277046204
2637,87900,RIGHT_SHOULDER,0.41907864809036255,0.2315474897623062,-0.36341574788093567,0.9252534508705139,0.99949049949646
2637,87900,LEFT_ELBOW,0.47543689608573914,0.32986873388290405,0.37880098819732666,0.10523523390293121,0.9971500039100647
2637,87900,RIGHT_ELBOW,0.477054625749588,0.33361294865608215,-0.34175723791122437,0.8575983643531799,0.9978582262992859
2637,87900,LEFT_WRIST,0.5646136999130249,0.26212969422340393,0.11011642217636108,0.2482147514820099,0.9993452429771423
2637,87900,RIGHT_WRIST,0.5728268623352051,0.2599020004272461,-0.0765857845544815,0.8501560091972351,0.9991876482963562
2637,87900,LEFT_PINKY,0.5811160802841187,0.24146334826946259,0.08753073960542679,0.2648616135120392,0.9993999004364014
2637,87900,RIGHT_PINKY,0.5943225622177124,0.2353552132844925,-0.09207680821418762,0.8276318907737732,0.9990741014480591
2637,87900,LEFT_INDEX,0.5807926654815674,0.22966593503952026,0.08460578322410583,0.26478978991508484,0.9993385672569275
2637,87900,RIGHT_INDEX,0.5805668830871582,0.22676901519298553,-0.06988893449306488,0.8207242488861084,0.9990079998970032
2637,87900,LEFT_THUMB,0.5744632482528687,0.23738603293895721,0.0983491912484169,0.2558058500289917,0.9993950128555298
2637,87900,RIGHT_THUMB,0.5726035237312317,0.2344444841146469,-0.0574471652507782,0.7885147333145142,0.9991745352745056
2637,87900,LEFT_HIP,0.4107249677181244,0.44582632184028625,0.2481251358985901,0.8616535067558289,0.9990636706352234
2637,87900,RIGHT_HIP,0.4246484041213989,0.4450240433216095,-0.24800598621368408,0.8626646995544434,0.9984166622161865
2637,87900,LEFT_KNEE,0.42554277181625366,0.6156892776489258,0.2747674286365509,0.2053416520357132,0.9989662170410156
2637,87900,RIGHT_KNEE,0.4361037611961365,0.6201630234718323,-0.2001461237668991,0.7226992845535278,0.998915433883667
2637,87900,LEFT_ANKLE,0.37359508872032166,0.7738656997680664,0.3498868942260742,0.3891262412071228,0.9980049729347229
2637,87900,RIGHT_ANKLE,0.3885786533355713,0.790008008480072,-0.1289690136909485,0.7689165472984314,0.9971314668655396
2637,87900,LEFT_HEEL,0.3487105369567871,0.80316162109375,0.345186322927475,0.47972506284713745,0.9963719844818115
2637,87900,RIGHT_HEEL,0.3581838309764862,0.8179419636726379,-0.12885688245296478,0.7517282962799072,0.9950946569442749
2637,87900,LEFT_FOOT_INDEX,0.4785683751106262,0.7998788952827454,0.22504036128520966,0.5449514389038086,0.9962515234947205
2637,87900,RIGHT_FOOT_INDEX,0.5117635726928711,0.8152611255645752,-0.2860071361064911,0.7781874537467957,0.9938308000564575
2638,87933,NOSE,0.48900339007377625,0.16651585698127747,0.016895823180675507,0.9797326326370239,0.9988699555397034
2638,87933,LEFT_EYE_INNER,0.47248703241348267,0.15093272924423218,0.04184192791581154,0.9770150780677795,0.9984956979751587
2638,87933,LEFT_EYE,0.4682401716709137,0.15016722679138184,0.04183566942811012,0.9776574969291687,0.9985073208808899
2638,87933,LEFT_EYE_OUTER,0.46407878398895264,0.14942844212055206,0.04178642854094505,0.9781597852706909,0.9984027743339539
2638,87933,RIGHT_EYE_INNER,0.4779355525970459,0.15099814534187317,-0.04131833463907242,0.9767324328422546,0.9986446499824524
2638,87933,RIGHT_EYE,0.4775109589099884,0.1503690928220749,-0.04139547795057297,0.9778115749359131,0.9986259937286377
2638,87933,RIGHT_EYE_OUTER,0.47708967328071594,0.1498109996318817,-0.04160653427243233,0.9786755442619324,0.9986409544944763
2638,87933,LEFT_EAR,0.44161051511764526,0.1531975120306015,0.1891487091779709,0.9756152629852295,0.9987745881080627
2638,87933,RIGHT_EAR,0.45908525586128235,0.15449994802474976,-0.179050475358963,0.9801028966903687,0.9992316961288452
2638,87933,MOUTH_LEFT,0.48014819622039795,0.17766408622264862,0.08117055892944336,0.9629982709884644,0.9992806315422058
2638,87933,MOUTH_RIGHT,0.4839799702167511,0.17722193896770477,-0.0257561095058918,0.964848518371582,0.999413251876831
2638,87933,LEFT_SHOULDER,0.40963834524154663,0.23594528436660767,0.4520052671432495,0.9262838959693909,0.9989016056060791
2638,87933,RIGHT_SHOULDER,0.41598495841026306,0.23148030042648315,-0.36760032176971436,0.9327034950256348,0.99947589635849
2638,87933,LEFT_ELBOW,0.4754556715488434,0.32989710569381714,0.3603210747241974,0.1022077202796936,0.9955762624740601
2638,87933,RIGHT_ELBOW,0.47217443585395813,0.3351646363735199,-0.3609394431114197,0.8693358898162842,0.9966713786125183
2638,87933,LEFT_WRIST,0.5656394958496094,0.26124832034111023,0.05634291097521782,0.2484259009361267,0.9991173148155212
2638,87933,RIGHT_WRIST,0.5722569227218628,0.26009732484817505,-0.05603543668985367,0.8606255054473877,0.9988994598388672
2638,87933,LEFT_PINKY,0.5811543464660645,0.2412469983100891,0.02690874971449375,0.2656542658805847,0.9992269277572632
2638,87933,RIGHT_PINKY,0.5941562652587891,0.2355797290802002,-0.06467074155807495,0.8368616700172424,0.9987244009971619
2638,87933,LEFT_INDEX,0.5811355710029602,0.23157089948654175,0.026477081701159477,0.2651907205581665,0.9990988969802856
2638,87933,RIGHT_INDEX,0.5791956782341003,0.2270265817642212,-0.05367495119571686,0.8293051719665527,0.998601496219635
2638,87933,LEFT_THUMB,0.5734102129936218,0.23737192153930664,0.0397731214761734,0.2561223804950714,0.9991875290870667
2638,87933,RIGHT_THUMB,0.571189820766449,0.23477517068386078,-0.039032623171806335,0.7960780262947083,0.9988259673118591
2638,87933,LEFT_HIP,0.41131845116615295,0.44580546021461487,0.24830862879753113,0.8747485280036926,0.9984692931175232
2638,87933,RIGHT_HIP,0.4245348870754242,0.4448128938674927,-0.24819321930408478,0.875592052936554,0.9972797632217407
2638,87933,LEFT_KNEE,0.4256509840488434,0.615662157535553,0.2753783166408539,0.20682182908058167,0.9978328347206116
2638,87933,RIGHT_KNEE,0.43708115816116333,0.6200738549232483,-0.20227845013141632,0.7349072098731995,0.9980884194374084
2638,87933,LEFT_ANKLE,0.37361061573028564,0.7738633155822754,0.35422763228416443,0.39400073885917664,0.9951634407043457
2638,87933,RIGHT_ANKLE,0.3892267942428589,0.7899519801139832,-0.126448392868042,0.7806455492973328,0.9937864542007446
2638,87933,LEFT_HEEL,0.3486429452896118,0.8034334182739258,0.3499249219894409,0.4866402745246887,0.9917919635772705
2638,87933,RIGHT_HEEL,0.3584131598472595,0.8177899718284607,-0.1259765923023224,0.761725664138794,0.9892242550849915
2638,87933,LEFT_FOOT_INDEX,0.4779861271381378,0.7998204827308655,0.2281467467546463,0.5517861843109131,0.9919593930244446
2638,87933,RIGHT_FOOT_INDEX,0.5118554830551147,0.8153077960014343,-0.28585824370384216,0.7895344495773315,0.9871619343757629
2639,87967,NOSE,0.4889172613620758,0.16512607038021088,0.021546620875597,0.9816621541976929,0.9990020394325256
2639,87967,LEFT_EYE_INNER,0.472429096698761,0.14993883669376373,0.04593764618039131,0.9792282581329346,0.9986924529075623
2639,87967,LEFT_EYE,0.4681156575679779,0.14921027421951294,0.04592359811067581,0.9797937273979187,0.9986996650695801
2639,87967,LEFT_EYE_OUTER,0.46389585733413696,0.1485120803117752,0.045872677117586136,0.9802767634391785,0.9986028075218201
2639,87967,RIGHT_EYE_INNER,0.4779498875141144,0.15000057220458984,-0.03491830453276634,0.9789556860923767,0.998791515827179
2639,87967,RIGHT_EYE,0.4775850772857666,0.149406298995018,-0.03500360623002052,0.9799251556396484,0.9987655878067017
2639,87967,RIGHT_EYE_OUTER,0.4772752523422241,0.14886239171028137,-0.03521793335676193,0.9807291626930237,0.9987643957138062
2639,87967,LEFT_EAR,0.4415818452835083,0.1524011641740799,0.18921522796154022,0.9778679013252258,0.9989351630210876
2639,87967,RIGHT_EAR,0.4599650502204895,0.1538711041212082,-0.16985377669334412,0.9820123910903931,0.9992727637290955
2639,87967,MOUTH_LEFT,0.47997087240219116,0.1764584332704544,0.08380424231290817,0.9665696024894714,0.9993385672569275
2639,87967,MOUTH_RIGHT,0.483955055475235,0.175831601023674,-0.020350703969597816,0.9682413339614868,0.9994237422943115
2639,87967,LEFT_SHOULDER,0.4095260500907898,0.23585009574890137,0.44807982444763184,0.9334092736244202,0.9988749623298645
2639,87967,RIGHT_SHOULDER,0.4168366491794586,0.2313443273305893,-0.35687974095344543,0.9394057393074036,0.9994370341300964
2639,87967,LEFT_ELBOW,0.4751649796962738,0.33059296011924744,0.35970932245254517,0.09946689009666443,0.9955665469169617
2639,87967,RIGHT_ELBOW,0.4795461595058441,0.33471059799194336,-0.3300798833370209,0.8794699907302856,0.9964030981063843
2639,87967,LEFT_WRIST,0.5650514960289001,0.26122817397117615,0.08328860253095627,0.2469082474708557,0.9990069270133972
2639,87967,RIGHT_WRIST,0.5728522539138794,0.2572735846042633,0.018048644065856934,0.8689205050468445,0.9984889030456543
2639,87967,LEFT_PINKY,0.5812085866928101,0.23919856548309326,0.05753079429268837,0.26450562477111816,0.9991135001182556
2639,87967,RIGHT_PINKY,0.5942022204399109,0.23330427706241608,0.01708916388452053,0.8438311815261841,0.998234748840332
2639,87967,LEFT_INDEX,0.5805337429046631,0.23137497901916504,0.055309586226940155,0.26385992765426636,0.9990027546882629
2639,87967,RIGHT_INDEX,0.5791426301002502,0.22490175068378448,0.0228942409157753,0.8356035947799683,0.9981151819229126
2639,87967,LEFT_THUMB,0.5733230710029602,0.23676319420337677,0.06675798445940018,0.2546038329601288,0.9990886449813843
2639,87967,RIGHT_THUMB,0.571219265460968,0.23191358149051666,0.03355016931891441,0.8015137910842896,0.9984353184700012
2639,87967,LEFT_HIP,0.4113987684249878,0.4453398883342743,0.24486415088176727,0.8866753578186035,0.9985961318016052
2639,87967,RIGHT_HIP,0.4245290756225586,0.44432875514030457,-0.24474437534809113,0.887399435043335,0.9976426959037781
2639,87967,LEFT_KNEE,0.42599037289619446,0.6151115894317627,0.2665843963623047,0.2079455554485321,0.9984433054924011
2639,87967,RIGHT_KNEE,0.43737301230430603,0.619602620601654,-0.19897067546844482,0.7456063032150269,0.9984545707702637
2639,87967,LEFT_ANKLE,0.37363743782043457,0.7738704085350037,0.3338207006454468,0.39906764030456543,0.9964894652366638
2639,87967,RIGHT_ANKLE,0.3892121911048889,0.7901728749275208,-0.1248340830206871,0.7909262180328369,0.9948187470436096
2639,87967,LEFT_HEEL,0.34869974851608276,0.803389310836792,0.32838061451911926,0.4922710657119751,0.9938616752624512
2639,87967,RIGHT_HEEL,0.35841572284698486,0.817940890789032,-0.12420196831226349,0.7706831097602844,0.9908815622329712
2639,87967,LEFT_FOOT_INDEX,0.4779951274394989,0.799764096736908,0.2108154445886612,0.5594255328178406,0.9940299987792969
2639,87967,RIGHT_FOOT_INDEX,0.5129460692405701,0.815299928188324,-0.285114049911499,0.8000699877738953,0.989593505859375
2640,88000,NOSE,0.4888538122177124,0.1669393628835678,0.026232847943902016,0.983456552028656,0.9995017051696777
2640,88000,LEFT_EYE_INNER,0.4725789725780487,0.15125159919261932,0.04898187145590782,0.9812648296356201,0.9993317723274231
2640,88000,LEFT_EYE,0.46837741136550903,0.15039807558059692,0.048976585268974304,0.9817659854888916,0.9993284940719604
2640,88000,LEFT_EYE_OUTER,0.46427908539772034,0.1495889276266098,0.048927318304777145,0.9822167158126831,0.9992685914039612
2640,88000,RIGHT_EYE_INNER,0.47794023156166077,0.15144716203212738,-0.029325025156140327,0.9810177087783813,0.9993892908096313
2640,88000,RIGHT_EYE,0.47752809524536133,0.15084557235240936,-0.029391171410679817,0.9818893074989319,0.9993773102760315
2640,88000,RIGHT_EYE_OUTER,0.4771358072757721,0.15032200515270233,-0.0295708104968071,0.9826244711875916,0.9993784427642822
2640,88000,LEFT_EAR,0.44158315658569336,0.15295350551605225,0.1888231784105301,0.9799962043762207,0.9994309544563293
2640,88000,RIGHT_EAR,0.45904970169067383,0.15479283034801483,-0.16432546079158783,0.9837753176689148,0.9996203184127808
2640,88000,MOUTH_LEFT,0.47989797592163086,0.17787231504917145,0.08600664138793945,0.9698483347892761,0.9995768666267395
2640,88000,MOUTH_RIGHT,0.4835280776023865,0.17747469246387482,-0.015446831472218037,0.9713621139526367,0.9996507167816162
2640,88000,LEFT_SHOULDER,0.405030757188797,0.2358711212873459,0.433821439743042,0.9398919343948364,0.999244213104248
2640,88000,RIGHT_SHOULDER,0.4160362482070923,0.23137547075748444,-0.334982693195343,0.945448100566864,0.9996328353881836
2640,88000,LEFT_ELBOW,0.47534671425819397,0.3290663957595825,0.38170185685157776,0.10006266087293625,0.997297465801239
2640,88000,RIGHT_ELBOW,0.481290727853775,0.3340984582901001,-0.30850017070770264,0.8895925283432007,0.9973708391189575
2640,88000,LEFT_WRIST,0.563862681388855,0.25705963373184204,0.2141581028699875,0.2536002993583679,0.9995347261428833
2640,88000,RIGHT_WRIST,0.5727998614311218,0.25728291273117065,0.03086085431277752,0.8779704570770264,0.998984158039093
2640,88000,LEFT_PINKY,0.5723706483840942,0.23234684765338898,0.20451343059539795,0.2697764039039612,0.9995380640029907
2640,88000,RIGHT_PINKY,0.5936776399612427,0.2333575040102005,0.03282758221030235,0.8522042632102966,0.9987793564796448
2640,88000,LEFT_INDEX,0.5781115293502808,0.2265360802412033,0.2055252641439438,0.26865118741989136,0.9994731545448303
2640,88000,RIGHT_INDEX,0.5791149139404297,0.22494816780090332,0.0407814085483551,0.8436800241470337,0.998683512210846
2640,88000,LEFT_THUMB,0.5685531497001648,0.23198682069778442,0.20305991172790527,0.25872868299484253,0.9995427131652832
2640,88000,RIGHT_THUMB,0.5708097815513611,0.23195099830627441,0.046857837587594986,0.8094594478607178,0.9989509582519531
2640,88000,LEFT_HIP,0.4111064672470093,0.44493362307548523,0.23544257879257202,0.8975022435188293,0.999046266078949
2640,88000,RIGHT_HIP,0.42473459243774414,0.4438152313232422,-0.23527392745018005,0.8981695771217346,0.9984595775604248
2640,88000,LEFT_KNEE,0.42592447996139526,0.6149945855140686,0.2546798586845398,0.21562303602695465,0.9989952445030212
2640,88000,RIGHT_KNEE,0.4384189248085022,0.619535505771637,-0.19132263958454132,0.7606889009475708,0.9990302324295044
2640,88000,LEFT_ANKLE,0.37365129590034485,0.7738612294197083,0.3148588538169861,0.4107939898967743,0.9976256489753723
2640,88000,RIGHT_ANKLE,0.3905177414417267,0.7903779149055481,-0.12676240503787994,0.8046098947525024,0.9960882663726807
2640,88000,LEFT_HEEL,0.3484207093715668,0.8034500479698181,0.3098151683807373,0.5026254057884216,0.9956541061401367
2640,88000,RIGHT_HEEL,0.35888463258743286,0.8178887367248535,-0.12709546089172363,0.7833381295204163,0.9926967024803162
2640,88000,LEFT_FOOT_INDEX,0.4780113995075226,0.7997035980224609,0.2020721137523651,0.5744879245758057,0.995378851890564
2640,88000,RIGHT_FOOT_INDEX,0.5130294561386108,0.8153746724128723,-0.2847200930118561,0.8131158947944641,0.9908022880554199
2641,88033,NOSE,0.4854014217853546,0.16644756495952606,0.028475726023316383,0.9850336909294128,0.9992550015449524
2641,88033,LEFT_EYE_INNER,0.469395250082016,0.15094320476055145,0.05183003842830658,0.9830725193023682,0.9989497065544128
2641,88033,LEFT_EYE,0.46493926644325256,0.15015240013599396,0.051827553659677505,0.9835126996040344,0.9989475607872009
2641,88033,LEFT_EYE_OUTER,0.46078261733055115,0.14941096305847168,0.051784027367830276,0.9839428663253784,0.9988552331924438
2641,88033,RIGHT_EYE_INNER,0.47587457299232483,0.151102215051651,-0.02704158052802086,0.9828353524208069,0.9990395903587341
2641,88033,RIGHT_EYE,0.4759363830089569,0.1505378931760788,-0.027116592973470688,0.983616292476654,0.9990072846412659
2641,88033,RIGHT_EYE_OUTER,0.47601914405822754,0.15003736317157745,-0.027307162061333656,0.9842981100082397,0.9989911913871765
2641,88033,LEFT_EAR,0.44010815024375916,0.15295983850955963,0.19245408475399017,0.9818410277366638,0.9990940093994141
2641,88033,RIGHT_EAR,0.4590223729610443,0.15478895604610443,-0.16035084426403046,0.9853363633155823,0.9994114637374878
2641,88033,MOUTH_LEFT,0.47661638259887695,0.17750360071659088,0.0889466255903244,0.9727615714073181,0.9994922876358032
2641,88033,MOUTH_RIGHT,0.4813847839832306,0.17694585025310516,-0.012758646160364151,0.9741244912147522,0.9995625615119934
2641,88033,LEFT_SHOULDER,0.4052533209323883,0.2358892560005188,0.4410353899002075,0.9456926584243774,0.9990254640579224
2641,88033,RIGHT_SHOULDER,0.41604697704315186,0.23162280023097992,-0.3415698707103729,0.9508816003799438,0.999546229839325
2641,88033,LEFT_ELBOW,0.4743654727935791,0.329582154750824,0.35470131039619446,0.09729757159948349,0.9958998560905457
2641,88033,RIGHT_ELBOW,0.4799230396747589,0.3341057300567627,-0.32001978158950806,0.8983328342437744,0.9971887469291687
2641,88033,LEFT_WRIST,0.5629123449325562,0.25961729884147644,0.05057396739721298,0.25362420082092285,0.9991635084152222
2641,88033,RIGHT_WRIST,0.5724191665649414,0.25810736417770386,0.030723590403795242,0.8853585720062256,0.9988777041435242
2641,88033,LEFT_PINKY,0.5729544758796692,0.23645152151584625,0.021070104092359543,0.27054744958877563,0.9992645382881165
2641,88033,RIGHT_PINKY,0.593390166759491,0.23413310945034027,0.031049398705363274,0.8585788607597351,0.9986876845359802
2641,88033,LEFT_INDEX,0.578542172908783,0.22768723964691162,0.021304495632648468,0.2692258954048157,0.9991607666015625
2641,88033,RIGHT_INDEX,0.5777148604393005,0.22573278844356537,0.03782966360449791,0.8494980931282043,0.998548686504364
2641,88033,LEFT_THUMB,0.568231999874115,0.23629385232925415,0.033869463950395584,0.2594220042228699,0.9992331266403198
2641,88033,RIGHT_THUMB,0.5698442459106445,0.23253929615020752,0.04709767922759056,0.814780056476593,0.9987794756889343
2641,88033,LEFT_HIP,0.41149282455444336,0.4439191520214081,0.23667703568935394,0.9071533679962158,0.9985455274581909
2641,88033,RIGHT_HIP,0.4246705174446106,0.4430494010448456,-0.2365531474351883,0.9076705574989319,0.9975874423980713
2641,88033,LEFT_KNEE,0.4263206720352173,0.6144742369651794,0.2582331597805023,0.2135673314332962,0.9981207251548767
2641,88033,RIGHT_KNEE,0.4388236403465271,0.618971049785614,-0.19819727540016174,0.769281804561615,0.9983939528465271
2641,88033,LEFT_ANKLE,0.3737154006958008,0.7737154364585876,0.3218843936920166,0.410815566778183,0.9957789182662964
2641,88033,RIGHT_ANKLE,0.3908747434616089,0.7904048562049866,-0.13636420667171478,0.8127339482307434,0.9945788383483887
2641,88033,LEFT_HEEL,0.3485439419746399,0.8034493327140808,0.3164933919906616,0.5051349401473999,0.9927627444267273
2641,88033,RIGHT_HEEL,0.36040589213371277,0.8178836703300476,-0.13656315207481384,0.7903635501861572,0.9905331134796143
2641,88033,LEFT_FOOT_INDEX,0.47756239771842957,0.7996423244476318,0.20404648780822754,0.5767754316329956,0.9931282997131348
2641,88033,RIGHT_FOOT_INDEX,0.5130932927131653,0.8154823184013367,-0.2947166860103607,0.8210527300834656,0.9888047575950623
2642,88067,NOSE,0.4848247468471527,0.1664816290140152,0.02889173850417137,0.9864433407783508,0.9994638562202454
2642,88067,LEFT_EYE_INNER,0.4691978096961975,0.15105026960372925,0.05222596600651741,0.9846961498260498,0.9992061257362366
2642,88067,LEFT_EYE,0.46478742361068726,0.1502613127231598,0.052235815674066544,0.9850828647613525,0.9991905093193054
2642,88067,LEFT_EYE_OUTER,0.4606459438800812,0.1495257467031479,0.052202414721250534,0.9854914546012878,0.9991087317466736
2642,88067,RIGHT_EYE_INNER,0.4755484163761139,0.1512060910463333,-0.027497252449393272,0.9844646453857422,0.9992838501930237
2642,88067,RIGHT_EYE,0.47561997175216675,0.15064014494419098,-0.027577923610806465,0.9851657748222351,0.9992563128471375
2642,88067,RIGHT_EYE_OUTER,0.47572794556617737,0.15013910830020905,-0.02777319960296154,0.9857953786849976,0.9992374181747437
2642,88067,LEFT_EAR,0.43995824456214905,0.15310658514499664,0.1934402585029602,0.9834874868392944,0.9993379712104797
2642,88067,RIGHT_EAR,0.45900970697402954,0.15493056178092957,-0.16233395040035248,0.9867448210716248,0.9996045231819153
2642,88067,MOUTH_LEFT,0.47622016072273254,0.17752806842327118,0.08986803144216537,0.9753776788711548,0.9996904134750366
2642,88067,MOUTH_RIGHT,0.48083585500717163,0.17697198688983917,-0.012907419353723526,0.9766058921813965,0.9997443556785583
2642,88067,LEFT_SHOULDER,0.40508517622947693,0.2357543259859085,0.44238048791885376,0.9509926438331604,0.999371349811554
2642,88067,RIGHT_SHOULDER,0.41682231426239014,0.23162847757339478,-0.3428123891353607,0.9557769894599915,0.9997040629386902
2642,88067,LEFT_ELBOW,0.4724354147911072,0.330143004655838,0.3076328933238983,0.0948953926563263,0.9968206882476807
2642,88067,RIGHT_ELBOW,0.4819874167442322,0.3339341878890991,-0.2945067882537842,0.9055801033973694,0.9972648620605469
2642,88067,LEFT_WRIST,0.5608308911323547,0.2603101432323456,-0.058537062257528305,0.25475817918777466,0.9993566870689392
2642,88067,RIGHT_WRIST,0.5699365139007568,0.2587982416152954,0.14707937836647034,0.8907368779182434,0.9989826083183289
2642,88067,LEFT_PINKY,0.5732641816139221,0.23637324571609497,-0.09934324026107788,0.27185794711112976,0.9994288086891174
2642,88067,RIGHT_PINKY,0.5908223986625671,0.23491217195987701,0.1617823988199234,0.8622923493385315,0.9988388419151306
2642,88067,LEFT_INDEX,0.5764480233192444,0.22725731134414673,-0.0921398177742958,0.2705834209918976,0.999319314956665
2642,88067,RIGHT_INDEX,0.5755149126052856,0.2267797589302063,0.15699009597301483,0.8525490164756775,0.9986822009086609
2642,88067,LEFT_THUMB,0.5670902132987976,0.23628751933574677,-0.074772410094738,0.2611709535121918,0.9993840456008911
2642,88067,RIGHT_THUMB,0.5668174624443054,0.2334473729133606,0.1621612161397934,0.8172982335090637,0.9989017248153687
2642,88067,LEFT_HIP,0.4115065634250641,0.44386276602745056,0.24125957489013672,0.9160111546516418,0.9989996552467346
2642,88067,RIGHT_HIP,0.42467743158340454,0.4429929256439209,-0.24131660163402557,0.9163451790809631,0.998256504535675
2642,88067,LEFT_KNEE,0.4270671308040619,0.6140314936637878,0.2619032859802246,0.20873592793941498,0.9988555908203125
2642,88067,RIGHT_KNEE,0.4398863613605499,0.6186742186546326,-0.1981857568025589,0.7704764604568481,0.9988685846328735
2642,88067,LEFT_ANKLE,0.3736538589000702,0.7736210227012634,0.32765787839889526,0.407621830701828,0.9971920847892761
2642,88067,RIGHT_ANKLE,0.390864759683609,0.7903103828430176,-0.1360248476266861,0.8164974451065063,0.9960021376609802
2642,88067,LEFT_HEEL,0.3482345640659332,0.8035728335380554,0.32231605052948,0.5059448480606079,0.9951861500740051
2642,88067,RIGHT_HEEL,0.36052438616752625,0.8174940943717957,-0.1351211816072464,0.793717086315155,0.9931208491325378
2642,88067,LEFT_FOOT_INDEX,0.4756661057472229,0.7994216084480286,0.2102733552455902,0.5761343836784363,0.9954192638397217
2642,88067,RIGHT_FOOT_INDEX,0.5126992464065552,0.8154582381248474,-0.28098344802856445,0.8255457282066345,0.9924889802932739
2643,88100,NOSE,0.4848707318305969,0.16651417315006256,0.0252393651753664,0.987699568271637,0.9992679953575134
2643,88100,LEFT_EYE_INNER,0.4693170189857483,0.15117432177066803,0.04856136813759804,0.9861471652984619,0.9989622831344604
2643,88100,LEFT_EYE,0.46501094102859497,0.1503780037164688,0.04857305437326431,0.9864820837974548,0.998945415019989
2643,88100,LEFT_EYE_OUTER,0.46098020672798157,0.14963018894195557,0.04853680357336998,0.9868760108947754,0.9988479614257812
2643,88100,RIGHT_EYE_INNER,0.4755392074584961,0.15129463374614716,-0.031387899070978165,0.9859216213226318,0.9990792274475098
2643,88100,RIGHT_EYE,0.47553563117980957,0.1507081836462021,-0.03147284686565399,0.9865495562553406,0.999055802822113
2643,88100,RIGHT_EYE_OUTER,0.4755326211452484,0.15019191801548004,-0.031662773340940475,0.9871373772621155,0.999049723148346
2643,88100,LEFT_EAR,0.44003602862358093,0.15314999222755432,0.19014963507652283,0.9849562644958496,0.9991542100906372
2643,88100,RIGHT_EAR,0.4587489664554596,0.15499231219291687,-0.16610309481620789,0.9880056381225586,0.9994968175888062
2643,88100,MOUTH_LEFT,0.476226806640625,0.17752693593502045,0.08653970807790756,0.9777224063873291,0.9995649456977844
2643,88100,MOUTH_RIGHT,0.48066577315330505,0.17697025835514069,-0.016426021233201027,0.9788328409194946,0.9996486902236938
2643,88100,LEFT_SHOULDER,0.4049828350543976,0.23569880425930023,0.4375309944152832,0.9557315707206726,0.9992231130599976
2643,88100,RIGHT_SHOULDER,0.4162679612636566,0.23169587552547455,-0.34654316306114197,0.9601809978485107,0.99964439868927
2643,88100,LEFT_ELBOW,0.4727857708930969,0.3295544683933258,0.3158206641674042,0.09205888211727142,0.996471643447876
2643,88100,RIGHT_ELBOW,0.48192891478538513,0.33385536074638367,-0.3049747049808502,0.912431538105011,0.9969483017921448
2643,88100,LEFT_WRIST,0.5599881410598755,0.2613798677921295,-0.02391965687274933,0.2521663010120392,0.9991660118103027
2643,88100,RIGHT_WRIST,0.5681920051574707,0.2610502243041992,0.10498285293579102,0.8959755897521973,0.9987655878067017
2643,88100,LEFT_PINKY,0.5736173391342163,0.23692311346530914,-0.0605987049639225,0.27007901668548584,0.999264657497406
2643,88100,RIGHT_PINKY,0.5901099443435669,0.23683346807956696,0.11335796117782593,0.866279125213623,0.9985888600349426
2643,88100,LEFT_INDEX,0.5770111680030823,0.22955751419067383,-0.05817321315407753,0.2689254879951477,0.9991331696510315
2643,88100,RIGHT_INDEX,0.5742038488388062,0.22881805896759033,0.1113629937171936,0.8561351895332336,0.9984354376792908
2643,88100,LEFT_THUMB,0.5667018890380859,0.23679329454898834,-0.0410001203417778,0.2600005567073822,0.9992117881774902
2643,88100,RIGHT_THUMB,0.5648605823516846,0.23534904420375824,0.11981826275587082,0.8204159736633301,0.9986856579780579
2643,88100,LEFT_HIP,0.41150912642478943,0.4438556432723999,0.24136389791965485,0.9238776564598083,0.998865008354187
2643,88100,RIGHT_HIP,0.42461490631103516,0.4429910182952881,-0.2414035052061081,0.9240937232971191,0.9980180263519287
2643,88100,LEFT_KNEE,0.42765164375305176,0.6140221953392029,0.2646472156047821,0.20681606233119965,0.9984971284866333
2643,88100,RIGHT_KNEE,0.44103097915649414,0.6186677813529968,-0.19483524560928345,0.7738816142082214,0.9986353516578674
2643,88100,LEFT_ANKLE,0.3737066388130188,0.7734394669532776,0.33151137828826904,0.40464919805526733,0.9962952733039856
2643,88100,RIGHT_ANKLE,0.3912603557109833,0.7902937531471252,-0.1264038234949112,0.8206520676612854,0.9946388602256775
2643,88100,LEFT_HEEL,0.3482978940010071,0.8035509586334229,0.3265482187271118,0.5058444738388062,0.9936866164207458
2643,88100,RIGHT_HEEL,0.3610062301158905,0.8174803256988525,-0.12475337088108063,0.797542929649353,0.990605890750885
2643,88100,LEFT_FOOT_INDEX,0.4755779206752777,0.7989634871482849,0.21234577894210815,0.5750172138214111,0.9941298961639404
2643,88100,RIGHT_FOOT_INDEX,0.5137138366699219,0.8154491782188416,-0.2692425847053528,0.8296550512313843,0.9897659420967102
2644,88133,NOSE,0.48151764273643494,0.16646137833595276,0.036764033138751984,0.9888888001441956,0.9995207786560059
2644,88133,LEFT_EYE_INNER,0.46633151173591614,0.1511915624141693,0.05970935896039009,0.9874990582466125,0.9993033409118652
2644,88133,LEFT_EYE,0.46193379163742065,0.15042313933372498,0.05974660813808441,0.9877969622612,0.9992839694023132
2644,88133,LEFT_EYE_OUTER,0.4578794538974762,0.1497197300195694,0.059731148183345795,0.9881603717803955,0.9992014765739441
2644,88133,RIGHT_EYE_INNER,0.4731086492538452,0.15130534768104553,-0.018712427467107773,0.9872896671295166,0.9993864297866821
2644,88133,RIGHT_EYE,0.4734095633029938,0.15072563290596008,-0.018813136965036392,0.9878552556037903,0.999369204044342
2644,88133,RIGHT_EYE_OUTER,0.4737914502620697,0.15022136270999908,-0.01900668442249298,0.9883908629417419,0.9993602633476257
2644,88133,LEFT_EAR,0.43761134147644043,0.15361714363098145,0.19937856495380402,0.9863826036453247,0.999363362789154
2644,88133,RIGHT_EAR,0.456476092338562,0.15523843467235565,-0.14888542890548706,0.9891795516014099,0.9996671676635742
2644,88133,MOUTH_LEFT,0.4728659391403198,0.1775260716676712,0.09710991382598877,0.9799018502235413,0.9996820688247681
2644,88133,MOUTH_RIGHT,0.47811973094940186,0.17695796489715576,-0.0037567894905805588,0.9809041619300842,0.9997515082359314
2644,88133,LEFT_SHOULDER,0.4050281345844269,0.23646283149719238,0.44381478428840637,0.9600193500518799,0.9991324543952942
2644,88133,RIGHT_SHOULDER,0.4162536561489105,0.2319054752588272,-0.33990567922592163,0.964148223400116,0.9996951818466187
2644,88133,LEFT_ELBOW,0.47280052304267883,0.3298884332180023,0.2911853492259979,0.09081116318702698,0.9950697422027588
2644,88133,RIGHT_ELBOW,0.4810068905353546,0.3337309658527374,-0.27628713846206665,0.9185348153114319,0.9968632459640503
2644,88133,LEFT_WRIST,0.5600283145904541,0.26328983902931213,-0.09008436650037766,0.2509564161300659,0.9988254904747009
2644,88133,RIGHT_WRIST,0.5640833377838135,0.26466307044029236,0.14273473620414734,0.8992788791656494,0.9984197616577148
2644,88133,LEFT_PINKY,0.5738412141799927,0.24095110595226288,-0.13303504884243011,0.26879557967185974,0.9990204572677612
2644,88133,RIGHT_PINKY,0.58726567029953,0.2404232770204544,0.15633928775787354,0.8677262663841248,0.9981787204742432
2644,88133,LEFT_INDEX,0.5770591497421265,0.23155783116817474,-0.12714609503746033,0.2676208019256592,0.9988505840301514
2644,88133,RIGHT_INDEX,0.5721505284309387,0.23201990127563477,0.15156014263629913,0.8568184971809387,0.9979376792907715
2644,88133,LEFT_THUMB,0.5655139684677124,0.2412572056055069,-0.10717108845710754,0.25907957553863525,0.9989251494407654
2644,88133,RIGHT_THUMB,0.5622991323471069,0.23900668323040009,0.15697737038135529,0.8204306960105896,0.9982584118843079
2644,88133,LEFT_HIP,0.4120691120624542,0.4434559643268585,0.24195297062397003,0.9310348033905029,0.9985440969467163
2644,88133,RIGHT_HIP,0.4244779944419861,0.44243547320365906,-0.24204526841640472,0.931132435798645,0.9978164434432983
2644,88133,LEFT_KNEE,0.42870455980300903,0.613983690738678,0.2571149170398712,0.20834457874298096,0.9983502626419067
2644,88133,RIGHT_KNEE,0.44163748621940613,0.61849045753479,-0.20978039503097534,0.7841920256614685,0.9987050294876099
2644,88133,LEFT_ANKLE,0.3737306594848633,0.7734897136688232,0.2987685203552246,0.41085436940193176,0.996187150478363
2644,88133,RIGHT_ANKLE,0.39142554998397827,0.790323793888092,-0.16075532138347626,0.8292069435119629,0.9948765635490417
2644,88133,LEFT_HEEL,0.3484112620353699,0.8035908341407776,0.29069074988365173,0.5125046372413635,0.993465006351471
2644,88133,RIGHT_HEEL,0.3618437349796295,0.8174468874931335,-0.16130492091178894,0.8043011426925659,0.9909303784370422
2644,88133,LEFT_FOOT_INDEX,0.47500255703926086,0.799051821231842,0.17712770402431488,0.5819242596626282,0.9931643605232239
2644,88133,RIGHT_FOOT_INDEX,0.5134401321411133,0.815558910369873,-0.3133557438850403,0.8375365138053894,0.9888049364089966
2645,88167,NOSE,0.48151102662086487,0.1665794849395752,0.0403561145067215,0.9899303317070007,0.9994831085205078
2645,88167,LEFT_EYE_INNER,0.4664577841758728,0.1514267772436142,0.06369458884000778,0.9886943101882935,0.9992191791534424
2645,88167,LEFT_EYE,0.46204641461372375,0.1506793051958084,0.06372810155153275,0.9889546632766724,0.9991989731788635
2645,88167,LEFT_EYE_OUTER,0.4579567611217499,0.14999453723430634,0.06370954215526581,0.989298403263092,0.9991100430488586
2645,88167,RIGHT_EYE_INNER,0.47305938601493835,0.1515229046344757,-0.016404466703534126,0.9884917140007019,0.9993047714233398
2645,88167,RIGHT_EYE,0.4732608199119568,0.1509634405374527,-0.01649843156337738,0.9889998435974121,0.9992789626121521
2645,88167,RIGHT_EYE_OUTER,0.4735304117202759,0.15048719942569733,-0.016687599942088127,0.9894943237304688,0.9992608428001404
2645,88167,LEFT_EAR,0.43764686584472656,0.1539556235074997,0.20467396080493927,0.9876166582107544,0.9993601441383362
2645,88167,RIGHT_EAR,0.4563266634941101,0.15562543272972107,-0.1506607085466385,0.990218460559845,0.9996334314346313
2645,88167,MOUTH_LEFT,0.4728453457355499,0.1777307540178299,0.10141871869564056,0.9818259477615356,0.9997063279151917
2645,88167,MOUTH_RIGHT,0.4777931571006775,0.17717428505420685,-0.0015591668197885156,0.9827296137809753,0.9997684359550476
2645,88167,LEFT_SHOULDER,0.4044351577758789,0.23646031320095062,0.44716477394104004,0.9638993144035339,0.9993529915809631
2645,88167,RIGHT_SHOULDER,0.41625770926475525,0.23191453516483307,-0.3419664800167084,0.9677194952964783,0.9997348189353943
2645,88167,LEFT_ELBOW,0.47188320755958557,0.3300224840641022,0.2911810576915741,0.08909742534160614,0.9962248802185059
2645,88167,RIGHT_ELBOW,0.48564642667770386,0.33276960253715515,-0.27066004276275635,0.9239912629127502,0.9969948530197144
2645,88167,LEFT_WRIST,0.5591910481452942,0.2631184160709381,-0.09320340305566788,0.25091999769210815,0.9991605281829834
2645,88167,RIGHT_WRIST,0.5638130903244019,0.2638176381587982,0.17892126739025116,0.9034746289253235,0.9988177418708801
2645,88167,LEFT_PINKY,0.5739111304283142,0.23995770514011383,-0.13817891478538513,0.268698126077652,0.9992690682411194
2645,88167,RIGHT_PINKY,0.5859933495521545,0.239676833152771,0.19641976058483124,0.8706689476966858,0.9986332058906555
2645,88167,LEFT_INDEX,0.5771487951278687,0.23151494562625885,-0.1291991025209427,0.2676094174385071,0.9991393089294434
2645,88167,RIGHT_INDEX,0.5709632039070129,0.23189841210842133,0.19115616381168365,0.8593261241912842,0.9984612464904785
2645,88167,LEFT_THUMB,0.5651053786277771,0.24045711755752563,-0.10932252556085587,0.2594236135482788,0.9992152452468872
2645,88167,RIGHT_THUMB,0.5609666705131531,0.23870153725147247,0.1942255198955536,0.8226537704467773,0.9987266659736633
2645,88167,LEFT_HIP,0.41209936141967773,0.44348374009132385,0.24241501092910767,0.9375022649765015,0.9988313317298889
2645,88167,RIGHT_HIP,0.4244740605354309,0.44248485565185547,-0.2425432652235031,0.9374983310699463,0.9980807304382324
2645,88167,LEFT_KNEE,0.4294673204421997,0.613839328289032,0.2597600817680359,0.20518556237220764,0.9985802173614502
2645,88167,RIGHT_KNEE,0.4425627887248993,0.6184492111206055,-0.20565079152584076,0.7851449251174927,0.998738706111908
2645,88167,LEFT_ANKLE,0.3737308382987976,0.7733771800994873,0.30850496888160706,0.4087721109390259,0.996387243270874
2645,88167,RIGHT_ANKLE,0.39106887578964233,0.7902870774269104,-0.144903764128685,0.8314548134803772,0.9950835704803467
2645,88167,LEFT_HEEL,0.3479595482349396,0.8035921454429626,0.30175983905792236,0.5129669904708862,0.9939572811126709
2645,88167,RIGHT_HEEL,0.36105120182037354,0.8170320391654968,-0.14245206117630005,0.8060241937637329,0.9915664792060852
2645,88167,LEFT_FOOT_INDEX,0.47405335307121277,0.7990293502807617,0.1790744960308075,0.5813902616500854,0.9941978454589844
2645,88167,RIGHT_FOOT_INDEX,0.512669563293457,0.8155713677406311,-0.2780311405658722,0.8402632474899292,0.9906140565872192
2646,88200,NOSE,0.48091238737106323,0.16661040484905243,0.03954575955867767,0.9908673763275146,0.9992424249649048
2646,88200,LEFT_EYE_INNER,0.4656810164451599,0.15147359669208527,0.06258240342140198,0.9897640943527222,0.9989194869995117
2646,88200,LEFT_EYE,0.4614051878452301,0.15073980391025543,0.06260868161916733,0.9899882078170776,0.9988981485366821
2646,88200,LEFT_EYE_OUTER,0.45743048191070557,0.15007080137729645,0.06258539855480194,0.9903192520141602,0.9987866282463074
2646,88200,RIGHT_EYE_INNER,0.4716094732284546,0.1515451818704605,-0.01670968160033226,0.9895705580711365,0.9990631937980652
2646,88200,RIGHT_EYE,0.47149938344955444,0.15098321437835693,-0.016798267140984535,0.9900262355804443,0.9990519881248474
2646,88200,RIGHT_EYE_OUTER,0.47147586941719055,0.15050514042377472,-0.016988903284072876,0.9904891848564148,0.9990553259849548
2646,88200,LEFT_EAR,0.43652769923210144,0.15415050089359283,0.2025458812713623,0.988718569278717,0.9990565180778503
2646,88200,RIGHT_EAR,0.45335903763771057,0.1557275503873825,-0.15293554961681366,0.9911471605300903,0.9994940757751465
2646,88200,MOUTH_LEFT,0.4720759689807892,0.17773306369781494,0.10021188855171204,0.9835565686225891,0.9994980096817017
2646,88200,MOUTH_RIGHT,0.4766428470611572,0.1771756261587143,-0.002163540804758668,0.9843752980232239,0.9996064305305481
2646,88200,LEFT_SHOULDER,0.4044516980648041,0.23682408034801483,0.4451165497303009,0.9673000574111938,0.9988717436790466
2646,88200,RIGHT_SHOULDER,0.4141272306442261,0.23205526173114777,-0.343799889087677,0.9709292650222778,0.9996181726455688
2646,88200,LEFT_ELBOW,0.47191083431243896,0.3300025761127472,0.30723199248313904,0.08730266243219376,0.9949730634689331
2646,88200,RIGHT_ELBOW,0.48174887895584106,0.3329036831855774,-0.2809414863586426,0.9291087985038757,0.9970069527626038
2646,88200,LEFT_WRIST,0.557027280330658,0.26463592052459717,-0.035279132425785065,0.24761494994163513,0.9987003803253174
2646,88200,RIGHT_WRIST,0.5630661249160767,0.2641487121582031,0.16713634133338928,0.9072234630584717,0.9985249638557434
2646,88200,LEFT_PINKY,0.5740205645561218,0.2425197958946228,-0.07182527333498001,0.2661365568637848,0.9989051818847656
2646,88200,RIGHT_PINKY,0.5856768488883972,0.2397497296333313,0.19142606854438782,0.8735801577568054,0.9982669353485107
2646,88200,LEFT_INDEX,0.5744588375091553,0.23275773227214813,-0.06826507300138474,0.2649490237236023,0.9987381100654602
2646,88200,RIGHT_INDEX,0.5705180764198303,0.23198114335536957,0.18712982535362244,0.8618479371070862,0.9981235861778259
2646,88200,LEFT_THUMB,0.563910186290741,0.24043118953704834,-0.051811181008815765,0.2569870948791504,0.9988135099411011
2646,88200,RIGHT_THUMB,0.5610209703445435,0.23873375356197357,0.18409320712089539,0.824700653553009,0.9984028935432434
2646,88200,LEFT_HIP,0.4120938181877136,0.44346046447753906,0.2421649545431137,0.9431195855140686,0.9984499216079712
2646,88200,RIGHT_HIP,0.4241327941417694,0.4424218237400055,-0.2422516942024231,0.9431031346321106,0.9977072477340698
2646,88200,LEFT_KNEE,0.4302266240119934,0.6134281158447266,0.26091456413269043,0.20395298302173615,0.997861921787262
2646,88200,RIGHT_KNEE,0.4431697726249695,0.6182835698127747,-0.20509567856788635,0.7905797362327576,0.9983053207397461
2646,88200,LEFT_ANKLE,0.37444961071014404,0.773186206817627,0.31479957699775696,0.4079706072807312,0.9948949217796326
2646,88200,RIGHT_ANKLE,0.39222756028175354,0.7902786135673523,-0.14184696972370148,0.8356969952583313,0.9933205842971802
2646,88200,LEFT_HEEL,0.3487328290939331,0.803558886051178,0.3086572289466858,0.5136470198631287,0.9913832545280457
2646,88200,RIGHT_HEEL,0.3619426190853119,0.8170135021209717,-0.1398174911737442,0.8097176551818848,0.988345742225647
2646,88200,LEFT_FOOT_INDEX,0.4741814136505127,0.7986608147621155,0.19029781222343445,0.5818020105361938,0.9921067953109741
2646,88200,RIGHT_FOOT_INDEX,0.5137813687324524,0.8155314326286316,-0.2816978991031647,0.8441166281700134,0.9869059920310974
2647,88233,NOSE,0.47936052083969116,0.1665394902229309,0.02721228264272213,0.9917172193527222,0.9990691542625427
2647,88233,LEFT_EYE_INNER,0.46442919969558716,0.15144231915473938,0.04988894239068031,0.9907328486442566,0.9987515211105347
2647,88233,LEFT_EYE,0.4601266384124756,0.15071804821491241,0.04990071803331375,0.9909279346466064,0.9987230896949768
2647,88233,LEFT_EYE_OUTER,0.4561535716056824,0.15005747973918915,0.04986562207341194,0.9912416934967041,0.998600423336029
2647,88233,RIGHT_EYE_INNER,0.47075316309928894,0.1515108197927475,-0.027519943192601204,0.9905510544776917,0.9989141225814819
2647,88233,RIGHT_EYE,0.4708750545978546,0.15095774829387665,-0.02761651761829853,0.9909626841545105,0.9989058971405029
2647,88233,RIGHT_EYE_OUTER,0.4710627496242523,0.15048523247241974,-0.027794791385531425,0.9913904070854187,0.9989261031150818
2647,88233,LEFT_EAR,0.43579891324043274,0.15416987240314484,0.187875434756279,0.9897315502166748,0.9989038705825806
2647,88233,RIGHT_EAR,0.4525335431098938,0.15573905408382416,-0.15738935768604279,0.99198979139328,0.9994183778762817
2647,88233,MOUTH_LEFT,0.4706142842769623,0.17773187160491943,0.08703865855932236,0.985123872756958,0.9993782043457031
2647,88233,MOUTH_RIGHT,0.47565606236457825,0.17717202007770538,-0.012748267501592636,0.9858659505844116,0.9995149374008179
2647,88233,LEFT_SHOULDER,0.40425074100494385,0.23690958321094513,0.4315609931945801,0.9703547954559326,0.9986253976821899
2647,88233,RIGHT_SHOULDER,0.41395169496536255,0.23241464793682098,-0.3449578881263733,0.9738134145736694,0.9995139837265015
2647,88233,LEFT_ELBOW,0.47215521335601807,0.3290955722332001,0.30465465784072876,0.0870516449213028,0.994321346282959
2647,88233,RIGHT_ELBOW,0.4845995604991913,0.33203983306884766,-0.29041463136672974,0.9338054656982422,0.9960232973098755
2647,88233,LEFT_WRIST,0.5550199151039124,0.26448291540145874,-0.025104913860559464,0.24605968594551086,0.9985827207565308
2647,88233,RIGHT_WRIST,0.5631876587867737,0.26334652304649353,0.11826213449239731,0.9105876684188843,0.9981328845024109
2647,88233,LEFT_PINKY,0.5734885334968567,0.24096740782260895,-0.06027745455503464,0.26439282298088074,0.9988021850585938
2647,88233,RIGHT_PINKY,0.5857569575309753,0.23897932469844818,0.1289268583059311,0.8761832118034363,0.997870922088623
2647,88233,LEFT_INDEX,0.5706470608711243,0.23270119726657867,-0.05704096332192421,0.26322171092033386,0.9985938668251038
2647,88233,RIGHT_INDEX,0.5702576041221619,0.2314556986093521,0.12827418744564056,0.8642501831054688,0.997646152973175
2647,88233,LEFT_THUMB,0.5612274408340454,0.23984503746032715,-0.04125078395009041,0.25538507103919983,0.9986922144889832
2647,88233,RIGHT_THUMB,0.5606696009635925,0.23813170194625854,0.13366349041461945,0.8267706036567688,0.9980177879333496
2647,88233,LEFT_HIP,0.41213181614875793,0.4430117607116699,0.2415851503610611,0.9482291340827942,0.9980219602584839
2647,88233,RIGHT_HIP,0.4229963421821594,0.4419964849948883,-0.2416536957025528,0.9481475949287415,0.9971154928207397
2647,88233,LEFT_KNEE,0.43124595284461975,0.6129260063171387,0.2584885358810425,0.21038717031478882,0.9980738162994385
2647,88233,RIGHT_KNEE,0.44331273436546326,0.6178607940673828,-0.2046332210302353,0.8004346489906311,0.9984837174415588
2647,88233,LEFT_ANKLE,0.3765086829662323,0.7731714844703674,0.31534335017204285,0.41773661971092224,0.9959184527397156
2647,88233,RIGHT_ANKLE,0.3923806846141815,0.7901578545570374,-0.14143773913383484,0.8440771698951721,0.9943655729293823
2647,88233,LEFT_HEEL,0.3503188192844391,0.8034329414367676,0.30949392914772034,0.5219685435295105,0.9929360747337341
2647,88233,RIGHT_HEEL,0.36212170124053955,0.8166430592536926,-0.14041276276111603,0.8169620037078857,0.9898194670677185
2647,88233,LEFT_FOOT_INDEX,0.47452929615974426,0.7989597320556641,0.1955065280199051,0.5917840003967285,0.9929319620132446
2647,88233,RIGHT_FOOT_INDEX,0.5137801170349121,0.8157017230987549,-0.2874027490615845,0.8517131209373474,0.9878078103065491
2648,88267,NOSE,0.47945255041122437,0.1664782464504242,0.024829618632793427,0.9924005270004272,0.9989414811134338
2648,88267,LEFT_EYE_INNER,0.4644697308540344,0.15127868950366974,0.04756700247526169,0.991536557674408,0.9986162185668945
2648,88267,LEFT_EYE,0.46020612120628357,0.15052728354930878,0.04756397753953934,0.9916952252388,0.9986186027526855
2648,88267,LEFT_EYE_OUTER,0.4562545418739319,0.14985346794128418,0.04751814529299736,0.9920211434364319,0.9985112547874451
2648,88267,RIGHT_EYE_INNER,0.47086235880851746,0.15138308703899384,-0.03207050636410713,0.9913450479507446,0.9987168312072754
2648,88267,RIGHT_EYE,0.4710005223751068,0.1508236527442932,-0.0321604460477829,0.9917153120040894,0.9986831545829773
2648,88267,RIGHT_EYE_OUTER,0.47120070457458496,0.1503533571958542,-0.03235474228858948,0.9921308159828186,0.9986811280250549
2648,88267,LEFT_EAR,0.43580541014671326,0.15400631725788116,0.18486586213111877,0.9904970526695251,0.9988890290260315
2648,88267,RIGHT_EAR,0.4527947008609772,0.15559111535549164,-0.17277100682258606,0.9926782250404358,0.9992590546607971
2648,88267,MOUTH_LEFT,0.4706943929195404,0.17771141231060028,0.08469011634588242,0.986437976360321,0.9993306398391724
2648,88267,MOUTH_RIGHT,0.47577303647994995,0.1771588772535324,-0.018047424033284187,0.9871051907539368,0.9994316697120667
2648,88267,LEFT_SHOULDER,0.4024193584918976,0.2369246929883957,0.43228286504745483,0.9730992317199707,0.9990218877792358
2648,88267,RIGHT_SHOULDER,0.4142802059650421,0.23228532075881958,-0.35986465215682983,0.9764043092727661,0.9995087385177612
2648,88267,LEFT_ELBOW,0.4711785912513733,0.3292301297187805,0.33723610639572144,0.08594387769699097,0.9961022138595581
2648,88267,RIGHT_ELBOW,0.4860590696334839,0.3313763439655304,-0.30591830611228943,0.9373664855957031,0.9967778325080872
2648,88267,LEFT_WRIST,0.5536096096038818,0.26432135701179504,0.05907059088349342,0.24830448627471924,0.9991376399993896
2648,88267,RIGHT_WRIST,0.5632385611534119,0.26019468903541565,0.10880912840366364,0.9141212105751038,0.9986116886138916
2648,88267,LEFT_PINKY,0.5731964707374573,0.24004626274108887,0.03219887986779213,0.2663828432559967,0.9992290735244751
2648,88267,RIGHT_PINKY,0.5859560370445251,0.23529881238937378,0.11821015924215317,0.8793211579322815,0.9983568787574768
2648,88267,LEFT_INDEX,0.5709623098373413,0.22966782748699188,0.034701116383075714,0.2652335464954376,0.999103307723999
2648,88267,RIGHT_INDEX,0.5702714920043945,0.2285149097442627,0.11474509537220001,0.8671858906745911,0.9982056617736816
2648,88267,LEFT_THUMB,0.560097873210907,0.23859025537967682,0.04385339468717575,0.2571151852607727,0.9991875290870667
2648,88267,RIGHT_THUMB,0.5607627630233765,0.235243558883667,0.12322478741407394,0.8292373418807983,0.9985353946685791
2648,88267,LEFT_HIP,0.41176655888557434,0.4428735077381134,0.24362094700336456,0.9528531432151794,0.9985799789428711
2648,88267,RIGHT_HIP,0.42273128032684326,0.44188955426216125,-0.24366497993469238,0.9526788592338562,0.9976662397384644
2648,88267,LEFT_KNEE,0.43318411707878113,0.6121925711631775,0.2675836384296417,0.20718829333782196,0.9982640147209167
2648,88267,RIGHT_KNEE,0.4440270960330963,0.6171247959136963,-0.19728337228298187,0.8000332117080688,0.9984265565872192
2648,88267,LEFT_ANKLE,0.37747466564178467,0.7732536196708679,0.34799230098724365,0.41496095061302185,0.9962942004203796
2648,88267,RIGHT_ANKLE,0.3919917047023773,0.789309561252594,-0.11310826987028122,0.8463428616523743,0.9948835968971252
2648,88267,LEFT_HEEL,0.35030868649482727,0.8034441471099854,0.3449779450893402,0.5207446217536926,0.993584930896759
2648,88267,RIGHT_HEEL,0.3600788712501526,0.8154716491699219,-0.11062250286340714,0.8200879096984863,0.9912484884262085
2648,88267,LEFT_FOOT_INDEX,0.4749163091182709,0.7990021109580994,0.23386944830417633,0.5906401872634888,0.9941277503967285
2648,88267,RIGHT_FOOT_INDEX,0.513731837272644,0.8153232932090759,-0.2594844698905945,0.8544865846633911,0.9901489019393921
2649,88300,NOSE,0.4795225262641907,0.16630031168460846,0.02602635882794857,0.9930627346038818,0.9988952279090881
2649,88300,LEFT_EYE_INNER,0.46453648805618286,0.15118922293186188,0.048262711614370346,0.9922966361045837,0.9985784292221069
2649,88300,LEFT_EYE,0.4602971076965332,0.1504455953836441,0.04824664071202278,0.9924266338348389,0.9985719919204712
2649,88300,LEFT_EYE_OUTER,0.45633214712142944,0.14977063238620758,0.048191700130701065,0.9927511215209961,0.9984388947486877
2649,88300,RIGHT_EYE_INNER,0.47057512402534485,0.15129107236862183,-0.030796242877840996,0.9921118021011353,0.9987207055091858
2649,88300,RIGHT_EYE,0.47051772475242615,0.1507406383752823,-0.03088437393307686,0.9924456477165222,0.9987069368362427
2649,88300,RIGHT_EYE_OUTER,0.4705282151699066,0.1502719223499298,-0.03107927367091179,0.9928423762321472,0.998723566532135
2649,88300,LEFT_EAR,0.43572866916656494,0.15386100113391876,0.18447448313236237,0.9912746548652649,0.9988095760345459
2649,88300,RIGHT_EAR,0.45240524411201477,0.1554529368877411,-0.17071641981601715,0.9933344721794128,0.9992589354515076
2649,88300,MOUTH_LEFT,0.4707224369049072,0.177476704120636,0.08520258218050003,0.9876703023910522,0.9992051720619202
2649,88300,MOUTH_RIGHT,0.4756380617618561,0.17693378031253815,-0.01670517399907112,0.9882735013961792,0.9993484616279602
2649,88300,LEFT_SHOULDER,0.40149176120758057,0.23688645660877228,0.4307863712310791,0.9755562543869019,0.9988518953323364
2649,88300,RIGHT_SHOULDER,0.4136970639228821,0.2322455644607544,-0.3499774932861328,0.9787377715110779,0.9994814991950989
2649,88300,LEFT_ELBOW,0.4691803753376007,0.3291020691394806,0.36212366819381714,0.0846315324306488,0.9954469799995422
2649,88300,RIGHT_ELBOW,0.48836731910705566,0.33101731538772583,-0.30297574400901794,0.9412634372711182,0.9965440630912781
2649,88300,LEFT_WRIST,0.5520192980766296,0.2641967833042145,0.12535794079303741,0.2479841709136963,0.9988738894462585
2649,88300,RIGHT_WRIST,0.563297688961029,0.2569916844367981,0.10616804659366608,0.9180996417999268,0.998582124710083
2649,88300,LEFT_PINKY,0.5718778967857361,0.23965036869049072,0.10468319803476334,0.26593971252441406,0.9989847540855408
2649,88300,RIGHT_PINKY,0.5860201716423035,0.23246526718139648,0.11471381038427353,0.8834041357040405,0.9982852339744568
2649,88300,LEFT_INDEX,0.5684350728988647,0.2280847430229187,0.10783213376998901,0.2645779252052307,0.9988333582878113
2649,88300,RIGHT_INDEX,0.5699777603149414,0.22548668086528778,0.10753387212753296,0.8711959719657898,0.9980962872505188
2649,88300,LEFT_THUMB,0.5591045022010803,0.23795539140701294,0.11226949095726013,0.25613516569137573,0.998950183391571
2649,88300,RIGHT_THUMB,0.5608190298080444,0.23261944949626923,0.1204545646905899,0.833035409450531,0.9984799027442932
2649,88300,LEFT_HIP,0.4120818078517914,0.4426715672016144,0.24144557118415833,0.956993579864502,0.9984409213066101
2649,88300,RIGHT_HIP,0.42254599928855896,0.4416767358779907,-0.24142158031463623,0.9567883014678955,0.9975813627243042
2649,88300,LEFT_KNEE,0.43957585096359253,0.6109713912010193,0.2622477114200592,0.20858557522296906,0.998013973236084
2649,88300,RIGHT_KNEE,0.4455299973487854,0.6168118119239807,-0.19399042427539825,0.8064834475517273,0.9984063506126404
2649,88300,LEFT_ANKLE,0.37892475724220276,0.7732448577880859,0.3374479413032532,0.41733410954475403,0.9956042766571045
2649,88300,RIGHT_ANKLE,0.39189714193344116,0.7890767455101013,-0.1140172928571701,0.8516108989715576,0.9935340881347656
2649,88300,LEFT_HEEL,0.3509148061275482,0.8032345771789551,0.333977073431015,0.5220104455947876,0.9921171069145203
2649,88300,RIGHT_HEEL,0.35965216159820557,0.8148035407066345,-0.11095264554023743,0.8247523307800293,0.98842853307724
2649,88300,LEFT_FOOT_INDEX,0.48206669092178345,0.7990745902061462,0.2250373810529709,0.5949912667274475,0.9919895529747009
2649,88300,RIGHT_FOOT_INDEX,0.5139459371566772,0.8151453137397766,-0.2607022821903229,0.8597584366798401,0.9853426218032837
2650,88333,NOSE,0.4793364107608795,0.1652374118566513,0.03358463570475578,0.9936519265174866,0.9985656142234802
2650,88333,LEFT_EYE_INNER,0.46443885564804077,0.15040253102779388,0.05574565753340721,0.9929692149162292,0.9981404542922974
2650,88333,LEFT_EYE,0.46023717522621155,0.14969266951084137,0.05572086572647095,0.9930731654167175,0.9981281161308289
2650,88333,LEFT_EYE_OUTER,0.4563208520412445,0.14904451370239258,0.05566290020942688,0.9933986067771912,0.9979519248008728
2650,88333,RIGHT_EYE_INNER,0.47024768590927124,0.15038734674453735,-0.023277943953871727,0.9927919507026672,0.9983835220336914
2650,88333,RIGHT_EYE,0.47007980942726135,0.14977476000785828,-0.02336825430393219,0.9930959343910217,0.9983842372894287
2650,88333,RIGHT_EYE_OUTER,0.4699871242046356,0.1492360383272171,-0.023578835651278496,0.9934768676757812,0.9984229803085327
2650,88333,LEFT_EAR,0.435625284910202,0.1531173139810562,0.19221359491348267,0.9919397830963135,0.9983628392219543
2650,88333,RIGHT_EAR,0.4521850347518921,0.15460322797298431,-0.1591312736272812,0.9939234852790833,0.9990906715393066
2650,88333,MOUTH_LEFT,0.47013798356056213,0.1764659285545349,0.09341195970773697,0.9887635111808777,0.9990087747573853
2650,88333,MOUTH_RIGHT,0.4748256802558899,0.1754717379808426,-0.008065888658165932,0.9893171787261963,0.9992258548736572
2650,88333,LEFT_SHOULDER,0.40248623490333557,0.2364806979894638,0.4405803382396698,0.9777296781539917,0.9985686540603638
2650,88333,RIGHT_SHOULDER,0.4106825590133667,0.23172831535339355,-0.34458327293395996,0.9808393716812134,0.9994699358940125
2650,88333,LEFT_ELBOW,0.4692370593547821,0.32776516675949097,0.3706456124782562,0.08333826810121536,0.9941726326942444
2650,88333,RIGHT_ELBOW,0.4872208833694458,0.3298431932926178,-0.3038983941078186,0.9451215863227844,0.9963496923446655
2650,88333,LEFT_WRIST,0.5519381761550903,0.2631458342075348,0.10476195067167282,0.24223418533802032,0.9984012246131897
2650,88333,RIGHT_WRIST,0.5633538961410522,0.25483211874961853,0.07876405119895935,0.9218583703041077,0.9985235333442688
2650,88333,LEFT_PINKY,0.5717845559120178,0.23970240354537964,0.07944269478321075,0.26016342639923096,0.998591959476471
2650,88333,RIGHT_PINKY,0.5860623121261597,0.23162327706813812,0.08467020094394684,0.8872659802436829,0.9982206225395203
2650,88333,LEFT_INDEX,0.5672760605812073,0.22811764478683472,0.08142703771591187,0.2586738169193268,0.9983924031257629
2650,88333,RIGHT_INDEX,0.5698275566101074,0.22427387535572052,0.08440304547548294,0.8750531077384949,0.9979972243309021
2650,88333,LEFT_THUMB,0.5581658482551575,0.2380419820547104,0.09011946618556976,0.2504878640174866,0.9985337257385254
2650,88333,RIGHT_THUMB,0.5608816742897034,0.23052078485488892,0.09419939666986465,0.8370286822319031,0.9983837604522705
2650,88333,LEFT_HIP,0.41368570923805237,0.44164177775382996,0.24150341749191284,0.9605579376220703,0.9979197382926941
2650,88333,RIGHT_HIP,0.42091867327690125,0.4405777156352997,-0.24147877097129822,0.9603676199913025,0.9969782829284668
2650,88333,LEFT_KNEE,0.44269436597824097,0.6096019148826599,0.2492852658033371,0.2087930142879486,0.9973885416984558
2650,88333,RIGHT_KNEE,0.4506736695766449,0.6145459413528442,-0.2104417234659195,0.8142461180686951,0.9981687068939209
2650,88333,LEFT_ANKLE,0.3830850422382355,0.7733586430549622,0.303315132856369,0.4205900728702545,0.9945053458213806
2650,88333,RIGHT_ANKLE,0.3943713307380676,0.7887371182441711,-0.15582579374313354,0.8577944040298462,0.9933034777641296
2650,88333,LEFT_HEEL,0.35386401414871216,0.8032455444335938,0.2965679168701172,0.5243720412254333,0.99081951379776
2650,88333,RIGHT_HEEL,0.36014366149902344,0.8145326972007751,-0.1556968241930008,0.8303781747817993,0.9883217215538025
2650,88333,LEFT_FOOT_INDEX,0.4900895655155182,0.7990507483482361,0.18454402685165405,0.5993325710296631,0.9900699257850647
2650,88333,RIGHT_FOOT_INDEX,0.5186517834663391,0.8151429295539856,-0.3036521375179291,0.8657914996147156,0.9844450354576111
2651,88367,NOSE,0.4787169098854065,0.16528987884521484,0.03920518606901169,0.9942523241043091,0.9994481205940247
2651,88367,LEFT_EYE_INNER,0.46376994252204895,0.15071557462215424,0.0608186349272728,0.9936426877975464,0.9992094039916992
2651,88367,LEFT_EYE,0.45980408787727356,0.15001749992370605,0.060790784657001495,0.9937313199043274,0.9991851449012756
2651,88367,LEFT_EYE_OUTER,0.45609432458877563,0.14934702217578888,0.06072787567973137,0.99403315782547,0.9990882873535156
2651,88367,RIGHT_EYE_INNER,0.46871310472488403,0.15059202909469604,-0.01426613237708807,0.9934784770011902,0.9993048906326294
2651,88367,RIGHT_EYE,0.4682014584541321,0.14993271231651306,-0.014358117245137691,0.9937511086463928,0.9992896318435669
2651,88367,RIGHT_EYE_OUTER,0.4677131772041321,0.1493348330259323,-0.014533516019582748,0.9941010475158691,0.9992904663085938
2651,88367,LEFT_EAR,0.4353046417236328,0.15312474966049194,0.194400817155838,0.9926822185516357,0.9992889165878296
2651,88367,RIGHT_EAR,0.44840824604034424,0.15460462868213654,-0.13648992776870728,0.9945060610771179,0.999600350856781
2651,88367,MOUTH_LEFT,0.46907955408096313,0.17672592401504517,0.09766989201307297,0.9898406267166138,0.9996050000190735
2651,88367,MOUTH_RIGHT,0.47283628582954407,0.17554812133312225,0.0012911695521324873,0.9903408288955688,0.9996846914291382
2651,88367,LEFT_SHOULDER,0.40357211232185364,0.2364490032196045,0.43569672107696533,0.9798294901847839,0.9991968274116516
2651,88367,RIGHT_SHOULDER,0.40455859899520874,0.23173241317272186,-0.31033119559288025,0.9827390909194946,0.9996587038040161
2651,88367,LEFT_ELBOW,0.47141000628471375,0.3277895152568817,0.33074691891670227,0.08395164459943771,0.9955933690071106
2651,88367,RIGHT_ELBOW,0.4864128530025482,0.3296523988246918,-0.23216412961483002,0.9484362006187439,0.9968616962432861
2651,88367,LEFT_WRIST,0.5516164302825928,0.261475533246994,0.01919238641858101,0.24612683057785034,0.9990944862365723
2651,88367,RIGHT_WRIST,0.5592785477638245,0.2530202865600586,0.18954747915267944,0.9251343011856079,0.9990585446357727
2651,88367,LEFT_PINKY,0.5718001127243042,0.23971621692180634,-0.01713816076517105,0.26352110505104065,0.9991329312324524
2651,88367,RIGHT_PINKY,0.5809648036956787,0.2309534102678299,0.20950137078762054,0.8904885053634644,0.9987760186195374
2651,88367,LEFT_INDEX,0.5675097703933716,0.22812967002391815,-0.005943729542195797,0.2618849277496338,0.999011754989624
2651,88367,RIGHT_INDEX,0.5638713836669922,0.222773015499115,0.20048274099826813,0.8783174157142639,0.9985872507095337
2651,88367,LEFT_THUMB,0.5567873120307922,0.23811471462249756,0.007091053295880556,0.25345611572265625,0.9991495609283447
2651,88367,RIGHT_THUMB,0.5556244850158691,0.22991116344928741,0.2021639049053192,0.8411340117454529,0.9989203214645386
2651,88367,LEFT_HIP,0.41605815291404724,0.4420219957828522,0.2320593148469925,0.9640881419181824,0.9986388087272644
2651,88367,RIGHT_HIP,0.4170587360858917,0.44102415442466736,-0.23202869296073914,0.9638851881027222,0.9980670809745789
2651,88367,LEFT_KNEE,0.44677042961120605,0.6099031567573547,0.2304547131061554,0.21103495359420776,0.9984045624732971
2651,88367,RIGHT_KNEE,0.4629741311073303,0.6145277619361877,-0.2094634771347046,0.8218758702278137,0.9989312291145325
2651,88367,LEFT_ANKLE,0.3919101357460022,0.7733708024024963,0.256682813167572,0.4235740900039673,0.9953289031982422
2651,88367,RIGHT_ANKLE,0.40230488777160645,0.7882862091064453,-0.1686469167470932,0.8622018098831177,0.9936867356300354
2651,88367,LEFT_HEEL,0.36002102494239807,0.8033303618431091,0.24806691706180573,0.5235459804534912,0.9918496608734131
2651,88367,RIGHT_HEEL,0.36384060978889465,0.8145301342010498,-0.16936486959457397,0.8321376442909241,0.9879382252693176
2651,88367,LEFT_FOOT_INDEX,0.49588605761528015,0.7993021011352539,0.14932365715503693,0.6042515635490417,0.990707278251648
2651,88367,RIGHT_FOOT_INDEX,0.5235188603401184,0.8159622550010681,-0.30686840415000916,0.8704025149345398,0.983540952205658
2652,88400,NOSE,0.4774075746536255,0.16509298980236053,0.025221379473805428,0.9947810173034668,0.9991579055786133
2652,88400,LEFT_EYE_INNER,0.46288636326789856,0.1506585329771042,0.04632534086704254,0.9942321181297302,0.9988608360290527
2652,88400,LEFT_EYE,0.459274560213089,0.1499979943037033,0.04630078747868538,0.9943054914474487,0.9987989664077759
2652,88400,LEFT_EYE_OUTER,0.4558754563331604,0.14934897422790527,0.04623649641871452,0.9945878982543945,0.9986554384231567
2652,88400,RIGHT_EYE_INNER,0.4667307138442993,0.15043871104717255,-0.03206546604633331,0.9940840005874634,0.9990434050559998
2652,88400,RIGHT_EYE,0.4658406674861908,0.14977167546749115,-0.03218140825629234,0.9943315386772156,0.9990473389625549
2652,88400,RIGHT_EYE_OUTER,0.46503567695617676,0.14918942749500275,-0.03238941729068756,0.9946539998054504,0.9990890026092529
2652,88400,LEFT_EAR,0.4350380301475525,0.15313690900802612,0.1809360533952713,0.9933150410652161,0.9988976716995239
2652,88400,RIGHT_EAR,0.445960134267807,0.15459857881069183,-0.16673384606838226,0.9950249791145325,0.9994999170303345
2652,88400,MOUTH_LEFT,0.4683939516544342,0.1767265349626541,0.08445731550455093,0.990794837474823,0.9994181394577026
2652,88400,MOUTH_RIGHT,0.4714159071445465,0.1754944920539856,-0.016592491418123245,0.9912574887275696,0.9995926022529602
2652,88400,LEFT_SHOULDER,0.4048888385295868,0.23685835301876068,0.4235720634460449,0.9816808104515076,0.9987063407897949
2652,88400,RIGHT_SHOULDER,0.39894670248031616,0.23179267346858978,-0.33526548743247986,0.9844458699226379,0.9996672868728638
2652,88400,LEFT_ELBOW,0.4817509055137634,0.3278100788593292,0.3444548547267914,0.08546132594347,0.9939633011817932
2652,88400,RIGHT_ELBOW,0.4821678698062897,0.3296020030975342,-0.2550716698169708,0.9513281583786011,0.99729984998703
2652,88400,LEFT_WRIST,0.5501165986061096,0.26093968749046326,0.0632581114768982,0.24610154330730438,0.9985983967781067
2652,88400,RIGHT_WRIST,0.5562072396278381,0.2523949146270752,0.15840375423431396,0.9286511540412903,0.9989860653877258
2652,88400,LEFT_PINKY,0.5703122019767761,0.2401706427335739,0.03407355025410652,0.2610569894313812,0.9987772107124329
2652,88400,RIGHT_PINKY,0.5782768130302429,0.22781474888324738,0.1729031354188919,0.8942098617553711,0.9987044334411621
2652,88400,LEFT_INDEX,0.5665689706802368,0.24082720279693604,0.040851593017578125,0.25963303446769714,0.9985519051551819
2652,88400,RIGHT_INDEX,0.56031733751297,0.22157086431980133,0.16593018174171448,0.8822267055511475,0.9985184073448181
2652,88400,LEFT_THUMB,0.553885281085968,0.2385900616645813,0.05037979036569595,0.2519858479499817,0.9986940026283264
2652,88400,RIGHT_THUMB,0.552586019039154,0.22870302200317383,0.1714094579219818,0.8455571532249451,0.9988701939582825
2652,88400,LEFT_HIP,0.42069709300994873,0.44287919998168945,0.2325194627046585,0.9672530889511108,0.9982799291610718
2652,88400,RIGHT_HIP,0.40919095277786255,0.4414807856082916,-0.23250198364257812,0.9670339226722717,0.998123824596405
2652,88400,LEFT_KNEE,0.46239203214645386,0.6099713444709778,0.23394499719142914,0.22884076833724976,0.9986943602561951
2652,88400,RIGHT_KNEE,0.46206656098365784,0.6141785383224487,-0.21175183355808258,0.8305844068527222,0.9991660118103027
2652,88400,LEFT_ANKLE,0.4093661308288574,0.7690163254737854,0.2661769390106201,0.4406324625015259,0.9973770380020142
2652,88400,RIGHT_ANKLE,0.4052872359752655,0.7847962975502014,-0.16782772541046143,0.8687087893486023,0.9959766268730164
2652,88400,LEFT_HEEL,0.3711562156677246,0.7978997230529785,0.2647838890552521,0.5343890190124512,0.9956009387969971
2652,88400,RIGHT_HEEL,0.36895495653152466,0.8111917972564697,-0.16853560507297516,0.8355169892311096,0.9925209283828735
2652,88400,LEFT_FOOT_INDEX,0.4965059757232666,0.8003063797950745,0.17031294107437134,0.6190540790557861,0.9942848086357117
2652,88400,RIGHT_FOOT_INDEX,0.5213045477867126,0.8161348700523376,-0.3040003180503845,0.8768018484115601,0.9898861646652222
2653,88433,NOSE,0.4768637418746948,0.16528020799160004,-0.030934859067201614,0.9952433109283447,0.9991114735603333
2653,88433,LEFT_EYE_INNER,0.46276700496673584,0.15069851279258728,-0.011609398759901524,0.994740903377533,0.9988453388214111
2653,88433,LEFT_EYE,0.45930349826812744,0.15006797015666962,-0.01170189306139946,0.994793176651001,0.9987977743148804
2653,88433,LEFT_EYE_OUTER,0.4561188519001007,0.14945466816425323,-0.011778402142226696,0.9950670599937439,0.9986686706542969
2653,88433,RIGHT_EYE_INNER,0.46471041440963745,0.15043924748897552,-0.08871498703956604,0.9946111440658569,0.9990249872207642
2653,88433,RIGHT_EYE,0.4628051519393921,0.149762824177742,-0.08883066475391388,0.9948315024375916,0.9990419745445251
2653,88433,RIGHT_EYE_OUTER,0.4609999656677246,0.14917157590389252,-0.08903732150793076,0.9951372742652893,0.9991024732589722
2653,88433,LEFT_EAR,0.43489909172058105,0.15316998958587646,0.12403063476085663,0.9938653111457825,0.9988928437232971
2653,88433,RIGHT_EAR,0.44169560074806213,0.15458053350448608,-0.21718952059745789,0.995475709438324,0.9994660019874573
2653,88433,MOUTH_LEFT,0.4683712124824524,0.17702390253543854,0.029526816681027412,0.9916475415229797,0.9993447661399841
2653,88433,MOUTH_RIGHT,0.4700034558773041,0.1756686121225357,-0.06979828327894211,0.9920811057090759,0.9995204210281372
2653,88433,LEFT_SHOULDER,0.4096694886684418,0.2369011640548706,0.3753167986869812,0.9833027124404907,0.9987970590591431
2653,88433,RIGHT_SHOULDER,0.3928547501564026,0.23191647231578827,-0.3721461296081543,0.9859817028045654,0.9997015595436096
2653,88433,LEFT_ELBOW,0.4854922294616699,0.3277357518672943,0.3600088655948639,0.0888727679848671,0.9944925308227539
2653,88433,RIGHT_ELBOW,0.4773196876049042,0.3295484781265259,-0.30893340706825256,0.9546846747398376,0.998230516910553
2653,88433,LEFT_WRIST,0.5441433191299438,0.2612735629081726,0.13419005274772644,0.2482738494873047,0.9983512163162231
2653,88433,RIGHT_WRIST,0.5539166331291199,0.2520572245121002,0.03646043688058853,0.9331144690513611,0.9993234872817993
2653,88433,LEFT_PINKY,0.5652347207069397,0.24243813753128052,0.11044817417860031,0.261182963848114,0.9984769225120544
2653,88433,RIGHT_PINKY,0.5735925436019897,0.22790122032165527,0.03767605498433113,0.9000041484832764,0.9990548491477966
2653,88433,LEFT_INDEX,0.5605661273002625,0.23970085382461548,0.11094272136688232,0.25966137647628784,0.9983037710189819
2653,88433,RIGHT_INDEX,0.5586894154548645,0.22163324058055878,0.030172627419233322,0.8886041641235352,0.9990243911743164
2653,88433,LEFT_THUMB,0.5443510413169861,0.24094103276729584,0.12072011083364487,0.25228390097618103,0.9984793066978455
2653,88433,RIGHT_THUMB,0.5501101016998291,0.22882036864757538,0.04668240621685982,0.8530539274215698,0.999258816242218
2653,88433,LEFT_HIP,0.42547446489334106,0.44481396675109863,0.2271813452243805,0.9699718952178955,0.9984760880470276
2653,88433,RIGHT_HIP,0.40153634548187256,0.44265851378440857,-0.2270544022321701,0.9697568416595459,0.9983235001564026
2653,88433,LEFT_KNEE,0.5055804252624512,0.6061331629753113,0.20501956343650818,0.2559118866920471,0.998514711856842
2653,88433,RIGHT_KNEE,0.45317506790161133,0.6141408681869507,-0.20010221004486084,0.8384186625480652,0.9989025592803955
2653,88433,LEFT_ANKLE,0.43206849694252014,0.7605339884757996,0.28051573038101196,0.45935991406440735,0.997528612613678
2653,88433,RIGHT_ANKLE,0.41466793417930603,0.7784579396247864,-0.11793666332960129,0.8733499646186829,0.9944183826446533
2653,88433,LEFT_HEEL,0.3916924297809601,0.7857206463813782,0.276883065700531,0.5464053153991699,0.995707631111145
2653,88433,RIGHT_HEEL,0.382703959941864,0.8033573627471924,-0.1178559884428978,0.8365811109542847,0.9897369742393494
2653,88433,LEFT_FOOT_INDEX,0.4978489577770233,0.800292432308197,0.17263421416282654,0.6359356045722961,0.9938249588012695
2653,88433,RIGHT_FOOT_INDEX,0.5213271975517273,0.8179347515106201,-0.29043981432914734,0.882134199142456,0.9854410290718079
2654,88467,NOSE,0.47690269351005554,0.16569705307483673,-0.017260286957025528,0.9956380724906921,0.9987671375274658
2654,88467,LEFT_EYE_INNER,0.46295487880706787,0.15092997252941132,0.0030050761997699738,0.9951751232147217,0.9987474679946899
2654,88467,LEFT_EYE,0.4597984552383423,0.1502993255853653,0.0029844895470887423,0.9952143430709839,0.9987853169441223
2654,88467,LEFT_EYE_OUTER,0.4571108818054199,0.14968188107013702,0.002948520239442587,0.995490550994873,0.9987269043922424
2654,88467,RIGHT_EYE_INNER,0.4645567834377289,0.15062925219535828,-0.0740581676363945,0.9950575828552246,0.9987494945526123
2654,88467,RIGHT_EYE,0.46225568652153015,0.1499210000038147,-0.07416702806949615,0.9952590465545654,0.9987247586250305
2654,88467,RIGHT_EYE_OUTER,0.4600162208080292,0.14930269122123718,-0.07437728345394135,0.9955545663833618,0.998764157295227
2654,88467,LEFT_EAR,0.43547990918159485,0.1532413512468338,0.1402532160282135,0.9943588376045227,0.999043881893158
2654,88467,RIGHT_EAR,0.4404267966747284,0.15462307631969452,-0.2074228972196579,0.9958565831184387,0.999150276184082
2654,88467,MOUTH_LEFT,0.4684538245201111,0.17756597697734833,0.04404495656490326,0.9923324584960938,0.9989618062973022
2654,88467,MOUTH_RIGHT,0.4698385000228882,0.17618398368358612,-0.056113287806510925,0.9927568435668945,0.9989959597587585
2654,88467,LEFT_SHOULDER,0.41113442182540894,0.23713450133800507,0.3891136050224304,0.9847201704978943,0.9987346529960632
2654,88467,RIGHT_SHOULDER,0.3905089497566223,0.23254452645778656,-0.37199705839157104,0.9873366951942444,0.9992328882217407
2654,88467,LEFT_ELBOW,0.4874493181705475,0.327468603849411,0.5036923289299011,0.08889008313417435,0.9961788654327393
2654,88467,RIGHT_ELBOW,0.48209619522094727,0.327202707529068,-0.32754018902778625,0.957287609577179,0.9972177743911743
2654,88467,LEFT_WRIST,0.5424763560295105,0.2612728178501129,0.43915674090385437,0.24328908324241638,0.9987940788269043
2654,88467,RIGHT_WRIST,0.5541096329689026,0.2488638311624527,0.00729718804359436,0.9365286231040955,0.9990159273147583
2654,88467,LEFT_PINKY,0.5530229210853577,0.25402721762657166,0.4458225965499878,0.2546554207801819,0.9988846182823181
2654,88467,RIGHT_PINKY,0.5739762783050537,0.22634170949459076,0.0037943394854664803,0.9047125577926636,0.9987861514091492
2654,88467,LEFT_INDEX,0.5557661056518555,0.24443303048610687,0.4371577203273773,0.2528313994407654,0.9987778067588806
2654,88467,RIGHT_INDEX,0.5583862662315369,0.22058062255382538,0.008515826426446438,0.8937690258026123,0.9987974166870117
2654,88467,LEFT_THUMB,0.5450858473777771,0.24941472709178925,0.4271242618560791,0.24587604403495789,0.9988828301429749
2654,88467,RIGHT_THUMB,0.5496227145195007,0.2279617339372635,0.020535316318273544,0.8585300445556641,0.9990830421447754
2654,88467,LEFT_HIP,0.425049751996994,0.44610893726348877,0.22687385976314545,0.9726969003677368,0.9993519186973572
2654,88467,RIGHT_HIP,0.39625805616378784,0.4433281421661377,-0.22663410007953644,0.972282350063324,0.9986990690231323
2654,88467,LEFT_KNEE,0.5291557908058167,0.5839320421218872,0.05953909084200859,0.2882646322250366,0.9993675351142883
2654,88467,RIGHT_KNEE,0.46500006318092346,0.6051871180534363,-0.22902651131153107,0.8485981225967407,0.9987523555755615
2654,88467,LEFT_ANKLE,0.45215359330177307,0.7457121014595032,0.07010667026042938,0.4877849519252777,0.9985563158988953
2654,88467,RIGHT_ANKLE,0.42225924134254456,0.7583682537078857,-0.16655778884887695,0.8781123161315918,0.9956645369529724
2654,88467,LEFT_HEEL,0.4086258113384247,0.7726113200187683,0.06117038056254387,0.5683091878890991,0.9972155094146729
2654,88467,RIGHT_HEEL,0.391315221786499,0.7856552600860596,-0.1668563187122345,0.8373433351516724,0.9932838678359985
2654,88467,LEFT_FOOT_INDEX,0.5291371941566467,0.7969684600830078,-0.06493315100669861,0.6584979891777039,0.9955828785896301
2654,88467,RIGHT_FOOT_INDEX,0.5253221392631531,0.8075313568115234,-0.31286340951919556,0.8869636654853821,0.9908638596534729
2655,88500,NOSE,0.4766818583011627,0.16664469242095947,-0.04809429496526718,0.9958933591842651,0.9966909885406494
2655,88500,LEFT_EYE_INNER,0.46270960569381714,0.15112058818340302,-0.026325039565563202,0.9954482316970825,0.9966439008712769
2655,88500,LEFT_EYE,0.45974957942962646,0.15047837793827057,-0.026434095576405525,0.9954773187637329,0.9966928958892822
2655,88500,LEFT_EYE_OUTER,0.45712578296661377,0.14985336363315582,-0.026550862938165665,0.9957746267318726,0.9965065121650696
2655,88500,RIGHT_EYE_INNER,0.463358998298645,0.1507876217365265,-0.11200239509344101,0.9953640699386597,0.9967069029808044
2655,88500,RIGHT_EYE,0.46071210503578186,0.1500517725944519,-0.11211273074150085,0.9955449104309082,0.9967491626739502
2655,88500,RIGHT_EYE_OUTER,0.45820581912994385,0.14941971004009247,-0.11237180978059769,0.9958319067955017,0.997007429599762
2655,88500,LEFT_EAR,0.43528783321380615,0.1532783955335617,0.11672800034284592,0.9946541786193848,0.9971213936805725
2655,88500,RIGHT_EAR,0.43821272253990173,0.1546667069196701,-0.26457375288009644,0.9961076378822327,0.9980483055114746
2655,88500,MOUTH_LEFT,0.46837979555130005,0.1784200668334961,0.015794115141034126,0.9928284883499146,0.9970974922180176
2655,88500,MOUTH_RIGHT,0.46897009015083313,0.17702293395996094,-0.09492695331573486,0.9932976961135864,0.997574508190155
2655,88500,LEFT_SHOULDER,0.41292646527290344,0.23708413541316986,0.3754626512527466,0.9855293035507202,0.9948697090148926
2655,88500,RIGHT_SHOULDER,0.3853175938129425,0.23332034051418304,-0.42639732360839844,0.9885261058807373,0.9982819557189941
2655,88500,LEFT_ELBOW,0.48813992738723755,0.3271261751651764,0.4507836103439331,0.09176545590162277,0.9921759963035583
2655,88500,RIGHT_ELBOW,0.4854165017604828,0.3256894052028656,-0.36929571628570557,0.9588054418563843,0.9956557750701904
2655,88500,LEFT_WRIST,0.5420820116996765,0.25477221608161926,0.28412437438964844,0.24163401126861572,0.9978271126747131
2655,88500,RIGHT_WRIST,0.5541710257530212,0.2447451800107956,-0.013738486915826797,0.9392877817153931,0.9983437061309814
2655,88500,LEFT_PINKY,0.5520991086959839,0.24496103823184967,0.26801320910453796,0.2516096532344818,0.9981175661087036
2655,88500,RIGHT_PINKY,0.5740508437156677,0.22523163259029388,-0.019980983808636665,0.908513605594635,0.9980278611183167
2655,88500,LEFT_INDEX,0.5500912070274353,0.23473197221755981,0.26436689496040344,0.24974322319030762,0.997759222984314
2655,88500,RIGHT_INDEX,0.5580672025680542,0.2200106829404831,-0.025328613817691803,0.8979249000549316,0.997980535030365
2655,88500,LEFT_THUMB,0.5423272848129272,0.23829884827136993,0.2697833180427551,0.2436470091342926,0.9979661703109741
2655,88500,RIGHT_THUMB,0.5497311353683472,0.22670786082744598,-0.003574174363166094,0.8626821637153625,0.9984018206596375
2655,88500,LEFT_HIP,0.43071457743644714,0.44959521293640137,0.22768065333366394,0.9749208688735962,0.998894989490509
2655,88500,RIGHT_HIP,0.3915823698043823,0.4481301009654999,-0.2273269146680832,0.9743683338165283,0.998377799987793
2655,88500,LEFT_KNEE,0.5973963141441345,0.5527581572532654,0.06380623579025269,0.3408971130847931,0.9982225298881531
2655,88500,RIGHT_KNEE,0.4426923394203186,0.6069075465202332,-0.14412656426429749,0.856077253818512,0.9982112646102905
2655,88500,LEFT_ANKLE,0.49028363823890686,0.7171568870544434,0.1629904806613922,0.5183395147323608,0.9985920786857605
2655,88500,RIGHT_ANKLE,0.4111141562461853,0.7588226795196533,0.012565880082547665,0.8848615288734436,0.9925950169563293
2655,88500,LEFT_HEEL,0.45202845335006714,0.7308068871498108,0.1628129631280899,0.5936699509620667,0.9979034662246704
2655,88500,RIGHT_HEEL,0.38152506947517395,0.786414384841919,0.01797296479344368,0.8413430452346802,0.9875115156173706
2655,88500,LEFT_FOOT_INDEX,0.5671034455299377,0.7768559455871582,0.03806282579898834,0.6812260746955872,0.996281087398529
2655,88500,RIGHT_FOOT_INDEX,0.5221985578536987,0.8083291053771973,-0.17988348007202148,0.892179548740387,0.9848783612251282
2656,88533,NOSE,0.47552669048309326,0.16663393378257751,-0.05306575447320938,0.9962656497955322,0.9994235038757324
2656,88533,LEFT_EYE_INNER,0.46214014291763306,0.1510881930589676,-0.031193768605589867,0.9958547353744507,0.9993177652359009
2656,88533,LEFT_EYE,0.45938369631767273,0.15043683350086212,-0.03130435198545456,0.9958714842796326,0.9993314743041992
2656,88533,LEFT_EYE_OUTER,0.4569541811943054,0.1498110443353653,-0.03138934075832367,0.9961580038070679,0.9992951154708862
2656,88533,RIGHT_EYE_INNER,0.46256759762763977,0.1507861465215683,-0.11575737595558167,0.9957882761955261,0.9993829727172852
2656,88533,RIGHT_EYE,0.46000880002975464,0.15005485713481903,-0.11582031846046448,0.9959470629692078,0.9993929862976074
2656,88533,RIGHT_EYE_OUTER,0.45768773555755615,0.14942455291748047,-0.11591417342424393,0.9962149858474731,0.9994202852249146
2656,88533,LEFT_EAR,0.43441104888916016,0.1531321406364441,0.10553981363773346,0.9951189756393433,0.9994187355041504
2656,88533,RIGHT_EAR,0.4382372200489044,0.15464523434638977,-0.2707207202911377,0.9964621067047119,0.9995855689048767
2656,88533,MOUTH_LEFT,0.4672088027000427,0.1783214956521988,0.008036529645323753,0.9934791326522827,0.999524712562561
2656,88533,MOUTH_RIGHT,0.46762382984161377,0.17701281607151031,-0.10113435983657837,0.9939165115356445,0.9995701909065247
2656,88533,LEFT_SHOULDER,0.4086274802684784,0.2355099767446518,0.3727259337902069,0.9868292212486267,0.999395489692688
2656,88533,RIGHT_SHOULDER,0.3850197494029999,0.23327988386154175,-0.4399794638156891,0.989638090133667,0.9994480013847351
2656,88533,LEFT_ELBOW,0.48356524109840393,0.32113415002822876,0.4432377517223358,0.09417744725942612,0.9971703886985779
2656,88533,RIGHT_ELBOW,0.48742058873176575,0.32332995533943176,-0.4288378953933716,0.9619724750518799,0.9972642660140991
2656,88533,LEFT_WRIST,0.5389499664306641,0.2431023120880127,0.20694008469581604,0.24531251192092896,0.9992974996566772
2656,88533,RIGHT_WRIST,0.5531871318817139,0.24022316932678223,-0.0887935608625412,0.9424076676368713,0.9994786381721497
2656,88533,LEFT_PINKY,0.550245463848114,0.22422562539577484,0.18737392127513885,0.2565957009792328,0.9993090629577637
2656,88533,RIGHT_PINKY,0.5722523331642151,0.2225196808576584,-0.10509591549634933,0.9127394556999207,0.9993762373924255
2656,88533,LEFT_INDEX,0.5456249117851257,0.22047072649002075,0.1661243885755539,0.25467604398727417,0.9993053674697876
2656,88533,RIGHT_INDEX,0.5556401610374451,0.2169804573059082,-0.09542880207300186,0.9027506709098816,0.999346911907196
2656,88533,LEFT_THUMB,0.5397859811782837,0.22499960660934448,0.1863134801387787,0.24879997968673706,0.9993742108345032
2656,88533,RIGHT_THUMB,0.5479985475540161,0.2246178835630417,-0.07294189929962158,0.8683303594589233,0.999504804611206
2656,88533,LEFT_HIP,0.4159051775932312,0.44999149441719055,0.2419721931219101,0.9773743748664856,0.9998655319213867
2656,88533,RIGHT_HIP,0.39263322949409485,0.4479025602340698,-0.2414485663175583,0.9767663478851318,0.9996097683906555
2656,88533,LEFT_KNEE,0.4577123820781708,0.5950095057487488,0.12066717445850372,0.3933480679988861,0.9998626708984375
2656,88533,RIGHT_KNEE,0.5954246520996094,0.5316550731658936,-0.15941472351551056,0.8691184520721436,0.9996458292007446
2656,88533,LEFT_ANKLE,0.4299878180027008,0.7605018615722656,0.14015406370162964,0.5595084428787231,0.9993661046028137
2656,88533,RIGHT_ANKLE,0.5063411593437195,0.6881201267242432,0.027824994176626205,0.8942456245422363,0.998696506023407
2656,88533,LEFT_HEEL,0.40301084518432617,0.7807683348655701,0.13160689175128937,0.6265947818756104,0.9986642599105835
2656,88533,RIGHT_HEEL,0.4656846821308136,0.7059903144836426,0.04384038597345352,0.851750373840332,0.998204231262207
2656,88533,LEFT_FOOT_INDEX,0.5597348809242249,0.7818853855133057,0.02189009264111519,0.7084928750991821,0.9977655410766602
2656,88533,RIGHT_FOOT_INDEX,0.592458963394165,0.7467643618583679,-0.014796825125813484,0.9008401036262512,0.9970890879631042
2657,88567,NOSE,0.4755808413028717,0.1677730232477188,-0.07737243175506592,0.9965087175369263,0.9986839890480042
2657,88567,LEFT_EYE_INNER,0.46279671788215637,0.15163151919841766,-0.05392231419682503,0.9961143732070923,0.9987472295761108
2657,88567,LEFT_EYE,0.46034249663352966,0.15087048709392548,-0.05407646298408508,0.9961177706718445,0.998833954334259
2657,88567,LEFT_EYE_OUTER,0.4582771956920624,0.15012621879577637,-0.05419505387544632,0.9964247941970825,0.9988343119621277
2657,88567,RIGHT_EYE_INNER,0.4625898599624634,0.15135568380355835,-0.14236131310462952,0.9960780143737793,0.9986774325370789
2657,88567,RIGHT_EYE,0.46014049649238586,0.15053801238536835,-0.14240284264087677,0.9962067604064941,0.9986717700958252
2657,88567,RIGHT_EYE_OUTER,0.45784473419189453,0.14982201159000397,-0.1425275355577469,0.996474027633667,0.9987623691558838
2657,88567,LEFT_EAR,0.4356446862220764,0.1531379073858261,0.08675513416528702,0.9954032301902771,0.9990077614784241
2657,88567,RIGHT_EAR,0.4377366304397583,0.15478812158107758,-0.30670222640037537,0.99669349193573,0.9989951252937317
2657,88567,MOUTH_LEFT,0.4673267602920532,0.17955464124679565,-0.014944132417440414,0.9939283132553101,0.9987566471099854
2657,88567,MOUTH_RIGHT,0.467597097158432,0.17840729653835297,-0.12898699939250946,0.9943870306015015,0.998751163482666
2657,88567,LEFT_SHOULDER,0.41020315885543823,0.23385246098041534,0.3632703721523285,0.9877358078956604,0.9985119700431824
2657,88567,RIGHT_SHOULDER,0.3827721178531647,0.23387591540813446,-0.47777408361434937,0.9905818104743958,0.9981864094734192
2657,88567,LEFT_ELBOW,0.4951237440109253,0.3113500773906708,0.4257243573665619,0.09586364030838013,0.9971912503242493
2657,88567,RIGHT_ELBOW,0.49069786071777344,0.323493093252182,-0.47165611386299133,0.9643348455429077,0.9951404333114624
2657,88567,LEFT_WRIST,0.5413615703582764,0.23152422904968262,0.18830251693725586,0.24148310720920563,0.9992527365684509
2657,88567,RIGHT_WRIST,0.5533876419067383,0.23923128843307495,-0.1561344712972641,0.9447905421257019,0.9992045760154724
2657,88567,LEFT_PINKY,0.5504876375198364,0.2146335393190384,0.1664440780878067,0.25401467084884644,0.9992572665214539
2657,88567,RIGHT_PINKY,0.5725325345993042,0.22250308096408844,-0.18032900989055634,0.9162346124649048,0.9991545677185059
2657,88567,LEFT_INDEX,0.5469985008239746,0.20809201896190643,0.15459011495113373,0.25198644399642944,0.99921715259552
2657,88567,RIGHT_INDEX,0.5559247732162476,0.21725745499134064,-0.17777401208877563,0.9067656993865967,0.9991559982299805
2657,88567,LEFT_THUMB,0.5405950546264648,0.2178453654050827,0.1699601113796234,0.247311532497406,0.9993064403533936
2657,88567,RIGHT_THUMB,0.5479064583778381,0.2243800312280655,-0.14414645731449127,0.8724963068962097,0.9993116855621338
2657,88567,LEFT_HIP,0.4169326424598694,0.44981613755226135,0.25203436613082886,0.9795181155204773,0.9998942613601685
2657,88567,RIGHT_HIP,0.38825708627700806,0.44867023825645447,-0.25132328271865845,0.9787824749946594,0.9995222091674805
2657,88567,LEFT_KNEE,0.5472232699394226,0.573336660861969,0.10706327110528946,0.4408229887485504,0.99985671043396
2657,88567,RIGHT_KNEE,0.5399512052536011,0.550136387348175,-0.13300400972366333,0.8792364001274109,0.9995567202568054
2657,88567,LEFT_ANKLE,0.4382658302783966,0.737877607345581,0.12204921990633011,0.5944651365280151,0.9996923208236694
2657,88567,RIGHT_ANKLE,0.5265519618988037,0.6686455607414246,0.07795827090740204,0.901711642742157,0.9980601668357849
2657,88567,LEFT_HEEL,0.4013957977294922,0.7602422833442688,0.11491373926401138,0.6547366976737976,0.9993888139724731
2657,88567,RIGHT_HEEL,0.4831847846508026,0.7296432852745056,0.09206641465425491,0.8583077788352966,0.9971850514411926
2657,88567,LEFT_FOOT_INDEX,0.5452278256416321,0.7728550434112549,-0.008349057286977768,0.7321454286575317,0.9984799027442932
2657,88567,RIGHT_FOOT_INDEX,0.6149184107780457,0.7244265675544739,-0.023080816492438316,0.9075940251350403,0.9959304928779602
2658,88600,NOSE,0.4754268527030945,0.16775673627853394,-0.06461398303508759,0.996724009513855,0.997951328754425
2658,88600,LEFT_EYE_INNER,0.4626551568508148,0.15144748985767365,-0.04137953743338585,0.9963527917861938,0.9980150461196899
2658,88600,LEFT_EYE,0.46025916934013367,0.1506650298833847,-0.04153134301304817,0.9963641166687012,0.9981412887573242
2658,88600,LEFT_EYE_OUTER,0.4582478702068329,0.1499224752187729,-0.041672397404909134,0.9966661334037781,0.9981170892715454
2658,88600,RIGHT_EYE_INNER,0.4625179171562195,0.1512669175863266,-0.1268443465232849,0.9963105320930481,0.9978829026222229
2658,88600,RIGHT_EYE,0.46015235781669617,0.15048278868198395,-0.12692375481128693,0.9964278936386108,0.997858464717865
2658,88600,RIGHT_EYE_OUTER,0.457960307598114,0.1497984379529953,-0.12711119651794434,0.9966909289360046,0.9979681372642517
2658,88600,LEFT_EAR,0.43548575043678284,0.152897447347641,0.09741688519716263,0.9957074522972107,0.9984458088874817
2658,88600,RIGHT_EAR,0.4379340410232544,0.15473665297031403,-0.28091755509376526,0.996870219707489,0.9983610510826111
2658,88600,MOUTH_LEFT,0.46717512607574463,0.1793798804283142,-0.0032629910856485367,0.9942891597747803,0.9977560639381409
2658,88600,MOUTH_RIGHT,0.4673491418361664,0.17831484973430634,-0.11338524520397186,0.9947599172592163,0.9977280497550964
2658,88600,LEFT_SHOULDER,0.409841388463974,0.2325008511543274,0.36585330963134766,0.9884260296821594,0.9968501925468445
2658,88600,RIGHT_SHOULDER,0.38339489698410034,0.23386098444461823,-0.4516195058822632,0.9914652109146118,0.9982923865318298
2658,88600,LEFT_ELBOW,0.4943513870239258,0.31285667419433594,0.4843370318412781,0.09780388325452805,0.9970489144325256
2658,88600,RIGHT_ELBOW,0.49488332867622375,0.32228773832321167,-0.4226033091545105,0.9653852581977844,0.9972399473190308
2658,88600,LEFT_WRIST,0.5404370427131653,0.23483611643314362,0.39166638255119324,0.2411748319864273,0.999146580696106
2658,88600,RIGHT_WRIST,0.553339958190918,0.2387753576040268,-0.08043341338634491,0.9475325345993042,0.999187171459198
2658,88600,LEFT_PINKY,0.5448212027549744,0.21726645529270172,0.3894076347351074,0.25321054458618164,0.9991717338562012
2658,88600,RIGHT_PINKY,0.5722784996032715,0.22166669368743896,-0.0934382975101471,0.9204291701316833,0.9990806579589844
2658,88600,LEFT_INDEX,0.5436776876449585,0.21128757297992706,0.3714415431022644,0.2509518563747406,0.9990731477737427
2658,88600,RIGHT_INDEX,0.5552639365196228,0.2165476530790329,-0.09334661066532135,0.9114483594894409,0.9991125464439392
2658,88600,LEFT_THUMB,0.538237988948822,0.21896713972091675,0.3746097683906555,0.2472800314426422,0.999175488948822
2658,88600,RIGHT_THUMB,0.5478154420852661,0.22266633808612823,-0.06861073523759842,0.8780170679092407,0.9992800354957581
2658,88600,LEFT_HIP,0.41896146535873413,0.44752585887908936,0.25106295943260193,0.9813092350959778,0.9994428753852844
2658,88600,RIGHT_HIP,0.38555583357810974,0.44853270053863525,-0.25046148896217346,0.9806180596351624,0.9990178346633911
2658,88600,LEFT_KNEE,0.6451223492622375,0.4840528964996338,0.05956029146909714,0.4825018048286438,0.9994223117828369
2658,88600,RIGHT_KNEE,0.44872981309890747,0.5946592092514038,-0.14402994513511658,0.8884798288345337,0.9991449117660522
2658,88600,LEFT_ANKLE,0.5431212186813354,0.63770991563797,0.15367421507835388,0.6216298341751099,0.999393105506897
2658,88600,RIGHT_ANKLE,0.4347549378871918,0.7583737373352051,0.015233677811920643,0.9097978472709656,0.9962847232818604
2658,88600,LEFT_HEEL,0.5015392899513245,0.6530810594558716,0.1520979106426239,0.6774805784225464,0.9990697503089905
2658,88600,RIGHT_HEEL,0.4116060733795166,0.7897663116455078,0.023305371403694153,0.8673145771026611,0.993767499923706
2658,88600,LEFT_FOOT_INDEX,0.62253737449646,0.6914873719215393,0.03626677393913269,0.7511951923370361,0.998380184173584
2658,88600,RIGHT_FOOT_INDEX,0.5580400824546814,0.7838513851165771,-0.10501795262098312,0.9143396615982056,0.9920275807380676
2659,88633,NOSE,0.47549813985824585,0.16779403388500214,-0.09169796109199524,0.9969293475151062,0.9967384934425354
2659,88633,LEFT_EYE_INNER,0.46266084909439087,0.15162421762943268,-0.07076867669820786,0.9965778589248657,0.997531533241272
2659,88633,LEFT_EYE,0.4601553678512573,0.15075534582138062,-0.07093722373247147,0.9965967535972595,0.9978792667388916
2659,88633,LEFT_EYE_OUTER,0.457902729511261,0.14998875558376312,-0.07116715610027313,0.9968966245651245,0.9979881048202515
2659,88633,RIGHT_EYE_INNER,0.4628077745437622,0.1514255553483963,-0.15406256914138794,0.996532142162323,0.9968650937080383
2659,88633,RIGHT_EYE,0.4605860412120819,0.15063507854938507,-0.15413451194763184,0.9966386556625366,0.9966558218002319
2659,88633,RIGHT_EYE_OUTER,0.4585329592227936,0.14994056522846222,-0.15438072383403778,0.9968951344490051,0.9966057538986206
2659,88633,LEFT_EAR,0.434386670589447,0.15289349853992462,0.0665958896279335,0.9960260987281799,0.9985748529434204
2659,88633,RIGHT_EAR,0.43807950615882874,0.15476259589195251,-0.30503493547439575,0.9969883561134338,0.9971001744270325
2659,88633,MOUTH_LEFT,0.4669685959815979,0.17937533557415009,-0.03065044805407524,0.9946529269218445,0.9969592094421387
2659,88633,MOUTH_RIGHT,0.4673713147640228,0.1782991737127304,-0.13951227068901062,0.9950947165489197,0.9960756897926331
2659,88633,LEFT_SHOULDER,0.4078904390335083,0.23237021267414093,0.33516258001327515,0.9888404011726379,0.9975680708885193
2659,88633,RIGHT_SHOULDER,0.38242626190185547,0.23416785895824432,-0.46027126908302307,0.9922460913658142,0.9970459342002869
2659,88633,LEFT_ELBOW,0.456378310918808,0.31352341175079346,0.6180987358093262,0.09665143489837646,0.9976301193237305
2659,88633,RIGHT_ELBOW,0.49251028895378113,0.3223797380924225,-0.4979207515716553,0.9653182029724121,0.9960973858833313
2659,88633,LEFT_WRIST,0.5331456065177917,0.23752319812774658,0.7721279263496399,0.24175342917442322,0.9990984201431274
2659,88633,RIGHT_WRIST,0.5533337593078613,0.23914821445941925,-0.3158130347728729,0.9497856497764587,0.9981605410575867
2659,88633,LEFT_PINKY,0.5300484299659729,0.21807081997394562,0.8200991749763489,0.25379765033721924,0.9991217255592346
2659,88633,RIGHT_PINKY,0.5726763010025024,0.2219851016998291,-0.35101068019866943,0.9242863655090332,0.998198926448822
2659,88633,LEFT_INDEX,0.5377302765846252,0.21293281018733978,0.7884134650230408,0.25095921754837036,0.9989681243896484
2659,88633,RIGHT_INDEX,0.5556485056877136,0.21672268211841583,-0.33353090286254883,0.915681779384613,0.99819415807724
2659,88633,LEFT_THUMB,0.5342643857002258,0.22054021060466766,0.7590323090553284,0.24888865649700165,0.9990935325622559
2659,88633,RIGHT_THUMB,0.5479469895362854,0.22270186245441437,-0.3032113313674927,0.8821151256561279,0.9984069466590881
2659,88633,LEFT_HIP,0.4228309690952301,0.4454391300678253,0.24237442016601562,0.9827786684036255,0.9992414712905884
2659,88633,RIGHT_HIP,0.38388124108314514,0.4489041864871979,-0.2416919469833374,0.9821708798408508,0.9983351826667786
2659,88633,LEFT_KNEE,0.6583316922187805,0.4549684524536133,0.061143290251493454,0.527314305305481,0.999039351940155
2659,88633,RIGHT_KNEE,0.4250633418560028,0.6091832518577576,-0.15071973204612732,0.8982877731323242,0.9983519315719604
2659,88633,LEFT_ANKLE,0.5636778473854065,0.6100905537605286,0.24620762467384338,0.6519086360931396,0.9994865655899048
2659,88633,RIGHT_ANKLE,0.41110914945602417,0.7783074975013733,-0.007928353734314442,0.918287456035614,0.9956388473510742
2659,88633,LEFT_HEEL,0.5223061442375183,0.6258409023284912,0.26232948899269104,0.7027840614318848,0.9992955923080444
2659,88633,RIGHT_HEEL,0.38749828934669495,0.8044385313987732,-0.0013899053446948528,0.8783038258552551,0.9926902651786804
2659,88633,LEFT_FOOT_INDEX,0.6520723104476929,0.6605823040008545,0.16439777612686157,0.7714595794677734,0.9986324906349182
2659,88633,RIGHT_FOOT_INDEX,0.5390517115592957,0.8065361976623535,-0.19140778481960297,0.9219185709953308,0.989173173904419
2660,88667,NOSE,0.4757430851459503,0.16757434606552124,-0.13621334731578827,0.9971605539321899,0.9975785613059998
2660,88667,LEFT_EYE_INNER,0.463346004486084,0.15161560475826263,-0.11363378167152405,0.9968317747116089,0.9979713559150696
2660,88667,LEFT_EYE,0.46076837182044983,0.15074864029884338,-0.11380208283662796,0.9968557357788086,0.9981850981712341
2660,88667,LEFT_EYE_OUTER,0.45835137367248535,0.14997003972530365,-0.11401916295289993,0.9971355199813843,0.9982672929763794
2660,88667,RIGHT_EYE_INNER,0.4634025990962982,0.1514158397912979,-0.195296049118042,0.9967800974845886,0.9975186586380005
2660,88667,RIGHT_EYE,0.4609092175960541,0.15062324702739716,-0.19540740549564362,0.9968739151954651,0.9974019527435303
2660,88667,RIGHT_EYE_OUTER,0.45866429805755615,0.1499255895614624,-0.19563966989517212,0.9971148371696472,0.9974270462989807
2660,88667,LEFT_EAR,0.4350798726081848,0.15269003808498383,0.032376728951931,0.996339738368988,0.9986734390258789
2660,88667,RIGHT_EAR,0.4381987452507019,0.15473516285419464,-0.3319397270679474,0.9971826672554016,0.9978261590003967
2660,88667,MOUTH_LEFT,0.46705231070518494,0.17905253171920776,-0.07264979183673859,0.9950745105743408,0.9976359605789185
2660,88667,MOUTH_RIGHT,0.46740618348121643,0.17768245935440063,-0.17921166121959686,0.995491087436676,0.9972299933433533
2660,88667,LEFT_SHOULDER,0.40998563170433044,0.2316422313451767,0.29836559295654297,0.9894039630889893,0.997480571269989
2660,88667,RIGHT_SHOULDER,0.38286861777305603,0.23444396257400513,-0.4777345061302185,0.9929699897766113,0.9979242086410522
2660,88667,LEFT_ELBOW,0.4646452069282532,0.3146536946296692,0.5311174392700195,0.1027090772986412,0.9974476099014282
2660,88667,RIGHT_ELBOW,0.4916727840900421,0.3238106667995453,-0.4640778601169586,0.9655911326408386,0.9956888556480408
2660,88667,LEFT_WRIST,0.5332334637641907,0.23494233191013336,0.49504759907722473,0.2501601278781891,0.999076247215271
2660,88667,RIGHT_WRIST,0.5534172058105469,0.2396775335073471,-0.18771521747112274,0.9513861536979675,0.9984456896781921
2660,88667,LEFT_PINKY,0.5307652354240417,0.22040702402591705,0.5043430924415588,0.25983524322509766,0.9990215301513672
2660,88667,RIGHT_PINKY,0.5728631615638733,0.22080464661121368,-0.21124884486198425,0.9267494082450867,0.9984186887741089
2660,88667,LEFT_INDEX,0.5433831214904785,0.21280179917812347,0.4802655875682831,0.25645723938941956,0.9988829493522644
2660,88667,RIGHT_INDEX,0.5557044148445129,0.2157418131828308,-0.20483900606632233,0.9183570742607117,0.9984714388847351
2660,88667,LEFT_THUMB,0.5400617122650146,0.22049462795257568,0.47815218567848206,0.2558296024799347,0.9990541338920593
2660,88667,RIGHT_THUMB,0.5480390191078186,0.2218443602323532,-0.1767130196094513,0.8849546313285828,0.9986695051193237
2660,88667,LEFT_HIP,0.43135833740234375,0.4424659311771393,0.2385368049144745,0.9840201139450073,0.9985353946685791
2660,88667,RIGHT_HIP,0.38264137506484985,0.44956496357917786,-0.23782065510749817,0.9835841059684753,0.9976111650466919
2660,88667,LEFT_KNEE,0.6591100096702576,0.43545854091644287,0.07730516046285629,0.5699850916862488,0.9992384910583496
2660,88667,RIGHT_KNEE,0.4158117473125458,0.6134001612663269,-0.15427599847316742,0.9077028632164001,0.9987941980361938
2660,88667,LEFT_ANKLE,0.5840855240821838,0.5852022767066956,0.30299264192581177,0.681372880935669,0.9995632767677307
2660,88667,RIGHT_ANKLE,0.4035448729991913,0.7829267978668213,-0.018214823678135872,0.9261318445205688,0.9958838820457458
2660,88667,LEFT_HEEL,0.5420376658439636,0.6045894026756287,0.31968390941619873,0.7268723249435425,0.9993791580200195
2660,88667,RIGHT_HEEL,0.38009339570999146,0.809605062007904,-0.01214669831097126,0.8887289762496948,0.9923548698425293
2660,88667,LEFT_FOOT_INDEX,0.6752178072929382,0.6378292441368103,0.22456492483615875,0.7910577058792114,0.9986798167228699
2660,88667,RIGHT_FOOT_INDEX,0.5259081125259399,0.8099462985992432,-0.23462076485157013,0.9290836453437805,0.9878317713737488
2661,88700,NOSE,0.47820407152175903,0.16713912785053253,-0.14999225735664368,0.9973946809768677,0.9988454580307007
2661,88700,LEFT_EYE_INNER,0.4658006429672241,0.15135392546653748,-0.12677539885044098,0.9970905184745789,0.9989319443702698
2661,88700,LEFT_EYE,0.46304556727409363,0.15050795674324036,-0.12691424787044525,0.9971171617507935,0.9989961981773376
2661,88700,LEFT_EYE_OUTER,0.46047744154930115,0.1497332900762558,-0.12710510194301605,0.9973705410957336,0.9990198612213135
2661,88700,RIGHT_EYE_INNER,0.46549731492996216,0.15113084018230438,-0.21018686890602112,0.9970380067825317,0.9988247752189636
2661,88700,RIGHT_EYE,0.4626202881336212,0.1503196805715561,-0.21031729876995087,0.9971237778663635,0.9988032579421997
2661,88700,RIGHT_EYE_OUTER,0.45966729521751404,0.14958636462688446,-0.21050959825515747,0.9973464012145996,0.9988499879837036
2661,88700,LEFT_EAR,0.4359109103679657,0.15219897031784058,0.023559514433145523,0.9966450333595276,0.9992559552192688
2661,88700,RIGHT_EAR,0.4382784366607666,0.1542355716228485,-0.349540650844574,0.9974088072776794,0.9991512298583984
2661,88700,MOUTH_LEFT,0.4688335657119751,0.17868031561374664,-0.08536295592784882,0.9954973459243774,0.998991072177887
2661,88700,MOUTH_RIGHT,0.4687584340572357,0.17718803882598877,-0.1944250613451004,0.9958866834640503,0.9989953637123108
2661,88700,LEFT_SHOULDER,0.4140411615371704,0.2306600958108902,0.2882522642612457,0.9900846481323242,0.9986060261726379
2661,88700,RIGHT_SHOULDER,0.3818306028842926,0.23461829125881195,-0.4991617500782013,0.9936500191688538,0.999351441860199
2661,88700,LEFT_ELBOW,0.4730212688446045,0.31505724787712097,0.46708083152770996,0.10518720746040344,0.9976342916488647
2661,88700,RIGHT_ELBOW,0.4915577173233032,0.3238787055015564,-0.4491712152957916,0.9668262004852295,0.9971039891242981
2661,88700,LEFT_WRIST,0.5339867472648621,0.23705415427684784,0.4508362412452698,0.2481103390455246,0.9992117881774902
2661,88700,RIGHT_WRIST,0.5534865260124207,0.24013952910900116,-0.14473195374011993,0.9525725841522217,0.9990832805633545
2661,88700,LEFT_PINKY,0.5332639217376709,0.22426456212997437,0.4840402901172638,0.2561405599117279,0.9992109537124634
2661,88700,RIGHT_PINKY,0.5728122591972351,0.2207140326499939,-0.16643361747264862,0.9282460808753967,0.9990988969802856
2661,88700,LEFT_INDEX,0.5412765145301819,0.21588794887065887,0.44798141717910767,0.2527337372303009,0.9990904331207275
2661,88700,RIGHT_INDEX,0.5558481812477112,0.21561461687088013,-0.19766150414943695,0.9200761914253235,0.9990948438644409
2661,88700,LEFT_THUMB,0.5366606712341309,0.22334499657154083,0.4449109137058258,0.2535386383533478,0.9992144107818604
2661,88700,RIGHT_THUMB,0.5480290651321411,0.22180913388729095,-0.14348062872886658,0.8869318962097168,0.9992107152938843
2661,88700,LEFT_HIP,0.4385696351528168,0.438639760017395,0.23859912157058716,0.9852836728096008,0.9991621971130371
2661,88700,RIGHT_HIP,0.38298168778419495,0.45042064785957336,-0.23789037764072418,0.9850370287895203,0.9989005327224731
2661,88700,LEFT_KNEE,0.6589029431343079,0.4180997908115387,0.15222325921058655,0.608188807964325,0.9996922016143799
2661,88700,RIGHT_KNEE,0.41220489144325256,0.6158860325813293,-0.148758202791214,0.9164676666259766,0.9995853304862976
2661,88700,LEFT_ANKLE,0.5925675630569458,0.5686756372451782,0.4116804003715515,0.7085434198379517,0.9998235106468201
2661,88700,RIGHT_ANKLE,0.3989865779876709,0.7846341729164124,-0.011614946648478508,0.9333361387252808,0.9982693195343018
2661,88700,LEFT_HEEL,0.5521877408027649,0.5901893377304077,0.42913761734962463,0.7491187453269958,0.9997439980506897
2661,88700,RIGHT_HEEL,0.3761683702468872,0.8112682700157166,-0.006872664205729961,0.8986729383468628,0.9965370893478394
2661,88700,LEFT_FOOT_INDEX,0.6876334547996521,0.6206627488136292,0.34410080313682556,0.8092750906944275,0.9994076490402222
2661,88700,RIGHT_FOOT_INDEX,0.525900661945343,0.8112626075744629,-0.2290308028459549,0.9357947111129761,0.993976354598999
2662,88733,NOSE,0.4784620404243469,0.16631543636322021,-0.14709988236427307,0.9975973963737488,0.9988458156585693
2662,88733,LEFT_EYE_INNER,0.46591171622276306,0.15087032318115234,-0.12414523214101791,0.9973127245903015,0.9990009665489197
2662,88733,LEFT_EYE,0.4631035029888153,0.15001632273197174,-0.1242983266711235,0.9973429441452026,0.9990818500518799
2662,88733,LEFT_EYE_OUTER,0.46050822734832764,0.14926376938819885,-0.12449575215578079,0.9975749254226685,0.9991171956062317
2662,88733,RIGHT_EYE_INNER,0.46576619148254395,0.1506684571504593,-0.20619677007198334,0.99725741147995,0.998842716217041
2662,88733,RIGHT_EYE,0.46294206380844116,0.14988164603710175,-0.20632301270961761,0.9973351359367371,0.9988067150115967
2662,88733,RIGHT_EYE_OUTER,0.4600297808647156,0.14918433129787445,-0.20650777220726013,0.9975441098213196,0.9988415837287903
2662,88733,LEFT_EAR,0.43604573607444763,0.15177464485168457,0.022652899846434593,0.9969072341918945,0.9993231296539307
2662,88733,RIGHT_EAR,0.4382377862930298,0.15383915603160858,-0.3442261815071106,0.997592031955719,0.9990743398666382
2662,88733,MOUTH_LEFT,0.4688354730606079,0.1777922660112381,-0.0841451957821846,0.9958575963973999,0.9989008903503418
2662,88733,MOUTH_RIGHT,0.46876418590545654,0.17640937864780426,-0.19137313961982727,0.996222972869873,0.9988172054290771
2662,88733,LEFT_SHOULDER,0.4132159948348999,0.23072616755962372,0.2865857183933258,0.9906372427940369,0.9986359477043152
2662,88733,RIGHT_SHOULDER,0.38079309463500977,0.23474960029125214,-0.49602052569389343,0.9942561984062195,0.9991934895515442
2662,88733,LEFT_ELBOW,0.47299107909202576,0.31541043519973755,0.4641093611717224,0.10738455504179001,0.998033344745636
2662,88733,RIGHT_ELBOW,0.48939841985702515,0.3239131569862366,-0.4464741349220276,0.9672650694847107,0.9971381425857544
2662,88733,LEFT_WRIST,0.5349594354629517,0.23822073638439178,0.4358915686607361,0.2473670244216919,0.9992546439170837
2662,88733,RIGHT_WRIST,0.5533392429351807,0.23987270891666412,-0.1237211599946022,0.9535871148109436,0.9990491271018982
2662,88733,LEFT_PINKY,0.5356115698814392,0.22445331513881683,0.4431616961956024,0.2541362941265106,0.9992246627807617
2662,88733,RIGHT_PINKY,0.5728534460067749,0.2201298028230667,-0.14291338622570038,0.9298467040061951,0.9990668892860413
2662,88733,LEFT_INDEX,0.5419670343399048,0.21601420640945435,0.4159790575504303,0.25051674246788025,0.9991241097450256
2662,88733,RIGHT_INDEX,0.5557706356048584,0.2150074988603592,-0.15307694673538208,0.9218894243240356,0.9990785121917725
2662,88733,LEFT_THUMB,0.5369890332221985,0.22350388765335083,0.41916120052337646,0.25267359614372253,0.9992419481277466
2662,88733,RIGHT_THUMB,0.5480164289474487,0.22122646868228912,-0.11696572601795197,0.8890340924263,0.9991911053657532
2662,88733,LEFT_HIP,0.43785545229911804,0.43680545687675476,0.2382482886314392,0.986427366733551,0.9992122650146484
2662,88733,RIGHT_HIP,0.38356995582580566,0.45063623785972595,-0.23754532635211945,0.986335039138794,0.998866081237793
2662,88733,LEFT_KNEE,0.6633244752883911,0.40424561500549316,0.16681717336177826,0.6434175372123718,0.9997019171714783
2662,88733,RIGHT_KNEE,0.41254568099975586,0.6159569621086121,-0.1493913233280182,0.9243820905685425,0.9995025396347046
2662,88733,LEFT_ANKLE,0.600870668888092,0.5537799596786499,0.39214515686035156,0.7339231967926025,0.9998071789741516
2662,88733,RIGHT_ANKLE,0.39676058292388916,0.784579336643219,-0.01644318923354149,0.9398232102394104,0.9979676604270935
2662,88733,LEFT_HEEL,0.5563993453979492,0.5761703848838806,0.40579211711883545,0.7697871327400208,0.9997186064720154
2662,88733,RIGHT_HEEL,0.37444138526916504,0.8111885190010071,-0.011949465610086918,0.9076253175735474,0.9960500597953796
2662,88733,LEFT_FOOT_INDEX,0.6948836445808411,0.6089484691619873,0.3178272247314453,0.8259860873222351,0.9993054866790771
2662,88733,RIGHT_FOOT_INDEX,0.5229012966156006,0.8108434081077576,-0.23585844039916992,0.941846489906311,0.9935322999954224
2663,88767,NOSE,0.48034703731536865,0.16488216817378998,-0.185757115483284,0.997751772403717,0.9978647828102112
2663,88767,LEFT_EYE_INNER,0.4673013687133789,0.1498267948627472,-0.16434787213802338,0.9974755644798279,0.9981998205184937
2663,88767,LEFT_EYE,0.4642912447452545,0.14898592233657837,-0.16451114416122437,0.9975138902664185,0.998344898223877
2663,88767,LEFT_EYE_OUTER,0.4616515338420868,0.14824582636356354,-0.16472141444683075,0.9977261424064636,0.9984092116355896
2663,88767,RIGHT_EYE_INNER,0.46696096658706665,0.14977701008319855,-0.2477836310863495,0.9974188208580017,0.9979639053344727
2663,88767,RIGHT_EYE,0.4637719988822937,0.14903946220874786,-0.24790839850902557,0.9974896311759949,0.9979089498519897
2663,88767,RIGHT_EYE_OUTER,0.4606161117553711,0.14842869341373444,-0.24808087944984436,0.997685968875885,0.99798583984375
2663,88767,LEFT_EAR,0.43739402294158936,0.1508549600839615,-0.01809370145201683,0.997108519077301,0.9987988471984863
2663,88767,RIGHT_EAR,0.4382784962654114,0.15339934825897217,-0.39165470004081726,0.9977188110351562,0.9983453750610352
2663,88767,MOUTH_LEFT,0.4702032208442688,0.17686022818088531,-0.12218286097049713,0.9961446523666382,0.998177170753479
2663,88767,MOUTH_RIGHT,0.4699200689792633,0.17527957260608673,-0.23130689561367035,0.9964841604232788,0.9979446530342102
2663,88767,LEFT_SHOULDER,0.41271817684173584,0.23022864758968353,0.2572896480560303,0.991059422492981,0.9982267022132874
2663,88767,RIGHT_SHOULDER,0.38018351793289185,0.23624932765960693,-0.5373076796531677,0.9947925209999084,0.9987577199935913
2663,88767,LEFT_ELBOW,0.482174277305603,0.31433042883872986,0.4674455523490906,0.10565438121557236,0.9977307915687561
2663,88767,RIGHT_ELBOW,0.4892248213291168,0.3247781991958618,-0.4828576147556305,0.9678419232368469,0.9964905381202698
2663,88767,LEFT_WRIST,0.536357045173645,0.2388223260641098,0.46399474143981934,0.24090275168418884,0.998940646648407
2663,88767,RIGHT_WRIST,0.5533329248428345,0.24006164073944092,-0.14524906873703003,0.9545596837997437,0.9988514184951782
2663,88767,LEFT_PINKY,0.5514319539070129,0.22523491084575653,0.47507503628730774,0.2477041482925415,0.9989155530929565
2663,88767,RIGHT_PINKY,0.572879433631897,0.2200791835784912,-0.1696324497461319,0.9313410520553589,0.9988958835601807
2663,88767,LEFT_INDEX,0.5557153224945068,0.22564317286014557,0.4392120838165283,0.24436499178409576,0.9987691044807434
2663,88767,RIGHT_INDEX,0.5558385848999023,0.2148277312517166,-0.1692429780960083,0.9236202836036682,0.9988904595375061
2663,88767,LEFT_THUMB,0.5495210289955139,0.23195256292819977,0.44286683201789856,0.24798671901226044,0.9989199638366699
2663,88767,RIGHT_THUMB,0.5480345487594604,0.22129154205322266,-0.13609269261360168,0.8908876180648804,0.9990183115005493
2663,88767,LEFT_HIP,0.43987685441970825,0.43340644240379333,0.237446591258049,0.9874388575553894,0.9991883635520935
2663,88767,RIGHT_HIP,0.3840186595916748,0.4508465826511383,-0.23673464357852936,0.9874827861785889,0.9985994696617126
2663,88767,LEFT_KNEE,0.6628832817077637,0.3974815607070923,0.18046647310256958,0.6743834018707275,0.9996904134750366
2663,88767,RIGHT_KNEE,0.41356945037841797,0.6157128214836121,-0.10060691088438034,0.9314050078392029,0.9994215965270996
2663,88767,LEFT_ANKLE,0.6091259121894836,0.5480784773826599,0.39670079946517944,0.7564989924430847,0.9998257756233215
2663,88767,RIGHT_ANKLE,0.39697590470314026,0.7847689986228943,0.09135511517524719,0.9456477761268616,0.9982239603996277
2663,88767,LEFT_HEEL,0.5656546950340271,0.5704622864723206,0.41057515144348145,0.7883919477462769,0.9997509121894836
2663,88767,RIGHT_HEEL,0.3738373816013336,0.8120827674865723,0.10145750641822815,0.915598452091217,0.9966088533401489
2663,88767,LEFT_FOOT_INDEX,0.7038590908050537,0.600824773311615,0.32344383001327515,0.8410617113113403,0.9993801116943359
2663,88767,RIGHT_FOOT_INDEX,0.5208396911621094,0.8108422756195068,-0.11921197921037674,0.9472561478614807,0.9946243166923523
2664,88800,NOSE,0.47927331924438477,0.16404113173484802,-0.1588270664215088,0.9979466795921326,0.9992563128471375
2664,88800,LEFT_EYE_INNER,0.46649691462516785,0.14949505031108856,-0.13706065714359283,0.9976962208747864,0.9992945194244385
2664,88800,LEFT_EYE,0.4637458026409149,0.14867496490478516,-0.13718923926353455,0.9977342486381531,0.9993119239807129
2664,88800,LEFT_EYE_OUTER,0.4613346755504608,0.1479351818561554,-0.13736608624458313,0.9979228973388672,0.9993071556091309
2664,88800,RIGHT_EYE_INNER,0.4655396044254303,0.1494467705488205,-0.22004932165145874,0.9976416826248169,0.9992828965187073
2664,88800,RIGHT_EYE,0.46217894554138184,0.1487189680337906,-0.2201918661594391,0.9977076053619385,0.9992838501930237
2664,88800,RIGHT_EYE_OUTER,0.45888885855674744,0.14812014997005463,-0.22035886347293854,0.9978858232498169,0.9993240833282471
2664,88800,LEFT_EAR,0.4374423325061798,0.15068039298057556,0.007635821122676134,0.9973633885383606,0.9994719624519348
2664,88800,RIGHT_EAR,0.4369434714317322,0.15329018235206604,-0.3628697991371155,0.9979204535484314,0.999543309211731
2664,88800,MOUTH_LEFT,0.469578355550766,0.17626319825649261,-0.09632670134305954,0.9964908361434937,0.9994126558303833
2664,88800,MOUTH_RIGHT,0.4680972397327423,0.1747797280550003,-0.2045300453901291,0.9968016743659973,0.9994402527809143
2664,88800,LEFT_SHOULDER,0.41724783182144165,0.22897641360759735,0.27657127380371094,0.9916626214981079,0.9987911581993103
2664,88800,RIGHT_SHOULDER,0.3790300786495209,0.23729537427425385,-0.5175276398658752,0.9952993392944336,0.9996669292449951
2664,88800,LEFT_ELBOW,0.4851832091808319,0.3142823874950409,0.4282439053058624,0.10380761325359344,0.9971983432769775
2664,88800,RIGHT_ELBOW,0.48915624618530273,0.3248165547847748,-0.4409377872943878,0.9689497947692871,0.9977579712867737
2664,88800,LEFT_WRIST,0.5364360213279724,0.2557803690433502,0.3345701992511749,0.2311941683292389,0.9987321496009827
2664,88800,RIGHT_WRIST,0.5514710545539856,0.24018412828445435,0.002725900150835514,0.955525279045105,0.9991980195045471
2664,88800,LEFT_PINKY,0.5535799264907837,0.2406047135591507,0.3279784023761749,0.2377488613128662,0.9988242983818054
2664,88800,RIGHT_PINKY,0.5689149498939514,0.2201782464981079,-0.0015762964030727744,0.93252032995224,0.9991899132728577
2664,88800,LEFT_INDEX,0.5556907057762146,0.23489342629909515,0.3016161322593689,0.23473410308361053,0.9986648559570312
2664,88800,RIGHT_INDEX,0.552177906036377,0.21479056775569916,-0.013738847337663174,0.9249834418296814,0.9991514682769775
2664,88800,LEFT_THUMB,0.5492329001426697,0.24047112464904785,0.31332820653915405,0.23963703215122223,0.9988076686859131
2664,88800,RIGHT_THUMB,0.5455839037895203,0.22133904695510864,0.010513429529964924,0.8928557634353638,0.9992735981941223
2664,88800,LEFT_HIP,0.44007888436317444,0.430681437253952,0.2371954321861267,0.9884533882141113,0.9992177486419678
2664,88800,RIGHT_HIP,0.38434937596321106,0.45040032267570496,-0.236516073346138,0.9886240363121033,0.9992140531539917
2664,88800,LEFT_KNEE,0.6611897349357605,0.394944429397583,0.1935432106256485,0.702235996723175,0.9997738003730774
2664,88800,RIGHT_KNEE,0.41507577896118164,0.6150131821632385,-0.12197478860616684,0.9379081726074219,0.9997350573539734
2664,88800,LEFT_ANKLE,0.6133272051811218,0.5475142598152161,0.38142240047454834,0.7773619890213013,0.9998513460159302
2664,88800,RIGHT_ANKLE,0.3961049020290375,0.7844418883323669,-0.030541066080331802,0.9509326815605164,0.9986600875854492
2664,88800,LEFT_HEEL,0.5709251165390015,0.5713502168655396,0.39191514253616333,0.8054778575897217,0.9997902512550354
2664,88800,RIGHT_HEEL,0.37274083495140076,0.812049388885498,-0.031227484345436096,0.9228897094726562,0.9971429705619812
2664,88800,LEFT_FOOT_INDEX,0.7109315991401672,0.5969673991203308,0.3129870891571045,0.8548389673233032,0.9994651675224304
2664,88800,RIGHT_FOOT_INDEX,0.5208874940872192,0.8108863830566406,-0.2587774991989136,0.9522046446800232,0.9949849843978882
2665,88833,NOSE,0.47920456528663635,0.16450800001621246,-0.17374013364315033,0.9981203675270081,0.9991783499717712
2665,88833,LEFT_EYE_INNER,0.4665403664112091,0.15007813274860382,-0.15072792768478394,0.9978882670402527,0.9991815686225891
2665,88833,LEFT_EYE,0.46402421593666077,0.14927585422992706,-0.15083715319633484,0.9979260563850403,0.9991946816444397
2665,88833,LEFT_EYE_OUTER,0.46194788813591003,0.14848692715168,-0.15101367235183716,0.9980942606925964,0.999180018901825
2665,88833,RIGHT_EYE_INNER,0.4650696814060211,0.149953231215477,-0.23132538795471191,0.9978351593017578,0.9991770386695862
2665,88833,RIGHT_EYE,0.4612884521484375,0.1491817682981491,-0.23146751523017883,0.9978960156440735,0.9991758465766907
2665,88833,RIGHT_EYE_OUTER,0.4574326276779175,0.14851102232933044,-0.23161573708057404,0.9980583786964417,0.9992114305496216
2665,88833,LEFT_EAR,0.4388231933116913,0.15084673464298248,0.002743573160842061,0.9975829124450684,0.9993313550949097
2665,88833,RIGHT_EAR,0.4353078007698059,0.1535513550043106,-0.35792315006256104,0.9980913996696472,0.9994367957115173
2665,88833,MOUTH_LEFT,0.4696398079395294,0.17706356942653656,-0.10840889066457748,0.9967975616455078,0.9992309808731079
2665,88833,MOUTH_RIGHT,0.46721556782722473,0.17579804360866547,-0.21340622007846832,0.9970830678939819,0.9993126392364502
2665,88833,LEFT_SHOULDER,0.4244101941585541,0.228260338306427,0.26399385929107666,0.9920836091041565,0.9982800483703613
2665,88833,RIGHT_SHOULDER,0.37394922971725464,0.2391645908355713,-0.5082933902740479,0.9957495331764221,0.9994086027145386
2665,88833,LEFT_ELBOW,0.4878414571285248,0.3134065568447113,0.36563509702682495,0.10357394814491272,0.9971895813941956
2665,88833,RIGHT_ELBOW,0.4891291558742523,0.32491859793663025,-0.42834165692329407,0.969633936882019,0.996866762638092
2665,88833,LEFT_WRIST,0.5366883277893066,0.25156936049461365,0.22374600172042847,0.2227594554424286,0.9988681077957153
2665,88833,RIGHT_WRIST,0.5512149333953857,0.24026626348495483,-0.0073229228146374226,0.9553449153900146,0.999131977558136
2665,88833,LEFT_PINKY,0.549841046333313,0.23939019441604614,0.20768405497074127,0.22960126399993896,0.9989087581634521
2665,88833,RIGHT_PINKY,0.5678845047950745,0.22025759518146515,-0.013251950033009052,0.9319307804107666,0.9991337656974792
2665,88833,LEFT_INDEX,0.5474780797958374,0.23355640470981598,0.19366376101970673,0.2266836166381836,0.9986864924430847
2665,88833,RIGHT_INDEX,0.5499284863471985,0.21483485400676727,-0.030148541554808617,0.9244756102561951,0.9990577101707458
2665,88833,LEFT_THUMB,0.5389257073402405,0.23869191110134125,0.2065083235502243,0.2327304482460022,0.9988601207733154
2665,88833,RIGHT_THUMB,0.5418152809143066,0.22136878967285156,-0.0018019163981080055,0.8924417495727539,0.9991744160652161
2665,88833,LEFT_HIP,0.4445294141769409,0.4286779463291168,0.23632647097110748,0.9893330335617065,0.999306321144104
2665,88833,RIGHT_HIP,0.38436320424079895,0.450300008058548,-0.23573298752307892,0.9895976185798645,0.9989221096038818
2665,88833,LEFT_KNEE,0.6618835926055908,0.3952999413013458,0.17539194226264954,0.728208601474762,0.9997531771659851
2665,88833,RIGHT_KNEE,0.4170067608356476,0.6145820021629333,-0.1269025206565857,0.9436468482017517,0.9996008276939392
2665,88833,LEFT_ANKLE,0.6141142249107361,0.5482138991355896,0.3595838248729706,0.7959649562835693,0.999846339225769
2665,88833,RIGHT_ANKLE,0.3960137963294983,0.783684253692627,-0.02453463524580002,0.9556518793106079,0.9979693293571472
2665,88833,LEFT_HEEL,0.5713460445404053,0.5739147067070007,0.3698965013027191,0.8203479051589966,0.9997902512550354
2665,88833,RIGHT_HEEL,0.37169981002807617,0.8112234473228455,-0.023648491129279137,0.9291121959686279,0.9958987832069397
2665,88833,LEFT_FOOT_INDEX,0.7133080363273621,0.5986896753311157,0.28578442335128784,0.8669885396957397,0.9994039535522461
2665,88833,RIGHT_FOOT_INDEX,0.5186477899551392,0.8110918998718262,-0.24444705247879028,0.956570565700531,0.9932785630226135
2666,88867,NOSE,0.479125052690506,0.16419313848018646,-0.17925454676151276,0.9982978701591492,0.9996370077133179
2666,88867,LEFT_EYE_INNER,0.4665325880050659,0.14965511858463287,-0.15562115609645844,0.9980881810188293,0.9995908141136169
2666,88867,LEFT_EYE,0.4641135632991791,0.14888335764408112,-0.15571065247058868,0.9981232285499573,0.9995973706245422
2666,88867,LEFT_EYE_OUTER,0.4623263478279114,0.14811505377292633,-0.15586885809898376,0.9982736706733704,0.9995905756950378
2666,88867,RIGHT_EYE_INNER,0.46409738063812256,0.14941851794719696,-0.23600448668003082,0.9980376958847046,0.9995768666267395
2666,88867,RIGHT_EYE,0.4597421884536743,0.1485818475484848,-0.23614804446697235,0.998092770576477,0.9995664954185486
2666,88867,RIGHT_EYE_OUTER,0.45534273982048035,0.1478688269853592,-0.2362702488899231,0.9982390403747559,0.9995731711387634
2666,88867,LEFT_EAR,0.44005224108695984,0.15056002140045166,0.004037267528474331,0.9978109002113342,0.9996770620346069
2666,88867,RIGHT_EAR,0.43340691924095154,0.15325354039669037,-0.3549913465976715,0.9982715845108032,0.9997175335884094
2666,88867,MOUTH_LEFT,0.4696519672870636,0.1769656091928482,-0.11161353439092636,0.9971057176589966,0.9996887445449829
2666,88867,MOUTH_RIGHT,0.46616828441619873,0.17565582692623138,-0.21627087891101837,0.9973640441894531,0.9997158646583557
2666,88867,LEFT_SHOULDER,0.42962950468063354,0.22789841890335083,0.26489487290382385,0.9926846623420715,0.999100923538208
2666,88867,RIGHT_SHOULDER,0.3734029531478882,0.23927664756774902,-0.50514817237854,0.9961643815040588,0.9996795654296875
2666,88867,LEFT_ELBOW,0.49203237891197205,0.31276658177375793,0.27488887310028076,0.10815996676683426,0.9978269934654236
2666,88867,RIGHT_ELBOW,0.48501095175743103,0.32502272725105286,-0.412129670381546,0.9709469079971313,0.9976413249969482
2666,88867,LEFT_WRIST,0.5388308167457581,0.2490038275718689,0.0064214179292321205,0.22313730418682098,0.9992663264274597
2666,88867,RIGHT_WRIST,0.5506622791290283,0.24042652547359467,0.025127757340669632,0.9562180042266846,0.9994218349456787
2666,88867,LEFT_PINKY,0.5561172962188721,0.23289448022842407,-0.030807070434093475,0.2296190708875656,0.9992824196815491
2666,88867,RIGHT_PINKY,0.5670947432518005,0.22031889855861664,0.02179880067706108,0.9325219988822937,0.9993999004364014
2666,88867,LEFT_INDEX,0.5469821095466614,0.2239156812429428,-0.03785063326358795,0.22676482796669006,0.9991393089294434
2666,88867,RIGHT_INDEX,0.5496111512184143,0.21481530368328094,0.002730489242821932,0.9251453876495361,0.9993488192558289
2666,88867,LEFT_THUMB,0.5389655232429504,0.2330411672592163,-0.01190929114818573,0.23394879698753357,0.9992683529853821
2666,88867,RIGHT_THUMB,0.5411904454231262,0.22142964601516724,0.031214037910103798,0.8935874700546265,0.9994348883628845
2666,88867,LEFT_HIP,0.4466290771961212,0.4283866584300995,0.2360347956418991,0.9902352094650269,0.9994562268257141
2666,88867,RIGHT_HIP,0.38454729318618774,0.4502817690372467,-0.2355014681816101,0.9905277490615845,0.999112069606781
2666,88867,LEFT_KNEE,0.663112998008728,0.3979702293872833,0.17142008244991302,0.7516096234321594,0.9997830986976624
2666,88867,RIGHT_KNEE,0.4187149405479431,0.6153454780578613,-0.12825357913970947,0.9488807916641235,0.999666690826416
2666,88867,LEFT_ANKLE,0.611539363861084,0.553901731967926,0.3774518072605133,0.812722384929657,0.9998499155044556
2666,88867,RIGHT_ANKLE,0.39661863446235657,0.7841613292694092,-0.006656655576080084,0.9598987698554993,0.9981454610824585
2666,88867,LEFT_HEEL,0.5708689093589783,0.5781531929969788,0.39165428280830383,0.8337253928184509,0.9997957348823547
2666,88867,RIGHT_HEEL,0.3714154362678528,0.8112005591392517,-0.0011504092253744602,0.9346295595169067,0.9962571859359741
2666,88867,LEFT_FOOT_INDEX,0.7147283554077148,0.6034858822822571,0.3094812333583832,0.8779827952384949,0.9994329810142517
2666,88867,RIGHT_FOOT_INDEX,0.5192820429801941,0.8112367987632751,-0.24375733733177185,0.9605060815811157,0.9938597679138184
2667,88900,NOSE,0.4785292446613312,0.16422933340072632,-0.1744302660226822,0.998460590839386,0.9997355341911316
2667,88900,LEFT_EYE_INNER,0.4665020704269409,0.1496608406305313,-0.15084318816661835,0.9982714653015137,0.9996919631958008
2667,88900,LEFT_EYE,0.46419933438301086,0.14889077842235565,-0.15091778337955475,0.9983037710189819,0.9996926784515381
2667,88900,LEFT_EYE_OUTER,0.4627774953842163,0.14812250435352325,-0.15106810629367828,0.9984382390975952,0.9996819496154785
2667,88900,RIGHT_EYE_INNER,0.4629642367362976,0.14942868053913116,-0.23061002790927887,0.9982240796089172,0.9996925592422485
2667,88900,RIGHT_EYE,0.4581950008869171,0.14859707653522491,-0.23074758052825928,0.9982739090919495,0.999685525894165
2667,88900,RIGHT_EYE_OUTER,0.4535362124443054,0.14789451658725739,-0.23086172342300415,0.998405396938324,0.9996894598007202
2667,88900,LEFT_EAR,0.4413246810436249,0.1505717784166336,0.011112822219729424,0.9980201721191406,0.9997434020042419
2667,88900,RIGHT_EAR,0.43226128816604614,0.15331710875034332,-0.3493817150592804,0.9984370470046997,0.9998021721839905
2667,88900,MOUTH_LEFT,0.4696319103240967,0.17705990374088287,-0.10543705523014069,0.997386634349823,0.9997805953025818
2667,88900,MOUTH_RIGHT,0.464562326669693,0.17584355175495148,-0.20933042466640472,0.9976202249526978,0.9998124241828918
2667,88900,LEFT_SHOULDER,0.43266037106513977,0.22795240581035614,0.27230581641197205,0.9932651519775391,0.999161958694458
2667,88900,RIGHT_SHOULDER,0.37172916531562805,0.23943191766738892,-0.5015844702720642,0.9965406060218811,0.9997778534889221
2667,88900,LEFT_ELBOW,0.492880642414093,0.3125476539134979,0.24020585417747498,0.11362827569246292,0.9978193044662476
2667,88900,RIGHT_ELBOW,0.4782424867153168,0.32528236508369446,-0.39603933691978455,0.9724141955375671,0.9981189370155334
2667,88900,LEFT_WRIST,0.5398789048194885,0.24831606447696686,-0.08462365716695786,0.22389212250709534,0.9992434978485107
2667,88900,RIGHT_WRIST,0.5495755076408386,0.24108059704303741,0.03806927800178528,0.9573219418525696,0.9994969367980957
2667,88900,LEFT_PINKY,0.5561886429786682,0.2328827828168869,-0.1303120106458664,0.23013870418071747,0.9992855191230774
2667,88900,RIGHT_PINKY,0.5659388303756714,0.2215239256620407,0.03560221567749977,0.9333329796791077,0.9994626641273499
2667,88900,LEFT_INDEX,0.5472245216369629,0.2242308408021927,-0.1362827867269516,0.22731457650661469,0.9991293549537659
2667,88900,RIGHT_INDEX,0.5491412281990051,0.21536289155483246,0.016780804842710495,0.9260569214820862,0.9994148015975952
2667,88900,LEFT_THUMB,0.5388263463973999,0.23304833471775055,-0.10405956208705902,0.23560172319412231,0.9992542862892151
2667,88900,RIGHT_THUMB,0.5413252711296082,0.22162850201129913,0.04477539658546448,0.8949042558670044,0.999494194984436
2667,88900,LEFT_HIP,0.44637730717658997,0.42864736914634705,0.23590753972530365,0.9910649061203003,0.9994584918022156
2667,88900,RIGHT_HIP,0.3830127418041229,0.4502408504486084,-0.2354159653186798,0.991379976272583,0.9992533326148987
2667,88900,LEFT_KNEE,0.662693977355957,0.40348318219184875,0.1259051263332367,0.7731624841690063,0.9997672438621521
2667,88900,RIGHT_KNEE,0.4196526110172272,0.6159372329711914,-0.17367389798164368,0.9536305069923401,0.9997274279594421
2667,88900,LEFT_ANKLE,0.6123154759407043,0.5579400658607483,0.3644462525844574,0.827895998954773,0.9998549222946167
2667,88900,RIGHT_ANKLE,0.39697909355163574,0.7844962477684021,-0.0364118255674839,0.9637399315834045,0.9984070658683777
2667,88900,LEFT_HEEL,0.5719781517982483,0.581917941570282,0.3763076663017273,0.84604811668396,0.999811589717865
2667,88900,RIGHT_HEEL,0.3715575933456421,0.8109413981437683,-0.030930709093809128,0.9397199749946594,0.9967404007911682
2667,88900,LEFT_FOOT_INDEX,0.7154588103294373,0.6065977215766907,0.29037192463874817,0.8879218101501465,0.999477207660675
2667,88900,RIGHT_FOOT_INDEX,0.519544243812561,0.8117688298225403,-0.2691887617111206,0.9640812873840332,0.9941124320030212
2668,88933,NOSE,0.47944894433021545,0.1632005125284195,-0.16736236214637756,0.9985985159873962,0.9994751811027527
2668,88933,LEFT_EYE_INNER,0.46755266189575195,0.1485692858695984,-0.1441311538219452,0.9984275698661804,0.9994480013847351
2668,88933,LEFT_EYE,0.4655477702617645,0.14781799912452698,-0.14421671628952026,0.998458206653595,0.999468982219696
2668,88933,LEFT_EYE_OUTER,0.46432507038116455,0.14709872007369995,-0.14437231421470642,0.9985781311988831,0.9994633793830872
2668,88933,RIGHT_EYE_INNER,0.4634374678134918,0.14841696619987488,-0.2235427349805832,0.9983810782432556,0.9993976354598999
2668,88933,RIGHT_EYE,0.4584951400756836,0.14763255417346954,-0.22367118299007416,0.9984257221221924,0.9993786811828613
2668,88933,RIGHT_EYE_OUTER,0.45364901423454285,0.14700528979301453,-0.2238059937953949,0.9985442757606506,0.9993890523910522
2668,88933,LEFT_EAR,0.44223904609680176,0.1501746028661728,0.013246772810816765,0.9982002377510071,0.9995836615562439
2668,88933,RIGHT_EAR,0.43233513832092285,0.15299667418003082,-0.34558582305908203,0.998576283454895,0.9996002316474915
2668,88933,MOUTH_LEFT,0.47056326270103455,0.17641057074069977,-0.09990045428276062,0.9976303577423096,0.9995772242546082
2668,88933,MOUTH_RIGHT,0.4649169445037842,0.17515742778778076,-0.2034679353237152,0.9978423118591309,0.999600350856781
2668,88933,LEFT_SHOULDER,0.43797239661216736,0.22798101603984833,0.2774030566215515,0.993685781955719,0.9987144470214844
2668,88933,RIGHT_SHOULDER,0.37017616629600525,0.23940153419971466,-0.5012852549552917,0.996873140335083,0.9995935559272766
2668,88933,LEFT_ELBOW,0.49403515458106995,0.31400105357170105,0.27880769968032837,0.1164284273982048,0.9963697195053101
2668,88933,RIGHT_ELBOW,0.47616904973983765,0.3252160847187042,-0.3954336941242218,0.9734129905700684,0.9977206587791443
2668,88933,LEFT_WRIST,0.5406847596168518,0.24836476147174835,0.01164516806602478,0.22382424771785736,0.9988982677459717
2668,88933,RIGHT_WRIST,0.5486127138137817,0.2403443604707718,0.02183510735630989,0.958839476108551,0.9994077682495117
2668,88933,LEFT_PINKY,0.5594996809959412,0.23764602839946747,-0.024307724088430405,0.22931019961833954,0.9989872574806213
2668,88933,RIGHT_PINKY,0.564704179763794,0.2207091599702835,0.018229519948363304,0.9352495074272156,0.9993172883987427
2668,88933,LEFT_INDEX,0.5527423024177551,0.22890537977218628,-0.032135095447301865,0.2264222949743271,0.9988270401954651
2668,88933,RIGHT_INDEX,0.5491651892662048,0.214028999209404,0.0018445088062435389,0.9281357526779175,0.999265730381012
2668,88933,LEFT_THUMB,0.5421578884124756,0.23658418655395508,-0.007056464906781912,0.23574939370155334,0.9989933371543884
2668,88933,RIGHT_THUMB,0.5409414768218994,0.22015129029750824,0.02880600094795227,0.8975926041603088,0.9993951320648193
2668,88933,LEFT_HIP,0.4489521384239197,0.42820894718170166,0.23413260281085968,0.9917319416999817,0.999203622341156
2668,88933,RIGHT_HIP,0.38218724727630615,0.45023348927497864,-0.23366530239582062,0.9921049475669861,0.9990094900131226
2668,88933,LEFT_KNEE,0.6692293286323547,0.4048880636692047,0.10810241848230362,0.79253751039505,0.9995928406715393
2668,88933,RIGHT_KNEE,0.41918373107910156,0.6162124276161194,-0.1738877147436142,0.9578857421875,0.9995757937431335
2668,88933,LEFT_ANKLE,0.6137128472328186,0.5612801313400269,0.3451458811759949,0.8412915468215942,0.9997432827949524
2668,88933,RIGHT_ANKLE,0.3972051739692688,0.7841320037841797,-0.041891470551490784,0.967176616191864,0.9974180459976196
2668,88933,LEFT_HEEL,0.5723497867584229,0.585730254650116,0.36025071144104004,0.8569461107254028,0.9996507167816162
2668,88933,RIGHT_HEEL,0.37191250920295715,0.8105691075325012,-0.03791547939181328,0.9442521929740906,0.9947351217269897
2668,88933,LEFT_FOOT_INDEX,0.7156029343605042,0.6112176775932312,0.2735440135002136,0.8967549800872803,0.9990881681442261
2668,88933,RIGHT_FOOT_INDEX,0.5171715021133423,0.812120258808136,-0.27271583676338196,0.9672698974609375,0.9903154969215393
2669,88967,NOSE,0.47936785221099854,0.16343538463115692,-0.15199805796146393,0.998725414276123,0.9996564388275146
2669,88967,LEFT_EYE_INNER,0.4675224721431732,0.14866024255752563,-0.12734326720237732,0.998570442199707,0.9996329545974731
2669,88967,LEFT_EYE,0.46553975343704224,0.14790067076683044,-0.12744568288326263,0.998599112033844,0.9996581077575684
2669,88967,LEFT_EYE_OUTER,0.46433931589126587,0.14716596901416779,-0.12761807441711426,0.998707115650177,0.9996601343154907
2669,88967,RIGHT_EYE_INNER,0.4631505012512207,0.1484546959400177,-0.2082992047071457,0.9985248446464539,0.9995586276054382
2669,88967,RIGHT_EYE,0.45813941955566406,0.1476433128118515,-0.20841632783412933,0.9985641241073608,0.9995263814926147
2669,88967,RIGHT_EYE_OUTER,0.45323750376701355,0.14701597392559052,-0.20853355526924133,0.9986716508865356,0.9995145797729492
2669,88967,LEFT_EAR,0.4423474073410034,0.15016844868659973,0.0295600313693285,0.9983639121055603,0.9997344613075256
2669,88967,RIGHT_EAR,0.43061673641204834,0.15296249091625214,-0.33226972818374634,0.9987003207206726,0.9996507167816162
2669,88967,MOUTH_LEFT,0.47049811482429504,0.17673026025295258,-0.08551117032766342,0.9978520274162292,0.9996933937072754
2669,88967,MOUTH_RIGHT,0.46436893939971924,0.17529039084911346,-0.19061264395713806,0.9980437159538269,0.9996728897094727
2669,88967,LEFT_SHOULDER,0.4365752935409546,0.227991983294487,0.2808303236961365,0.9940938353538513,0.9990965127944946
2669,88967,RIGHT_SHOULDER,0.3669615089893341,0.23907049000263214,-0.48400652408599854,0.99717116355896,0.999550998210907
2669,88967,LEFT_ELBOW,0.49600470066070557,0.31406810879707336,0.30501100420951843,0.1250879317522049,0.9979370832443237
2669,88967,RIGHT_ELBOW,0.46609389781951904,0.3247075080871582,-0.3963700234889984,0.9746168851852417,0.9982656836509705
2669,88967,LEFT_WRIST,0.5468217730522156,0.24829964339733124,0.07752903550863266,0.23541028797626495,0.9995265007019043
2669,88967,RIGHT_WRIST,0.5481575727462769,0.23823922872543335,-0.01938423328101635,0.9609766602516174,0.9996492862701416
2669,88967,LEFT_PINKY,0.5625678300857544,0.2350013703107834,0.047860849648714066,0.23858040571212769,0.9995225667953491
2669,88967,RIGHT_PINKY,0.5640578269958496,0.2173558473587036,-0.029423639178276062,0.9381822943687439,0.9995864033699036
2669,88967,LEFT_INDEX,0.5545591115951538,0.22349365055561066,0.037883561104536057,0.23527951538562775,0.9994685053825378
2669,88967,RIGHT_INDEX,0.5491188764572144,0.20960403978824615,-0.03984810411930084,0.9312995672225952,0.9995655417442322
2669,88967,LEFT_THUMB,0.5448954701423645,0.23314620554447174,0.05948879197239876,0.24535852670669556,0.9995530247688293
2669,88967,RIGHT_THUMB,0.5403493642807007,0.21817763149738312,-0.010869022458791733,0.901478111743927,0.9996421337127686
2669,88967,LEFT_HIP,0.44941166043281555,0.42847952246665955,0.23265469074249268,0.9923927187919617,0.9994396567344666
2669,88967,RIGHT_HIP,0.3815164864063263,0.4502370059490204,-0.2321992814540863,0.9927740693092346,0.999119222164154
2669,88967,LEFT_KNEE,0.6672038435935974,0.40961265563964844,0.07766395807266235,0.810499370098114,0.9997431635856628
2669,88967,RIGHT_KNEE,0.41981568932533264,0.6160167455673218,-0.1932467669248581,0.961746096611023,0.9996224641799927
2669,88967,LEFT_ANKLE,0.6134135127067566,0.5664841532707214,0.29882386326789856,0.8541386127471924,0.99982088804245
2669,88967,RIGHT_ANKLE,0.397135853767395,0.7840311527252197,-0.09219473600387573,0.9702631235122681,0.9978836178779602
2669,88967,LEFT_HEEL,0.572692334651947,0.5916680693626404,0.31279805302619934,0.8673485517501831,0.9997386336326599
2669,88967,RIGHT_HEEL,0.37204939126968384,0.810504138469696,-0.09203426539897919,0.9482545852661133,0.995821475982666
2669,88967,LEFT_FOOT_INDEX,0.7160731554031372,0.6144763827323914,0.21331533789634705,0.9051036834716797,0.9993276596069336
2669,88967,RIGHT_FOOT_INDEX,0.5174999833106995,0.8122411370277405,-0.3305831551551819,0.9701326489448547,0.9925381541252136
2670,89000,NOSE,0.4794198274612427,0.16310833394527435,-0.14858582615852356,0.9988203048706055,0.9990668892860413
2670,89000,LEFT_EYE_INNER,0.46805357933044434,0.14845676720142365,-0.12198146432638168,0.9986733794212341,0.9991432428359985
2670,89000,LEFT_EYE,0.46637386083602905,0.14768345654010773,-0.12210996448993683,0.9987002611160278,0.9992188215255737
2670,89000,LEFT_EYE_OUTER,0.46539798378944397,0.1468704491853714,-0.12232080101966858,0.9988020658493042,0.9992331266403198
2670,89000,RIGHT_EYE_INNER,0.4633420705795288,0.14823108911514282,-0.20307999849319458,0.9986271262168884,0.9989902377128601
2670,89000,RIGHT_EYE,0.45819687843322754,0.14738133549690247,-0.2031753808259964,0.9986606240272522,0.9989442229270935
2670,89000,RIGHT_EYE_OUTER,0.4533485472202301,0.1467110514640808,-0.2033393532037735,0.9987635612487793,0.9989442229270935
2670,89000,LEFT_EAR,0.4437870681285858,0.14988590776920319,0.037146490067243576,0.9984901547431946,0.999427080154419
2670,89000,RIGHT_EAR,0.4306223690509796,0.152688667178154,-0.3253110349178314,0.9987794756889343,0.9991194605827332
2670,89000,MOUTH_LEFT,0.4706312119960785,0.1760961413383484,-0.08119191229343414,0.9980199933052063,0.9989537000656128
2670,89000,MOUTH_RIGHT,0.46439534425735474,0.17449742555618286,-0.18675464391708374,0.9981953501701355,0.9988101720809937
2670,89000,LEFT_SHOULDER,0.4352993965148926,0.22801543772220612,0.301906555891037,0.9942811727523804,0.9984011054039001
2670,89000,RIGHT_SHOULDER,0.36500081419944763,0.23869270086288452,-0.4759211838245392,0.9974237680435181,0.9988490343093872
2670,89000,LEFT_ELBOW,0.4957178831100464,0.3139786422252655,0.5083003640174866,0.12737004458904266,0.9976931214332581
2670,89000,RIGHT_ELBOW,0.4672270715236664,0.3234139084815979,-0.451921671628952,0.9753971695899963,0.9976803064346313
2670,89000,LEFT_WRIST,0.5507076978683472,0.2451658993959427,0.522697389125824,0.24298205971717834,0.9993669390678406
2670,89000,RIGHT_WRIST,0.5480427742004395,0.23589551448822021,-0.19310362637043,0.9630131721496582,0.9993754029273987
2670,89000,LEFT_PINKY,0.5640966892242432,0.22449417412281036,0.5390565991401672,0.24441559612751007,0.9993358254432678
2670,89000,RIGHT_PINKY,0.5641374588012695,0.21414180099964142,-0.21969933807849884,0.9412139058113098,0.9992623925209045
2670,89000,LEFT_INDEX,0.558570921421051,0.22127212584018707,0.5160019993782043,0.24038635194301605,0.9992519021034241
2670,89000,RIGHT_INDEX,0.548285961151123,0.20595820248126984,-0.21530507504940033,0.9345546364784241,0.9992594122886658
2670,89000,LEFT_THUMB,0.5463464856147766,0.22325533628463745,0.5073864459991455,0.2507438063621521,0.999381422996521
2670,89000,RIGHT_THUMB,0.5401794910430908,0.2130460888147354,-0.18342825770378113,0.9052242636680603,0.9993960857391357
2670,89000,LEFT_HIP,0.45175889134407043,0.4279625117778778,0.2311234027147293,0.99289870262146,0.9993358254432678
2670,89000,RIGHT_HIP,0.3814104497432709,0.4502638578414917,-0.2305859476327896,0.9932852983474731,0.9988640546798706
2670,89000,LEFT_KNEE,0.6670533418655396,0.4132181704044342,-0.0036097366828471422,0.8274367451667786,0.9995836615562439
2670,89000,RIGHT_KNEE,0.42019951343536377,0.6159399747848511,-0.18913117051124573,0.9652004241943359,0.9993219375610352
2670,89000,LEFT_ANKLE,0.6124048233032227,0.5696998238563538,0.20567505061626434,0.8662825226783752,0.999754011631012
2670,89000,RIGHT_ANKLE,0.39733779430389404,0.7839667201042175,-0.07436558604240417,0.9730606079101562,0.9971145391464233
2670,89000,LEFT_HEEL,0.5710170269012451,0.5947486162185669,0.21857477724552155,0.8776164054870605,0.9996352195739746
2670,89000,RIGHT_HEEL,0.3722440004348755,0.8103160858154297,-0.07241848856210709,0.9520605802536011,0.9944623112678528
2670,89000,LEFT_FOOT_INDEX,0.7152094841003418,0.6178956031799316,0.10301881283521652,0.9129680395126343,0.9989463686943054
2670,89000,RIGHT_FOOT_INDEX,0.5177582502365112,0.8134496212005615,-0.30618852376937866,0.9727264046669006,0.9889365434646606
2671,89033,NOSE,0.4809034466743469,0.16343533992767334,-0.14404556155204773,0.9988656044006348,0.9986249208450317
2671,89033,LEFT_EYE_INNER,0.4705042541027069,0.148712620139122,-0.11515740305185318,0.9987057447433472,0.9988395571708679
2671,89033,LEFT_EYE,0.46884700655937195,0.14793075621128082,-0.11531449109315872,0.9987326860427856,0.9989818930625916
2671,89033,LEFT_EYE_OUTER,0.46769198775291443,0.14708130061626434,-0.11556687206029892,0.9988415241241455,0.9990313053131104
2671,89033,RIGHT_EYE_INNER,0.4660881459712982,0.1484462022781372,-0.19742146134376526,0.998650848865509,0.9984872341156006
2671,89033,RIGHT_EYE,0.4611252546310425,0.1475672572851181,-0.1974831223487854,0.9986774325370789,0.998360812664032
2671,89033,RIGHT_EYE_OUTER,0.4561883807182312,0.14683569967746735,-0.1976880133152008,0.9987831115722656,0.9983185529708862
2671,89033,LEFT_EAR,0.4458317756652832,0.14991773664951324,0.047787562012672424,0.9985411763191223,0.9992524981498718
2671,89033,RIGHT_EAR,0.4310612082481384,0.15271100401878357,-0.32083094120025635,0.9987346529960632,0.9983147382736206
2671,89033,MOUTH_LEFT,0.4717356264591217,0.17636823654174805,-0.0748845562338829,0.9980826377868652,0.9982317090034485
2671,89033,MOUTH_RIGHT,0.4659580886363983,0.17467261850833893,-0.18255575001239777,0.9982481002807617,0.9977864027023315
2671,89033,LEFT_SHOULDER,0.43419012427330017,0.228035107254982,0.3220173120498657,0.9943193197250366,0.9985070824623108
2671,89033,RIGHT_SHOULDER,0.3644554615020752,0.238414466381073,-0.4707663059234619,0.9976139664649963,0.9974645376205444
2671,89033,LEFT_ELBOW,0.4956637918949127,0.3136821985244751,0.6087021231651306,0.1297386884689331,0.9987531900405884
2671,89033,RIGHT_ELBOW,0.4679609537124634,0.32345345616340637,-0.4760436415672302,0.9752088785171509,0.9970569610595703
2671,89033,LEFT_WRIST,0.5528779029846191,0.24305284023284912,0.705292820930481,0.25361791253089905,0.9996566772460938
2671,89033,RIGHT_WRIST,0.5466117858886719,0.23514433205127716,-0.25341707468032837,0.9643681645393372,0.9993036985397339
2671,89033,LEFT_PINKY,0.5649030804634094,0.21834981441497803,0.7361090779304504,0.25288233160972595,0.999596893787384
2671,89033,RIGHT_PINKY,0.5632026791572571,0.2128177136182785,-0.2843889892101288,0.9433987736701965,0.9992480874061584
2671,89033,LEFT_INDEX,0.5609740614891052,0.21434257924556732,0.7090149521827698,0.24836964905261993,0.9995349645614624
2671,89033,RIGHT_INDEX,0.5467036366462708,0.20488357543945312,-0.28045928478240967,0.9369631409645081,0.9992388486862183
2671,89033,LEFT_THUMB,0.5469406247138977,0.21903754770755768,0.6909698247909546,0.25882959365844727,0.9996260404586792
2671,89033,RIGHT_THUMB,0.5379894375801086,0.21286548674106598,-0.24505481123924255,0.9075964093208313,0.9993588328361511
2671,89033,LEFT_HIP,0.45147016644477844,0.428038626909256,0.231137216091156,0.993343710899353,0.9996147155761719
2671,89033,RIGHT_HIP,0.38105013966560364,0.45105496048927307,-0.23061008751392365,0.9936663508415222,0.998904824256897
2671,89033,LEFT_KNEE,0.6678098440170288,0.4147120714187622,-0.0340394452214241,0.8427139520645142,0.9997220635414124
2671,89033,RIGHT_KNEE,0.4204595685005188,0.6159138083457947,-0.19046035408973694,0.9681394696235657,0.9993062019348145
2671,89033,LEFT_ANKLE,0.6109622120857239,0.5707505941390991,0.20112039148807526,0.8771359920501709,0.9998395442962646
2671,89033,RIGHT_ANKLE,0.39751070737838745,0.7840140461921692,-0.06144094094634056,0.975544810295105,0.99760901927948
2671,89033,LEFT_HEEL,0.5697508454322815,0.5956947803497314,0.2170349657535553,0.8867003321647644,0.9997658133506775
2671,89033,RIGHT_HEEL,0.37240543961524963,0.8108102679252625,-0.056591156870126724,0.955317497253418,0.995705783367157
2671,89033,LEFT_FOOT_INDEX,0.7126868367195129,0.619972288608551,0.1003662571310997,0.9199551343917847,0.9992799162864685
2671,89033,RIGHT_FOOT_INDEX,0.5169230699539185,0.8140398859977722,-0.2946039140224457,0.9750113487243652,0.9917153716087341
2672,89067,NOSE,0.48060181736946106,0.1635359823703766,-0.13195164501667023,0.9989421963691711,0.9993693232536316
2672,89067,LEFT_EYE_INNER,0.47045204043388367,0.1490538865327835,-0.10406482219696045,0.9987847208976746,0.9993808269500732
2672,89067,LEFT_EYE,0.46881169080734253,0.14828747510910034,-0.10422008484601974,0.9988099336624146,0.9994370341300964
2672,89067,LEFT_EYE_OUTER,0.4676875174045563,0.1474345475435257,-0.10446758568286896,0.9989148378372192,0.9994441866874695
2672,89067,RIGHT_EYE_INNER,0.466054767370224,0.14864833652973175,-0.18592412769794464,0.9987276196479797,0.9992444515228271
2672,89067,RIGHT_EYE,0.461080402135849,0.14771156013011932,-0.18598443269729614,0.9987483024597168,0.9991899132728577
2672,89067,RIGHT_EYE_OUTER,0.4561416804790497,0.14692722260951996,-0.18618561327457428,0.9988493323326111,0.9991683959960938
2672,89067,LEFT_EAR,0.4465053975582123,0.14994032680988312,0.05977445840835571,0.9986339211463928,0.9995514750480652
2672,89067,RIGHT_EAR,0.43088436126708984,0.1527298539876938,-0.30562326312065125,0.9987832903862,0.9992446899414062
2672,89067,MOUTH_LEFT,0.47155457735061646,0.17645658552646637,-0.06172262504696846,0.9982172846794128,0.999230146408081
2672,89067,MOUTH_RIGHT,0.46561238169670105,0.17474901676177979,-0.16870172321796417,0.9983667731285095,0.9991196990013123
2672,89067,LEFT_SHOULDER,0.4334479868412018,0.22800888121128082,0.3299432396888733,0.9945395588874817,0.9987558126449585
2672,89067,RIGHT_SHOULDER,0.3632057309150696,0.23716652393341064,-0.4518100917339325,0.9978184103965759,0.9988179802894592
2672,89067,LEFT_ELBOW,0.4957968294620514,0.31331032514572144,0.5253339409828186,0.137557715177536,0.9984872341156006
2672,89067,RIGHT_ELBOW,0.4685038626194,0.3219600021839142,-0.461931437253952,0.9757294058799744,0.9982086420059204
2672,89067,LEFT_WRIST,0.5534033179283142,0.24029003083705902,0.491688072681427,0.2682816684246063,0.9996213912963867
2672,89067,RIGHT_WRIST,0.5435574650764465,0.23252318799495697,-0.1979970782995224,0.9660041332244873,0.9995731711387634
2672,89067,LEFT_PINKY,0.5655400156974792,0.21848930418491364,0.49796223640441895,0.26502349972724915,0.999576985836029
2672,89067,RIGHT_PINKY,0.5607869625091553,0.21150194108486176,-0.2224815934896469,0.9458324909210205,0.9994733929634094
2672,89067,LEFT_INDEX,0.5631126165390015,0.21066157519817352,0.478881299495697,0.2599416971206665,0.9995241165161133
2672,89067,RIGHT_INDEX,0.5456836819648743,0.2036159783601761,-0.22301027178764343,0.9396057724952698,0.999468982219696
2672,89067,LEFT_THUMB,0.5479044914245605,0.21852213144302368,0.476409912109375,0.27052783966064453,0.9996145963668823
2672,89067,RIGHT_THUMB,0.536218523979187,0.2109784334897995,-0.18973617255687714,0.9106194972991943,0.9995715022087097
2672,89067,LEFT_HIP,0.4526906907558441,0.42871925234794617,0.23015902936458588,0.9937967658042908,0.9995563626289368
2672,89067,RIGHT_HIP,0.3804526627063751,0.45126548409461975,-0.22962252795696259,0.9940941333770752,0.9990666508674622
2672,89067,LEFT_KNEE,0.6677914261817932,0.41961976885795593,-0.04888603463768959,0.8563615679740906,0.999657154083252
2672,89067,RIGHT_KNEE,0.42070987820625305,0.6158872246742249,-0.19622059166431427,0.9708518385887146,0.9994018077850342
2672,89067,LEFT_ANKLE,0.6120407581329346,0.5772773623466492,0.18768203258514404,0.8866734504699707,0.9998136162757874
2672,89067,RIGHT_ANKLE,0.3976445496082306,0.7839922904968262,-0.059895485639572144,0.9777885675430298,0.997819185256958
2672,89067,LEFT_HEEL,0.5695485472679138,0.6020175814628601,0.20415210723876953,0.8947044610977173,0.9997357726097107
2672,89067,RIGHT_HEEL,0.3725155293941498,0.8106984496116638,-0.05571092665195465,0.9582690000534058,0.9959959983825684
2672,89067,LEFT_FOOT_INDEX,0.7117286324501038,0.6267632842063904,0.08763130009174347,0.926119327545166,0.9992449283599854
2672,89067,RIGHT_FOOT_INDEX,0.5160645842552185,0.8138867020606995,-0.29521873593330383,0.9770770072937012,0.9916930794715881
2673,89100,NOSE,0.47859111428260803,0.1636473536491394,-0.136770561337471,0.9990028142929077,0.9991177916526794
2673,89100,LEFT_EYE_INNER,0.4699852466583252,0.14948433637619019,-0.10842692852020264,0.9988414645195007,0.9991292357444763
2673,89100,LEFT_EYE,0.46863529086112976,0.14874590933322906,-0.1085892990231514,0.9988640546798706,0.9992128610610962
2673,89100,LEFT_EYE_OUTER,0.4676603078842163,0.14790332317352295,-0.10884624719619751,0.9989670515060425,0.9992274045944214
2673,89100,RIGHT_EYE_INNER,0.4646919071674347,0.14892946183681488,-0.1888742297887802,0.9987807869911194,0.9989657402038574
2673,89100,RIGHT_EYE,0.4596320688724518,0.14793910086154938,-0.18891847133636475,0.9987969398498535,0.9989049434661865
2673,89100,RIGHT_EYE_OUTER,0.45458686351776123,0.14709797501564026,-0.18913181126117706,0.9988961815834045,0.9988886713981628
2673,89100,LEFT_EAR,0.4472119212150574,0.14997044205665588,0.05776747316122055,0.9987045526504517,0.999402642250061
2673,89100,RIGHT_EAR,0.43025463819503784,0.15274403989315033,-0.30485793948173523,0.9988107085227966,0.9989938139915466
2673,89100,MOUTH_LEFT,0.47050246596336365,0.1766270399093628,-0.06411893665790558,0.998323380947113,0.9989767074584961
2673,89100,MOUTH_RIGHT,0.46301883459091187,0.17479892075061798,-0.16973823308944702,0.9984633326530457,0.9988250136375427
2673,89100,LEFT_SHOULDER,0.4329318404197693,0.22793245315551758,0.3284403383731842,0.9946955442428589,0.9984492063522339
2673,89100,RIGHT_SHOULDER,0.3605659008026123,0.23543886840343475,-0.45130836963653564,0.9979982376098633,0.9984263181686401
2673,89100,LEFT_ELBOW,0.4957391023635864,0.31318679451942444,0.5147057175636292,0.14209796488285065,0.9979856014251709
2673,89100,RIGHT_ELBOW,0.4667651057243347,0.31953665614128113,-0.49184852838516235,0.9763103127479553,0.9976962208747864
2673,89100,LEFT_WRIST,0.5534222722053528,0.23935872316360474,0.4785875976085663,0.2811531126499176,0.9995402097702026
2673,89100,RIGHT_WRIST,0.5392489433288574,0.22800858318805695,-0.30413582921028137,0.9676195979118347,0.9994381070137024
2673,89100,LEFT_PINKY,0.5656948089599609,0.2172958105802536,0.4881744384765625,0.2764236330986023,0.9995021820068359
2673,89100,RIGHT_PINKY,0.5574645400047302,0.2072085291147232,-0.33981528878211975,0.948264479637146,0.9993181228637695
2673,89100,LEFT_INDEX,0.5648148655891418,0.20764048397541046,0.46826374530792236,0.2707718014717102,0.9994277358055115
2673,89100,RIGHT_INDEX,0.5426287651062012,0.19720999896526337,-0.33476829528808594,0.9422299265861511,0.9993007183074951
2673,89100,LEFT_THUMB,0.5484557151794434,0.21685005724430084,0.46341007947921753,0.2809143662452698,0.9995342493057251
2673,89100,RIGHT_THUMB,0.5342008471488953,0.20709943771362305,-0.29603272676467896,0.9136579632759094,0.9994357228279114
2673,89100,LEFT_HIP,0.45367833971977234,0.42907246947288513,0.22909507155418396,0.9941890239715576,0.999530553817749
2673,89100,RIGHT_HIP,0.37840843200683594,0.45158156752586365,-0.22856079041957855,0.9944576025009155,0.9989486336708069
2673,89100,LEFT_KNEE,0.6678850054740906,0.4286625385284424,-0.07689804583787918,0.8682208061218262,0.9994356036186218
2673,89100,RIGHT_KNEE,0.4208778142929077,0.6164871454238892,-0.2135641872882843,0.9732113480567932,0.9990636706352234
2673,89100,LEFT_ANKLE,0.6114945411682129,0.5869585871696472,0.17317593097686768,0.8945947289466858,0.9996616840362549
2673,89100,RIGHT_ANKLE,0.3976636826992035,0.7843557000160217,-0.06233499199151993,0.979738712310791,0.9964694976806641
2673,89100,LEFT_HEEL,0.5691636204719543,0.6103586554527283,0.191193625330925,0.9013811349868774,0.9995368719100952
2673,89100,RIGHT_HEEL,0.3724813759326935,0.8110361099243164,-0.05770948901772499,0.9604930281639099,0.9936283230781555
2673,89100,LEFT_FOOT_INDEX,0.71145099401474,0.6345142126083374,0.07266317307949066,0.9311679005622864,0.9987252354621887
2673,89100,RIGHT_FOOT_INDEX,0.5151239037513733,0.8138502240180969,-0.30062776803970337,0.9787606596946716,0.9870622754096985
2674,89133,NOSE,0.4776850938796997,0.16369710862636566,-0.1366754025220871,0.9990778565406799,0.9994677901268005
2674,89133,LEFT_EYE_INNER,0.46980178356170654,0.14966784417629242,-0.1078450158238411,0.9989229440689087,0.9994365572929382
2674,89133,LEFT_EYE,0.46852946281433105,0.1488993912935257,-0.10799982398748398,0.9989416599273682,0.9995015859603882
2674,89133,LEFT_EYE_OUTER,0.4676283001899719,0.14802929759025574,-0.10825107991695404,0.999039888381958,0.999516487121582
2674,89133,RIGHT_EYE_INNER,0.4643952548503876,0.14914347231388092,-0.1886054426431656,0.9988644123077393,0.999265730381012
2674,89133,RIGHT_EYE,0.45937275886535645,0.14813846349716187,-0.1886436939239502,0.9988766312599182,0.9991963505744934
2674,89133,RIGHT_EYE_OUTER,0.4543348252773285,0.14727337658405304,-0.18885715305805206,0.9989684820175171,0.999158501625061
2674,89133,LEFT_EAR,0.44720932841300964,0.14997059106826782,0.06560368835926056,0.998806357383728,0.9996299743652344
2674,89133,RIGHT_EAR,0.42970845103263855,0.15274988114833832,-0.3002980649471283,0.9988784790039062,0.999188244342804
2674,89133,MOUTH_LEFT,0.4693138897418976,0.17667098343372345,-0.06303364038467407,0.9984595775604248,0.9994204044342041
2674,89133,MOUTH_RIGHT,0.4613994061946869,0.17487148940563202,-0.1693880707025528,0.9985844492912292,0.9992425441741943
2674,89133,LEFT_SHOULDER,0.43963345885276794,0.22618550062179565,0.33105742931365967,0.9949877262115479,0.9989978671073914
2674,89133,RIGHT_SHOULDER,0.35423022508621216,0.23314045369625092,-0.45123106241226196,0.9981696009635925,0.9987665414810181
2674,89133,LEFT_ELBOW,0.49639081954956055,0.3098876178264618,0.5264456868171692,0.15902915596961975,0.9988213181495667
2674,89133,RIGHT_ELBOW,0.4644191861152649,0.31032857298851013,-0.6173433065414429,0.9778921008110046,0.9989053010940552
2674,89133,LEFT_WRIST,0.5559812784194946,0.2360639125108719,0.505194902420044,0.3126958906650543,0.9997878670692444
2674,89133,RIGHT_WRIST,0.5367545485496521,0.22116704285144806,-0.5645331144332886,0.9702099561691284,0.999786913394928
2674,89133,LEFT_PINKY,0.5768698453903198,0.21634508669376373,0.5172373652458191,0.3033687472343445,0.9997414946556091
2674,89133,RIGHT_PINKY,0.5565081238746643,0.19964267313480377,-0.6157064437866211,0.952216386795044,0.9997143149375916
2674,89133,LEFT_INDEX,0.569206714630127,0.20781446993350983,0.500759482383728,0.29716309905052185,0.9997199177742004
2674,89133,RIGHT_INDEX,0.5413299798965454,0.19046004116535187,-0.6023096442222595,0.9465818405151367,0.9997038245201111
2674,89133,LEFT_THUMB,0.556486964225769,0.21597768366336823,0.4931394159793854,0.30624446272850037,0.9997840523719788
2674,89133,RIGHT_THUMB,0.5334340333938599,0.20061759650707245,-0.5558788180351257,0.9195464253425598,0.9997742772102356
2674,89133,LEFT_HIP,0.45529574155807495,0.4291797876358032,0.2280893176794052,0.9946455955505371,0.9996616840362549
2674,89133,RIGHT_HIP,0.3766302168369293,0.4515715539455414,-0.22758743166923523,0.9948809146881104,0.9992374181747437
2674,89133,LEFT_KNEE,0.668900191783905,0.4339207112789154,-0.14685752987861633,0.8799423575401306,0.9995582699775696
2674,89133,RIGHT_KNEE,0.4210834205150604,0.6164310574531555,-0.23366165161132812,0.975438117980957,0.9991806149482727
2674,89133,LEFT_ANKLE,0.6119347214698792,0.594814121723175,0.12439090758562088,0.9026936292648315,0.9997853636741638
2674,89133,RIGHT_ANKLE,0.3975922763347626,0.7846879959106445,-0.06623173505067825,0.9815438389778137,0.9972249269485474
2674,89133,LEFT_HEEL,0.5703801512718201,0.616862952709198,0.14479434490203857,0.9085438847541809,0.9996992349624634
2674,89133,RIGHT_HEEL,0.37217584252357483,0.8111231923103333,-0.06066466495394707,0.9625833630561829,0.995213508605957
2674,89133,LEFT_FOOT_INDEX,0.7112846970558167,0.6396551728248596,0.015792150050401688,0.9363802671432495,0.9991028308868408
2674,89133,RIGHT_FOOT_INDEX,0.5136891007423401,0.8139333128929138,-0.3135167956352234,0.9803616404533386,0.9902790188789368
2675,89167,NOSE,0.4751257002353668,0.16382934153079987,-0.1642731875181198,0.9991602897644043,0.9996993541717529
2675,89167,LEFT_EYE_INNER,0.4686591923236847,0.14980272948741913,-0.1298920065164566,0.9990190863609314,0.999653697013855
2675,89167,LEFT_EYE,0.46794405579566956,0.149037167429924,-0.13002781569957733,0.999035120010376,0.9996840953826904
2675,89167,LEFT_EYE_OUTER,0.46740448474884033,0.148157998919487,-0.13024447858333588,0.9991245269775391,0.999686598777771
2675,89167,RIGHT_EYE_INNER,0.4617200195789337,0.1492694467306137,-0.20742210745811462,0.998964250087738,0.9995601773262024
2675,89167,RIGHT_EYE,0.4562291204929352,0.14826783537864685,-0.20743781328201294,0.9989742636680603,0.9995092153549194
2675,89167,RIGHT_EYE_OUTER,0.45065566897392273,0.1474008560180664,-0.20760832726955414,0.9990569353103638,0.9994739890098572
2675,89167,LEFT_EAR,0.4475463628768921,0.14997084438800812,0.06345266103744507,0.9989150166511536,0.9997493624687195
2675,89167,RIGHT_EAR,0.4276668131351471,0.15278078615665436,-0.2928517162799835,0.9989729523658752,0.9994750618934631
2675,89167,MOUTH_LEFT,0.46797236800193787,0.1769067645072937,-0.08196809887886047,0.998599112033844,0.9996007084846497
2675,89167,MOUTH_RIGHT,0.458080917596817,0.17519693076610565,-0.18360327184200287,0.9987108111381531,0.9994822144508362
2675,89167,LEFT_SHOULDER,0.4464958906173706,0.22594958543777466,0.3299719989299774,0.9953206777572632,0.9990783929824829
2675,89167,RIGHT_SHOULDER,0.35186442732810974,0.23247726261615753,-0.4489194452762604,0.9983246326446533,0.9986891150474548
2675,89167,LEFT_ELBOW,0.5061163902282715,0.30770835280418396,0.46140044927597046,0.1828359067440033,0.9988466501235962
2675,89167,RIGHT_ELBOW,0.4619632959365845,0.30719372630119324,-0.6230648159980774,0.9793725609779358,0.9988822340965271
2675,89167,LEFT_WRIST,0.5640273690223694,0.2341182827949524,0.3339948356151581,0.3516794741153717,0.9998304843902588
2675,89167,RIGHT_WRIST,0.5352567434310913,0.21792243421077728,-0.5468471646308899,0.972592294216156,0.9997768998146057
2675,89167,LEFT_PINKY,0.582448422908783,0.2153230905532837,0.3278000056743622,0.3375310003757477,0.9997909665107727
2675,89167,RIGHT_PINKY,0.5557372570037842,0.19562160968780518,-0.5967296361923218,0.9557969570159912,0.9996833801269531
2675,89167,LEFT_INDEX,0.5725948214530945,0.2053707242012024,0.31732603907585144,0.33086201548576355,0.9997740387916565
2675,89167,RIGHT_INDEX,0.5409688353538513,0.18778274953365326,-0.5879781246185303,0.9505195617675781,0.9996618032455444
2675,89167,LEFT_THUMB,0.5624724626541138,0.2149430364370346,0.3215084373950958,0.3381614685058594,0.9998278617858887
2675,89167,RIGHT_THUMB,0.5332520604133606,0.19824863970279694,-0.539883017539978,0.9250048398971558,0.9997468590736389
2675,89167,LEFT_HIP,0.45538049936294556,0.4299079477787018,0.2271648645401001,0.9950742721557617,0.9995797276496887
2675,89167,RIGHT_HIP,0.37491023540496826,0.45163294672966003,-0.22671090066432953,0.9952784180641174,0.9989839196205139
2675,89167,LEFT_KNEE,0.6695771217346191,0.4386298358440399,-0.11390241980552673,0.8904606103897095,0.9994913339614868
2675,89167,RIGHT_KNEE,0.42114320397377014,0.6164061427116394,-0.24346545338630676,0.9775519371032715,0.9991512298583984
2675,89167,LEFT_ANKLE,0.6159240007400513,0.601775586605072,0.14724032580852509,0.9099780917167664,0.9997839331626892
2675,89167,RIGHT_ANKLE,0.39746710658073425,0.7846863865852356,-0.09145217388868332,0.9831898808479309,0.9972705245018005
2675,89167,LEFT_HEEL,0.5742741823196411,0.6256251931190491,0.1660837084054947,0.9147685170173645,0.9996895790100098
2675,89167,RIGHT_HEEL,0.37211447954177856,0.811316728591919,-0.08796592801809311,0.9644266366958618,0.9949472546577454
2675,89167,LEFT_FOOT_INDEX,0.718504786491394,0.6436395049095154,0.04576442018151283,0.9410080909729004,0.9990490078926086
2675,89167,RIGHT_FOOT_INDEX,0.5136252045631409,0.8142187595367432,-0.3440048098564148,0.9818416833877563,0.9896228313446045
2676,89200,NOSE,0.476777583360672,0.1629495471715927,-0.16000214219093323,0.9992355704307556,0.9996261596679688
2676,89200,LEFT_EYE_INNER,0.46943384408950806,0.14936111867427826,-0.1280052363872528,0.9991047382354736,0.9995991587638855
2676,89200,LEFT_EYE,0.46851029992103577,0.1485653519630432,-0.1281423717737198,0.9991186261177063,0.99964439868927
2676,89200,LEFT_EYE_OUTER,0.46781113743782043,0.1476825624704361,-0.128347709774971,0.9992004632949829,0.999650239944458
2676,89200,RIGHT_EYE_INNER,0.46312543749809265,0.1489390879869461,-0.20606334507465363,0.9990552067756653,0.9994626641273499
2676,89200,RIGHT_EYE,0.45760995149612427,0.14794021844863892,-0.2060924470424652,0.9990637898445129,0.9993950128555298
2676,89200,RIGHT_EYE_OUTER,0.45197996497154236,0.1470574587583542,-0.2062646746635437,0.9991381764411926,0.999350368976593
2676,89200,LEFT_EAR,0.44756564497947693,0.14938975870609283,0.06255042552947998,0.9990153908729553,0.9997549653053284
2676,89200,RIGHT_EAR,0.4277195930480957,0.15224063396453857,-0.2941232919692993,0.9990584254264832,0.9993442893028259
2676,89200,MOUTH_LEFT,0.4681203067302704,0.1762082725763321,-0.08078236877918243,0.9987245798110962,0.9994577765464783
2676,89200,MOUTH_RIGHT,0.4590686559677124,0.1742883175611496,-0.1836642622947693,0.9988250136375427,0.9992210865020752
2676,89200,LEFT_SHOULDER,0.44669580459594727,0.2257925122976303,0.32922959327697754,0.9956015348434448,0.9991745352745056
2676,89200,RIGHT_SHOULDER,0.35059109330177307,0.23116753995418549,-0.44999366998672485,0.998460590839386,0.9983707070350647
2676,89200,LEFT_ELBOW,0.5076610445976257,0.3059498965740204,0.6049637198448181,0.20310233533382416,0.9991177916526794
2676,89200,RIGHT_ELBOW,0.4555497169494629,0.30273017287254333,-0.677429735660553,0.9807243347167969,0.9985083937644958
2676,89200,LEFT_WRIST,0.5692435503005981,0.23375380039215088,0.727092444896698,0.38586121797561646,0.9998581409454346
2676,89200,RIGHT_WRIST,0.530718207359314,0.21565383672714233,-0.679345965385437,0.9747561812400818,0.9997413754463196
2676,89200,LEFT_PINKY,0.5863814949989319,0.21254503726959229,0.7676555514335632,0.3653433620929718,0.9997958540916443
2676,89200,RIGHT_PINKY,0.5499298572540283,0.1903228759765625,-0.7306197285652161,0.9590966701507568,0.9996540546417236
2676,89200,LEFT_INDEX,0.588016152381897,0.20583628118038177,0.7496961355209351,0.35830748081207275,0.9997860789299011
2676,89200,RIGHT_INDEX,0.5371488332748413,0.18330132961273193,-0.7128118872642517,0.9541336297988892,0.9996412992477417
2676,89200,LEFT_THUMB,0.5778489708900452,0.21475161612033844,0.719760537147522,0.36412540078163147,0.999845027923584
2676,89200,RIGHT_THUMB,0.5296232104301453,0.19383831322193146,-0.6705237030982971,0.9299491047859192,0.9997349381446838
2676,89200,LEFT_HIP,0.4557696282863617,0.43016529083251953,0.22537724673748016,0.9954357147216797,0.9996227025985718
2676,89200,RIGHT_HIP,0.374970406293869,0.45190468430519104,-0.22489561140537262,0.9956164956092834,0.9990272521972656
2676,89200,LEFT_KNEE,0.6697486639022827,0.4412076473236084,-0.1431593894958496,0.9002706408500671,0.9995480179786682
2676,89200,RIGHT_KNEE,0.4211362302303314,0.6164713501930237,-0.23430968821048737,0.979418158531189,0.9989209175109863
2676,89200,LEFT_ANKLE,0.626139760017395,0.6061212420463562,0.06524079293012619,0.9168984293937683,0.9997400641441345
2676,89200,RIGHT_ANKLE,0.3974829316139221,0.7846698760986328,-0.09694552421569824,0.9846612215042114,0.9962426424026489
2676,89200,LEFT_HEEL,0.5854557752609253,0.6317631006240845,0.07864852994680405,0.920843243598938,0.9995991587638855
2676,89200,RIGHT_HEEL,0.3722178041934967,0.8112656474113464,-0.09554315358400345,0.9663403034210205,0.9929494857788086
2676,89200,LEFT_FOOT_INDEX,0.7339265942573547,0.6445953249931335,-0.04683268070220947,0.9454454183578491,0.9988117218017578
2676,89200,RIGHT_FOOT_INDEX,0.5166366100311279,0.8143505454063416,-0.3438090980052948,0.9831274747848511,0.9864612221717834
2677,89233,NOSE,0.47677990794181824,0.16483747959136963,-0.16765746474266052,0.9992992281913757,0.9996123909950256
2677,89233,LEFT_EYE_INNER,0.4695289433002472,0.15082938969135284,-0.13206812739372253,0.9991755485534668,0.9995952248573303
2677,89233,LEFT_EYE,0.4686604142189026,0.14998428523540497,-0.13218213617801666,0.9991859197616577,0.9996243715286255
2677,89233,LEFT_EYE_OUTER,0.4680183529853821,0.1490500122308731,-0.13241197168827057,0.9992616176605225,0.9996176958084106
2677,89233,RIGHT_EYE_INNER,0.4631480574607849,0.15056486427783966,-0.21300247311592102,0.9991327524185181,0.9995200634002686
2677,89233,RIGHT_EYE,0.4576343297958374,0.14958526194095612,-0.21302953362464905,0.9991403818130493,0.9994732737541199
2677,89233,RIGHT_EYE_OUTER,0.45205560326576233,0.14866359531879425,-0.21318629384040833,0.999207615852356,0.9994438290596008
2677,89233,LEFT_EAR,0.4475927948951721,0.15033528208732605,0.06193729117512703,0.999099850654602,0.9997157454490662
2677,89233,RIGHT_EAR,0.4275457262992859,0.15293319523334503,-0.2973410189151764,0.9991277456283569,0.9994326233863831
2677,89233,MOUTH_LEFT,0.46812477707862854,0.1788082867860794,-0.0867677703499794,0.9988245368003845,0.9992517828941345
2677,89233,MOUTH_RIGHT,0.4591626524925232,0.17727415263652802,-0.1936957985162735,0.9989142417907715,0.9990682005882263
2677,89233,LEFT_SHOULDER,0.44566670060157776,0.22537988424301147,0.3385286331176758,0.9957131743431091,0.9988849759101868
2677,89233,RIGHT_SHOULDER,0.348354309797287,0.2310827374458313,-0.4607483744621277,0.9985731244087219,0.9983075857162476
2677,89233,LEFT_ELBOW,0.5084834694862366,0.29833877086639404,0.715177059173584,0.2127637267112732,0.9991874098777771
2677,89233,RIGHT_ELBOW,0.45389440655708313,0.3011600077152252,-0.6855092644691467,0.9820006489753723,0.9987745881080627
2677,89233,LEFT_WRIST,0.5684478878974915,0.22703151404857635,0.932224452495575,0.40293627977371216,0.9998027682304382
2677,89233,RIGHT_WRIST,0.5249060392379761,0.2129523605108261,-0.6338702440261841,0.9765796065330505,0.9997723698616028
2677,89233,LEFT_PINKY,0.5858567357063293,0.20648346841335297,0.9891986846923828,0.3774849474430084,0.9997071623802185
2677,89233,RIGHT_PINKY,0.5431563258171082,0.1872727870941162,-0.6773955821990967,0.9617984294891357,0.9996815919876099
2677,89233,LEFT_INDEX,0.5863195061683655,0.20453141629695892,0.9688993096351624,0.3703651428222656,0.9996845722198486
2677,89233,RIGHT_INDEX,0.531032383441925,0.18269120156764984,-0.6688733100891113,0.957115113735199,0.9996657371520996
2677,89233,LEFT_THUMB,0.5759155750274658,0.2121402621269226,0.9263039827346802,0.3756980001926422,0.9997695088386536
2677,89233,RIGHT_THUMB,0.5215209126472473,0.19125638902187347,-0.6266273856163025,0.9338868260383606,0.9997525811195374
2677,89233,LEFT_HIP,0.45563456416130066,0.4302552044391632,0.22764702141284943,0.9957550764083862,0.9996664524078369
2677,89233,RIGHT_HIP,0.37488147616386414,0.45207536220550537,-0.22716839611530304,0.995907723903656,0.9991135001182556
2677,89233,LEFT_KNEE,0.6696784496307373,0.44058606028556824,-0.17298154532909393,0.9092685580253601,0.9996675252914429
2677,89233,RIGHT_KNEE,0.42186978459358215,0.616454541683197,-0.2420634776353836,0.9811004400253296,0.9990684390068054
2677,89233,LEFT_ANKLE,0.6399590373039246,0.6068534255027771,0.02241327427327633,0.9235661625862122,0.9998202919960022
2677,89233,RIGHT_ANKLE,0.3969389498233795,0.7846493124961853,-0.11256328225135803,0.9860119223594666,0.9968665242195129
2677,89233,LEFT_HEEL,0.6017938852310181,0.6344533562660217,0.03400282561779022,0.9266969561576843,0.9997226595878601
2677,89233,RIGHT_HEEL,0.3713091313838959,0.8116102814674377,-0.11221523582935333,0.9681767225265503,0.9942459464073181
2677,89233,LEFT_FOOT_INDEX,0.7518059015274048,0.6439195275306702,-0.09842416644096375,0.9496622681617737,0.9991008043289185
2677,89233,RIGHT_FOOT_INDEX,0.515842854976654,0.8143656253814697,-0.36311230063438416,0.9843453168869019,0.9888715147972107
2678,89267,NOSE,0.476803183555603,0.16459941864013672,-0.18510019779205322,0.9993635416030884,0.9997825026512146
2678,89267,LEFT_EYE_INNER,0.4702836871147156,0.15073829889297485,-0.14698907732963562,0.9992501735687256,0.9997565150260925
2678,89267,LEFT_EYE,0.46963128447532654,0.14985843002796173,-0.147086039185524,0.9992587566375732,0.9997753500938416
2678,89267,LEFT_EYE_OUTER,0.46918195486068726,0.14887891709804535,-0.14732001721858978,0.9993273615837097,0.9997732043266296
2678,89267,RIGHT_EYE_INNER,0.4634820222854614,0.15048590302467346,-0.22491395473480225,0.9992116093635559,0.9997013211250305
2678,89267,RIGHT_EYE,0.4577391445636749,0.14948152005672455,-0.22494232654571533,0.9992181062698364,0.9996669292449951
2678,89267,RIGHT_EYE_OUTER,0.45211556553840637,0.14851884543895721,-0.2250683456659317,0.9992784261703491,0.9996378421783447
2678,89267,LEFT_EAR,0.44816499948501587,0.15008793771266937,0.05923693627119064,0.9991840124130249,0.9998340606689453
2678,89267,RIGHT_EAR,0.4260546863079071,0.1526356190443039,-0.2967298626899719,0.9992043375968933,0.999646782875061
2678,89267,MOUTH_LEFT,0.4679875075817108,0.17872023582458496,-0.10159370303153992,0.9989316463470459,0.999607264995575
2678,89267,MOUTH_RIGHT,0.45882052183151245,0.1772005558013916,-0.20440982282161713,0.9990116953849792,0.999506950378418
2678,89267,LEFT_SHOULDER,0.4463130235671997,0.2242017239332199,0.3345038592815399,0.9959354996681213,0.9992153644561768
2678,89267,RIGHT_SHOULDER,0.3450513482093811,0.23045746982097626,-0.4539836347103119,0.9986921548843384,0.998895525932312
2678,89267,LEFT_ELBOW,0.514582633972168,0.29618364572525024,0.6121841073036194,0.22876641154289246,0.9991664886474609
2678,89267,RIGHT_ELBOW,0.4443676769733429,0.3007204830646515,-0.6712066531181335,0.9832324981689453,0.99886155128479
2678,89267,LEFT_WRIST,0.5684895515441895,0.22521823644638062,0.6988821029663086,0.42256608605384827,0.999823272228241
2678,89267,RIGHT_WRIST,0.5204054117202759,0.21315331757068634,-0.6210787296295166,0.9781984686851501,0.9998094439506531
2678,89267,LEFT_PINKY,0.5846977233886719,0.2046666294336319,0.7324889898300171,0.3917308747768402,0.9997476935386658
2678,89267,RIGHT_PINKY,0.537908136844635,0.18723292648792267,-0.6620330810546875,0.9641185998916626,0.9997368454933167
2678,89267,LEFT_INDEX,0.5827339887619019,0.19744688272476196,0.7211555242538452,0.38414710760116577,0.9997335076332092
2678,89267,RIGHT_INDEX,0.5265021324157715,0.18099232017993927,-0.6507248282432556,0.9596463441848755,0.9997226595878601
2678,89267,LEFT_THUMB,0.5750171542167664,0.2082027643918991,0.6927363276481628,0.38879603147506714,0.9998043179512024
2678,89267,RIGHT_THUMB,0.5185867547988892,0.19057083129882812,-0.6127079129219055,0.9372694492340088,0.9997938275337219
2678,89267,LEFT_HIP,0.45552903413772583,0.4302152693271637,0.22599874436855316,0.9960929155349731,0.9997227787971497
2678,89267,RIGHT_HIP,0.3747207522392273,0.45199325680732727,-0.22554899752140045,0.9962312579154968,0.9992327690124512
2678,89267,LEFT_KNEE,0.6707644462585449,0.4391506612300873,-0.1990099549293518,0.9176647067070007,0.9997499585151672
2678,89267,RIGHT_KNEE,0.4228706955909729,0.615723192691803,-0.2400151938199997,0.9827661514282227,0.9993003606796265
2678,89267,LEFT_ANKLE,0.6524713039398193,0.6050679683685303,-0.004987281747162342,0.9300470948219299,0.9998342990875244
2678,89267,RIGHT_ANKLE,0.39739277958869934,0.7845615744590759,-0.1066947802901268,0.9872758984565735,0.9970705509185791
2678,89267,LEFT_HEEL,0.6200066804885864,0.6336268186569214,0.006929406430572271,0.9323893189430237,0.9997337460517883
2678,89267,RIGHT_HEEL,0.37149253487586975,0.8115281462669373,-0.1053692027926445,0.9699335694313049,0.994416356086731
2678,89267,LEFT_FOOT_INDEX,0.7692771553993225,0.6395406126976013,-0.1273084133863449,0.9537832140922546,0.9990360736846924
2678,89267,RIGHT_FOOT_INDEX,0.5155496597290039,0.8143739104270935,-0.3569243550300598,0.9855404496192932,0.9882944822311401
2679,89300,NOSE,0.4775716960430145,0.16510789096355438,-0.22451548278331757,0.999424934387207,0.9999343156814575
2679,89300,LEFT_EYE_INNER,0.47154220938682556,0.1512877494096756,-0.18188786506652832,0.9993219971656799,0.9999176263809204
2679,89300,LEFT_EYE,0.47085705399513245,0.15043947100639343,-0.1819601207971573,0.9993293881416321,0.9999221563339233
2679,89300,LEFT_EYE_OUTER,0.4703483283519745,0.1494819074869156,-0.18215525150299072,0.9993910789489746,0.9999196529388428
2679,89300,RIGHT_EYE_INNER,0.46482592821121216,0.15099819004535675,-0.2601819336414337,0.9992874264717102,0.9999006986618042
2679,89300,RIGHT_EYE,0.4591093361377716,0.14997783303260803,-0.2602255046367645,0.9992930889129639,0.9998859167098999
2679,89300,RIGHT_EYE_OUTER,0.45326682925224304,0.1489688605070114,-0.26030945777893066,0.9993472099304199,0.9998719692230225
2679,89300,LEFT_EAR,0.4492626488208771,0.1504506915807724,0.04466913267970085,0.9992626309394836,0.9999417066574097
2679,89300,RIGHT_EAR,0.4260972738265991,0.1528065800666809,-0.30639541149139404,0.999279797077179,0.9998763799667358
2679,89300,MOUTH_LEFT,0.46819350123405457,0.17935602366924286,-0.1349259316921234,0.999033510684967,0.9998784065246582
2679,89300,MOUTH_RIGHT,0.45911091566085815,0.17769300937652588,-0.23799099028110504,0.9991055727005005,0.9998507499694824
2679,89300,LEFT_SHOULDER,0.4513353705406189,0.2256128042936325,0.3279247581958771,0.9962175488471985,0.9996676445007324
2679,89300,RIGHT_SHOULDER,0.3430677652359009,0.23035778105258942,-0.46055158972740173,0.9988107681274414,0.9994773268699646
2679,89300,LEFT_ELBOW,0.5295343995094299,0.29737475514411926,0.5564133524894714,0.24891319870948792,0.9994233846664429
2679,89300,RIGHT_ELBOW,0.43553444743156433,0.3014046847820282,-0.7356116771697998,0.9843242168426514,0.9989892840385437
2679,89300,LEFT_WRIST,0.5852755308151245,0.2262599617242813,0.5878327488899231,0.45029664039611816,0.9998987913131714
2679,89300,RIGHT_WRIST,0.5207943320274353,0.21329282224178314,-0.773521363735199,0.9797190427780151,0.9998726844787598
2679,89300,LEFT_PINKY,0.6043655872344971,0.20612633228302002,0.6210188865661621,0.4147438704967499,0.9998477697372437
2679,89300,RIGHT_PINKY,0.5387253761291504,0.18860375881195068,-0.829089879989624,0.9663568735122681,0.9998345375061035
2679,89300,LEFT_INDEX,0.6086146235466003,0.19897979497909546,0.6172575950622559,0.4068848788738251,0.999846339225769
2679,89300,RIGHT_INDEX,0.5275028347969055,0.18251271545886993,-0.8146545886993408,0.9620700478553772,0.9998262524604797
2679,89300,LEFT_THUMB,0.5821858048439026,0.20911432802677155,0.5838958024978638,0.41009286046028137,0.9998892545700073
2679,89300,RIGHT_THUMB,0.5195479393005371,0.19120466709136963,-0.7659635543823242,0.9405466914176941,0.9998676776885986
2679,89300,LEFT_HIP,0.45547229051589966,0.43044590950012207,0.2282465398311615,0.9963802695274353,0.9996682405471802
2679,89300,RIGHT_HIP,0.37570396065711975,0.45217323303222656,-0.22788511216640472,0.996526837348938,0.9991389513015747
2679,89300,LEFT_KNEE,0.6728371977806091,0.4333939850330353,-0.13177090883255005,0.9250140190124512,0.9998412132263184
2679,89300,RIGHT_KNEE,0.423092246055603,0.6150398254394531,-0.2623429596424103,0.9843338131904602,0.9995443224906921
2679,89300,LEFT_ANKLE,0.6682795882225037,0.6027963161468506,0.05897139012813568,0.9358547925949097,0.9998924732208252
2679,89300,RIGHT_ANKLE,0.3974449038505554,0.7845441699028015,-0.1866620033979416,0.9884462356567383,0.9981698989868164
2679,89300,LEFT_HEEL,0.6382503509521484,0.6320525407791138,0.07014945149421692,0.9373691082000732,0.9998202919960022
2679,89300,RIGHT_HEEL,0.3713541328907013,0.811527669429779,-0.19245809316635132,0.9718523621559143,0.9962372779846191
2679,89300,LEFT_FOOT_INDEX,0.7920917868614197,0.6251347064971924,-0.05573870241641998,0.9574463963508606,0.9993566870689392
2679,89300,RIGHT_FOOT_INDEX,0.5154136419296265,0.8143945336341858,-0.4538772404193878,0.9866995811462402,0.9922059178352356
2680,89333,NOSE,0.4783567190170288,0.16515016555786133,-0.18803511559963226,0.9994776248931885,0.9999167919158936
2680,89333,LEFT_EYE_INNER,0.4731253981590271,0.15141898393630981,-0.1511792540550232,0.9993835091590881,0.9998908042907715
2680,89333,LEFT_EYE,0.47255223989486694,0.15051327645778656,-0.15127506852149963,0.9993900656700134,0.9999003410339355
2680,89333,LEFT_EYE_OUTER,0.4720391631126404,0.1495089828968048,-0.1514342725276947,0.9994460344314575,0.9999003410339355
2680,89333,RIGHT_EYE_INNER,0.4662941098213196,0.15127208828926086,-0.22708231210708618,0.999351441860199,0.9998581409454346
2680,89333,RIGHT_EYE,0.4605778157711029,0.15029187500476837,-0.22713014483451843,0.9993559122085571,0.9998425245285034
2680,89333,RIGHT_EYE_OUTER,0.45439887046813965,0.1493084877729416,-0.2271842509508133,0.9994043707847595,0.9998264908790588
2680,89333,LEFT_EAR,0.45170357823371887,0.15051384270191193,0.06006952375173569,0.9993308782577515,0.9999183416366577
2680,89333,RIGHT_EAR,0.42639949917793274,0.15317435562610626,-0.2850797176361084,0.9993435740470886,0.9998461008071899
2680,89333,MOUTH_LEFT,0.46878764033317566,0.17937397956848145,-0.10250934213399887,0.999125063419342,0.9998863935470581
2680,89333,MOUTH_RIGHT,0.4595591425895691,0.17776958644390106,-0.20225387811660767,0.9991893768310547,0.9998695850372314
2680,89333,LEFT_SHOULDER,0.4658735692501068,0.22662530839443207,0.31655940413475037,0.9964684844017029,0.9994789958000183
2680,89333,RIGHT_SHOULDER,0.34180018305778503,0.2301873415708542,-0.4255775511264801,0.9989182949066162,0.9995336532592773
2680,89333,LEFT_ELBOW,0.5558239221572876,0.294016569852829,0.32565322518348694,0.2810939848423004,0.9991074204444885
2680,89333,RIGHT_ELBOW,0.4305361211299896,0.30024805665016174,-0.6215765476226807,0.98524409532547,0.9991759657859802
2680,89333,LEFT_WRIST,0.5819404721260071,0.22496770322322845,0.10397151112556458,0.467450350522995,0.9998132586479187
2680,89333,RIGHT_WRIST,0.518129289150238,0.21421664953231812,-0.5500679612159729,0.98069167137146,0.9998455047607422
2680,89333,LEFT_PINKY,0.6003466844558716,0.20366163551807404,0.07775337994098663,0.4277040958404541,0.9997674822807312
2680,89333,RIGHT_PINKY,0.5348056554794312,0.1898186057806015,-0.5802755951881409,0.9675844311714172,0.9997825026512146
2680,89333,LEFT_INDEX,0.6060625314712524,0.19625817239284515,0.0874253511428833,0.4190133810043335,0.9997598528862
2680,89333,RIGHT_INDEX,0.5240810513496399,0.1830645054578781,-0.5941653847694397,0.9633700251579285,0.9997726082801819
2680,89333,LEFT_THUMB,0.5744787454605103,0.20787449181079865,0.09689825028181076,0.4221830666065216,0.9998134970664978
2680,89333,RIGHT_THUMB,0.5159754753112793,0.19222182035446167,-0.5485702753067017,0.9422922730445862,0.999826967716217
2680,89333,LEFT_HIP,0.4570748507976532,0.42964407801628113,0.22058573365211487,0.9966669678688049,0.9997428059577942
2680,89333,RIGHT_HIP,0.37668684124946594,0.4521196782588959,-0.22029578685760498,0.9968122243881226,0.9993664622306824
2680,89333,LEFT_KNEE,0.6740558743476868,0.41989707946777344,-0.15135075151920319,0.9316076040267944,0.9998001456260681
2680,89333,RIGHT_KNEE,0.42327919602394104,0.6148037314414978,-0.26985347270965576,0.9856963753700256,0.999534010887146
2680,89333,LEFT_ANKLE,0.6850957274436951,0.5884390473365784,0.012362818233668804,0.9408240914344788,0.999850869178772
2680,89333,RIGHT_ANKLE,0.3974558711051941,0.7844846844673157,-0.20310942828655243,0.9894630312919617,0.9973878264427185
2680,89333,LEFT_HEEL,0.6550735235214233,0.6214648485183716,0.020973946899175644,0.9414705038070679,0.9997692704200745
2680,89333,RIGHT_HEEL,0.37162989377975464,0.8115115165710449,-0.20897634327411652,0.9731095433235168,0.9951028823852539
2680,89333,LEFT_FOOT_INDEX,0.8029268383979797,0.6085361838340759,-0.1109452173113823,0.9604854583740234,0.9991969466209412
2680,89333,RIGHT_FOOT_INDEX,0.5163515210151672,0.8145465850830078,-0.47715821862220764,0.987638533115387,0.9901697039604187
2681,89367,NOSE,0.4784873425960541,0.16822797060012817,-0.2244703769683838,0.9995269179344177,0.9999302625656128
2681,89367,LEFT_EYE_INNER,0.47412845492362976,0.1538446843624115,-0.18511861562728882,0.9994407892227173,0.999910831451416
2681,89367,LEFT_EYE,0.4738975167274475,0.15297864377498627,-0.1851736158132553,0.9994462132453918,0.9999150037765503
2681,89367,LEFT_EYE_OUTER,0.47373008728027344,0.15201787650585175,-0.185347318649292,0.9994964599609375,0.9999114274978638
2681,89367,RIGHT_EYE_INNER,0.46654728055000305,0.15324918925762177,-0.26243796944618225,0.9994121789932251,0.9998973608016968
2681,89367,RIGHT_EYE,0.4607483148574829,0.15199296176433563,-0.26249340176582336,0.9994156956672668,0.9998854398727417
2681,89367,RIGHT_EYE_OUTER,0.45450496673583984,0.15068289637565613,-0.26257121562957764,0.9994592070579529,0.9998728036880493
2681,89367,LEFT_EAR,0.4528263211250305,0.15182235836982727,0.039612267166376114,0.9993935823440552,0.9999364614486694
2681,89367,RIGHT_EAR,0.42641645669937134,0.15332728624343872,-0.3065759837627411,0.999403715133667,0.9998878240585327
2681,89367,MOUTH_LEFT,0.46914151310920715,0.18281705677509308,-0.1347474455833435,0.9992076754570007,0.9998941421508789
2681,89367,MOUTH_RIGHT,0.4596187472343445,0.1803034096956253,-0.23681379854679108,0.9992653131484985,0.9998785257339478
2681,89367,LEFT_SHOULDER,0.46350687742233276,0.22820907831192017,0.3079223930835724,0.9967010617256165,0.9996515512466431
2681,89367,RIGHT_SHOULDER,0.34100767970085144,0.22997887432575226,-0.43253278732299805,0.9990179538726807,0.9996520280838013
2681,89367,LEFT_ELBOW,0.5545912384986877,0.2988310158252716,0.41408637166023254,0.2969810664653778,0.9991939663887024
2681,89367,RIGHT_ELBOW,0.4235505163669586,0.30076736211776733,-0.6802148222923279,0.9859904646873474,0.9992357492446899
2681,89367,LEFT_WRIST,0.5845713019371033,0.2323802262544632,0.3246152102947235,0.48615166544914246,0.999887228012085
2681,89367,RIGHT_WRIST,0.5132375359535217,0.2143765091896057,-0.6666337251663208,0.9816719889640808,0.9998687505722046
2681,89367,LEFT_PINKY,0.602422297000885,0.20916564762592316,0.31481823325157166,0.4424484670162201,0.9998389482498169
2681,89367,RIGHT_PINKY,0.5289381146430969,0.1905224323272705,-0.7087185382843018,0.9689725041389465,0.9998086094856262
2681,89367,LEFT_INDEX,0.6009398698806763,0.2019088715314865,0.28488293290138245,0.43324369192123413,0.9998414516448975
2681,89367,RIGHT_INDEX,0.5192524790763855,0.18387055397033691,-0.7003349661827087,0.9648531675338745,0.9998071789741516
2681,89367,LEFT_THUMB,0.5801458358764648,0.21118803322315216,0.3066675364971161,0.4348585903644562,0.9998841285705566
2681,89367,RIGHT_THUMB,0.5114110708236694,0.1925889402627945,-0.6590641736984253,0.944229006767273,0.9998549222946167
2681,89367,LEFT_HIP,0.4584921598434448,0.42945972084999084,0.22087450325489044,0.9968979358673096,0.9997084736824036
2681,89367,RIGHT_HIP,0.3787681460380554,0.45226144790649414,-0.2205740362405777,0.9970675110816956,0.9993564486503601
2681,89367,LEFT_KNEE,0.6741310954093933,0.40669775009155273,-0.1355220228433609,0.9375103116035461,0.9998483657836914
2681,89367,RIGHT_KNEE,0.4236028790473938,0.6141252517700195,-0.2629527449607849,0.9869224429130554,0.9995636343955994
2681,89367,LEFT_ANKLE,0.6889038681983948,0.5731617212295532,-0.0010698444675654173,0.9454092979431152,0.9998857975006104
2681,89367,RIGHT_ANKLE,0.39788901805877686,0.7843917012214661,-0.17191684246063232,0.990397036075592,0.9982017278671265
2681,89367,LEFT_HEEL,0.6617906093597412,0.6073021292686462,0.001762698288075626,0.945560872554779,0.9998216032981873
2681,89367,RIGHT_HEEL,0.37272563576698303,0.8114843368530273,-0.1730218082666397,0.9746549725532532,0.9964390397071838
2681,89367,LEFT_FOOT_INDEX,0.8088148832321167,0.5916134119033813,-0.12696602940559387,0.9633868336677551,0.9993278980255127
2681,89367,RIGHT_FOOT_INDEX,0.5161942839622498,0.8142530918121338,-0.4273815453052521,0.9885491132736206,0.9929343461990356
2682,89400,NOSE,0.480103462934494,0.17056035995483398,-0.21770301461219788,0.9995695352554321,0.9999023675918579
2682,89400,LEFT_EYE_INNER,0.47724664211273193,0.15605305135250092,-0.17930299043655396,0.9994899034500122,0.9998847246170044
2682,89400,LEFT_EYE,0.4774358570575714,0.15532413125038147,-0.1793561428785324,0.9994940757751465,0.9998906850814819
2682,89400,LEFT_EYE_OUTER,0.4775144159793854,0.15445329248905182,-0.1795392632484436,0.999539315700531,0.9998880624771118
2682,89400,RIGHT_EYE_INNER,0.4686504900455475,0.15517307817935944,-0.2562941908836365,0.9994648694992065,0.9998725652694702
2682,89400,RIGHT_EYE,0.46233975887298584,0.15383990108966827,-0.2563536465167999,0.9994674921035767,0.999862551689148
2682,89400,RIGHT_EYE_OUTER,0.45557934045791626,0.15237309038639069,-0.2564622163772583,0.9995068907737732,0.9998515844345093
2682,89400,LEFT_EAR,0.45715129375457764,0.15422897040843964,0.03974137082695961,0.999447762966156,0.9999188184738159
2682,89400,RIGHT_EAR,0.42649731040000916,0.1543801724910736,-0.3061419725418091,0.9994564652442932,0.9998854398727417
2682,89400,MOUTH_LEFT,0.47143611311912537,0.18547989428043365,-0.13030879199504852,0.9992795586585999,0.9998505115509033
2682,89400,MOUTH_RIGHT,0.46074387431144714,0.18250185251235962,-0.23199257254600525,0.9993323683738708,0.9998574256896973
2682,89400,LEFT_SHOULDER,0.47003820538520813,0.2304418534040451,0.30830636620521545,0.9968489408493042,0.9994797110557556
2682,89400,RIGHT_SHOULDER,0.33918312191963196,0.2300189584493637,-0.4362086355686188,0.99910968542099,0.9997319579124451
2682,89400,LEFT_ELBOW,0.5507462620735168,0.30200329422950745,0.43836742639541626,0.30541887879371643,0.9987442493438721
2682,89400,RIGHT_ELBOW,0.4081443250179291,0.30110254883766174,-0.6567955017089844,0.9866499304771423,0.998992383480072
2682,89400,LEFT_WRIST,0.5833582282066345,0.23229049146175385,0.3440312147140503,0.4895418882369995,0.9997578263282776
2682,89400,RIGHT_WRIST,0.5046931505203247,0.2232845425605774,-0.601416289806366,0.9821520447731018,0.9997648596763611
2682,89400,LEFT_PINKY,0.5960327386856079,0.20946961641311646,0.33376556634902954,0.4436078369617462,0.9996919631958008
2682,89400,RIGHT_PINKY,0.5212088823318481,0.1988241821527481,-0.639919638633728,0.9693595767021179,0.9996811151504517
2682,89400,LEFT_INDEX,0.5939261317253113,0.20205585658550262,0.358165979385376,0.4335537552833557,0.9996837377548218
2682,89400,RIGHT_INDEX,0.5119421482086182,0.19241808354854584,-0.6314879655838013,0.9652177691459656,0.9996833801269531
2682,89400,LEFT_THUMB,0.5794075131416321,0.21083535254001617,0.3218691647052765,0.4346282482147217,0.9997569918632507
2682,89400,RIGHT_THUMB,0.5050591230392456,0.20211249589920044,-0.5929915904998779,0.9444361329078674,0.9997498393058777
2682,89400,LEFT_HIP,0.4594416916370392,0.4293707311153412,0.221000075340271,0.9970270991325378,0.9994825124740601
2682,89400,RIGHT_HIP,0.3794802129268646,0.452658087015152,-0.22070634365081787,0.9972703456878662,0.999064028263092
2682,89400,LEFT_KNEE,0.6740605235099792,0.39666950702667236,-0.09165456891059875,0.942681074142456,0.9997178912162781
2682,89400,RIGHT_KNEE,0.42450475692749023,0.6141790747642517,-0.2756989598274231,0.9880262613296509,0.9993795156478882
2682,89400,LEFT_ANKLE,0.6905144453048706,0.5627754926681519,0.021384263411164284,0.9492210149765015,0.9997606873512268
2682,89400,RIGHT_ANKLE,0.39740902185440063,0.7848016619682312,-0.2126407027244568,0.9912235140800476,0.9964565634727478
2682,89400,LEFT_HEEL,0.6646589636802673,0.5977728962898254,0.03409895673394203,0.948667049407959,0.9996490478515625
2682,89400,RIGHT_HEEL,0.37159645557403564,0.8133285045623779,-0.21812616288661957,0.9759076237678528,0.9929916858673096
2682,89400,LEFT_FOOT_INDEX,0.8107020258903503,0.5743500590324402,-0.09478726238012314,0.9655614495277405,0.9987276196479797
2682,89400,RIGHT_FOOT_INDEX,0.513827919960022,0.8142662048339844,-0.48331835865974426,0.9893109202384949,0.9857694506645203
2683,89433,NOSE,0.4811020791530609,0.17316116392612457,-0.2104535549879074,0.9996081590652466,0.9999281167984009
2683,89433,LEFT_EYE_INNER,0.4792860150337219,0.15892627835273743,-0.17352183163166046,0.9995342493057251,0.9999097585678101
2683,89433,LEFT_EYE,0.4795567989349365,0.15831123292446136,-0.17357675731182098,0.9995372891426086,0.9999140501022339
2683,89433,LEFT_EYE_OUTER,0.4796728193759918,0.15753914415836334,-0.17376300692558289,0.9995781779289246,0.9999114274978638
2683,89433,RIGHT_EYE_INNER,0.47061169147491455,0.1577071249485016,-0.25063562393188477,0.9995123147964478,0.9998997449874878
2683,89433,RIGHT_EYE,0.464143842458725,0.1562146693468094,-0.2506958544254303,0.9995139241218567,0.9998922348022461
2683,89433,RIGHT_EYE_OUTER,0.45714184641838074,0.15465189516544342,-0.25081825256347656,0.9995497465133667,0.9998836517333984
2683,89433,LEFT_EAR,0.46019890904426575,0.1568826586008072,0.04020647704601288,0.9994962215423584,0.999932050704956
2683,89433,RIGHT_EAR,0.4273160398006439,0.15606574714183807,-0.3050945997238159,0.9995036125183105,0.9999128580093384
2683,89433,MOUTH_LEFT,0.4728657305240631,0.18788142502307892,-0.12509839236736298,0.9993457198143005,0.9999021291732788
2683,89433,MOUTH_RIGHT,0.46207550168037415,0.1847040206193924,-0.22701038420200348,0.9993939995765686,0.9999080896377563
2683,89433,LEFT_SHOULDER,0.4773828685283661,0.23377789556980133,0.3061703145503998,0.9970247745513916,0.9995508790016174
2683,89433,RIGHT_SHOULDER,0.3373202681541443,0.23008055984973907,-0.43414273858070374,0.9991941452026367,0.9998202919960022
2683,89433,LEFT_ELBOW,0.5535910725593567,0.30601170659065247,0.4235842227935791,0.3195978105068207,0.99873286485672
2683,89433,RIGHT_ELBOW,0.40479835867881775,0.30161967873573303,-0.6479856967926025,0.9871797561645508,0.9992567896842957
2683,89433,LEFT_WRIST,0.583722710609436,0.2361946702003479,0.3337244689464569,0.4990638196468353,0.9998156428337097
2683,89433,RIGHT_WRIST,0.5037867426872253,0.22771935164928436,-0.580136239528656,0.9827144145965576,0.9998363256454468
2683,89433,LEFT_PINKY,0.5919967293739319,0.21093672513961792,0.33431100845336914,0.4505311846733093,0.9997749924659729
2683,89433,RIGHT_PINKY,0.5194635987281799,0.20233343541622162,-0.6185930967330933,0.9700061082839966,0.9997684359550476
2683,89433,LEFT_INDEX,0.5923606753349304,0.20217365026474,0.3391198217868805,0.43967753648757935,0.9997662901878357
2683,89433,RIGHT_INDEX,0.5106634497642517,0.19653087854385376,-0.612669825553894,0.9658934473991394,0.9997708201408386
2683,89433,LEFT_THUMB,0.5782788991928101,0.21101164817810059,0.32605186104774475,0.4402202367782593,0.9998218417167664
2683,89433,RIGHT_THUMB,0.5040891170501709,0.2049098014831543,-0.5725203156471252,0.9451306462287903,0.9998201727867126
2683,89433,LEFT_HIP,0.4610508382320404,0.42689597606658936,0.22098669409751892,0.9971635937690735,0.9995126724243164
2683,89433,RIGHT_HIP,0.38381895422935486,0.4524749517440796,-0.2206915318965912,0.997471034526825,0.9992699027061462
2683,89433,LEFT_KNEE,0.6725301146507263,0.38453006744384766,-0.05893169343471527,0.946754515171051,0.9997416138648987
2683,89433,RIGHT_KNEE,0.4253601133823395,0.6139777302742004,-0.2851930260658264,0.9889358282089233,0.999535322189331
2683,89433,LEFT_ANKLE,0.6860159039497375,0.5464710593223572,0.09859607368707657,0.9516069293022156,0.9997943043708801
2683,89433,RIGHT_ANKLE,0.3973256051540375,0.785130500793457,-0.23470714688301086,0.9919258952140808,0.9973649382591248
2683,89433,LEFT_HEEL,0.6619711518287659,0.582731306552887,0.10853484272956848,0.9504866003990173,0.9997138381004333
2683,89433,RIGHT_HEEL,0.37159463763237,0.814390242099762,-0.24151605367660522,0.9768636226654053,0.9948792457580566
2683,89433,LEFT_FOOT_INDEX,0.8028885126113892,0.5576993823051453,-0.009763523936271667,0.9667952656745911,0.9991104006767273
2683,89433,RIGHT_FOOT_INDEX,0.5128490328788757,0.8138582110404968,-0.5120956301689148,0.9899135231971741,0.9896194338798523
2684,89467,NOSE,0.48369044065475464,0.17755407094955444,-0.2107863873243332,0.9996365308761597,0.9998775720596313
2684,89467,LEFT_EYE_INNER,0.4836624264717102,0.16343948245048523,-0.17359931766986847,0.9995638728141785,0.9998588562011719
2684,89467,LEFT_EYE,0.48394349217414856,0.16316451132297516,-0.17364653944969177,0.9995653629302979,0.9998677968978882
2684,89467,LEFT_EYE_OUTER,0.4839899241924286,0.16263215243816376,-0.17382393777370453,0.9996018409729004,0.9998667240142822
2684,89467,RIGHT_EYE_INNER,0.47502371668815613,0.1614682823419571,-0.24970142543315887,0.9995457530021667,0.9998437166213989
2684,89467,RIGHT_EYE,0.46857449412345886,0.15985213220119476,-0.24975553154945374,0.9995464086532593,0.9998339414596558
2684,89467,RIGHT_EYE_OUTER,0.46110281348228455,0.15807755291461945,-0.24988214671611786,0.9995790719985962,0.9998219609260559
2684,89467,LEFT_EAR,0.46448570489883423,0.16192327439785004,0.03952271118760109,0.9995288252830505,0.9998995065689087
2684,89467,RIGHT_EAR,0.42835351824760437,0.15882836282253265,-0.30366355180740356,0.9995360970497131,0.999873161315918
2684,89467,MOUTH_LEFT,0.4746180474758148,0.19249312579631805,-0.12566985189914703,0.999397337436676,0.9998486042022705
2684,89467,MOUTH_RIGHT,0.46438294649124146,0.1890583038330078,-0.22626347839832306,0.9994438290596008,0.9998767375946045
2684,89467,LEFT_SHOULDER,0.47822561860084534,0.23701299726963043,0.28643134236335754,0.9970880746841431,0.9993896484375
2684,89467,RIGHT_SHOULDER,0.3360259234905243,0.23061303794384003,-0.42929381132125854,0.9992692470550537,0.999792754650116
2684,89467,LEFT_ELBOW,0.5522623658180237,0.3076719641685486,0.36739382147789,0.32410168647766113,0.9981776475906372
2684,89467,RIGHT_ELBOW,0.3961564600467682,0.30440348386764526,-0.6144259572029114,0.9874870777130127,0.9988287091255188
2684,89467,LEFT_WRIST,0.5751647353172302,0.2405785769224167,0.2446746677160263,0.4938561022281647,0.9996023774147034
2684,89467,RIGHT_WRIST,0.49885544180870056,0.23577944934368134,-0.5469502210617065,0.9826183319091797,0.9997132420539856
2684,89467,LEFT_PINKY,0.5804315805435181,0.2216489315032959,0.23910313844680786,0.44610488414764404,0.9995508790016174
2684,89467,RIGHT_PINKY,0.5157557725906372,0.21044617891311646,-0.5800220966339111,0.9696034789085388,0.999636173248291
2684,89467,LEFT_INDEX,0.5750458240509033,0.21092994511127472,0.24172669649124146,0.4347129166126251,0.9995328187942505
2684,89467,RIGHT_INDEX,0.5068390965461731,0.20345903933048248,-0.5754479765892029,0.9654287099838257,0.9996412992477417
2684,89467,LEFT_THUMB,0.5661019682884216,0.21792477369308472,0.23818431794643402,0.43528711795806885,0.9996179342269897
2684,89467,RIGHT_THUMB,0.5005594491958618,0.21119731664657593,-0.5380468964576721,0.9439877271652222,0.9997013211250305
2684,89467,LEFT_HIP,0.46338173747062683,0.42561838030815125,0.21910855174064636,0.9971767067909241,0.9993724226951599
2684,89467,RIGHT_HIP,0.38493072986602783,0.452495813369751,-0.21880507469177246,0.9976139664649963,0.9990641474723816
2684,89467,LEFT_KNEE,0.669348955154419,0.37241193652153015,-0.02641957253217697,0.9504286646842957,0.9996340274810791
2684,89467,RIGHT_KNEE,0.42801839113235474,0.6139739751815796,-0.2982945144176483,0.9897978901863098,0.9994066953659058
2684,89467,LEFT_ANKLE,0.6830093860626221,0.5319525599479675,0.1824001967906952,0.953738272190094,0.9997299313545227
2684,89467,RIGHT_ANKLE,0.3965398073196411,0.7852662205696106,-0.24458034336566925,0.9925668239593506,0.9962636828422546
2684,89467,LEFT_HEEL,0.65420001745224,0.569234311580658,0.19517219066619873,0.951863706111908,0.9996365308761597
2684,89467,RIGHT_HEEL,0.3707464039325714,0.8143317699432373,-0.25039801001548767,0.9777227640151978,0.9928626418113708
2684,89467,LEFT_FOOT_INDEX,0.7979245185852051,0.547077476978302,0.08952341973781586,0.967512309551239,0.9988081455230713
2684,89467,RIGHT_FOOT_INDEX,0.5042302012443542,0.8136879801750183,-0.5155496597290039,0.9904345870018005,0.9854840636253357
2685,89500,NOSE,0.48361408710479736,0.1780673712491989,-0.21515101194381714,0.9996639490127563,0.9998883008956909
2685,89500,LEFT_EYE_INNER,0.483829528093338,0.1641988605260849,-0.17819537222385406,0.999596893787384,0.9998483657836914
2685,89500,LEFT_EYE,0.48453912138938904,0.1641378551721573,-0.17827321588993073,0.9995979070663452,0.999858021736145
2685,89500,LEFT_EYE_OUTER,0.4850820004940033,0.1638447493314743,-0.1784176528453827,0.9996300935745239,0.9998558759689331
2685,89500,RIGHT_EYE_INNER,0.47495606541633606,0.16194123029708862,-0.24743755161762238,0.9995778799057007,0.9998213648796082
2685,89500,RIGHT_EYE,0.4676910638809204,0.16033212840557098,-0.2474927008152008,0.9995774030685425,0.9998038411140442
2685,89500,RIGHT_EYE_OUTER,0.45930802822113037,0.15858648717403412,-0.24761487543582916,0.9996066093444824,0.9997764229774475
2685,89500,LEFT_EAR,0.46746528148651123,0.16462373733520508,0.03962862864136696,0.9995642304420471,0.9998915195465088
2685,89500,RIGHT_EAR,0.4274695813655853,0.16023458540439606,-0.24249790608882904,0.9995682835578918,0.9998385906219482
2685,89500,MOUTH_LEFT,0.4745993912220001,0.19333608448505402,-0.12695641815662384,0.99945068359375,0.9999121427536011
2685,89500,MOUTH_RIGHT,0.463421106338501,0.18980814516544342,-0.2228994220495224,0.999492883682251,0.9999246597290039
2685,89500,LEFT_SHOULDER,0.4832550287246704,0.24111753702163696,0.25084152817726135,0.9972715377807617,0.9995243549346924
2685,89500,RIGHT_SHOULDER,0.33408039808273315,0.23099596798419952,-0.33565786480903625,0.9993375539779663,0.9997690320014954
2685,89500,LEFT_ELBOW,0.5511913299560547,0.3136114776134491,0.06374388188123703,0.33214786648750305,0.9972055554389954
2685,89500,RIGHT_ELBOW,0.3844338655471802,0.30469003319740295,-0.5334949493408203,0.9874224066734314,0.9985548853874207
2685,89500,LEFT_WRIST,0.5572906732559204,0.28263047337532043,-0.38849613070487976,0.49601104855537415,0.9990880489349365
2685,89500,RIGHT_WRIST,0.4926244020462036,0.2387503981590271,-0.545117199420929,0.9822132587432861,0.9995719790458679
2685,89500,LEFT_PINKY,0.5604293942451477,0.2778480350971222,-0.4574164152145386,0.452656626701355,0.9990262985229492
2685,89500,RIGHT_PINKY,0.5105798840522766,0.21667587757110596,-0.5796128511428833,0.9690546989440918,0.9994120597839355
2685,89500,LEFT_INDEX,0.5478687286376953,0.2652965188026428,-0.4540594816207886,0.4412717819213867,0.9990836381912231
2685,89500,RIGHT_INDEX,0.5025391578674316,0.20860393345355988,-0.5745157599449158,0.9648035764694214,0.9994279742240906
2685,89500,LEFT_THUMB,0.5407148003578186,0.2690636217594147,-0.40213096141815186,0.4409363269805908,0.9992035031318665
2685,89500,RIGHT_THUMB,0.49577251076698303,0.21703223884105682,-0.536659836769104,0.9429037570953369,0.9995391368865967
2685,89500,LEFT_HIP,0.4700937569141388,0.4223182499408722,0.19787852466106415,0.9972385764122009,0.9992177486419678
2685,89500,RIGHT_HIP,0.3886573314666748,0.45167258381843567,-0.1976633071899414,0.997742235660553,0.9986528158187866
2685,89500,LEFT_KNEE,0.6593434810638428,0.35859939455986023,-0.07126669585704803,0.9524877071380615,0.9990874528884888
2685,89500,RIGHT_KNEE,0.4314708113670349,0.6137140989303589,-0.3080873191356659,0.990527331829071,0.9987543821334839
2685,89500,LEFT_ANKLE,0.666649341583252,0.5196028351783752,0.1557779759168625,0.953351616859436,0.9994304776191711
2685,89500,RIGHT_ANKLE,0.3961793780326843,0.784567654132843,-0.26590773463249207,0.9930076003074646,0.9911841750144958
2685,89500,LEFT_HEEL,0.6394354104995728,0.5531076788902283,0.16499502956867218,0.9512845873832703,0.9992374181747437
2685,89500,RIGHT_HEEL,0.37024155259132385,0.8140119910240173,-0.2718127965927124,0.9769745469093323,0.9842773675918579
2685,89500,LEFT_FOOT_INDEX,0.7718846797943115,0.5408278703689575,0.0526694618165493,0.966228723526001,0.9975038170814514
2685,89500,RIGHT_FOOT_INDEX,0.5002090334892273,0.8137955665588379,-0.5383431911468506,0.9904635548591614,0.9653233885765076
2686,89533,NOSE,0.4826599359512329,0.1778988093137741,-0.2084197700023651,0.9996801018714905,0.9997956156730652
2686,89533,LEFT_EYE_INNER,0.4835800230503082,0.16478243470191956,-0.17209631204605103,0.9996142387390137,0.9997275471687317
2686,89533,LEFT_EYE,0.4842829406261444,0.16511251032352448,-0.17217698693275452,0.9996142983436584,0.9997480511665344
2686,89533,LEFT_EYE_OUTER,0.48486649990081787,0.1651003211736679,-0.17227482795715332,0.999643862247467,0.9997492432594299
2686,89533,RIGHT_EYE_INNER,0.47476431727409363,0.16239117085933685,-0.2283702790737152,0.999592125415802,0.9996515512466431
2686,89533,RIGHT_EYE,0.4676016569137573,0.16086675226688385,-0.22841954231262207,0.99958735704422,0.999602735042572
2686,89533,RIGHT_EYE_OUTER,0.4592910408973694,0.15915745496749878,-0.22853095829486847,0.9996136426925659,0.9995409250259399
2686,89533,LEFT_EAR,0.4679989814758301,0.16651403903961182,0.0479009747505188,0.9995822906494141,0.9998102784156799
2686,89533,RIGHT_EAR,0.42755380272865295,0.16102422773838043,-0.21075722575187683,0.9995704889297485,0.9996415376663208
2686,89533,MOUTH_LEFT,0.4736712872982025,0.19283394515514374,-0.12075899541378021,0.9994919896125793,0.9998500347137451
2686,89533,MOUTH_RIGHT,0.4624720811843872,0.18927426636219025,-0.1981201171875,0.9995280504226685,0.9998499155044556
2686,89533,LEFT_SHOULDER,0.4840511083602905,0.2456422597169876,0.241475909948349,0.9974318742752075,0.9994832277297974
2686,89533,RIGHT_SHOULDER,0.3337570130825043,0.23093219101428986,-0.29919150471687317,0.9993946552276611,0.9995545744895935
2686,89533,LEFT_ELBOW,0.5519368648529053,0.3187147378921509,0.058434776961803436,0.35633936524391174,0.9972977042198181
2686,89533,RIGHT_ELBOW,0.3831401467323303,0.3055112063884735,-0.4607422649860382,0.9867953062057495,0.9981157779693604
2686,89533,LEFT_WRIST,0.542818546295166,0.2927095592021942,-0.35730957984924316,0.5113648772239685,0.9993212223052979
2686,89533,RIGHT_WRIST,0.49330243468284607,0.2378634214401245,-0.44538912177085876,0.9812310338020325,0.9994736313819885
2686,89533,LEFT_PINKY,0.5396313071250916,0.2903688848018646,-0.42278194427490234,0.4671270549297333,0.999171257019043
2686,89533,RIGHT_PINKY,0.5114615559577942,0.21535663306713104,-0.4832969903945923,0.9674547910690308,0.9992601275444031
2686,89533,LEFT_INDEX,0.5233286619186401,0.2773267328739166,-0.41022419929504395,0.45516860485076904,0.9992666840553284
2686,89533,RIGHT_INDEX,0.5033813714981079,0.20755265653133392,-0.47751662135124207,0.9628746509552002,0.9992715716362
2686,89533,LEFT_THUMB,0.5191755890846252,0.28075727820396423,-0.36503487825393677,0.45304542779922485,0.999373733997345
2686,89533,RIGHT_THUMB,0.4958021938800812,0.21658611297607422,-0.4369981288909912,0.9398831129074097,0.9994262456893921
2686,89533,LEFT_HIP,0.4748254716396332,0.4221484363079071,0.18468649685382843,0.9972514510154724,0.9989805817604065
2686,89533,RIGHT_HIP,0.39181825518608093,0.4514991343021393,-0.18452154099941254,0.9978046417236328,0.9979460835456848
2686,89533,LEFT_KNEE,0.6504999995231628,0.3505326211452484,-0.12855315208435059,0.9521592855453491,0.9986967444419861
2686,89533,RIGHT_KNEE,0.4332572817802429,0.6137182116508484,-0.30531346797943115,0.99072265625,0.997414231300354
2686,89533,LEFT_ANKLE,0.647545576095581,0.5048573613166809,0.05379229784011841,0.9481359720230103,0.9990264177322388
2686,89533,RIGHT_ANKLE,0.39542052149772644,0.7844269275665283,-0.24127718806266785,0.9929091334342957,0.9823591113090515
2686,89533,LEFT_HEEL,0.6117554903030396,0.5394319891929626,0.06527597457170486,0.9473219513893127,0.9987083673477173
2686,89533,RIGHT_HEEL,0.36994168162345886,0.8132011294364929,-0.24879436194896698,0.973881721496582,0.9707556366920471
2686,89533,LEFT_FOOT_INDEX,0.7365023493766785,0.5326150059700012,-0.03045143187046051,0.9620550870895386,0.9964686632156372
2686,89533,RIGHT_FOOT_INDEX,0.5004186630249023,0.813774049282074,-0.536393940448761,0.9894948601722717,0.9497461318969727
2687,89567,NOSE,0.48275935649871826,0.1776656061410904,-0.18769432604312897,0.9996981620788574,0.999843955039978
2687,89567,LEFT_EYE_INNER,0.4840996265411377,0.16500402987003326,-0.1528203934431076,0.9996357560157776,0.9997978806495667
2687,89567,LEFT_EYE,0.4848541021347046,0.1652618646621704,-0.15291133522987366,0.9996347427368164,0.9998123049736023
2687,89567,LEFT_EYE_OUTER,0.4855669438838959,0.16520369052886963,-0.15300552546977997,0.9996617436408997,0.999815046787262
2687,89567,RIGHT_EYE_INNER,0.4751991629600525,0.16269372403621674,-0.20103438198566437,0.9996117949485779,0.9997416138648987
2687,89567,RIGHT_EYE,0.4679722487926483,0.16136620938777924,-0.20106807351112366,0.9996048808097839,0.9997004270553589
2687,89567,RIGHT_EYE_OUTER,0.4600469470024109,0.15984490513801575,-0.2011539787054062,0.9996291995048523,0.9996438026428223
2687,89567,LEFT_EAR,0.47024261951446533,0.1667853146791458,0.0646764263510704,0.9996067881584167,0.9998679161071777
2687,89567,RIGHT_EAR,0.4296758770942688,0.1620957851409912,-0.16638898849487305,0.9995853900909424,0.9997195601463318
2687,89567,MOUTH_LEFT,0.47409772872924805,0.19234587252140045,-0.10181332379579544,0.9995318055152893,0.9998965263366699
2687,89567,MOUTH_RIGHT,0.46287232637405396,0.1888745278120041,-0.1674310714006424,0.9995632767677307,0.99989914894104
2687,89567,LEFT_SHOULDER,0.4887651205062866,0.2444300800561905,0.22945019602775574,0.9976362586021423,0.9997280240058899
2687,89567,RIGHT_SHOULDER,0.3336930274963379,0.23093946278095245,-0.22973278164863586,0.999448835849762,0.9997028708457947
2687,89567,LEFT_ELBOW,0.5643252730369568,0.3176421821117401,0.03976263850927353,0.3882732093334198,0.9984622001647949
2687,89567,RIGHT_ELBOW,0.374955952167511,0.3055350184440613,-0.40001752972602844,0.9864339232444763,0.9979243278503418
2687,89567,LEFT_WRIST,0.5319671630859375,0.29617008566856384,-0.3817009925842285,0.5336222648620605,0.9995343685150146
2687,89567,RIGHT_WRIST,0.4895712733268738,0.2411215454339981,-0.405413419008255,0.9803267121315002,0.9993532299995422
2687,89567,LEFT_PINKY,0.5236312747001648,0.29750141501426697,-0.4522762894630432,0.48770806193351746,0.9993370175361633
2687,89567,RIGHT_PINKY,0.5113909840583801,0.22027616202831268,-0.4425939917564392,0.9656838178634644,0.9991012811660767
2687,89567,LEFT_INDEX,0.5038096904754639,0.2854600250720978,-0.43790125846862793,0.47539159655570984,0.9994497895240784
2687,89567,RIGHT_INDEX,0.5042288899421692,0.2115289717912674,-0.4357432425022125,0.9608446359634399,0.9991845488548279
2687,89567,LEFT_THUMB,0.5023306608200073,0.2881910502910614,-0.3871897757053375,0.4714949429035187,0.9995409250259399
2687,89567,RIGHT_THUMB,0.49483993649482727,0.218283012509346,-0.39664003252983093,0.9370304346084595,0.9993450045585632
2687,89567,LEFT_HIP,0.47841694951057434,0.4199190139770508,0.16162125766277313,0.9972888231277466,0.9990121126174927
2687,89567,RIGHT_HIP,0.3972424864768982,0.44938984513282776,-0.16144102811813354,0.9978946447372437,0.99797123670578
2687,89567,LEFT_KNEE,0.6414544582366943,0.3425372540950775,-0.132703498005867,0.950095534324646,0.9984185695648193
2687,89567,RIGHT_KNEE,0.4356243908405304,0.6137702465057373,-0.2971268892288208,0.9908244013786316,0.9971020817756653
2687,89567,LEFT_ANKLE,0.614136815071106,0.4943321943283081,0.027727581560611725,0.9382667541503906,0.9987987279891968
2687,89567,RIGHT_ANKLE,0.3956044018268585,0.7842447757720947,-0.3006107211112976,0.9926610589027405,0.9782237410545349
2687,89567,LEFT_HEEL,0.5785830020904541,0.5221205353736877,0.03877205401659012,0.9394876956939697,0.998377799987793
2687,89567,RIGHT_HEEL,0.3709012567996979,0.8127524256706238,-0.3091657757759094,0.9704573750495911,0.9639157652854919
2687,89567,LEFT_FOOT_INDEX,0.6911112666130066,0.5311468839645386,-0.039683323353528976,0.9545050859451294,0.995893120765686
2687,89567,RIGHT_FOOT_INDEX,0.500836193561554,0.8141324520111084,-0.5501880645751953,0.9883339405059814,0.9355873465538025
2688,89600,NOSE,0.4916972517967224,0.1773991733789444,-0.12429961562156677,0.999661922454834,0.9995148181915283
2688,89600,LEFT_EYE_INNER,0.48980945348739624,0.1647389978170395,-0.09610775858163834,0.999589741230011,0.9994919300079346
2688,89600,LEFT_EYE,0.48929741978645325,0.1649153083562851,-0.09617464989423752,0.9995842576026917,0.9995392560958862
2688,89600,LEFT_EYE_OUTER,0.4887002408504486,0.1648077368736267,-0.09633120894432068,0.9996141195297241,0.9995636343955994
2688,89600,RIGHT_EYE_INNER,0.48419126868247986,0.1627511829137802,-0.15925967693328857,0.999565064907074,0.9993576407432556
2688,89600,RIGHT_EYE,0.47905096411705017,0.1616378277540207,-0.1592940092086792,0.9995483756065369,0.9992719292640686
2688,89600,RIGHT_EYE_OUTER,0.4730611741542816,0.16039900481700897,-0.15939569473266602,0.9995787143707275,0.9991881251335144
2688,89600,LEFT_EAR,0.46984052658081055,0.16629080474376678,0.08589080721139908,0.9995724558830261,0.9997063279151917
2688,89600,RIGHT_EAR,0.4407384991645813,0.1624700278043747,-0.19611313939094543,0.9995212554931641,0.9994020462036133
2688,89600,MOUTH_LEFT,0.48099851608276367,0.19228272140026093,-0.05114183947443962,0.9995222091674805,0.9997370839118958
2688,89600,MOUTH_RIGHT,0.47443071007728577,0.18864385783672333,-0.1347680687904358,0.9995524883270264,0.999733030796051
2688,89600,LEFT_SHOULDER,0.4856257140636444,0.2445562481880188,0.238855242729187,0.997695803642273,0.9994996786117554
2688,89600,RIGHT_SHOULDER,0.3350183367729187,0.23097485303878784,-0.28439733386039734,0.9994940757751465,0.9997308850288391
2688,89600,LEFT_ELBOW,0.5614060759544373,0.32354483008384705,0.17983266711235046,0.3821035325527191,0.9969528913497925
2688,89600,RIGHT_ELBOW,0.3743111193180084,0.30644679069519043,-0.4436497390270233,0.985722541809082,0.9982274174690247
2688,89600,LEFT_WRIST,0.5365251302719116,0.3115594685077667,-0.10551243275403976,0.5258558392524719,0.9992770552635193
2688,89600,RIGHT_WRIST,0.4853499233722687,0.25099602341651917,-0.44375795125961304,0.9798295497894287,0.9994767308235168
2688,89600,LEFT_PINKY,0.5326594710350037,0.31347545981407166,-0.14133381843566895,0.48260554671287537,0.9991752505302429
2688,89600,RIGHT_PINKY,0.5095084309577942,0.23086170852184296,-0.48190534114837646,0.9650900363922119,0.9993376135826111
2688,89600,LEFT_INDEX,0.5175275802612305,0.30098244547843933,-0.14201734960079193,0.4698584973812103,0.9992969036102295
2688,89600,RIGHT_INDEX,0.5029699206352234,0.22127042710781097,-0.47449570894241333,0.9602096080780029,0.9994051456451416
2688,89600,LEFT_THUMB,0.5136721730232239,0.3025605380535126,-0.11459637433290482,0.4652854800224304,0.9993652701377869
2688,89600,RIGHT_THUMB,0.4924923777580261,0.23042525351047516,-0.43524688482284546,0.9358048439025879,0.9994832277297974
2688,89600,LEFT_HIP,0.4784412086009979,0.41704344749450684,0.16803525388240814,0.9968277215957642,0.997750461101532
2688,89600,RIGHT_HIP,0.4004133939743042,0.44626057147979736,-0.16781556606292725,0.9978337287902832,0.9969225525856018
2688,89600,LEFT_KNEE,0.6351750493049622,0.3393169343471527,-0.013474580831825733,0.9446962475776672,0.9975833892822266
2688,89600,RIGHT_KNEE,0.4397006034851074,0.6140225529670715,-0.29184573888778687,0.9907504320144653,0.9968400001525879
2688,89600,LEFT_ANKLE,0.590968132019043,0.48618224263191223,0.08932144194841385,0.9222921133041382,0.9987633228302002
2688,89600,RIGHT_ANKLE,0.39542654156684875,0.7847993969917297,-0.3176639676094055,0.9925479888916016,0.9856141209602356
2688,89600,LEFT_HEEL,0.5554935336112976,0.5074369311332703,0.09434317797422409,0.9252229928970337,0.9985411167144775
2688,89600,RIGHT_HEEL,0.36970698833465576,0.8127316832542419,-0.32581236958503723,0.9691678285598755,0.9771687984466553
2688,89600,LEFT_FOOT_INDEX,0.6423105001449585,0.5276092886924744,0.05577476695179939,0.9430288076400757,0.99720299243927
2688,89600,RIGHT_FOOT_INDEX,0.5012096166610718,0.8144190907478333,-0.5430868864059448,0.9877492189407349,0.9634541273117065
2689,89633,NOSE,0.5041337013244629,0.18278028070926666,-0.13901139795780182,0.9996098279953003,0.9991975426673889
2689,89633,LEFT_EYE_INNER,0.4997725784778595,0.16968388855457306,-0.10583167523145676,0.9995068311691284,0.9992458820343018
2689,89633,LEFT_EYE,0.49860668182373047,0.16961699724197388,-0.10592018067836761,0.999505341053009,0.9993523955345154
2689,89633,LEFT_EYE_OUTER,0.49721071124076843,0.16936741769313812,-0.10608626157045364,0.9995432496070862,0.9994184970855713
2689,89633,RIGHT_EYE_INNER,0.49659478664398193,0.16846321523189545,-0.1681865155696869,0.999464750289917,0.9988454580307007
2689,89633,RIGHT_EYE,0.4931381344795227,0.16758674383163452,-0.1682310700416565,0.9994314908981323,0.9985985159873962
2689,89633,RIGHT_EYE_OUTER,0.4888000786304474,0.1666172593832016,-0.16831044852733612,0.9994569420814514,0.9983402490615845
2689,89633,LEFT_EAR,0.4734525978565216,0.16973592340946198,0.08326664566993713,0.9995077252388,0.9996695518493652
2689,89633,RIGHT_EAR,0.4568248689174652,0.16720925271511078,-0.19483448565006256,0.9992692470550537,0.9983808994293213
2689,89633,MOUTH_LEFT,0.4938323199748993,0.1963125616312027,-0.06308069825172424,0.9994615912437439,0.9996305704116821
2689,89633,MOUTH_RIGHT,0.48996561765670776,0.19413338601589203,-0.1467563956975937,0.999449610710144,0.9994754195213318
2689,89633,LEFT_SHOULDER,0.4843732416629791,0.24600879848003387,0.22184619307518005,0.9978187680244446,0.9997461438179016
2689,89633,RIGHT_SHOULDER,0.3369177281856537,0.23248541355133057,-0.27742651104927063,0.999523401260376,0.9992151260375977
2689,89633,LEFT_ELBOW,0.5561307072639465,0.3319322168827057,0.21817636489868164,0.3781605064868927,0.9988705515861511
2689,89633,RIGHT_ELBOW,0.37308216094970703,0.3073365390300751,-0.4742533266544342,0.9847926497459412,0.9906520843505859
2689,89633,LEFT_WRIST,0.5604058504104614,0.38823339343070984,-0.03162828087806702,0.5191208720207214,0.9990087747573853
2689,89633,RIGHT_WRIST,0.48198485374450684,0.24877364933490753,-0.6149945855140686,0.9784201383590698,0.9980220794677734
2689,89633,LEFT_PINKY,0.5747760534286499,0.40851184725761414,-0.06259468197822571,0.47901856899261475,0.9983658194541931
2689,89633,RIGHT_PINKY,0.5046804547309875,0.2290237545967102,-0.6877202987670898,0.9625585079193115,0.9982073307037354
2689,89633,LEFT_INDEX,0.5602095127105713,0.4039124548435211,-0.09487451612949371,0.4675242304801941,0.9985617995262146
2689,89633,RIGHT_INDEX,0.4968087673187256,0.21919025480747223,-0.6746652126312256,0.9575488567352295,0.998325765132904
2689,89633,LEFT_THUMB,0.5516924858093262,0.3984889090061188,-0.0477917343378067,0.46269190311431885,0.9988229870796204
2689,89633,RIGHT_THUMB,0.4887540340423584,0.22737018764019012,-0.6122669577598572,0.9318211674690247,0.9984399676322937
2689,89633,LEFT_HIP,0.4823351502418518,0.417692631483078,0.16453787684440613,0.9967415928840637,0.998414158821106
2689,89633,RIGHT_HIP,0.403373658657074,0.4463091790676117,-0.16437798738479614,0.9978915452957153,0.996222734451294
2689,89633,LEFT_KNEE,0.6256460547447205,0.34548652172088623,-0.015302542597055435,0.9408729672431946,0.9983158111572266
2689,89633,RIGHT_KNEE,0.4418083429336548,0.6149250268936157,-0.28441354632377625,0.9903197884559631,0.9961771965026855
2689,89633,LEFT_ANKLE,0.5720713138580322,0.49383237957954407,0.12991264462471008,0.9106027483940125,0.9990885257720947
2689,89633,RIGHT_ANKLE,0.39544954895973206,0.7847959399223328,-0.29249969124794006,0.9922610521316528,0.9870861172676086
2689,89633,LEFT_HEEL,0.532906174659729,0.5126081109046936,0.1392163783311844,0.9140457510948181,0.9988864064216614
2689,89633,RIGHT_HEEL,0.3698604702949524,0.8126352429389954,-0.29239919781684875,0.9673483371734619,0.9782569408416748
2689,89633,LEFT_FOOT_INDEX,0.6154960989952087,0.5310901999473572,0.08516635745763779,0.9348133206367493,0.9979390501976013
2689,89633,RIGHT_FOOT_INDEX,0.498942494392395,0.8150354027748108,-0.4795018136501312,0.9870219230651855,0.9704612493515015
2690,89667,NOSE,0.5141927599906921,0.18568257987499237,-0.1438998579978943,0.9995872974395752,0.9996125102043152
2690,89667,LEFT_EYE_INNER,0.5100114941596985,0.17320497334003448,-0.11356745660305023,0.9994934797286987,0.9996316432952881
2690,89667,LEFT_EYE,0.5087968707084656,0.17328375577926636,-0.11365453153848648,0.9994933605194092,0.9996746778488159
2690,89667,LEFT_EYE_OUTER,0.5072760581970215,0.17325802147388458,-0.11382396519184113,0.9995321035385132,0.999691367149353
2690,89667,RIGHT_EYE_INNER,0.5060166120529175,0.17179293930530548,-0.1770961582660675,0.9994430541992188,0.999467670917511
2690,89667,RIGHT_EYE,0.5021848678588867,0.17090481519699097,-0.1771465241909027,0.9993967413902283,0.9993622899055481
2690,89667,RIGHT_EYE_OUTER,0.4975954294204712,0.16985797882080078,-0.1772473007440567,0.9994166493415833,0.9992275238037109
2690,89667,LEFT_EAR,0.4822824001312256,0.174432173371315,0.09073717147111893,0.9995108246803284,0.9998052716255188
2690,89667,RIGHT_EAR,0.4649294316768646,0.17060567438602448,-0.1763055920600891,0.9992005825042725,0.9992885589599609
2690,89667,MOUTH_LEFT,0.5035317540168762,0.19876010715961456,-0.06943340599536896,0.9994786381721497,0.9998272061347961
2690,89667,MOUTH_RIGHT,0.49898624420166016,0.1959720253944397,-0.15355539321899414,0.9994559288024902,0.999782383441925
2690,89667,LEFT_SHOULDER,0.5036973357200623,0.24878937005996704,0.22058230638504028,0.9979739785194397,0.9997244477272034
2690,89667,RIGHT_SHOULDER,0.33740633726119995,0.23427318036556244,-0.22772304713726044,0.9995584487915039,0.9995571970939636
2690,89667,LEFT_ELBOW,0.566733717918396,0.3374873101711273,0.08396042883396149,0.3903653919696808,0.9981808662414551
2690,89667,RIGHT_ELBOW,0.36294305324554443,0.3134651482105255,-0.4721159040927887,0.9856390357017517,0.9953054189682007
2690,89667,LEFT_WRIST,0.5791209936141968,0.3553604185581207,-0.35058146715164185,0.5297493934631348,0.9990090131759644
2690,89667,RIGHT_WRIST,0.47982215881347656,0.25722619891166687,-0.6066814661026001,0.979119062423706,0.998917818069458
2690,89667,LEFT_PINKY,0.5917614698410034,0.36386215686798096,-0.42020198702812195,0.48981380462646484,0.9987772107124329
2690,89667,RIGHT_PINKY,0.5060040354728699,0.24058811366558075,-0.6660478115081787,0.9626704454421997,0.9988284707069397
2690,89667,LEFT_INDEX,0.5767310857772827,0.3534555435180664,-0.4383745491504669,0.4791986346244812,0.9990108013153076
2690,89667,RIGHT_INDEX,0.49800175428390503,0.2273377925157547,-0.6472262144088745,0.9577140212059021,0.9989976286888123
2690,89667,LEFT_THUMB,0.5686968564987183,0.3528132736682892,-0.3692058026790619,0.47249510884284973,0.9991488456726074
2690,89667,RIGHT_THUMB,0.48946020007133484,0.23247148096561432,-0.5981073975563049,0.9316590428352356,0.9991257786750793
2690,89667,LEFT_HIP,0.4958614110946655,0.41884756088256836,0.13615217804908752,0.9968433976173401,0.9990552067756653
2690,89667,RIGHT_HIP,0.4051158130168915,0.4471106231212616,-0.13574661314487457,0.9979336857795715,0.9978430271148682
2690,89667,LEFT_KNEE,0.6221756339073181,0.350575715303421,-0.4056087136268616,0.9434643387794495,0.9982874989509583
2690,89667,RIGHT_KNEE,0.4464631676673889,0.6153503060340881,-0.26505836844444275,0.9897412061691284,0.9954511523246765
2690,89667,LEFT_ANKLE,0.563524067401886,0.5033714175224304,-0.29012608528137207,0.9058614373207092,0.9987585544586182
2690,89667,RIGHT_ANKLE,0.3955186605453491,0.784799337387085,-0.2240937203168869,0.9902390837669373,0.969860315322876
2690,89667,LEFT_HEEL,0.5339545607566833,0.523697555065155,-0.28196853399276733,0.9103299975395203,0.9983332753181458
2690,89667,RIGHT_HEEL,0.3696514666080475,0.8124032020568848,-0.2252846658229828,0.9608734846115112,0.9587066173553467
2690,89667,LEFT_FOOT_INDEX,0.5861135125160217,0.5372105240821838,-0.41416481137275696,0.9317646622657776,0.9962826371192932
2690,89667,RIGHT_FOOT_INDEX,0.49760207533836365,0.8142194747924805,-0.45704779028892517,0.9835836291313171,0.9489849209785461
2691,89700,NOSE,0.5142953395843506,0.18802881240844727,-0.1485075205564499,0.999397337436676,0.9972301125526428
2691,89700,LEFT_EYE_INNER,0.5104732513427734,0.1754174381494522,-0.11683212220668793,0.9991437196731567,0.9974837303161621
2691,89700,LEFT_EYE,0.509514331817627,0.1755523681640625,-0.11691632121801376,0.999152660369873,0.9977195858955383
2691,89700,LEFT_EYE_OUTER,0.5083721876144409,0.17562764883041382,-0.11707378923892975,0.9991812705993652,0.9978410005569458
2691,89700,RIGHT_EYE_INNER,0.5064945220947266,0.17406205832958221,-0.18199636042118073,0.9991469979286194,0.9970512390136719
2691,89700,RIGHT_EYE,0.5030724406242371,0.17327164113521576,-0.1820477843284607,0.9990832805633545,0.9967549443244934
2691,89700,RIGHT_EYE_OUTER,0.4993511140346527,0.1724400371313095,-0.18215687572956085,0.9991154074668884,0.9965998530387878
2691,89700,LEFT_EAR,0.4842897057533264,0.17665208876132965,0.08921290934085846,0.999156653881073,0.998515784740448
2691,89700,RIGHT_EAR,0.46994510293006897,0.1738148182630539,-0.2123837023973465,0.9986591339111328,0.9972215890884399
2691,89700,MOUTH_LEFT,0.5044253468513489,0.20000530779361725,-0.07244452834129333,0.9991692304611206,0.9983150959014893
2691,89700,MOUTH_RIGHT,0.49975869059562683,0.197463259100914,-0.15793751180171967,0.9992061257362366,0.9983787536621094
2691,89700,LEFT_SHOULDER,0.4849548935890198,0.24942702054977417,0.22770869731903076,0.9975250959396362,0.9979819059371948
2691,89700,RIGHT_SHOULDER,0.34307578206062317,0.23792071640491486,-0.24812853336334229,0.9995681047439575,0.998917818069458
2691,89700,LEFT_ELBOW,0.5134904384613037,0.3497263491153717,0.26654934883117676,0.3613628149032593,0.9918628931045532
2691,89700,RIGHT_ELBOW,0.35714614391326904,0.3210062086582184,-0.509716808795929,0.9832050800323486,0.9937915205955505
2691,89700,LEFT_WRIST,0.5009962320327759,0.34419307112693787,0.06650400906801224,0.49477458000183105,0.9973045587539673
2691,89700,RIGHT_WRIST,0.4693582355976105,0.2716201841831207,-0.6571676135063171,0.976620614528656,0.998916745185852
2691,89700,LEFT_PINKY,0.4994921386241913,0.34819021821022034,0.056417230516672134,0.46103790402412415,0.9972639083862305
2691,89700,RIGHT_PINKY,0.490532785654068,0.2577672302722931,-0.7163550853729248,0.9599690437316895,0.9989744424819946
2691,89700,LEFT_INDEX,0.5000285506248474,0.3343440592288971,0.03320108726620674,0.4510165750980377,0.997512936592102
2691,89700,RIGHT_INDEX,0.49075308442115784,0.24540074169635773,-0.6927266120910645,0.9548429250717163,0.9990313053131104
2691,89700,LEFT_THUMB,0.4989676773548126,0.33397793769836426,0.05256945267319679,0.4440189003944397,0.9976071119308472
2691,89700,RIGHT_THUMB,0.4733232259750366,0.24738986790180206,-0.6463533639907837,0.9265691637992859,0.9991208910942078
2691,89700,LEFT_HIP,0.49477511644363403,0.4304458200931549,0.14733809232711792,0.9955028295516968,0.995513379573822
2691,89700,RIGHT_HIP,0.4065134823322296,0.4525899589061737,-0.1470537930727005,0.9974311590194702,0.9942013621330261
2691,89700,LEFT_KNEE,0.606091320514679,0.36431238055229187,-0.08354569971561432,0.9356902837753296,0.9970225691795349
2691,89700,RIGHT_KNEE,0.45298686623573303,0.6161836981773376,-0.25594767928123474,0.988784670829773,0.9954724907875061
2691,89700,LEFT_ANKLE,0.5589573979377747,0.5092855095863342,0.11943969130516052,0.8906255960464478,0.9985578656196594
2691,89700,RIGHT_ANKLE,0.3956763744354248,0.7842928767204285,-0.15666566789150238,0.9896272420883179,0.9875802993774414
2691,89700,LEFT_HEEL,0.530476987361908,0.5299027562141418,0.13372796773910522,0.9001067280769348,0.99842369556427
2691,89700,RIGHT_HEEL,0.3689490556716919,0.8106257915496826,-0.15286636352539062,0.9599880576133728,0.9816208481788635
2691,89700,LEFT_FOOT_INDEX,0.5769698023796082,0.5561220049858093,0.061978891491889954,0.9232796430587769,0.9975274205207825
2691,89700,RIGHT_FOOT_INDEX,0.4978785514831543,0.8142185211181641,-0.36101317405700684,0.9825479984283447,0.9738338589668274
2692,89733,NOSE,0.5123502612113953,0.19514347612857819,-0.2615818679332733,0.999434769153595,0.9996963739395142
2692,89733,LEFT_EYE_INNER,0.5113067030906677,0.18331891298294067,-0.2212480753660202,0.999199390411377,0.9996683597564697
2692,89733,LEFT_EYE,0.5115724205970764,0.18364335596561432,-0.22130194306373596,0.9992062449455261,0.9996966123580933
2692,89733,LEFT_EYE_OUTER,0.5116345286369324,0.18398214876651764,-0.22139661014080048,0.9992312788963318,0.999703586101532
2692,89733,RIGHT_EYE_INNER,0.5050835609436035,0.18174977600574493,-0.2692161500453949,0.999194324016571,0.9995658993721008
2692,89733,RIGHT_EYE,0.5012417435646057,0.18100132048130035,-0.26925748586654663,0.9991294145584106,0.9994975328445435
2692,89733,RIGHT_EYE_OUTER,0.4970686137676239,0.18034164607524872,-0.26940783858299255,0.9991581439971924,0.9994210004806519
2692,89733,LEFT_EAR,0.4938851594924927,0.18573956191539764,0.037351228296756744,0.9992122650146484,0.9997681975364685
2692,89733,RIGHT_EAR,0.4718398451805115,0.18250630795955658,-0.2021067589521408,0.9987214207649231,0.9994524121284485
2692,89733,MOUTH_LEFT,0.5048440098762512,0.2059888243675232,-0.15982577204704285,0.9992357492446899,0.9997747540473938
2692,89733,MOUTH_RIGHT,0.49737122654914856,0.20354454219341278,-0.22275055944919586,0.9992675185203552,0.999738872051239
2692,89733,LEFT_SHOULDER,0.5215900540351868,0.2584042251110077,0.23407673835754395,0.9977141618728638,0.9994252920150757
2692,89733,RIGHT_SHOULDER,0.34621572494506836,0.24199044704437256,-0.2099808156490326,0.9995995759963989,0.9995322227478027
2692,89733,LEFT_ELBOW,0.5694164633750916,0.35462307929992676,0.140959233045578,0.3902183771133423,0.9968858361244202
2692,89733,RIGHT_ELBOW,0.347514808177948,0.33046209812164307,-0.4915727376937866,0.9841386079788208,0.9979603290557861
2692,89733,LEFT_WRIST,0.577372670173645,0.3406454026699066,-0.32353320717811584,0.5207885503768921,0.9991825222969055
2692,89733,RIGHT_WRIST,0.4524533152580261,0.2852630615234375,-0.7499098181724548,0.9779385924339294,0.9997252821922302
2692,89733,LEFT_PINKY,0.5800530314445496,0.338985800743103,-0.3916099965572357,0.48224449157714844,0.9991114735603333
2692,89733,RIGHT_PINKY,0.4725792407989502,0.2704314887523651,-0.8203733563423157,0.961702823638916,0.9996814727783203
2692,89733,LEFT_INDEX,0.5778505802154541,0.3259005546569824,-0.39925616979599,0.47261515259742737,0.9992660880088806
2692,89733,RIGHT_INDEX,0.46856430172920227,0.259509801864624,-0.798331618309021,0.9567180871963501,0.9997267127037048
2692,89733,LEFT_THUMB,0.5710216760635376,0.3282369077205658,-0.33844584226608276,0.46144166588783264,0.9993622899055481
2692,89733,RIGHT_THUMB,0.4615814685821533,0.267927348613739,-0.7412364482879639,0.9292080998420715,0.9997739195823669
2692,89733,LEFT_HIP,0.4976297616958618,0.4369798004627228,0.14400848746299744,0.9957340955734253,0.9982171654701233
2692,89733,RIGHT_HIP,0.40643057227134705,0.4556293487548828,-0.1436268538236618,0.9974940419197083,0.9972809553146362
2692,89733,LEFT_KNEE,0.6067848801612854,0.3823540508747101,-0.4337914288043976,0.9378254413604736,0.9986328482627869
2692,89733,RIGHT_KNEE,0.4633409082889557,0.6163256168365479,-0.2660822570323944,0.9880656599998474,0.9974888563156128
2692,89733,LEFT_ANKLE,0.5615125298500061,0.5366870760917664,-0.1840379387140274,0.8873416781425476,0.9992400407791138
2692,89733,RIGHT_ANKLE,0.3959566652774811,0.7843639254570007,-0.11627913266420364,0.9877261519432068,0.9869304895401001
2692,89733,LEFT_HEEL,0.5333560705184937,0.5499209761619568,-0.1645498275756836,0.8981362581253052,0.9990847110748291
2692,89733,RIGHT_HEEL,0.3678511381149292,0.8114846348762512,-0.11004306375980377,0.9546025991439819,0.9837433695793152
2692,89733,LEFT_FOOT_INDEX,0.5739476084709167,0.5967125296592712,-0.3309936821460724,0.9224913120269775,0.998167872428894
2692,89733,RIGHT_FOOT_INDEX,0.49666985869407654,0.814210832118988,-0.3829454779624939,0.9798544645309448,0.9787083268165588
2693,89767,NOSE,0.5143061876296997,0.19757534563541412,-0.26352787017822266,0.9993945956230164,0.9974474906921387
2693,89767,LEFT_EYE_INNER,0.5126960873603821,0.1855524331331253,-0.22678449749946594,0.9991421699523926,0.9974383115768433
2693,89767,LEFT_EYE,0.5134113430976868,0.18593572080135345,-0.22688177227973938,0.999154806137085,0.9978052973747253
2693,89767,LEFT_EYE_OUTER,0.5141049027442932,0.18634440004825592,-0.2270064800977707,0.9991816878318787,0.9979758858680725
2693,89767,RIGHT_EYE_INNER,0.5059744715690613,0.18379372358322144,-0.27795305848121643,0.9991072416305542,0.9963646531105042
2693,89767,RIGHT_EYE,0.502210795879364,0.18307356536388397,-0.278003990650177,0.9990206360816956,0.9957979321479797
2693,89767,RIGHT_EYE_OUTER,0.49840307235717773,0.182501420378685,-0.2782038748264313,0.999046802520752,0.9953792095184326
2693,89767,LEFT_EAR,0.49849754571914673,0.18893583118915558,0.004200864117592573,0.9991345405578613,0.9985637068748474
2693,89767,RIGHT_EAR,0.4767474830150604,0.18567387759685516,-0.2167639583349228,0.9984867572784424,0.9962506890296936
2693,89767,MOUTH_LEFT,0.5096554160118103,0.2094717025756836,-0.17176157236099243,0.9992387890815735,0.9986718893051147
2693,89767,MOUTH_RIGHT,0.5011096000671387,0.20688672363758087,-0.23787900805473328,0.9992660284042358,0.9983470439910889
2693,89767,LEFT_SHOULDER,0.5262442231178284,0.2687948942184448,0.23105944693088531,0.9977777600288391,0.9980657696723938
2693,89767,RIGHT_SHOULDER,0.35561007261276245,0.24851000308990479,-0.24468152225017548,0.999598503112793,0.9975200295448303
2693,89767,LEFT_ELBOW,0.5765877366065979,0.3724324405193329,0.10838454216718674,0.39483487606048584,0.9829313158988953
2693,89767,RIGHT_ELBOW,0.34085121750831604,0.3414361774921417,-0.4899182617664337,0.9810966849327087,0.9837290644645691
2693,89767,LEFT_WRIST,0.5869855284690857,0.3491744101047516,-0.3338104784488678,0.5150089263916016,0.994961142539978
2693,89767,RIGHT_WRIST,0.44908004999160767,0.3014245331287384,-0.7289667129516602,0.973624050617218,0.9976136684417725
2693,89767,LEFT_PINKY,0.5882430672645569,0.34440305829048157,-0.3951849937438965,0.47386419773101807,0.9953115582466125
2693,89767,RIGHT_PINKY,0.46719786524772644,0.29044559597969055,-0.7980571985244751,0.9554804563522339,0.9979256391525269
2693,89767,LEFT_INDEX,0.577247679233551,0.32144293189048767,-0.3981807827949524,0.4642103314399719,0.9960222840309143
2693,89767,RIGHT_INDEX,0.4635465145111084,0.2784073054790497,-0.7798486351966858,0.9493473768234253,0.9980370402336121
2693,89767,LEFT_THUMB,0.5818096399307251,0.33339908719062805,-0.3468012809753418,0.44993117451667786,0.996342122554779
2693,89767,RIGHT_THUMB,0.4594276249408722,0.28248196840286255,-0.7219506502151489,0.9178869128227234,0.9982432126998901
2693,89767,LEFT_HIP,0.4964579641819,0.44654151797294617,0.1452345997095108,0.9953356385231018,0.9948915243148804
2693,89767,RIGHT_HIP,0.4064937233924866,0.45984330773353577,-0.14477334916591644,0.9970258474349976,0.9904335737228394
2693,89767,LEFT_KNEE,0.6078892350196838,0.41169705986976624,-0.27654021978378296,0.934857189655304,0.9976939558982849
2693,89767,RIGHT_KNEE,0.4861249029636383,0.616755485534668,-0.26857125759124756,0.9866891503334045,0.9953369498252869
2693,89767,LEFT_ANKLE,0.5560292601585388,0.5738599896430969,0.020538074895739555,0.8812423944473267,0.9977399110794067
2693,89767,RIGHT_ANKLE,0.4016723036766052,0.7843635678291321,-0.07631611078977585,0.98569655418396,0.9762949347496033
2693,89767,LEFT_HEEL,0.5297419428825378,0.5839738249778748,0.04522952064871788,0.8889459371566772,0.9973289966583252
2693,89767,RIGHT_HEEL,0.3680947422981262,0.8110654354095459,-0.06797149777412415,0.9480454921722412,0.9678309559822083
2693,89767,LEFT_FOOT_INDEX,0.5747455358505249,0.6301499009132385,-0.17544715106487274,0.91856449842453,0.9947723746299744
2693,89767,RIGHT_FOOT_INDEX,0.5079473853111267,0.8152759075164795,-0.34282079339027405,0.9769631624221802,0.9538568258285522
2694,89800,NOSE,0.5243222117424011,0.20796340703964233,-0.2230757772922516,0.9993979334831238,0.9985520243644714
2694,89800,LEFT_EYE_INNER,0.5229473114013672,0.19407100975513458,-0.1780986338853836,0.9991294741630554,0.9982843995094299
2694,89800,LEFT_EYE,0.5236629843711853,0.19398874044418335,-0.1781773418188095,0.999143660068512,0.9983532428741455
2694,89800,LEFT_EYE_OUTER,0.5242466330528259,0.1939583420753479,-0.1782616823911667,0.9991640448570251,0.9983012080192566
2694,89800,RIGHT_EYE_INNER,0.515428364276886,0.19263674318790436,-0.2290414422750473,0.9991050362586975,0.9980964064598083
2694,89800,RIGHT_EYE,0.5105356574058533,0.19155193865299225,-0.22911013662815094,0.9990135431289673,0.9979572296142578
2694,89800,RIGHT_EYE_OUTER,0.5056220889091492,0.19060082733631134,-0.22942666709423065,0.9990450739860535,0.9977992177009583
2694,89800,LEFT_EAR,0.5055421590805054,0.19620317220687866,0.05376819893717766,0.9990997910499573,0.9985254406929016
2694,89800,RIGHT_EAR,0.4788770079612732,0.1924869418144226,-0.18231575191020966,0.9985017776489258,0.998401939868927
2694,89800,MOUTH_LEFT,0.519094705581665,0.22002647817134857,-0.13135814666748047,0.9992685317993164,0.9990026354789734
2694,89800,MOUTH_RIGHT,0.5089188814163208,0.21793359518051147,-0.19665756821632385,0.9993062615394592,0.9991753697395325
2694,89800,LEFT_SHOULDER,0.5353123545646667,0.27384480834007263,0.23824770748615265,0.9977893233299255,0.9962539672851562
2694,89800,RIGHT_SHOULDER,0.35489723086357117,0.25920140743255615,-0.2104470431804657,0.9996235370635986,0.9989359974861145
2694,89800,LEFT_ELBOW,0.5802863240242004,0.3807433843612671,0.06753556430339813,0.4140739440917969,0.987245500087738
2694,89800,RIGHT_ELBOW,0.3233603239059448,0.3556237518787384,-0.4250165522098541,0.9821653366088867,0.9947423934936523
2694,89800,LEFT_WRIST,0.5691294074058533,0.3406766355037689,-0.40025216341018677,0.5146740674972534,0.9963499307632446
2694,89800,RIGHT_WRIST,0.4533253014087677,0.31947383284568787,-0.5982100367546082,0.9739760160446167,0.9993183612823486
2694,89800,LEFT_PINKY,0.5543342232704163,0.32952752709388733,-0.4756429195404053,0.46900928020477295,0.9972322583198547
2694,89800,RIGHT_PINKY,0.4735192358493805,0.30148425698280334,-0.6521835923194885,0.9547390937805176,0.9993354678153992
2694,89800,LEFT_INDEX,0.5528590083122253,0.31148380041122437,-0.4560931622982025,0.45906102657318115,0.997512936592102
2694,89800,RIGHT_INDEX,0.46784815192222595,0.2914257347583771,-0.6300513744354248,0.9482899904251099,0.9994008541107178
2694,89800,LEFT_THUMB,0.5526069402694702,0.31892359256744385,-0.4063575863838196,0.44153791666030884,0.99754399061203
2694,89800,RIGHT_THUMB,0.46274533867836,0.2974499762058258,-0.5854141116142273,0.9151803851127625,0.9994679093360901
2694,89800,LEFT_HIP,0.49469074606895447,0.45404693484306335,0.1437315046787262,0.9955617785453796,0.9977990984916687
2694,89800,RIGHT_HIP,0.39993351697921753,0.4679974317550659,-0.14334017038345337,0.9970687627792358,0.9961879849433899
2694,89800,LEFT_KNEE,0.6061298847198486,0.445171982049942,-0.5095033049583435,0.939376950263977,0.9991897940635681
2694,89800,RIGHT_KNEE,0.4828147292137146,0.6193721890449524,-0.26688316464424133,0.9853357672691345,0.9977903366088867
2694,89800,LEFT_ANKLE,0.5639659762382507,0.6092459559440613,-0.32503512501716614,0.8865915536880493,0.9978127479553223
2694,89800,RIGHT_ANKLE,0.4017389714717865,0.7844131588935852,-0.044007983058691025,0.9821845889091492,0.9753589630126953
2694,89800,LEFT_HEEL,0.5344366431236267,0.6235155463218689,-0.31501173973083496,0.889513373374939,0.9969905614852905
2694,89800,RIGHT_HEEL,0.3680967092514038,0.8103044629096985,-0.03564634919166565,0.9356243014335632,0.9668774008750916
2694,89800,LEFT_FOOT_INDEX,0.5858137011528015,0.6612666249275208,-0.5463131666183472,0.9216880798339844,0.9931722283363342
2694,89800,RIGHT_FOOT_INDEX,0.4985711872577667,0.8153274655342102,-0.3383921682834625,0.9714966416358948,0.9589070677757263
2695,89833,NOSE,0.5340858697891235,0.21366633474826813,-0.21766157448291779,0.9993910193443298,0.998766303062439
2695,89833,LEFT_EYE_INNER,0.5310920476913452,0.1992163211107254,-0.17608821392059326,0.9990834593772888,0.9985142350196838
2695,89833,LEFT_EYE,0.5311141610145569,0.19894355535507202,-0.17616961896419525,0.9991002082824707,0.9985857009887695
2695,89833,LEFT_EYE_OUTER,0.530864417552948,0.19876670837402344,-0.17627795040607452,0.9991111755371094,0.9985571503639221
2695,89833,RIGHT_EYE_INNER,0.5242672562599182,0.19783039391040802,-0.22866040468215942,0.9990779161453247,0.9983935952186584
2695,89833,RIGHT_EYE,0.5190590620040894,0.19658595323562622,-0.2287331372499466,0.9989858865737915,0.9982878565788269
2695,89833,RIGHT_EYE_OUTER,0.5129400491714478,0.19539885222911835,-0.22907672822475433,0.9990262985229492,0.9981666803359985
2695,89833,LEFT_EAR,0.5091238021850586,0.20069535076618195,0.05901321396231651,0.9990316033363342,0.9987491369247437
2695,89833,RIGHT_EAR,0.4809282422065735,0.19665910303592682,-0.1847120225429535,0.9984782934188843,0.9986372590065002
2695,89833,MOUTH_LEFT,0.5257951617240906,0.22662299871444702,-0.1287371665239334,0.9992952942848206,0.9993236064910889
2695,89833,MOUTH_RIGHT,0.5173614025115967,0.2243202179670334,-0.19590072333812714,0.9993392825126648,0.9994250535964966
2695,89833,LEFT_SHOULDER,0.5395171046257019,0.2784893810749054,0.23948875069618225,0.9978628158569336,0.9976763129234314
2695,89833,RIGHT_SHOULDER,0.3545776605606079,0.26328936219215393,-0.2186916470527649,0.9996485114097595,0.9991276860237122
2695,89833,LEFT_ELBOW,0.5868547558784485,0.38093170523643494,0.04869076609611511,0.43949559330940247,0.9901880621910095
2695,89833,RIGHT_ELBOW,0.3160645365715027,0.3621082007884979,-0.4254385828971863,0.9834384322166443,0.9966765642166138
2695,89833,LEFT_WRIST,0.5576356053352356,0.3474785387516022,-0.45618265867233276,0.5118831992149353,0.9958552718162537
2695,89833,RIGHT_WRIST,0.45641493797302246,0.33162492513656616,-0.5916432738304138,0.9747582077980042,0.99950110912323
2695,89833,LEFT_PINKY,0.5396592617034912,0.3417595326900482,-0.541236937046051,0.4617602825164795,0.9970141649246216
2695,89833,RIGHT_PINKY,0.47972139716148376,0.32589083909988403,-0.6500049829483032,0.955190896987915,0.9995230436325073
2695,89833,LEFT_INDEX,0.535844624042511,0.3143593668937683,-0.5230753421783447,0.45198729634284973,0.9974175691604614
2695,89833,RIGHT_INDEX,0.4749256372451782,0.3065260946750641,-0.6291014552116394,0.9487789869308472,0.9995695948600769
2695,89833,LEFT_THUMB,0.5361809730529785,0.32794055342674255,-0.4630967080593109,0.43174147605895996,0.9972447156906128
2695,89833,RIGHT_THUMB,0.46627339720726013,0.31178125739097595,-0.5791323184967041,0.9146710634231567,0.9996041655540466
2695,89833,LEFT_HIP,0.49354904890060425,0.46144846081733704,0.13791905343532562,0.99582439661026,0.9987996816635132
2695,89833,RIGHT_HIP,0.39604452252388,0.4748784005641937,-0.1375792771577835,0.9971307516098022,0.9974246025085449
2695,89833,LEFT_KNEE,0.6047678589820862,0.46055829524993896,-0.6060314774513245,0.944433867931366,0.9994885921478271
2695,89833,RIGHT_KNEE,0.4863664507865906,0.6209954023361206,-0.27002590894699097,0.9850099682807922,0.998084306716919
2695,89833,LEFT_ANKLE,0.5660684108734131,0.62529456615448,-0.3502051830291748,0.8944376707077026,0.9982594847679138
2695,89833,RIGHT_ANKLE,0.4020335078239441,0.7848501205444336,0.003231569891795516,0.980715811252594,0.9818155169487
2695,89833,LEFT_HEEL,0.5413671135902405,0.6401572823524475,-0.33247649669647217,0.8933890461921692,0.997643768787384
2695,89833,RIGHT_HEEL,0.3681943118572235,0.8100804686546326,0.017895767465233803,0.925955057144165,0.977439284324646
2695,89833,LEFT_FOOT_INDEX,0.594037652015686,0.6804520487785339,-0.577904224395752,0.9265966415405273,0.9943767786026001
2695,89833,RIGHT_FOOT_INDEX,0.49847814440727234,0.8148098587989807,-0.29670852422714233,0.9685829281806946,0.9695631265640259
2696,89867,NOSE,0.531249463558197,0.22499197721481323,-0.3631284236907959,0.9992571473121643,0.9966275095939636
2696,89867,LEFT_EYE_INNER,0.5299362540245056,0.21039487421512604,-0.3242184519767761,0.9987450242042542,0.9961126446723938
2696,89867,LEFT_EYE,0.5307025909423828,0.21022187173366547,-0.32433778047561646,0.9988102316856384,0.996299684047699
2696,89867,LEFT_EYE_OUTER,0.5313534140586853,0.21004758775234222,-0.32446858286857605,0.9987621307373047,0.9962538480758667
2696,89867,RIGHT_EYE_INNER,0.521462082862854,0.2092323899269104,-0.37366437911987305,0.9987818598747253,0.9960262775421143
2696,89867,RIGHT_EYE,0.5159952640533447,0.2082642763853073,-0.3737472891807556,0.9986763000488281,0.9958751797676086
2696,89867,RIGHT_EYE_OUTER,0.509728193283081,0.20733533799648285,-0.3740180432796478,0.998712420463562,0.9957190155982971
2696,89867,LEFT_EAR,0.5129257440567017,0.2119816094636917,-0.07719012349843979,0.9985215663909912,0.9967781901359558
2696,89867,RIGHT_EAR,0.47876372933387756,0.20850419998168945,-0.2958325445652008,0.9981067776679993,0.9968652129173279
2696,89867,MOUTH_LEFT,0.5246900916099548,0.23662935197353363,-0.26409992575645447,0.9991781115531921,0.9982325434684753
2696,89867,MOUTH_RIGHT,0.5145201683044434,0.23507069051265717,-0.3281804621219635,0.9992979168891907,0.9986481070518494
2696,89867,LEFT_SHOULDER,0.5444048643112183,0.28627291321754456,0.12987813353538513,0.9978092312812805,0.9956663846969604
2696,89867,RIGHT_SHOULDER,0.35411280393600464,0.27582457661628723,-0.25870493054389954,0.9996634721755981,0.9984855055809021
2696,89867,LEFT_ELBOW,0.5830852389335632,0.3909932076931,-0.06180645897984505,0.45125696063041687,0.9853618144989014
2696,89867,RIGHT_ELBOW,0.3072044253349304,0.37361690402030945,-0.44173237681388855,0.984175443649292,0.991692304611206
2696,89867,LEFT_WRIST,0.5297247767448425,0.3569962978363037,-0.603919267654419,0.4995076656341553,0.9943863153457642
2696,89867,RIGHT_WRIST,0.4394998848438263,0.3602868318557739,-0.6294670104980469,0.9726117253303528,0.9985285997390747
2696,89867,LEFT_PINKY,0.5136299133300781,0.3510991036891937,-0.701442301273346,0.4508396089076996,0.9961090683937073
2696,89867,RIGHT_PINKY,0.4647369086742401,0.34983348846435547,-0.6948228478431702,0.9511072635650635,0.9987077713012695
2696,89867,LEFT_INDEX,0.5121237635612488,0.3320337235927582,-0.690132737159729,0.4419021010398865,0.9964474439620972
2696,89867,RIGHT_INDEX,0.4675779938697815,0.33556023240089417,-0.6911000609397888,0.9444639682769775,0.9988584518432617
2696,89867,LEFT_THUMB,0.5110766291618347,0.3371509313583374,-0.6145469546318054,0.4189269542694092,0.9962224960327148
2696,89867,RIGHT_THUMB,0.4556725025177002,0.33829307556152344,-0.6246216893196106,0.9074810147285461,0.9989246726036072
2696,89867,LEFT_HIP,0.49308350682258606,0.4702657163143158,0.14237333834171295,0.9958333373069763,0.9976822137832642
2696,89867,RIGHT_HIP,0.3942229747772217,0.4848048686981201,-0.14207880198955536,0.9969888925552368,0.9951033592224121
2696,89867,LEFT_KNEE,0.6041637063026428,0.494777113199234,-0.49730604887008667,0.9484596848487854,0.9993409514427185
2696,89867,RIGHT_KNEE,0.49410805106163025,0.6222477555274963,-0.282744824886322,0.984809398651123,0.9980931878089905
2696,89867,LEFT_ANKLE,0.5843599438667297,0.6460764408111572,-0.2552828788757324,0.9018060564994812,0.9987473487854004
2696,89867,RIGHT_ANKLE,0.40291306376457214,0.7841545939445496,-0.016715625301003456,0.9794367551803589,0.9875828623771667
2696,89867,LEFT_HEEL,0.5688313245773315,0.668184757232666,-0.23928245902061462,0.8981714844703674,0.998356282711029
2696,89867,RIGHT_HEEL,0.3680098354816437,0.8100500106811523,-0.004260978661477566,0.9187057018280029,0.983913779258728
2696,89867,LEFT_FOOT_INDEX,0.6049671173095703,0.6978034973144531,-0.4660187065601349,0.9311655163764954,0.9952120780944824
2696,89867,RIGHT_FOOT_INDEX,0.49851757287979126,0.8131272196769714,-0.304205060005188,0.9656306505203247,0.9756795763969421
2697,89900,NOSE,0.5489537715911865,0.23406219482421875,-0.5245334506034851,0.9992055296897888,0.998921275138855
2697,89900,LEFT_EYE_INNER,0.5448868274688721,0.219077929854393,-0.48695018887519836,0.9986335635185242,0.9986168146133423
2697,89900,LEFT_EYE,0.5443646311759949,0.21867720782756805,-0.4870508909225464,0.9987191557884216,0.9987832903862
2697,89900,LEFT_EYE_OUTER,0.5435622930526733,0.21825581789016724,-0.4871106445789337,0.9986235499382019,0.9988706707954407
2697,89900,RIGHT_EYE_INNER,0.5381194353103638,0.2179889678955078,-0.5496754050254822,0.9987097382545471,0.9984632730484009
2697,89900,RIGHT_EYE,0.5326838493347168,0.21688777208328247,-0.5498117208480835,0.9986186027526855,0.9983934760093689
2697,89900,RIGHT_EYE_OUTER,0.5267083048820496,0.21578194200992584,-0.5500665903091431,0.9986420273780823,0.9984103441238403
2697,89900,LEFT_EAR,0.5198498964309692,0.2199869304895401,-0.24457624554634094,0.9981381893157959,0.9992068409919739
2697,89900,RIGHT_EAR,0.4913228154182434,0.2166178822517395,-0.5286638140678406,0.9980897903442383,0.9991536140441895
2697,89900,MOUTH_LEFT,0.5373429656028748,0.24744181334972382,-0.4263436794281006,0.9991275072097778,0.9996908903121948
2697,89900,MOUTH_RIGHT,0.5288335084915161,0.2459450215101242,-0.509441077709198,0.9993241429328918,0.9997809529304504
2697,89900,LEFT_SHOULDER,0.551828145980835,0.2985538840293884,-0.006173098459839821,0.9979702234268188,0.9996812343597412
2697,89900,RIGHT_SHOULDER,0.35405227541923523,0.2868637144565582,-0.49396997690200806,0.9996942281723022,0.9999070167541504
2697,89900,LEFT_ELBOW,0.5799456238746643,0.4104844629764557,-0.10220226645469666,0.45883527398109436,0.9925330877304077
2697,89900,RIGHT_ELBOW,0.3012584149837494,0.3884170949459076,-0.6016026735305786,0.9846089482307434,0.9959405660629272
2697,89900,LEFT_WRIST,0.5321516394615173,0.3927079439163208,-0.6340908408164978,0.49413570761680603,0.9968340992927551
2697,89900,RIGHT_WRIST,0.43127062916755676,0.389103502035141,-0.7970081567764282,0.9720391631126404,0.9988352656364441
2697,89900,LEFT_PINKY,0.5196961164474487,0.4077552258968353,-0.7293615341186523,0.4482031464576721,0.9977193474769592
2697,89900,RIGHT_PINKY,0.45938727259635925,0.38699057698249817,-0.8795055747032166,0.950467050075531,0.9991112351417542
2697,89900,LEFT_INDEX,0.5262463688850403,0.38897064328193665,-0.7459497451782227,0.44064393639564514,0.9979283809661865
2697,89900,RIGHT_INDEX,0.46446141600608826,0.37453627586364746,-0.8889957666397095,0.944120466709137,0.9991909861564636
2697,89900,LEFT_THUMB,0.522904098033905,0.38822808861732483,-0.6560012698173523,0.4159099757671356,0.9979669451713562
2697,89900,RIGHT_THUMB,0.4519513249397278,0.37433871626853943,-0.7977869510650635,0.9058259129524231,0.999275267124176
2697,89900,LEFT_HIP,0.49384355545043945,0.4787980020046234,0.16733811795711517,0.9956403970718384,0.998335063457489
2697,89900,RIGHT_HIP,0.390659362077713,0.49110767245292664,-0.1673278659582138,0.9971576929092407,0.998742401599884
2697,89900,LEFT_KNEE,0.6040574908256531,0.5494043827056885,0.19090382754802704,0.9451438188552856,0.999702513217926
2697,89900,RIGHT_KNEE,0.49660933017730713,0.6245477795600891,-0.4755575358867645,0.9852026104927063,0.9998185038566589
2697,89900,LEFT_ANKLE,0.6303589344024658,0.6863443851470947,0.646652340888977,0.9046950340270996,0.9993621706962585
2697,89900,RIGHT_ANKLE,0.40303778648376465,0.7832743525505066,-0.2934383749961853,0.9799730777740479,0.9985542893409729
2697,89900,LEFT_HEEL,0.6130606532096863,0.7091757655143738,0.6789296865463257,0.8914830088615417,0.9992019534111023
2697,89900,RIGHT_HEEL,0.3672349154949188,0.8098121285438538,-0.29063206911087036,0.9135014414787292,0.9971231818199158
2697,89900,LEFT_FOOT_INDEX,0.658859372138977,0.7251082062721252,0.48999834060668945,0.9308305382728577,0.9983402490615845
2697,89900,RIGHT_FOOT_INDEX,0.5016450881958008,0.8130647540092468,-0.621812641620636,0.9664601683616638,0.9932202100753784
2698,89933,NOSE,0.5523461699485779,0.2427692413330078,-0.45223915576934814,0.9992368817329407,0.9998031258583069
2698,89933,LEFT_EYE_INNER,0.5487840175628662,0.22888348996639252,-0.4170962870121002,0.9986854791641235,0.9996801614761353
2698,89933,LEFT_EYE,0.5484561324119568,0.22875015437602997,-0.41717642545700073,0.9987659454345703,0.9996844530105591
2698,89933,LEFT_EYE_OUTER,0.5478200316429138,0.22853487730026245,-0.41714873909950256,0.9986572861671448,0.9996744394302368
2698,89933,RIGHT_EYE_INNER,0.5420855283737183,0.22761394083499908,-0.48287034034729004,0.9987834692001343,0.9997331500053406
2698,89933,RIGHT_EYE,0.5372651815414429,0.22670669853687286,-0.48304420709609985,0.9987033009529114,0.9997437596321106
2698,89933,RIGHT_EYE_OUTER,0.5320621728897095,0.2258191555738449,-0.4832714796066284,0.9987279772758484,0.9997624754905701
2698,89933,LEFT_EAR,0.5257059931755066,0.23131464421749115,-0.1931496113538742,0.9980804324150085,0.9997346997261047
2698,89933,RIGHT_EAR,0.5008388161659241,0.22814400494098663,-0.48693394660949707,0.9982427358627319,0.9999046325683594
2698,89933,MOUTH_LEFT,0.5421422719955444,0.2568195164203644,-0.36036375164985657,0.999159038066864,0.9999240636825562
2698,89933,MOUTH_RIGHT,0.5340822339057922,0.25516435503959656,-0.44630861282348633,0.9993769526481628,0.9999634027481079
2698,89933,LEFT_SHOULDER,0.5608426332473755,0.3119868338108063,0.03227892145514488,0.99812912940979,0.9998642206192017
2698,89933,RIGHT_SHOULDER,0.356772243976593,0.30161407589912415,-0.4970785081386566,0.9997240900993347,0.9999874830245972
2698,89933,LEFT_ELBOW,0.5847568511962891,0.4224323034286499,-0.1269787847995758,0.4645947813987732,0.9957414865493774
2698,89933,RIGHT_ELBOW,0.3046230673789978,0.3985666334629059,-0.5559899806976318,0.9852554202079773,0.9990390539169312
2698,89933,LEFT_WRIST,0.5163023471832275,0.41405439376831055,-0.6596287488937378,0.47156569361686707,0.9981365203857422
2698,89933,RIGHT_WRIST,0.4328112304210663,0.4165576696395874,-0.4554213881492615,0.9692603945732117,0.9995323419570923
2698,89933,LEFT_PINKY,0.4925651252269745,0.42028895020484924,-0.7524476051330566,0.4272198975086212,0.9988620281219482
2698,89933,RIGHT_PINKY,0.4732462167739868,0.4231351613998413,-0.507010817527771,0.9453776478767395,0.9996250867843628
2698,89933,LEFT_INDEX,0.48847123980522156,0.40135228633880615,-0.745138943195343,0.42009174823760986,0.9989604949951172
2698,89933,RIGHT_INDEX,0.48367857933044434,0.40633296966552734,-0.5189460515975952,0.9388232231140137,0.999652624130249
2698,89933,LEFT_THUMB,0.49224328994750977,0.39985454082489014,-0.672265350818634,0.3953530192375183,0.9988700747489929
2698,89933,RIGHT_THUMB,0.4652198255062103,0.40691816806793213,-0.4491121768951416,0.8967116475105286,0.9996823072433472
2698,89933,LEFT_HIP,0.4960497319698334,0.4922846257686615,0.17849954962730408,0.9958437085151672,0.9996604919433594
2698,89933,RIGHT_HIP,0.3879128694534302,0.5018239617347717,-0.17851094901561737,0.9974109530448914,0.99983811378479
2698,89933,LEFT_KNEE,0.6035395264625549,0.5836378931999207,0.3809400796890259,0.9371048808097839,0.9999524354934692
2698,89933,RIGHT_KNEE,0.49926725029945374,0.6257234811782837,-0.45089051127433777,0.9858370423316956,0.9999821186065674
2698,89933,LEFT_ANKLE,0.6713361144065857,0.7145688533782959,0.7371699213981628,0.9086523652076721,0.999850869178772
2698,89933,RIGHT_ANKLE,0.40167900919914246,0.7832617163658142,-0.3434279263019562,0.9809561371803284,0.9998112320899963
2698,89933,LEFT_HEEL,0.6549021005630493,0.7460508942604065,0.7582114934921265,0.8878509402275085,0.9997758269309998
2698,89933,RIGHT_HEEL,0.3663666248321533,0.8097265362739563,-0.3498970568180084,0.913075864315033,0.9995341300964355
2698,89933,LEFT_FOOT_INDEX,0.7395887970924377,0.7321392893791199,0.5624088048934937,0.9324538111686707,0.9995489716529846
2698,89933,RIGHT_FOOT_INDEX,0.4998582601547241,0.8132622838020325,-0.6691821217536926,0.9684084057807922,0.9987456798553467
2699,89967,NOSE,0.5542048215866089,0.2623308002948761,-0.5548804402351379,0.9992920756340027,0.999920129776001
2699,89967,LEFT_EYE_INNER,0.5524634718894958,0.24775828421115875,-0.5180273652076721,0.998775064945221,0.9998705387115479
2699,89967,LEFT_EYE,0.5525269508361816,0.2475791722536087,-0.5181604027748108,0.9988497495651245,0.9998732805252075
2699,89967,LEFT_EYE_OUTER,0.5524075627326965,0.24740706384181976,-0.5181658864021301,0.998746395111084,0.9998692274093628
2699,89967,RIGHT_EYE_INNER,0.5454242825508118,0.24678784608840942,-0.5817230939865112,0.9988781213760376,0.999876856803894
2699,89967,RIGHT_EYE,0.5405826568603516,0.2458956390619278,-0.5819176435470581,0.998805046081543,0.999871015548706
2699,89967,RIGHT_EYE_OUTER,0.5349735021591187,0.2450505942106247,-0.5821350812911987,0.9988270998001099,0.999871015548706
2699,89967,LEFT_EAR,0.5310935974121094,0.24922527372837067,-0.2789580225944519,0.9981613755226135,0.9998809099197388
2699,89967,RIGHT_EAR,0.5013250708580017,0.2459173947572708,-0.5656280517578125,0.9983928799629211,0.9999176263809204
2699,89967,MOUTH_LEFT,0.5452669262886047,0.2754651606082916,-0.45643332600593567,0.9992166757583618,0.9999613761901855
2699,89967,MOUTH_RIGHT,0.5366531014442444,0.2738666832447052,-0.5401782393455505,0.9994311928749084,0.999976396560669
2699,89967,LEFT_SHOULDER,0.5669272541999817,0.3263629972934723,-0.02907107211649418,0.9982990026473999,0.9999595880508423
2699,89967,RIGHT_SHOULDER,0.35902121663093567,0.31794044375419617,-0.5362758636474609,0.9997510313987732,0.9999750852584839
2699,89967,LEFT_ELBOW,0.5884061455726624,0.4290701150894165,-0.07038580626249313,0.47065469622612,0.9991917014122009
2699,89967,RIGHT_ELBOW,0.30984702706336975,0.41476938128471375,-0.609748125076294,0.985523521900177,0.998863697052002
2699,89967,LEFT_WRIST,0.5743333697319031,0.4494515657424927,-0.5471022129058838,0.463349848985672,0.9990418553352356
2699,89967,RIGHT_WRIST,0.4379313588142395,0.44019898772239685,-0.7887297868728638,0.9691779017448425,0.9997401833534241
2699,89967,LEFT_PINKY,0.5754302740097046,0.463838666677475,-0.6299580931663513,0.4230074882507324,0.9990841150283813
2699,89967,RIGHT_PINKY,0.4742821156978607,0.4506266415119171,-0.8741297721862793,0.9462968707084656,0.9998077750205994
2699,89967,LEFT_INDEX,0.5603359341621399,0.44259241223335266,-0.6611941456794739,0.4177554249763489,0.9991993308067322
2699,89967,RIGHT_INDEX,0.48416614532470703,0.4324043095111847,-0.8949894905090332,0.9401121139526367,0.9998329877853394
2699,89967,LEFT_THUMB,0.5641505122184753,0.44164642691612244,-0.5728069543838501,0.3930487036705017,0.9992916584014893
2699,89967,RIGHT_THUMB,0.4702863395214081,0.43075206875801086,-0.793398916721344,0.8980600833892822,0.9998553991317749
2699,89967,LEFT_HIP,0.4954884350299835,0.50447016954422,0.1828429400920868,0.9961144328117371,0.9997870326042175
2699,89967,RIGHT_HIP,0.3851487338542938,0.5084851384162903,-0.1828727126121521,0.9976392388343811,0.9997789263725281
2699,89967,LEFT_KNEE,0.5928748846054077,0.6147094368934631,0.2916867733001709,0.91981041431427,0.9999656677246094
2699,89967,RIGHT_KNEE,0.5012335181236267,0.6274310946464539,-0.42984476685523987,0.9860180020332336,0.9999799728393555
2699,89967,LEFT_ANKLE,0.6994316577911377,0.727901041507721,0.5656129121780396,0.9081919193267822,0.9999396800994873
2699,89967,RIGHT_ANKLE,0.40149611234664917,0.782600462436676,-0.3040980100631714,0.981512725353241,0.9998960494995117
2699,89967,LEFT_HEEL,0.6930092573165894,0.7619408965110779,0.5784438252449036,0.8839282393455505,0.9999040365219116
2699,89967,RIGHT_HEEL,0.3663715720176697,0.809442937374115,-0.31038087606430054,0.9142723083496094,0.9997506737709045
2699,89967,LEFT_FOOT_INDEX,0.7830358147621155,0.7251061797142029,0.3841908574104309,0.9309096336364746,0.9997747540473938
2699,89967,RIGHT_FOOT_INDEX,0.5031487345695496,0.8121886253356934,-0.6286218762397766,0.9696264266967773,0.9994155168533325
2700,90000,NOSE,0.5739250183105469,0.2717096507549286,-0.35465946793556213,0.9993476271629333,0.999968409538269
2700,90000,LEFT_EYE_INNER,0.5693925023078918,0.2575285732746124,-0.3012235164642334,0.9988802671432495,0.9999468326568604
2700,90000,LEFT_EYE,0.5685929656028748,0.2571108639240265,-0.3014583885669708,0.9989460706710815,0.9999465942382812
2700,90000,LEFT_EYE_OUTER,0.5673996806144714,0.2566576898097992,-0.3014673590660095,0.9988555908203125,0.9999420642852783
2700,90000,RIGHT_EYE_INNER,0.564259946346283,0.2572189271450043,-0.3801983892917633,0.9989780187606812,0.9999455213546753
2700,90000,RIGHT_EYE,0.5601508021354675,0.25661158561706543,-0.3803301453590393,0.9989096522331238,0.9999384880065918
2700,90000,RIGHT_EYE_OUTER,0.5555265545845032,0.2559193968772888,-0.38050955533981323,0.9989320635795593,0.9999284744262695
2700,90000,LEFT_EAR,0.5435481071472168,0.2589929699897766,-0.0694761723279953,0.9982962012290955,0.9999545812606812
2700,90000,RIGHT_EAR,0.524232804775238,0.2576555013656616,-0.4749687910079956,0.9985406994819641,0.9999485015869141
2700,90000,MOUTH_LEFT,0.5634165406227112,0.2847502827644348,-0.2647072374820709,0.9992724657058716,0.9999773502349854
2700,90000,MOUTH_RIGHT,0.5564860701560974,0.283428817987442,-0.373644083738327,0.9994792938232422,0.9999834299087524
2700,90000,LEFT_SHOULDER,0.5717633962631226,0.3368605375289917,0.13759760558605194,0.998452365398407,0.999976634979248
2700,90000,RIGHT_SHOULDER,0.36582696437835693,0.3297603130340576,-0.4556460976600647,0.9997748136520386,0.999925971031189
2700,90000,LEFT_ELBOW,0.5907285809516907,0.4312047064304352,0.10317178815603256,0.45274046063423157,0.9997653365135193
2700,90000,RIGHT_ELBOW,0.3128049373626709,0.4308500289916992,-0.5566367506980896,0.9853213429450989,0.9985432624816895
2700,90000,LEFT_WRIST,0.6149343848228455,0.47999390959739685,-0.3119410574436188,0.4382385015487671,0.9990735054016113
2700,90000,RIGHT_WRIST,0.44064146280288696,0.486369252204895,-0.6340271234512329,0.9658812880516052,0.9994256496429443
2700,90000,LEFT_PINKY,0.6317837834358215,0.5020864605903625,-0.37122830748558044,0.4017353355884552,0.9988911747932434
2700,90000,RIGHT_PINKY,0.4749917685985565,0.5102372169494629,-0.7047976851463318,0.9418901801109314,0.9994938373565674
2700,90000,LEFT_INDEX,0.6260268688201904,0.49151208996772766,-0.41669246554374695,0.39803817868232727,0.9990335702896118
2700,90000,RIGHT_INDEX,0.4911750555038452,0.4935811460018158,-0.7195672988891602,0.93565833568573,0.9996008276939392
2700,90000,LEFT_THUMB,0.6167043447494507,0.4856726825237274,-0.3434220850467682,0.374111533164978,0.9991344809532166
2700,90000,RIGHT_THUMB,0.4763343334197998,0.48208531737327576,-0.6334986686706543,0.8900034427642822,0.9996583461761475
2700,90000,LEFT_HIP,0.4897772967815399,0.5136777758598328,0.19216035306453705,0.9964661002159119,0.9999586343765259
2700,90000,RIGHT_HIP,0.3770958483219147,0.5157223343849182,-0.19223827123641968,0.9978449940681458,0.9997692704200745
2700,90000,LEFT_KNEE,0.5822258591651917,0.6195564866065979,-0.22018678486347198,0.8912618160247803,0.9999839067459106
2700,90000,RIGHT_KNEE,0.4985889792442322,0.6271857619285583,-0.48396503925323486,0.9800596833229065,0.9999347925186157
2700,90000,LEFT_ANKLE,0.7138423919677734,0.7362454533576965,-0.3848419487476349,0.8997084498405457,0.9999297857284546
2700,90000,RIGHT_ANKLE,0.4034523367881775,0.7827398180961609,-0.47589918971061707,0.9746940732002258,0.9997512698173523
2700,90000,LEFT_HEEL,0.7318203449249268,0.7723329067230225,-0.41266918182373047,0.8818228244781494,0.9998433589935303
2700,90000,RIGHT_HEEL,0.3693229556083679,0.8094291687011719,-0.4934379756450653,0.9019670486450195,0.999504804611206
2700,90000,LEFT_FOOT_INDEX,0.81710284948349,0.7174219489097595,-0.6622477173805237,0.9287871718406677,0.9996787309646606
2700,90000,RIGHT_FOOT_INDEX,0.5055928230285645,0.8111855983734131,-0.790995717048645,0.9633863568305969,0.9992455244064331
2701,90033,NOSE,0.5839940905570984,0.2865758538246155,-0.3759230673313141,0.9993776679039001,0.9999222755432129
2701,90033,LEFT_EYE_INNER,0.5787308216094971,0.2719290852546692,-0.3316954970359802,0.9989376664161682,0.9998730421066284
2701,90033,LEFT_EYE,0.5777780413627625,0.2713331878185272,-0.3319248557090759,0.998985767364502,0.9998737573623657
2701,90033,LEFT_EYE_OUTER,0.5764349699020386,0.2706790268421173,-0.33201611042022705,0.9989152550697327,0.9998667240142822
2701,90033,RIGHT_EYE_INNER,0.5741081237792969,0.27199652791023254,-0.4097444415092468,0.9990488886833191,0.9998809099197388
2701,90033,RIGHT_EYE,0.5702455639839172,0.271485835313797,-0.40988776087760925,0.998982310295105,0.999874472618103
2701,90033,RIGHT_EYE_OUTER,0.5657945871353149,0.27090558409690857,-0.4100709855556488,0.9990139603614807,0.999864935874939
2701,90033,LEFT_EAR,0.5499057769775391,0.273039847612381,-0.13380801677703857,0.9983144402503967,0.9998810291290283
2701,90033,RIGHT_EAR,0.5331945419311523,0.2723296582698822,-0.48207390308380127,0.9986562132835388,0.999902606010437
2701,90033,MOUTH_LEFT,0.5724812150001526,0.29878297448158264,-0.2957402765750885,0.9993021488189697,0.9999409914016724
2701,90033,MOUTH_RIGHT,0.5668483972549438,0.29795631766319275,-0.3971216678619385,0.9995183944702148,0.9999599456787109
2701,90033,LEFT_SHOULDER,0.5724107623100281,0.3495759665966034,0.09317832440137863,0.9985830187797546,0.9999693632125854
2701,90033,RIGHT_SHOULDER,0.3724525570869446,0.34614816308021545,-0.5483275055885315,0.9997963309288025,0.9999282360076904
2701,90033,LEFT_ELBOW,0.6020267009735107,0.4429948031902313,0.139667347073555,0.4510771632194519,0.9997796416282654
2701,90033,RIGHT_ELBOW,0.32445359230041504,0.46127262711524963,-0.6168856620788574,0.9856740236282349,0.9989818930625916
2701,90033,LEFT_WRIST,0.6236199140548706,0.5152396559715271,-0.11673342436552048,0.41579747200012207,0.9984356760978699
2701,90033,RIGHT_WRIST,0.4421377182006836,0.5336544513702393,-0.6404320001602173,0.9651662707328796,0.9996665716171265
2701,90033,LEFT_PINKY,0.6308801770210266,0.5327285528182983,-0.15632733702659607,0.3791639804840088,0.9974639415740967
2701,90033,RIGHT_PINKY,0.47135528922080994,0.5600680708885193,-0.709929883480072,0.9406583309173584,0.9996181726455688
2701,90033,LEFT_INDEX,0.6213151216506958,0.5302871465682983,-0.20302367210388184,0.3767668902873993,0.9977939128875732
2701,90033,RIGHT_INDEX,0.4908747971057892,0.5517755746841431,-0.7257101535797119,0.9346721172332764,0.9996780157089233
2701,90033,LEFT_THUMB,0.6196904182434082,0.5310389399528503,-0.14596539735794067,0.3550441563129425,0.9981716871261597
2701,90033,RIGHT_THUMB,0.4796648621559143,0.5416032671928406,-0.6409031748771667,0.8885313868522644,0.999751627445221
2701,90033,LEFT_HIP,0.47382256388664246,0.5202065706253052,0.19579094648361206,0.9967437386512756,0.9999229907989502
2701,90033,RIGHT_HIP,0.3681250512599945,0.5274624824523926,-0.19591863453388214,0.9980156421661377,0.999674916267395
2701,90033,LEFT_KNEE,0.5851560831069946,0.6126785278320312,-0.15492865443229675,0.8722580671310425,0.9999728202819824
2701,90033,RIGHT_KNEE,0.5082302093505859,0.6269952654838562,-0.5204125046730042,0.9765187501907349,0.9999403953552246
2701,90033,LEFT_ANKLE,0.744468092918396,0.7420716881752014,-0.19013306498527527,0.893364667892456,0.9998390674591064
2701,90033,RIGHT_ANKLE,0.4090871512889862,0.7831595540046692,-0.4938330352306366,0.9712018370628357,0.9995346069335938
2701,90033,LEFT_HEEL,0.7592173218727112,0.7790270447731018,-0.20734739303588867,0.8776136040687561,0.9996824264526367
2701,90033,RIGHT_HEEL,0.37514743208885193,0.8094897270202637,-0.5041947364807129,0.8957276344299316,0.9989888072013855
2701,90033,LEFT_FOOT_INDEX,0.848331868648529,0.7290744781494141,-0.4090658128261566,0.9247506260871887,0.9992371797561646
2701,90033,RIGHT_FOOT_INDEX,0.5092546939849854,0.811403751373291,-0.7710729241371155,0.9605932831764221,0.998429000377655
2702,90067,NOSE,0.5879511833190918,0.29610270261764526,-0.4327422082424164,0.9994001984596252,0.9997702240943909
2702,90067,LEFT_EYE_INNER,0.5803946852684021,0.2822050154209137,-0.39839261770248413,0.9989529252052307,0.9996615648269653
2702,90067,LEFT_EYE,0.5778369307518005,0.2814212143421173,-0.3986029028892517,0.9989889860153198,0.9996962547302246
2702,90067,LEFT_EYE_OUTER,0.5750620365142822,0.280548095703125,-0.39874958992004395,0.9989382028579712,0.9997058510780334
2702,90067,RIGHT_EYE_INNER,0.5806391835212708,0.2829981744289398,-0.47452160716056824,0.999090850353241,0.9996187686920166
2702,90067,RIGHT_EYE,0.578770637512207,0.2828567326068878,-0.4746518135070801,0.999023973941803,0.999579131603241
2702,90067,RIGHT_EYE_OUTER,0.5766861438751221,0.28268927335739136,-0.47483155131340027,0.9990620017051697,0.9995334148406982
2702,90067,LEFT_EAR,0.5484758615493774,0.28183838725090027,-0.2189871072769165,0.9982948899269104,0.9997195601463318
2702,90067,RIGHT_EAR,0.551403820514679,0.2849637567996979,-0.5583627820014954,0.9987345337867737,0.9996312856674194
2702,90067,MOUTH_LEFT,0.5741410851478577,0.30783042311668396,-0.35795319080352783,0.9993112087249756,0.9998219609260559
2702,90067,MOUTH_RIGHT,0.5738478302955627,0.3075913190841675,-0.45708736777305603,0.999548614025116,0.9998469352722168
2702,90067,LEFT_SHOULDER,0.5700508952140808,0.35948845744132996,0.027210958302021027,0.9986917972564697,0.9999567270278931
2702,90067,RIGHT_SHOULDER,0.38777583837509155,0.3535880148410797,-0.6399653553962708,0.9998151063919067,0.9998151659965515
2702,90067,LEFT_ELBOW,0.6097623109817505,0.4475593864917755,0.11110757291316986,0.4473595917224884,0.999695897102356
2702,90067,RIGHT_ELBOW,0.3255954086780548,0.4566701650619507,-0.7277808785438538,0.9849414825439453,0.9976047277450562
2702,90067,LEFT_WRIST,0.6555455923080444,0.533600926399231,-0.08871947228908539,0.39351391792297363,0.9972803592681885
2702,90067,RIGHT_WRIST,0.43297165632247925,0.5440700650215149,-0.7367462515830994,0.9601497054100037,0.9982178807258606
2702,90067,LEFT_PINKY,0.6613839268684387,0.5543242692947388,-0.11306644976139069,0.35764244198799133,0.9954155683517456
2702,90067,RIGHT_PINKY,0.4535868763923645,0.5755208134651184,-0.8071866035461426,0.9346517324447632,0.9981630444526672
2702,90067,LEFT_INDEX,0.6581057906150818,0.5539785623550415,-0.1686168611049652,0.35615095496177673,0.9960046410560608
2702,90067,RIGHT_INDEX,0.48707395792007446,0.5692235827445984,-0.8218298554420471,0.9286053776741028,0.998278021812439
2702,90067,LEFT_THUMB,0.6485767364501953,0.5462080836296082,-0.11973347514867783,0.33699262142181396,0.9966517090797424
2702,90067,RIGHT_THUMB,0.477742999792099,0.5581876635551453,-0.7387848496437073,0.8806065320968628,0.9985458850860596
2702,90067,LEFT_HIP,0.4587315320968628,0.5243498682975769,0.20824198424816132,0.9969202280044556,0.9998902082443237
2702,90067,RIGHT_HIP,0.36539512872695923,0.5379229187965393,-0.2083796113729477,0.9981487393379211,0.9995057582855225
2702,90067,LEFT_KNEE,0.6322460174560547,0.6227789521217346,0.07705220580101013,0.8702108860015869,0.9999598264694214
2702,90067,RIGHT_KNEE,0.5217577219009399,0.6281777024269104,-0.4761604368686676,0.9777214527130127,0.999913215637207
2702,90067,LEFT_ANKLE,0.7730714082717896,0.7502479553222656,0.13194075226783752,0.8976543545722961,0.9996333122253418
2702,90067,RIGHT_ANKLE,0.40896767377853394,0.7833585143089294,-0.3813352882862091,0.9726454019546509,0.9988491535186768
2702,90067,LEFT_HEEL,0.7799280285835266,0.7858700752258301,0.12333449721336365,0.879928469657898,0.9993545413017273
2702,90067,RIGHT_HEEL,0.37302151322364807,0.8095059990882874,-0.3851308524608612,0.8984857201576233,0.9972894191741943
2702,90067,LEFT_FOOT_INDEX,0.8782216906547546,0.749783992767334,-0.018564386293292046,0.9256212711334229,0.9979599714279175
2702,90067,RIGHT_FOOT_INDEX,0.5134307742118835,0.8178519606590271,-0.7588501572608948,0.9619324207305908,0.9950256943702698
2703,90100,NOSE,0.598185122013092,0.31202971935272217,-0.5130133628845215,0.9994522333145142,0.9999561309814453
2703,90100,LEFT_EYE_INNER,0.5905531644821167,0.29751163721084595,-0.48165223002433777,0.9990392327308655,0.9999202489852905
2703,90100,LEFT_EYE,0.5878762602806091,0.2966358959674835,-0.48184067010879517,0.9990677237510681,0.9999233484268188
2703,90100,LEFT_EYE_OUTER,0.5848966240882874,0.2956869304180145,-0.4820164442062378,0.9990262389183044,0.9999204874038696
2703,90100,RIGHT_EYE_INNER,0.590555727481842,0.29813098907470703,-0.5545157790184021,0.9991725087165833,0.999919056892395
2703,90100,RIGHT_EYE,0.5883639454841614,0.2976822555065155,-0.5546600222587585,0.9991105794906616,0.9999114274978638
2703,90100,RIGHT_EYE_OUTER,0.5857560634613037,0.2971501648426056,-0.5548046827316284,0.9991472363471985,0.9998997449874878
2703,90100,LEFT_EAR,0.5565825700759888,0.29678797721862793,-0.3064570128917694,0.9984235167503357,0.9999203681945801
2703,90100,RIGHT_EAR,0.5561766028404236,0.29750990867614746,-0.6327945590019226,0.998850405216217,0.9999152421951294
2703,90100,MOUTH_LEFT,0.584420382976532,0.32288774847984314,-0.4396783411502838,0.9993680119514465,0.9999667406082153
2703,90100,MOUTH_RIGHT,0.5842601656913757,0.32270100712776184,-0.5346711277961731,0.9995899796485901,0.9999738931655884
2703,90100,LEFT_SHOULDER,0.5786517858505249,0.37185606360435486,-0.06806252151727676,0.9988123178482056,0.9999862909317017
2703,90100,RIGHT_SHOULDER,0.39275169372558594,0.3659619390964508,-0.6855837106704712,0.9998331069946289,0.9999396800994873
2703,90100,LEFT_ELBOW,0.6360318660736084,0.45378199219703674,0.0629962906241417,0.45448338985443115,0.9998764991760254
2703,90100,RIGHT_ELBOW,0.32791924476623535,0.47196611762046814,-0.7483718991279602,0.9847080111503601,0.9989069700241089
2703,90100,LEFT_WRIST,0.6925128102302551,0.5418884754180908,-0.13850021362304688,0.3815528452396393,0.9987505674362183
2703,90100,RIGHT_WRIST,0.4167217016220093,0.5649675726890564,-0.7468590140342712,0.9571152925491333,0.9991555213928223
2703,90100,LEFT_PINKY,0.7096542119979858,0.5616070628166199,-0.16445542871952057,0.34443771839141846,0.997542142868042
2703,90100,RIGHT_PINKY,0.42731866240501404,0.595702052116394,-0.8114686608314514,0.9309241771697998,0.9989822506904602
2703,90100,LEFT_INDEX,0.7055655121803284,0.5630791187286377,-0.22189249098300934,0.34450480341911316,0.9980066418647766
2703,90100,RIGHT_INDEX,0.4541071951389313,0.5914259552955627,-0.8319584727287292,0.9249876141548157,0.9990602135658264
2703,90100,LEFT_THUMB,0.6955432295799255,0.5530896186828613,-0.16986821591854095,0.3277105987071991,0.9984708428382874
2703,90100,RIGHT_THUMB,0.4539766311645508,0.5815423130989075,-0.7507457733154297,0.8768302798271179,0.9992765784263611
2703,90100,LEFT_HIP,0.4603918492794037,0.5307793617248535,0.20403605699539185,0.9971340298652649,0.999966025352478
2703,90100,RIGHT_HIP,0.36581137776374817,0.5408986806869507,-0.20404233038425446,0.9982885122299194,0.9998278617858887
2703,90100,LEFT_KNEE,0.6273989081382751,0.6283815503120422,0.02584160305559635,0.8623363375663757,0.9999885559082031
2703,90100,RIGHT_KNEE,0.5188513994216919,0.6327223777770996,-0.4485526382923126,0.9779205918312073,0.9999570846557617
2703,90100,LEFT_ANKLE,0.7992929816246033,0.7647960782051086,0.04581976309418678,0.897330641746521,0.9998507499694824
2703,90100,RIGHT_ANKLE,0.4094526767730713,0.7843361496925354,-0.33150145411491394,0.9722505211830139,0.9994321465492249
2703,90100,LEFT_HEEL,0.8031632900238037,0.7982409596443176,0.03366647660732269,0.8770003914833069,0.9997413754463196
2703,90100,RIGHT_HEEL,0.3717341125011444,0.8098310828208923,-0.3301151692867279,0.8955830335617065,0.9987688660621643
2703,90100,LEFT_FOOT_INDEX,0.9191045761108398,0.7585456967353821,-0.08702076971530914,0.9228218197822571,0.9991251826286316
2703,90100,RIGHT_FOOT_INDEX,0.5130527019500732,0.8203203678131104,-0.5309052467346191,0.960216760635376,0.9980359673500061
2704,90133,NOSE,0.6086364984512329,0.32405295968055725,-0.5561051964759827,0.9994338750839233,0.9996947050094604
2704,90133,LEFT_EYE_INNER,0.6030880212783813,0.3106456696987152,-0.5241479873657227,0.9990442395210266,0.999588668346405
2704,90133,LEFT_EYE,0.6006550192832947,0.30994030833244324,-0.5243813991546631,0.9990395903587341,0.9996009469032288
2704,90133,LEFT_EYE_OUTER,0.5977529883384705,0.3091717064380646,-0.5245743989944458,0.9990249276161194,0.9995766282081604
2704,90133,RIGHT_EYE_INNER,0.6018085479736328,0.3108265697956085,-0.6027082204818726,0.9992182850837708,0.9996392726898193
2704,90133,RIGHT_EYE,0.5990501642227173,0.31027135252952576,-0.6029140949249268,0.9991577863693237,0.9996379613876343
2704,90133,RIGHT_EYE_OUTER,0.5959007740020752,0.30970287322998047,-0.6030899882316589,0.999205470085144,0.9996230602264404
2704,90133,LEFT_EAR,0.5675963163375854,0.31047263741493225,-0.33387643098831177,0.9983876347541809,0.9995452761650085
2704,90133,RIGHT_EAR,0.5662592053413391,0.31023529171943665,-0.6855536103248596,0.9989387392997742,0.9997130036354065
2704,90133,MOUTH_LEFT,0.5944235920906067,0.3340179920196533,-0.4754480719566345,0.9993792176246643,0.9997490048408508
2704,90133,MOUTH_RIGHT,0.5929098725318909,0.33357512950897217,-0.5775564908981323,0.9996207356452942,0.9998470544815063
2704,90133,LEFT_SHOULDER,0.5859638452529907,0.37893685698509216,-0.07738035917282104,0.9988588690757751,0.9998999834060669
2704,90133,RIGHT_SHOULDER,0.39940309524536133,0.373114675283432,-0.7250198125839233,0.9998478889465332,0.9998052716255188
2704,90133,LEFT_ELBOW,0.6537644863128662,0.45465347170829773,0.018206436187028885,0.44909214973449707,0.9992287158966064
2704,90133,RIGHT_ELBOW,0.33149001002311707,0.4747171700000763,-0.8121345639228821,0.9853020310401917,0.996893048286438
2704,90133,LEFT_WRIST,0.7316849231719971,0.531607449054718,-0.21075944602489471,0.3639572560787201,0.9896402955055237
2704,90133,RIGHT_WRIST,0.39547866582870483,0.5747896432876587,-0.8336207866668701,0.9564285278320312,0.9982241988182068
2704,90133,LEFT_PINKY,0.7557722926139832,0.5497406721115112,-0.26071876287460327,0.32806846499443054,0.9867545962333679
2704,90133,RIGHT_PINKY,0.39372238516807556,0.6019788384437561,-0.9019612669944763,0.9299278259277344,0.9982911944389343
2704,90133,LEFT_INDEX,0.7519713640213013,0.5518723130226135,-0.2850642204284668,0.3293863534927368,0.9897127151489258
2704,90133,RIGHT_INDEX,0.4243553876876831,0.5999935269355774,-0.9233853816986084,0.9242085814476013,0.9984809756278992
2704,90133,LEFT_THUMB,0.7433229088783264,0.5497972369194031,-0.2184535712003708,0.31475895643234253,0.9909124374389648
2704,90133,RIGHT_THUMB,0.42704305052757263,0.5918685793876648,-0.8373361229896545,0.8766664266586304,0.9987612962722778
2704,90133,LEFT_HIP,0.457208514213562,0.538036048412323,0.203886479139328,0.9972237348556519,0.9996978044509888
2704,90133,RIGHT_HIP,0.3617429733276367,0.5454304814338684,-0.20374956727027893,0.9983183741569519,0.9988364577293396
2704,90133,LEFT_KNEE,0.6152653694152832,0.6368496417999268,0.007999526336789131,0.8586371541023254,0.9999245405197144
2704,90133,RIGHT_KNEE,0.5319674611091614,0.6326324343681335,-0.45925065875053406,0.9795544147491455,0.9998725652694702
2704,90133,LEFT_ANKLE,0.763504683971405,0.7810616493225098,0.02973036654293537,0.8988128900527954,0.9997056126594543
2704,90133,RIGHT_ANKLE,0.5153594017028809,0.7809364795684814,-0.407959520816803,0.9742233753204346,0.9990622401237488
2704,90133,LEFT_HEEL,0.7280507683753967,0.8123559951782227,0.019149702042341232,0.875086784362793,0.999447762966156
2704,90133,RIGHT_HEEL,0.4974449574947357,0.810187041759491,-0.41551482677459717,0.9024927616119385,0.9980541467666626
2704,90133,LEFT_FOOT_INDEX,0.8497385382652283,0.7934884428977966,-0.14668749272823334,0.921058714389801,0.9984678626060486
2704,90133,RIGHT_FOOT_INDEX,0.615933358669281,0.792509138584137,-0.6558138728141785,0.9624883532524109,0.9962879419326782
2705,90167,NOSE,0.6231051683425903,0.33401867747306824,-0.5199472308158875,0.9994860291481018,0.9999480247497559
2705,90167,LEFT_EYE_INNER,0.6191359758377075,0.3203333914279938,-0.4841762185096741,0.9991346597671509,0.9999302625656128
2705,90167,LEFT_EYE,0.6169115900993347,0.31938037276268005,-0.4843417704105377,0.9991278648376465,0.9999276399612427
2705,90167,LEFT_EYE_OUTER,0.6142653226852417,0.31829795241355896,-0.48449134826660156,0.9991162419319153,0.9999172687530518
2705,90167,RIGHT_EYE_INNER,0.6175438165664673,0.32084622979164124,-0.5678645372390747,0.9992947578430176,0.9999477863311768
2705,90167,RIGHT_EYE,0.61484694480896,0.3202334940433502,-0.5680586695671082,0.999239981174469,0.9999516010284424
2705,90167,RIGHT_EYE_OUTER,0.6118781566619873,0.31961628794670105,-0.5681725740432739,0.9992838501930237,0.9999525547027588
2705,90167,LEFT_EAR,0.584007740020752,0.31861087679862976,-0.28023582696914673,0.9985349774360657,0.9999169111251831
2705,90167,RIGHT_EAR,0.5833479762077332,0.319315105676651,-0.6586206555366516,0.9990440607070923,0.9999722242355347
2705,90167,MOUTH_LEFT,0.6076849699020386,0.3441949784755707,-0.43442991375923157,0.9994379878044128,0.9999370574951172
2705,90167,MOUTH_RIGHT,0.6063759922981262,0.34395483136177063,-0.5437901020050049,0.9996582865715027,0.9999731779098511
2705,90167,LEFT_SHOULDER,0.5869436264038086,0.382589727640152,-0.02655809000134468,0.9989179372787476,0.9999126195907593
2705,90167,RIGHT_SHOULDER,0.41294845938682556,0.3808757960796356,-0.6983311176300049,0.9998623132705688,0.9999638795852661
2705,90167,LEFT_ELBOW,0.6727691888809204,0.44865408539772034,0.02419351041316986,0.4562808573246002,0.9992061257362366
2705,90167,RIGHT_ELBOW,0.33358970284461975,0.4788391888141632,-0.7870070934295654,0.986257016658783,0.9983421564102173
2705,90167,LEFT_WRIST,0.7568689584732056,0.521571695804596,-0.2395687848329544,0.36415255069732666,0.9956703186035156
2705,90167,RIGHT_WRIST,0.37010759115219116,0.5816078782081604,-0.8007104992866516,0.9565480351448059,0.9988577365875244
2705,90167,LEFT_PINKY,0.7874377369880676,0.5163098573684692,-0.2837410867214203,0.32580146193504333,0.9943568110466003
2705,90167,RIGHT_PINKY,0.36253878474235535,0.610573947429657,-0.8642832636833191,0.9296941161155701,0.9987309575080872
2705,90167,LEFT_INDEX,0.7827150225639343,0.5223024487495422,-0.3199132978916168,0.32776907086372375,0.9952414035797119
2705,90167,RIGHT_INDEX,0.3902113735675812,0.6112364530563354,-0.8864462375640869,0.9242904782295227,0.9988335967063904
2705,90167,LEFT_THUMB,0.7652794122695923,0.5414822697639465,-0.25588852167129517,0.3155318796634674,0.9961573481559753
2705,90167,RIGHT_THUMB,0.3957652151584625,0.6032989621162415,-0.8036375641822815,0.8782620429992676,0.9990956783294678
2705,90167,LEFT_HIP,0.4538862407207489,0.5381335616111755,0.22140845656394958,0.9973964691162109,0.9998146891593933
2705,90167,RIGHT_HIP,0.3633001744747162,0.5465027093887329,-0.22103342413902283,0.9984506964683533,0.9997679591178894
2705,90167,LEFT_KNEE,0.5858896374702454,0.6311970353126526,0.1934049278497696,0.8613062500953674,0.9999209642410278
2705,90167,RIGHT_KNEE,0.5595216751098633,0.6321509480476379,-0.5004498958587646,0.9814130067825317,0.9999655485153198
2705,90167,LEFT_ANKLE,0.4457138776779175,0.7829267382621765,0.3375661075115204,0.9017506837844849,0.9997959733009338
2705,90167,RIGHT_ANKLE,0.7644040584564209,0.7700967192649841,-0.5473371148109436,0.9765735864639282,0.9995369911193848
2705,90167,LEFT_HEEL,0.40777549147605896,0.8052586913108826,0.3423296809196472,0.8774710297584534,0.999595582485199
2705,90167,RIGHT_HEEL,0.7655781507492065,0.8088344931602478,-0.5641509294509888,0.9114682078361511,0.9988862872123718
2705,90167,LEFT_FOOT_INDEX,0.5757776498794556,0.8050338625907898,0.19604769349098206,0.9205519556999207,0.9987416863441467
2705,90167,RIGHT_FOOT_INDEX,0.8862069845199585,0.7749224305152893,-0.8055410981178284,0.9657425880432129,0.9960024952888489
2706,90200,NOSE,0.6302474141120911,0.3480161726474762,-0.6325488090515137,0.999528706073761,0.999924898147583
2706,90200,LEFT_EYE_INNER,0.6281882524490356,0.33495113253593445,-0.601519763469696,0.9992033243179321,0.9999008178710938
2706,90200,LEFT_EYE,0.6264553070068359,0.3342004120349884,-0.6016939282417297,0.9991923570632935,0.9999063014984131
2706,90200,LEFT_EYE_OUTER,0.624399721622467,0.33337995409965515,-0.601935863494873,0.9991855621337891,0.9998996257781982
2706,90200,RIGHT_EYE_INNER,0.6263316869735718,0.335224986076355,-0.6754103302955627,0.9993572235107422,0.9998952150344849
2706,90200,RIGHT_EYE,0.623710036277771,0.33473339676856995,-0.6755988001823425,0.9993064403533936,0.9998828172683716
2706,90200,RIGHT_EYE_OUTER,0.6207451224327087,0.3341624438762665,-0.6756846308708191,0.999347984790802,0.999859094619751
2706,90200,LEFT_EAR,0.5957068204879761,0.3327234089374542,-0.4198014438152313,0.9986487627029419,0.9999059438705444
2706,90200,RIGHT_EAR,0.5932737588882446,0.33313801884651184,-0.7520830631256104,0.9991315603256226,0.9998655319213867
2706,90200,MOUTH_LEFT,0.6159288287162781,0.3571220338344574,-0.5559149980545044,0.9994818568229675,0.9999339580535889
2706,90200,MOUTH_RIGHT,0.6141223311424255,0.3570305407047272,-0.6523246169090271,0.9996891021728516,0.9999434947967529
2706,90200,LEFT_SHOULDER,0.5842549800872803,0.3920474946498871,-0.1937430500984192,0.9990074634552002,0.9999707937240601
2706,90200,RIGHT_SHOULDER,0.42465054988861084,0.3917106091976166,-0.7615604996681213,0.9998739957809448,0.9997156262397766
2706,90200,LEFT_ELBOW,0.6913515329360962,0.45268237590789795,-0.06407806277275085,0.4857856035232544,0.9997335076332092
2706,90200,RIGHT_ELBOW,0.33467212319374084,0.4846703112125397,-0.8281853795051575,0.9861195087432861,0.9947746992111206
2706,90200,LEFT_WRIST,0.7852893471717834,0.5238972306251526,-0.20443034172058105,0.3819393515586853,0.995075523853302
2706,90200,RIGHT_WRIST,0.34935322403907776,0.5904142260551453,-0.8128575086593628,0.952750563621521,0.9924807548522949
2706,90200,LEFT_PINKY,0.8194120526313782,0.5354776978492737,-0.22362692654132843,0.3326626121997833,0.9889994263648987
2706,90200,RIGHT_PINKY,0.336742103099823,0.6204933524131775,-0.8652021288871765,0.9225913882255554,0.9912418127059937
2706,90200,LEFT_INDEX,0.8163557648658752,0.5340868234634399,-0.27932173013687134,0.3375369906425476,0.9914852976799011
2706,90200,RIGHT_INDEX,0.3592345118522644,0.6202449202537537,-0.8960760831832886,0.9176657795906067,0.9918319582939148
2706,90200,LEFT_THUMB,0.7968943119049072,0.5363662838935852,-0.233297660946846,0.32919880747795105,0.9934957027435303
2706,90200,RIGHT_THUMB,0.36619994044303894,0.6111916899681091,-0.8209090828895569,0.872338056564331,0.9934834837913513
2706,90200,LEFT_HIP,0.45583006739616394,0.5336142182350159,0.19841745495796204,0.9974524974822998,0.9998157620429993
2706,90200,RIGHT_HIP,0.36577871441841125,0.5503318905830383,-0.198312908411026,0.9984828233718872,0.9988381266593933
2706,90200,LEFT_KNEE,0.5882700085639954,0.624182939529419,0.11144903302192688,0.8533409833908081,0.999962568283081
2706,90200,RIGHT_KNEE,0.5467725396156311,0.6316578984260559,-0.40934959053993225,0.9815967082977295,0.9998123049736023
2706,90200,LEFT_ANKLE,0.7107844352722168,0.7604024410247803,0.08885510265827179,0.8944990038871765,0.9995762705802917
2706,90200,RIGHT_ANKLE,0.47503945231437683,0.7779549956321716,-0.2950107157230377,0.9759029746055603,0.9981542229652405
2706,90200,LEFT_HEEL,0.7017201781272888,0.7865748405456543,0.07962825149297714,0.8663726449012756,0.9993045330047607
2706,90200,RIGHT_HEEL,0.42955440282821655,0.8092581629753113,-0.2936162054538727,0.909088671207428,0.9963274598121643
2706,90200,LEFT_FOOT_INDEX,0.8580164313316345,0.775397002696991,-0.012129561975598335,0.9121449589729309,0.9976402521133423
2706,90200,RIGHT_FOOT_INDEX,0.5858940482139587,0.8116102814674377,-0.47754862904548645,0.963383138179779,0.9943329095840454
2707,90233,NOSE,0.6292600631713867,0.3548552691936493,-0.44425174593925476,0.9995601177215576,0.9998563528060913
2707,90233,LEFT_EYE_INNER,0.6271905303001404,0.3417888879776001,-0.41255077719688416,0.9992613196372986,0.9998340606689453
2707,90233,LEFT_EYE,0.6246384382247925,0.3412874937057495,-0.4126604199409485,0.9992521405220032,0.999843955039978
2707,90233,LEFT_EYE_OUTER,0.62223881483078,0.3408510386943817,-0.4126967489719391,0.9992479681968689,0.9998456239700317
2707,90233,RIGHT_EYE_INNER,0.6273452043533325,0.3416120707988739,-0.48656705021858215,0.9994053244590759,0.9998155236244202
2707,90233,RIGHT_EYE,0.6257715225219727,0.3412884473800659,-0.4867780804634094,0.9993582963943481,0.9997953772544861
2707,90233,RIGHT_EYE_OUTER,0.6240624189376831,0.34093281626701355,-0.4869548976421356,0.9993991255760193,0.9997678399085999
2707,90233,LEFT_EAR,0.5977334976196289,0.3410879373550415,-0.2623465359210968,0.9987471103668213,0.9998651742935181
2707,90233,RIGHT_EAR,0.5994619727134705,0.34082677960395813,-0.6018906831741333,0.9992049932479858,0.9997742772102356
2707,90233,MOUTH_LEFT,0.614462673664093,0.36428478360176086,-0.37866804003715515,0.9995130300521851,0.9998748302459717
2707,90233,MOUTH_RIGHT,0.6146296262741089,0.36326488852500916,-0.476188987493515,0.9997126460075378,0.9998730421066284
2707,90233,LEFT_SHOULDER,0.572445809841156,0.40322843194007874,-0.07362407445907593,0.9990870952606201,0.9999549388885498
2707,90233,RIGHT_SHOULDER,0.4386676847934723,0.39723217487335205,-0.6935451626777649,0.999885618686676,0.9998699426651001
2707,90233,LEFT_ELBOW,0.5402647256851196,0.4915746748447418,0.052638210356235504,0.45708006620407104,0.9997929930686951
2707,90233,RIGHT_ELBOW,0.3458156883716583,0.48932287096977234,-0.8039536476135254,0.9867234826087952,0.998872697353363
2707,90233,LEFT_WRIST,0.47276195883750916,0.5697667002677917,-0.07510863244533539,0.35450682044029236,0.9994874000549316
2707,90233,RIGHT_WRIST,0.3370192348957062,0.5855515003204346,-0.6889021992683411,0.952045738697052,0.9983730316162109
2707,90233,LEFT_PINKY,0.45626965165138245,0.5960103869438171,-0.08922204375267029,0.30921104550361633,0.9989814162254333
2707,90233,RIGHT_PINKY,0.32511016726493835,0.6149428486824036,-0.7531093955039978,0.9212146997451782,0.9979107975959778
2707,90233,LEFT_INDEX,0.45010778307914734,0.5912440419197083,-0.13436336815357208,0.313453733921051,0.999154806137085
2707,90233,RIGHT_INDEX,0.35837844014167786,0.6146317720413208,-0.7567870616912842,0.9164789915084839,0.9980946183204651
2707,90233,LEFT_THUMB,0.45273298025131226,0.5837934613227844,-0.09825766086578369,0.3057630658149719,0.9993430972099304
2707,90233,RIGHT_THUMB,0.35673415660858154,0.6046097874641418,-0.6870605945587158,0.8710978031158447,0.9984101057052612
2707,90233,LEFT_HIP,0.44679054617881775,0.5507907867431641,0.2042302042245865,0.9976415038108826,0.9999215602874756
2707,90233,RIGHT_HIP,0.367046982049942,0.5618354678153992,-0.2041487842798233,0.9986100196838379,0.9997585415840149
2707,90233,LEFT_KNEE,0.5958759188652039,0.6304850578308105,0.07910190522670746,0.8555868268013,0.9999794960021973
2707,90233,RIGHT_KNEE,0.5428367853164673,0.6318278908729553,-0.48457062244415283,0.9827741384506226,0.9999536275863647
2707,90233,LEFT_ANKLE,0.726503849029541,0.7532722353935242,0.09287714958190918,0.897167980670929,0.9998109936714172
2707,90233,RIGHT_ANKLE,0.4349919557571411,0.7799692153930664,-0.3476440906524658,0.9771209955215454,0.9993783235549927
2707,90233,LEFT_HEEL,0.7173101305961609,0.7802035808563232,0.08590182662010193,0.868186891078949,0.9996808767318726
2707,90233,RIGHT_HEEL,0.38745591044425964,0.8087992072105408,-0.33977752923965454,0.9120099544525146,0.9986693859100342
2707,90233,LEFT_FOOT_INDEX,0.8561001420021057,0.7650637030601501,-0.025722285732626915,0.9149117469787598,0.9987421631813049
2707,90233,RIGHT_FOOT_INDEX,0.5439779758453369,0.8172822594642639,-0.5397480130195618,0.9654721021652222,0.9975981116294861
2708,90267,NOSE,0.6419290900230408,0.3629143536090851,-0.48977944254875183,0.9996011257171631,0.9999361038208008
2708,90267,LEFT_EYE_INNER,0.6403787732124329,0.34914371371269226,-0.45272231101989746,0.9993264079093933,0.9999146461486816
2708,90267,LEFT_EYE,0.6384792327880859,0.3485092222690582,-0.45286089181900024,0.9993171691894531,0.9999271631240845
2708,90267,LEFT_EYE_OUTER,0.6365939974784851,0.34789323806762695,-0.4529683589935303,0.9993130564689636,0.9999270439147949
2708,90267,RIGHT_EYE_INNER,0.6396824717521667,0.3489891588687897,-0.5244073867797852,0.9994606971740723,0.9998953342437744
2708,90267,RIGHT_EYE,0.6377353668212891,0.3483729660511017,-0.5245354771614075,0.9994177222251892,0.9998807907104492
2708,90267,RIGHT_EYE_OUTER,0.6355698108673096,0.3477136194705963,-0.524603545665741,0.99945467710495,0.9998493194580078
2708,90267,LEFT_EAR,0.611517608165741,0.3475436270236969,-0.2739779055118561,0.9988574981689453,0.9999430179595947
2708,90267,RIGHT_EAR,0.6073167324066162,0.3470834493637085,-0.6032775640487671,0.9992803335189819,0.9998711347579956
2708,90267,MOUTH_LEFT,0.625700831413269,0.37230730056762695,-0.4186665415763855,0.9995551705360413,0.9999594688415527
2708,90267,MOUTH_RIGHT,0.6248374581336975,0.3716358244419098,-0.5133239030838013,0.9997397065162659,0.9999622106552124
2708,90267,LEFT_SHOULDER,0.5899190902709961,0.4106553792953491,-0.09594274312257767,0.9991710186004639,0.9999904632568359
2708,90267,RIGHT_SHOULDER,0.44201356172561646,0.3996030390262604,-0.6535984873771667,0.9998950362205505,0.9997853636741638
2708,90267,LEFT_ELBOW,0.7254809141159058,0.4754958152770996,-0.037258632481098175,0.5039145350456238,0.9998921155929565
2708,90267,RIGHT_ELBOW,0.3311412036418915,0.4770243167877197,-0.7565171122550964,0.9861375689506531,0.9944697618484497
2708,90267,LEFT_WRIST,0.8566458225250244,0.5467797517776489,-0.10134536772966385,0.40200793743133545,0.9972796440124512
2708,90267,RIGHT_WRIST,0.3190315067768097,0.5650951862335205,-0.7457040548324585,0.9486877918243408,0.9936888217926025
2708,90267,LEFT_PINKY,0.8937026858329773,0.5702182650566101,-0.162186861038208,0.3480082154273987,0.9921667575836182
2708,90267,RIGHT_PINKY,0.3066384494304657,0.5946494936943054,-0.7880141735076904,0.9162006378173828,0.9931485056877136
2708,90267,LEFT_INDEX,0.8849237561225891,0.547785758972168,-0.1680145263671875,0.3547024428844452,0.9938567280769348
2708,90267,RIGHT_INDEX,0.33362191915512085,0.5944136381149292,-0.822295069694519,0.9122085571289062,0.9934224486351013
2708,90267,LEFT_THUMB,0.8636424541473389,0.5404590368270874,-0.16517537832260132,0.3511040210723877,0.9953652620315552
2708,90267,RIGHT_THUMB,0.3395501673221588,0.5877605080604553,-0.7574445605278015,0.8674345016479492,0.9945006370544434
2708,90267,LEFT_HIP,0.4374645948410034,0.5558665990829468,0.20182877779006958,0.9977558851242065,0.9998953342437744
2708,90267,RIGHT_HIP,0.36408570408821106,0.564871072769165,-0.20185089111328125,0.9986782073974609,0.9990474581718445
2708,90267,LEFT_KNEE,0.6019147634506226,0.6290798187255859,0.12344501167535782,0.8488566279411316,0.9999887943267822
2708,90267,RIGHT_KNEE,0.5487484931945801,0.6372678875923157,-0.38843658566474915,0.9837884306907654,0.9999159574508667
2708,90267,LEFT_ANKLE,0.7083448171615601,0.7485479712486267,0.18935003876686096,0.8955673575401306,0.9998574256896973
2708,90267,RIGHT_ANKLE,0.427668958902359,0.781329333782196,-0.18950465321540833,0.9779519438743591,0.999267041683197
2708,90267,LEFT_HEEL,0.6993272304534912,0.7756630778312683,0.18839509785175323,0.8678421974182129,0.9997755885124207
2708,90267,RIGHT_HEEL,0.3789692223072052,0.8081054091453552,-0.17709319293498993,0.9140653610229492,0.9985113739967346
2708,90267,LEFT_FOOT_INDEX,0.8284417390823364,0.7626760601997375,0.1143142357468605,0.9125589728355408,0.998832643032074
2708,90267,RIGHT_FOOT_INDEX,0.5254771709442139,0.8198912143707275,-0.3156690299510956,0.9658148884773254,0.996740996837616
2709,90300,NOSE,0.6486717462539673,0.3718593418598175,-0.5629858374595642,0.999619722366333,0.9994315505027771
2709,90300,LEFT_EYE_INNER,0.646974503993988,0.3569716215133667,-0.5268937349319458,0.9993326663970947,0.9993945360183716
2709,90300,LEFT_EYE,0.6456084251403809,0.3562571704387665,-0.5270561575889587,0.9993245601654053,0.9994872808456421
2709,90300,LEFT_EYE_OUTER,0.6441440582275391,0.35558176040649414,-0.5272430777549744,0.9993088245391846,0.9994912147521973
2709,90300,RIGHT_EYE_INNER,0.6448194980621338,0.35638198256492615,-0.5931867957115173,0.9994863867759705,0.9993000030517578
2709,90300,RIGHT_EYE,0.6421673893928528,0.3552730977535248,-0.5933967232704163,0.99944669008255,0.9992676377296448
2709,90300,RIGHT_EYE_OUTER,0.6393744349479675,0.35424113273620605,-0.5935364961624146,0.9994811415672302,0.9991531372070312
2709,90300,LEFT_EAR,0.6172410249710083,0.35365521907806396,-0.3322010636329651,0.9988835453987122,0.9996510744094849
2709,90300,RIGHT_EAR,0.6115673184394836,0.3535005748271942,-0.6361306309700012,0.9993317127227783,0.9994254112243652
2709,90300,MOUTH_LEFT,0.6346529722213745,0.3805364668369293,-0.485232412815094,0.9995608925819397,0.9997228980064392
2709,90300,MOUTH_RIGHT,0.6313086152076721,0.38007310032844543,-0.5730427503585815,0.9997577667236328,0.9997624754905701
2709,90300,LEFT_SHOULDER,0.6082656383514404,0.4212658703327179,-0.16630475223064423,0.9992149472236633,0.9999303817749023
2709,90300,RIGHT_SHOULDER,0.4456045925617218,0.4023875296115875,-0.6588858962059021,0.9998995661735535,0.9995906949043274
2709,90300,LEFT_ELBOW,0.76785808801651,0.4660917818546295,-0.16233421862125397,0.5414644479751587,0.9992470741271973
2709,90300,RIGHT_ELBOW,0.32186442613601685,0.4622795581817627,-0.7774507403373718,0.9837002754211426,0.9823852181434631
2709,90300,LEFT_WRIST,0.9093700051307678,0.5366533994674683,-0.3550633490085602,0.42652884125709534,0.985638439655304
2709,90300,RIGHT_WRIST,0.31881266832351685,0.5557944178581238,-0.7940800786018372,0.9256249666213989,0.972985029220581
2709,90300,LEFT_PINKY,0.9400292634963989,0.5536107420921326,-0.39193275570869446,0.36295124888420105,0.974230170249939
2709,90300,RIGHT_PINKY,0.3340415060520172,0.5803808569908142,-0.8366782665252686,0.8874180316925049,0.9787884950637817
2709,90300,LEFT_INDEX,0.9231621623039246,0.5299754738807678,-0.439668744802475,0.37179863452911377,0.9774379730224609
2709,90300,RIGHT_INDEX,0.33758652210235596,0.5764924883842468,-0.8622198700904846,0.8834648728370667,0.9783575534820557
2709,90300,LEFT_THUMB,0.9282510876655579,0.5252879858016968,-0.3916797935962677,0.37212660908699036,0.980063796043396
2709,90300,RIGHT_THUMB,0.3439887464046478,0.5689448118209839,-0.8031368255615234,0.8368396759033203,0.9786598086357117
2709,90300,LEFT_HIP,0.4415045380592346,0.5620248913764954,0.19658750295639038,0.9977467656135559,0.999596893787384
2709,90300,RIGHT_HIP,0.3641180694103241,0.5691851377487183,-0.19666774570941925,0.9987630844116211,0.9987886548042297
2709,90300,LEFT_KNEE,0.6056126356124878,0.6321529150009155,0.17492036521434784,0.8485648036003113,0.9999691247940063
2709,90300,RIGHT_KNEE,0.5505028367042542,0.6473756432533264,-0.475477397441864,0.9849667549133301,0.999933123588562
2709,90300,LEFT_ANKLE,0.6723490357398987,0.7460839748382568,0.5175747871398926,0.8950213193893433,0.9998313188552856
2709,90300,RIGHT_ANKLE,0.42787235975265503,0.7833619117736816,-0.24275580048561096,0.9795979857444763,0.9991687536239624
2709,90300,LEFT_HEEL,0.6543026566505432,0.7734794020652771,0.5439373254776001,0.8635735511779785,0.9997690320014954
2709,90300,RIGHT_HEEL,0.38126587867736816,0.8077345490455627,-0.23100093007087708,0.9180393815040588,0.9981448650360107
2709,90300,LEFT_FOOT_INDEX,0.7790732979774475,0.7611145973205566,0.45133182406425476,0.9111316204071045,0.9990819692611694
2709,90300,RIGHT_FOOT_INDEX,0.5155222415924072,0.821711540222168,-0.43504008650779724,0.9679334759712219,0.9952501058578491
2710,90333,NOSE,0.6617001295089722,0.3726487457752228,-0.36208340525627136,0.9996342658996582,0.9991388320922852
2710,90333,LEFT_EYE_INNER,0.6583937406539917,0.35774847865104675,-0.3246099054813385,0.9993463754653931,0.9990864992141724
2710,90333,LEFT_EYE,0.656901478767395,0.35697421431541443,-0.32478067278862,0.9993399977684021,0.9992307424545288
2710,90333,LEFT_EYE_OUTER,0.6550003290176392,0.35619524121284485,-0.3249660134315491,0.9993184804916382,0.9992388486862183
2710,90333,RIGHT_EYE_INNER,0.6545149683952332,0.3576315939426422,-0.39584267139434814,0.9995079636573792,0.9988629817962646
2710,90333,RIGHT_EYE,0.6508325338363647,0.35675787925720215,-0.3960574269294739,0.9994720220565796,0.9987661838531494
2710,90333,RIGHT_EYE_OUTER,0.6466583609580994,0.35582616925239563,-0.39622050523757935,0.9995035529136658,0.9985193610191345
2710,90333,LEFT_EAR,0.6216371059417725,0.3550902307033539,-0.13807731866836548,0.9989055395126343,0.9995336532592773
2710,90333,RIGHT_EAR,0.6121235489845276,0.35449209809303284,-0.46351614594459534,0.9993748664855957,0.9988585710525513
2710,90333,MOUTH_LEFT,0.647955060005188,0.38230976462364197,-0.28778553009033203,0.999544084072113,0.9996026158332825
2710,90333,MOUTH_RIGHT,0.644153356552124,0.38198745250701904,-0.3822888731956482,0.9997650980949402,0.9995822310447693
2710,90333,LEFT_SHOULDER,0.611301064491272,0.42367616295814514,0.014170135371387005,0.9992275834083557,0.9999028444290161
2710,90333,RIGHT_SHOULDER,0.44904449582099915,0.40394842624664307,-0.5119900107383728,0.9998878240585327,0.9992700219154358
2710,90333,LEFT_ELBOW,0.7507317066192627,0.4612148702144623,0.09110810607671738,0.5413737893104553,0.9992628693580627
2710,90333,RIGHT_ELBOW,0.32287541031837463,0.4468889534473419,-0.5342249274253845,0.9737956523895264,0.9773664474487305
2710,90333,LEFT_WRIST,0.8928263783454895,0.5159730911254883,-0.03419981151819229,0.4281773567199707,0.9915667176246643
2710,90333,RIGHT_WRIST,0.329710453748703,0.5316795706748962,-0.3757621943950653,0.8773724436759949,0.9375427961349487
2710,90333,LEFT_PINKY,0.914752721786499,0.5183365941047668,-0.0416039377450943,0.3617035150527954,0.9845374822616577
2710,90333,RIGHT_PINKY,0.3271816372871399,0.5526196360588074,-0.3799927234649658,0.8361793756484985,0.9515666365623474
2710,90333,LEFT_INDEX,0.9203786253929138,0.5011526942253113,-0.08974500745534897,0.37244170904159546,0.9854341745376587
2710,90333,RIGHT_INDEX,0.3429630994796753,0.5502646565437317,-0.40218424797058105,0.8330938816070557,0.9428157806396484
2710,90333,LEFT_THUMB,0.8599666953086853,0.5182434320449829,-0.06432201713323593,0.37671664357185364,0.9871741533279419
2710,90333,RIGHT_THUMB,0.3467153012752533,0.547329306602478,-0.37882667779922485,0.7886803150177002,0.9436426758766174
2710,90333,LEFT_HIP,0.44379958510398865,0.5735360980033875,0.1950419843196869,0.9977123141288757,0.9996962547302246
2710,90333,RIGHT_HIP,0.3645506501197815,0.5797168612480164,-0.19505809247493744,0.9988270998001099,0.9992208480834961
2710,90333,LEFT_KNEE,0.6058682203292847,0.6358198523521423,0.2891308665275574,0.8403269648551941,0.9999527931213379
2710,90333,RIGHT_KNEE,0.5478225946426392,0.651344358921051,-0.4703381657600403,0.9858137369155884,0.9999197721481323
2710,90333,LEFT_ANKLE,0.622026801109314,0.7458376884460449,0.6079394221305847,0.8851532936096191,0.9997072815895081
2710,90333,RIGHT_ANKLE,0.4311251938343048,0.7872028946876526,-0.2711295783519745,0.980543315410614,0.999049961566925
2710,90333,LEFT_HEEL,0.6021000742912292,0.7730991840362549,0.6337299942970276,0.8510551452636719,0.9996329545974731
2710,90333,RIGHT_HEEL,0.38487157225608826,0.807720959186554,-0.263300359249115,0.9201589822769165,0.9979567527770996
2710,90333,LEFT_FOOT_INDEX,0.7173298597335815,0.7590784430503845,0.5822755694389343,0.9034562706947327,0.9987180233001709
2710,90333,RIGHT_FOOT_INDEX,0.5203965902328491,0.8214201331138611,-0.4401901960372925,0.969109833240509,0.9945151805877686
2711,90367,NOSE,0.6626893877983093,0.37163206934928894,-0.2006082683801651,0.9995715022087097,0.9998233914375305
2711,90367,LEFT_EYE_INNER,0.6609947085380554,0.35726699233055115,-0.15812157094478607,0.9993276000022888,0.9998493194580078
2711,90367,LEFT_EYE,0.6606608629226685,0.3565899133682251,-0.1583893597126007,0.9993194341659546,0.999880313873291
2711,90367,LEFT_EYE_OUTER,0.659996509552002,0.3558978736400604,-0.1585993617773056,0.9993032813072205,0.999886155128479
2711,90367,RIGHT_EYE_INNER,0.6545119285583496,0.3564721643924713,-0.22370393574237823,0.9994922876358032,0.9997546076774597
2711,90367,RIGHT_EYE,0.6499706506729126,0.3553268015384674,-0.22377999126911163,0.9994582533836365,0.9997029900550842
2711,90367,RIGHT_EYE_OUTER,0.645031213760376,0.3541676998138428,-0.22382450103759766,0.9994903206825256,0.9996317625045776
2711,90367,LEFT_EAR,0.6330705285072327,0.354575514793396,0.058390889316797256,0.998891294002533,0.9999476671218872
2711,90367,RIGHT_EAR,0.6123753786087036,0.35219553112983704,-0.24353808164596558,0.999379575252533,0.9996867179870605
2711,90367,MOUTH_LEFT,0.6515345573425293,0.38076385855674744,-0.11350999772548676,0.999414324760437,0.9999065399169922
2711,90367,MOUTH_RIGHT,0.6437191963195801,0.3799126446247101,-0.20156458020210266,0.9997266530990601,0.9998596906661987
2711,90367,LEFT_SHOULDER,0.6461017727851868,0.41769683361053467,0.22020414471626282,0.9992742538452148,0.9999908208847046
2711,90367,RIGHT_SHOULDER,0.4579775333404541,0.3980773985385895,-0.29087021946907043,0.9998322129249573,0.9995146989822388
2711,90367,LEFT_ELBOW,0.7761438488960266,0.45055821537971497,0.2880767285823822,0.5693983435630798,0.9999529123306274
2711,90367,RIGHT_ELBOW,0.32324618101119995,0.4210920035839081,-0.533972442150116,0.9676751494407654,0.9905345439910889
2711,90367,LEFT_WRIST,0.886393666267395,0.5144475102424622,0.17357337474822998,0.46887823939323425,0.9991580247879028
2711,90367,RIGHT_WRIST,0.32448992133140564,0.4649498760700226,-0.651569664478302,0.8507776856422424,0.9830664396286011
2711,90367,LEFT_PINKY,0.9268832206726074,0.5095760226249695,0.18241460621356964,0.40012016892433167,0.9974828362464905
2711,90367,RIGHT_PINKY,0.31692585349082947,0.47799065709114075,-0.6802783012390137,0.8078551888465881,0.9844552278518677
2711,90367,LEFT_INDEX,0.9258028268814087,0.49924781918525696,0.13166841864585876,0.41177937388420105,0.9975278973579407
2711,90367,RIGHT_INDEX,0.3393727242946625,0.4718286097049713,-0.6599193215370178,0.80555260181427,0.9855641722679138
2711,90367,LEFT_THUMB,0.899695873260498,0.5104071497917175,0.14697198569774628,0.4165215492248535,0.9983327984809875
2711,90367,RIGHT_THUMB,0.34268826246261597,0.47074827551841736,-0.6571632027626038,0.7582111358642578,0.9875670671463013
2711,90367,LEFT_HIP,0.4626814126968384,0.587589681148529,0.2003127932548523,0.997894823551178,0.9999563694000244
2711,90367,RIGHT_HIP,0.37219712138175964,0.5813857913017273,-0.2001771628856659,0.998856246471405,0.9996911287307739
2711,90367,LEFT_KNEE,0.5853379368782043,0.6540417075157166,-0.002594555029645562,0.8311312794685364,0.9999701976776123
2711,90367,RIGHT_KNEE,0.5418641567230225,0.65245121717453,-0.698637068271637,0.9858186841011047,0.999915361404419
2711,90367,LEFT_ANKLE,0.4663786292076111,0.7761380076408386,-0.036525167524814606,0.8785614371299744,0.9999076128005981
2711,90367,RIGHT_ANKLE,0.571643590927124,0.7618653774261475,-0.9154167771339417,0.9802008867263794,0.9995571970939636
2711,90367,LEFT_HEEL,0.4137330949306488,0.7950539588928223,-0.04676790162920952,0.8531255125999451,0.9997921586036682
2711,90367,RIGHT_HEEL,0.5817959308624268,0.7839786410331726,-0.9427955150604248,0.9233499765396118,0.999257504940033
2711,90367,LEFT_FOOT_INDEX,0.5311127305030823,0.8048820495605469,-0.18969674408435822,0.9030119180679321,0.999419093132019
2711,90367,RIGHT_FOOT_INDEX,0.6743190288543701,0.7644689679145813,-1.1503888368606567,0.9703042507171631,0.9980758428573608
2712,90400,NOSE,0.6531484127044678,0.36046525835990906,0.040799155831336975,0.999552845954895,0.999636173248291
2712,90400,LEFT_EYE_INNER,0.6511151790618896,0.3464290201663971,-0.001476400881074369,0.9993621706962585,0.9997016787528992
2712,90400,LEFT_EYE,0.6535075306892395,0.34561434388160706,-0.0016279853880405426,0.9993611574172974,0.9997462630271912
2712,90400,LEFT_EYE_OUTER,0.6588178277015686,0.3448294401168823,-0.0017083699349313974,0.9993411898612976,0.999761164188385
2712,90400,RIGHT_EYE_INNER,0.6506065726280212,0.3470201790332794,-0.02912955731153488,0.9995030164718628,0.9995788931846619
2712,90400,RIGHT_EYE,0.6506532430648804,0.34676480293273926,-0.02910873480141163,0.9994761347770691,0.9994981288909912
2712,90400,RIGHT_EYE_OUTER,0.6511521935462952,0.34660804271698,-0.029149912297725677,0.9994958639144897,0.9994161128997803
2712,90400,LEFT_EAR,0.6245525479316711,0.34550198912620544,-0.07173549383878708,0.998976469039917,0.9998836517333984
2712,90400,RIGHT_EAR,0.6342142224311829,0.34925711154937744,-0.221344456076622,0.9993725419044495,0.9995445609092712
2712,90400,MOUTH_LEFT,0.6413782238960266,0.36991772055625916,0.022401945665478706,0.9993556141853333,0.9998458623886108
2712,90400,MOUTH_RIGHT,0.6397590637207031,0.3702026307582855,-0.01530525367707014,0.9996410608291626,0.9997403025627136
2712,90400,LEFT_SHOULDER,0.47767001390457153,0.41530415415763855,0.07216564565896988,0.9992575645446777,0.9998220801353455
2712,90400,RIGHT_SHOULDER,0.6423096656799316,0.40987613797187805,-0.35229623317718506,0.9998190402984619,0.9994459748268127
2712,90400,LEFT_ELBOW,0.34950464963912964,0.3995783030986786,0.2538125514984131,0.5994208455085754,0.9976844787597656
2712,90400,RIGHT_ELBOW,0.7230543494224548,0.428295761346817,-0.56046462059021,0.9686807990074158,0.9972320199012756
2712,90400,LEFT_WRIST,0.40952134132385254,0.4196782112121582,0.536454975605011,0.4382662773132324,0.9967923760414124
2712,90400,RIGHT_WRIST,0.8109363317489624,0.44509389996528625,-0.7100021243095398,0.8399602174758911,0.9898386001586914
2712,90400,LEFT_PINKY,0.4004375636577606,0.4197620153427124,0.597563624382019,0.3743671774864197,0.9969415068626404
2712,90400,RIGHT_PINKY,0.8337059020996094,0.4476673901081085,-0.7583197355270386,0.7977277040481567,0.9890555143356323
2712,90400,LEFT_INDEX,0.4207385182380676,0.4204183518886566,0.5595255494117737,0.38569605350494385,0.9971886277198792
2712,90400,RIGHT_INDEX,0.8310224413871765,0.44039395451545715,-0.7053070664405823,0.7960793375968933,0.9890807867050171
2712,90400,LEFT_THUMB,0.4237225651741028,0.4247560203075409,0.5365706086158752,0.3892782926559448,0.9973020553588867
2712,90400,RIGHT_THUMB,0.8187085390090942,0.4422503709793091,-0.6860926151275635,0.7444756031036377,0.9909704923629761
2712,90400,LEFT_HIP,0.4161553978919983,0.5862053632736206,0.15959903597831726,0.9980568885803223,0.9999603033065796
2712,90400,RIGHT_HIP,0.45339715480804443,0.5999107360839844,-0.15991203486919403,0.9989611506462097,0.9999294281005859
2712,90400,LEFT_KNEE,0.507862389087677,0.6720851063728333,0.5800105929374695,0.783866286277771,0.9998871088027954
2712,90400,RIGHT_KNEE,0.5367315411567688,0.6883050799369812,0.03064109943807125,0.9847797751426697,0.9998786449432373
2712,90400,LEFT_ANKLE,0.49987122416496277,0.770150363445282,0.8128061294555664,0.8632171154022217,0.999882698059082
2712,90400,RIGHT_ANKLE,0.5355727076530457,0.7748239040374756,0.03026558831334114,0.9803000092506409,0.9996246099472046
2712,90400,LEFT_HEEL,0.45717853307724,0.7905985713005066,0.8364603519439697,0.8465380668640137,0.9998088479042053
2712,90400,RIGHT_HEEL,0.5531766414642334,0.7884802222251892,0.03087007999420166,0.9283584356307983,0.9993496537208557
2712,90400,LEFT_FOOT_INDEX,0.5569438934326172,0.7942968010902405,0.8636192083358765,0.8950814604759216,0.9997220635414124
2712,90400,RIGHT_FOOT_INDEX,0.6341822743415833,0.8003346920013428,0.009885655716061592,0.9712763428688049,0.9990243911743164
2713,90433,NOSE,0.6495471000671387,0.35687196254730225,-0.16428963840007782,0.9995343685150146,0.9998726844787598
2713,90433,LEFT_EYE_INNER,0.6481747031211853,0.34275057911872864,-0.13674882054328918,0.9993866086006165,0.9998031258583069
2713,90433,LEFT_EYE,0.6489794850349426,0.34204646944999695,-0.1369018703699112,0.9993700385093689,0.9997950196266174
2713,90433,LEFT_EYE_OUTER,0.6508081555366516,0.3413742482662201,-0.13698823750019073,0.9993506073951721,0.9997687935829163
2713,90433,RIGHT_EYE_INNER,0.6452149152755737,0.3427426815032959,-0.1838688850402832,0.9995328187942505,0.9998743534088135
2713,90433,RIGHT_EYE,0.6444838047027588,0.3420655429363251,-0.18405766785144806,0.9995095133781433,0.9998953342437744
2713,90433,RIGHT_EYE_OUTER,0.6459574699401855,0.3414962589740753,-0.18423815071582794,0.9995350241661072,0.9999169111251831
2713,90433,LEFT_EAR,0.622406005859375,0.34149786829948425,0.037755534052848816,0.9989262223243713,0.9998345375061035
2713,90433,RIGHT_EAR,0.6254687905311584,0.34276971220970154,-0.1794719249010086,0.9994251728057861,0.9999673366546631
2713,90433,MOUTH_LEFT,0.6379863023757935,0.366339772939682,-0.09788314253091812,0.9992873072624207,0.9998701810836792
2713,90433,MOUTH_RIGHT,0.6344050168991089,0.36595213413238525,-0.16181427240371704,0.9996610283851624,0.9999538660049438
2713,90433,LEFT_SHOULDER,0.5704081654548645,0.4078202247619629,0.19420574605464935,0.9989258646965027,0.9993669390678406
2713,90433,RIGHT_SHOULDER,0.5723323822021484,0.4019864499568939,-0.22337836027145386,0.9998303651809692,0.9999788999557495
2713,90433,LEFT_ELBOW,0.4152102768421173,0.4035317897796631,0.1712316870689392,0.5608984231948853,0.9933753609657288
2713,90433,RIGHT_ELBOW,0.4664515554904938,0.4014793932437897,-0.585686445236206,0.9696335792541504,0.9980395436286926
2713,90433,LEFT_WRIST,0.5765893459320068,0.3963770568370819,0.20285797119140625,0.41531506180763245,0.994763970375061
2713,90433,RIGHT_WRIST,0.5825620889663696,0.35749876499176025,-0.8903728127479553,0.8497525453567505,0.9991554021835327
2713,90433,LEFT_PINKY,0.58863765001297,0.38174405694007874,0.2003011554479599,0.3552272915840149,0.995811939239502
2713,90433,RIGHT_PINKY,0.5755932927131653,0.3396270275115967,-0.9454204440116882,0.8069347143173218,0.9990870952606201
2713,90433,LEFT_INDEX,0.597213864326477,0.3785761892795563,0.11125189065933228,0.3641592264175415,0.9955345392227173
2713,90433,RIGHT_INDEX,0.5888945460319519,0.3378591537475586,-0.8987632393836975,0.8045573830604553,0.9991356730461121
2713,90433,LEFT_THUMB,0.5863093733787537,0.3852279484272003,0.3547284007072449,0.366626113653183,0.9961451292037964
2713,90433,RIGHT_THUMB,0.5864717364311218,0.3469691276550293,-0.8734492659568787,0.7540673613548279,0.9993946552276611
2713,90433,LEFT_HIP,0.4611058235168457,0.6002380847930908,0.15945382416248322,0.9979658722877502,0.9997444748878479
2713,90433,RIGHT_HIP,0.42909640073776245,0.5959362983703613,-0.1593243032693863,0.9990534782409668,0.9999641180038452
2713,90433,LEFT_KNEE,0.5123692750930786,0.6972978115081787,0.49098363518714905,0.7483720183372498,0.9989832043647766
2713,90433,RIGHT_KNEE,0.5295946002006531,0.6571931838989258,-0.7372493147850037,0.9844912886619568,0.9999656677246094
2713,90433,LEFT_ANKLE,0.47102028131484985,0.7758237719535828,0.7232227921485901,0.8291820883750916,0.9962077140808105
2713,90433,RIGHT_ANKLE,0.5204323530197144,0.7724904417991638,-1.004468560218811,0.9773392081260681,0.9984498023986816
2713,90433,LEFT_HEEL,0.4346029460430145,0.7880215048789978,0.737430214881897,0.8142668008804321,0.9945624470710754
2713,90433,RIGHT_HEEL,0.517066478729248,0.7916683554649353,-1.0344167947769165,0.9263100028038025,0.9956459403038025
2713,90433,LEFT_FOOT_INDEX,0.5072091221809387,0.8033463954925537,0.6467680931091309,0.8630014657974243,0.994676947593689
2713,90433,RIGHT_FOOT_INDEX,0.622486412525177,0.7983291745185852,-1.2583670616149902,0.9700330495834351,0.9897860288619995
2714,90467,NOSE,0.6491200923919678,0.3710832893848419,0.16202105581760406,0.9979853630065918,0.9995505213737488
2714,90467,LEFT_EYE_INNER,0.6420543193817139,0.35923147201538086,0.17694270610809326,0.9981639385223389,0.9995222091674805
2714,90467,LEFT_EYE,0.6354297995567322,0.35685300827026367,0.1767265498638153,0.9980193972587585,0.99954754114151
2714,90467,LEFT_EYE_OUTER,0.635648250579834,0.35140347480773926,0.17668740451335907,0.9980036616325378,0.9995318651199341
2714,90467,RIGHT_EYE_INNER,0.643046498298645,0.3618764877319336,0.11252351850271225,0.998626172542572,0.9995664954185486
2714,90467,RIGHT_EYE,0.6408570408821106,0.3622622489929199,0.11226935684680939,0.9987221360206604,0.9995922446250916
2714,90467,RIGHT_EYE_OUTER,0.6405244469642639,0.36301958560943604,0.11197451502084732,0.9988914132118225,0.9996374845504761
2714,90467,LEFT_EAR,0.613027811050415,0.3612023890018463,0.23874826729297638,0.9960649013519287,0.9997506737709045
2714,90467,RIGHT_EAR,0.6174744367599487,0.36700060963630676,-0.05457209795713425,0.9983305335044861,0.9998414516448975
2714,90467,MOUTH_LEFT,0.6342476606369019,0.37922918796539307,0.1935914009809494,0.9943919777870178,0.9997479319572449
2714,90467,MOUTH_RIGHT,0.631451427936554,0.38129469752311707,0.1073492169380188,0.9971014857292175,0.9998226761817932
2714,90467,LEFT_SHOULDER,0.5203908681869507,0.40519964694976807,0.34701716899871826,0.9988014698028564,0.9998589754104614
2714,90467,RIGHT_SHOULDER,0.5675520896911621,0.4100596606731415,-0.22104321420192719,0.9998356699943542,0.9999790191650391
2714,90467,LEFT_ELBOW,0.4778819978237152,0.4102761447429657,0.4378184974193573,0.513259768486023,0.9985576272010803
2714,90467,RIGHT_ELBOW,0.517160177230835,0.46190130710601807,-0.5097832083702087,0.9243494868278503,0.9986194372177124
2714,90467,LEFT_WRIST,0.4959508180618286,0.40940794348716736,0.48817673325538635,0.380562424659729,0.9943217039108276
2714,90467,RIGHT_WRIST,0.5145758390426636,0.41660070419311523,-0.7221747040748596,0.8118425011634827,0.9974364638328552
2714,90467,LEFT_PINKY,0.49212542176246643,0.4075225293636322,0.511725664138794,0.32778680324554443,0.995032787322998
2714,90467,RIGHT_PINKY,0.5170701146125793,0.43032655119895935,-0.767866313457489,0.7823097705841064,0.9980383515357971
2714,90467,LEFT_INDEX,0.4959827959537506,0.40386202931404114,0.5068356990814209,0.3358871638774872,0.9944753050804138
2714,90467,RIGHT_INDEX,0.5477297306060791,0.42778465151786804,-0.7452957630157471,0.7807611227035522,0.9978517293930054
2714,90467,LEFT_THUMB,0.5006787180900574,0.40676912665367126,0.48994433879852295,0.337645560503006,0.9949971437454224
2714,90467,RIGHT_THUMB,0.5390010476112366,0.42804643511772156,-0.7143988013267517,0.7294492721557617,0.9981927275657654
2714,90467,LEFT_HIP,0.43650972843170166,0.597141683101654,0.18672387301921844,0.998124897480011,0.9999406337738037
2714,90467,RIGHT_HIP,0.47128620743751526,0.6071258187294006,-0.18698781728744507,0.9991462230682373,0.9999904632568359
2714,90467,LEFT_KNEE,0.45432358980178833,0.6931979060173035,0.809319019317627,0.6778143048286438,0.9997209906578064
2714,90467,RIGHT_KNEE,0.5295906662940979,0.6639499664306641,-0.564470648765564,0.980032205581665,0.9999727010726929
2714,90467,LEFT_ANKLE,0.45149609446525574,0.6881580352783203,1.015547752380371,0.7608070969581604,0.9987359642982483
2714,90467,RIGHT_ANKLE,0.5155075788497925,0.7732431292533875,-0.8572537302970886,0.9743561744689941,0.9996565580368042
2714,90467,LEFT_HEEL,0.4365459084510803,0.6983268857002258,1.0260212421417236,0.7541586756706238,0.9986182451248169
2714,90467,RIGHT_HEEL,0.49570438265800476,0.7917001843452454,-0.8923683762550354,0.9286561012268066,0.9993155002593994
2714,90467,LEFT_FOOT_INDEX,0.5036806464195251,0.6936001777648926,0.977557897567749,0.8086183071136475,0.9995322227478027
2714,90467,RIGHT_FOOT_INDEX,0.6129961609840393,0.7939245700836182,-1.0720012187957764,0.9702209830284119,0.9990610480308533
2715,90500,NOSE,0.5825099945068359,0.3605988919734955,0.3213784992694855,0.998170793056488,0.9999731779098511
2715,90500,LEFT_EYE_INNER,0.571632981300354,0.3520558774471283,0.2771265506744385,0.9983367323875427,0.9999716281890869
2715,90500,LEFT_EYE,0.5658547282218933,0.3516688346862793,0.2770909070968628,0.998203694820404,0.9999716281890869
2715,90500,LEFT_EYE_OUTER,0.5587197542190552,0.3488183915615082,0.27714022994041443,0.998190701007843,0.9999715089797974
2715,90500,RIGHT_EYE_INNER,0.5882763862609863,0.3534676730632782,0.25721025466918945,0.9987504482269287,0.9999704360961914
2715,90500,RIGHT_EYE,0.5926889181137085,0.3540865480899811,0.25711050629615784,0.998834490776062,0.9999687671661377
2715,90500,RIGHT_EYE_OUTER,0.5971421599388123,0.3522385060787201,0.2570253908634186,0.9989891052246094,0.9999656677246094
2715,90500,LEFT_EAR,0.5518864989280701,0.3573741912841797,0.12617841362953186,0.99643874168396,0.9999823570251465
2715,90500,RIGHT_EAR,0.6028956174850464,0.36370691657066345,0.0217860396951437,0.9984728097915649,0.9999803304672241
2715,90500,MOUTH_LEFT,0.5715381503105164,0.3696839511394501,0.27645111083984375,0.9949014782905579,0.9999651908874512
2715,90500,MOUTH_RIGHT,0.5900442600250244,0.3728167712688446,0.2496851533651352,0.9973388314247131,0.9999662637710571
2715,90500,LEFT_SHOULDER,0.4499879479408264,0.41010797023773193,0.18181908130645752,0.9988875985145569,0.9998303651809692
2715,90500,RIGHT_SHOULDER,0.6236554980278015,0.40545472502708435,-0.12157741189002991,0.9998414516448975,0.999885082244873
2715,90500,LEFT_ELBOW,0.3578837811946869,0.47134658694267273,0.271758496761322,0.5371521711349487,0.9990411400794983
2715,90500,RIGHT_ELBOW,0.7288981080055237,0.4120432138442993,-0.03249090537428856,0.9258992671966553,0.9993724226951599
2715,90500,LEFT_WRIST,0.4233754277229309,0.4722106158733368,0.4270458221435547,0.3539005517959595,0.9997797608375549
2715,90500,RIGHT_WRIST,0.6905571222305298,0.36049580574035645,0.3345015048980713,0.7824910879135132,0.9996408224105835
2715,90500,LEFT_PINKY,0.4201335310935974,0.4720414876937866,0.48566123843193054,0.3061874508857727,0.9997748732566833
2715,90500,RIGHT_PINKY,0.6884855628013611,0.34791460633277893,0.38490280508995056,0.7456334233283997,0.999420166015625
2715,90500,LEFT_INDEX,0.43673717975616455,0.4707973301410675,0.4687412977218628,0.3137718737125397,0.9997759461402893
2715,90500,RIGHT_INDEX,0.668986439704895,0.3477154076099396,0.41008463501930237,0.7435015439987183,0.9994437098503113
2715,90500,LEFT_THUMB,0.43898236751556396,0.47224244475364685,0.43108052015304565,0.31585603952407837,0.9998292922973633
2715,90500,RIGHT_THUMB,0.6639039516448975,0.35490259528160095,0.3543313145637512,0.6950209140777588,0.9996757507324219
2715,90500,LEFT_HIP,0.42409974336624146,0.600492000579834,0.10295069217681885,0.9983082413673401,0.9999901056289673
2715,90500,RIGHT_HIP,0.5242979526519775,0.6096904277801514,-0.1045708954334259,0.9992296695709229,0.9999895095825195
2715,90500,LEFT_KNEE,0.4434365928173065,0.6727902889251709,0.6713578701019287,0.630343496799469,0.9999264478683472
2715,90500,RIGHT_KNEE,0.5398955941200256,0.6860463619232178,0.08878836035728455,0.965531587600708,0.9999418258666992
2715,90500,LEFT_ANKLE,0.4731762409210205,0.7062990069389343,0.3021296262741089,0.774100661277771,0.9998953342437744
2715,90500,RIGHT_ANKLE,0.5132150650024414,0.7807459235191345,-0.43268436193466187,0.9740220308303833,0.9999078512191772
2715,90500,LEFT_HEEL,0.45730096101760864,0.7234598994255066,0.2593326270580292,0.7725377082824707,0.999845027923584
2715,90500,RIGHT_HEEL,0.49452880024909973,0.7929267287254333,-0.4816305637359619,0.9322799444198608,0.999828577041626
2715,90500,LEFT_FOOT_INDEX,0.5114607214927673,0.7613170146942139,0.29549357295036316,0.8229977488517761,0.9997736811637878
2715,90500,RIGHT_FOOT_INDEX,0.5419470071792603,0.8222012519836426,-0.46024951338768005,0.9711501002311707,0.9996935129165649
2716,90533,NOSE,0.5385310053825378,0.34817662835121155,0.36020994186401367,0.998331606388092,0.9999692440032959
2716,90533,LEFT_EYE_INNER,0.5297726988792419,0.34071120619773865,0.2962065041065216,0.9984833598136902,0.9999692440032959
2716,90533,LEFT_EYE,0.5239670872688293,0.34161993861198425,0.2962292432785034,0.9983645677566528,0.9999691247940063
2716,90533,LEFT_EYE_OUTER,0.5178318023681641,0.3417147099971771,0.29632729291915894,0.9983488321304321,0.9999696016311646
2716,90533,RIGHT_EYE_INNER,0.5484633445739746,0.34017300605773926,0.27877920866012573,0.9988487958908081,0.9999630451202393
2716,90533,RIGHT_EYE,0.5544859170913696,0.3404981195926666,0.27865520119667053,0.9989253282546997,0.9999573230743408
2716,90533,RIGHT_EYE_OUTER,0.5604425072669983,0.33981022238731384,0.27858883142471313,0.9990576505661011,0.99994957447052
2716,90533,LEFT_EAR,0.5117551684379578,0.3569253981113434,0.07926561683416367,0.9967759847640991,0.9999818801879883
2716,90533,RIGHT_EAR,0.5736112594604492,0.3587002754211426,-0.01047303806990385,0.9985846877098083,0.9999600648880005
2716,90533,MOUTH_LEFT,0.5281263589859009,0.35923171043395996,0.2943953573703766,0.9953606724739075,0.9999639987945557
2716,90533,MOUTH_RIGHT,0.5484153032302856,0.3613506853580475,0.2711431384086609,0.997531533241272,0.9999499320983887
2716,90533,LEFT_SHOULDER,0.41593074798583984,0.4129275977611542,0.057864710688591,0.998989999294281,0.9999309778213501
2716,90533,RIGHT_SHOULDER,0.6263366937637329,0.4028242528438568,-0.19071663916110992,0.9998438358306885,0.9997848868370056
2716,90533,LEFT_ELBOW,0.3251868784427643,0.4755304753780365,0.15039542317390442,0.5817097425460815,0.9997281432151794
2716,90533,RIGHT_ELBOW,0.745317280292511,0.4037269651889801,-0.14912767708301544,0.9320225715637207,0.9994199275970459
2716,90533,LEFT_WRIST,0.3993035554885864,0.4906954765319824,0.3600609302520752,0.3565278947353363,0.9999308586120605
2716,90533,RIGHT_WRIST,0.6999422311782837,0.394148588180542,0.16220249235630035,0.7659719586372375,0.9997650980949402
2716,90533,LEFT_PINKY,0.40937915444374084,0.4980219304561615,0.4265434145927429,0.3005917966365814,0.9998965263366699
2716,90533,RIGHT_PINKY,0.6937069296836853,0.3885951042175293,0.2160411775112152,0.7184164524078369,0.9996138215065002
2716,90533,LEFT_INDEX,0.4238232970237732,0.4966106712818146,0.42146244645118713,0.3076015114784241,0.999910831451416
2716,90533,RIGHT_INDEX,0.6750426888465881,0.3876720368862152,0.2496294230222702,0.7169423699378967,0.9996597766876221
2716,90533,LEFT_THUMB,0.4240548312664032,0.4954648017883301,0.36943966150283813,0.30975085496902466,0.9999387264251709
2716,90533,RIGHT_THUMB,0.6723747253417969,0.3922668397426605,0.18474943935871124,0.6711687445640564,0.9997974038124084
2716,90533,LEFT_HIP,0.4236968457698822,0.5979681015014648,0.11006667464971542,0.9984723925590515,0.9999680519104004
2716,90533,RIGHT_HIP,0.5388330221176147,0.6065458655357361,-0.11138143390417099,0.9992988109588623,0.9999370574951172
2716,90533,LEFT_KNEE,0.47938644886016846,0.6571483016014099,0.5023021101951599,0.6146652698516846,0.9998800754547119
2716,90533,RIGHT_KNEE,0.5800999402999878,0.6859302520751953,0.06604453921318054,0.9608862400054932,0.999806821346283
2716,90533,LEFT_ANKLE,0.489347904920578,0.7139448523521423,-0.1426643282175064,0.7916404008865356,0.9999097585678101
2716,90533,RIGHT_ANKLE,0.5103778839111328,0.7752017974853516,-0.44563421607017517,0.9752883315086365,0.9998865127563477
2716,90533,LEFT_HEEL,0.47767433524131775,0.7280395030975342,-0.19844461977481842,0.7930312752723694,0.9998514652252197
2716,90533,RIGHT_HEEL,0.4880344569683075,0.7844012379646301,-0.4870058596134186,0.937701940536499,0.9998192191123962
2716,90533,LEFT_FOOT_INDEX,0.5191866159439087,0.782099723815918,-0.19365055859088898,0.8377530574798584,0.9997569918632507
2716,90533,RIGHT_FOOT_INDEX,0.5017271041870117,0.8412211537361145,-0.4700188934803009,0.9727718234062195,0.9997231364250183
2717,90567,NOSE,0.5210118889808655,0.34223708510398865,0.35664424300193787,0.9984726905822754,0.9999746084213257
2717,90567,LEFT_EYE_INNER,0.5112640261650085,0.3345789909362793,0.3018139898777008,0.9986173510551453,0.9999829530715942
2717,90567,LEFT_EYE,0.5044605135917664,0.335660845041275,0.3017595410346985,0.9985122084617615,0.9999841451644897
2717,90567,LEFT_EYE_OUTER,0.49798399209976196,0.33683374524116516,0.3017374277114868,0.9984966516494751,0.9999854564666748
2717,90567,RIGHT_EYE_INNER,0.5298770666122437,0.33351004123687744,0.28084608912467957,0.9989418983459473,0.9999785423278809
2717,90567,RIGHT_EYE,0.5359095335006714,0.3336847722530365,0.28081202507019043,0.9990098476409912,0.9999752044677734
2717,90567,RIGHT_EYE_OUTER,0.5416919589042664,0.33342573046684265,0.28075912594795227,0.9991248846054077,0.9999709129333496
2717,90567,LEFT_EAR,0.4884059727191925,0.3546377420425415,0.11148097366094589,0.9970816373825073,0.9999916553497314
2717,90567,RIGHT_EAR,0.5560781955718994,0.3518265187740326,0.011828914284706116,0.9986929893493652,0.9999747276306152
2717,90567,MOUTH_LEFT,0.5116952657699585,0.3533533811569214,0.3024728000164032,0.9957699775695801,0.9999791383743286
2717,90567,MOUTH_RIGHT,0.5316137075424194,0.3544224202632904,0.2740013301372528,0.9977107048034668,0.9999667406082153
2717,90567,LEFT_SHOULDER,0.4038611650466919,0.4134800136089325,0.06193297356367111,0.9990808963775635,0.9999501705169678
2717,90567,RIGHT_SHOULDER,0.6217184662818909,0.4028342068195343,-0.19041617214679718,0.9998489618301392,0.9998881816864014
2717,90567,LEFT_ELBOW,0.3208174705505371,0.49888506531715393,0.12267673015594482,0.6191854476928711,0.9995433688163757
2717,90567,RIGHT_ELBOW,0.7643603086471558,0.4039801359176636,-0.32643747329711914,0.9385083317756653,0.9994484782218933
2717,90567,LEFT_WRIST,0.40855997800827026,0.5105414986610413,0.25984713435173035,0.34858438372612,0.9997678399085999
2717,90567,RIGHT_WRIST,0.839078962802887,0.39047980308532715,-0.345631867647171,0.7808408141136169,0.9994688630104065
2717,90567,LEFT_PINKY,0.4224061667919159,0.5141897201538086,0.30310890078544617,0.29182159900665283,0.9997193217277527
2717,90567,RIGHT_PINKY,0.8616935610771179,0.39134809374809265,-0.35763654112815857,0.7312330007553101,0.9991986155509949
2717,90567,LEFT_INDEX,0.43689489364624023,0.5064194798469543,0.2851160764694214,0.2977049946784973,0.9997586607933044
2717,90567,RIGHT_INDEX,0.8482017517089844,0.3848508596420288,-0.18928472697734833,0.7297576069831848,0.9992210865020752
2717,90567,LEFT_THUMB,0.43418073654174805,0.5065793395042419,0.2596483826637268,0.2991065979003906,0.9998185038566589
2717,90567,RIGHT_THUMB,0.83591228723526,0.3896019160747528,-0.3060542047023773,0.681800365447998,0.9995168447494507
2717,90567,LEFT_HIP,0.42945396900177,0.594429075717926,0.11815997958183289,0.9986076354980469,0.9999551773071289
2717,90567,RIGHT_HIP,0.5515928864479065,0.6023185849189758,-0.11913590878248215,0.9993550777435303,0.9999064207077026
2717,90567,LEFT_KNEE,0.47829440236091614,0.637347936630249,0.4973978102207184,0.5886585116386414,0.9997370839118958
2717,90567,RIGHT_KNEE,0.584298312664032,0.6804396510124207,-0.04792593792080879,0.9507412910461426,0.9997072815895081
2717,90567,LEFT_ANKLE,0.47431325912475586,0.718873918056488,-0.07606453448534012,0.8016897439956665,0.9998099207878113
2717,90567,RIGHT_ANKLE,0.5083431005477905,0.770145833492279,-0.63468998670578,0.9758552312850952,0.9998049139976501
2717,90567,LEFT_HEEL,0.46902382373809814,0.7312147617340088,-0.13598385453224182,0.8098528385162354,0.9996932744979858
2717,90567,RIGHT_HEEL,0.4844813644886017,0.7595097422599792,-0.6926072239875793,0.9425337910652161,0.9996459484100342
2717,90567,LEFT_FOOT_INDEX,0.4990931749343872,0.7812755107879639,-0.15663087368011475,0.8480427861213684,0.9994683861732483
2717,90567,RIGHT_FOOT_INDEX,0.5031436085700989,0.8332151770591736,-0.7097973227500916,0.974274218082428,0.9993867874145508
2718,90600,NOSE,0.5003796219825745,0.33581700921058655,0.6352364420890808,0.998468816280365,0.9999508857727051
2718,90600,LEFT_EYE_INNER,0.4904923439025879,0.3274995982646942,0.5807754397392273,0.9985414147377014,0.9999485015869141
2718,90600,LEFT_EYE,0.4844236969947815,0.3285563290119171,0.5807777047157288,0.9985083937644958,0.9999507665634155
2718,90600,LEFT_EYE_OUTER,0.47865724563598633,0.3300057351589203,0.5808725357055664,0.9984291791915894,0.9999526739120483
2718,90600,RIGHT_EYE_INNER,0.5092668533325195,0.32583072781562805,0.5864267349243164,0.9987395405769348,0.9999392032623291
2718,90600,RIGHT_EYE,0.5156542658805847,0.3257227838039398,0.5862166285514832,0.9988505840301514,0.9999293088912964
2718,90600,RIGHT_EYE_OUTER,0.5219332575798035,0.32558131217956543,0.5860064625740051,0.9988178014755249,0.9999171495437622
2718,90600,LEFT_EAR,0.47402122616767883,0.346518874168396,0.3312912583351135,0.9971436262130737,0.9999798536300659
2718,90600,RIGHT_EAR,0.5400737524032593,0.3406125605106354,0.35351282358169556,0.9985851645469666,0.9999480247497559
2718,90600,MOUTH_LEFT,0.4939379394054413,0.34719276428222656,0.551866352558136,0.995908260345459,0.9999537467956543
2718,90600,MOUTH_RIGHT,0.5158410668373108,0.3477179706096649,0.558210551738739,0.9975160360336304,0.9999364614486694
2718,90600,LEFT_SHOULDER,0.4096303880214691,0.41204866766929626,0.18958739936351776,0.999160885810852,0.9999812841415405
2718,90600,RIGHT_SHOULDER,0.6264739036560059,0.40193822979927063,0.17832356691360474,0.9998227953910828,0.9996346235275269
2718,90600,LEFT_ELBOW,0.34761613607406616,0.4946524202823639,0.13025912642478943,0.6558380722999573,0.9998666048049927
2718,90600,RIGHT_ELBOW,0.7148243188858032,0.4383091628551483,0.34792476892471313,0.9319280982017517,0.9952280521392822
2718,90600,LEFT_WRIST,0.33492404222488403,0.5629900693893433,0.35397762060165405,0.3929658532142639,0.999704897403717
2718,90600,RIGHT_WRIST,0.6955669522285461,0.4339998662471771,0.8048943281173706,0.7081134915351868,0.997830331325531
2718,90600,LEFT_PINKY,0.3291872441768646,0.5796085596084595,0.40282517671585083,0.32698583602905273,0.9993963241577148
2718,90600,RIGHT_PINKY,0.7108609080314636,0.41977667808532715,0.8964835405349731,0.6623551249504089,0.9976373910903931
2718,90600,LEFT_INDEX,0.3459271192550659,0.5768526792526245,0.42466869950294495,0.33101239800453186,0.9993152618408203
2718,90600,RIGHT_INDEX,0.8185287714004517,0.41363856196403503,0.9132194519042969,0.6609507203102112,0.9973856806755066
2718,90600,LEFT_THUMB,0.35134807229042053,0.571398138999939,0.37108054757118225,0.32346487045288086,0.9995518326759338
2718,90600,RIGHT_THUMB,0.8082579374313354,0.4206045866012573,0.8226116299629211,0.618568480014801,0.997861921787262
2718,90600,LEFT_HIP,0.44638681411743164,0.5732589364051819,0.08787911385297775,0.9987403750419617,0.9999825954437256
2718,90600,RIGHT_HIP,0.5718839764595032,0.5773314833641052,-0.08926303684711456,0.9994045495986938,0.9999231100082397
2718,90600,LEFT_KNEE,0.4878813326358795,0.6454289555549622,0.4120144546031952,0.5928464531898499,0.9998008608818054
2718,90600,RIGHT_KNEE,0.5803335905075073,0.6836966872215271,0.03594516962766647,0.9522585272789001,0.999634861946106
2718,90600,LEFT_ANKLE,0.48567816615104675,0.7516043186187744,-0.16749690473079681,0.8172550797462463,0.9995947480201721
2718,90600,RIGHT_ANKLE,0.5040835738182068,0.7618488669395447,-0.5431599617004395,0.9766947627067566,0.9998038411140442
2718,90600,LEFT_HEEL,0.48931220173835754,0.7650244235992432,-0.23169013857841492,0.8274258971214294,0.9993064403533936
2718,90600,RIGHT_HEEL,0.482745498418808,0.7569253444671631,-0.6616497039794922,0.9473852515220642,0.9996293783187866
2718,90600,LEFT_FOOT_INDEX,0.5301847457885742,0.8134134411811829,-0.29718971252441406,0.8569329380989075,0.9983419179916382
2718,90600,RIGHT_FOOT_INDEX,0.46766749024391174,0.8294325470924377,-0.6420298218727112,0.9734156131744385,0.9991488456726074
2719,90633,NOSE,0.48566263914108276,0.32695385813713074,0.8523811101913452,0.9985436797142029,0.9999939203262329
2719,90633,LEFT_EYE_INNER,0.4777803421020508,0.31794771552085876,0.8103934526443481,0.9985940456390381,0.999992847442627
2719,90633,LEFT_EYE,0.47280353307724,0.3186597526073456,0.8104110360145569,0.9985838532447815,0.999993085861206
2719,90633,LEFT_EYE_OUTER,0.46772006154060364,0.31977155804634094,0.8104159832000732,0.998491108417511,0.9999929666519165
2719,90633,RIGHT_EYE_INNER,0.4939444065093994,0.316310316324234,0.8143147826194763,0.99872887134552,0.9999922513961792
2719,90633,RIGHT_EYE,0.49999523162841797,0.31583213806152344,0.8142364621162415,0.9988418817520142,0.9999911785125732
2719,90633,RIGHT_EYE_OUTER,0.506186842918396,0.31549954414367676,0.8141033053398132,0.9987638592720032,0.9999890327453613
2719,90633,LEFT_EAR,0.46437451243400574,0.3318222463130951,0.5783127546310425,0.9973322153091431,0.9999961853027344
2719,90633,RIGHT_EAR,0.5253203511238098,0.3259465992450714,0.5939379334449768,0.9986169934272766,0.9999910593032837
2719,90633,MOUTH_LEFT,0.479663610458374,0.33805790543556213,0.7719421982765198,0.996176540851593,0.999985933303833
2719,90633,MOUTH_RIGHT,0.4977529048919678,0.337698370218277,0.7764600515365601,0.9975541830062866,0.9999829530715942
2719,90633,LEFT_SHOULDER,0.4135277271270752,0.3969578444957733,0.4201604723930359,0.9992372989654541,0.9999908208847046
2719,90633,RIGHT_SHOULDER,0.6130304932594299,0.3922499120235443,0.3636007606983185,0.999824047088623,0.9998916387557983
2719,90633,LEFT_ELBOW,0.3591521084308624,0.48599639534950256,0.3601328432559967,0.6859729886054993,0.9999207258224487
2719,90633,RIGHT_ELBOW,0.6653106808662415,0.4698607921600342,0.36724966764450073,0.9265778660774231,0.9984902143478394
2719,90633,LEFT_WRIST,0.3296374976634979,0.563891589641571,0.5159052014350891,0.42318859696388245,0.9997671246528625
2719,90633,RIGHT_WRIST,0.6561324596405029,0.5385257601737976,0.598355770111084,0.645569920539856,0.9977606534957886
2719,90633,LEFT_PINKY,0.32249629497528076,0.5794966816902161,0.5521363615989685,0.3515561521053314,0.9996296167373657
2719,90633,RIGHT_PINKY,0.6652880311012268,0.5491093397140503,0.6478621363639832,0.6019740700721741,0.9974714517593384
2719,90633,LEFT_INDEX,0.33279111981391907,0.5797105431556702,0.5690992474555969,0.3538430333137512,0.9995431900024414
2719,90633,RIGHT_INDEX,0.7919278740882874,0.5493144392967224,0.6694539189338684,0.6001777052879333,0.997101366519928
2719,90633,LEFT_THUMB,0.33900022506713867,0.5743474364280701,0.5268347263336182,0.3394355773925781,0.9996868371963501
2719,90633,RIGHT_THUMB,0.7597197890281677,0.5452616810798645,0.6111762523651123,0.5626912713050842,0.9975805282592773
2719,90633,LEFT_HIP,0.4738529324531555,0.5411487221717834,0.08376390486955643,0.9988632202148438,0.9999955892562866
2719,90633,RIGHT_HIP,0.5928662419319153,0.5429674386978149,-0.08502089977264404,0.9994535446166992,0.999974250793457
2719,90633,LEFT_KNEE,0.4919893741607666,0.6454104781150818,0.30843281745910645,0.6223974823951721,0.9999076128005981
2719,90633,RIGHT_KNEE,0.5771054029464722,0.670452892780304,0.020495809614658356,0.9553248286247253,0.9998098015785217
2719,90633,LEFT_ANKLE,0.5023836493492126,0.7591171264648438,-0.2542433440685272,0.8336862921714783,0.9998489618301392
2719,90633,RIGHT_ANKLE,0.5053662061691284,0.7479190826416016,-0.5403396487236023,0.9782942533493042,0.9998989105224609
2719,90633,LEFT_HEEL,0.5137169361114502,0.7728584408760071,-0.3229609727859497,0.8438490629196167,0.9997454285621643
2719,90633,RIGHT_HEEL,0.48361849784851074,0.749599277973175,-0.6127032041549683,0.9521922469139099,0.9998351335525513
2719,90633,LEFT_FOOT_INDEX,0.5329427719116211,0.8167538046836853,-0.4207945764064789,0.8662043213844299,0.9992191791534424
2719,90633,RIGHT_FOOT_INDEX,0.4817614257335663,0.8189367651939392,-0.6765760779380798,0.9733592867851257,0.9995914101600647
2720,90667,NOSE,0.478316068649292,0.31814467906951904,0.9896833300590515,0.9911477565765381,0.9997575879096985
2720,90667,LEFT_EYE_INNER,0.4712783992290497,0.30975642800331116,0.9567419290542603,0.9931997656822205,0.9997785687446594
2720,90667,LEFT_EYE,0.46628156304359436,0.3102455735206604,0.9567121267318726,0.9944190382957458,0.999808132648468
2720,90667,LEFT_EYE_OUTER,0.46096599102020264,0.31099849939346313,0.9566372632980347,0.993703305721283,0.9998224377632141
2720,90667,RIGHT_EYE_INNER,0.48614582419395447,0.30808672308921814,0.9526346325874329,0.989678680896759,0.999626874923706
2720,90667,RIGHT_EYE,0.4911840558052063,0.3074311912059784,0.9525743126869202,0.9903092384338379,0.9995273351669312
2720,90667,RIGHT_EYE_OUTER,0.49618372321128845,0.3069293200969696,0.9523364305496216,0.9866021275520325,0.9993603825569153
2720,90667,LEFT_EAR,0.45756539702415466,0.3183436989784241,0.742957592010498,0.9941713213920593,0.999921441078186
2720,90667,RIGHT_EAR,0.5113655924797058,0.3125067949295044,0.7226386070251465,0.9928575158119202,0.999347984790802
2720,90667,MOUTH_LEFT,0.47136813402175903,0.32799431681632996,0.9139872193336487,0.9919368624687195,0.9997703433036804
2720,90667,MOUTH_RIGHT,0.48892462253570557,0.32701364159584045,0.9081218838691711,0.9901688694953918,0.9995408058166504
2720,90667,LEFT_SHOULDER,0.4182162880897522,0.3812858760356903,0.5761171579360962,0.9992958903312683,0.9999762773513794
2720,90667,RIGHT_SHOULDER,0.601207435131073,0.3777453899383545,0.464017391204834,0.9996651411056519,0.9972350001335144
2720,90667,LEFT_ELBOW,0.36995020508766174,0.482769638299942,0.4854412376880646,0.7115471363067627,0.9998278617858887
2720,90667,RIGHT_ELBOW,0.658245325088501,0.4607589542865753,0.3355519473552704,0.8685835003852844,0.9772335290908813
2720,90667,LEFT_WRIST,0.31079384684562683,0.5459296107292175,0.5468304753303528,0.4704335927963257,0.9995108842849731
2720,90667,RIGHT_WRIST,0.6013282537460327,0.528468906879425,0.3065445125102997,0.5854333639144897,0.9474260807037354
2720,90667,LEFT_PINKY,0.29449790716171265,0.5637189745903015,0.5367502570152283,0.39807283878326416,0.9991532564163208
2720,90667,RIGHT_PINKY,0.6025431752204895,0.5420446991920471,0.2971378564834595,0.5456008315086365,0.9606406092643738
2720,90667,LEFT_INDEX,0.29735445976257324,0.5631864666938782,0.5537607073783875,0.39913418889045715,0.9991029500961304
2720,90667,RIGHT_INDEX,0.6125185489654541,0.5416397452354431,0.31541386246681213,0.5437012910842896,0.9580416679382324
2720,90667,LEFT_THUMB,0.3052998185157776,0.5572154521942139,0.552863597869873,0.378600537776947,0.9993433356285095
2720,90667,RIGHT_THUMB,0.6028750538825989,0.5353662371635437,0.31056472659111023,0.5103568434715271,0.9582669138908386
2720,90667,LEFT_HIP,0.5096330642700195,0.5236042737960815,0.09627488255500793,0.9989714622497559,0.9999622106552124
2720,90667,RIGHT_HIP,0.6229081153869629,0.5186686515808105,-0.09745466709136963,0.9994798898696899,0.9995205402374268
2720,90667,LEFT_KNEE,0.5147639513015747,0.6562719345092773,0.19379782676696777,0.6503170132637024,0.9995132684707642
2720,90667,RIGHT_KNEE,0.6158190369606018,0.655971348285675,-0.06818947941064835,0.9565839767456055,0.9958816766738892
2720,90667,LEFT_ANKLE,0.5133082270622253,0.790034294128418,-0.018460538238286972,0.8448965549468994,0.998391330242157
2720,90667,RIGHT_ANKLE,0.538845956325531,0.7488740086555481,-0.24033701419830322,0.977733850479126,0.9978148937225342
2720,90667,LEFT_HEEL,0.5135486721992493,0.8130833506584167,-0.056851476430892944,0.8556579947471619,0.9973036050796509
2720,90667,RIGHT_HEEL,0.5115751624107361,0.7559648156166077,-0.2605607211589813,0.9546061158180237,0.9977144002914429
2720,90667,LEFT_FOOT_INDEX,0.5416776537895203,0.8269570469856262,-0.16278675198554993,0.8519214987754822,0.9942750334739685
2720,90667,RIGHT_FOOT_INDEX,0.5383096933364868,0.8031430840492249,-0.3736461400985718,0.9615839719772339,0.99715256690979
2721,90700,NOSE,0.4572994112968445,0.31308773159980774,0.9856453537940979,0.9783247113227844,0.999843955039978
2721,90700,LEFT_EYE_INNER,0.45375576615333557,0.30329522490501404,0.9495777487754822,0.9819620847702026,0.9998077750205994
2721,90700,LEFT_EYE,0.4478844702243805,0.30398306250572205,0.9495207667350769,0.9832497239112854,0.9998059868812561
2721,90700,LEFT_EYE_OUTER,0.4437306523323059,0.30452457070350647,0.949597954750061,0.9831984043121338,0.9997900128364563
2721,90700,RIGHT_EYE_INNER,0.4677939713001251,0.3015613853931427,0.9599499106407166,0.9751472473144531,0.9997953772544861
2721,90700,RIGHT_EYE,0.47294872999191284,0.30093178153038025,0.9598586559295654,0.974645733833313,0.9997742772102356
2721,90700,RIGHT_EYE_OUTER,0.47766757011413574,0.30056020617485046,0.9595633149147034,0.9724387526512146,0.9997405409812927
2721,90700,LEFT_EAR,0.4447014033794403,0.3090837895870209,0.7313897609710693,0.9815342426300049,0.9998860359191895
2721,90700,RIGHT_EAR,0.4971795082092285,0.30485624074935913,0.7809773087501526,0.9821285009384155,0.9998003840446472
2721,90700,MOUTH_LEFT,0.4530670940876007,0.3222377896308899,0.9072745442390442,0.9844776391983032,0.9998809099197388
2721,90700,MOUTH_RIGHT,0.47065043449401855,0.32047757506370544,0.92184978723526,0.9790875315666199,0.9998502731323242
2721,90700,LEFT_SHOULDER,0.4241069555282593,0.3608816862106323,0.5360652804374695,0.9993264079093933,0.9999583959579468
2721,90700,RIGHT_SHOULDER,0.5867404341697693,0.36391401290893555,0.5619590282440186,0.9996042251586914,0.9993614554405212
2721,90700,LEFT_ELBOW,0.3731841742992401,0.4511674642562866,0.3620568811893463,0.7058788537979126,0.999278724193573
2721,90700,RIGHT_ELBOW,0.5494456887245178,0.45129451155662537,0.500721275806427,0.7884413003921509,0.9906936287879944
2721,90700,LEFT_WRIST,0.29745855927467346,0.5055218935012817,0.2623390257358551,0.4891810417175293,0.9963623881340027
2721,90700,RIGHT_WRIST,0.45022061467170715,0.5054557919502258,0.46721529960632324,0.5331243276596069,0.9823415875434875
2721,90700,LEFT_PINKY,0.2584368884563446,0.542140007019043,0.2034107893705368,0.4198506772518158,0.995872437953949
2721,90700,RIGHT_PINKY,0.43608325719833374,0.5159252882003784,0.45168477296829224,0.4970742464065552,0.9871286153793335
2721,90700,LEFT_INDEX,0.2702893614768982,0.5302221179008484,0.22296999394893646,0.4202559292316437,0.9957274198532104
2721,90700,RIGHT_INDEX,0.4142347276210785,0.5178834795951843,0.4531030058860779,0.4951995611190796,0.9847989678382874
2721,90700,LEFT_THUMB,0.28930649161338806,0.5188078880310059,0.2643605172634125,0.39456766843795776,0.9963908791542053
2721,90700,RIGHT_THUMB,0.4157150983810425,0.5134207606315613,0.4648332893848419,0.46567848324775696,0.9856263995170593
2721,90700,LEFT_HIP,0.5260412693023682,0.5062952637672424,0.08331112563610077,0.999061644077301,0.9999476671218872
2721,90700,RIGHT_HIP,0.6373959183692932,0.494394451379776,-0.08416837453842163,0.9994818568229675,0.9996247291564941
2721,90700,LEFT_KNEE,0.5305415987968445,0.655314028263092,-0.00992431491613388,0.6726848483085632,0.9996863603591919
2721,90700,RIGHT_KNEE,0.6458151936531067,0.619223415851593,-0.12301009148359299,0.9521092772483826,0.9975559711456299
2721,90700,LEFT_ANKLE,0.5275810956954956,0.7993645071983337,-0.3346541225910187,0.8554118871688843,0.9987574815750122
2721,90700,RIGHT_ANKLE,0.5838344693183899,0.682879626750946,-0.321184903383255,0.9591696858406067,0.998408854007721
2721,90700,LEFT_HEEL,0.5287290215492249,0.8254923224449158,-0.382095605134964,0.8627228140830994,0.997661828994751
2721,90700,RIGHT_HEEL,0.5644650459289551,0.6863481998443604,-0.34448134899139404,0.9438852071762085,0.9985948204994202
2721,90700,LEFT_FOOT_INDEX,0.5402637124061584,0.8313049674034119,-0.5469629764556885,0.8511381149291992,0.9958600401878357
2721,90700,RIGHT_FOOT_INDEX,0.5929964780807495,0.7208495736122131,-0.43225741386413574,0.9366567134857178,0.9987599849700928
2722,90733,NOSE,0.43479931354522705,0.3009020686149597,0.7676272392272949,0.98027104139328,0.9999915361404419
2722,90733,LEFT_EYE_INNER,0.4315824508666992,0.2905425727367401,0.7184736728668213,0.9835280776023865,0.9999855756759644
2722,90733,LEFT_EYE,0.42788246273994446,0.29104962944984436,0.7183104753494263,0.984718918800354,0.999984860420227
2722,90733,LEFT_EYE_OUTER,0.423890084028244,0.2916501760482788,0.7183340787887573,0.9846642017364502,0.9999818801879883
2722,90733,RIGHT_EYE_INNER,0.44481778144836426,0.28809189796447754,0.7420340180397034,0.977348804473877,0.9999849796295166
2722,90733,RIGHT_EYE,0.4494860768318176,0.2873522937297821,0.7420257925987244,0.9769301414489746,0.9999831914901733
2722,90733,RIGHT_EYE_OUTER,0.4532032608985901,0.2869395613670349,0.7418904304504395,0.9748877286911011,0.9999793767929077
2722,90733,LEFT_EAR,0.4273504912853241,0.29604580998420715,0.5015161037445068,0.9832158088684082,0.9999902248382568
2722,90733,RIGHT_EAR,0.4733341932296753,0.28967535495758057,0.6025984287261963,0.9835898876190186,0.9999825954437256
2722,90733,MOUTH_LEFT,0.4344053566455841,0.3105235993862152,0.6914867162704468,0.9857977628707886,0.9999872446060181
2722,90733,MOUTH_RIGHT,0.4496932029724121,0.30750802159309387,0.7215636968612671,0.9807716608047485,0.9999833106994629
2722,90733,LEFT_SHOULDER,0.42944905161857605,0.33894726634025574,0.46436136960983276,0.9993888735771179,0.999990701675415
2722,90733,RIGHT_SHOULDER,0.5846050977706909,0.3385695517063141,0.5037230849266052,0.9995751976966858,0.999861478805542
2722,90733,LEFT_ELBOW,0.38001683354377747,0.3973548114299774,0.3158232569694519,0.7076423764228821,0.9999294281005859
2722,90733,RIGHT_ELBOW,0.5597985982894897,0.4294922649860382,0.46946436166763306,0.7166748046875,0.9991034865379333
2722,90733,LEFT_WRIST,0.2759041488170624,0.43834683299064636,0.4936631917953491,0.5183467268943787,0.9996994733810425
2722,90733,RIGHT_WRIST,0.5112147331237793,0.49462470412254333,0.45302432775497437,0.48347267508506775,0.9977476000785828
2722,90733,LEFT_PINKY,0.270192950963974,0.450480580329895,0.47715240716934204,0.4518613815307617,0.9994816184043884
2722,90733,RIGHT_PINKY,0.506037175655365,0.506208598613739,0.4629906415939331,0.4521797299385071,0.9975965619087219
2722,90733,LEFT_INDEX,0.2752076983451843,0.4427432715892792,0.5074139833450317,0.4519355595111847,0.9995415210723877
2722,90733,RIGHT_INDEX,0.4894953966140747,0.5096789598464966,0.4384605288505554,0.45009762048721313,0.9971761703491211
2722,90733,LEFT_THUMB,0.293206125497818,0.4379572868347168,0.5134521126747131,0.42173895239830017,0.9996046423912048
2722,90733,RIGHT_THUMB,0.48837095499038696,0.504885196685791,0.44352155923843384,0.42456305027008057,0.997681736946106
2722,90733,LEFT_HIP,0.5373871922492981,0.49540480971336365,-0.045390088111162186,0.9991553425788879,0.9999998807907104
2722,90733,RIGHT_HIP,0.6484962105751038,0.48134031891822815,0.04439876228570938,0.9995311498641968,0.9999986886978149
2722,90733,LEFT_KNEE,0.5368444919586182,0.6491377949714661,-0.1961006075143814,0.704914927482605,0.999987006187439
2722,90733,RIGHT_KNEE,0.6648756861686707,0.5694605708122253,0.41336196660995483,0.9328631162643433,0.9996365308761597
2722,90733,LEFT_ANKLE,0.5401161909103394,0.7907953262329102,-0.5405482649803162,0.8691349029541016,0.9998881816864014
2722,90733,RIGHT_ANKLE,0.7049487829208374,0.6206880807876587,0.434647798538208,0.9373406767845154,0.99972003698349
2722,90733,LEFT_HEEL,0.5517572164535522,0.8158034682273865,-0.5790475606918335,0.8760305047035217,0.9997591376304626
2722,90733,RIGHT_HEEL,0.7029151916503906,0.6257808804512024,0.4324563443660736,0.9393215179443359,0.9997695088386536
2722,90733,LEFT_FOOT_INDEX,0.5295880436897278,0.8252444863319397,-0.7241500020027161,0.859388530254364,0.9990851879119873
2722,90733,RIGHT_FOOT_INDEX,0.7010870575904846,0.6588717103004456,0.4171418845653534,0.8902289271354675,0.999575674533844
2723,90767,NOSE,0.4246572256088257,0.2956337630748749,0.9099297523498535,0.9819984436035156,0.9999775886535645
2723,90767,LEFT_EYE_INNER,0.42256373167037964,0.2857361137866974,0.8512669801712036,0.9850723147392273,0.9999442100524902
2723,90767,LEFT_EYE,0.41970589756965637,0.2858700454235077,0.8512530326843262,0.9861250519752502,0.9999412298202515
2723,90767,LEFT_EYE_OUTER,0.4160724878311157,0.286002516746521,0.8512696027755737,0.9860740900039673,0.9999141693115234
2723,90767,RIGHT_EYE_INNER,0.4306834638118744,0.2844869792461395,0.8923904299736023,0.9794973731040955,0.9999656677246094
2723,90767,RIGHT_EYE,0.43837833404541016,0.2826326787471771,0.8923495411872864,0.9791089296340942,0.9999672174453735
2723,90767,RIGHT_EYE_OUTER,0.44101738929748535,0.28212931752204895,0.8919735550880432,0.9772921800613403,0.9999624490737915
2723,90767,LEFT_EAR,0.4189428687095642,0.28833287954330444,0.6080187559127808,0.9847505688667297,0.9999438524246216
2723,90767,RIGHT_EAR,0.45646998286247253,0.2832895815372467,0.7930991649627686,0.9851278066635132,0.999981164932251
2723,90767,MOUTH_LEFT,0.42621010541915894,0.3060135841369629,0.8260635137557983,0.986768901348114,0.9999614953994751
2723,90767,MOUTH_RIGHT,0.4402652978897095,0.3035595118999481,0.8799689412117004,0.9821825623512268,0.9999758005142212
2723,90767,LEFT_SHOULDER,0.42499616742134094,0.3202303647994995,0.3802003562450409,0.9994359016418457,0.9997373223304749
2723,90767,RIGHT_SHOULDER,0.5829165577888489,0.3317226469516754,0.669961154460907,0.9995017051696777,0.999815046787262
2723,90767,LEFT_ELBOW,0.3482590317726135,0.34419503808021545,0.11534671485424042,0.7069582939147949,0.9915640354156494
2723,90767,RIGHT_ELBOW,0.6491705179214478,0.40579161047935486,0.6509225368499756,0.6696942448616028,0.9874849915504456
2723,90767,LEFT_WRIST,0.28488999605178833,0.3590907156467438,-0.05028420314192772,0.5426194071769714,0.9047520160675049
2723,90767,RIGHT_WRIST,0.6662051677703857,0.46847060322761536,0.6705706715583801,0.4387234151363373,0.9384517669677734
2723,90767,LEFT_PINKY,0.2667677700519562,0.364767462015152,-0.09853208065032959,0.48135843873023987,0.9113682508468628
2723,90767,RIGHT_PINKY,0.6802623867988586,0.48134899139404297,0.6871827840805054,0.41014838218688965,0.9336572885513306
2723,90767,LEFT_INDEX,0.2729915380477905,0.36338651180267334,-0.06741432845592499,0.4795031249523163,0.8831591606140137
2723,90767,RIGHT_INDEX,0.661697268486023,0.4877711832523346,0.648999810218811,0.4079330265522003,0.9152403473854065
2723,90767,LEFT_THUMB,0.28400149941444397,0.3620021343231201,-0.039792269468307495,0.4428272247314453,0.881428062915802
2723,90767,RIGHT_THUMB,0.6537612676620483,0.48040375113487244,0.6556967496871948,0.38579127192497253,0.9231477975845337
2723,90767,LEFT_HIP,0.5426879525184631,0.47995877265930176,-0.07480370998382568,0.9992352724075317,0.9999710321426392
2723,90767,RIGHT_HIP,0.6479327082633972,0.4668327867984772,0.07378450781106949,0.9995359778404236,0.9998798370361328
2723,90767,LEFT_KNEE,0.5405917167663574,0.6425599455833435,-0.18483948707580566,0.7321540117263794,0.9922927618026733
2723,90767,RIGHT_KNEE,0.7458393573760986,0.5840513706207275,0.10467146337032318,0.926952600479126,0.9888572096824646
2723,90767,LEFT_ANKLE,0.5484641194343567,0.7907245755195618,-0.40911009907722473,0.8662985563278198,0.9574127197265625
2723,90767,RIGHT_ANKLE,0.7381206154823303,0.5398316383361816,0.1459042727947235,0.8697377443313599,0.9828819036483765
2723,90767,LEFT_HEEL,0.5674480199813843,0.8154702186584473,-0.43831148743629456,0.8716413974761963,0.9463143348693848
2723,90767,RIGHT_HEEL,0.7201708555221558,0.5294573903083801,0.1605779528617859,0.9028937816619873,0.9818482398986816
2723,90767,LEFT_FOOT_INDEX,0.5096359848976135,0.8239669799804688,-0.5581847429275513,0.8305180668830872,0.927409291267395
2723,90767,RIGHT_FOOT_INDEX,0.7544333338737488,0.5304250121116638,0.18159765005111694,0.822524905204773,0.9845521450042725
2724,90800,NOSE,0.40461280941963196,0.2865291237831116,0.627878725528717,0.9836854934692383,0.9999483823776245
2724,90800,LEFT_EYE_INNER,0.40570613741874695,0.27480974793434143,0.5486915707588196,0.9865135550498962,0.9999023675918579
2724,90800,LEFT_EYE,0.40539276599884033,0.27451425790786743,0.5487334132194519,0.9874564409255981,0.9998980760574341
2724,90800,LEFT_EYE_OUTER,0.40441542863845825,0.2742476761341095,0.5487120151519775,0.9874070286750793,0.9998542070388794
2724,90800,RIGHT_EYE_INNER,0.4088726341724396,0.2742408812046051,0.6959364414215088,0.9814857244491577,0.9999206066131592
2724,90800,RIGHT_EYE,0.41668596863746643,0.27205872535705566,0.6964015960693359,0.9811280965805054,0.9999172687530518
2724,90800,RIGHT_EYE_OUTER,0.419067919254303,0.27138423919677734,0.6965521574020386,0.9795101284980774,0.9998964071273804
2724,90800,LEFT_EAR,0.4171295762062073,0.27443641424179077,0.30757853388786316,0.9862141609191895,0.9999011754989624
2724,90800,RIGHT_EAR,0.4388502240180969,0.2707308828830719,0.5599879622459412,0.986495852470398,0.999931812286377
2724,90800,MOUTH_LEFT,0.41271987557411194,0.2958219051361084,0.5386365652084351,0.9876317381858826,0.9998589754104614
2724,90800,MOUTH_RIGHT,0.42009979486465454,0.29430150985717773,0.8326249122619629,0.9833492636680603,0.9998835325241089
2724,90800,LEFT_SHOULDER,0.4274550676345825,0.3095385432243347,0.08112584054470062,0.9994754195213318,0.999603807926178
2724,90800,RIGHT_SHOULDER,0.5663837790489197,0.31793126463890076,0.5536885857582092,0.9992740154266357,0.9993268251419067
2724,90800,LEFT_ELBOW,0.3195803761482239,0.3189908564090729,0.07171297818422318,0.7034893035888672,0.993961751461029
2724,90800,RIGHT_ELBOW,0.6372290849685669,0.395955890417099,0.589756429195404,0.610842764377594,0.9802180528640747
2724,90800,LEFT_WRIST,0.238306924700737,0.3194558918476105,0.30951547622680664,0.5413915514945984,0.9609604477882385
2724,90800,RIGHT_WRIST,0.6373701691627502,0.46326732635498047,0.5408291816711426,0.39600706100463867,0.9453865885734558
2724,90800,LEFT_PINKY,0.23264789581298828,0.3178436756134033,0.3005885183811188,0.478217214345932,0.9532465934753418
2724,90800,RIGHT_PINKY,0.6433414220809937,0.4788307249546051,0.5418118238449097,0.37058475613594055,0.942493200302124
2724,90800,LEFT_INDEX,0.24358971416950226,0.3146466314792633,0.31099265813827515,0.475607693195343,0.941311776638031
2724,90800,RIGHT_INDEX,0.6267274022102356,0.4865252673625946,0.5019724369049072,0.368500679731369,0.9309395551681519
2724,90800,LEFT_THUMB,0.25748875737190247,0.3140562176704407,0.32372382283210754,0.4385059177875519,0.9456404447555542
2724,90800,RIGHT_THUMB,0.6228024959564209,0.4772384464740753,0.5198526978492737,0.3490214943885803,0.9380967020988464
2724,90800,LEFT_HIP,0.5505964756011963,0.47926437854766846,-0.13306280970573425,0.9993042945861816,0.999956488609314
2724,90800,RIGHT_HIP,0.6360617280006409,0.4635899066925049,0.13260574638843536,0.9994939565658569,0.9997829794883728
2724,90800,LEFT_KNEE,0.5483627915382385,0.6401082873344421,-0.32006001472473145,0.7571449279785156,0.9992392063140869
2724,90800,RIGHT_KNEE,0.7702662348747253,0.5676278471946716,0.036674853414297104,0.9166998863220215,0.9978664517402649
2724,90800,LEFT_ANKLE,0.5618987083435059,0.7902162671089172,-0.4430297315120697,0.8742149472236633,0.9921047687530518
2724,90800,RIGHT_ANKLE,0.8318990468978882,0.5102201104164124,0.11964643001556396,0.8422752022743225,0.9940802454948425
2724,90800,LEFT_HEEL,0.5777093172073364,0.8154156804084778,-0.4575335681438446,0.8776661157608032,0.9868469834327698
2724,90800,RIGHT_HEEL,0.8281424045562744,0.5010834336280823,0.1395687609910965,0.8833879828453064,0.9921172261238098
2724,90800,LEFT_FOOT_INDEX,0.5074049830436707,0.8273496031761169,-0.5894399285316467,0.8322871327400208,0.9718503355979919
2724,90800,RIGHT_FOOT_INDEX,0.8759766817092896,0.49669480323791504,0.13595463335514069,0.790381133556366,0.9917105436325073
2725,90833,NOSE,0.40872126817703247,0.27097514271736145,0.041040048003196716,0.9851589798927307,0.999910831451416
2725,90833,LEFT_EYE_INNER,0.41015246510505676,0.2600690722465515,-0.010903279297053814,0.9873837232589722,0.9998123049736023
2725,90833,LEFT_EYE,0.4096764922142029,0.25938186049461365,-0.010990332812070847,0.9881286025047302,0.9997782111167908
2725,90833,LEFT_EYE_OUTER,0.40871572494506836,0.25881823897361755,-0.010876890271902084,0.9880478978157043,0.9996787309646606
2725,90833,RIGHT_EYE_INNER,0.415639191865921,0.2593182623386383,0.02136995643377304,0.9830887317657471,0.9998923540115356
2725,90833,RIGHT_EYE,0.4185781180858612,0.25827303528785706,0.021383726969361305,0.9827073216438293,0.9999023675918579
2725,90833,RIGHT_EYE_OUTER,0.4202246069908142,0.2575261890888214,0.021107450127601624,0.9813121557235718,0.9998968839645386
2725,90833,LEFT_EAR,0.4162106513977051,0.26041537523269653,-0.1439323127269745,0.9870740175247192,0.9996790885925293
2725,90833,RIGHT_EAR,0.43627238273620605,0.2565867602825165,-0.001924054929986596,0.9874778389930725,0.9999328851699829
2725,90833,MOUTH_LEFT,0.41415783762931824,0.2815606892108917,0.003393009537830949,0.9884530305862427,0.9997884631156921
2725,90833,MOUTH_RIGHT,0.41868314146995544,0.28147977590560913,0.0500590056180954,0.9847058057785034,0.9998856782913208
2725,90833,LEFT_SHOULDER,0.4297110438346863,0.2974186837673187,-0.2384950816631317,0.9994824528694153,0.9990881681442261
2725,90833,RIGHT_SHOULDER,0.5144659280776978,0.31705906987190247,0.07641692459583282,0.9993422031402588,0.9999297857284546
2725,90833,LEFT_ELBOW,0.33423522114753723,0.2908943295478821,-0.37893396615982056,0.7231782078742981,0.9976891279220581
2725,90833,RIGHT_ELBOW,0.5952966809272766,0.39873072504997253,0.1531737893819809,0.5825625658035278,0.998618483543396
2725,90833,LEFT_WRIST,0.2804393470287323,0.2678149342536926,-0.3631114959716797,0.5720521211624146,0.9977589845657349
2725,90833,RIGHT_WRIST,0.5811578035354614,0.4767753779888153,0.10725925117731094,0.3699972629547119,0.9950737357139587
2725,90833,LEFT_PINKY,0.2645252048969269,0.2772566080093384,-0.40029892325401306,0.5020653605461121,0.9973414540290833
2725,90833,RIGHT_PINKY,0.5788506865501404,0.5022656321525574,0.10631407797336578,0.3462330400943756,0.9943152070045471
2725,90833,LEFT_INDEX,0.2721450924873352,0.2752331495285034,-0.3922429084777832,0.4974222183227539,0.996904194355011
2725,90833,RIGHT_INDEX,0.5718117952346802,0.5087642073631287,0.03852071985602379,0.3436891436576843,0.993511974811554
2725,90833,LEFT_THUMB,0.27831900119781494,0.2650645673274994,-0.36181533336639404,0.4577394723892212,0.997405469417572
2725,90833,RIGHT_THUMB,0.5750159025192261,0.4985455572605133,0.07925395667552948,0.32672998309135437,0.9940370321273804
2725,90833,LEFT_HIP,0.5668765902519226,0.4728447496891022,-0.08477625995874405,0.9993234276771545,0.9997192025184631
2725,90833,RIGHT_HIP,0.6234661340713501,0.46881958842277527,0.08429457992315292,0.999540388584137,0.9999696016311646
2725,90833,LEFT_KNEE,0.7712209820747375,0.532742440700531,-0.19411413371562958,0.7673261165618896,0.9953938722610474
2725,90833,RIGHT_KNEE,0.6027413010597229,0.5931857228279114,-0.08174686133861542,0.9217182993888855,0.9996845722198486
2725,90833,LEFT_ANKLE,0.8767043352127075,0.5123810172080994,-0.06922412663698196,0.8457823395729065,0.9948089122772217
2725,90833,RIGHT_ANKLE,0.6459328532218933,0.7577055096626282,-0.20508553087711334,0.855562150478363,0.9975626468658447
2725,90833,LEFT_HEEL,0.8818705677986145,0.5162016749382019,-0.05372327193617821,0.8506194353103638,0.9948561191558838
2725,90833,RIGHT_HEEL,0.7703866362571716,0.7778975963592529,-0.23156175017356873,0.8878391981124878,0.9928165674209595
2725,90833,LEFT_FOOT_INDEX,0.928990364074707,0.4990048408508301,-0.13119462132453918,0.8101010918617249,0.9934558272361755
2725,90833,RIGHT_FOOT_INDEX,0.5834277868270874,0.7901866436004639,-0.4111241102218628,0.8050363063812256,0.9831910729408264
2726,90867,NOSE,0.4181919991970062,0.2489343136548996,0.43016311526298523,0.9865950345993042,0.9997232556343079
2726,90867,LEFT_EYE_INNER,0.4163829982280731,0.238076314330101,0.2544238269329071,0.9886016249656677,0.9996262788772583
2726,90867,LEFT_EYE,0.4138687252998352,0.2380484789609909,0.25544407963752747,0.9892722368240356,0.9996548891067505
2726,90867,LEFT_EYE_OUTER,0.4108579754829407,0.23816144466400146,0.25576671957969666,0.9891960024833679,0.9995974898338318
2726,90867,RIGHT_EYE_INNER,0.42834141850471497,0.23686619102954865,0.3597088158130646,0.984741747379303,0.9995995163917542
2726,90867,RIGHT_EYE,0.4319611191749573,0.2362617403268814,0.3601260185241699,0.9844015836715698,0.9995879530906677
2726,90867,RIGHT_EYE_OUTER,0.43730428814888,0.23513059318065643,0.3599673807621002,0.9831511974334717,0.9995028972625732
2726,90867,LEFT_EAR,0.41589802503585815,0.24401341378688812,0.18074709177017212,0.9883366823196411,0.9998086094856262
2726,90867,RIGHT_EAR,0.44960278272628784,0.23955780267715454,0.13329102098941803,0.9886903762817383,0.9996993541717529
2726,90867,MOUTH_LEFT,0.41948431730270386,0.2609112560749054,0.26555314660072327,0.9894658327102661,0.9997645020484924
2726,90867,MOUTH_RIGHT,0.4304788112640381,0.25848880410194397,0.3706814646720886,0.9860988855361938,0.9997437596321106
2726,90867,LEFT_SHOULDER,0.41547271609306335,0.28728288412094116,0.022336812689900398,0.9995212554931641,0.9999094009399414
2726,90867,RIGHT_SHOULDER,0.5207882523536682,0.29170915484428406,0.3108528256416321,0.9992377758026123,0.9991058707237244
2726,90867,LEFT_ELBOW,0.3055274188518524,0.2431803196668625,0.12866021692752838,0.7327957153320312,0.9989016056060791
2726,90867,RIGHT_ELBOW,0.6091623902320862,0.3558747470378876,0.31227630376815796,0.5549705624580383,0.9866806864738464
2726,90867,LEFT_WRIST,0.2642688751220703,0.21167652308940887,0.6023908257484436,0.5878820419311523,0.9840964078903198
2726,90867,RIGHT_WRIST,0.6108964085578918,0.4263521432876587,0.19036982953548431,0.34693968296051025,0.9701454639434814
2726,90867,LEFT_PINKY,0.2520650029182434,0.20235587656497955,0.6209272146224976,0.5145102739334106,0.9634056687355042
2726,90867,RIGHT_PINKY,0.6156185865402222,0.448993444442749,0.19736865162849426,0.3273047208786011,0.9615004658699036
2726,90867,LEFT_INDEX,0.2577807903289795,0.19973348081111908,0.616655170917511,0.5085192322731018,0.9575493335723877
2726,90867,RIGHT_INDEX,0.6053948998451233,0.4535274803638458,0.17079377174377441,0.32451167702674866,0.9505322575569153
2726,90867,LEFT_THUMB,0.267963707447052,0.20781928300857544,0.6110972762107849,0.4737844169139862,0.967961847782135
2726,90867,RIGHT_THUMB,0.6049467921257019,0.4441789388656616,0.1828315705060959,0.3086356222629547,0.9619894027709961
2726,90867,LEFT_HIP,0.5654842853546143,0.4705619812011719,-0.11637186259031296,0.9993811249732971,0.9999784231185913
2726,90867,RIGHT_HIP,0.6403869986534119,0.45267948508262634,0.11609381437301636,0.999491810798645,0.999862790107727
2726,90867,LEFT_KNEE,0.6987850666046143,0.5446875691413879,-0.24459539353847504,0.7903366088867188,0.9985377788543701
2726,90867,RIGHT_KNEE,0.7814890146255493,0.5293391346931458,0.25455039739608765,0.9030897617340088,0.9877158999443054
2726,90867,LEFT_ANKLE,0.7072383761405945,0.7249944806098938,-0.25999996066093445,0.8598265051841736,0.9740846157073975
2726,90867,RIGHT_ANKLE,0.9101343750953674,0.5114668011665344,0.43186476826667786,0.8505101203918457,0.9694246649742126
2726,90867,LEFT_HEEL,0.6922358274459839,0.7486534714698792,-0.25541096925735474,0.8637159466743469,0.9543243050575256
2726,90867,RIGHT_HEEL,0.9213194251060486,0.5108004212379456,0.451907753944397,0.8805075883865356,0.9672662615776062
2726,90867,LEFT_FOOT_INDEX,0.6274496912956238,0.7808013558387756,-0.3936631679534912,0.8190175890922546,0.8962389230728149
2726,90867,RIGHT_FOOT_INDEX,0.9598889946937561,0.49937868118286133,0.411102831363678,0.7835161089897156,0.9677734375
2727,90900,NOSE,0.4160580039024353,0.23870278894901276,0.48043668270111084,0.9879063963890076,0.9999146461486816
2727,90900,LEFT_EYE_INNER,0.4139116108417511,0.2299470156431198,0.3981626033782959,0.9897223114967346,0.9998847246170044
2727,90900,LEFT_EYE,0.4112967252731323,0.23016156256198883,0.3983897864818573,0.9903286099433899,0.9998949766159058
2727,90900,LEFT_EYE_OUTER,0.40804582834243774,0.2301648110151291,0.3984825015068054,0.9902569651603699,0.9998786449432373
2727,90900,RIGHT_EYE_INNER,0.4256937503814697,0.2286694198846817,0.4382387101650238,0.9862526059150696,0.9998892545700073
2727,90900,RIGHT_EYE,0.43028566241264343,0.22817838191986084,0.43833473324775696,0.9859483242034912,0.9998878240585327
2727,90900,RIGHT_EYE_OUTER,0.43533065915107727,0.2275523692369461,0.43815144896507263,0.9848219156265259,0.9998679161071777
2727,90900,LEFT_EAR,0.4141410291194916,0.2360990196466446,0.2215166538953781,0.9894831776618958,0.9999418258666992
2727,90900,RIGHT_EAR,0.45137500762939453,0.22997890412807465,0.26805639266967773,0.9898089170455933,0.9999366998672485
2727,90900,MOUTH_LEFT,0.4168504476547241,0.2502295672893524,0.39144065976142883,0.9904400706291199,0.99992835521698
2727,90900,MOUTH_RIGHT,0.43016859889030457,0.24825118482112885,0.4356014132499695,0.987421452999115,0.9999330043792725
2727,90900,LEFT_SHOULDER,0.4085436761379242,0.27811041474342346,0.000994522008113563,0.999561607837677,0.9999463558197021
2727,90900,RIGHT_SHOULDER,0.5331863164901733,0.29078540205955505,0.36866649985313416,0.9991711378097534,0.9997515082359314
2727,90900,LEFT_ELBOW,0.3119482100009918,0.2338385432958603,-0.002645165892317891,0.7490227222442627,0.9992827773094177
2727,90900,RIGHT_ELBOW,0.6146794557571411,0.34983232617378235,0.5035831928253174,0.5321590900421143,0.9932894110679626
2727,90900,LEFT_WRIST,0.24626381695270538,0.19566155970096588,0.1819271594285965,0.6198402643203735,0.9827949404716492
2727,90900,RIGHT_WRIST,0.6488186120986938,0.39750781655311584,0.6329714059829712,0.3229080140590668,0.9746436476707458
2727,90900,LEFT_PINKY,0.21481339633464813,0.18563131988048553,0.15516705811023712,0.549807608127594,0.9681904315948486
2727,90900,RIGHT_PINKY,0.6651758551597595,0.4112129211425781,0.6559352874755859,0.3064541816711426,0.9710721969604492
2727,90900,LEFT_INDEX,0.22141042351722717,0.1837836354970932,0.15262500941753387,0.5433857440948486,0.9638277292251587
2727,90900,RIGHT_INDEX,0.6559280157089233,0.41247329115867615,0.6237102150917053,0.30371376872062683,0.9658688902854919
2727,90900,LEFT_THUMB,0.2386905550956726,0.18792669475078583,0.18576563894748688,0.5099768042564392,0.9701594710350037
2727,90900,RIGHT_THUMB,0.6479465365409851,0.407794713973999,0.6245555281639099,0.2894247770309448,0.9711297154426575
2727,90900,LEFT_HIP,0.5639081597328186,0.46822085976600647,-0.14050178229808807,0.9994399547576904,0.9999905824661255
2727,90900,RIGHT_HIP,0.643097460269928,0.4447237253189087,0.1396951973438263,0.9995030760765076,0.9999514818191528
2727,90900,LEFT_KNEE,0.6587463617324829,0.5457077622413635,-0.2502523362636566,0.8110817074775696,0.9994760155677795
2727,90900,RIGHT_KNEE,0.7998688220977783,0.5080307126045227,0.3233765661716461,0.8875566124916077,0.9958235025405884
2727,90900,LEFT_ANKLE,0.6462645530700684,0.7685422897338867,-0.3048957586288452,0.8726556301116943,0.9905129671096802
2727,90900,RIGHT_ANKLE,0.8851252198219299,0.478597491979599,0.5671288371086121,0.8273428678512573,0.9925678968429565
2727,90900,LEFT_HEEL,0.6589226722717285,0.7955287098884583,-0.3087223172187805,0.8758692741394043,0.9851381778717041
2727,90900,RIGHT_HEEL,0.8921672701835632,0.4768806993961334,0.5953779816627502,0.8638600707054138,0.9922624826431274
2727,90900,LEFT_FOOT_INDEX,0.564868152141571,0.8193817734718323,-0.4395941197872162,0.8292920589447021,0.962536633014679
2727,90900,RIGHT_FOOT_INDEX,0.9185234904289246,0.47163066267967224,0.6036432385444641,0.748865008354187,0.9920627474784851
2728,90933,NOSE,0.41380220651626587,0.23115454614162445,0.31682389974594116,0.9890072345733643,0.9996446371078491
2728,90933,LEFT_EYE_INNER,0.4120062291622162,0.22146666049957275,0.2591155469417572,0.9906741976737976,0.9995777010917664
2728,90933,LEFT_EYE,0.40972307324409485,0.22172290086746216,0.25914135575294495,0.991237223148346,0.9996339082717896
2728,90933,LEFT_EYE_OUTER,0.406859427690506,0.2220388501882553,0.2591798007488251,0.9911518692970276,0.9996139407157898
2728,90933,RIGHT_EYE_INNER,0.4223920404911041,0.22039411962032318,0.29045113921165466,0.9875703454017639,0.9995787739753723
2728,90933,RIGHT_EYE,0.4266250431537628,0.22014333307743073,0.2903725206851959,0.9873121976852417,0.9995720982551575
2728,90933,RIGHT_EYE_OUTER,0.43092820048332214,0.2197723537683487,0.29006364941596985,0.9862866997718811,0.9995161294937134
2728,90933,LEFT_EAR,0.41259923577308655,0.22895389795303345,0.06860874593257904,0.9904572367668152,0.999854326248169
2728,90933,RIGHT_EAR,0.44868671894073486,0.22303281724452972,0.1906689703464508,0.9907858371734619,0.9997949004173279
2728,90933,MOUTH_LEFT,0.4144915044307709,0.24172504246234894,0.2544507086277008,0.9911326169967651,0.9998397827148438
2728,90933,MOUTH_RIGHT,0.42551153898239136,0.24085958302021027,0.29121801257133484,0.9884655475616455,0.9998452663421631
2728,90933,LEFT_SHOULDER,0.4070051908493042,0.2748696208000183,-0.12628832459449768,0.9995920658111572,0.9999451637268066
2728,90933,RIGHT_SHOULDER,0.5180290937423706,0.2840826213359833,0.2696179449558258,0.9990783333778381,0.9996931552886963
2728,90933,LEFT_ELBOW,0.3098994493484497,0.22689394652843475,-0.0864739790558815,0.7627765536308289,0.9990894794464111
2728,90933,RIGHT_ELBOW,0.6138286590576172,0.3482155501842499,0.3941870629787445,0.5125172734260559,0.9868756532669067
2728,90933,LEFT_WRIST,0.23973700404167175,0.1728842407464981,0.0865665152668953,0.6488142609596252,0.9726816415786743
2728,90933,RIGHT_WRIST,0.6579604744911194,0.402084082365036,0.4385637044906616,0.3035784959793091,0.924022912979126
2728,90933,LEFT_PINKY,0.2138533592224121,0.15965506434440613,0.06623382121324539,0.5818272233009338,0.9537742733955383
2728,90933,RIGHT_PINKY,0.6801956295967102,0.41629382967948914,0.44767147302627563,0.289013534784317,0.9338613152503967
2728,90933,LEFT_INDEX,0.22840645909309387,0.15669238567352295,0.06175106018781662,0.5753812193870544,0.9491888284683228
2728,90933,RIGHT_INDEX,0.6716817021369934,0.4170956611633301,0.4287458658218384,0.28632432222366333,0.9237408638000488
2728,90933,LEFT_THUMB,0.2375834435224533,0.1590251475572586,0.09021572023630142,0.5422424077987671,0.953169047832489
2728,90933,RIGHT_THUMB,0.6613014340400696,0.41202688217163086,0.43216970562934875,0.2719637453556061,0.9242512583732605
2728,90933,LEFT_HIP,0.5740911364555359,0.4661118686199188,-0.1484980434179306,0.9994858503341675,0.9999628067016602
2728,90933,RIGHT_HIP,0.6447351574897766,0.44505712389945984,0.1472160518169403,0.9994391202926636,0.9998279809951782
2728,90933,LEFT_KNEE,0.616620659828186,0.5517649054527283,-0.1988471895456314,0.8298621773719788,0.9986435770988464
2728,90933,RIGHT_KNEE,0.7659523487091064,0.48831960558891296,0.3485925495624542,0.8722548484802246,0.9840773344039917
2728,90933,LEFT_ANKLE,0.638109028339386,0.7797512412071228,-0.3018265664577484,0.8842359185218811,0.986454427242279
2728,90933,RIGHT_ANKLE,0.8461149334907532,0.480495423078537,0.5435741543769836,0.8062084913253784,0.9847389459609985
2728,90933,LEFT_HEEL,0.66462242603302,0.8074826598167419,-0.2646452784538269,0.8867549300193787,0.9801833629608154
2728,90933,RIGHT_HEEL,0.8555945754051208,0.486887663602829,0.5633148550987244,0.8490732908248901,0.9851595759391785
2728,90933,LEFT_FOOT_INDEX,0.5507103204727173,0.8250021934509277,-0.4276200234889984,0.8376079797744751,0.9609832167625427
2728,90933,RIGHT_FOOT_INDEX,0.8610804677009583,0.46451863646507263,0.5584126114845276,0.7194089293479919,0.9890146851539612
2729,90967,NOSE,0.408114492893219,0.2314155548810959,0.24377912282943726,0.9900533556938171,0.9996084570884705
2729,90967,LEFT_EYE_INNER,0.4075804054737091,0.21984821557998657,0.1891857087612152,0.991563618183136,0.9994034767150879
2729,90967,LEFT_EYE,0.40519946813583374,0.22011543810367584,0.189180389046669,0.9920800924301147,0.9994683861732483
2729,90967,LEFT_EYE_OUTER,0.40219610929489136,0.22055892646312714,0.18920503556728363,0.9919905066490173,0.9994081258773804
2729,90967,RIGHT_EYE_INNER,0.4170182943344116,0.2189437747001648,0.22598934173583984,0.9887811541557312,0.9994673132896423
2729,90967,RIGHT_EYE,0.4226628541946411,0.21828849613666534,0.22589968144893646,0.9885561466217041,0.9994595646858215
2729,90967,RIGHT_EYE_OUTER,0.42725804448127747,0.21804314851760864,0.22556017339229584,0.9876255393028259,0.9993900060653687
2729,90967,LEFT_EAR,0.40929481387138367,0.22691494226455688,0.006922846660017967,0.9913601279258728,0.9997358918190002
2729,90967,RIGHT_EAR,0.4450362026691437,0.2230483442544937,0.1638021320104599,0.9916864037513733,0.999729573726654
2729,90967,MOUTH_LEFT,0.4091249108314514,0.24353377521038055,0.18651799857616425,0.9918830394744873,0.9997619986534119
2729,90967,MOUTH_RIGHT,0.420383483171463,0.24117060005664825,0.23149991035461426,0.9895041584968567,0.9997913241386414
2729,90967,LEFT_SHOULDER,0.4061826169490814,0.27732381224632263,-0.17844775319099426,0.9996200203895569,0.999799907207489
2729,90967,RIGHT_SHOULDER,0.519658088684082,0.284664511680603,0.23565825819969177,0.9990572333335876,0.9995344877243042
2729,90967,LEFT_ELBOW,0.3087584376335144,0.22909002006053925,-0.26316070556640625,0.7786836624145508,0.9977560639381409
2729,90967,RIGHT_ELBOW,0.637082040309906,0.3506554365158081,0.36518970131874084,0.5117801427841187,0.984926700592041
2729,90967,LEFT_WRIST,0.23892655968666077,0.17391158640384674,-0.26140666007995605,0.679157018661499,0.9364832639694214
2729,90967,RIGHT_WRIST,0.6958902478218079,0.4033881723880768,0.4648626446723938,0.2950146198272705,0.9151498675346375
2729,90967,LEFT_PINKY,0.21309855580329895,0.15850795805454254,-0.3024930953979492,0.6167693138122559,0.9037660360336304
2729,90967,RIGHT_PINKY,0.7206265330314636,0.4164356291294098,0.4963687062263489,0.28148654103279114,0.9175059199333191
2729,90967,LEFT_INDEX,0.22673660516738892,0.1530587524175644,-0.30212658643722534,0.6105087995529175,0.8939580321311951
2729,90967,RIGHT_INDEX,0.7105868458747864,0.4176584482192993,0.4534844160079956,0.27886438369750977,0.9071410298347473
2729,90967,LEFT_THUMB,0.23567277193069458,0.15580838918685913,-0.2594059109687805,0.5784198641777039,0.9004834294319153
2729,90967,RIGHT_THUMB,0.6995705962181091,0.41339096426963806,0.4539831876754761,0.26470497250556946,0.9086444973945618
2729,90967,LEFT_HIP,0.5824271440505981,0.46671274304389954,-0.15101505815982819,0.9995148181915283,0.9997050166130066
2729,90967,RIGHT_HIP,0.6562026739120483,0.4466165602207184,0.1498185694217682,0.9993276596069336,0.9989591836929321
2729,90967,LEFT_KNEE,0.6032686233520508,0.5691309571266174,-0.16664685308933258,0.8465974926948547,0.992956280708313
2729,90967,RIGHT_KNEE,0.7923280596733093,0.5149158835411072,0.3113273084163666,0.8543339371681213,0.9577118754386902
2729,90967,LEFT_ANKLE,0.6368277668952942,0.785285234451294,-0.22827798128128052,0.8930324912071228,0.9326926469802856
2729,90967,RIGHT_ANKLE,0.8538181185722351,0.4978959858417511,0.5614246129989624,0.7687539458274841,0.9246860146522522
2729,90967,LEFT_HEEL,0.6676803827285767,0.8105764985084534,-0.20968763530254364,0.8950051069259644,0.9050160050392151
2729,90967,RIGHT_HEEL,0.8601733446121216,0.5033040642738342,0.5903843641281128,0.8270971775054932,0.9156154990196228
2729,90967,LEFT_FOOT_INDEX,0.5462800860404968,0.8282912373542786,-0.3246699571609497,0.8392242789268494,0.843310534954071
2729,90967,RIGHT_FOOT_INDEX,0.854678750038147,0.47857657074928284,0.612045168876648,0.6823842525482178,0.9470338225364685
2730,91000,NOSE,0.405570924282074,0.22678148746490479,0.2052498757839203,0.9909999966621399,0.9993321299552917
2730,91000,LEFT_EYE_INNER,0.40495947003364563,0.21408112347126007,0.15662260353565216,0.9923567175865173,0.9988765120506287
2730,91000,LEFT_EYE,0.4030413031578064,0.21434664726257324,0.15660490095615387,0.9928318858146667,0.9990032315254211
2730,91000,LEFT_EYE_OUTER,0.4004797041416168,0.21476773917675018,0.15669028460979462,0.9927427172660828,0.9988864064216614
2730,91000,RIGHT_EYE_INNER,0.41273072361946106,0.21326269209384918,0.20460478961467743,0.9898547530174255,0.998918890953064
2730,91000,RIGHT_EYE,0.41668701171875,0.21311821043491364,0.20451447367668152,0.9896581172943115,0.998872697353363
2730,91000,RIGHT_EYE_OUTER,0.42204007506370544,0.2122555375099182,0.20418274402618408,0.9888121485710144,0.9986520409584045
2730,91000,LEFT_EAR,0.4097093343734741,0.22131840884685516,0.0020732758566737175,0.992161214351654,0.9993588328361511
2730,91000,RIGHT_EAR,0.44073063135147095,0.21602916717529297,0.2043864130973816,0.9924906492233276,0.9992986917495728
2730,91000,MOUTH_LEFT,0.4089813232421875,0.23800833523273468,0.1570480465888977,0.9925480484962463,0.9994373917579651
2730,91000,MOUTH_RIGHT,0.41888758540153503,0.23620222508907318,0.21678097546100616,0.9904311895370483,0.9995144605636597
2730,91000,LEFT_SHOULDER,0.40812116861343384,0.2765749394893646,-0.213277667760849,0.9996436238288879,0.9993426203727722
2730,91000,RIGHT_SHOULDER,0.526977002620697,0.2718065679073334,0.29201942682266235,0.9990668892860413,0.9985536932945251
2730,91000,LEFT_ELBOW,0.30797097086906433,0.2350374460220337,-0.47263720631599426,0.7982382774353027,0.9957990050315857
2730,91000,RIGHT_ELBOW,0.6290531158447266,0.35664045810699463,0.3970593810081482,0.4796431362628937,0.9712954759597778
2730,91000,LEFT_WRIST,0.2317752242088318,0.1786789447069168,-0.610827624797821,0.7085451483726501,0.9397005438804626
2730,91000,RIGHT_WRIST,0.6894670128822327,0.4154428243637085,0.4196850061416626,0.2741280198097229,0.916032612323761
2730,91000,LEFT_PINKY,0.20370128750801086,0.15782468020915985,-0.6879888772964478,0.650728166103363,0.909537136554718
2730,91000,RIGHT_PINKY,0.700344979763031,0.4281179904937744,0.44549208879470825,0.26314303278923035,0.9176708459854126
2730,91000,LEFT_INDEX,0.21759141981601715,0.1538405567407608,-0.664865255355835,0.6445425748825073,0.8950254321098328
2730,91000,RIGHT_INDEX,0.6865349411964417,0.4290730953216553,0.40180984139442444,0.26078465580940247,0.9026554226875305
2730,91000,LEFT_THUMB,0.2284824252128601,0.15998481214046478,-0.6062809228897095,0.6147637367248535,0.9045042991638184
2730,91000,RIGHT_THUMB,0.6768008470535278,0.42515918612480164,0.40380698442459106,0.24918489158153534,0.9044424891471863
2730,91000,LEFT_HIP,0.5929350852966309,0.462295264005661,-0.16894404590129852,0.9995017647743225,0.9976334571838379
2730,91000,RIGHT_HIP,0.6690384149551392,0.4419548809528351,0.16812482476234436,0.999118983745575,0.9937671422958374
2730,91000,LEFT_KNEE,0.6084684729576111,0.58451247215271,-0.15486390888690948,0.859743595123291,0.9642273187637329
2730,91000,RIGHT_KNEE,0.8554242253303528,0.5282066464424133,0.22705191373825073,0.8234238624572754,0.9009217619895935
2730,91000,LEFT_ANKLE,0.6414449214935303,0.7906403541564941,-0.12060645967721939,0.8947802782058716,0.6252487301826477
2730,91000,RIGHT_ANKLE,0.9112382531166077,0.5372308492660522,0.3554317355155945,0.7296751141548157,0.5800635814666748
2730,91000,LEFT_HEEL,0.6696643829345703,0.8181115984916687,-0.11755438148975372,0.8952497839927673,0.5177260041236877
2730,91000,RIGHT_HEEL,0.922606885433197,0.5432351231575012,0.36942607164382935,0.7965285181999207,0.47960028052330017
2730,91000,LEFT_FOOT_INDEX,0.5464175939559937,0.8258785605430603,-0.23979374766349792,0.8257144689559937,0.43797779083251953
2730,91000,RIGHT_FOOT_INDEX,0.9046499729156494,0.529198944568634,0.32621654868125916,0.6468184590339661,0.6138685345649719
2731,91033,NOSE,0.39976468682289124,0.22738926112651825,0.20937466621398926,0.9918313026428223,0.9993317723274231
2731,91033,LEFT_EYE_INNER,0.4013463854789734,0.21495801210403442,0.15539251267910004,0.9930287003517151,0.9989223480224609
2731,91033,LEFT_EYE,0.39938560128211975,0.21504630148410797,0.1553860753774643,0.9934736490249634,0.9990243911743164
2731,91033,LEFT_EYE_OUTER,0.3968503475189209,0.21538637578487396,0.1554775983095169,0.993386447429657,0.9988644123077393
2731,91033,RIGHT_EYE_INNER,0.4097590446472168,0.21395905315876007,0.1967824399471283,0.990787148475647,0.9989571571350098
2731,91033,RIGHT_EYE,0.41400524973869324,0.21350450813770294,0.1967264860868454,0.990614652633667,0.9989232420921326
2731,91033,RIGHT_EYE_OUTER,0.41843417286872864,0.21308352053165436,0.19644400477409363,0.9898509979248047,0.998713493347168
2731,91033,LEFT_EAR,0.4074589014053345,0.22014397382736206,-0.01479304302483797,0.9928416013717651,0.9993414282798767
2731,91033,RIGHT_EAR,0.43987226486206055,0.21411865949630737,0.16435718536376953,0.9931891560554504,0.9992030262947083
2731,91033,MOUTH_LEFT,0.4028431475162506,0.23681163787841797,0.1572934240102768,0.9931083917617798,0.9992910623550415
2731,91033,MOUTH_RIGHT,0.4145699143409729,0.23474936187267303,0.20901834964752197,0.9912278652191162,0.9993759989738464
2731,91033,LEFT_SHOULDER,0.4052908718585968,0.2781827747821808,-0.1991736888885498,0.9996544122695923,0.9993226528167725
2731,91033,RIGHT_SHOULDER,0.531489372253418,0.26615312695503235,0.26423653960227966,0.9990636110305786,0.9986805319786072
2731,91033,LEFT_ELBOW,0.2987433671951294,0.243342325091362,-0.2802186906337738,0.811331570148468,0.996675968170166
2731,91033,RIGHT_ELBOW,0.6361398696899414,0.35534191131591797,0.3726446330547333,0.4663006067276001,0.9832263588905334
2731,91033,LEFT_WRIST,0.22966401278972626,0.192834734916687,-0.2158856987953186,0.7315592169761658,0.9586645364761353
2731,91033,RIGHT_WRIST,0.673642098903656,0.42056575417518616,0.3991433382034302,0.26637551188468933,0.9588794112205505
2731,91033,LEFT_PINKY,0.20405104756355286,0.17489176988601685,-0.25931528210639954,0.6765425801277161,0.924855649471283
2731,91033,RIGHT_PINKY,0.6849548816680908,0.4298078715801239,0.4200306236743927,0.25846290588378906,0.9473500847816467
2731,91033,LEFT_INDEX,0.2218882292509079,0.16852234303951263,-0.24945469200611115,0.6699973940849304,0.918540894985199
2731,91033,RIGHT_INDEX,0.6746571660041809,0.4360884130001068,0.39371025562286377,0.2561725676059723,0.9408504962921143
2731,91033,LEFT_THUMB,0.23250937461853027,0.175572469830513,-0.2110384851694107,0.6416703462600708,0.9313299655914307
2731,91033,RIGHT_THUMB,0.6697859168052673,0.4278249740600586,0.3928696811199188,0.24676969647407532,0.9495165944099426
2731,91033,LEFT_HIP,0.6050921678543091,0.4633590281009674,-0.16030678153038025,0.9994593262672424,0.9984831213951111
2731,91033,RIGHT_HIP,0.6848436594009399,0.44180405139923096,0.15947173535823822,0.9989542365074158,0.9971524477005005
2731,91033,LEFT_KNEE,0.6200215220451355,0.5965624451637268,-0.17126025259494781,0.8686151504516602,0.9715318083763123
2731,91033,RIGHT_KNEE,0.8537893295288086,0.5369883179664612,0.26515528559684753,0.7782402038574219,0.9173204898834229
2731,91033,LEFT_ANKLE,0.6441658139228821,0.7932271361351013,-0.13820530474185944,0.8972898721694946,0.5332966446876526
2731,91033,RIGHT_ANKLE,1.0082370042800903,0.5525414347648621,0.3776382803916931,0.6881078481674194,0.46752259135246277
2731,91033,LEFT_HEEL,0.6721556186676025,0.8209657669067383,-0.1405734121799469,0.8985475897789001,0.37927359342575073
2731,91033,RIGHT_HEEL,1.0380460023880005,0.5681368112564087,0.3914680778980255,0.7649780511856079,0.3423965275287628
2731,91033,LEFT_FOOT_INDEX,0.5473702549934387,0.8286309838294983,-0.2618877589702606,0.8168231844902039,0.2921260893344879
2731,91033,RIGHT_FOOT_INDEX,1.0045586824417114,0.5691648721694946,0.3491054177284241,0.6068496108055115,0.41740718483924866
2732,91067,NOSE,0.3906530737876892,0.2298082858324051,0.21042323112487793,0.9924080967903137,0.9981415271759033
2732,91067,LEFT_EYE_INNER,0.3933810591697693,0.2164500504732132,0.14985594153404236,0.993360698223114,0.9972130656242371
2732,91067,LEFT_EYE,0.39225679636001587,0.2164437174797058,0.1498228758573532,0.9938132166862488,0.9974278807640076
2732,91067,LEFT_EYE_OUTER,0.39050015807151794,0.21677519381046295,0.14988836646080017,0.993716835975647,0.996972918510437
2732,91067,RIGHT_EYE_INNER,0.40157052874565125,0.21503543853759766,0.19520144164562225,0.9914091229438782,0.9973199963569641
2732,91067,RIGHT_EYE,0.40585729479789734,0.2144111543893814,0.19520007073879242,0.9912725687026978,0.9972878694534302
2732,91067,RIGHT_EYE_OUTER,0.4099222421646118,0.21399135887622833,0.19485151767730713,0.9905834794044495,0.9967851638793945
2732,91067,LEFT_EAR,0.406828910112381,0.22068363428115845,-0.03726467862725258,0.993125319480896,0.9981847405433655
2732,91067,RIGHT_EAR,0.4344927966594696,0.21446393430233002,0.16020885109901428,0.9936330914497375,0.9979878664016724
2732,91067,MOUTH_LEFT,0.3961115777492523,0.23900146782398224,0.15360727906227112,0.9929678440093994,0.998119056224823
2732,91067,MOUTH_RIGHT,0.40446001291275024,0.23831899464130402,0.2104765623807907,0.9914034605026245,0.9983994364738464
2732,91067,LEFT_SHOULDER,0.4063907265663147,0.2814026474952698,-0.22093115746974945,0.9996240139007568,0.9985421895980835
2732,91067,RIGHT_SHOULDER,0.5332723259925842,0.2665066421031952,0.25982388854026794,0.9989502429962158,0.9974230527877808
2732,91067,LEFT_ELBOW,0.2984183132648468,0.261111319065094,-0.26847758889198303,0.8187808394432068,0.9953569769859314
2732,91067,RIGHT_ELBOW,0.6332677602767944,0.3584473133087158,0.36304590106010437,0.43564149737358093,0.977121114730835
2732,91067,LEFT_WRIST,0.22434809803962708,0.21537266671657562,-0.13955241441726685,0.7488865256309509,0.9671423435211182
2732,91067,RIGHT_WRIST,0.6593809723854065,0.42545488476753235,0.37979575991630554,0.25447946786880493,0.9615492820739746
2732,91067,LEFT_PINKY,0.1997353583574295,0.19946646690368652,-0.17891746759414673,0.6955791711807251,0.9440917372703552
2732,91067,RIGHT_PINKY,0.6662080883979797,0.4434179961681366,0.41630277037620544,0.25089022517204285,0.955096960067749
2732,91067,LEFT_INDEX,0.2176230251789093,0.18968306481838226,-0.17049646377563477,0.6886781454086304,0.9360567927360535
2732,91067,RIGHT_INDEX,0.6608517169952393,0.45141151547431946,0.3417363464832306,0.24831262230873108,0.9477729797363281
2732,91067,LEFT_THUMB,0.22509008646011353,0.19601111114025116,-0.13437308371067047,0.6609694361686707,0.9457687735557556
2732,91067,RIGHT_THUMB,0.6613406538963318,0.44199395179748535,0.3557855188846588,0.24088114500045776,0.9537427425384521
2732,91067,LEFT_HIP,0.6201345920562744,0.46444785594940186,-0.1676095575094223,0.999413788318634,0.9984819293022156
2732,91067,RIGHT_HIP,0.6931211948394775,0.442956805229187,0.1669357568025589,0.9988096356391907,0.9976704716682434
2732,91067,LEFT_KNEE,0.6276080012321472,0.6117092370986938,-0.20087547600269318,0.8729758858680725,0.9714810848236084
2732,91067,RIGHT_KNEE,0.8242803812026978,0.538246750831604,0.2682141661643982,0.7282013893127441,0.9338253140449524
2732,91067,LEFT_ANKLE,0.6432021856307983,0.8095631003379822,-0.1704678237438202,0.8879072666168213,0.5890050530433655
2732,91067,RIGHT_ANKLE,0.9285296201705933,0.653980553150177,0.3401324450969696,0.6414045691490173,0.5649277567863464
2732,91067,LEFT_HEEL,0.6695883870124817,0.8314938545227051,-0.16773290932178497,0.890798032283783,0.45358291268348694
2732,91067,RIGHT_HEEL,0.9546704292297363,0.6750341057777405,0.34858372807502747,0.718992292881012,0.42527830600738525
2732,91067,LEFT_FOOT_INDEX,0.5388141870498657,0.8377736210823059,-0.29413628578186035,0.7910358905792236,0.37794584035873413
2732,91067,RIGHT_FOOT_INDEX,0.9119463562965393,0.6722393035888672,0.2907717525959015,0.563508152961731,0.4897330403327942
2733,91100,NOSE,0.3969508111476898,0.22581613063812256,0.21194957196712494,0.9930846691131592,0.9994910955429077
2733,91100,LEFT_EYE_INNER,0.39936214685440063,0.21296124160289764,0.14731262624263763,0.993879497051239,0.9992832541465759
2733,91100,LEFT_EYE,0.397701233625412,0.21325279772281647,0.1472753882408142,0.9943109750747681,0.9992753863334656
2733,91100,LEFT_EYE_OUTER,0.3954160809516907,0.2138053923845291,0.14738516509532928,0.9942210912704468,0.9990955591201782
2733,91100,RIGHT_EYE_INNER,0.40790045261383057,0.2111196666955948,0.19269084930419922,0.9921672940254211,0.9994244575500488
2733,91100,RIGHT_EYE,0.41211047768592834,0.21029023826122284,0.1926349401473999,0.9920541048049927,0.9994459748268127
2733,91100,RIGHT_EYE_OUTER,0.4164046049118042,0.20818506181240082,0.19232073426246643,0.991442859172821,0.9993845224380493
2733,91100,LEFT_EAR,0.40786808729171753,0.21932251751422882,-0.05980983003973961,0.9936463236808777,0.9993723034858704
2733,91100,RIGHT_EAR,0.43852007389068604,0.20933105051517487,0.13979537785053253,0.994164764881134,0.9995958209037781
2733,91100,MOUTH_LEFT,0.40023285150527954,0.23494857549667358,0.14745134115219116,0.9933963418006897,0.9993250370025635
2733,91100,MOUTH_RIGHT,0.4092174172401428,0.23382161557674408,0.204727903008461,0.9920141100883484,0.9995229244232178
2733,91100,LEFT_SHOULDER,0.40703266859054565,0.28324267268180847,-0.24334369599819183,0.9996216297149658,0.9990442395210266
2733,91100,RIGHT_SHOULDER,0.5403132438659668,0.26117828488349915,0.23565199971199036,0.9989383220672607,0.9991990923881531
2733,91100,LEFT_ELBOW,0.29973113536834717,0.28699877858161926,-0.20931529998779297,0.8208121657371521,0.9974525570869446
2733,91100,RIGHT_ELBOW,0.6313431859016418,0.35583242774009705,0.35905739665031433,0.4081006944179535,0.9922129511833191
2733,91100,LEFT_WRIST,0.23077155649662018,0.21994554996490479,0.04336577281355858,0.7569551467895508,0.9871765971183777
2733,91100,RIGHT_WRIST,0.6538456082344055,0.4266863167285919,0.3767472505569458,0.24181343615055084,0.9901487827301025
2733,91100,LEFT_PINKY,0.20306633412837982,0.21407528221607208,0.022251928225159645,0.7051255702972412,0.9791133999824524
2733,91100,RIGHT_PINKY,0.6620951890945435,0.44462743401527405,0.41476184129714966,0.24156638979911804,0.9880988001823425
2733,91100,LEFT_INDEX,0.21948517858982086,0.20979858934879303,0.017224382609128952,0.6979196071624756,0.9760223031044006
2733,91100,RIGHT_INDEX,0.6540195941925049,0.4514133036136627,0.3348213732242584,0.23872239887714386,0.986681342124939
2733,91100,LEFT_THUMB,0.22745876014232635,0.21374665200710297,0.04797219857573509,0.6692970991134644,0.9800337553024292
2733,91100,RIGHT_THUMB,0.6526046991348267,0.4425888955593109,0.3556605279445648,0.23290269076824188,0.988561749458313
2733,91100,LEFT_HIP,0.631790280342102,0.46492281556129456,-0.17505286633968353,0.9994474053382874,0.9997949004173279
2733,91100,RIGHT_HIP,0.6944724917411804,0.4451262056827545,0.1744232177734375,0.9988662004470825,0.9997321963310242
2733,91100,LEFT_KNEE,0.628086268901825,0.6134525537490845,-0.22245173156261444,0.8790289163589478,0.9992161989212036
2733,91100,RIGHT_KNEE,0.8072630167007446,0.5403991341590881,0.35462549328804016,0.6934027075767517,0.9976250529289246
2733,91100,LEFT_ANKLE,0.6394640207290649,0.8064801096916199,-0.2515186071395874,0.8951339721679688,0.9820709228515625
2733,91100,RIGHT_ANKLE,0.9569821357727051,0.6373528242111206,0.45862308144569397,0.6302131414413452,0.9897379279136658
2733,91100,LEFT_HEEL,0.6654939651489258,0.8301835656166077,-0.25841885805130005,0.8968647122383118,0.9658574461936951
2733,91100,RIGHT_HEEL,1.0023703575134277,0.6653625965118408,0.4699205160140991,0.7070379853248596,0.9804256558418274
2733,91100,LEFT_FOOT_INDEX,0.5204187631607056,0.8429973125457764,-0.4081939458847046,0.8022894859313965,0.9217581748962402
2733,91100,RIGHT_FOOT_INDEX,0.933072566986084,0.6830785274505615,0.4207301139831543,0.5562711954116821,0.9705590605735779
2734,91133,NOSE,0.40059173107147217,0.2179628610610962,0.20359770953655243,0.9936764240264893,0.9991594552993774
2734,91133,LEFT_EYE_INNER,0.40263858437538147,0.20697450637817383,0.13731297850608826,0.9943733215332031,0.9989128112792969
2734,91133,LEFT_EYE,0.40050384402275085,0.20776911079883575,0.1372942328453064,0.9947522282600403,0.9988407492637634
2734,91133,LEFT_EYE_OUTER,0.3976377844810486,0.2087896317243576,0.13743488490581512,0.9946891069412231,0.9985443353652954
2734,91133,RIGHT_EYE_INNER,0.4113049805164337,0.20410829782485962,0.1932898908853531,0.992864191532135,0.9991828799247742
2734,91133,RIGHT_EYE,0.41544660925865173,0.20295625925064087,0.1931871473789215,0.9927470684051514,0.9992237091064453
2734,91133,RIGHT_EYE_OUTER,0.4199385643005371,0.20162518322467804,0.19288797676563263,0.9922206401824951,0.9991657733917236
2734,91133,LEFT_EAR,0.40691661834716797,0.2146357148885727,-0.07428249716758728,0.9941203594207764,0.9989672899246216
2734,91133,RIGHT_EAR,0.43916067481040955,0.20265519618988037,0.16811464726924896,0.9946427941322327,0.9994983673095703
2734,91133,MOUTH_LEFT,0.40207695960998535,0.2278139591217041,0.13634957373142242,0.9938070178031921,0.9987764954566956
2734,91133,MOUTH_RIGHT,0.4099017083644867,0.22626465559005737,0.2075430452823639,0.9925729036331177,0.9991748929023743
2734,91133,LEFT_SHOULDER,0.41516223549842834,0.2827189564704895,-0.273630827665329,0.999596118927002,0.9974658489227295
2734,91133,RIGHT_SHOULDER,0.5422054529190063,0.2566142976284027,0.2803162634372711,0.9988406896591187,0.9980987906455994
2734,91133,LEFT_ELBOW,0.3027998208999634,0.30483296513557434,-0.24441204965114594,0.833624541759491,0.9960172772407532
2734,91133,RIGHT_ELBOW,0.6198604106903076,0.34503185749053955,0.5309428572654724,0.37389248609542847,0.9893033504486084
2734,91133,LEFT_WRIST,0.22702153027057648,0.27080097794532776,0.031992267817258835,0.7738762497901917,0.9839533567428589
2734,91133,RIGHT_WRIST,0.5854159593582153,0.40371155738830566,0.6537244915962219,0.22672496736049652,0.9897103905677795
2734,91133,LEFT_PINKY,0.19422778487205505,0.27160879969596863,0.017851004377007484,0.7246781587600708,0.97525954246521
2734,91133,RIGHT_PINKY,0.5798767805099487,0.41928157210350037,0.6996843814849854,0.22944898903369904,0.9880602955818176
2734,91133,LEFT_INDEX,0.20453280210494995,0.26347020268440247,0.023643918335437775,0.7176398634910583,0.9710550904273987
2734,91133,RIGHT_INDEX,0.5733828544616699,0.4223548173904419,0.6415622234344482,0.22685199975967407,0.9869595170021057
2734,91133,LEFT_THUMB,0.21817603707313538,0.2614503800868988,0.04253710061311722,0.6885755062103271,0.9764572978019714
2734,91133,RIGHT_THUMB,0.5759121775627136,0.4161165952682495,0.6369756460189819,0.22354577481746674,0.988468587398529
2734,91133,LEFT_HIP,0.6378656625747681,0.46445369720458984,-0.18716607987880707,0.9994754791259766,0.9996577501296997
2734,91133,RIGHT_HIP,0.6979672908782959,0.4441295862197876,0.18659335374832153,0.998906135559082,0.9995914101600647
2734,91133,LEFT_KNEE,0.6306168437004089,0.6186239719390869,-0.2235429883003235,0.8815088272094727,0.9985492825508118
2734,91133,RIGHT_KNEE,0.751787543296814,0.5621177554130554,0.3691825568675995,0.6502853631973267,0.9970337152481079
2734,91133,LEFT_ANKLE,0.6396217942237854,0.8014382719993591,-0.2702436149120331,0.8989002108573914,0.969478189945221
2734,91133,RIGHT_ANKLE,0.9283856749534607,0.6693852543830872,0.4597907066345215,0.6043701767921448,0.9838554263114929
2734,91133,LEFT_HEEL,0.6663311719894409,0.824998676776886,-0.2777935862541199,0.8983414173126221,0.941779375076294
2734,91133,RIGHT_HEEL,0.9423403739929199,0.6901614665985107,0.4706766903400421,0.6812167167663574,0.9691460132598877
2734,91133,LEFT_FOOT_INDEX,0.520750105381012,0.8372592926025391,-0.4098815619945526,0.8074033260345459,0.9017037749290466
2734,91133,RIGHT_FOOT_INDEX,0.83087158203125,0.7044215202331543,0.4303547143936157,0.5370216965675354,0.9614576101303101
2735,91167,NOSE,0.40531113743782043,0.21297836303710938,0.24018234014511108,0.9939160943031311,0.9990516304969788
2735,91167,LEFT_EYE_INNER,0.4043526351451874,0.20245616137981415,0.15953871607780457,0.9944126009941101,0.9987908005714417
2735,91167,LEFT_EYE,0.40096762776374817,0.20375418663024902,0.1593787968158722,0.9947416186332703,0.998785674571991
2735,91167,LEFT_EYE_OUTER,0.3992358446121216,0.20577020943164825,0.15972667932510376,0.9947413206100464,0.9985162615776062
2735,91167,RIGHT_EYE_INNER,0.4150761663913727,0.19882936775684357,0.20333239436149597,0.9932043552398682,0.9989472031593323
2735,91167,RIGHT_EYE,0.41890060901641846,0.19773709774017334,0.20275042951107025,0.9931113719940186,0.9989845156669617
2735,91167,RIGHT_EYE_OUTER,0.4263681471347809,0.19587208330631256,0.2022247016429901,0.9926905632019043,0.9988563060760498
2735,91167,LEFT_EAR,0.40830197930336,0.21171270310878754,-0.0160392876714468,0.9941692352294922,0.9988125562667847
2735,91167,RIGHT_EAR,0.44495245814323425,0.19841955602169037,0.1796194165945053,0.9946238994598389,0.999169111251831
2735,91167,MOUTH_LEFT,0.40834781527519226,0.22395145893096924,0.15908251702785492,0.9932128190994263,0.9985353946685791
2735,91167,MOUTH_RIGHT,0.4242534339427948,0.2203625589609146,0.21501107513904572,0.9922215342521667,0.9989926218986511
2735,91167,LEFT_SHOULDER,0.4188319742679596,0.2848718762397766,-0.22846199572086334,0.9994892477989197,0.9969087243080139
2735,91167,RIGHT_SHOULDER,0.5621857643127441,0.25586479902267456,0.2744882106781006,0.9985406398773193,0.9983716607093811
2735,91167,LEFT_ELBOW,0.3029758334159851,0.32426971197128296,-0.13602764904499054,0.8405730128288269,0.9949404001235962
2735,91167,RIGHT_ELBOW,0.6266830563545227,0.3489157259464264,0.3290018141269684,0.3602125942707062,0.9917473793029785
2735,91167,LEFT_WRIST,0.22711297869682312,0.307660847902298,0.269924521446228,0.7730583548545837,0.982113778591156
2735,91167,RIGHT_WRIST,0.6193777918815613,0.4108491837978363,0.13592831790447235,0.23451241850852966,0.9892657995223999
2735,91167,LEFT_PINKY,0.1977328509092331,0.30769774317741394,0.268010675907135,0.721189022064209,0.9753895998001099
2735,91167,RIGHT_PINKY,0.6244449019432068,0.42677605152130127,0.13307076692581177,0.24319875240325928,0.9879000186920166
2735,91167,LEFT_INDEX,0.2083820104598999,0.2949230372905731,0.27427566051483154,0.7143041491508484,0.9720739126205444
2735,91167,RIGHT_INDEX,0.6147865653038025,0.4296956956386566,0.07241512089967728,0.24000796675682068,0.9864472150802612
2735,91167,LEFT_THUMB,0.2219700962305069,0.2975071370601654,0.28173020482063293,0.6855495572090149,0.974680483341217
2735,91167,RIGHT_THUMB,0.6126113533973694,0.42364001274108887,0.10811427235603333,0.2341950386762619,0.9871916770935059
2735,91167,LEFT_HIP,0.6439372301101685,0.4660336971282959,-0.19658565521240234,0.9993811845779419,0.9992474317550659
2735,91167,RIGHT_HIP,0.6910768151283264,0.4463963210582733,0.19631297886371613,0.9985604286193848,0.9990195035934448
2735,91167,LEFT_KNEE,0.6407827138900757,0.6213992834091187,-0.20307719707489014,0.8773211240768433,0.9948505759239197
2735,91167,RIGHT_KNEE,0.659563422203064,0.5926083326339722,0.3367407023906708,0.6055171489715576,0.9905270338058472
2735,91167,LEFT_ANKLE,0.647259533405304,0.8013641238212585,-0.1786866933107376,0.8746175169944763,0.9186987280845642
2735,91167,RIGHT_ANKLE,0.6772087812423706,0.7588323950767517,0.3514150083065033,0.56605464220047,0.9559519290924072
2735,91167,LEFT_HEEL,0.6797891855239868,0.8247371315956116,-0.18203134834766388,0.867601752281189,0.8690128326416016
2735,91167,RIGHT_HEEL,0.6928326487541199,0.7861403822898865,0.35020941495895386,0.6438576579093933,0.9257153868675232
2735,91167,LEFT_FOOT_INDEX,0.5223697423934937,0.8382788300514221,-0.33397701382637024,0.7800029516220093,0.8390197157859802
2735,91167,RIGHT_FOOT_INDEX,0.5995174646377563,0.7982404232025146,0.23273564875125885,0.509636402130127,0.9169946312904358
2736,91200,NOSE,0.412753164768219,0.2078523188829422,0.057097889482975006,0.9943535923957825,0.9983308911323547
2736,91200,LEFT_EYE_INNER,0.40614399313926697,0.1979379653930664,-0.00022141147928778082,0.9948050379753113,0.9978797435760498
2736,91200,LEFT_EYE,0.40268832445144653,0.19928430020809174,-0.0001581004762556404,0.9950703978538513,0.9976699948310852
2736,91200,LEFT_EYE_OUTER,0.4009854793548584,0.20099705457687378,-9.846942703006789e-05,0.995103657245636,0.9973740577697754
2736,91200,RIGHT_EYE_INNER,0.4169405698776245,0.19414716958999634,0.046493589878082275,0.9937533736228943,0.9985067248344421
2736,91200,RIGHT_EYE,0.4205859899520874,0.19300012290477753,0.04631737247109413,0.99366694688797,0.9987290501594543
2736,91200,RIGHT_EYE_OUTER,0.4293906092643738,0.19088689982891083,0.04599739611148834,0.9933334589004517,0.9988466501235962
2736,91200,LEFT_EAR,0.4092250168323517,0.2074296474456787,-0.1659470498561859,0.9945476651191711,0.9981586337089539
2736,91200,RIGHT_EAR,0.44896042346954346,0.19315673410892487,0.04185827448964119,0.9950346350669861,0.9994076490402222
2736,91200,MOUTH_LEFT,0.4157871901988983,0.22084833681583405,0.002656830009073019,0.9937894940376282,0.9991530179977417
2736,91200,MOUTH_RIGHT,0.43331295251846313,0.21660399436950684,0.06305727362632751,0.9928709268569946,0.9994571805000305
2736,91200,LEFT_SHOULDER,0.45733198523521423,0.2829807698726654,-0.3116493821144104,0.9994897246360779,0.9984846711158752
2736,91200,RIGHT_SHOULDER,0.5293203592300415,0.2502515912055969,0.1804879754781723,0.9984855651855469,0.9994558691978455
2736,91200,LEFT_ELBOW,0.513044536113739,0.3546157777309418,-0.3060680031776428,0.8399165868759155,0.9900964498519897
2736,91200,RIGHT_ELBOW,0.42360785603523254,0.33899447321891785,0.25860369205474854,0.3712981939315796,0.9980962872505188
2736,91200,LEFT_WRIST,0.4426482617855072,0.38671863079071045,-0.20128726959228516,0.7506570219993591,0.9888082146644592
2736,91200,RIGHT_WRIST,0.2678646445274353,0.3482394218444824,0.10836953669786453,0.2754077613353729,0.9965893030166626
2736,91200,LEFT_PINKY,0.42656806111335754,0.3967551290988922,-0.23213613033294678,0.6975926160812378,0.9894681572914124
2736,91200,RIGHT_PINKY,0.24689047038555145,0.3537452518939972,0.10179515928030014,0.27913734316825867,0.995566189289093
2736,91200,LEFT_INDEX,0.41714298725128174,0.3859758675098419,-0.22351299226284027,0.6895447969436646,0.9897708892822266
2736,91200,RIGHT_INDEX,0.2385951727628708,0.34944891929626465,0.04716549068689346,0.27718818187713623,0.9950881600379944
2736,91200,LEFT_THUMB,0.427989661693573,0.38123080134391785,-0.19368976354599,0.6594130992889404,0.9898797273635864
2736,91200,RIGHT_THUMB,0.25195997953414917,0.3479870855808258,0.07981371879577637,0.27035006880760193,0.9959293007850647
2736,91200,LEFT_HIP,0.6639548540115356,0.4650759994983673,-0.18953879177570343,0.9994222521781921,0.999836802482605
2736,91200,RIGHT_HIP,0.6779525876045227,0.4477914869785309,0.18928688764572144,0.9985661506652832,0.9997439980506897
2736,91200,LEFT_KNEE,0.6369640231132507,0.621187150478363,-0.208411306142807,0.8886544704437256,0.9999130964279175
2736,91200,RIGHT_KNEE,0.5862115025520325,0.5852089524269104,0.5266856551170349,0.5748123526573181,0.9993994235992432
2736,91200,LEFT_ANKLE,0.653041660785675,0.7993062138557434,-0.2606349587440491,0.8854824900627136,0.9949102997779846
2736,91200,RIGHT_ANKLE,0.5636996626853943,0.7023020386695862,0.811126708984375,0.5503958463668823,0.9980960488319397
2736,91200,LEFT_HEEL,0.6835165023803711,0.822772204875946,-0.2765371799468994,0.8713355660438538,0.9891377091407776
2736,91200,RIGHT_HEEL,0.5812278389930725,0.7217941880226135,0.8365006446838379,0.6216098666191101,0.9975075721740723
2736,91200,LEFT_FOOT_INDEX,0.5265200138092041,0.8371691703796387,-0.4495227038860321,0.7974697351455688,0.9817091226577759
2736,91200,RIGHT_FOOT_INDEX,0.4490099549293518,0.7296395897865295,0.810422420501709,0.5167697668075562,0.9975720047950745
2737,91233,NOSE,0.4126359224319458,0.20687006413936615,0.11080306768417358,0.9947019219398499,0.9992037415504456
2737,91233,LEFT_EYE_INNER,0.40751752257347107,0.1955312043428421,0.04766058176755905,0.9950175881385803,0.998996913433075
2737,91233,LEFT_EYE,0.40404608845710754,0.19664888083934784,0.04762384667992592,0.9952338933944702,0.99894779920578
2737,91233,LEFT_EYE_OUTER,0.40157485008239746,0.19805921614170074,0.04768316075205803,0.9953344464302063,0.9988107681274414
2737,91233,RIGHT_EYE_INNER,0.4179682731628418,0.1920458823442459,0.10084255039691925,0.9941595196723938,0.9991776347160339
2737,91233,RIGHT_EYE,0.4217289984226227,0.19087882339954376,0.10085169225931168,0.9940779209136963,0.9992203712463379
2737,91233,RIGHT_EYE_OUTER,0.42977577447891235,0.18901427090168,0.10057612508535385,0.9938016533851624,0.9991863369941711
2737,91233,LEFT_EAR,0.4113842248916626,0.20443861186504364,-0.15086445212364197,0.9946048259735107,0.9991117119789124
2737,91233,RIGHT_EAR,0.44917699694633484,0.1918557733297348,0.08682841062545776,0.9950637221336365,0.9994387030601501
2737,91233,MOUTH_LEFT,0.4165556728839874,0.21935640275478363,0.046261753886938095,0.9941494464874268,0.9994626641273499
2737,91233,MOUTH_RIGHT,0.43287819623947144,0.2161446362733841,0.11529885232448578,0.9931780695915222,0.9995619654655457
2737,91233,LEFT_SHOULDER,0.46402573585510254,0.27798351645469666,-0.3580513596534729,0.999530017375946,0.9996938705444336
2737,91233,RIGHT_SHOULDER,0.5317211747169495,0.25116267800331116,0.20770111680030823,0.9984052777290344,0.999349057674408
2737,91233,LEFT_ELBOW,0.4399392306804657,0.3581189215183258,-0.385633647441864,0.8523256182670593,0.9989356398582458
2737,91233,RIGHT_ELBOW,0.5546414852142334,0.3362431824207306,0.29316407442092896,0.3449116349220276,0.9973095655441284
2737,91233,LEFT_WRIST,0.43477895855903625,0.3785909414291382,-0.2370443493127823,0.7645172476768494,0.9980350136756897
2737,91233,RIGHT_WRIST,0.519832193851471,0.34928420186042786,0.21700815856456757,0.27022337913513184,0.9965307116508484
2737,91233,LEFT_PINKY,0.4225687086582184,0.3958497941493988,-0.2736797034740448,0.7129504680633545,0.9974900484085083
2737,91233,RIGHT_PINKY,0.5183669328689575,0.3733057677745819,0.2251669317483902,0.2753582000732422,0.9967203736305237
2737,91233,LEFT_INDEX,0.3520701825618744,0.3812183141708374,-0.25198134779930115,0.7050759196281433,0.9975109100341797
2737,91233,RIGHT_INDEX,0.50644451379776,0.38294723629951477,0.17794477939605713,0.272996723651886,0.9959776997566223
2737,91233,LEFT_THUMB,0.37109899520874023,0.3741447925567627,-0.222268745303154,0.6720052361488342,0.9975878000259399
2737,91233,RIGHT_THUMB,0.5082482099533081,0.3784612715244293,0.19748355448246002,0.2648686170578003,0.9961791038513184
2737,91233,LEFT_HIP,0.6691805124282837,0.4630708396434784,-0.20673097670078278,0.9994735717773438,0.9999599456787109
2737,91233,RIGHT_HIP,0.663711667060852,0.4477250277996063,0.20641742646694183,0.998598039150238,0.9998121857643127
2737,91233,LEFT_KNEE,0.6181456446647644,0.6037257313728333,-0.31030064821243286,0.8987542390823364,0.9999655485153198
2737,91233,RIGHT_KNEE,0.5314843058586121,0.566716730594635,0.5545141100883484,0.5384935736656189,0.9992464780807495
2737,91233,LEFT_ANKLE,0.6503968834877014,0.7866119742393494,-0.41376638412475586,0.8948784470558167,0.998524010181427
2737,91233,RIGHT_ANKLE,0.46317487955093384,0.6832490563392639,0.828326940536499,0.5363637804985046,0.9988961219787598
2737,91233,LEFT_HEEL,0.6798862218856812,0.8124342560768127,-0.432636559009552,0.872362494468689,0.9967756867408752
2737,91233,RIGHT_HEEL,0.47894150018692017,0.707129716873169,0.8530195355415344,0.6052473783493042,0.9988307356834412
2737,91233,LEFT_FOOT_INDEX,0.5237919092178345,0.8356028199195862,-0.6101340651512146,0.8129605054855347,0.9950915575027466
2737,91233,RIGHT_FOOT_INDEX,0.3319963812828064,0.7105558514595032,0.8472095131874084,0.5265849232673645,0.9990730285644531
2738,91267,NOSE,0.412982702255249,0.20585177838802338,0.06824089586734772,0.9946376085281372,0.998304009437561
2738,91267,LEFT_EYE_INNER,0.41003915667533875,0.19394655525684357,0.009576861746609211,0.9948838949203491,0.9981805086135864
2738,91267,LEFT_EYE,0.40701577067375183,0.195038303732872,0.009437406435608864,0.9949794411659241,0.9981809854507446
2738,91267,LEFT_EYE_OUTER,0.4049481749534607,0.19635583460330963,0.009449973702430725,0.9952352643013,0.9980965256690979
2738,91267,RIGHT_EYE_INNER,0.4196576774120331,0.19080740213394165,0.07892857491970062,0.9941953420639038,0.9986351132392883
2738,91267,RIGHT_EYE,0.4230198264122009,0.18982678651809692,0.07902254164218903,0.9941425323486328,0.9987972974777222
2738,91267,RIGHT_EYE_OUTER,0.4317724108695984,0.1878139227628708,0.07880856096744537,0.9939797520637512,0.9988343119621277
2738,91267,LEFT_EAR,0.41614997386932373,0.20307780802249908,-0.17371803522109985,0.9944069981575012,0.9988632202148438
2738,91267,RIGHT_EAR,0.4536190629005432,0.19079037010669708,0.11983875930309296,0.994692862033844,0.9992976188659668
2738,91267,MOUTH_LEFT,0.41897714138031006,0.21840763092041016,0.007197339553385973,0.9942357540130615,0.9992915391921997
2738,91267,MOUTH_RIGHT,0.4329940676689148,0.21661730110645294,0.09792030602693558,0.9929525256156921,0.9994749426841736
2738,91267,LEFT_SHOULDER,0.46987053751945496,0.2774551808834076,-0.38530585169792175,0.999570906162262,0.9997676014900208
2738,91267,RIGHT_SHOULDER,0.5329311490058899,0.25361451506614685,0.2849291265010834,0.9983763694763184,0.9996762275695801
2738,91267,LEFT_ELBOW,0.4349311590194702,0.3670002222061157,-0.4601750373840332,0.865875780582428,0.9984930753707886
2738,91267,RIGHT_ELBOW,0.5861566662788391,0.34012243151664734,0.34861963987350464,0.3183760941028595,0.9974181652069092
2738,91267,LEFT_WRIST,0.37405404448509216,0.40442970395088196,-0.3747563064098358,0.7816938757896423,0.9935330152511597
2738,91267,RIGHT_WRIST,0.6029892563819885,0.39764368534088135,0.23470325767993927,0.25848954916000366,0.9925165772438049
2738,91267,LEFT_PINKY,0.3815687596797943,0.42567798495292664,-0.41893312335014343,0.7317514419555664,0.9917810559272766
2738,91267,RIGHT_PINKY,0.6135467886924744,0.41747477650642395,0.24198222160339355,0.2644401490688324,0.992154061794281
2738,91267,LEFT_INDEX,0.34660276770591736,0.41939160227775574,-0.3933050334453583,0.7239006161689758,0.9923194050788879
2738,91267,RIGHT_INDEX,0.6027576327323914,0.42779305577278137,0.18710528314113617,0.26157572865486145,0.9913355708122253
2738,91267,LEFT_THUMB,0.3586733937263489,0.41138336062431335,-0.3597950041294098,0.688808023929596,0.992774248123169
2738,91267,RIGHT_THUMB,0.6003040075302124,0.4238491952419281,0.20860780775547028,0.2529888153076172,0.9919440746307373
2738,91267,LEFT_HIP,0.6658872961997986,0.4644429683685303,-0.2079145312309265,0.9995071887969971,0.9998239874839783
2738,91267,RIGHT_HIP,0.6485865712165833,0.448912650346756,0.207723930478096,0.9984785318374634,0.9995535016059875
2738,91267,LEFT_KNEE,0.6315099000930786,0.6076449751853943,-0.3518412113189697,0.9082052111625671,0.9997902512550354
2738,91267,RIGHT_KNEE,0.4851623773574829,0.559082567691803,0.49921485781669617,0.5477203726768494,0.9986639022827148
2738,91267,LEFT_ANKLE,0.6514577865600586,0.7791104912757874,-0.41855141520500183,0.9030598402023315,0.995120108127594
2738,91267,RIGHT_ANKLE,0.35600772500038147,0.6749160885810852,0.4749618172645569,0.5588459372520447,0.9975903034210205
2738,91267,LEFT_HEEL,0.6764143705368042,0.8069595694541931,-0.43554171919822693,0.8704255819320679,0.9898514747619629
2738,91267,RIGHT_HEEL,0.36177393794059753,0.7011706829071045,0.4701322913169861,0.6237415671348572,0.9973700046539307
2738,91267,LEFT_FOOT_INDEX,0.5338724851608276,0.835402250289917,-0.6229318380355835,0.8268832564353943,0.9889541864395142
2738,91267,RIGHT_FOOT_INDEX,0.23060420155525208,0.6660550832748413,0.44100886583328247,0.5616365075111389,0.9969242215156555
2739,91300,NOSE,0.4182173013687134,0.2069045752286911,0.031269997358322144,0.9948962330818176,0.9994456171989441
2739,91300,LEFT_EYE_INNER,0.41682612895965576,0.19453400373458862,-0.02541074901819229,0.9950709939002991,0.9992457628250122
2739,91300,LEFT_EYE,0.4150678515434265,0.19527220726013184,-0.02558889612555504,0.9950741529464722,0.9992066025733948
2739,91300,LEFT_EYE_OUTER,0.41392606496810913,0.1962738186120987,-0.025568867102265358,0.9954133629798889,0.9991287589073181
2739,91300,RIGHT_EYE_INNER,0.42376795411109924,0.19174034893512726,0.050098713487386703,0.9944940209388733,0.9994852542877197
2739,91300,RIGHT_EYE,0.42654338479042053,0.1907268613576889,0.050121009349823,0.9944812059402466,0.999566376209259
2739,91300,RIGHT_EYE_OUTER,0.4339830279350281,0.18904413282871246,0.04989253357052803,0.9944122433662415,0.9996036887168884
2739,91300,LEFT_EAR,0.4279501438140869,0.20133523643016815,-0.1892654001712799,0.9945331811904907,0.9993797540664673
2739,91300,RIGHT_EAR,0.4565518796443939,0.1916864514350891,0.13289156556129456,0.9948378205299377,0.9997796416282654
2739,91300,MOUTH_LEFT,0.4305177330970764,0.2179919332265854,-0.02259690687060356,0.994592010974884,0.9997623562812805
2739,91300,MOUTH_RIGHT,0.4393501877784729,0.2166709303855896,0.0752464234828949,0.9933614730834961,0.9998561143875122
2739,91300,LEFT_SHOULDER,0.4955526888370514,0.26759228110313416,-0.3999781310558319,0.9996085166931152,0.9998476505279541
2739,91300,RIGHT_SHOULDER,0.534842848777771,0.25570622086524963,0.3459461033344269,0.9984737634658813,0.9999207258224487
2739,91300,LEFT_ELBOW,0.4478553235530853,0.3588672876358032,-0.4625023305416107,0.8776199817657471,0.9987402558326721
2739,91300,RIGHT_ELBOW,0.5902518033981323,0.34060418605804443,0.4401535391807556,0.2949528098106384,0.999202311038971
2739,91300,LEFT_WRIST,0.34929803013801575,0.4198668301105499,-0.3102596700191498,0.7974464893341064,0.99458247423172
2739,91300,RIGHT_WRIST,0.5769802331924438,0.42290493845939636,0.250544935464859,0.25039923191070557,0.9973535537719727
2739,91300,LEFT_PINKY,0.3337985575199127,0.4329257309436798,-0.34606197476387024,0.7486476898193359,0.9935857653617859
2739,91300,RIGHT_PINKY,0.5704845786094666,0.4407297372817993,0.25726112723350525,0.2569247782230377,0.9969391822814941
2739,91300,LEFT_INDEX,0.3233502209186554,0.42806196212768555,-0.3244999051094055,0.7405797243118286,0.9937216639518738
2739,91300,RIGHT_INDEX,0.5568559169769287,0.44668734073638916,0.2138853669166565,0.2543109953403473,0.9968230724334717
2739,91300,LEFT_THUMB,0.3366434574127197,0.42443808913230896,-0.2950122058391571,0.7039524912834167,0.9940698146820068
2739,91300,RIGHT_THUMB,0.5602421760559082,0.4432566463947296,0.22493067383766174,0.2456536889076233,0.9972121119499207
2739,91300,LEFT_HIP,0.665627658367157,0.464489221572876,-0.20978999137878418,0.9995200037956238,0.9995591044425964
2739,91300,RIGHT_HIP,0.636775553226471,0.44944775104522705,0.20970402657985687,0.9984617829322815,0.9993987083435059
2739,91300,LEFT_KNEE,0.6393042206764221,0.6099540591239929,-0.31134194135665894,0.9169389605522156,0.9996621608734131
2739,91300,RIGHT_KNEE,0.4371243119239807,0.5321285724639893,0.053412068635225296,0.5747342705726624,0.9992048144340515
2739,91300,LEFT_ANKLE,0.6503347754478455,0.7775049805641174,-0.20779463648796082,0.9109629988670349,0.9935996532440186
2739,91300,RIGHT_ANKLE,0.2845308780670166,0.6557143926620483,-0.04012022912502289,0.5915226936340332,0.9970762729644775
2739,91300,LEFT_HEEL,0.674622118473053,0.8036585450172424,-0.21170392632484436,0.8711531758308411,0.9877293705940247
2739,91300,RIGHT_HEEL,0.2686273157596588,0.6941287517547607,-0.055083613842725754,0.6493629813194275,0.9963762164115906
2739,91300,LEFT_FOOT_INDEX,0.5403822660446167,0.831972599029541,-0.4025953412055969,0.8406467437744141,0.9911495447158813
2739,91300,RIGHT_FOOT_INDEX,0.14818349480628967,0.630517303943634,-0.1409265100955963,0.6002192497253418,0.9958518743515015
2740,91333,NOSE,0.43061143159866333,0.20755289494991302,0.06424520909786224,0.9953228831291199,0.9997594952583313
2740,91333,LEFT_EYE_INNER,0.4254089593887329,0.19537349045276642,-0.002575901336967945,0.9954802393913269,0.9996145963668823
2740,91333,LEFT_EYE,0.4241434633731842,0.1960434913635254,-0.002649553818628192,0.9954609274864197,0.9995869994163513
2740,91333,LEFT_EYE_OUTER,0.42295241355895996,0.19697891175746918,-0.002622525440528989,0.9957780838012695,0.9995421171188354
2740,91333,RIGHT_EYE_INNER,0.4306774437427521,0.1925186663866043,0.07148387283086777,0.9949668645858765,0.9997153878211975
2740,91333,RIGHT_EYE,0.43540143966674805,0.19079537689685822,0.07146531343460083,0.994964063167572,0.9997426867485046
2740,91333,RIGHT_EYE_OUTER,0.44045624136924744,0.1891798973083496,0.07127493619918823,0.9949097633361816,0.9997443556785583
2740,91333,LEFT_EAR,0.4378080666065216,0.20173996686935425,-0.20383641123771667,0.9949770569801331,0.9996645450592041
2740,91333,RIGHT_EAR,0.465059757232666,0.19096766412258148,0.13074995577335358,0.9952088594436646,0.9998470544815063
2740,91333,MOUTH_LEFT,0.44342607259750366,0.21907533705234528,-0.001464672852307558,0.9950553774833679,0.9998419284820557
2740,91333,MOUTH_RIGHT,0.44903960824012756,0.2175249308347702,0.09446949511766434,0.9939222931861877,0.9998949766159058
2740,91333,LEFT_SHOULDER,0.5052352547645569,0.26925793290138245,-0.4370019733905792,0.9996434450149536,0.9998624324798584
2740,91333,RIGHT_SHOULDER,0.5587962865829468,0.25142723321914673,0.33125317096710205,0.9985581636428833,0.9999010562896729
2740,91333,LEFT_ELBOW,0.47342532873153687,0.37921273708343506,-0.4205041825771332,0.8880311846733093,0.9993858337402344
2740,91333,RIGHT_ELBOW,0.6030389070510864,0.34249889850616455,0.46469396352767944,0.27383261919021606,0.9994109869003296
2740,91333,LEFT_WRIST,0.3603645861148834,0.4435941278934479,-0.19700106978416443,0.8112727403640747,0.9984788298606873
2740,91333,RIGHT_WRIST,0.5581734776496887,0.4227806627750397,0.3565341532230377,0.2387373298406601,0.9988112449645996
2740,91333,LEFT_PINKY,0.34421485662460327,0.4482327401638031,-0.20727841556072235,0.7621321678161621,0.9978876709938049
2740,91333,RIGHT_PINKY,0.5442594885826111,0.4401338994503021,0.3677119314670563,0.24551627039909363,0.9985881447792053
2740,91333,LEFT_INDEX,0.3345077335834503,0.45436373353004456,-0.18055734038352966,0.7540255188941956,0.9978249073028564
2740,91333,RIGHT_INDEX,0.5295397639274597,0.4427323341369629,0.30110496282577515,0.2435007393360138,0.9985559582710266
2740,91333,LEFT_THUMB,0.34658074378967285,0.44939056038856506,-0.16654443740844727,0.7164445519447327,0.9981182813644409
2740,91333,RIGHT_THUMB,0.5344812273979187,0.4405430555343628,0.3233267366886139,0.23551952838897705,0.9987357258796692
2740,91333,LEFT_HIP,0.6592332720756531,0.46470725536346436,-0.22410736978054047,0.9995564222335815,0.9997833371162415
2740,91333,RIGHT_HIP,0.6383017301559448,0.4500664174556732,0.22377289831638336,0.9985644817352295,0.9997469782829285
2740,91333,LEFT_KNEE,0.6387255191802979,0.613770067691803,-0.23268485069274902,0.9251298308372498,0.9998637437820435
2740,91333,RIGHT_KNEE,0.40217846632003784,0.5170958638191223,0.18614092469215393,0.6078905463218689,0.9996993541717529
2740,91333,LEFT_ANKLE,0.6497350931167603,0.778313398361206,-0.09812278300523758,0.9193456172943115,0.9977486729621887
2740,91333,RIGHT_ANKLE,0.22648896276950836,0.635342538356781,0.18374674022197723,0.6277053952217102,0.9990618824958801
2740,91333,LEFT_HEEL,0.67386394739151,0.8035505414009094,-0.09334763884544373,0.879203736782074,0.9960858821868896
2740,91333,RIGHT_HEEL,0.20374242961406708,0.6772375106811523,0.1776684671640396,0.6764360666275024,0.9988628625869751
2740,91333,LEFT_FOOT_INDEX,0.541627049446106,0.829495370388031,-0.24899877607822418,0.8550226092338562,0.9965342283248901
2740,91333,RIGHT_FOOT_INDEX,0.09432780742645264,0.6050288081169128,0.11814188957214355,0.6367740631103516,0.9983918070793152
2741,91367,NOSE,0.4327463209629059,0.2078533172607422,0.07985679060220718,0.9957559704780579,0.999733030796051
2741,91367,LEFT_EYE_INNER,0.4282740652561188,0.19559966027736664,0.010914923623204231,0.9958999156951904,0.9995829463005066
2741,91367,LEFT_EYE,0.42796820402145386,0.19585733115673065,0.010826611891388893,0.995875895023346,0.9995759129524231
2741,91367,LEFT_EYE_OUTER,0.4272858202457428,0.19638580083847046,0.01078938040882349,0.9961673021316528,0.9995570778846741
2741,91367,RIGHT_EYE_INNER,0.43331336975097656,0.19300566613674164,0.08294594287872314,0.9954341053962708,0.9996205568313599
2741,91367,RIGHT_EYE,0.43754562735557556,0.19136439263820648,0.08295950293540955,0.9954327344894409,0.9996260404586792
2741,91367,RIGHT_EYE_OUTER,0.4419001340866089,0.18981261551380157,0.0827903300523758,0.9953846335411072,0.9995939135551453
2741,91367,LEFT_EAR,0.44325050711631775,0.19979451596736908,-0.1988089233636856,0.9954496622085571,0.9997492432594299
2741,91367,RIGHT_EAR,0.4697350859642029,0.1902461051940918,0.12749037146568298,0.9956237077713013,0.9997699856758118
2741,91367,MOUTH_LEFT,0.44756001234054565,0.21856927871704102,0.012293477542698383,0.9955198168754578,0.9997639060020447
2741,91367,MOUTH_RIGHT,0.45254796743392944,0.216775044798851,0.10524048656225204,0.9944834113121033,0.9997890591621399
2741,91367,LEFT_SHOULDER,0.5035527348518372,0.2693144679069519,-0.4302651882171631,0.9996758699417114,0.999874472618103
2741,91367,RIGHT_SHOULDER,0.5779644846916199,0.250015527009964,0.32191693782806396,0.9986250996589661,0.9996806383132935
2741,91367,LEFT_ELBOW,0.4836471378803253,0.3909722566604614,-0.3829561471939087,0.8982396721839905,0.9993239641189575
2741,91367,RIGHT_ELBOW,0.6276952624320984,0.3435533940792084,0.48189428448677063,0.25170737504959106,0.9979764819145203
2741,91367,LEFT_WRIST,0.3845139145851135,0.46565449237823486,-0.014479667879641056,0.8237833976745605,0.9977420568466187
2741,91367,RIGHT_WRIST,0.5815773606300354,0.42397889494895935,0.4775615632534027,0.22092154622077942,0.9958029389381409
2741,91367,LEFT_PINKY,0.3647381663322449,0.48358944058418274,-0.01856989599764347,0.7733844518661499,0.9959678649902344
2741,91367,RIGHT_PINKY,0.5716038942337036,0.4409233033657074,0.5095789432525635,0.2274797111749649,0.9947916269302368
2741,91367,LEFT_INDEX,0.3548406958580017,0.48425617814064026,0.005519506987184286,0.7652361392974854,0.9958645105361938
2741,91367,RIGHT_INDEX,0.5507659912109375,0.4425801932811737,0.44216883182525635,0.22586342692375183,0.9947891235351562
2741,91367,LEFT_THUMB,0.36590689420700073,0.47414734959602356,0.01079174317419529,0.7270795702934265,0.9966444969177246
2741,91367,RIGHT_THUMB,0.5536113381385803,0.4394467771053314,0.44806259870529175,0.21897660195827484,0.9951664209365845
2741,91367,LEFT_HIP,0.6376677751541138,0.4650706946849823,-0.22119943797588348,0.9995841979980469,0.9996614456176758
2741,91367,RIGHT_HIP,0.640060305595398,0.45347705483436584,0.22080005705356598,0.9986342787742615,0.9993537068367004
2741,91367,LEFT_KNEE,0.6367417573928833,0.6178922653198242,-0.14261801540851593,0.9324270486831665,0.9991036057472229
2741,91367,RIGHT_KNEE,0.4351409375667572,0.5273618102073669,0.2118879109621048,0.6338358521461487,0.9978158473968506
2741,91367,LEFT_ANKLE,0.6501616835594177,0.7788965702056885,0.03836633265018463,0.9262929558753967,0.9852826595306396
2741,91367,RIGHT_ANKLE,0.1938355416059494,0.6231080889701843,0.2667235732078552,0.6561349630355835,0.9895483255386353
2741,91367,LEFT_HEEL,0.6748707294464111,0.8036561608314514,0.05045009404420853,0.8810260891914368,0.9756818413734436
2741,91367,RIGHT_HEEL,0.17464624345302582,0.6646472215652466,0.2667742073535919,0.6910536885261536,0.9861059188842773
2741,91367,LEFT_FOOT_INDEX,0.5519444346427917,0.8259730935096741,-0.08280564844608307,0.8650867342948914,0.9806215167045593
2741,91367,RIGHT_FOOT_INDEX,0.08194579929113388,0.6048582196235657,0.2109948694705963,0.6630275249481201,0.9850954413414001
2742,91400,NOSE,0.4334457516670227,0.2077021449804306,0.009725249372422695,0.9960843324661255,0.9995763897895813
2742,91400,LEFT_EYE_INNER,0.431300550699234,0.19469626247882843,-0.051026467233896255,0.9962005019187927,0.999395489692688
2742,91400,LEFT_EYE,0.43145379424095154,0.19475562870502472,-0.0511632114648819,0.9961526989936829,0.999382495880127
2742,91400,LEFT_EYE_OUTER,0.43122026324272156,0.1950530856847763,-0.05119974911212921,0.9964398145675659,0.9993491768836975
2742,91400,RIGHT_EYE_INNER,0.43489131331443787,0.192483589053154,0.023842284455895424,0.9957752227783203,0.9994937181472778
2742,91400,RIGHT_EYE,0.4383948743343353,0.19099630415439606,0.02385220117866993,0.9957767724990845,0.9995248317718506
2742,91400,RIGHT_EYE_OUTER,0.44202426075935364,0.18967951834201813,0.023680400103330612,0.9957409501075745,0.9995205402374268
2742,91400,LEFT_EAR,0.45082688331604004,0.19784152507781982,-0.21168988943099976,0.9957837462425232,0.9995846152305603
2742,91400,RIGHT_EAR,0.47138524055480957,0.18967348337173462,0.12340563535690308,0.995810329914093,0.9997357726097107
2742,91400,MOUTH_LEFT,0.4503328800201416,0.21795178949832916,-0.03921494260430336,0.9958708882331848,0.9997256398200989
2742,91400,MOUTH_RIGHT,0.45337843894958496,0.21629714965820312,0.05772889032959938,0.994904637336731,0.9997885823249817
2742,91400,LEFT_SHOULDER,0.5138652920722961,0.2676208019256592,-0.4239354431629181,0.999703049659729,0.9998549222946167
2742,91400,RIGHT_SHOULDER,0.5751734972000122,0.2510426342487335,0.34150150418281555,0.998687744140625,0.9998589754104614
2742,91400,LEFT_ELBOW,0.5038394927978516,0.3823964595794678,-0.42167791724205017,0.904983401298523,0.9991482496261597
2742,91400,RIGHT_ELBOW,0.6249749064445496,0.3437475264072418,0.5069546103477478,0.23175756633281708,0.9989792108535767
2742,91400,LEFT_WRIST,0.42846718430519104,0.4626965820789337,-0.03557106852531433,0.8288002610206604,0.9973767995834351
2742,91400,RIGHT_WRIST,0.5763356685638428,0.4230154752731323,0.4759517014026642,0.2046957165002823,0.9978354573249817
2742,91400,LEFT_PINKY,0.40657758712768555,0.48886892199516296,-0.054425254464149475,0.7753555774688721,0.9957637786865234
2742,91400,RIGHT_PINKY,0.5668182373046875,0.4400970935821533,0.4999695420265198,0.21124422550201416,0.9971036314964294
2742,91400,LEFT_INDEX,0.3990638852119446,0.4865877628326416,-0.031707365065813065,0.7665784358978271,0.9955483675003052
2742,91400,RIGHT_INDEX,0.5504121780395508,0.44231632351875305,0.4401633143424988,0.2100372165441513,0.9971910119056702
2742,91400,LEFT_THUMB,0.4037889838218689,0.47702834010124207,0.00466402480378747,0.726504385471344,0.9963676929473877
2742,91400,RIGHT_THUMB,0.552635133266449,0.43886080384254456,0.44784116744995117,0.20382274687290192,0.9974510073661804
2742,91400,LEFT_HIP,0.6241730451583862,0.4659784734249115,-0.2224450409412384,0.9996123909950256,0.9997866749763489
2742,91400,RIGHT_HIP,0.6026562452316284,0.45364412665367126,0.2220335602760315,0.9987390041351318,0.9997511506080627
2742,91400,LEFT_KNEE,0.6354816555976868,0.618231475353241,-0.11845240741968155,0.9391074776649475,0.9997389912605286
2742,91400,RIGHT_KNEE,0.3668500781059265,0.49731743335723877,0.10076063126325607,0.6665855646133423,0.9997269511222839
2742,91400,LEFT_ANKLE,0.6498060822486877,0.7788863778114319,0.07299862802028656,0.9332974553108215,0.9976033568382263
2742,91400,RIGHT_ANKLE,0.15039268136024475,0.611205518245697,0.08201846480369568,0.6888567805290222,0.9991658926010132
2742,91400,LEFT_HEEL,0.674068808555603,0.8018105030059814,0.0852062925696373,0.8870186805725098,0.9963823556900024
2742,91400,RIGHT_HEEL,0.13406477868556976,0.6468949317932129,0.07266926765441895,0.7177879214286804,0.9988710284233093
2742,91400,LEFT_FOOT_INDEX,0.5523414611816406,0.8257102966308594,-0.09130042046308517,0.8774122595787048,0.9968896508216858
2742,91400,RIGHT_FOOT_INDEX,0.022764623165130615,0.5702084898948669,-0.03145204111933708,0.6953434944152832,0.9980898499488831
2743,91433,NOSE,0.4333394169807434,0.20866809785366058,-0.05264212563633919,0.9964076280593872,0.9994125366210938
2743,91433,LEFT_EYE_INNER,0.4328979551792145,0.19576358795166016,-0.10345222055912018,0.9965108036994934,0.9992144107818604
2743,91433,LEFT_EYE,0.4339185655117035,0.19577710330486298,-0.10354503989219666,0.9964646697044373,0.9992347955703735
2743,91433,LEFT_EYE_OUTER,0.4346568286418915,0.19597375392913818,-0.10352244228124619,0.9967353343963623,0.9992232322692871
2743,91433,RIGHT_EYE_INNER,0.43531808257102966,0.1936010867357254,-0.03218591585755348,0.9961156249046326,0.9992448091506958
2743,91433,RIGHT_EYE,0.4385967552661896,0.19216972589492798,-0.03217475861310959,0.9961216449737549,0.9992719292640686
2743,91433,RIGHT_EYE_OUTER,0.4420343339443207,0.1908380389213562,-0.03236570209264755,0.9960923790931702,0.9992454051971436
2743,91433,LEFT_EAR,0.4570678174495697,0.19827760756015778,-0.22292709350585938,0.9961376786231995,0.9994970560073853
2743,91433,RIGHT_EAR,0.47098708152770996,0.19106753170490265,0.09712614119052887,0.9960930943489075,0.999514102935791
2743,91433,MOUTH_LEFT,0.4505278468132019,0.21904246509075165,-0.087376169860363,0.9962190389633179,0.99958735704422
2743,91433,MOUTH_RIGHT,0.4527728855609894,0.21725930273532867,0.004428318701684475,0.9953164458274841,0.999616265296936
2743,91433,LEFT_SHOULDER,0.520386278629303,0.2687486708164215,-0.4111963212490082,0.9997283816337585,0.9998602867126465
2743,91433,RIGHT_SHOULDER,0.5613170862197876,0.2532189190387726,0.3334130346775055,0.9987074732780457,0.9996397495269775
2743,91433,LEFT_ELBOW,0.5229613184928894,0.3820328712463379,-0.44825106859207153,0.9117745161056519,0.9992988109588623
2743,91433,RIGHT_ELBOW,0.5762656331062317,0.35136398673057556,0.4725567698478699,0.21342191100120544,0.9987465143203735
2743,91433,LEFT_WRIST,0.4889717698097229,0.4828287363052368,-0.23035135865211487,0.8381156921386719,0.9987475872039795
2743,91433,RIGHT_WRIST,0.5170957446098328,0.4373217821121216,0.43023353815078735,0.19204919040203094,0.9982032775878906
2743,91433,LEFT_PINKY,0.4881974756717682,0.5013636946678162,-0.25068992376327515,0.784855306148529,0.9975710511207581
2743,91433,RIGHT_PINKY,0.5012034773826599,0.4581608772277832,0.447723388671875,0.19899998605251312,0.9972598552703857
2743,91433,LEFT_INDEX,0.48809003829956055,0.5066707730293274,-0.23721268773078918,0.7754553556442261,0.9974583983421326
2743,91433,RIGHT_INDEX,0.4925014078617096,0.4604547321796417,0.38678959012031555,0.19813913106918335,0.997421383857727
2743,91433,LEFT_THUMB,0.4859015941619873,0.49897828698158264,-0.2134348452091217,0.7349298000335693,0.998083233833313
2743,91433,RIGHT_THUMB,0.49916166067123413,0.454693078994751,0.3944736123085022,0.1927558332681656,0.9978253841400146
2743,91433,LEFT_HIP,0.6083437204360962,0.46625033020973206,-0.21711227297782898,0.9996310472488403,0.9996333122253418
2743,91433,RIGHT_HIP,0.5786834955215454,0.45371249318122864,0.21670177578926086,0.998776376247406,0.9992792010307312
2743,91433,LEFT_KNEE,0.6306688189506531,0.6217800974845886,-0.1673828512430191,0.945149302482605,0.9994853734970093
2743,91433,RIGHT_KNEE,0.343082070350647,0.4856373071670532,0.08480632305145264,0.6949179172515869,0.9991907477378845
2743,91433,LEFT_ANKLE,0.6518930792808533,0.7799060344696045,-0.06657411903142929,0.9397956132888794,0.994577169418335
2743,91433,RIGHT_ANKLE,0.15003423392772675,0.5968242883682251,0.08320210129022598,0.7175067663192749,0.9972273707389832
2743,91433,LEFT_HEEL,0.6801559329032898,0.8072771430015564,-0.06841425597667694,0.8957810997962952,0.9898337125778198
2743,91433,RIGHT_HEEL,0.1298125833272934,0.6311768889427185,0.07845281809568405,0.7405362129211426,0.9962974190711975
2743,91433,LEFT_FOOT_INDEX,0.5567981004714966,0.8257737755775452,-0.2940417230129242,0.8890328407287598,0.9897390007972717
2743,91433,RIGHT_FOOT_INDEX,0.03206803277134895,0.5593580603599548,-0.008839116431772709,0.7237710356712341,0.9955528378486633
2744,91467,NOSE,0.4331091642379761,0.2091633677482605,-0.09551914036273956,0.9967597723007202,0.9998558759689331
2744,91467,LEFT_EYE_INNER,0.43319398164749146,0.19529402256011963,-0.14387540519237518,0.9968510866165161,0.999797523021698
2744,91467,LEFT_EYE,0.43511518836021423,0.19489604234695435,-0.14390602707862854,0.9968096017837524,0.9998078942298889
2744,91467,LEFT_EYE_OUTER,0.43727394938468933,0.19459068775177002,-0.14387688040733337,0.9970555305480957,0.9998142123222351
2744,91467,RIGHT_EYE_INNER,0.435293048620224,0.19372330605983734,-0.06755132973194122,0.9964949488639832,0.9997780919075012
2744,91467,RIGHT_EYE,0.43847787380218506,0.19233787059783936,-0.06750047206878662,0.9964972138404846,0.99977046251297
2744,91467,RIGHT_EYE_OUTER,0.4416278600692749,0.19105057418346405,-0.0675915777683258,0.9964706897735596,0.9997466206550598
2744,91467,LEFT_EAR,0.4637991487979889,0.19561666250228882,-0.2594450116157532,0.9965188503265381,0.9998632669448853
2744,91467,RIGHT_EAR,0.47082945704460144,0.1909000724554062,0.07628971338272095,0.9964714050292969,0.9997873902320862
2744,91467,MOUTH_LEFT,0.45058685541152954,0.21948623657226562,-0.12844720482826233,0.9965938329696655,0.9998871088027954
2744,91467,MOUTH_RIGHT,0.45228084921836853,0.21795283257961273,-0.030998270958662033,0.9957780838012695,0.9998552799224854
2744,91467,LEFT_SHOULDER,0.528109610080719,0.26958149671554565,-0.45002317428588867,0.9997535347938538,0.9999438524246216
2744,91467,RIGHT_SHOULDER,0.5520807504653931,0.2582503855228424,0.35954520106315613,0.9988157153129578,0.99983811378479
2744,91467,LEFT_ELBOW,0.5491451025009155,0.38896551728248596,-0.5226137042045593,0.9198682904243469,0.9997792840003967
2744,91467,RIGHT_ELBOW,0.5489279627799988,0.35900652408599854,0.4649181365966797,0.19970986247062683,0.9997419714927673
2744,91467,LEFT_WRIST,0.5334177613258362,0.4964040517807007,-0.4287315905094147,0.853201687335968,0.9998331069946289
2744,91467,RIGHT_WRIST,0.4686099886894226,0.4345526695251465,0.3357996940612793,0.18935655057430267,0.999729335308075
2744,91467,LEFT_PINKY,0.532002866268158,0.5230197906494141,-0.4996602237224579,0.803881049156189,0.9994708895683289
2744,91467,RIGHT_PINKY,0.4474087953567505,0.4555271863937378,0.34828293323516846,0.19776448607444763,0.9994321465492249
2744,91467,LEFT_INDEX,0.5152590274810791,0.5219379663467407,-0.4755901098251343,0.7951282262802124,0.9995720982551575
2744,91467,RIGHT_INDEX,0.4378099739551544,0.45807549357414246,0.25384828448295593,0.19723594188690186,0.9994694590568542
2744,91467,LEFT_THUMB,0.5143880248069763,0.5112070441246033,-0.41417229175567627,0.7574297785758972,0.9997310042381287
2744,91467,RIGHT_THUMB,0.4478883743286133,0.452298641204834,0.28983840346336365,0.19354043900966644,0.999626874923706
2744,91467,LEFT_HIP,0.5912133455276489,0.4767052233219147,-0.23892392218112946,0.9996289610862732,0.9992460012435913
2744,91467,RIGHT_HIP,0.5949721336364746,0.4723086655139923,0.23885342478752136,0.9988707304000854,0.9994934797286987
2744,91467,LEFT_KNEE,0.3482230603694916,0.5059888958930969,-0.07932275533676147,0.9435639381408691,0.9981499910354614
2744,91467,RIGHT_KNEE,0.5700696706771851,0.6042916774749756,0.39022883772850037,0.7192381024360657,0.9993638396263123
2744,91467,LEFT_ANKLE,0.16265368461608887,0.5953033566474915,0.16141174733638763,0.943188488483429,0.9925068020820618
2744,91467,RIGHT_ANKLE,0.6115128993988037,0.7694416046142578,0.5562019944190979,0.7424886226654053,0.9957701563835144
2744,91467,LEFT_HEEL,0.1389767974615097,0.6271677017211914,0.1780114620923996,0.9031258821487427,0.9893150329589844
2744,91467,RIGHT_HEEL,0.6342746019363403,0.7930610179901123,0.5696674585342407,0.7631106376647949,0.9911652207374573
2744,91467,LEFT_FOOT_INDEX,0.029360275715589523,0.5614383816719055,0.09127958118915558,0.8961650729179382,0.9886910915374756
2744,91467,RIGHT_FOOT_INDEX,0.5130467414855957,0.8085207939147949,0.49806708097457886,0.7469185590744019,0.9903152585029602
2745,91500,NOSE,0.4264799952507019,0.20871762931346893,-0.3650158643722534,0.9970539212226868,0.9995456337928772
2745,91500,LEFT_EYE_INNER,0.43194785714149475,0.19281192123889923,-0.4191305339336395,0.9971346855163574,0.999530553817749
2745,91500,LEFT_EYE,0.43492361903190613,0.1923495978116989,-0.4191019833087921,0.9970977902412415,0.999582827091217
2745,91500,LEFT_EYE_OUTER,0.43625980615615845,0.1920279860496521,-0.4191076159477234,0.9973281621932983,0.9996261596679688
2745,91500,RIGHT_EYE_INNER,0.43188533186912537,0.19166578352451324,-0.33376115560531616,0.9967973232269287,0.9994022846221924
2745,91500,RIGHT_EYE,0.43487370014190674,0.19044239819049835,-0.3337724506855011,0.9968012571334839,0.9993858337402344
2745,91500,RIGHT_EYE_OUTER,0.43785908818244934,0.18931041657924652,-0.33390042185783386,0.9967789053916931,0.9993357062339783
2745,91500,LEFT_EAR,0.4653530418872833,0.19426749646663666,-0.5441924929618835,0.9968441128730774,0.9998014569282532
2745,91500,RIGHT_EAR,0.4700870215892792,0.19009090960025787,-0.16324566304683685,0.9967144131660461,0.9995471835136414
2745,91500,MOUTH_LEFT,0.4460451900959015,0.21923828125,-0.4046354293823242,0.996922492980957,0.999855637550354
2745,91500,MOUTH_RIGHT,0.4442175328731537,0.2180033177137375,-0.2942821681499481,0.9961668848991394,0.9997771382331848
2745,91500,LEFT_SHOULDER,0.5411375761032104,0.2699085772037506,-0.694243311882019,0.9997775554656982,0.9999862909317017
2745,91500,RIGHT_SHOULDER,0.5276241302490234,0.2588593065738678,0.14438901841640472,0.9988589882850647,0.9998753070831299
2745,91500,LEFT_ELBOW,0.5869140028953552,0.395170122385025,-0.778211236000061,0.9274841547012329,0.9998985528945923
2745,91500,RIGHT_ELBOW,0.5209813117980957,0.36057963967323303,0.3211158215999603,0.18625964224338531,0.9995405673980713
2745,91500,LEFT_WRIST,0.5807853937149048,0.5053585171699524,-0.7605928778648376,0.8674876689910889,0.9998793601989746
2745,91500,RIGHT_WRIST,0.4453870356082916,0.4371579587459564,0.19494113326072693,0.18854419887065887,0.9988359808921814
2745,91500,LEFT_PINKY,0.5928685069084167,0.5319485068321228,-0.8337512612342834,0.8225286602973938,0.999679684638977
2745,91500,RIGHT_PINKY,0.43375223875045776,0.4680587947368622,0.2156529575586319,0.19539037346839905,0.9982759952545166
2745,91500,LEFT_INDEX,0.5693952441215515,0.5309279561042786,-0.8208330273628235,0.8145312666893005,0.9996845722198486
2745,91500,RIGHT_INDEX,0.42201554775238037,0.47285303473472595,0.12535645067691803,0.19529226422309875,0.9981877207756042
2745,91500,LEFT_THUMB,0.5655238628387451,0.5237444043159485,-0.7511268258094788,0.7795803546905518,0.9997807145118713
2745,91500,RIGHT_THUMB,0.4325118958950043,0.4670921862125397,0.15352101624011993,0.19326262176036835,0.9985314607620239
2745,91500,LEFT_HIP,0.592626690864563,0.47635653614997864,-0.2327638566493988,0.9996582269668579,0.9999030828475952
2745,91500,RIGHT_HIP,0.5528702735900879,0.46699169278144836,0.23261384665966034,0.9988943934440613,0.999649167060852
2745,91500,LEFT_KNEE,0.4078671336174011,0.5756896138191223,-0.32804441452026367,0.9491441249847412,0.9999096393585205
2745,91500,RIGHT_KNEE,0.3591426610946655,0.501129150390625,0.33338049054145813,0.7330189943313599,0.9993305206298828
2745,91500,LEFT_ANKLE,0.5599200129508972,0.7327309250831604,-0.2768089473247528,0.9487712979316711,0.9989641904830933
2745,91500,RIGHT_ANKLE,0.1891103982925415,0.6176884770393372,0.49629896879196167,0.7611013054847717,0.9987635612487793
2745,91500,LEFT_HEEL,0.5791842341423035,0.7578042149543762,-0.284677118062973,0.911149799823761,0.9979573488235474
2745,91500,RIGHT_HEEL,0.17206621170043945,0.6592174172401428,0.5045566558837891,0.7746160626411438,0.9985706806182861
2745,91500,LEFT_FOOT_INDEX,0.45521071553230286,0.7786654829978943,-0.5288798809051514,0.9062025547027588,0.9974212646484375
2745,91500,RIGHT_FOOT_INDEX,0.07482869178056717,0.5881376266479492,0.4154823124408722,0.7676079869270325,0.9985299110412598
2746,91533,NOSE,0.415368914604187,0.20737075805664062,-0.42055264115333557,0.9973328709602356,0.9996776580810547
2746,91533,LEFT_EYE_INNER,0.4239617884159088,0.19119803607463837,-0.4745325744152069,0.997404158115387,0.999632716178894
2746,91533,LEFT_EYE,0.4283498525619507,0.1905655860900879,-0.4745064079761505,0.9973705410957336,0.9996477365493774
2746,91533,LEFT_EYE_OUTER,0.4320533871650696,0.18998582661151886,-0.4745238125324249,0.9975831508636475,0.9996651411056519
2746,91533,RIGHT_EYE_INNER,0.4223119616508484,0.1902657151222229,-0.3907243609428406,0.9970908761024475,0.9996036887168884
2746,91533,RIGHT_EYE,0.4253034293651581,0.18901723623275757,-0.39076921343803406,0.9970953464508057,0.9996090531349182
2746,91533,RIGHT_EYE_OUTER,0.42850548028945923,0.18775512278079987,-0.3909316956996918,0.9970797300338745,0.9995903372764587
2746,91533,LEFT_EAR,0.46254321932792664,0.19105523824691772,-0.5993887782096863,0.9971445798873901,0.9997778534889221
2746,91533,RIGHT_EAR,0.46362167596817017,0.18797563016414642,-0.225605770945549,0.996993362903595,0.9997068047523499
2746,91533,MOUTH_LEFT,0.4385930895805359,0.21822594106197357,-0.4602387547492981,0.9972213506698608,0.9998337030410767
2746,91533,MOUTH_RIGHT,0.43488824367523193,0.2175111323595047,-0.351797491312027,0.9965267181396484,0.9997946619987488
2746,91533,LEFT_SHOULDER,0.5437349677085876,0.2700417935848236,-0.7187367081642151,0.9997986555099487,0.9999583959579468
2746,91533,RIGHT_SHOULDER,0.5161890387535095,0.25896206498146057,0.05266035720705986,0.9989163875579834,0.9998565912246704
2746,91533,LEFT_ELBOW,0.5968491435050964,0.3931914269924164,-0.797218382358551,0.9339258670806885,0.9996634721755981
2746,91533,RIGHT_ELBOW,0.5178670883178711,0.3661606013774872,0.20298846065998077,0.17520008981227875,0.9993768334388733
2746,91533,LEFT_WRIST,0.6066710948944092,0.5049299597740173,-0.800956666469574,0.8797048330307007,0.9995237588882446
2746,91533,RIGHT_WRIST,0.45043250918388367,0.45060884952545166,0.08152306824922562,0.18886341154575348,0.9985353946685791
2746,91533,LEFT_PINKY,0.6175388097763062,0.5346842408180237,-0.8762015700340271,0.8379929065704346,0.9989705085754395
2746,91533,RIGHT_PINKY,0.43301403522491455,0.4746193587779999,0.09748876094818115,0.19359265267848969,0.9979100823402405
2746,91533,LEFT_INDEX,0.5958901643753052,0.5360381007194519,-0.8688462376594543,0.8306031823158264,0.9989822506904602
2746,91533,RIGHT_INDEX,0.4203614294528961,0.47935521602630615,0.00814792886376381,0.19411732256412506,0.9977961778640747
2746,91533,LEFT_THUMB,0.5908922553062439,0.5250471234321594,-0.7960652112960815,0.7972003221511841,0.9992291927337646
2746,91533,RIGHT_THUMB,0.43114569783210754,0.47316527366638184,0.04105639085173607,0.19398947060108185,0.9981868863105774
2746,91533,LEFT_HIP,0.5829254388809204,0.4715311825275421,-0.23094542324543,0.9996780157089233,0.9997813105583191
2746,91533,RIGHT_HIP,0.5409946441650391,0.4588737487792969,0.2305898666381836,0.9989144206047058,0.99951171875
2746,91533,LEFT_KNEE,0.4240381121635437,0.6029608845710754,-0.28226375579833984,0.9541007876396179,0.9998828172683716
2746,91533,RIGHT_KNEE,0.3297192454338074,0.493112713098526,0.3063647449016571,0.7505635619163513,0.999510645866394
2746,91533,LEFT_ANKLE,0.6225651502609253,0.7636186480522156,-0.19641342759132385,0.9537795782089233,0.9990921020507812
2746,91533,RIGHT_ANKLE,0.16029365360736847,0.6110791563987732,0.4900565445423126,0.7797311544418335,0.9991282820701599
2746,91533,LEFT_HEEL,0.6494230628013611,0.7855117321014404,-0.19931477308273315,0.9181671738624573,0.9983783960342407
2746,91533,RIGHT_HEEL,0.14823125302791595,0.6491979956626892,0.5019893050193787,0.7860525250434875,0.9989256262779236
2746,91533,LEFT_FOOT_INDEX,0.5267512202262878,0.807697594165802,-0.4166652262210846,0.9151886105537415,0.9977614879608154
2746,91533,RIGHT_FOOT_INDEX,0.055790308862924576,0.5903312563896179,0.40877941250801086,0.7864713668823242,0.99872225522995
2747,91567,NOSE,0.4088529348373413,0.20530195534229279,-0.39940765500068665,0.9975684285163879,0.9997170567512512
2747,91567,LEFT_EYE_INNER,0.4176328182220459,0.18963225185871124,-0.4524209797382355,0.9976261854171753,0.9996987581253052
2747,91567,LEFT_EYE,0.4224814474582672,0.18883253633975983,-0.45247405767440796,0.9975959062576294,0.9997149109840393
2747,91567,LEFT_EYE_OUTER,0.4273660182952881,0.18805533647537231,-0.45251864194869995,0.9977986812591553,0.9997275471687317
2747,91567,RIGHT_EYE_INNER,0.41520553827285767,0.18930332362651825,-0.36912962794303894,0.9973284006118774,0.9996805191040039
2747,91567,RIGHT_EYE,0.4179554879665375,0.18822838366031647,-0.36915773153305054,0.9973306059837341,0.9996851682662964
2747,91567,RIGHT_EYE_OUTER,0.42100727558135986,0.18707911670207977,-0.3693236708641052,0.9973270297050476,0.999679684638977
2747,91567,LEFT_EAR,0.4607717990875244,0.18803022801876068,-0.5656187534332275,0.9973989725112915,0.9998095631599426
2747,91567,RIGHT_EAR,0.4572587013244629,0.18610982596874237,-0.1910160630941391,0.9971930384635925,0.9997772574424744
2747,91567,MOUTH_LEFT,0.43407416343688965,0.2170899510383606,-0.43296948075294495,0.9974790811538696,0.9998642206192017
2747,91567,MOUTH_RIGHT,0.42957863211631775,0.21716605126857758,-0.32430499792099,0.9968276619911194,0.9998348951339722
2747,91567,LEFT_SHOULDER,0.5504786372184753,0.2680057883262634,-0.6748710870742798,0.9998176097869873,0.9999604225158691
2747,91567,RIGHT_SHOULDER,0.5043771862983704,0.2585570514202118,0.08297431468963623,0.9989782571792603,0.9999188184738159
2747,91567,LEFT_ELBOW,0.6022453904151917,0.3840801417827606,-0.7781779170036316,0.9394894242286682,0.9996090531349182
2747,91567,RIGHT_ELBOW,0.5144103169441223,0.36585506796836853,0.23253217339515686,0.1633206158876419,0.999538779258728
2747,91567,LEFT_WRIST,0.634070098400116,0.48943302035331726,-0.8053026795387268,0.8900514245033264,0.9993515610694885
2747,91567,RIGHT_WRIST,0.4569091498851776,0.4482021629810333,0.08868696540594101,0.18524791300296783,0.9988023042678833
2747,91567,LEFT_PINKY,0.6553000211715698,0.5153726935386658,-0.8811560273170471,0.8507528901100159,0.9989041090011597
2747,91567,RIGHT_PINKY,0.4441262483596802,0.4718998968601227,0.09381207078695297,0.18932433426380157,0.9984138011932373
2747,91567,LEFT_INDEX,0.6170787215232849,0.5078297257423401,-0.8763943910598755,0.8437486290931702,0.9988646507263184
2747,91567,RIGHT_INDEX,0.42866161465644836,0.4737894833087921,0.006774712819606066,0.19051915407180786,0.9983628392219543
2747,91567,LEFT_THUMB,0.6131449937820435,0.4999418556690216,-0.8017721176147461,0.8107144832611084,0.9991000890731812
2747,91567,RIGHT_THUMB,0.43822982907295227,0.4677380621433258,0.04779912531375885,0.1917126327753067,0.9986407160758972
2747,91567,LEFT_HIP,0.5802989602088928,0.47102370858192444,-0.2294750064611435,0.9996917247772217,0.999828577041626
2747,91567,RIGHT_HIP,0.5179591774940491,0.4575183391571045,0.2294788956642151,0.9989688992500305,0.9997814297676086
2747,91567,LEFT_KNEE,0.46198907494544983,0.6149381995201111,-0.20368334650993347,0.958519697189331,0.999907374382019
2747,91567,RIGHT_KNEE,0.3155724108219147,0.5010992288589478,0.14595694839954376,0.7708219885826111,0.9998419284820557
2747,91567,LEFT_ANKLE,0.6398946642875671,0.7737647891044617,-0.028776714578270912,0.958251953125,0.9992308616638184
2747,91567,RIGHT_ANKLE,0.1709451973438263,0.6196022033691406,0.3120288550853729,0.7987028956413269,0.999622106552124
2747,91567,LEFT_HEEL,0.6699820160865784,0.7920544743537903,-0.026271553710103035,0.9234827756881714,0.9987057447433472
2747,91567,RIGHT_HEEL,0.16289855539798737,0.6551439762115479,0.32071375846862793,0.8009530305862427,0.9994402527809143
2747,91567,LEFT_FOOT_INDEX,0.5538150072097778,0.8136844635009766,-0.2835155725479126,0.9231895208358765,0.9984171390533447
2747,91567,RIGHT_FOOT_INDEX,0.0698031336069107,0.5992886424064636,0.18612100183963776,0.805298388004303,0.9991704225540161
2748,91600,NOSE,0.4053056538105011,0.20126599073410034,-0.3551066219806671,0.997798502445221,0.9999356269836426
2748,91600,LEFT_EYE_INNER,0.41475072503089905,0.1865202933549881,-0.40664511919021606,0.9978459477424622,0.9999202489852905
2748,91600,LEFT_EYE,0.4197427034378052,0.18566332757472992,-0.40669259428977966,0.9978189468383789,0.9999254941940308
2748,91600,LEFT_EYE_OUTER,0.42499077320098877,0.18481425940990448,-0.4067295491695404,0.9980065822601318,0.9999277591705322
2748,91600,RIGHT_EYE_INNER,0.41153252124786377,0.1867341846227646,-0.3221222162246704,0.9975702166557312,0.9999104738235474
2748,91600,RIGHT_EYE,0.4139344096183777,0.18594807386398315,-0.3221701383590698,0.9975713491439819,0.9999088048934937
2748,91600,RIGHT_EYE_OUTER,0.4166652262210846,0.18502861261367798,-0.3222949206829071,0.9975729584693909,0.999904990196228
2748,91600,LEFT_EAR,0.45966145396232605,0.1846473067998886,-0.5190936923027039,0.9976445436477661,0.9999507665634155
2748,91600,RIGHT_EAR,0.45238181948661804,0.18396039307117462,-0.1399645060300827,0.9974212050437927,0.9999343156814575
2748,91600,MOUTH_LEFT,0.4307651221752167,0.21305209398269653,-0.3888603746891022,0.9977222084999084,0.9999676942825317
2748,91600,MOUTH_RIGHT,0.42551228404045105,0.2137822061777115,-0.2787466049194336,0.9971233606338501,0.9999547004699707
2748,91600,LEFT_SHOULDER,0.5613194704055786,0.26292863488197327,-0.6273804306983948,0.9998353123664856,0.9999905824661255
2748,91600,RIGHT_SHOULDER,0.4934752583503723,0.2552676498889923,0.12068229168653488,0.9990537762641907,0.999968409538269
2748,91600,LEFT_ELBOW,0.6374597549438477,0.368041068315506,-0.7498769760131836,0.9452765583992004,0.9998587369918823
2748,91600,RIGHT_ELBOW,0.5072036981582642,0.36504173278808594,0.2657095491886139,0.15452434122562408,0.999728262424469
2748,91600,LEFT_WRIST,0.6749854683876038,0.4792766571044922,-0.8008321523666382,0.9006425738334656,0.9997449517250061
2748,91600,RIGHT_WRIST,0.4256961941719055,0.44571423530578613,0.12373648583889008,0.18899306654930115,0.998981773853302
2748,91600,LEFT_PINKY,0.6904023885726929,0.5018491148948669,-0.8752610683441162,0.8646377921104431,0.9994527697563171
2748,91600,RIGHT_PINKY,0.412342369556427,0.4683101177215576,0.12554535269737244,0.1913132518529892,0.9985027313232422
2748,91600,LEFT_INDEX,0.6659792065620422,0.49943721294403076,-0.8763211965560913,0.8582170605659485,0.9994575381278992
2748,91600,RIGHT_INDEX,0.4005194306373596,0.4704521894454956,0.03602301701903343,0.19350184500217438,0.9984897375106812
2748,91600,LEFT_THUMB,0.6609451174736023,0.4916808605194092,-0.7998960018157959,0.8273829221725464,0.9996110796928406
2748,91600,RIGHT_THUMB,0.41215065121650696,0.46458277106285095,0.0808330699801445,0.19611044228076935,0.9987853169441223
2748,91600,LEFT_HIP,0.5790812373161316,0.46203574538230896,-0.22242221236228943,0.9997015595436096,0.9998669624328613
2748,91600,RIGHT_HIP,0.5058310031890869,0.4511450231075287,0.2225486785173416,0.999032199382782,0.9998575448989868
2748,91600,LEFT_KNEE,0.48318392038345337,0.6143171191215515,-0.2075372338294983,0.9623401165008545,0.9999037981033325
2748,91600,RIGHT_KNEE,0.31617221236228943,0.5048774480819702,-0.07599598169326782,0.7879534959793091,0.9998784065246582
2748,91600,LEFT_ANKLE,0.6419987678527832,0.7747034430503845,-0.05893277749419212,0.9621086120605469,0.9992948770523071
2748,91600,RIGHT_ANKLE,0.18311846256256104,0.6201127767562866,-0.05761409178376198,0.8152381181716919,0.9995653033256531
2748,91600,LEFT_HEEL,0.6713559627532959,0.7958700060844421,-0.05751512199640274,0.9257920980453491,0.9987101554870605
2748,91600,RIGHT_HEEL,0.1765017807483673,0.6658347249031067,-0.06453154236078262,0.8134429454803467,0.9992198944091797
2748,91600,LEFT_FOOT_INDEX,0.5515512228012085,0.8145754933357239,-0.3113453984260559,0.9299895167350769,0.9984799027442932
2748,91600,RIGHT_FOOT_INDEX,0.0793314129114151,0.6063144207000732,-0.22321544587612152,0.8219382166862488,0.9988447427749634
2749,91633,NOSE,0.4044564664363861,0.20188041031360626,-0.39958202838897705,0.9979766011238098,0.9997380375862122
2749,91633,LEFT_EYE_INNER,0.41407185792922974,0.18728472292423248,-0.448670357465744,0.9980010390281677,0.9997318387031555
2749,91633,LEFT_EYE,0.41904139518737793,0.18644003570079803,-0.4487496018409729,0.9979860782623291,0.9997568726539612
2749,91633,LEFT_EYE_OUTER,0.4245159924030304,0.1855897456407547,-0.4489087164402008,0.9981655478477478,0.9997674822807312
2749,91633,RIGHT_EYE_INNER,0.4108096659183502,0.18734502792358398,-0.36504507064819336,0.9977315664291382,0.9996988773345947
2749,91633,RIGHT_EYE,0.4130762815475464,0.1865062266588211,-0.3651256859302521,0.9977400898933411,0.9997038245201111
2749,91633,RIGHT_EYE_OUTER,0.41575729846954346,0.18554191291332245,-0.3652903139591217,0.9977501034736633,0.9997066855430603
2749,91633,LEFT_EAR,0.4594452381134033,0.18537496030330658,-0.5302517414093018,0.997831404209137,0.9998384714126587
2749,91633,RIGHT_EAR,0.4505021274089813,0.18448303639888763,-0.151836559176445,0.9975523352622986,0.9998410940170288
2749,91633,MOUTH_LEFT,0.42952457070350647,0.21363167464733124,-0.41895925998687744,0.9979169368743896,0.9998588562011719
2749,91633,MOUTH_RIGHT,0.42371001839637756,0.21418839693069458,-0.30972743034362793,0.997343897819519,0.9998325109481812
2749,91633,LEFT_SHOULDER,0.5730020403862,0.26211342215538025,-0.5876296758651733,0.9998481869697571,0.999948263168335
2749,91633,RIGHT_SHOULDER,0.47576025128364563,0.25112074613571167,0.11083877086639404,0.9991034269332886,0.999923586845398
2749,91633,LEFT_ELBOW,0.6511825323104858,0.36098775267601013,-0.67341548204422,0.9497207403182983,0.9991714954376221
2749,91633,RIGHT_ELBOW,0.4997715651988983,0.35430899262428284,0.2744002938270569,0.1435023844242096,0.9989385008811951
2749,91633,LEFT_WRIST,0.7162443399429321,0.47413089871406555,-0.6783502697944641,0.9059838056564331,0.9963263869285583
2749,91633,RIGHT_WRIST,0.44762691855430603,0.4400109350681305,0.12439816445112228,0.17819614708423615,0.9969583749771118
2749,91633,LEFT_PINKY,0.7482349276542664,0.4959554374217987,-0.7437939047813416,0.8694261312484741,0.9946767091751099
2749,91633,RIGHT_PINKY,0.4338440001010895,0.4600662291049957,0.11926256120204926,0.18096661567687988,0.9964224696159363
2749,91633,LEFT_INDEX,0.7283026576042175,0.4961472749710083,-0.7531973123550415,0.8630558252334595,0.9941389560699463
2749,91633,RIGHT_INDEX,0.41551852226257324,0.4632352590560913,0.03184531256556511,0.1835254281759262,0.9962313771247864
2749,91633,LEFT_THUMB,0.7132198810577393,0.48848068714141846,-0.6804859638214111,0.8301069736480713,0.9953330159187317
2749,91633,RIGHT_THUMB,0.42845794558525085,0.45703330636024475,0.08277128636837006,0.1865437775850296,0.9964795708656311
2749,91633,LEFT_HIP,0.5765084028244019,0.461004376411438,-0.20666763186454773,0.9996877312660217,0.9997310042381287
2749,91633,RIGHT_HIP,0.48424452543258667,0.44740593433380127,0.20698361098766327,0.9990552663803101,0.9997197985649109
2749,91633,LEFT_KNEE,0.5022316575050354,0.6173024773597717,-0.24569807946681976,0.9656174182891846,0.9998130202293396
2749,91633,RIGHT_KNEE,0.31062251329421997,0.5081745982170105,-0.1142214983701706,0.8047382831573486,0.9997919201850891
2749,91633,LEFT_ANKLE,0.6444107890129089,0.7774212956428528,-0.13698051869869232,0.9655999541282654,0.9986489415168762
2749,91633,RIGHT_ANKLE,0.1945493072271347,0.6492986083030701,-0.05481141433119774,0.8310197591781616,0.9991269707679749
2749,91633,LEFT_HEEL,0.6748661994934082,0.8027341961860657,-0.14311599731445312,0.9273056387901306,0.9973750114440918
2749,91633,RIGHT_HEEL,0.19200678169727325,0.6964870095252991,-0.05833577737212181,0.8249066472053528,0.9984928369522095
2749,91633,LEFT_FOOT_INDEX,0.5588331818580627,0.819861650466919,-0.4244721531867981,0.9360361695289612,0.9960277080535889
2749,91633,RIGHT_FOOT_INDEX,0.09872567653656006,0.6309732794761658,-0.24581672251224518,0.8372894525527954,0.9976759552955627
2750,91667,NOSE,0.40087223052978516,0.20220093429088593,-0.34747791290283203,0.9981752634048462,0.9999722242355347
2750,91667,LEFT_EYE_INNER,0.4109281301498413,0.18769676983356476,-0.3852243721485138,0.9981924891471863,0.9999549388885498
2750,91667,LEFT_EYE,0.41631269454956055,0.18681468069553375,-0.38532179594039917,0.9981812238693237,0.9999569654464722
2750,91667,LEFT_EYE_OUTER,0.422125905752182,0.1859111785888672,-0.3854106366634369,0.9983430504798889,0.999956488609314
2750,91667,RIGHT_EYE_INNER,0.4055011570453644,0.18777300417423248,-0.30993977189064026,0.997948169708252,0.9999524354934692
2750,91667,RIGHT_EYE,0.40689918398857117,0.18690329790115356,-0.3100440204143524,0.9979575872421265,0.999953031539917
2750,91667,RIGHT_EYE_OUTER,0.408603310585022,0.18588458001613617,-0.31019794940948486,0.9979658126831055,0.9999527931213379
2750,91667,LEFT_EAR,0.4590211510658264,0.18573719263076782,-0.49866658449172974,0.9980412125587463,0.9999674558639526
2750,91667,RIGHT_EAR,0.4435388147830963,0.1849759966135025,-0.11349533498287201,0.9977836012840271,0.9999722242355347
2750,91667,MOUTH_LEFT,0.4255756437778473,0.2136358618736267,-0.35894396901130676,0.9981210827827454,0.9999855756759644
2750,91667,MOUTH_RIGHT,0.41775277256965637,0.2143818587064743,-0.2603406012058258,0.9976005554199219,0.9999819993972778
2750,91667,LEFT_SHOULDER,0.5779359340667725,0.2605898976325989,-0.46991533041000366,0.9998626708984375,0.9999911785125732
2750,91667,RIGHT_SHOULDER,0.4412062168121338,0.2526696026325226,0.13843339681625366,0.9991850852966309,0.9999867677688599
2750,91667,LEFT_ELBOW,0.6634173393249512,0.3547612130641937,-0.5911855101585388,0.9545589089393616,0.9997748732566833
2750,91667,RIGHT_ELBOW,0.45656248927116394,0.35473766922950745,0.2906210124492645,0.15218311548233032,0.9997733235359192
2750,91667,LEFT_WRIST,0.7476590275764465,0.45102453231811523,-0.6919427514076233,0.9145612120628357,0.9988104104995728
2750,91667,RIGHT_WRIST,0.40911853313446045,0.4421183168888092,0.15701311826705933,0.1977611482143402,0.9987325072288513
2750,91667,LEFT_PINKY,0.7755372524261475,0.4741361141204834,-0.7584390640258789,0.8803296685218811,0.997670590877533
2750,91667,RIGHT_PINKY,0.38404911756515503,0.4698115885257721,0.14691445231437683,0.19503076374530792,0.9980084300041199
2750,91667,LEFT_INDEX,0.7665040493011475,0.4795096218585968,-0.7920079231262207,0.8745989799499512,0.9976468682289124
2750,91667,RIGHT_INDEX,0.3771839141845703,0.47214555740356445,0.058386366814374924,0.19988270103931427,0.9979637861251831
2750,91667,LEFT_THUMB,0.7509633898735046,0.4725499153137207,-0.705912709236145,0.8436002135276794,0.9983664155006409
2750,91667,RIGHT_THUMB,0.3847702741622925,0.46138033270835876,0.1154017224907875,0.20248101651668549,0.9983671307563782
2750,91667,LEFT_HIP,0.5688748955726624,0.4613477289676666,-0.17941270768642426,0.9996987581253052,0.9998449087142944
2750,91667,RIGHT_HIP,0.4684210419654846,0.44819891452789307,0.1796685755252838,0.9991356134414673,0.9999334812164307
2750,91667,LEFT_KNEE,0.5244705677032471,0.6201680302619934,-0.214233860373497,0.9685712456703186,0.9998905658721924
2750,91667,RIGHT_KNEE,0.30584558844566345,0.531062662601471,-0.28067195415496826,0.823294997215271,0.9999440908432007
2750,91667,LEFT_ANKLE,0.6462185382843018,0.7796424031257629,-0.050758328288793564,0.9686803221702576,0.9990015625953674
2750,91667,RIGHT_ANKLE,0.20959697663784027,0.6749022006988525,-0.22703486680984497,0.846900999546051,0.9997021555900574
2750,91667,LEFT_HEEL,0.677230715751648,0.8068859577178955,-0.05162351205945015,0.9288910031318665,0.9979274272918701
2750,91667,RIGHT_HEEL,0.20805898308753967,0.7161279320716858,-0.23363150656223297,0.8383063673973083,0.9993477463722229
2750,91667,LEFT_FOOT_INDEX,0.5694675445556641,0.8197420239448547,-0.36375510692596436,0.9413988590240479,0.9962385892868042
2750,91667,RIGHT_FOOT_INDEX,0.11089532822370529,0.6629241704940796,-0.454207181930542,0.8523567914962769,0.9983823299407959
2751,91700,NOSE,0.39576560258865356,0.2011486142873764,-0.33042415976524353,0.9983514547348022,0.9999028444290161
2751,91700,LEFT_EYE_INNER,0.40617984533309937,0.18679356575012207,-0.3630741536617279,0.9983574748039246,0.9998307228088379
2751,91700,LEFT_EYE,0.41164353489875793,0.18576304614543915,-0.36319398880004883,0.9983513355255127,0.9998414516448975
2751,91700,LEFT_EYE_OUTER,0.41777077317237854,0.18463964760303497,-0.36326682567596436,0.998497724533081,0.9998384714126587
2751,91700,RIGHT_EYE_INNER,0.3999248147010803,0.18724684417247772,-0.29216453433036804,0.9981362223625183,0.9998226761817932
2751,91700,RIGHT_EYE,0.40079742670059204,0.18655423820018768,-0.2922722101211548,0.9981462955474854,0.9998262524604797
2751,91700,RIGHT_EYE_OUTER,0.40199100971221924,0.1856890320777893,-0.2924397885799408,0.9981525540351868,0.9998251795768738
2751,91700,LEFT_EAR,0.4571518301963806,0.1846395879983902,-0.41551584005355835,0.998227059841156,0.9998887777328491
2751,91700,RIGHT_EAR,0.436553031206131,0.18527144193649292,-0.09078064560890198,0.9979779720306396,0.9998950958251953
2751,91700,MOUTH_LEFT,0.42084962129592896,0.2123459130525589,-0.33432453870773315,0.9983031749725342,0.9999648332595825
2751,91700,MOUTH_RIGHT,0.41225460171699524,0.21296842396259308,-0.2397310584783554,0.9978249073028564,0.9999520778656006
2751,91700,LEFT_SHOULDER,0.5800144076347351,0.2552163302898407,-0.4176005721092224,0.9998759627342224,0.999990701675415
2751,91700,RIGHT_SHOULDER,0.4290921092033386,0.2571149170398712,0.17212998867034912,0.9992512464523315,0.9999730587005615
2751,91700,LEFT_ELBOW,0.6846588253974915,0.3389168977737427,-0.5822963118553162,0.9590394496917725,0.9997515082359314
2751,91700,RIGHT_ELBOW,0.4288046061992645,0.35864293575286865,0.352081835269928,0.17948652803897858,0.9998107552528381
2751,91700,LEFT_WRIST,0.7624687552452087,0.4320603609085083,-0.7933744192123413,0.9227968454360962,0.9985626339912415
2751,91700,RIGHT_WRIST,0.377576619386673,0.45980262756347656,0.1668136715888977,0.2453060895204544,0.999015212059021
2751,91700,LEFT_PINKY,0.7890614867210388,0.45414867997169495,-0.8705571293830872,0.8913979530334473,0.9969742298126221
2751,91700,RIGHT_PINKY,0.3463209867477417,0.4929944574832916,0.16218464076519012,0.23397690057754517,0.9980720281600952
2751,91700,LEFT_INDEX,0.7760705947875977,0.4602322578430176,-0.918474555015564,0.8862602710723877,0.997194766998291
2751,91700,RIGHT_INDEX,0.3437516391277313,0.49484285712242126,0.06881128251552582,0.24119693040847778,0.9980039000511169
2751,91700,LEFT_THUMB,0.7653898000717163,0.4548898935317993,-0.8144622445106506,0.8577301502227783,0.9979943037033081
2751,91700,RIGHT_THUMB,0.3586341440677643,0.48360559344291687,0.13044215738773346,0.24254490435123444,0.998594343662262
2751,91700,LEFT_HIP,0.5592599511146545,0.4615710973739624,-0.18285369873046875,0.9997106790542603,0.9997870326042175
2751,91700,RIGHT_HIP,0.46118324995040894,0.4515540897846222,0.18300949037075043,0.9991922378540039,0.9998735189437866
2751,91700,LEFT_KNEE,0.5352007746696472,0.6202747821807861,-0.30519261956214905,0.9715267419815063,0.9998866319656372
2751,91700,RIGHT_KNEE,0.3095010817050934,0.5491048097610474,-0.07083587348461151,0.8398588299751282,0.999854326248169
2751,91700,LEFT_ANKLE,0.6491477489471436,0.7800853848457336,-0.23745565116405487,0.9716104865074158,0.9989217519760132
2751,91700,RIGHT_ANKLE,0.22197605669498444,0.6993669867515564,0.005711724981665611,0.8612419366836548,0.9996283054351807
2751,91700,LEFT_HEEL,0.6834539771080017,0.8081088662147522,-0.2481621950864792,0.932475209236145,0.9974609613418579
2751,91700,RIGHT_HEEL,0.2224685698747635,0.741783618927002,0.005661602132022381,0.8509483933448792,0.9992419481277466
2751,91700,LEFT_FOOT_INDEX,0.5700669288635254,0.8202894330024719,-0.5486837029457092,0.9467259645462036,0.9948751330375671
2751,91700,RIGHT_FOOT_INDEX,0.11927488446235657,0.6908707022666931,-0.14873410761356354,0.8658865094184875,0.998138427734375
2752,91733,NOSE,0.3927922248840332,0.19980746507644653,-0.40165475010871887,0.9985101222991943,0.999896764755249
2752,91733,LEFT_EYE_INNER,0.4045194685459137,0.1854752153158188,-0.4228764772415161,0.9984989166259766,0.9998021721839905
2752,91733,LEFT_EYE,0.4104710817337036,0.18441469967365265,-0.42300307750701904,0.9985002875328064,0.999809205532074
2752,91733,LEFT_EYE_OUTER,0.41691210865974426,0.18324428796768188,-0.4230670928955078,0.9986305832862854,0.9997991919517517
2752,91733,RIGHT_EYE_INNER,0.3965666592121124,0.18612997233867645,-0.3612980246543884,0.99830162525177,0.999809205532074
2752,91733,RIGHT_EYE,0.3965630531311035,0.18564362823963165,-0.3614216446876526,0.9983135461807251,0.999817430973053
2752,91733,RIGHT_EYE_OUTER,0.396856427192688,0.18496789038181305,-0.36155983805656433,0.9983157515525818,0.999819815158844
2752,91733,LEFT_EAR,0.4559215009212494,0.18385694921016693,-0.41364678740501404,0.9983897805213928,0.9998455047607422
2752,91733,RIGHT_EAR,0.4303428828716278,0.18535928428173065,-0.11627859622240067,0.998146653175354,0.9998952150344849
2752,91733,MOUTH_LEFT,0.41723552346229553,0.21133281290531158,-0.38593629002571106,0.9984644651412964,0.9999493360519409
2752,91733,MOUTH_RIGHT,0.4065017104148865,0.21162737905979156,-0.3030335605144501,0.9980210661888123,0.9999397993087769
2752,91733,LEFT_SHOULDER,0.5816107392311096,0.25357165932655334,-0.4021567404270172,0.9998873472213745,0.9999793767929077
2752,91733,RIGHT_SHOULDER,0.41121524572372437,0.2633061707019806,0.1295270174741745,0.9993112683296204,0.9999724626541138
2752,91733,LEFT_ELBOW,0.6951180100440979,0.3357137441635132,-0.5010358691215515,0.9630541205406189,0.9995495676994324
2752,91733,RIGHT_ELBOW,0.4045722186565399,0.36554017663002014,0.29979491233825684,0.21538498997688293,0.9998049139976501
2752,91733,LEFT_WRIST,0.7773488163948059,0.4265718460083008,-0.6977760791778564,0.92974853515625,0.9951531887054443
2752,91733,RIGHT_WRIST,0.3606469929218292,0.4649292230606079,0.09492239356040955,0.29365652799606323,0.9990237951278687
2752,91733,LEFT_PINKY,0.8115922212600708,0.444900780916214,-0.7645555734634399,0.900037944316864,0.9909448623657227
2752,91733,RIGHT_PINKY,0.3402882516384125,0.4923664629459381,0.05820615589618683,0.27350732684135437,0.9981856942176819
2752,91733,LEFT_INDEX,0.8072006106376648,0.45351263880729675,-0.8150225877761841,0.8955733180046082,0.9912728667259216
2752,91733,RIGHT_INDEX,0.3318009078502655,0.49807509779930115,-0.03568775951862335,0.2828843295574188,0.9980959296226501
2752,91733,LEFT_THUMB,0.7862902283668518,0.44576629996299744,-0.7176770567893982,0.8690516352653503,0.993665874004364
2752,91733,RIGHT_THUMB,0.3507963716983795,0.4858754575252533,0.04846297577023506,0.2833823561668396,0.9985970854759216
2752,91733,LEFT_HIP,0.549593985080719,0.4638423025608063,-0.1802215427160263,0.9997060894966125,0.9996219873428345
2752,91733,RIGHT_HIP,0.4487774968147278,0.4573655426502228,0.18034574389457703,0.999234139919281,0.9998694658279419
2752,91733,LEFT_KNEE,0.5380502343177795,0.6202173233032227,-0.3115830421447754,0.9741361141204834,0.9998776912689209
2752,91733,RIGHT_KNEE,0.31441935896873474,0.5649898648262024,-0.04574347287416458,0.854936957359314,0.9999008178710938
2752,91733,LEFT_ANKLE,0.6444997191429138,0.7787941098213196,-0.21632832288742065,0.9742224216461182,0.9984163045883179
2752,91733,RIGHT_ANKLE,0.23030462861061096,0.7200008034706116,0.04156278073787689,0.8743219971656799,0.9996899366378784
2752,91733,LEFT_HEEL,0.6756130456924438,0.8058902621269226,-0.22500558197498322,0.9346564412117004,0.9963822364807129
2752,91733,RIGHT_HEEL,0.22373822331428528,0.7620006203651428,0.04981368035078049,0.8626495599746704,0.9993103742599487
2752,91733,LEFT_FOOT_INDEX,0.5698641538619995,0.8212480545043945,-0.5273119807243347,0.9514468908309937,0.9920124411582947
2752,91733,RIGHT_FOOT_INDEX,0.12500585615634918,0.7132355570793152,-0.08655233681201935,0.8781625032424927,0.9978893399238586
2753,91767,NOSE,0.39060476422309875,0.200125053524971,-0.45847445726394653,0.9986570477485657,0.9999263286590576
2753,91767,LEFT_EYE_INNER,0.4029918611049652,0.18572308123111725,-0.47592878341674805,0.9986395239830017,0.9998243451118469
2753,91767,LEFT_EYE,0.4094935357570648,0.18466408550739288,-0.4760058522224426,0.9986437559127808,0.9998295307159424
2753,91767,LEFT_EYE_OUTER,0.4161131680011749,0.18353192508220673,-0.4760080575942993,0.998759925365448,0.9998244643211365
2753,91767,RIGHT_EYE_INNER,0.39240914583206177,0.1863665133714676,-0.4225232005119324,0.998462438583374,0.9998257756233215
2753,91767,RIGHT_EYE,0.39124542474746704,0.1858535259962082,-0.42258384823799133,0.9984737634658813,0.9998248219490051
2753,91767,RIGHT_EYE_OUTER,0.3903786242008209,0.18515479564666748,-0.4226672351360321,0.9984726309776306,0.9998237490653992
2753,91767,LEFT_EAR,0.4541507959365845,0.18429596722126007,-0.420093834400177,0.9985449910163879,0.9998607635498047
2753,91767,RIGHT_EAR,0.4193737208843231,0.18551389873027802,-0.16809216141700745,0.9983149170875549,0.9998965263366699
2753,91767,MOUTH_LEFT,0.41413354873657227,0.21149271726608276,-0.4279593825340271,0.9986150860786438,0.9999690055847168
2753,91767,MOUTH_RIGHT,0.4007467031478882,0.21173755824565887,-0.35606396198272705,0.998211145401001,0.9999611377716064
2753,91767,LEFT_SHOULDER,0.5755138397216797,0.25339579582214355,-0.3911866843700409,0.9998982548713684,0.9999909400939941
2753,91767,RIGHT_SHOULDER,0.3913484215736389,0.2632588744163513,0.08511686325073242,0.9993743300437927,0.9999856948852539
2753,91767,LEFT_ELBOW,0.6887456178665161,0.32999470829963684,-0.49608951807022095,0.966702401638031,0.9998766183853149
2753,91767,RIGHT_ELBOW,0.3801736533641815,0.3645474910736084,0.2474566102027893,0.27098363637924194,0.9999394416809082
2753,91767,LEFT_WRIST,0.7764502167701721,0.4117526113986969,-0.7779998183250427,0.936539351940155,0.9991138577461243
2753,91767,RIGHT_WRIST,0.3415738344192505,0.4598853290081024,0.050322409719228745,0.35540249943733215,0.9997102618217468
2753,91767,LEFT_PINKY,0.8051533102989197,0.4334357976913452,-0.8583390116691589,0.9093698263168335,0.9979075193405151
2753,91767,RIGHT_PINKY,0.3262862265110016,0.4862038195133209,0.010500556789338589,0.33100250363349915,0.9993842840194702
2753,91767,LEFT_INDEX,0.799554705619812,0.43482324481010437,-0.9290308356285095,0.9054285883903503,0.9982531666755676
2753,91767,RIGHT_INDEX,0.32738086581230164,0.49164581298828125,-0.08137956261634827,0.34098348021507263,0.9993718266487122
2753,91767,LEFT_THUMB,0.7837299704551697,0.4293728768825531,-0.81041419506073,0.8812541365623474,0.9988295435905457
2753,91767,RIGHT_THUMB,0.33833321928977966,0.48037445545196533,0.005298146512359381,0.3402615487575531,0.9995488524436951
2753,91767,LEFT_HIP,0.5420973300933838,0.4639737904071808,-0.1706274002790451,0.999717652797699,0.9997767806053162
2753,91767,RIGHT_HIP,0.4379107654094696,0.45897361636161804,0.17068272829055786,0.9992855787277222,0.9999251365661621
2753,91767,LEFT_KNEE,0.545204222202301,0.6198397874832153,-0.3040398061275482,0.9765821695327759,0.9999586343765259
2753,91767,RIGHT_KNEE,0.3216473460197449,0.583249568939209,0.04366174712777138,0.8689438700675964,0.9999556541442871
2753,91767,LEFT_ANKLE,0.6443213820457458,0.777994692325592,-0.20113584399223328,0.9766704440116882,0.9994971752166748
2753,91767,RIGHT_ANKLE,0.253287672996521,0.7421045303344727,0.2420879751443863,0.8864940404891968,0.9998655319213867
2753,91767,LEFT_HEEL,0.6754423975944519,0.8053422570228577,-0.20938637852668762,0.937980055809021,0.9987791180610657
2753,91767,RIGHT_HEEL,0.25979745388031006,0.7777717113494873,0.24411119520664215,0.8739864230155945,0.9996873140335083
2753,91767,LEFT_FOOT_INDEX,0.566950261592865,0.8201942443847656,-0.5088655352592468,0.9559662342071533,0.9967858791351318
2753,91767,RIGHT_FOOT_INDEX,0.15358880162239075,0.7456031441688538,0.04390808567404747,0.8896700143814087,0.9988306164741516
2754,91800,NOSE,0.3889375627040863,0.20071221888065338,-0.49436861276626587,0.998788595199585,0.9998927116394043
2754,91800,LEFT_EYE_INNER,0.4021328091621399,0.18586449325084686,-0.5056734085083008,0.9987625479698181,0.9997252821922302
2754,91800,LEFT_EYE,0.4087527394294739,0.18486322462558746,-0.5057535171508789,0.998769998550415,0.9997251629829407
2754,91800,LEFT_EYE_OUTER,0.41547444462776184,0.18378013372421265,-0.5057970285415649,0.9988731741905212,0.9997096657752991
2754,91800,RIGHT_EYE_INNER,0.38990145921707153,0.18667036294937134,-0.45832908153533936,0.998605489730835,0.9997484087944031
2754,91800,RIGHT_EYE,0.3879367709159851,0.1863311529159546,-0.4584003984928131,0.998616099357605,0.9997522234916687
2754,91800,RIGHT_EYE_OUTER,0.38625407218933105,0.18585264682769775,-0.45850297808647156,0.9986122846603394,0.9997573494911194
2754,91800,LEFT_EAR,0.4518524706363678,0.18478594720363617,-0.42383241653442383,0.9986818432807922,0.9997541308403015
2754,91800,RIGHT_EAR,0.4121502935886383,0.18684810400009155,-0.20254093408584595,0.9984650611877441,0.9998692274093628
2754,91800,MOUTH_LEFT,0.4101871848106384,0.21181178092956543,-0.4544191360473633,0.9987490773200989,0.9999399185180664
2754,91800,MOUTH_RIGHT,0.3955727815628052,0.21219676733016968,-0.3910808861255646,0.9983804821968079,0.9999392032623291
2754,91800,LEFT_SHOULDER,0.5748558044433594,0.2543433606624603,-0.3673624098300934,0.9999074339866638,0.9999778270721436
2754,91800,RIGHT_SHOULDER,0.37453728914260864,0.2661893367767334,0.055582210421562195,0.9994310140609741,0.9999809265136719
2754,91800,LEFT_ELBOW,0.6860328912734985,0.3271300792694092,-0.4271337687969208,0.9699586033821106,0.9997096657752991
2754,91800,RIGHT_ELBOW,0.35340553522109985,0.3634253740310669,0.22573690116405487,0.32537001371383667,0.9998985528945923
2754,91800,LEFT_WRIST,0.7755482196807861,0.40688490867614746,-0.7164624333381653,0.9423057436943054,0.9967417120933533
2754,91800,RIGHT_WRIST,0.32119911909103394,0.45787572860717773,0.03340741991996765,0.41110047698020935,0.9994595646858215
2754,91800,LEFT_PINKY,0.8081767559051514,0.4283093512058258,-0.787854790687561,0.9168860912322998,0.9927337169647217
2754,91800,RIGHT_PINKY,0.3079323172569275,0.4832580089569092,-0.007766840048134327,0.3822931945323944,0.9988521337509155
2754,91800,LEFT_INDEX,0.8025411367416382,0.4281094968318939,-0.8391286730766296,0.9135245680809021,0.9938429594039917
2754,91800,RIGHT_INDEX,0.31165429949760437,0.4883038103580475,-0.09264466166496277,0.39286091923713684,0.998874843120575
2754,91800,LEFT_THUMB,0.7824192643165588,0.4252256155014038,-0.7347543239593506,0.8912755250930786,0.9959297776222229
2754,91800,RIGHT_THUMB,0.323574423789978,0.47779515385627747,-0.00844618957489729,0.3910095691680908,0.9991924166679382
2754,91800,LEFT_HIP,0.5331536531448364,0.46410107612609863,-0.15527094900608063,0.9997157454490662,0.9995744824409485
2754,91800,RIGHT_HIP,0.4268285632133484,0.4609420597553253,0.15527011454105377,0.9993255138397217,0.99989914894104
2754,91800,LEFT_KNEE,0.5509450435638428,0.6192969679832458,-0.3222062885761261,0.9786709547042847,0.9998927116394043
2754,91800,RIGHT_KNEE,0.3274291455745697,0.5957699418067932,-6.18995472905226e-05,0.8813582062721252,0.999932050704956
2754,91800,LEFT_ANKLE,0.6416320204734802,0.7775588631629944,-0.22598546743392944,0.9787468910217285,0.9987831711769104
2754,91800,RIGHT_ANKLE,0.2867673933506012,0.7578062415122986,0.2269260287284851,0.8973595499992371,0.9997555613517761
2754,91800,LEFT_HEEL,0.6731066107749939,0.8047396540641785,-0.23547369241714478,0.9393490552902222,0.9969784021377563
2754,91800,RIGHT_HEEL,0.3016722798347473,0.7914755940437317,0.23665708303451538,0.8839992880821228,0.9993793964385986
2754,91800,LEFT_FOOT_INDEX,0.5685727000236511,0.8207777142524719,-0.5312220454216003,0.9597327709197998,0.9909748435020447
2754,91800,RIGHT_FOOT_INDEX,0.18765129148960114,0.7659549117088318,-0.02727564051747322,0.8998832106590271,0.9972928166389465
2755,91833,NOSE,0.38550421595573425,0.20143479108810425,-0.4843365252017975,0.9989078044891357,0.9998887777328491
2755,91833,LEFT_EYE_INNER,0.398945152759552,0.18599379062652588,-0.4944750666618347,0.9988767504692078,0.9996596574783325
2755,91833,LEFT_EYE,0.4056779742240906,0.18506217002868652,-0.4945400357246399,0.9988856315612793,0.9996441602706909
2755,91833,LEFT_EYE_OUTER,0.4126407206058502,0.18403489887714386,-0.4945742189884186,0.9989766478538513,0.999602735042572
2755,91833,RIGHT_EYE_INNER,0.3850603997707367,0.1871081441640854,-0.45298248529434204,0.9987373352050781,0.9997223019599915
2755,91833,RIGHT_EYE,0.3822277784347534,0.18699198961257935,-0.45305153727531433,0.9987474679946899,0.9997333884239197
2755,91833,RIGHT_EYE_OUTER,0.3797740042209625,0.18680936098098755,-0.45313918590545654,0.998741865158081,0.9997441172599792
2755,91833,LEFT_EAR,0.44520658254623413,0.1850138157606125,-0.41953036189079285,0.9988058805465698,0.9996408224105835
2755,91833,RIGHT_EAR,0.40088286995887756,0.18868999183177948,-0.2134767323732376,0.9986045956611633,0.9998626708984375
2755,91833,MOUTH_LEFT,0.40477707982063293,0.21244706213474274,-0.44317755103111267,0.9988704919815063,0.9999306201934814
2755,91833,MOUTH_RIGHT,0.389226496219635,0.2130805104970932,-0.38701823353767395,0.9985347986221313,0.9999363422393799
2755,91833,LEFT_SHOULDER,0.570709764957428,0.2546050250530243,-0.3152052164077759,0.9999151229858398,0.9999629259109497
2755,91833,RIGHT_SHOULDER,0.35845017433166504,0.27012500166893005,-0.0022691853810101748,0.9994831085205078,0.9999783039093018
2755,91833,LEFT_ELBOW,0.6809816360473633,0.32569560408592224,-0.3407703936100006,0.9728446006774902,0.9995773434638977
2755,91833,RIGHT_ELBOW,0.3342150151729584,0.363404780626297,0.10498099774122238,0.3813335597515106,0.9998714923858643
2755,91833,LEFT_WRIST,0.7697448134422302,0.40383073687553406,-0.6012073755264282,0.9471973180770874,0.9954444169998169
2755,91833,RIGHT_WRIST,0.29657039046287537,0.4560382664203644,-0.12395479530096054,0.4653019607067108,0.9994962215423584
2755,91833,LEFT_PINKY,0.8017811179161072,0.423283189535141,-0.6617025136947632,0.9229468107223511,0.9896809458732605
2755,91833,RIGHT_PINKY,0.2865854501724243,0.48304662108421326,-0.17720924317836761,0.4353121519088745,0.9989018440246582
2755,91833,LEFT_INDEX,0.795789897441864,0.4254736602306366,-0.7588948011398315,0.920216977596283,0.9914913773536682
2755,91833,RIGHT_INDEX,0.2969951629638672,0.4856284558773041,-0.2567010521888733,0.44575056433677673,0.9989481568336487
2755,91833,LEFT_THUMB,0.776360809803009,0.42304858565330505,-0.6413625478744507,0.8998498320579529,0.9943897128105164
2755,91833,RIGHT_THUMB,0.30691418051719666,0.47626909613609314,-0.16415491700172424,0.44324198365211487,0.9992523789405823
2755,91833,LEFT_HIP,0.5233453512191772,0.4642651081085205,-0.12723198533058167,0.9997091889381409,0.9993184804916382
2755,91833,RIGHT_HIP,0.41257569193840027,0.4627194106578827,0.12712495028972626,0.999360203742981,0.9998606443405151
2755,91833,LEFT_KNEE,0.5526073575019836,0.6190736889839172,-0.3003445267677307,0.9805262684822083,0.999840497970581
2755,91833,RIGHT_KNEE,0.327747642993927,0.6082481741905212,0.04300064593553543,0.8925131559371948,0.9999210834503174
2755,91833,LEFT_ANKLE,0.6401398181915283,0.7774242758750916,-0.18584109842777252,0.980504035949707,0.9974172115325928
2755,91833,RIGHT_ANKLE,0.32030048966407776,0.768828809261322,0.2174498736858368,0.9070619940757751,0.9994522929191589
2755,91833,LEFT_HEEL,0.6709026098251343,0.804645299911499,-0.19807197153568268,0.937999427318573,0.9937114715576172
2755,91833,RIGHT_HEEL,0.342155784368515,0.8004047274589539,0.21745610237121582,0.8918415904045105,0.998513400554657
2755,91833,LEFT_FOOT_INDEX,0.5744236707687378,0.8204142451286316,-0.49753043055534363,0.9628084301948547,0.9799384474754333
2755,91833,RIGHT_FOOT_INDEX,0.21653012931346893,0.7863810062408447,-0.014557755552232265,0.9088148474693298,0.993206262588501
2756,91867,NOSE,0.3747628331184387,0.20156484842300415,-0.5689176321029663,0.9990149736404419,0.9998706579208374
2756,91867,LEFT_EYE_INNER,0.38676783442497253,0.18608783185482025,-0.5694305896759033,0.9989789128303528,0.9996343851089478
2756,91867,LEFT_EYE,0.3935970664024353,0.18512888252735138,-0.5694988965988159,0.9989892840385437,0.9996405839920044
2756,91867,LEFT_EYE_OUTER,0.4004976749420166,0.18410766124725342,-0.5695677399635315,0.9990699887275696,0.9996176958084106
2756,91867,RIGHT_EYE_INNER,0.3712991178035736,0.18724030256271362,-0.5324482917785645,0.998855471611023,0.9996590614318848
2756,91867,RIGHT_EYE,0.367428183555603,0.1870226413011551,-0.5324675440788269,0.9988649487495422,0.9996607303619385
2756,91867,RIGHT_EYE_OUTER,0.3638812303543091,0.18700380623340607,-0.5324739813804626,0.998857319355011,0.999666690826416
2756,91867,LEFT_EAR,0.431079238653183,0.1851871758699417,-0.45563623309135437,0.9989150762557983,0.9996668100357056
2756,91867,RIGHT_EAR,0.3807715177536011,0.18987496197223663,-0.2818281650543213,0.9987254738807678,0.9998155236244202
2756,91867,MOUTH_LEFT,0.3934241831302643,0.21260029077529907,-0.5197234749794006,0.9989798665046692,0.999929666519165
2756,91867,MOUTH_RIGHT,0.3767898380756378,0.21317361295223236,-0.4693606495857239,0.9986746311187744,0.9999253749847412
2756,91867,LEFT_SHOULDER,0.5544473528862,0.2559693455696106,-0.3562227487564087,0.9999212622642517,0.9999626874923706
2756,91867,RIGHT_SHOULDER,0.33967962861061096,0.2769078016281128,-0.058303285390138626,0.9995293021202087,0.9999592304229736
2756,91867,LEFT_ELBOW,0.6750847697257996,0.32672062516212463,-0.36252498626708984,0.9754068851470947,0.9996064305305481
2756,91867,RIGHT_ELBOW,0.3120975196361542,0.3701331317424774,0.09675062447786331,0.4354441165924072,0.9997335076332092
2756,91867,LEFT_WRIST,0.7720184922218323,0.4021378755569458,-0.58967125415802,0.9513402581214905,0.9950727820396423
2756,91867,RIGHT_WRIST,0.27090197801589966,0.45925816893577576,-0.07281387597322464,0.5145938992500305,0.9993719458580017
2756,91867,LEFT_PINKY,0.8040785193443298,0.4251316487789154,-0.6488319039344788,0.9277071356773376,0.9890068769454956
2756,91867,RIGHT_PINKY,0.2642837464809418,0.4885638654232025,-0.11056358367204666,0.4835106134414673,0.998848557472229
2756,91867,LEFT_INDEX,0.7961338758468628,0.4247695505619049,-0.73579341173172,0.9256868958473206,0.9904853701591492
2756,91867,RIGHT_INDEX,0.2745514214038849,0.4885544776916504,-0.19109709560871124,0.49356505274772644,0.9988462924957275
2756,91867,LEFT_THUMB,0.7775680422782898,0.42093825340270996,-0.6264468431472778,0.9070210456848145,0.9937058091163635
2756,91867,RIGHT_THUMB,0.28131991624832153,0.47871828079223633,-0.11094091832637787,0.4902390241622925,0.9991517066955566
2756,91867,LEFT_HIP,0.5135704278945923,0.46476539969444275,-0.11663980036973953,0.9996767640113831,0.9991338849067688
2756,91867,RIGHT_HIP,0.40135517716407776,0.46695244312286377,0.11652684956789017,0.9993557929992676,0.999565064907074
2756,91867,LEFT_KNEE,0.5532256960868835,0.6204583048820496,-0.25264471769332886,0.9820470809936523,0.9999022483825684
2756,91867,RIGHT_KNEE,0.3444485068321228,0.6223269104957581,0.12473013252019882,0.9023559093475342,0.9999195337295532
2756,91867,LEFT_ANKLE,0.6402715444564819,0.7768597602844238,-0.11871960759162903,0.9820890426635742,0.9985737800598145
2756,91867,RIGHT_ANKLE,0.35294660925865173,0.7778000831604004,0.3360516428947449,0.9155957698822021,0.9992303848266602
2756,91867,LEFT_HEEL,0.6694560050964355,0.8044459223747253,-0.1270875632762909,0.9370792508125305,0.9964582324028015
2756,91867,RIGHT_HEEL,0.36828702688217163,0.8006188869476318,0.33827540278434753,0.8956696391105652,0.9980372786521912
2756,91867,LEFT_FOOT_INDEX,0.6025287508964539,0.8199101090431213,-0.44675809144973755,0.9655923247337341,0.9868942499160767
2756,91867,RIGHT_FOOT_INDEX,0.2533453404903412,0.8046239018440247,0.09965556114912033,0.9166496396064758,0.9935083389282227
2757,91900,NOSE,0.3532975912094116,0.2016468048095703,-0.46085548400878906,0.9991121292114258,0.9999141693115234
2757,91900,LEFT_EYE_INNER,0.36488083004951477,0.1861589103937149,-0.43468910455703735,0.9990749955177307,0.9997194409370422
2757,91900,LEFT_EYE,0.371869295835495,0.18522252142429352,-0.4347982108592987,0.9990852475166321,0.9997100234031677
2757,91900,LEFT_EYE_OUTER,0.3792184293270111,0.1842336505651474,-0.43485867977142334,0.9991573095321655,0.9996824264526367
2757,91900,RIGHT_EYE_INNER,0.3495881259441376,0.18746912479400635,-0.41069716215133667,0.9989646673202515,0.9997537732124329
2757,91900,RIGHT_EYE,0.34598055481910706,0.18747453391551971,-0.41069483757019043,0.9989733695983887,0.9997561573982239
2757,91900,RIGHT_EYE_OUTER,0.34291183948516846,0.18767036497592926,-0.4105801582336426,0.9989657402038574,0.9997588992118835
2757,91900,LEFT_EAR,0.4117168188095093,0.1852586716413498,-0.31011977791786194,0.9990174174308777,0.9997194409370422
2757,91900,RIGHT_EAR,0.3617950975894928,0.1912505030632019,-0.13446904718875885,0.9988422989845276,0.9998643398284912
2757,91900,MOUTH_LEFT,0.3723543584346771,0.2127106934785843,-0.3845006823539734,0.9990795850753784,0.9999526739120483
2757,91900,MOUTH_RIGHT,0.35597702860832214,0.213246151804924,-0.34715405106544495,0.9988030791282654,0.9999521970748901
2757,91900,LEFT_SHOULDER,0.53516685962677,0.25648951530456543,-0.24030886590480804,0.9999276399612427,0.9999701976776123
2757,91900,RIGHT_SHOULDER,0.3205835521221161,0.2767876982688904,0.04364744946360588,0.9995729923248291,0.999976634979248
2757,91900,LEFT_ELBOW,0.6695672273635864,0.3265017867088318,-0.2819013297557831,0.9776521921157837,0.9995261430740356
2757,91900,RIGHT_ELBOW,0.2890116274356842,0.3706447184085846,0.11235558241605759,0.48405417799949646,0.9998483657836914
2757,91900,LEFT_WRIST,0.7609367370605469,0.39463672041893005,-0.5237604975700378,0.9551202654838562,0.996607780456543
2757,91900,RIGHT_WRIST,0.24200041592121124,0.4611717760562897,-0.010144557803869247,0.5591173768043518,0.9995012283325195
2757,91900,LEFT_PINKY,0.7912235260009766,0.41923466324806213,-0.5899888873100281,0.9322975873947144,0.99290931224823
2757,91900,RIGHT_PINKY,0.2363869547843933,0.49167051911354065,-0.03645956143736839,0.5271584391593933,0.9989451766014099
2757,91900,LEFT_INDEX,0.7856019139289856,0.42158088088035583,-0.6684279441833496,0.9308170676231384,0.9942639470100403
2757,91900,RIGHT_INDEX,0.24581556022167206,0.49055787920951843,-0.1193452849984169,0.5369847416877747,0.9989655017852783
2757,91900,LEFT_THUMB,0.7710926532745361,0.41420507431030273,-0.5592949986457825,0.9135284423828125,0.9960845708847046
2757,91900,RIGHT_THUMB,0.25116607546806335,0.4804701805114746,-0.05047447979450226,0.5333406329154968,0.9992762207984924
2757,91900,LEFT_HIP,0.5045443773269653,0.4655822813510895,-0.12382188439369202,0.9996592998504639,0.9989473223686218
2757,91900,RIGHT_HIP,0.3917391896247864,0.4694007933139801,0.12374292314052582,0.9993791580200195,0.9996223449707031
2757,91900,LEFT_KNEE,0.549870491027832,0.6231863498687744,-0.21278677880764008,0.9833763241767883,0.9998648166656494
2757,91900,RIGHT_KNEE,0.35227781534194946,0.6291428208351135,0.11054661870002747,0.911288857460022,0.9999088048934937
2757,91900,LEFT_ANKLE,0.6394959092140198,0.7745766639709473,-0.048099618405103683,0.9834102988243103,0.9983248114585876
2757,91900,RIGHT_ANKLE,0.34993594884872437,0.7793028950691223,0.295213907957077,0.9233918190002441,0.9992150068283081
2757,91900,LEFT_HEEL,0.6692916750907898,0.7978467345237732,-0.05144398659467697,0.9337289333343506,0.9960749745368958
2757,91900,RIGHT_HEEL,0.369146466255188,0.8018566966056824,0.2953760623931885,0.900671124458313,0.9980084300041199
2757,91900,LEFT_FOOT_INDEX,0.600071132183075,0.8194935917854309,-0.3509487807750702,0.9678909182548523,0.9884393215179443
2757,91900,RIGHT_FOOT_INDEX,0.2556384205818176,0.8132558465003967,0.06720729172229767,0.923846423625946,0.9936649799346924
2758,91933,NOSE,0.33878061175346375,0.20221668481826782,-0.44708824157714844,0.9991983771324158,0.999824583530426
2758,91933,LEFT_EYE_INNER,0.34925714135169983,0.1865236908197403,-0.4404141306877136,0.9991556406021118,0.9994744658470154
2758,91933,LEFT_EYE,0.3562040328979492,0.18551534414291382,-0.44051146507263184,0.9991671442985535,0.9994688630104065
2758,91933,LEFT_EYE_OUTER,0.363392174243927,0.18449018895626068,-0.4405781328678131,0.9992313385009766,0.9994294047355652
2758,91933,RIGHT_EYE_INNER,0.3337532579898834,0.18827104568481445,-0.4062299430370331,0.999057948589325,0.9995284080505371
2758,91933,RIGHT_EYE,0.32950595021247864,0.188468798995018,-0.40626779198646545,0.9990662932395935,0.9995380640029907
2758,91933,RIGHT_EYE_OUTER,0.32588914036750793,0.18885980546474457,-0.40626639127731323,0.9990577697753906,0.9995512366294861
2758,91933,LEFT_EAR,0.3958786725997925,0.18553131818771362,-0.33643093705177307,0.9991053342819214,0.9994875192642212
2758,91933,RIGHT_EAR,0.34442976117134094,0.19235722720623016,-0.14454515278339386,0.998937726020813,0.9997484087944031
2758,91933,MOUTH_LEFT,0.3577151298522949,0.21280135214328766,-0.38977357745170593,0.9991672039031982,0.9999116659164429
2758,91933,MOUTH_RIGHT,0.3404870927333832,0.21357065439224243,-0.3442000448703766,0.998914897441864,0.999911904335022
2758,91933,LEFT_SHOULDER,0.5176911950111389,0.2572343945503235,-0.2733229994773865,0.9999327063560486,0.9999537467956543
2758,91933,RIGHT_SHOULDER,0.3053201735019684,0.2762238681316376,0.056574709713459015,0.9996122121810913,0.9999703168869019
2758,91933,LEFT_ELBOW,0.645878791809082,0.32762718200683594,-0.29351937770843506,0.9796395301818848,0.999497652053833
2758,91933,RIGHT_ELBOW,0.27309420704841614,0.37069132924079895,0.1529219001531601,0.527180016040802,0.9998331069946289
2758,91933,LEFT_WRIST,0.7503663301467896,0.3966614902019501,-0.5094032883644104,0.9583725333213806,0.9962271451950073
2758,91933,RIGHT_WRIST,0.22225220501422882,0.46126243472099304,0.04066662862896919,0.5984801054000854,0.9993242025375366
2758,91933,LEFT_PINKY,0.7796638607978821,0.4193657338619232,-0.5691037178039551,0.9361606240272522,0.9922101497650146
2758,91933,RIGHT_PINKY,0.20974254608154297,0.4931543171405792,0.0060282303020358086,0.5654295086860657,0.9985791444778442
2758,91933,LEFT_INDEX,0.7724431753158569,0.4217417240142822,-0.6474040150642395,0.9351692199707031,0.9932190775871277
2758,91933,RIGHT_INDEX,0.2168569713830948,0.49325719475746155,-0.07818401604890823,0.5752031803131104,0.9985509514808655
2758,91933,LEFT_THUMB,0.7604779005050659,0.41474416851997375,-0.5441375970840454,0.91910719871521,0.9954313039779663
2758,91933,RIGHT_THUMB,0.2235308140516281,0.4826316833496094,-0.0004559124063234776,0.5713292360305786,0.9989602565765381
2758,91933,LEFT_HIP,0.4979853332042694,0.4655787944793701,-0.11915207654237747,0.9996119141578674,0.9982287287712097
2758,91933,RIGHT_HIP,0.38270103931427,0.46977829933166504,0.11909694969654083,0.9993877410888672,0.9993353486061096
2758,91933,LEFT_KNEE,0.5440486073493958,0.6231401562690735,-0.19833600521087646,0.9844477772712708,0.9998064637184143
2758,91933,RIGHT_KNEE,0.3533761203289032,0.6300773024559021,0.10406575351953506,0.9194022417068481,0.9998655319213867
2758,91933,LEFT_ANKLE,0.6366097331047058,0.7722828984260559,-0.024410704150795937,0.9844323396682739,0.9977310299873352
2758,91933,RIGHT_ANKLE,0.3466120660305023,0.7825381755828857,0.27139174938201904,0.9303603768348694,0.9988245368003845
2758,91933,LEFT_HEEL,0.6660510897636414,0.7927048206329346,-0.026663372293114662,0.9268261790275574,0.9949030876159668
2758,91933,RIGHT_HEEL,0.3656485080718994,0.8027775883674622,0.27923598885536194,0.9041997194290161,0.9971515536308289
2758,91933,LEFT_FOOT_INDEX,0.6056633591651917,0.8178443908691406,-0.3202323615550995,0.9696504473686218,0.9849976301193237
2758,91933,RIGHT_FOOT_INDEX,0.2532881498336792,0.8173577189445496,0.005477913189679384,0.9301624894142151,0.9907398223876953
2759,91967,NOSE,0.323513001203537,0.2033262848854065,-0.42460522055625916,0.9992771148681641,0.9998788833618164
2759,91967,LEFT_EYE_INNER,0.3328350782394409,0.18714654445648193,-0.403794527053833,0.9992334842681885,0.9996246099472046
2759,91967,LEFT_EYE,0.3401396572589874,0.18601423501968384,-0.40391260385513306,0.9992450475692749,0.9996215105056763
2759,91967,LEFT_EYE_OUTER,0.3478076457977295,0.18490903079509735,-0.4039793610572815,0.9993025064468384,0.9995935559272766
2759,91967,RIGHT_EYE_INNER,0.3175349235534668,0.18930405378341675,-0.37790974974632263,0.9991461634635925,0.9996370077133179
2759,91967,RIGHT_EYE,0.3127762973308563,0.18962198495864868,-0.37798333168029785,0.9991540312767029,0.9996277093887329
2759,91967,RIGHT_EYE_OUTER,0.30828163027763367,0.19012677669525146,-0.3779614567756653,0.9991453886032104,0.9996227025985718
2759,91967,LEFT_EAR,0.3804551064968109,0.18556900322437286,-0.27182596921920776,0.9991884231567383,0.999624490737915
2759,91967,RIGHT_EAR,0.3256368935108185,0.1929691582918167,-0.11629948765039444,0.9990291595458984,0.9997472167015076
2759,91967,MOUTH_LEFT,0.3420970141887665,0.21320690214633942,-0.3562206029891968,0.999247670173645,0.9999244213104248
2759,91967,MOUTH_RIGHT,0.32470354437828064,0.21433629095554352,-0.31980130076408386,0.9990177154541016,0.999910831451416
2759,91967,LEFT_SHOULDER,0.5026874542236328,0.2574945092201233,-0.21581897139549255,0.9999380707740784,0.9999637603759766
2759,91967,RIGHT_SHOULDER,0.28727880120277405,0.27738693356513977,0.08166543394327164,0.9996463656425476,0.9999513626098633
2759,91967,LEFT_ELBOW,0.6123517751693726,0.3285246789455414,-0.2274959236383438,0.981522262096405,0.9996483325958252
2759,91967,RIGHT_ELBOW,0.25831079483032227,0.373997300863266,0.17176784574985504,0.565517246723175,0.9997826218605042
2759,91967,LEFT_WRIST,0.7463160753250122,0.4006885588169098,-0.4417848587036133,0.9618507623672485,0.9980727434158325
2759,91967,RIGHT_WRIST,0.20151813328266144,0.46410074830055237,0.04243932291865349,0.6344772577285767,0.999249279499054
2759,91967,LEFT_PINKY,0.7758577466011047,0.42205166816711426,-0.5043767094612122,0.9407656192779541,0.995536208152771
2759,91967,RIGHT_PINKY,0.18311429023742676,0.49284854531288147,0.0009055403643287718,0.6012248396873474,0.9984911680221558
2759,91967,LEFT_INDEX,0.7657138109207153,0.4253225326538086,-0.5820942521095276,0.9400879144668579,0.9961971044540405
2759,91967,RIGHT_INDEX,0.1872268170118332,0.49347683787345886,-0.0852755755186081,0.6108484864234924,0.9984671473503113
2759,91967,LEFT_THUMB,0.7551239132881165,0.4179038107395172,-0.47712239623069763,0.9253280758857727,0.9975333213806152
2759,91967,RIGHT_THUMB,0.19521993398666382,0.4841529428958893,-9.123431664193049e-05,0.6068774461746216,0.9988840222358704
2759,91967,LEFT_HIP,0.4899131655693054,0.46562519669532776,-0.12050231546163559,0.9995954632759094,0.998598039150238
2759,91967,RIGHT_HIP,0.3727664649486542,0.471104234457016,0.12046871334314346,0.9994019269943237,0.9993835687637329
2759,91967,LEFT_KNEE,0.5272575616836548,0.6228756904602051,-0.1991078406572342,0.985471248626709,0.99985671043396
2759,91967,RIGHT_KNEE,0.35334205627441406,0.6297065615653992,0.0907502993941307,0.9264475107192993,0.999854564666748
2759,91967,LEFT_ANKLE,0.628269374370575,0.7702072262763977,-0.03273167088627815,0.9853959083557129,0.9979410767555237
2759,91967,RIGHT_ANKLE,0.34426677227020264,0.7806510925292969,0.25806745886802673,0.936525821685791,0.9988289475440979
2759,91967,LEFT_HEEL,0.6628174781799316,0.7885298728942871,-0.034948788583278656,0.9212377071380615,0.9954537153244019
2759,91967,RIGHT_HEEL,0.3601389229297638,0.80263751745224,0.2594554126262665,0.9067630171775818,0.9972165822982788
2759,91967,LEFT_FOOT_INDEX,0.5986233949661255,0.8158788681030273,-0.3205794095993042,0.9713656306266785,0.9868040680885315
2759,91967,RIGHT_FOOT_INDEX,0.25167232751846313,0.8143522143363953,0.009267265908420086,0.9357109069824219,0.9915426969528198
2760,92000,NOSE,0.305602103471756,0.2033364325761795,-0.4478435814380646,0.9993470311164856,0.9997426867485046
2760,92000,LEFT_EYE_INNER,0.31578701734542847,0.1869322657585144,-0.44441887736320496,0.9992989897727966,0.999164342880249
2760,92000,LEFT_EYE,0.32281696796417236,0.18574611842632294,-0.44456547498703003,0.9993112087249756,0.9991546869277954
2760,92000,LEFT_EYE_OUTER,0.33064502477645874,0.18459241092205048,-0.44462326169013977,0.9993626475334167,0.9990992546081543
2760,92000,RIGHT_EYE_INNER,0.30096715688705444,0.18923212587833405,-0.40721428394317627,0.9992209672927856,0.9992353916168213
2760,92000,RIGHT_EYE,0.2969617247581482,0.18957801163196564,-0.40728849172592163,0.9992282390594482,0.9992444515228271
2760,92000,RIGHT_EYE_OUTER,0.2927997410297394,0.19008322060108185,-0.40737876296043396,0.9992188215255737,0.9992703795433044
2760,92000,LEFT_EAR,0.36386314034461975,0.18551594018936157,-0.3047376573085785,0.9992594122886658,0.9992088675498962
2760,92000,RIGHT_EAR,0.30963975191116333,0.19287951290607452,-0.1538279801607132,0.999101459980011,0.9995748400688171
2760,92000,MOUTH_LEFT,0.32391437888145447,0.2131749838590622,-0.39788904786109924,0.9993195533752441,0.9998795986175537
2760,92000,MOUTH_RIGHT,0.3069435656070709,0.21437914669513702,-0.34814974665641785,0.9991084337234497,0.9998654127120972
2760,92000,LEFT_SHOULDER,0.48687809705734253,0.2573506534099579,-0.23970218002796173,0.9999423027038574,0.9999457597732544
2760,92000,RIGHT_SHOULDER,0.27542370557785034,0.2769428491592407,0.06984081864356995,0.9996756911277771,0.9999487400054932
2760,92000,LEFT_ELBOW,0.5906927585601807,0.32927265763282776,-0.2840387523174286,0.9832039475440979,0.9994829893112183
2760,92000,RIGHT_ELBOW,0.2467830330133438,0.3775296211242676,0.18817782402038574,0.5991933941841125,0.9998039603233337
2760,92000,LEFT_WRIST,0.7111331224441528,0.40312710404396057,-0.5374469757080078,0.9648601412773132,0.9964235424995422
2760,92000,RIGHT_WRIST,0.18409407138824463,0.467868447303772,0.008858559653162956,0.6671441197395325,0.9989226460456848
2760,92000,LEFT_PINKY,0.7458943128585815,0.4231613576412201,-0.6038227081298828,0.9447153806686401,0.9917910099029541
2760,92000,RIGHT_PINKY,0.15985988080501556,0.4930097162723541,-0.031017323955893517,0.6336929202079773,0.9976231455802917
2760,92000,LEFT_INDEX,0.736724853515625,0.426717072725296,-0.6932403445243835,0.9443530440330505,0.9930189251899719
2760,92000,RIGHT_INDEX,0.16254165768623352,0.4938366115093231,-0.12234742194414139,0.6432143449783325,0.9976099729537964
2760,92000,LEFT_THUMB,0.723757803440094,0.42031705379486084,-0.5776400566101074,0.930725634098053,0.9954417943954468
2760,92000,RIGHT_THUMB,0.17379707098007202,0.48585769534111023,-0.036698322743177414,0.6393068432807922,0.9983149766921997
2760,92000,LEFT_HIP,0.47979286313056946,0.4657215178012848,-0.12238192558288574,0.9995653629302979,0.9984159469604492
2760,92000,RIGHT_HIP,0.3679564297199249,0.4727530777454376,0.12238885462284088,0.9993962645530701,0.9993801116943359
2760,92000,LEFT_KNEE,0.5011396408081055,0.622833788394928,-0.19701255857944489,0.9862058162689209,0.9997316002845764
2760,92000,RIGHT_KNEE,0.35230308771133423,0.6305714249610901,0.13761422038078308,0.932063102722168,0.9997794032096863
2760,92000,LEFT_ANKLE,0.6130770444869995,0.7685999274253845,-0.021291514858603477,0.9860870242118835,0.9968253374099731
2760,92000,RIGHT_ANKLE,0.34303125739097595,0.7806937098503113,0.3250578045845032,0.9416783452033997,0.9986043572425842
2760,92000,LEFT_HEEL,0.6511785984039307,0.78427654504776,-0.02227541245520115,0.9171363711357117,0.993028461933136
2760,92000,RIGHT_HEEL,0.3611046373844147,0.8031971454620361,0.32532429695129395,0.9092622399330139,0.9965247511863708
2760,92000,LEFT_FOOT_INDEX,0.5794355273246765,0.8166759014129639,-0.29770225286483765,0.9726795554161072,0.980972409248352
2760,92000,RIGHT_FOOT_INDEX,0.25010672211647034,0.815631628036499,0.09917432069778442,0.940308153629303,0.9895102977752686
2761,92033,NOSE,0.295836478471756,0.2036830186843872,-0.6177929043769836,0.9994115829467773,0.9999289512634277
2761,92033,LEFT_EYE_INNER,0.30613961815834045,0.18695186078548431,-0.6141945123672485,0.9993656277656555,0.9997698664665222
2761,92033,LEFT_EYE,0.3131648898124695,0.1858038306236267,-0.6143141388893127,0.999377429485321,0.999779999256134
2761,92033,LEFT_EYE_OUTER,0.3210533559322357,0.1846659630537033,-0.6143596768379211,0.999423623085022,0.9997771382331848
2761,92033,RIGHT_EYE_INNER,0.29033493995666504,0.18950270116329193,-0.5776686668395996,0.9992948770523071,0.9997404217720032
2761,92033,RIGHT_EYE,0.2861531376838684,0.18989484012126923,-0.5777363777160645,0.9993011951446533,0.9997190833091736
2761,92033,RIGHT_EYE_OUTER,0.2813374102115631,0.19039233028888702,-0.5777748227119446,0.9992915987968445,0.9997040629386902
2761,92033,LEFT_EAR,0.35215872526168823,0.18560922145843506,-0.4730546176433563,0.9993306398391724,0.9998070597648621
2761,92033,RIGHT_EAR,0.2948123514652252,0.19291822612285614,-0.30677875876426697,0.9991790056228638,0.9998007416725159
2761,92033,MOUTH_LEFT,0.3142721354961395,0.213209867477417,-0.5592412352561951,0.9993865489959717,0.9999650716781616
2761,92033,MOUTH_RIGHT,0.296026349067688,0.214760422706604,-0.5104400515556335,0.9991947412490845,0.9999485015869141
2761,92033,LEFT_SHOULDER,0.4733384847640991,0.2573910653591156,-0.4091848134994507,0.9999474287033081,0.9999856948852539
2761,92033,RIGHT_SHOULDER,0.2624554932117462,0.2772187292575836,-0.022402798756957054,0.9997036457061768,0.9999635219573975
2761,92033,LEFT_ELBOW,0.5716314315795898,0.33152660727500916,-0.45208460092544556,0.984801173210144,0.9998520612716675
2761,92033,RIGHT_ELBOW,0.2342236042022705,0.3825349807739258,0.1216343566775322,0.6304963827133179,0.9998816251754761
2761,92033,LEFT_WRIST,0.6733601689338684,0.4063400328159332,-0.721694827079773,0.9680230617523193,0.9991044402122498
2761,92033,RIGHT_WRIST,0.16390922665596008,0.4700690507888794,-0.08530217409133911,0.6975420713424683,0.9993568062782288
2761,92033,LEFT_PINKY,0.7067648768424988,0.42530322074890137,-0.7958541512489319,0.9493439793586731,0.9975625276565552
2761,92033,RIGHT_PINKY,0.1345667541027069,0.49226415157318115,-0.12633545696735382,0.6647983193397522,0.9986059069633484
2761,92033,LEFT_INDEX,0.6958078145980835,0.4285134971141815,-0.8756735920906067,0.949165403842926,0.9978982210159302
2761,92033,RIGHT_INDEX,0.13510167598724365,0.492904394865036,-0.22403571009635925,0.6740343570709229,0.9985835552215576
2761,92033,LEFT_THUMB,0.6844595670700073,0.4211946725845337,-0.7566256523132324,0.9367132186889648,0.9987353682518005
2761,92033,RIGHT_THUMB,0.1490790992975235,0.4856445789337158,-0.1331297606229782,0.6701889634132385,0.9990110397338867
2761,92033,LEFT_HIP,0.4653952121734619,0.4659707546234131,-0.1377517580986023,0.9995784759521484,0.9993398785591125
2761,92033,RIGHT_HIP,0.3565400242805481,0.47363805770874023,0.1376194804906845,0.999413251876831,0.999617338180542
2761,92033,LEFT_KNEE,0.4749951660633087,0.622710645198822,-0.19397342205047607,0.9870099425315857,0.9999349117279053
2761,92033,RIGHT_KNEE,0.3480416536331177,0.6295134425163269,0.18487083911895752,0.9370601177215576,0.9999014139175415
2761,92033,LEFT_ANKLE,0.6002036929130554,0.760939359664917,0.002595827216282487,0.9871070384979248,0.9993361830711365
2761,92033,RIGHT_ANKLE,0.338763028383255,0.7799129486083984,0.3915020227432251,0.9466442465782166,0.9995806813240051
2761,92033,LEFT_HEEL,0.6440343856811523,0.7748836874961853,0.005120628513395786,0.9191768765449524,0.9984891414642334
2761,92033,RIGHT_HEEL,0.3595726788043976,0.8030211925506592,0.3931625485420227,0.9130954146385193,0.998931348323822
2761,92033,LEFT_FOOT_INDEX,0.5650790929794312,0.8165245056152344,-0.262353777885437,0.9747282862663269,0.9952332377433777
2761,92033,RIGHT_FOOT_INDEX,0.2482549101114273,0.8156370520591736,0.1722881942987442,0.945094108581543,0.9965364933013916
2762,92067,NOSE,0.28781425952911377,0.20211531221866608,-0.6375290155410767,0.9994695782661438,0.9999262094497681
2762,92067,LEFT_EYE_INNER,0.2980539798736572,0.18486084043979645,-0.6330653429031372,0.9994256496429443,0.9997709393501282
2762,92067,LEFT_EYE,0.30557891726493835,0.18367379903793335,-0.6331736445426941,0.9994370341300964,0.9997838139533997
2762,92067,LEFT_EYE_OUTER,0.3141181766986847,0.18254108726978302,-0.6332220435142517,0.9994785785675049,0.9997827410697937
2762,92067,RIGHT_EYE_INNER,0.28103107213974,0.18755210936069489,-0.6010552048683167,0.9993612170219421,0.999738872051239
2762,92067,RIGHT_EYE,0.27640968561172485,0.18806695938110352,-0.6010951995849609,0.9993667602539062,0.9997146725654602
2762,92067,RIGHT_EYE_OUTER,0.2716379463672638,0.18858025968074799,-0.6011473536491394,0.9993573427200317,0.9996970891952515
2762,92067,LEFT_EAR,0.34237173199653625,0.18398360908031464,-0.4949582815170288,0.9993951320648193,0.9998190999031067
2762,92067,RIGHT_EAR,0.2818688750267029,0.19148488342761993,-0.3437936007976532,0.9992499947547913,0.9998008608818054
2762,92067,MOUTH_LEFT,0.3062896132469177,0.2121039181947708,-0.5785688161849976,0.9994470477104187,0.9999635219573975
2762,92067,MOUTH_RIGHT,0.2865620255470276,0.21409602463245392,-0.53518146276474,0.999272882938385,0.9999452829360962
2762,92067,LEFT_SHOULDER,0.46280550956726074,0.25714680552482605,-0.4343346953392029,0.9999520778656006,0.9999830722808838
2762,92067,RIGHT_SHOULDER,0.2504275143146515,0.2770933508872986,-0.07516250759363174,0.9997292757034302,0.9999591112136841
2762,92067,LEFT_ELBOW,0.5478082895278931,0.33511602878570557,-0.4688431918621063,0.9861550331115723,0.9996955394744873
2762,92067,RIGHT_ELBOW,0.22378696501255035,0.38368213176727295,0.06137734651565552,0.6574350595474243,0.9998111128807068
2762,92067,LEFT_WRIST,0.6206848621368408,0.42318403720855713,-0.7126465439796448,0.9702370166778564,0.9984241724014282
2762,92067,RIGHT_WRIST,0.15290690958499908,0.469783753156662,-0.14417818188667297,0.7236685752868652,0.9990873336791992
2762,92067,LEFT_PINKY,0.6413098573684692,0.44076216220855713,-0.7864651083946228,0.9522973895072937,0.9961829781532288
2762,92067,RIGHT_PINKY,0.12395136058330536,0.49172571301460266,-0.19050821661949158,0.6913893222808838,0.9981202483177185
2762,92067,LEFT_INDEX,0.6236634254455566,0.44207480549812317,-0.8551514744758606,0.9524215459823608,0.996645987033844
2762,92067,RIGHT_INDEX,0.12470457702875137,0.4922817051410675,-0.2859114408493042,0.7005213499069214,0.9981110095977783
2762,92067,LEFT_THUMB,0.615793764591217,0.43473076820373535,-0.7429792284965515,0.9409670829772949,0.9978373646736145
2762,92067,RIGHT_THUMB,0.13758288323879242,0.4850805699825287,-0.19072982668876648,0.6969089508056641,0.9986170530319214
2762,92067,LEFT_HIP,0.4515513479709625,0.46660682559013367,-0.139085054397583,0.9995931386947632,0.9995844960212708
2762,92067,RIGHT_HIP,0.347110778093338,0.4741343557834625,0.13889487087726593,0.9994304776191711,0.9996500015258789
2762,92067,LEFT_KNEE,0.4519263505935669,0.6226781010627747,-0.1648653745651245,0.9874916076660156,0.9999197721481323
2762,92067,RIGHT_KNEE,0.34141018986701965,0.6301563382148743,0.1847909539937973,0.9400978684425354,0.9997994303703308
2762,92067,LEFT_ANKLE,0.5851427316665649,0.7547509670257568,0.07266724109649658,0.9877602458000183,0.9981637597084045
2762,92067,RIGHT_ANKLE,0.3362613320350647,0.7811384201049805,0.3953177034854889,0.9500975608825684,0.9987033605575562
2762,92067,LEFT_HEEL,0.6300678849220276,0.7623476386070251,0.08090840280056,0.9132492542266846,0.9958090782165527
2762,92067,RIGHT_HEEL,0.35665395855903625,0.8025686740875244,0.3997717797756195,0.9117236733436584,0.9967016577720642
2762,92067,LEFT_FOOT_INDEX,0.5506022572517395,0.8184633255004883,-0.16559423506259918,0.975980281829834,0.9859318733215332
2762,92067,RIGHT_FOOT_INDEX,0.24413511157035828,0.8192460536956787,0.1904926747083664,0.9480294585227966,0.9884819984436035
2763,92100,NOSE,0.2806696891784668,0.2012757807970047,-0.6203823089599609,0.9995212554931641,0.9998817443847656
2763,92100,LEFT_EYE_INNER,0.2882695198059082,0.18393079936504364,-0.6169402599334717,0.9994776844978333,0.9996498823165894
2763,92100,LEFT_EYE,0.2958611845970154,0.1825174242258072,-0.616949200630188,0.9994890689849854,0.9996514320373535
2763,92100,LEFT_EYE_OUTER,0.3043149411678314,0.18113993108272552,-0.6169006824493408,0.9995259642601013,0.9996287822723389
2763,92100,RIGHT_EYE_INNER,0.2709413170814514,0.18721169233322144,-0.5864503383636475,0.9994191527366638,0.9996609687805176
2763,92100,RIGHT_EYE,0.2660577893257141,0.18792526423931122,-0.5865403413772583,0.9994242191314697,0.9996527433395386
2763,92100,RIGHT_EYE_OUTER,0.26138824224472046,0.1885356307029724,-0.5865818858146667,0.99941486120224,0.9996532201766968
2763,92100,LEFT_EAR,0.33180922269821167,0.182755246758461,-0.4911370277404785,0.9994507431983948,0.9996334314346313
2763,92100,RIGHT_EAR,0.2679569125175476,0.1915590912103653,-0.34590786695480347,0.9993078112602234,0.999760091304779
2763,92100,MOUTH_LEFT,0.30030950903892517,0.21134239435195923,-0.5662035346031189,0.9995004534721375,0.9999226331710815
2763,92100,MOUTH_RIGHT,0.2789863646030426,0.2138354778289795,-0.5244547724723816,0.9993410110473633,0.9999072551727295
2763,92100,LEFT_SHOULDER,0.4550112187862396,0.25721976161003113,-0.4321040213108063,0.9999554753303528,0.9999462366104126
2763,92100,RIGHT_SHOULDER,0.23698049783706665,0.2777429223060608,-0.1116170734167099,0.9997518658638,0.9999556541442871
2763,92100,LEFT_ELBOW,0.5281158089637756,0.3385274112224579,-0.4689585268497467,0.9873104095458984,0.9994890689849854
2763,92100,RIGHT_ELBOW,0.21319620311260223,0.38281580805778503,0.013989876955747604,0.6819034814834595,0.9998131394386292
2763,92100,LEFT_WRIST,0.5756577849388123,0.4294697046279907,-0.6830973029136658,0.9719663858413696,0.9984128475189209
2763,92100,RIGHT_WRIST,0.14408038556575775,0.4689072370529175,-0.17664238810539246,0.7467716932296753,0.9990193843841553
2763,92100,LEFT_PINKY,0.5882245302200317,0.4541145861148834,-0.7494890689849854,0.9544738531112671,0.996391236782074
2763,92100,RIGHT_PINKY,0.11413676291704178,0.49146464467048645,-0.22041261196136475,0.7147192358970642,0.9979493021965027
2763,92100,LEFT_INDEX,0.5705839991569519,0.4538091719150543,-0.8115530014038086,0.9548400044441223,0.9967154264450073
2763,92100,RIGHT_INDEX,0.11572128534317017,0.49178460240364075,-0.31034940481185913,0.7237237095832825,0.9979335069656372
2763,92100,LEFT_THUMB,0.5603412985801697,0.44473424553871155,-0.7095385789871216,0.9442186951637268,0.9978531002998352
2763,92100,RIGHT_THUMB,0.12854409217834473,0.48496004939079285,-0.22034817934036255,0.7204897999763489,0.9984660148620605
2763,92100,LEFT_HIP,0.4422716796398163,0.46575263142585754,-0.137352854013443,0.9996007680892944,0.9995102882385254
2763,92100,RIGHT_HIP,0.3370422422885895,0.4737560451030731,0.1370851695537567,0.9994564056396484,0.9997839331626892
2763,92100,LEFT_KNEE,0.42840930819511414,0.6214724183082581,-0.1369209587574005,0.9882014393806458,0.9999126195907593
2763,92100,RIGHT_KNEE,0.3327883183956146,0.6273983716964722,0.16428659856319427,0.9439266324043274,0.9998779296875
2763,92100,LEFT_ANKLE,0.5688961148262024,0.7416680455207825,0.09704047441482544,0.9885597825050354,0.9988025426864624
2763,92100,RIGHT_ANKLE,0.334881991147995,0.7810688018798828,0.3509153425693512,0.9540531635284424,0.9993033409118652
2763,92100,LEFT_HEEL,0.6106433868408203,0.7462984919548035,0.10634767264127731,0.9107493162155151,0.9975746273994446
2763,92100,RIGHT_HEEL,0.354715496301651,0.8021584153175354,0.35331130027770996,0.9132906198501587,0.998132050037384
2763,92100,LEFT_FOOT_INDEX,0.5437206029891968,0.8163750171661377,-0.12122637778520584,0.9774978756904602,0.9899038076400757
2763,92100,RIGHT_FOOT_INDEX,0.24233728647232056,0.8182522654533386,0.14728079736232758,0.9516303539276123,0.9909391403198242
2764,92133,NOSE,0.277468740940094,0.19951730966567993,-0.5708194375038147,0.9995684027671814,0.999930739402771
2764,92133,LEFT_EYE_INNER,0.2855817377567291,0.18208132684230804,-0.5689136385917664,0.999527096748352,0.9998040795326233
2764,92133,LEFT_EYE,0.2937358617782593,0.1805604100227356,-0.5689694285392761,0.9995376467704773,0.999805748462677
2764,92133,LEFT_EYE_OUTER,0.3027043342590332,0.17913609743118286,-0.5689705610275269,0.999570906162262,0.9997939467430115
2764,92133,RIGHT_EYE_INNER,0.26730144023895264,0.1856989711523056,-0.534633994102478,0.9994741678237915,0.9997965693473816
2764,92133,RIGHT_EYE,0.26133471727371216,0.18663917481899261,-0.5346858501434326,0.9994782209396362,0.9997767806053162
2764,92133,RIGHT_EYE_OUTER,0.2556779980659485,0.18748688697814941,-0.5347344875335693,0.9994696974754333,0.9997684359550476
2764,92133,LEFT_EAR,0.3272773325443268,0.1807364970445633,-0.4240952432155609,0.9995031952857971,0.9997914433479309
2764,92133,RIGHT_EAR,0.25918838381767273,0.1909334808588028,-0.29062727093696594,0.999366819858551,0.9998175501823425
2764,92133,MOUTH_LEFT,0.296396940946579,0.2095261812210083,-0.521282970905304,0.9995495080947876,0.9999452829360962
2764,92133,MOUTH_RIGHT,0.27383142709732056,0.21244454383850098,-0.47298580408096313,0.9994049072265625,0.9999309778213501
2764,92133,LEFT_SHOULDER,0.44530394673347473,0.25578340888023376,-0.3878447413444519,0.9999592900276184,0.9999686479568481
2764,92133,RIGHT_SHOULDER,0.22841958701610565,0.2776547372341156,-0.07053082436323166,0.9997738003730774,0.9999611377716064
2764,92133,LEFT_ELBOW,0.5108206272125244,0.33979031443595886,-0.4025075137615204,0.9883793592453003,0.9996827840805054
2764,92133,RIGHT_ELBOW,0.20377518236637115,0.3818991184234619,0.03358197212219238,0.7026755213737488,0.9998595714569092
2764,92133,LEFT_WRIST,0.5314102172851562,0.43143197894096375,-0.5979252457618713,0.9737553596496582,0.9994943141937256
2764,92133,RIGHT_WRIST,0.1394290030002594,0.46817490458488464,-0.10753412544727325,0.7675599455833435,0.9994885921478271
2764,92133,LEFT_PINKY,0.5482497811317444,0.45988109707832336,-0.6718382239341736,0.9569603800773621,0.9989196062088013
2764,92133,RIGHT_PINKY,0.1103762835264206,0.49125972390174866,-0.14561253786087036,0.7365233898162842,0.9989979863166809
2764,92133,LEFT_INDEX,0.5278629064559937,0.459871381521225,-0.7228853702545166,0.9574187397956848,0.999054491519928
2764,92133,RIGHT_INDEX,0.112696573138237,0.49170756340026855,-0.23513054847717285,0.7453136444091797,0.9990177154541016
2764,92133,LEFT_THUMB,0.5154690742492676,0.4508114159107208,-0.6189112067222595,0.9474111795425415,0.9993724226951599
2764,92133,RIGHT_THUMB,0.12593670189380646,0.4845440685749054,-0.15045446157455444,0.7422744035720825,0.9992793202400208
2764,92133,LEFT_HIP,0.4265880882740021,0.4655558168888092,-0.14066582918167114,0.9996201395988464,0.9996436834335327
2764,92133,RIGHT_HIP,0.3257828950881958,0.47344258427619934,0.14035449922084808,0.9994909763336182,0.9998124241828918
2764,92133,LEFT_KNEE,0.4091198444366455,0.6214452385902405,-0.1512477546930313,0.9887719750404358,0.9999030828475952
2764,92133,RIGHT_KNEE,0.32594701647758484,0.627504825592041,0.15920822322368622,0.9457063674926758,0.9998347759246826
2764,92133,LEFT_ANKLE,0.5500417947769165,0.7347438335418701,0.054551225155591965,0.9891396760940552,0.998874843120575
2764,92133,RIGHT_ANKLE,0.3348311483860016,0.7830014824867249,0.3514440953731537,0.9570494890213013,0.9991288781166077
2764,92133,LEFT_HEEL,0.5839204788208008,0.7386731505393982,0.06349564343690872,0.908143162727356,0.9977471232414246
2764,92133,RIGHT_HEEL,0.35711827874183655,0.8054652214050293,0.3545498549938202,0.9145225882530212,0.9976565837860107
2764,92133,LEFT_FOOT_INDEX,0.5302028059959412,0.8140924572944641,-0.15292280912399292,0.9786553382873535,0.9909007549285889
2764,92133,RIGHT_FOOT_INDEX,0.24182288348674774,0.820039689540863,0.15052473545074463,0.9540933966636658,0.9895211458206177
2765,92167,NOSE,0.27601003646850586,0.19582711160182953,-0.5955544710159302,0.9996092915534973,0.9998522996902466
2765,92167,LEFT_EYE_INNER,0.2836085259914398,0.17901915311813354,-0.5834333300590515,0.9995656609535217,0.9996058344841003
2765,92167,LEFT_EYE,0.29166892170906067,0.17759579420089722,-0.5834854245185852,0.9995757341384888,0.9996070265769958
2765,92167,LEFT_EYE_OUTER,0.3003748655319214,0.17631186544895172,-0.5834782123565674,0.9996055364608765,0.9995774626731873
2765,92167,RIGHT_EYE_INNER,0.2648494839668274,0.18264342844486237,-0.5594091415405273,0.999518096446991,0.999619722366333
2765,92167,RIGHT_EYE,0.2594732642173767,0.18366938829421997,-0.5594193935394287,0.9995200634002686,0.9995989203453064
2765,92167,RIGHT_EYE_OUTER,0.25360503792762756,0.1847318559885025,-0.5594257116317749,0.9995124340057373,0.999601423740387
2765,92167,LEFT_EAR,0.3209632635116577,0.17834527790546417,-0.4232981204986572,0.9995447993278503,0.9995417594909668
2765,92167,RIGHT_EAR,0.2539830207824707,0.18921172618865967,-0.3067695200443268,0.9993994832038879,0.9996719360351562
2765,92167,MOUTH_LEFT,0.2954555153846741,0.2059609293937683,-0.528984785079956,0.9995911717414856,0.9998598098754883
2765,92167,MOUTH_RIGHT,0.27120405435562134,0.20895440876483917,-0.49515214562416077,0.9994581937789917,0.9998478889465332
2765,92167,LEFT_SHOULDER,0.4344455599784851,0.25342857837677,-0.3822733461856842,0.9999613761901855,0.9999099969863892
2765,92167,RIGHT_SHOULDER,0.21682940423488617,0.27747073769569397,-0.048942308872938156,0.9997912645339966,0.9999454021453857
2765,92167,LEFT_ELBOW,0.4960433840751648,0.3394065797328949,-0.379840224981308,0.9892559051513672,0.9995168447494507
2765,92167,RIGHT_ELBOW,0.1929030865430832,0.3816974461078644,0.08857656270265579,0.7223408222198486,0.9998169541358948
2765,92167,LEFT_WRIST,0.5190683007240295,0.43291130661964417,-0.565825343132019,0.9748993515968323,0.9991784691810608
2765,92167,RIGHT_WRIST,0.12954628467559814,0.4673120081424713,-0.09687642008066177,0.78584223985672,0.9992408752441406
2765,92167,LEFT_PINKY,0.5360527634620667,0.4601541757583618,-0.6383459568023682,0.9581747651100159,0.9984385371208191
2765,92167,RIGHT_PINKY,0.10071061551570892,0.4910587966442108,-0.1403031051158905,0.7552582621574402,0.9986249208450317
2765,92167,LEFT_INDEX,0.5182539224624634,0.4610167443752289,-0.6912590265274048,0.9587562680244446,0.998565137386322
2765,92167,RIGHT_INDEX,0.105341836810112,0.49156367778778076,-0.23602145910263062,0.7639450430870056,0.9986365437507629
2765,92167,LEFT_THUMB,0.5087594985961914,0.4523840844631195,-0.5884278416633606,0.9492197632789612,0.999004065990448
2765,92167,RIGHT_THUMB,0.11772815138101578,0.4843543767929077,-0.14220984280109406,0.761155903339386,0.998965859413147
2765,92167,LEFT_HIP,0.41674238443374634,0.4647238254547119,-0.1407873034477234,0.9996302127838135,0.999539852142334
2765,92167,RIGHT_HIP,0.3145830035209656,0.47194263339042664,0.14046710729599,0.9995272755622864,0.9998654127120972
2765,92167,LEFT_KNEE,0.3882687985897064,0.6204813122749329,-0.1128217801451683,0.9893307089805603,0.9998733997344971
2765,92167,RIGHT_KNEE,0.31699177622795105,0.6255936026573181,0.15340839326381683,0.9479454755783081,0.9998886585235596
2765,92167,LEFT_ANKLE,0.5252934098243713,0.727471113204956,0.1865195631980896,0.9896708726882935,0.9993568062782288
2765,92167,RIGHT_ANKLE,0.33409246802330017,0.7809047698974609,0.3427130877971649,0.9601112008094788,0.9995418787002563
2765,92167,LEFT_HEEL,0.5549302697181702,0.7329522967338562,0.20488256216049194,0.9066736698150635,0.9988946318626404
2765,92167,RIGHT_HEEL,0.3572736382484436,0.8029344081878662,0.3448295295238495,0.9169116616249084,0.9987336993217468
2765,92167,LEFT_FOOT_INDEX,0.5105870366096497,0.8093905448913574,-0.00021954630210530013,0.9797584414482117,0.9955898523330688
2765,92167,RIGHT_FOOT_INDEX,0.24070754647254944,0.8188229203224182,0.13337084650993347,0.9566477537155151,0.9930911064147949
2766,92200,NOSE,0.2700212597846985,0.1908956915140152,-0.6729809045791626,0.9996457695960999,0.9997352957725525
2766,92200,LEFT_EYE_INNER,0.2777419686317444,0.17466653883457184,-0.6581261157989502,0.9995993971824646,0.9993277788162231
2766,92200,LEFT_EYE,0.28598326444625854,0.17351596057415009,-0.658194899559021,0.9996092915534973,0.9993510842323303
2766,92200,LEFT_EYE_OUTER,0.29442304372787476,0.17253345251083374,-0.6581966280937195,0.9996360540390015,0.9993320107460022
2766,92200,RIGHT_EYE_INNER,0.2582113444805145,0.17810849845409393,-0.6344708800315857,0.9995564222335815,0.9993124008178711
2766,92200,RIGHT_EYE,0.2533421516418457,0.1792072206735611,-0.6345062255859375,0.9995558261871338,0.9992770552635193
2766,92200,RIGHT_EYE_OUTER,0.24784165620803833,0.18048882484436035,-0.6345399618148804,0.9995488524436951,0.9992986917495728
2766,92200,LEFT_EAR,0.3148635923862457,0.1759493499994278,-0.48023274540901184,0.999582052230835,0.9993128776550293
2766,92200,RIGHT_EAR,0.24797366559505463,0.18675343692302704,-0.36862727999687195,0.9994192719459534,0.9994476437568665
2766,92200,MOUTH_LEFT,0.29144033789634705,0.20224766433238983,-0.600570797920227,0.9996288418769836,0.9998036026954651
2766,92200,MOUTH_RIGHT,0.26463255286216736,0.20549266040325165,-0.5682495832443237,0.9995066523551941,0.9997732043266296
2766,92200,LEFT_SHOULDER,0.433584064245224,0.2532254159450531,-0.4231131076812744,0.9999630451202393,0.9998973608016968
2766,92200,RIGHT_SHOULDER,0.20682869851589203,0.2773045003414154,-0.09153298288583755,0.9998075366020203,0.9999510049819946
2766,92200,LEFT_ELBOW,0.48844295740127563,0.3432815968990326,-0.412045419216156,0.9901201128959656,0.9994893074035645
2766,92200,RIGHT_ELBOW,0.1844823807477951,0.38115254044532776,0.07008078694343567,0.7402857542037964,0.9998195767402649
2766,92200,LEFT_WRIST,0.5114564895629883,0.4405641257762909,-0.5904801487922668,0.9764142036437988,0.9993399977684021
2766,92200,RIGHT_WRIST,0.1248370110988617,0.4671316146850586,-0.1419297158718109,0.802033543586731,0.9991742968559265
2766,92200,LEFT_PINKY,0.5227953195571899,0.467428058385849,-0.6724019646644592,0.9600996971130371,0.9987528324127197
2766,92200,RIGHT_PINKY,0.09980238974094391,0.49092039465904236,-0.19035202264785767,0.7716530561447144,0.9985734224319458
2766,92200,LEFT_INDEX,0.5038338899612427,0.46892285346984863,-0.7258817553520203,0.9607290029525757,0.9988465309143066
2766,92200,RIGHT_INDEX,0.1045907735824585,0.4913546144962311,-0.2914234697818756,0.780307412147522,0.9985448122024536
2766,92200,LEFT_THUMB,0.49541229009628296,0.46090400218963623,-0.6109330654144287,0.9515806436538696,0.9992223978042603
2766,92200,RIGHT_THUMB,0.11562924087047577,0.4842437505722046,-0.1896439492702484,0.7775382995605469,0.9989215135574341
2766,92200,LEFT_HIP,0.40750840306282043,0.46456441283226013,-0.13849493861198425,0.9996342062950134,0.9993802309036255
2766,92200,RIGHT_HIP,0.2997407913208008,0.47179195284843445,0.13823674619197845,0.9995632171630859,0.9998583793640137
2766,92200,LEFT_KNEE,0.3744760751724243,0.6188340187072754,-0.02440493553876877,0.9896618723869324,0.9998257756233215
2766,92200,RIGHT_KNEE,0.30943843722343445,0.6246444582939148,0.12793029844760895,0.9504263401031494,0.9999024868011475
2766,92200,LEFT_ANKLE,0.49844008684158325,0.7230556011199951,0.35865455865859985,0.9899240732192993,0.9994072914123535
2766,92200,RIGHT_ANKLE,0.33362075686454773,0.7804003357887268,0.3284014165401459,0.9628869891166687,0.9995872378349304
2766,92200,LEFT_HEEL,0.5275006294250488,0.7298274636268616,0.38432106375694275,0.9044896960258484,0.9990272521972656
2766,92200,RIGHT_HEEL,0.35797715187072754,0.8027856945991516,0.33014947175979614,0.9192878007888794,0.9987867474555969
2766,92200,LEFT_FOOT_INDEX,0.4825356900691986,0.8044021129608154,0.16983574628829956,0.9805524945259094,0.9968059062957764
2766,92200,RIGHT_FOOT_INDEX,0.23999910056591034,0.8180069327354431,0.07559845596551895,0.959165096282959,0.9938481450080872
2767,92233,NOSE,0.26990360021591187,0.18948054313659668,-0.696429431438446,0.9996793270111084,0.9998438358306885
2767,92233,LEFT_EYE_INNER,0.2777354419231415,0.17367160320281982,-0.6809284687042236,0.9996317028999329,0.9995933175086975
2767,92233,LEFT_EYE,0.28587284684181213,0.1725987195968628,-0.6809758543968201,0.9996411204338074,0.9995823502540588
2767,92233,LEFT_EYE_OUTER,0.29376137256622314,0.1717456728219986,-0.6809976696968079,0.9996649622917175,0.9995461106300354
2767,92233,RIGHT_EYE_INNER,0.25729918479919434,0.17694832384586334,-0.6585696935653687,0.9995936751365662,0.999639630317688
2767,92233,RIGHT_EYE,0.2522936165332794,0.17796777188777924,-0.6586248874664307,0.9995914697647095,0.999627947807312
2767,92233,RIGHT_EYE_OUTER,0.24699871242046356,0.17917786538600922,-0.6586614847183228,0.9995853900909424,0.9996472597122192
2767,92233,LEFT_EAR,0.3129004240036011,0.17540420591831207,-0.4952490031719208,0.9996173977851868,0.9994919300079346
2767,92233,RIGHT_EAR,0.2456495612859726,0.1854732185602188,-0.387072890996933,0.9994512796401978,0.9997335076332092
2767,92233,MOUTH_LEFT,0.290983110666275,0.2009735107421875,-0.6197025775909424,0.999663233757019,0.9998496770858765
2767,92233,MOUTH_RIGHT,0.26289576292037964,0.20410233736038208,-0.5888478755950928,0.9995514750480652,0.9998577833175659
2767,92233,LEFT_SHOULDER,0.42837461829185486,0.25287050008773804,-0.4237382709980011,0.9999646544456482,0.9998854398727417
2767,92233,RIGHT_SHOULDER,0.19996149837970734,0.27726417779922485,-0.10071369260549545,0.9998233914375305,0.999971866607666
2767,92233,LEFT_ELBOW,0.48316359519958496,0.3455350697040558,-0.40981969237327576,0.9909176826477051,0.999413251876831
2767,92233,RIGHT_ELBOW,0.17826589941978455,0.37983444333076477,0.0650043860077858,0.7582769989967346,0.9998860359191895
2767,92233,LEFT_WRIST,0.508656919002533,0.44584110379219055,-0.5870670080184937,0.9776154160499573,0.9990863800048828
2767,92233,RIGHT_WRIST,0.12569867074489594,0.4670313596725464,-0.15310201048851013,0.817693293094635,0.9995265007019043
2767,92233,LEFT_PINKY,0.5206331014633179,0.47145840525627136,-0.6631852388381958,0.9614490270614624,0.9983695149421692
2767,92233,RIGHT_PINKY,0.10523055493831635,0.490738183259964,-0.2027454674243927,0.7876643538475037,0.9991318583488464
2767,92233,LEFT_INDEX,0.5054024457931519,0.4721604287624359,-0.7212894558906555,0.9621673226356506,0.9984540939331055
2767,92233,RIGHT_INDEX,0.10939262807369232,0.49112042784690857,-0.3026028275489807,0.7961932420730591,0.9991294741630554
2767,92233,LEFT_THUMB,0.49353379011154175,0.46510306000709534,-0.6106299757957458,0.9533493518829346,0.9989431500434875
2767,92233,RIGHT_THUMB,0.1182355135679245,0.48401305079460144,-0.19998475909233093,0.7934091091156006,0.9993526339530945
2767,92233,LEFT_HIP,0.3994363248348236,0.46328306198120117,-0.13943810760974884,0.9996354579925537,0.9992289543151855
2767,92233,RIGHT_HIP,0.2909868061542511,0.4707584083080292,0.1392105370759964,0.9995957016944885,0.9998772144317627
2767,92233,LEFT_KNEE,0.361291766166687,0.6159818768501282,-0.0633101761341095,0.9898518323898315,0.9997772574424744
2767,92233,RIGHT_KNEE,0.30470988154411316,0.624267041683197,0.08914375305175781,0.9511669278144836,0.9999109506607056
2767,92233,LEFT_ANKLE,0.4762917160987854,0.7238876223564148,0.28343334794044495,0.9900457859039307,0.9995656609535217
2767,92233,RIGHT_ANKLE,0.33322298526763916,0.7803645730018616,0.2835504114627838,0.9651541113853455,0.9997726082801819
2767,92233,LEFT_HEEL,0.5058239698410034,0.7317720055580139,0.3051367402076721,0.9022465348243713,0.999321699142456
2767,92233,RIGHT_HEEL,0.35841843485832214,0.8038501143455505,0.2834322452545166,0.9218094944953918,0.9993116855621338
2767,92233,LEFT_FOOT_INDEX,0.45095381140708923,0.8027868270874023,0.08290621638298035,0.9812060594558716,0.997952938079834
2767,92233,RIGHT_FOOT_INDEX,0.2420598864555359,0.8171570301055908,0.02005850523710251,0.9612811803817749,0.9965006113052368
2768,92267,NOSE,0.2678830027580261,0.1871054768562317,-0.6970148682594299,0.9997081756591797,0.9997658133506775
2768,92267,LEFT_EYE_INNER,0.2761693298816681,0.17189587652683258,-0.680130124092102,0.9996549487113953,0.9993959665298462
2768,92267,LEFT_EYE,0.28429174423217773,0.17107228934764862,-0.6801443099975586,0.9996644258499146,0.9993663430213928
2768,92267,LEFT_EYE_OUTER,0.2920345067977905,0.17048297822475433,-0.6801549792289734,0.9996850490570068,0.9992958307266235
2768,92267,RIGHT_EYE_INNER,0.25449690222740173,0.17478908598423004,-0.661486804485321,0.999622642993927,0.99950110912323
2768,92267,RIGHT_EYE,0.24872201681137085,0.17578373849391937,-0.6615827679634094,0.9996185302734375,0.9994931221008301
2768,92267,RIGHT_EYE_OUTER,0.24377313256263733,0.1768830269575119,-0.6616204977035522,0.9996135234832764,0.9995219707489014
2768,92267,LEFT_EAR,0.30936676263809204,0.1745252013206482,-0.49399617314338684,0.9996441602706909,0.9992081522941589
2768,92267,RIGHT_EAR,0.240621417760849,0.18390685319900513,-0.401529461145401,0.999466061592102,0.9996408224105835
2768,92267,MOUTH_LEFT,0.2888312041759491,0.1992000937461853,-0.6197631359100342,0.9996917843818665,0.999778687953949
2768,92267,MOUTH_RIGHT,0.25920966267585754,0.20197288691997528,-0.593579113483429,0.9995883703231812,0.9998039603233337
2768,92267,LEFT_SHOULDER,0.4209246039390564,0.2520955502986908,-0.4179820120334625,0.9999651908874512,0.9998594522476196
2768,92267,RIGHT_SHOULDER,0.19209866225719452,0.27722620964050293,-0.13442590832710266,0.9998357892036438,0.9999632835388184
2768,92267,LEFT_ELBOW,0.4792976677417755,0.34558188915252686,-0.3981750011444092,0.9916163682937622,0.9994018077850342
2768,92267,RIGHT_ELBOW,0.1681080162525177,0.37973928451538086,0.01224762387573719,0.7750087976455688,0.999869704246521
2768,92267,LEFT_WRIST,0.5102236866950989,0.4485436975955963,-0.5711104869842529,0.9786696434020996,0.9988580942153931
2768,92267,RIGHT_WRIST,0.12476567178964615,0.46678996086120605,-0.19288495182991028,0.8320387601852417,0.9995179176330566
2768,92267,LEFT_PINKY,0.5217837691307068,0.4742898643016815,-0.6374219655990601,0.9626935124397278,0.9978558421134949
2768,92267,RIGHT_PINKY,0.10800096392631531,0.49058958888053894,-0.2404581904411316,0.8023232817649841,0.9990962743759155
2768,92267,LEFT_INDEX,0.5031930208206177,0.4756731688976288,-0.6986715197563171,0.9635043144226074,0.9979228377342224
2768,92267,RIGHT_INDEX,0.11364724487066269,0.49092474579811096,-0.3336086869239807,0.810713529586792,0.9990900754928589
2768,92267,LEFT_THUMB,0.4936142563819885,0.46769073605537415,-0.596640408039093,0.9551495909690857,0.9985888600349426
2768,92267,RIGHT_THUMB,0.12192022055387497,0.4838751256465912,-0.2363424301147461,0.807938814163208,0.9993329644203186
2768,92267,LEFT_HIP,0.387873113155365,0.46230363845825195,-0.1397196650505066,0.9996224641799927,0.999040424823761
2768,92267,RIGHT_HIP,0.27891916036605835,0.4701758921146393,0.13949967920780182,0.9996144771575928,0.9998109936714172
2768,92267,LEFT_KNEE,0.34906691312789917,0.6124104857444763,-0.09289930760860443,0.9895921945571899,0.9998077750205994
2768,92267,RIGHT_KNEE,0.30075764656066895,0.6212846636772156,0.08938314020633698,0.9475525617599487,0.9998965263366699
2768,92267,LEFT_ANKLE,0.44218912720680237,0.725469172000885,0.20146019756793976,0.9898941516876221,0.9996167421340942
2768,92267,RIGHT_ANKLE,0.33320292830467224,0.7801230549812317,0.27869391441345215,0.9661230444908142,0.9998008608818054
2768,92267,LEFT_HEEL,0.47229182720184326,0.7356457114219666,0.21726366877555847,0.8987244963645935,0.9993823766708374
2768,92267,RIGHT_HEEL,0.36135679483413696,0.8040478825569153,0.27864834666252136,0.9218234419822693,0.9994136095046997
2768,92267,LEFT_FOOT_INDEX,0.4190904200077057,0.7995485663414001,-0.008901636116206646,0.9816444516181946,0.9980478286743164
2768,92267,RIGHT_FOOT_INDEX,0.24727244675159454,0.8182283043861389,0.0296410471200943,0.9624967575073242,0.9972195625305176
2769,92300,NOSE,0.2630024254322052,0.18725597858428955,-0.7070403695106506,0.9997349381446838,0.9997636675834656
2769,92300,LEFT_EYE_INNER,0.27071091532707214,0.1719488948583603,-0.6886796951293945,0.9996806383132935,0.9994425177574158
2769,92300,LEFT_EYE,0.2789057493209839,0.1711464524269104,-0.6887257695198059,0.9996907711029053,0.9994275569915771
2769,92300,LEFT_EYE_OUTER,0.2866270840167999,0.17055009305477142,-0.6887863278388977,0.9997091293334961,0.9993854761123657
2769,92300,RIGHT_EYE_INNER,0.24924127757549286,0.17482902109622955,-0.66839998960495,0.9996515512466431,0.999485969543457
2769,92300,RIGHT_EYE,0.24376104772090912,0.1757744550704956,-0.6685121059417725,0.9996471405029297,0.9994572997093201
2769,92300,RIGHT_EYE_OUTER,0.23862090706825256,0.17680718004703522,-0.6685437560081482,0.9996420741081238,0.9994518160820007
2769,92300,LEFT_EAR,0.30353912711143494,0.17445380985736847,-0.5062015652656555,0.9996735453605652,0.9994018077850342
2769,92300,RIGHT_EAR,0.23543259501457214,0.18372221291065216,-0.4077950417995453,0.9994943141937256,0.9996022582054138
2769,92300,MOUTH_LEFT,0.28372788429260254,0.1990952491760254,-0.632243275642395,0.9997196793556213,0.9998226761817932
2769,92300,MOUTH_RIGHT,0.25437089800834656,0.201765775680542,-0.6042715311050415,0.9996235370635986,0.9998101592063904
2769,92300,LEFT_SHOULDER,0.4144797921180725,0.25216343998908997,-0.44457903504371643,0.9999673962593079,0.999904990196228
2769,92300,RIGHT_SHOULDER,0.1835329681634903,0.2771278917789459,-0.12831555306911469,0.9998446702957153,0.9999457597732544
2769,92300,LEFT_ELBOW,0.4776659905910492,0.3458024263381958,-0.41721653938293457,0.9923415184020996,0.9994041919708252
2769,92300,RIGHT_ELBOW,0.16194254159927368,0.3790948688983917,0.02231324464082718,0.7896707057952881,0.9997979998588562
2769,92300,LEFT_WRIST,0.5116543769836426,0.4497111737728119,-0.598294734954834,0.9799989461898804,0.9986473917961121
2769,92300,RIGHT_WRIST,0.12226701527833939,0.4665784537792206,-0.1815575510263443,0.8446412086486816,0.9994251728057861
2769,92300,LEFT_PINKY,0.5266271829605103,0.4755084812641144,-0.6661425232887268,0.9645536541938782,0.9972658157348633
2769,92300,RIGHT_PINKY,0.10728877037763596,0.4906316101551056,-0.22774548828601837,0.8149154186248779,0.9989331364631653
2769,92300,LEFT_INDEX,0.5052839517593384,0.47690916061401367,-0.7326424717903137,0.9654616713523865,0.9974691867828369
2769,92300,RIGHT_INDEX,0.11455950140953064,0.4908270537853241,-0.31792035698890686,0.8231691718101501,0.9989567995071411
2769,92300,LEFT_THUMB,0.4945695698261261,0.4694834053516388,-0.6264042854309082,0.9576134085655212,0.9983153343200684
2769,92300,RIGHT_THUMB,0.1227303296327591,0.4838196933269501,-0.2240809053182602,0.8202883005142212,0.9992200136184692
2769,92300,LEFT_HIP,0.37779271602630615,0.4602302312850952,-0.15585751831531525,0.999599039554596,0.9978629946708679
2769,92300,RIGHT_HIP,0.27022069692611694,0.4665391445159912,0.15562526881694794,0.9995883703231812,0.9992363452911377
2769,92300,LEFT_KNEE,0.33593833446502686,0.6093540191650391,-0.18232302367687225,0.9891811609268188,0.9998031258583069
2769,92300,RIGHT_KNEE,0.29803985357284546,0.6148334741592407,0.15741565823554993,0.9382603764533997,0.9997183680534363
2769,92300,LEFT_ANKLE,0.4121257960796356,0.7281195521354675,0.02879410795867443,0.9897682070732117,0.9988459348678589
2769,92300,RIGHT_ANKLE,0.3434271216392517,0.765167772769928,0.34975001215934753,0.9633331298828125,0.9994503855705261
2769,92300,LEFT_HEEL,0.4421575367450714,0.7464848160743713,0.034982260316610336,0.8966711759567261,0.9976938366889954
2769,92300,RIGHT_HEEL,0.37536779046058655,0.7903969883918762,0.350879430770874,0.9154081344604492,0.9985464215278625
2769,92300,LEFT_FOOT_INDEX,0.36193230748176575,0.8002739548683167,-0.21926932036876678,0.9819676280021667,0.9935107827186584
2769,92300,RIGHT_FOOT_INDEX,0.26069164276123047,0.8169002532958984,0.12459470331668854,0.9612080454826355,0.9949839115142822
2770,92333,NOSE,0.2606332302093506,0.18600600957870483,-0.796423077583313,0.9997580647468567,0.9997121691703796
2770,92333,LEFT_EYE_INNER,0.26724690198898315,0.17098306119441986,-0.7728995680809021,0.9997008442878723,0.999300479888916
2770,92333,LEFT_EYE,0.2748105227947235,0.1702260822057724,-0.7729580402374268,0.9997125267982483,0.9992913007736206
2770,92333,LEFT_EYE_OUTER,0.28203198313713074,0.16968810558319092,-0.773082971572876,0.9997285008430481,0.9992545247077942
2770,92333,RIGHT_EYE_INNER,0.24696968495845795,0.17382903397083282,-0.7560214400291443,0.999674916267395,0.9993315935134888
2770,92333,RIGHT_EYE,0.24126528203487396,0.17478494346141815,-0.7561650276184082,0.9996713995933533,0.9993034601211548
2770,92333,RIGHT_EYE_OUTER,0.23616266250610352,0.1757938414812088,-0.7562065720558167,0.9996653199195862,0.9992936849594116
2770,92333,LEFT_EAR,0.2958652079105377,0.17395056784152985,-0.5741667151451111,0.9996976256370544,0.9993333220481873
2770,92333,RIGHT_EAR,0.23106712102890015,0.1832108497619629,-0.4927138388156891,0.9995184540748596,0.999535083770752
2770,92333,MOUTH_LEFT,0.28002533316612244,0.19769024848937988,-0.716715931892395,0.999744713306427,0.9998210072517395
2770,92333,MOUTH_RIGHT,0.25180283188819885,0.20022572576999664,-0.6937035918235779,0.9996547102928162,0.9998145699501038
2770,92333,LEFT_SHOULDER,0.4064299166202545,0.25286367535591125,-0.49389946460723877,0.9999688863754272,0.9998910427093506
2770,92333,RIGHT_SHOULDER,0.17392387986183167,0.2770426571369171,-0.20299401879310608,0.9998513460159302,0.9999467134475708
2770,92333,LEFT_ELBOW,0.47701093554496765,0.3478161096572876,-0.4314124882221222,0.992991030216217,0.9993171691894531
2770,92333,RIGHT_ELBOW,0.1550799459218979,0.37807193398475647,-0.04140818864107132,0.8051146268844604,0.9997797608375549
2770,92333,LEFT_WRIST,0.5157855153083801,0.4554346799850464,-0.5983797311782837,0.9808792471885681,0.9975370168685913
2770,92333,RIGHT_WRIST,0.12443998456001282,0.4674514830112457,-0.2301047146320343,0.8563384413719177,0.9994221925735474
2770,92333,LEFT_PINKY,0.5359318256378174,0.4812968969345093,-0.6654850244522095,0.9654785990715027,0.9950584173202515
2770,92333,RIGHT_PINKY,0.11063967645168304,0.4920820891857147,-0.2749325633049011,0.8264417052268982,0.9988993406295776
2770,92333,LEFT_INDEX,0.5177300572395325,0.48344627022743225,-0.7326300740242004,0.9665944576263428,0.9951764345169067
2770,92333,RIGHT_INDEX,0.11859941482543945,0.49236252903938293,-0.365213006734848,0.8345617055892944,0.9989047050476074
2770,92333,LEFT_THUMB,0.5065389275550842,0.4753630459308624,-0.6264734268188477,0.9592103958129883,0.9967857599258423
2770,92333,RIGHT_THUMB,0.1273520290851593,0.48549333214759827,-0.2716633081436157,0.8315386176109314,0.9991869330406189
2770,92333,LEFT_HIP,0.3703259229660034,0.45799997448921204,-0.15954454243183136,0.9995551109313965,0.9963871240615845
2770,92333,RIGHT_HIP,0.2641110420227051,0.46283042430877686,0.15934759378433228,0.9995089769363403,0.9984573125839233
2770,92333,LEFT_KNEE,0.3196270167827606,0.6062479615211487,-0.22296488285064697,0.9874265193939209,0.9996562004089355
2770,92333,RIGHT_KNEE,0.29173192381858826,0.6091158986091614,0.15185460448265076,0.9144514799118042,0.9993552565574646
2770,92333,LEFT_ANKLE,0.37823858857154846,0.742541491985321,-0.026691609993577003,0.9887254238128662,0.9968441724777222
2770,92333,RIGHT_ANKLE,0.34565767645835876,0.7577020525932312,0.3483104705810547,0.9513251781463623,0.9984384179115295
2770,92333,LEFT_HEEL,0.40770238637924194,0.7647814154624939,-0.024035722017288208,0.8894593119621277,0.9930880665779114
2770,92333,RIGHT_HEEL,0.3773292005062103,0.7822553515434265,0.34987908601760864,0.898389995098114,0.9962288737297058
2770,92333,LEFT_FOOT_INDEX,0.3005002439022064,0.8017723560333252,-0.29769399762153625,0.9807196855545044,0.9854162335395813
2770,92333,RIGHT_FOOT_INDEX,0.2597815990447998,0.8135063648223877,0.11608143150806427,0.9537794589996338,0.9911110997200012
2771,92367,NOSE,0.2586793899536133,0.1846459060907364,-0.8035291433334351,0.999779999256134,0.999771773815155
2771,92367,LEFT_EYE_INNER,0.26388412714004517,0.16995523869991302,-0.7784417867660522,0.999722421169281,0.9993077516555786
2771,92367,LEFT_EYE,0.27108749747276306,0.1693015694618225,-0.778410017490387,0.9997340440750122,0.9992480874061584
2771,92367,LEFT_EYE_OUTER,0.278134822845459,0.16887612640857697,-0.7784736156463623,0.9997475743293762,0.999133288860321
2771,92367,RIGHT_EYE_INNER,0.2436787635087967,0.17278321087360382,-0.7681745290756226,0.9997009634971619,0.9994637370109558
2771,92367,RIGHT_EYE,0.23733922839164734,0.17388908565044403,-0.7683437466621399,0.9996979832649231,0.99947589635849
2771,92367,RIGHT_EYE_OUTER,0.23147259652614594,0.1749800592660904,-0.7684235572814941,0.9996923804283142,0.999498724937439
2771,92367,LEFT_EAR,0.2886185348033905,0.17354321479797363,-0.5729316473007202,0.9997209310531616,0.9990947246551514
2771,92367,RIGHT_EAR,0.22429001331329346,0.1828145533800125,-0.5223174095153809,0.9995546340942383,0.9996626377105713
2771,92367,MOUTH_LEFT,0.27780723571777344,0.19668342173099518,-0.7208907008171082,0.9997677206993103,0.9997639060020447
2771,92367,MOUTH_RIGHT,0.2488073855638504,0.19912202656269073,-0.7068012952804565,0.9996853470802307,0.9998175501823425
2771,92367,LEFT_SHOULDER,0.4012194573879242,0.25443360209465027,-0.4677090048789978,0.9999664425849915,0.9996985197067261
2771,92367,RIGHT_SHOULDER,0.16330258548259735,0.2773003578186035,-0.2693999111652374,0.9998602867126465,0.9999477863311768
2771,92367,LEFT_ELBOW,0.4718937277793884,0.34900572896003723,-0.3662390410900116,0.9934788942337036,0.9986894726753235
2771,92367,RIGHT_ELBOW,0.14671067893505096,0.3783733546733856,-0.11573323607444763,0.821465253829956,0.9997766613960266
2771,92367,LEFT_WRIST,0.5135472416877747,0.45848438143730164,-0.48839884996414185,0.9809520840644836,0.996634304523468
2771,92367,RIGHT_WRIST,0.12420813739299774,0.4691823720932007,-0.2797549366950989,0.8676258325576782,0.9994390606880188
2771,92367,LEFT_PINKY,0.5350081920623779,0.48427534103393555,-0.5379370450973511,0.9647365212440491,0.9936664700508118
2771,92367,RIGHT_PINKY,0.11272839456796646,0.4939437806606293,-0.3217591643333435,0.8376829624176025,0.9988576173782349
2771,92367,LEFT_INDEX,0.5156720876693726,0.4871600568294525,-0.6047667264938354,0.9660741686820984,0.9936677813529968
2771,92367,RIGHT_INDEX,0.12188839912414551,0.49421176314353943,-0.40573105216026306,0.8455078601837158,0.998869001865387
2771,92367,LEFT_THUMB,0.50310218334198,0.4784660041332245,-0.5158045291900635,0.9592504501342773,0.9958298802375793
2771,92367,RIGHT_THUMB,0.13064052164554596,0.48729321360588074,-0.3172011375427246,0.8425684571266174,0.9991918206214905
2771,92367,LEFT_HIP,0.36508694291114807,0.45668458938598633,-0.1352381855249405,0.9994741082191467,0.9953308701515198
2771,92367,RIGHT_HIP,0.25483012199401855,0.4614129066467285,0.13508832454681396,0.9994751811027527,0.9989633560180664
2771,92367,LEFT_KNEE,0.3114217221736908,0.5982467532157898,-0.2044997662305832,0.9840376377105713,0.9988518953323364
2771,92367,RIGHT_KNEE,0.2866181433200836,0.6081098914146423,0.06901363283395767,0.8943168520927429,0.9993159770965576
2771,92367,LEFT_ANKLE,0.35381239652633667,0.7450723648071289,0.00671797152608633,0.9843435287475586,0.9933899641036987
2771,92367,RIGHT_ANKLE,0.34476277232170105,0.7595779299736023,0.26203957200050354,0.9412720799446106,0.997420072555542
2771,92367,LEFT_HEEL,0.37664124369621277,0.7723880410194397,0.011620072647929192,0.8748161792755127,0.9883037805557251
2771,92367,RIGHT_HEEL,0.37484121322631836,0.7840278148651123,0.26361292600631714,0.8844823837280273,0.9932911396026611
2771,92367,LEFT_FOOT_INDEX,0.29113897681236267,0.7985079288482666,-0.23787713050842285,0.9755855798721313,0.9729956388473511
2771,92367,RIGHT_FOOT_INDEX,0.257883757352829,0.8130302429199219,0.01262632105499506,0.9448753595352173,0.9804239273071289
2772,92400,NOSE,0.251687228679657,0.18521088361740112,-0.9002938866615295,0.9997988343238831,0.9998522996902466
2772,92400,LEFT_EYE_INNER,0.256895512342453,0.17032255232334137,-0.8748300075531006,0.9997379183769226,0.9995452761650085
2772,92400,LEFT_EYE,0.26391202211380005,0.16959472000598907,-0.8747865557670593,0.9997502565383911,0.9994977712631226
2772,92400,LEFT_EYE_OUTER,0.27088019251823425,0.16911864280700684,-0.8748763203620911,0.9997604489326477,0.9994218349456787
2772,92400,RIGHT_EYE_INNER,0.2367282658815384,0.17319132387638092,-0.8662661910057068,0.9997204542160034,0.9996335506439209
2772,92400,RIGHT_EYE,0.23020656406879425,0.17425628006458282,-0.8664990663528442,0.9997190833091736,0.9996324777603149
2772,92400,RIGHT_EYE_OUTER,0.22412961721420288,0.17530839145183563,-0.866631269454956,0.9997128844261169,0.9996347427368164
2772,92400,LEFT_EAR,0.2803005576133728,0.17358197271823883,-0.6578878164291382,0.999735951423645,0.999438464641571
2772,92400,RIGHT_EAR,0.21588239073753357,0.1828708052635193,-0.6183841824531555,0.9995841383934021,0.9997425675392151
2772,92400,MOUTH_LEFT,0.2698385417461395,0.19711720943450928,-0.8130918741226196,0.9997878670692444,0.9998674392700195
2772,92400,MOUTH_RIGHT,0.24058842658996582,0.19953002035617828,-0.8020254373550415,0.999711811542511,0.9998916387557983
2772,92400,LEFT_SHOULDER,0.392975389957428,0.2556529939174652,-0.5175468325614929,0.9999649524688721,0.9998325109481812
2772,92400,RIGHT_SHOULDER,0.15462419390678406,0.2772453725337982,-0.36217018961906433,0.9998682141304016,0.9999585151672363
2772,92400,LEFT_ELBOW,0.4651702344417572,0.35004743933677673,-0.39244845509529114,0.9939576983451843,0.9991355538368225
2772,92400,RIGHT_ELBOW,0.14149194955825806,0.37832558155059814,-0.21014080941677094,0.8373606204986572,0.9997797608375549
2772,92400,LEFT_WRIST,0.5102114677429199,0.45910683274269104,-0.5244043469429016,0.981529712677002,0.9975257515907288
2772,92400,RIGHT_WRIST,0.12453489750623703,0.4702858030796051,-0.3687725067138672,0.8783697485923767,0.9994912147521973
2772,92400,LEFT_PINKY,0.5318108201026917,0.48703423142433167,-0.5857226252555847,0.9649190902709961,0.9950599074363708
2772,92400,RIGHT_PINKY,0.1133648157119751,0.49661529064178467,-0.4124598503112793,0.848412036895752,0.9989314675331116
2772,92400,LEFT_INDEX,0.5104296803474426,0.4895021617412567,-0.6492478251457214,0.9664340615272522,0.9950510859489441
2772,92400,RIGHT_INDEX,0.12382296472787857,0.4970860779285431,-0.49430420994758606,0.8558865189552307,0.9989244341850281
2772,92400,LEFT_THUMB,0.4975767433643341,0.4798029661178589,-0.5498573780059814,0.9602415561676025,0.9967172741889954
2772,92400,RIGHT_THUMB,0.13274171948432922,0.48934292793273926,-0.40444380044937134,0.8530769348144531,0.9992377758026123
2772,92400,LEFT_HIP,0.3577432930469513,0.4545232057571411,-0.12405920773744583,0.999390184879303,0.9966030120849609
2772,92400,RIGHT_HIP,0.24979761242866516,0.45942220091819763,0.12396349012851715,0.9993948340415955,0.998940646648407
2772,92400,LEFT_KNEE,0.30633050203323364,0.5969169735908508,-0.2180711328983307,0.9795134663581848,0.9990652203559875
2772,92400,RIGHT_KNEE,0.2802424430847168,0.605094850063324,0.06005355715751648,0.8630122542381287,0.9992344379425049
2772,92400,LEFT_ANKLE,0.3314746022224426,0.7498891353607178,-0.03939633443951607,0.9777093529701233,0.9911167621612549
2772,92400,RIGHT_ANKLE,0.3395366370677948,0.7538208365440369,0.267460435628891,0.9233615398406982,0.9964721202850342
2772,92400,LEFT_HEEL,0.3482269048690796,0.7742364406585693,-0.03946324810385704,0.8626477718353271,0.9833364486694336
2772,92400,RIGHT_HEEL,0.36660581827163696,0.7772691249847412,0.2697133719921112,0.8656108975410461,0.9917669892311096
2772,92400,LEFT_FOOT_INDEX,0.27154219150543213,0.799062192440033,-0.30665886402130127,0.9676472544670105,0.9660298228263855
2772,92400,RIGHT_FOOT_INDEX,0.25684866309165955,0.80812007188797,0.01376331876963377,0.9321224689483643,0.9825752973556519
2773,92433,NOSE,0.24600523710250854,0.18494844436645508,-0.8801952600479126,0.9998155236244202,0.9998605251312256
2773,92433,LEFT_EYE_INNER,0.2511959671974182,0.17025397717952728,-0.8498942852020264,0.9997516870498657,0.9995928406715393
2773,92433,LEFT_EYE,0.25842931866645813,0.16960816085338593,-0.8499549031257629,0.9997642040252686,0.9995697140693665
2773,92433,LEFT_EYE_OUTER,0.2656167447566986,0.1691683679819107,-0.8500663638114929,0.9997729063034058,0.9995193481445312
2773,92433,RIGHT_EYE_INNER,0.23070082068443298,0.17285148799419403,-0.8410378098487854,0.999737560749054,0.9996273517608643
2773,92433,RIGHT_EYE,0.22393357753753662,0.1738639920949936,-0.8412525653839111,0.999736487865448,0.9996115565299988
2773,92433,RIGHT_EYE_OUTER,0.21747824549674988,0.174879789352417,-0.8413676619529724,0.9997302293777466,0.9995993971824646
2773,92433,LEFT_EAR,0.2748737931251526,0.17374925315380096,-0.6234515905380249,0.999749481678009,0.9995879530906677
2773,92433,RIGHT_EAR,0.20915284752845764,0.18282252550125122,-0.5814418196678162,0.9996044039726257,0.9997449517250061
2773,92433,MOUTH_LEFT,0.2653633654117584,0.19704610109329224,-0.7905380725860596,0.999805748462677,0.9998914003372192
2773,92433,MOUTH_RIGHT,0.23496291041374207,0.19931276142597198,-0.7790883779525757,0.9997349381446838,0.9998904466629028
2773,92433,LEFT_SHOULDER,0.383727103471756,0.2562163770198822,-0.48903754353523254,0.9999650716781616,0.9998970031738281
2773,92433,RIGHT_SHOULDER,0.146275132894516,0.2770380675792694,-0.3389691412448883,0.9998743534088135,0.9999383687973022
2773,92433,LEFT_ELBOW,0.45712172985076904,0.35142001509666443,-0.3797908425331116,0.9943490028381348,0.9994930028915405
2773,92433,RIGHT_ELBOW,0.13310444355010986,0.3781796991825104,-0.22258108854293823,0.852014422416687,0.9997337460517883
2773,92433,LEFT_WRIST,0.5061564445495605,0.4621436893939972,-0.5227944254875183,0.981604814529419,0.9978284239768982
2773,92433,RIGHT_WRIST,0.12497356534004211,0.4705042541027069,-0.41053542494773865,0.8879790902137756,0.9994086027145386
2773,92433,LEFT_PINKY,0.5306457877159119,0.4917326271533966,-0.5851073861122131,0.9641062021255493,0.9946131110191345
2773,92433,RIGHT_PINKY,0.11446105688810349,0.49913927912712097,-0.46570885181427,0.8577439188957214,0.9986416697502136
2773,92433,LEFT_INDEX,0.5089862942695618,0.49432268738746643,-0.6527587175369263,0.9658527374267578,0.9944880604743958
2773,92433,RIGHT_INDEX,0.12447673827409744,0.49893414974212646,-0.5475901961326599,0.8649555444717407,0.9986860156059265
2773,92433,LEFT_THUMB,0.49677449464797974,0.4827941954135895,-0.5511915683746338,0.9599547386169434,0.9965992569923401
2773,92433,RIGHT_THUMB,0.13307537138462067,0.48997199535369873,-0.4467073678970337,0.8619251251220703,0.9991149306297302
2773,92433,LEFT_HIP,0.34923869371414185,0.45482125878334045,-0.11450323462486267,0.9993777871131897,0.9977602958679199
2773,92433,RIGHT_HIP,0.24435685575008392,0.45958879590034485,0.11446545273065567,0.9993231892585754,0.9986757636070251
2773,92433,LEFT_KNEE,0.2978650629520416,0.5984432697296143,-0.3217732608318329,0.9630281925201416,0.9988686442375183
2773,92433,RIGHT_KNEE,0.2822209596633911,0.6055821180343628,0.05504255369305611,0.8163608908653259,0.9984442591667175
2773,92433,LEFT_ANKLE,0.29347869753837585,0.7607327103614807,-0.21009935438632965,0.9640265107154846,0.9872841835021973
2773,92433,RIGHT_ANKLE,0.33912503719329834,0.755656898021698,0.2547411620616913,0.8842108249664307,0.9933997392654419
2773,92433,LEFT_HEEL,0.30959516763687134,0.7878989577293396,-0.2173888236284256,0.8299547433853149,0.9725821018218994
2773,92433,RIGHT_HEEL,0.36641424894332886,0.7774385809898376,0.2584856152534485,0.8297272324562073,0.9857546091079712
2773,92433,LEFT_FOOT_INDEX,0.22732990980148315,0.8016211986541748,-0.5164127945899963,0.9517523050308228,0.9558629989624023
2773,92433,RIGHT_FOOT_INDEX,0.2560233473777771,0.802695095539093,-0.010157590731978416,0.9033499956130981,0.974918782711029
2774,92467,NOSE,0.24255870282649994,0.18513761460781097,-0.825444757938385,0.9998329877853394,0.9999586343765259
2774,92467,LEFT_EYE_INNER,0.24766306579113007,0.17044979333877563,-0.7967576384544373,0.9997729063034058,0.9998776912689209
2774,92467,LEFT_EYE,0.25474584102630615,0.16980494558811188,-0.7967947125434875,0.9997846484184265,0.9998677968978882
2774,92467,LEFT_EYE_OUTER,0.26189449429512024,0.16934962570667267,-0.7968749403953552,0.9997922778129578,0.9998489618301392
2774,92467,RIGHT_EYE_INNER,0.22677205502986908,0.17296643555164337,-0.7854993939399719,0.9997609257698059,0.9998927116394043
2774,92467,RIGHT_EYE,0.2194632589817047,0.1739533543586731,-0.7856732606887817,0.9997597932815552,0.9998891353607178
2774,92467,RIGHT_EYE_OUTER,0.21242418885231018,0.17493760585784912,-0.7857422828674316,0.9997537136077881,0.9998863935470581
2774,92467,LEFT_EAR,0.2703571915626526,0.17381323873996735,-0.5906559228897095,0.999771237373352,0.9998584985733032
2774,92467,RIGHT_EAR,0.20252768695354462,0.1828758865594864,-0.5282400250434875,0.9996361136436462,0.9999270439147949
2774,92467,MOUTH_LEFT,0.2613210678100586,0.19716410338878632,-0.7400080561637878,0.999823808670044,0.9999527931213379
2774,92467,MOUTH_RIGHT,0.23093894124031067,0.199424609541893,-0.7254443168640137,0.9997590184211731,0.9999581575393677
2774,92467,LEFT_SHOULDER,0.37728995084762573,0.25827524065971375,-0.46785932779312134,0.9999663233757019,0.9999209642410278
2774,92467,RIGHT_SHOULDER,0.13881230354309082,0.2771471440792084,-0.2823757529258728,0.9998822808265686,0.999972939491272
2774,92467,LEFT_ELBOW,0.4510434865951538,0.3565726578235626,-0.35766568779945374,0.9947064518928528,0.9996517896652222
2774,92467,RIGHT_ELBOW,0.12581920623779297,0.38016560673713684,-0.1577705293893814,0.8643128275871277,0.9998773336410522
2774,92467,LEFT_WRIST,0.49727097153663635,0.467532753944397,-0.5092532634735107,0.9814656972885132,0.9987442493438721
2774,92467,RIGHT_WRIST,0.12220350652933121,0.47162172198295593,-0.3415423035621643,0.8961719274520874,0.9997712969779968
2774,92467,LEFT_PINKY,0.5208246111869812,0.4993685483932495,-0.5698827505111694,0.9629703164100647,0.9972077012062073
2774,92467,RIGHT_PINKY,0.11373892426490784,0.5004810690879822,-0.3906993567943573,0.8655334115028381,0.9994882345199585
2774,92467,LEFT_INDEX,0.5000333189964294,0.5024638772010803,-0.6402952075004578,0.9649441838264465,0.997189462184906
2774,92467,RIGHT_INDEX,0.12566563487052917,0.500141441822052,-0.47192931175231934,0.8725417256355286,0.9995229244232178
2774,92467,LEFT_THUMB,0.4863751530647278,0.4899766445159912,-0.5387377142906189,0.9592675566673279,0.9982522130012512
2774,92467,RIGHT_THUMB,0.13453888893127441,0.4910533130168915,-0.3776581883430481,0.8692181706428528,0.9996844530105591
2774,92467,LEFT_HIP,0.3427567183971405,0.45534563064575195,-0.11616966128349304,0.9994181990623474,0.9993941783905029
2774,92467,RIGHT_HIP,0.23378030955791473,0.4612421989440918,0.11611244827508926,0.9993482232093811,0.9997480511665344
2774,92467,LEFT_KNEE,0.29331037402153015,0.5994293689727783,-0.44345298409461975,0.9581857323646545,0.9998310804367065
2774,92467,RIGHT_KNEE,0.2762090861797333,0.6058526635169983,0.0838870033621788,0.7876676917076111,0.9997935891151428
2774,92467,LEFT_ANKLE,0.2799822986125946,0.7654517292976379,-0.4077085554599762,0.9617765545845032,0.9989708662033081
2774,92467,RIGHT_ANKLE,0.3269837498664856,0.7561541199684143,0.26390230655670166,0.8708121180534363,0.9994319081306458
2774,92467,LEFT_HEEL,0.2937546670436859,0.7948281764984131,-0.4214383363723755,0.8267899751663208,0.9976910352706909
2774,92467,RIGHT_HEEL,0.3584595024585724,0.7857751250267029,0.2673065662384033,0.8171762824058533,0.9986612796783447
2774,92467,LEFT_FOOT_INDEX,0.20144779980182648,0.7995957732200623,-0.7221432328224182,0.9509790539741516,0.9952312111854553
2774,92467,RIGHT_FOOT_INDEX,0.24169398844242096,0.8009163737297058,0.011012101545929909,0.8945526480674744,0.9968706965446472
2775,92500,NOSE,0.23845726251602173,0.18523187935352325,-0.8508721590042114,0.9998489618301392,0.9999657869338989
2775,92500,LEFT_EYE_INNER,0.24492265284061432,0.1706959754228592,-0.8178126811981201,0.9997926950454712,0.9998966455459595
2775,92500,LEFT_EYE,0.2521204650402069,0.17026346921920776,-0.817851722240448,0.9998035430908203,0.9998877048492432
2775,92500,LEFT_EYE_OUTER,0.2589706480503082,0.1700100302696228,-0.8179357051849365,0.9998103380203247,0.999872088432312
2775,92500,RIGHT_EYE_INNER,0.223465234041214,0.17305181920528412,-0.8096910119056702,0.9997826218605042,0.9999110698699951
2775,92500,RIGHT_EYE,0.21588392555713654,0.17403261363506317,-0.8098565340042114,0.9997814893722534,0.9999079704284668
2775,92500,RIGHT_EYE_OUTER,0.20845048129558563,0.17499099671840668,-0.8098875880241394,0.9997758269309998,0.9999064207077026
2775,92500,LEFT_EAR,0.2666753828525543,0.1753777414560318,-0.5888535976409912,0.9997912049293518,0.9998780488967896
2775,92500,RIGHT_EAR,0.19758684933185577,0.18300776183605194,-0.5480321645736694,0.9996666312217712,0.9999383687973022
2775,92500,MOUTH_LEFT,0.25590795278549194,0.19747591018676758,-0.7602070569992065,0.999840497970581,0.99996018409729
2775,92500,MOUTH_RIGHT,0.22630076110363007,0.19950275123119354,-0.7497459053993225,0.9997816681861877,0.9999687671661377
2775,92500,LEFT_SHOULDER,0.36849015951156616,0.2606518566608429,-0.4681705832481384,0.9999679923057556,0.9999290704727173
2775,92500,RIGHT_SHOULDER,0.12982410192489624,0.27774685621261597,-0.28127676248550415,0.9998905658721924,0.9999783039093018
2775,92500,LEFT_ELBOW,0.4440501630306244,0.35685989260673523,-0.367648720741272,0.9950955510139465,0.9997329115867615
2775,92500,RIGHT_ELBOW,0.11737942695617676,0.3818598985671997,-0.14764060080051422,0.8756119012832642,0.9998958110809326
2775,92500,LEFT_WRIST,0.4858896732330322,0.4662882387638092,-0.5433720946311951,0.9818416237831116,0.9990482926368713
2775,92500,RIGHT_WRIST,0.11954876780509949,0.4740924537181854,-0.3444657027721405,0.9040244817733765,0.9998283386230469
2775,92500,LEFT_PINKY,0.5067029595375061,0.49740755558013916,-0.611258864402771,0.9628921151161194,0.9978641867637634
2775,92500,RIGHT_PINKY,0.113304503262043,0.5035403370857239,-0.3958984613418579,0.8734933733940125,0.9996200799942017
2775,92500,LEFT_INDEX,0.4865742027759552,0.5005852580070496,-0.6836807727813721,0.9649834632873535,0.9979280233383179
2775,92500,RIGHT_INDEX,0.12660250067710876,0.5031675100326538,-0.4775495231151581,0.8802818059921265,0.9996545314788818
2775,92500,LEFT_THUMB,0.47501683235168457,0.4890475273132324,-0.5744364261627197,0.9594132900238037,0.9986948370933533
2775,92500,RIGHT_THUMB,0.13527464866638184,0.4938466250896454,-0.3804878890514374,0.876722514629364,0.9997721314430237
2775,92500,LEFT_HIP,0.3355471193790436,0.4555628299713135,-0.11875255405902863,0.9994533658027649,0.9994612336158752
2775,92500,RIGHT_HIP,0.22851935029029846,0.4622133672237396,0.11867313832044601,0.9993783235549927,0.9997827410697937
2775,92500,LEFT_KNEE,0.28396040201187134,0.5995604991912842,-0.4010905921459198,0.9558629393577576,0.9998812675476074
2775,92500,RIGHT_KNEE,0.2709081470966339,0.606009304523468,0.08578931540250778,0.7694882154464722,0.9998677968978882
2775,92500,LEFT_ANKLE,0.251476913690567,0.7627763152122498,-0.3304574489593506,0.9620132446289062,0.9994938373565674
2775,92500,RIGHT_ANKLE,0.31967052817344666,0.7564879059791565,0.2662353813648224,0.8693339228630066,0.9997039437294006
2775,92500,LEFT_HEEL,0.258554071187973,0.7903087735176086,-0.34096530079841614,0.8292165994644165,0.9988927245140076
2775,92500,RIGHT_HEEL,0.34873849153518677,0.7897644639015198,0.2668648064136505,0.816164493560791,0.9992908239364624
2775,92500,LEFT_FOOT_INDEX,0.16197557747364044,0.7845518589019775,-0.6370213031768799,0.9522724151611328,0.9977627992630005
2775,92500,RIGHT_FOOT_INDEX,0.23341995477676392,0.8037350177764893,0.01135458517819643,0.8945396542549133,0.9982593655586243
2776,92533,NOSE,0.23676881194114685,0.1854041963815689,-0.8418565392494202,0.9998634457588196,0.9999687671661377
2776,92533,LEFT_EYE_INNER,0.2439471036195755,0.1708390712738037,-0.7883114218711853,0.9998112320899963,0.9999020099639893
2776,92533,LEFT_EYE,0.25029587745666504,0.17032545804977417,-0.7883701324462891,0.9998211860656738,0.9998924732208252
2776,92533,LEFT_EYE_OUTER,0.2564244568347931,0.17013145983219147,-0.788395345211029,0.9998271465301514,0.9998757839202881
2776,92533,RIGHT_EYE_INNER,0.2221556007862091,0.17302721738815308,-0.8069709539413452,0.9998027086257935,0.9999175071716309
2776,92533,RIGHT_EYE,0.2135549932718277,0.17390881478786469,-0.8072033524513245,0.9998015761375427,0.9999158382415771
2776,92533,RIGHT_EYE_OUTER,0.20536643266677856,0.17482934892177582,-0.8071765899658203,0.9997962713241577,0.9999141693115234
2776,92533,LEFT_EAR,0.26416364312171936,0.1762569099664688,-0.5298635363578796,0.9998099207878113,0.9998836517333984
2776,92533,RIGHT_EAR,0.1908140480518341,0.18300531804561615,-0.5371072888374329,0.9996957778930664,0.9999446868896484
2776,92533,MOUTH_LEFT,0.25301700830459595,0.1979682892560959,-0.7354288697242737,0.9998556971549988,0.9999617338180542
2776,92533,MOUTH_RIGHT,0.22327880561351776,0.19965682923793793,-0.7321791052818298,0.9998024106025696,0.9999707937240601
2776,92533,LEFT_SHOULDER,0.36019742488861084,0.2623772919178009,-0.40799087285995483,0.9999695420265198,0.9999279975891113
2776,92533,RIGHT_SHOULDER,0.12268483638763428,0.27803972363471985,-0.2606530785560608,0.9998987317085266,0.999981164932251
2776,92533,LEFT_ELBOW,0.43106716871261597,0.35664770007133484,-0.31457439064979553,0.9953867793083191,0.9997085928916931
2776,92533,RIGHT_ELBOW,0.11293438076972961,0.3836052119731903,-0.12431605905294418,0.8858442306518555,0.9999023675918579
2776,92533,LEFT_WRIST,0.4711907207965851,0.46453428268432617,-0.4890536069869995,0.9816729426383972,0.9989792704582214
2776,92533,RIGHT_WRIST,0.11769820749759674,0.4754147529602051,-0.32447299361228943,0.9108026623725891,0.9998193383216858
2776,92533,LEFT_PINKY,0.49150997400283813,0.4953882396221161,-0.5550827980041504,0.9618772864341736,0.9977620840072632
2776,92533,RIGHT_PINKY,0.11226974427700043,0.5055277347564697,-0.3761737644672394,0.8802146911621094,0.9995871186256409
2776,92533,LEFT_INDEX,0.47115570306777954,0.49797311425209045,-0.6263010501861572,0.9641667008399963,0.9978200197219849
2776,92533,RIGHT_INDEX,0.1272813230752945,0.5049479603767395,-0.45815810561180115,0.8868367075920105,0.9996298551559448
2776,92533,LEFT_THUMB,0.457171231508255,0.4869692623615265,-0.5193794369697571,0.9586359858512878,0.9986429810523987
2776,92533,RIGHT_THUMB,0.13550876080989838,0.49544021487236023,-0.36071494221687317,0.8830289840698242,0.9997639060020447
2776,92533,LEFT_HIP,0.327160507440567,0.45709964632987976,-0.11680474877357483,0.9994885921478271,0.9995191097259521
2776,92533,RIGHT_HIP,0.2211640328168869,0.4651910066604614,0.11681448668241501,0.9994076490402222,0.9998185038566589
2776,92533,LEFT_KNEE,0.27258700132369995,0.5991364121437073,-0.474479615688324,0.9542362093925476,0.9998699426651001
2776,92533,RIGHT_KNEE,0.26989078521728516,0.6060813069343567,0.08757389336824417,0.7524666786193848,0.999826967716217
2776,92533,LEFT_ANKLE,0.2312972992658615,0.7618350386619568,-0.4665871262550354,0.9617466926574707,0.9990799427032471
2776,92533,RIGHT_ANKLE,0.320524662733078,0.7565851807594299,0.256268173456192,0.8624975085258484,0.9993891716003418
2776,92533,LEFT_HEEL,0.2362428605556488,0.7879199385643005,-0.4824185073375702,0.8315379619598389,0.997941792011261
2776,92533,RIGHT_HEEL,0.3491975665092468,0.7906824946403503,0.2535269260406494,0.8101902008056641,0.9985623955726624
2776,92533,LEFT_FOOT_INDEX,0.14236268401145935,0.7776792049407959,-0.7866323590278625,0.9533599615097046,0.9957049489021301
2776,92533,RIGHT_FOOT_INDEX,0.238359272480011,0.8003718852996826,-0.0030745931435376406,0.889407753944397,0.9966616630554199
2777,92567,NOSE,0.23023100197315216,0.18552277982234955,-0.8213226199150085,0.9998766779899597,0.9999731779098511
2777,92567,LEFT_EYE_INNER,0.23949038982391357,0.17095375061035156,-0.7813814878463745,0.9998286962509155,0.9999196529388428
2777,92567,LEFT_EYE,0.24602444469928741,0.17042462527751923,-0.7814291715621948,0.9998377561569214,0.9999136924743652
2777,92567,LEFT_EYE_OUTER,0.25208598375320435,0.17017745971679688,-0.7814783453941345,0.9998430609703064,0.9999021291732788
2777,92567,RIGHT_EYE_INNER,0.21566246449947357,0.17272983491420746,-0.7805500030517578,0.9998213052749634,0.9999276399612427
2777,92567,RIGHT_EYE,0.2061311900615692,0.1734910011291504,-0.7807213068008423,0.9998200535774231,0.9999239444732666
2777,92567,RIGHT_EYE_OUTER,0.19782733917236328,0.17430715262889862,-0.7807329297065735,0.9998151659965515,0.9999207258224487
2777,92567,LEFT_EAR,0.26189157366752625,0.17710626125335693,-0.5326614379882812,0.9998274445533752,0.9999114274978638
2777,92567,RIGHT_EAR,0.18435031175613403,0.18279868364334106,-0.5165480971336365,0.9997224807739258,0.9999490976333618
2777,92567,MOUTH_LEFT,0.2467898279428482,0.19846279919147491,-0.7284985780715942,0.9998696446418762,0.9999654293060303
2777,92567,MOUTH_RIGHT,0.21549755334854126,0.19982726871967316,-0.7177137732505798,0.9998214244842529,0.9999699592590332
2777,92567,LEFT_SHOULDER,0.3548591732978821,0.26465296745300293,-0.4124130606651306,0.999971330165863,0.9999392032623291
2777,92567,RIGHT_SHOULDER,0.11444199830293655,0.27901265025138855,-0.25187936425209045,0.9999057650566101,0.9999747276306152
2777,92567,LEFT_ELBOW,0.42269980907440186,0.3613456189632416,-0.3401370346546173,0.9957217574119568,0.9997597336769104
2777,92567,RIGHT_ELBOW,0.10528847575187683,0.38780316710472107,-0.13146434724330902,0.89511638879776,0.9998660087585449
2777,92567,LEFT_WRIST,0.46254971623420715,0.4676690399646759,-0.5245012044906616,0.9822081923484802,0.9993041753768921
2777,92567,RIGHT_WRIST,0.11452172696590424,0.479226678609848,-0.33826619386672974,0.9170274138450623,0.9998076558113098
2777,92567,LEFT_PINKY,0.4847780466079712,0.5027212500572205,-0.6021504998207092,0.9622880220413208,0.9982978701591492
2777,92567,RIGHT_PINKY,0.1114969551563263,0.5092538595199585,-0.3925209641456604,0.8862557411193848,0.9995716214179993
2777,92567,LEFT_INDEX,0.4628716707229614,0.5051694512367249,-0.6725963950157166,0.9645975828170776,0.9984132051467896
2777,92567,RIGHT_INDEX,0.12777656316757202,0.508863627910614,-0.4713585078716278,0.8926482200622559,0.9996321201324463
2777,92567,LEFT_THUMB,0.4485939145088196,0.4928724467754364,-0.5542196035385132,0.9591078162193298,0.9990348815917969
2777,92567,RIGHT_THUMB,0.13522373139858246,0.4987671375274658,-0.37283408641815186,0.888471245765686,0.999764621257782
2777,92567,LEFT_HIP,0.3172105848789215,0.458793044090271,-0.11832592636346817,0.9995266795158386,0.9996545314788818
2777,92567,RIGHT_HIP,0.20940499007701874,0.46684741973876953,0.11831749975681305,0.9994402527809143,0.9998335838317871
2777,92567,LEFT_KNEE,0.26417088508605957,0.5995092391967773,-0.5054070949554443,0.9540565013885498,0.9999182224273682
2777,92567,RIGHT_KNEE,0.2683054506778717,0.6080449223518372,0.11812302470207214,0.7430149912834167,0.9998735189437866
2777,92567,LEFT_ANKLE,0.21709074079990387,0.7604849934577942,-0.501528799533844,0.9629145264625549,0.9993925094604492
2777,92567,RIGHT_ANKLE,0.3247802257537842,0.7597156167030334,0.29323866963386536,0.8605762124061584,0.9995967745780945
2777,92567,LEFT_HEEL,0.22021809220314026,0.7868891358375549,-0.5180516242980957,0.8367742896080017,0.9985449314117432
2777,92567,RIGHT_HEEL,0.3525867462158203,0.7921915054321289,0.29107362031936646,0.8084585666656494,0.999038577079773
2777,92567,LEFT_FOOT_INDEX,0.13130071759223938,0.7781581282615662,-0.8318688273429871,0.9552551507949829,0.9967750906944275
2777,92567,RIGHT_FOOT_INDEX,0.24621295928955078,0.800590455532074,0.03212272375822067,0.887993574142456,0.9976027607917786
2778,92600,NOSE,0.22272296249866486,0.18745017051696777,-0.8783243298530579,0.9998884201049805,0.9999750852584839
2778,92600,LEFT_EYE_INNER,0.23166672885417938,0.1727624386548996,-0.8424266576766968,0.9998438358306885,0.9999326467514038
2778,92600,LEFT_EYE,0.23921461403369904,0.17247413098812103,-0.8424655795097351,0.9998521208763123,0.9999290704727173
2778,92600,LEFT_EYE_OUTER,0.2453147917985916,0.17241270840168,-0.8425566554069519,0.9998569488525391,0.9999207258224487
2778,92600,RIGHT_EYE_INNER,0.20759116113185883,0.1740470677614212,-0.8340147137641907,0.9998375177383423,0.9999364614486694
2778,92600,RIGHT_EYE,0.19914744794368744,0.1747695356607437,-0.8341635465621948,0.9998360872268677,0.9999315738677979
2778,92600,RIGHT_EYE_OUTER,0.19093415141105652,0.17563612759113312,-0.8341456651687622,0.9998315572738647,0.999927282333374
2778,92600,LEFT_EAR,0.2540879249572754,0.17914210259914398,-0.5949042439460754,0.9998425841331482,0.9999301433563232
2778,92600,RIGHT_EAR,0.17942120134830475,0.18403147161006927,-0.5561234354972839,0.9997450709342957,0.9999514818191528
2778,92600,MOUTH_LEFT,0.23977918922901154,0.200349822640419,-0.7833791375160217,0.9998819231987,0.9999707937240601
2778,92600,MOUTH_RIGHT,0.20889541506767273,0.20151281356811523,-0.7710148692131042,0.99983811378479,0.9999735355377197
2778,92600,LEFT_SHOULDER,0.3481294512748718,0.265438050031662,-0.4817344844341278,0.9999731183052063,0.9999485015869141
2778,92600,RIGHT_SHOULDER,0.11106748878955841,0.2794860005378723,-0.27162688970565796,0.9999114871025085,0.9999771118164062
2778,92600,LEFT_ELBOW,0.41333043575286865,0.36579814553260803,-0.43393564224243164,0.9960401654243469,0.9997355341911316
2778,92600,RIGHT_ELBOW,0.09745819121599197,0.3895547091960907,-0.15075956284999847,0.9033156633377075,0.9998419284820557
2778,92600,LEFT_WRIST,0.45018675923347473,0.47000131011009216,-0.6181560158729553,0.9828835129737854,0.9992783665657043
2778,92600,RIGHT_WRIST,0.11095589399337769,0.48372742533683777,-0.366777241230011,0.9219908118247986,0.9996949434280396
2778,92600,LEFT_PINKY,0.46956950426101685,0.5023024678230286,-0.6972849369049072,0.9631850123405457,0.9983552098274231
2778,92600,RIGHT_PINKY,0.10948223620653152,0.5138306021690369,-0.42451080679893494,0.8904754519462585,0.99937504529953
2778,92600,LEFT_INDEX,0.45207321643829346,0.505500853061676,-0.7688421607017517,0.9655051231384277,0.9984593391418457
2778,92600,RIGHT_INDEX,0.12709009647369385,0.5138405561447144,-0.504391074180603,0.8967756032943726,0.9994606375694275
2778,92600,LEFT_THUMB,0.43928664922714233,0.49340128898620605,-0.6483060717582703,0.959983229637146,0.9990255832672119
2778,92600,RIGHT_THUMB,0.13390931487083435,0.503777801990509,-0.4018455147743225,0.892200767993927,0.9996306896209717
2778,92600,LEFT_HIP,0.3145350515842438,0.45979154109954834,-0.12714016437530518,0.999546229839325,0.9993516802787781
2778,92600,RIGHT_HIP,0.2106994241476059,0.468908429145813,0.12723475694656372,0.9994506239891052,0.9997292160987854
2778,92600,LEFT_KNEE,0.2587522268295288,0.6010140776634216,-0.4632039964199066,0.9545435905456543,0.9998623132705688
2778,92600,RIGHT_KNEE,0.26151126623153687,0.6093611121177673,0.12048248946666718,0.7356047034263611,0.9998182654380798
2778,92600,LEFT_ANKLE,0.2218826860189438,0.761897087097168,-0.40431419014930725,0.963947057723999,0.9989756345748901
2778,92600,RIGHT_ANKLE,0.3253636956214905,0.7641083598136902,0.2991030216217041,0.8613040447235107,0.9994738698005676
2778,92600,LEFT_HEEL,0.23106588423252106,0.7881612777709961,-0.41607755422592163,0.8385047316551208,0.9976211190223694
2778,92600,RIGHT_HEEL,0.35593321919441223,0.7932625412940979,0.29724565148353577,0.8098082542419434,0.9987038373947144
2778,92600,LEFT_FOOT_INDEX,0.1235695332288742,0.781103789806366,-0.7207998633384705,0.9564706683158875,0.9955457448959351
2778,92600,RIGHT_FOOT_INDEX,0.2455083727836609,0.8018518090248108,0.037647176533937454,0.8883541226387024,0.9967982172966003
2779,92633,NOSE,0.21646976470947266,0.18963219225406647,-0.849189281463623,0.99989914894104,0.9999815225601196
2779,92633,LEFT_EYE_INNER,0.2255278378725052,0.17477010190486908,-0.8228735327720642,0.9998579621315002,0.999947190284729
2779,92633,LEFT_EYE,0.23294323682785034,0.17453141510486603,-0.8229194283485413,0.9998655319213867,0.9999431371688843
2779,92633,LEFT_EYE_OUTER,0.23891985416412354,0.17458303272724152,-0.823037326335907,0.9998698234558105,0.9999357461929321
2779,92633,RIGHT_EYE_INNER,0.2012428343296051,0.17609365284442902,-0.8087191581726074,0.9998525381088257,0.9999532699584961
2779,92633,RIGHT_EYE,0.1925693303346634,0.1768617182970047,-0.8088923692703247,0.9998509287834167,0.9999505281448364
2779,92633,RIGHT_EYE_OUTER,0.1848875731229782,0.17784331738948822,-0.8089189529418945,0.9998468160629272,0.9999486207962036
2779,92633,LEFT_EAR,0.2491026222705841,0.18164467811584473,-0.5663177371025085,0.9998565912246704,0.9999423027038574
2779,92633,RIGHT_EAR,0.17233839631080627,0.18643055856227875,-0.552478551864624,0.9997665286064148,0.9999665021896362
2779,92633,MOUTH_LEFT,0.2340884655714035,0.2021670937538147,-0.7693195939064026,0.9998931884765625,0.9999783039093018
2779,92633,MOUTH_RIGHT,0.2024412304162979,0.2035781294107437,-0.7480542659759521,0.9998534917831421,0.999981164932251
2779,92633,LEFT_SHOULDER,0.3434966504573822,0.2672780752182007,-0.44497373700141907,0.9999750256538391,0.9999665021896362
2779,92633,RIGHT_SHOULDER,0.10408993810415268,0.28004881739616394,-0.26308730244636536,0.9999181032180786,0.9999865293502808
2779,92633,LEFT_ELBOW,0.39807531237602234,0.37101030349731445,-0.3934861719608307,0.9962980151176453,0.9998301267623901
2779,92633,RIGHT_ELBOW,0.09396171569824219,0.39106693863868713,-0.13658146560192108,0.9110598564147949,0.9999128580093384
2779,92633,LEFT_WRIST,0.4406271278858185,0.47301098704338074,-0.6153173446655273,0.9836046695709229,0.9996341466903687
2779,92633,RIGHT_WRIST,0.10569030046463013,0.48481062054634094,-0.35687392950057983,0.9275133013725281,0.9998847246170044
2779,92633,LEFT_PINKY,0.46003633737564087,0.5053171515464783,-0.6772329807281494,0.9644025564193726,0.9991298317909241
2779,92633,RIGHT_PINKY,0.10536544024944305,0.5153008699417114,-0.41596657037734985,0.8963985443115234,0.9997429251670837
2779,92633,LEFT_INDEX,0.44065624475479126,0.5088582038879395,-0.7431257367134094,0.966663122177124,0.9991784691810608
2779,92633,RIGHT_INDEX,0.12467887252569199,0.5149207711219788,-0.49638158082962036,0.9024407267570496,0.9997811913490295
2779,92633,LEFT_THUMB,0.43042120337486267,0.49702754616737366,-0.6426189541816711,0.9611216187477112,0.9995001554489136
2779,92633,RIGHT_THUMB,0.1301659196615219,0.5044665932655334,-0.39228227734565735,0.8976030349731445,0.999859094619751
2779,92633,LEFT_HIP,0.30637115240097046,0.4628039300441742,-0.12719488143920898,0.9995787739753723,0.9996851682662964
2779,92633,RIGHT_HIP,0.1983162760734558,0.47225460410118103,0.12727953493595123,0.9994800686836243,0.9998612403869629
2779,92633,LEFT_KNEE,0.24623200297355652,0.6020642518997192,-0.5010910034179688,0.9555636048316956,0.9999464750289917
2779,92633,RIGHT_KNEE,0.2558903694152832,0.6121580600738525,0.1267331838607788,0.731382429599762,0.999913215637207
2779,92633,LEFT_ANKLE,0.2101202756166458,0.7673948407173157,-0.4968072772026062,0.9656822085380554,0.9995679259300232
2779,92633,RIGHT_ANKLE,0.3288346230983734,0.7689833045005798,0.30834969878196716,0.8626970648765564,0.99977046251297
2779,92633,LEFT_HEEL,0.2203437238931656,0.7936024069786072,-0.5143615007400513,0.8428900241851807,0.9989436268806458
2779,92633,RIGHT_HEEL,0.36856284737586975,0.7939695715904236,0.30705830454826355,0.8123257160186768,0.9994358420372009
2779,92633,LEFT_FOOT_INDEX,0.11687085777521133,0.7900457382202148,-0.837584912776947,0.9587407112121582,0.9977362155914307
2779,92633,RIGHT_FOOT_INDEX,0.2501651644706726,0.8053267002105713,0.04639188200235367,0.8902210593223572,0.998538613319397
2780,92667,NOSE,0.21089264750480652,0.18928533792495728,-0.8159060478210449,0.999908447265625,0.9999567270278931
2780,92667,LEFT_EYE_INNER,0.21957698464393616,0.1745937019586563,-0.7791311144828796,0.9998691082000732,0.9998780488967896
2780,92667,LEFT_EYE,0.2273353934288025,0.17443691194057465,-0.779193639755249,0.999876081943512,0.9998703002929688
2780,92667,LEFT_EYE_OUTER,0.23339636623859406,0.17451660335063934,-0.7792475819587708,0.9998799562454224,0.99985671043396
2780,92667,RIGHT_EYE_INNER,0.19578024744987488,0.17557822167873383,-0.769342303276062,0.9998644590377808,0.999887228012085
2780,92667,RIGHT_EYE,0.18745121359825134,0.17625214159488678,-0.7694840431213379,0.999862551689148,0.9998792409896851
2780,92667,RIGHT_EYE_OUTER,0.17944836616516113,0.17713449895381927,-0.769510805606842,0.9998587369918823,0.9998742341995239
2780,92667,LEFT_EAR,0.24274082481861115,0.1815488338470459,-0.5282013416290283,0.9998672604560852,0.9998736381530762
2780,92667,RIGHT_EAR,0.1673348993062973,0.18599383533000946,-0.4977003037929535,0.9997807741165161,0.9999144077301025
2780,92667,MOUTH_LEFT,0.227126345038414,0.2022015005350113,-0.7257055044174194,0.9999029040336609,0.9999566078186035
2780,92667,MOUTH_RIGHT,0.19654481112957,0.20358555018901825,-0.7119026780128479,0.9998666048049927,0.9999586343765259
2780,92667,LEFT_SHOULDER,0.3357246518135071,0.26814088225364685,-0.42839333415031433,0.9999765753746033,0.9999516010284424
2780,92667,RIGHT_SHOULDER,0.09787990152835846,0.2800135314464569,-0.23462311923503876,0.9999223351478577,0.9999719858169556
2780,92667,LEFT_ELBOW,0.3865756690502167,0.374555379152298,-0.3966517746448517,0.9965270757675171,0.9997503161430359
2780,92667,RIGHT_ELBOW,0.08575451374053955,0.3904717266559601,-0.12955176830291748,0.9176097512245178,0.9998384714126587
2780,92667,LEFT_WRIST,0.42629003524780273,0.47865092754364014,-0.6244978308677673,0.9842652082443237,0.999498724937439
2780,92667,RIGHT_WRIST,0.09315638989210129,0.48399558663368225,-0.35192686319351196,0.9320560693740845,0.9997602105140686
2780,92667,LEFT_PINKY,0.44555819034576416,0.5099806189537048,-0.7048731446266174,0.9656322002410889,0.9987413287162781
2780,92667,RIGHT_PINKY,0.09206449240446091,0.5144678950309753,-0.4137774407863617,0.9010655879974365,0.9994785189628601
2780,92667,LEFT_INDEX,0.4212838411331177,0.5135696530342102,-0.773109495639801,0.967843770980835,0.9988388419151306
2780,92667,RIGHT_INDEX,0.11442477256059647,0.5144030451774597,-0.49367159605026245,0.9069699048995972,0.9995452761650085
2780,92667,LEFT_THUMB,0.40948474407196045,0.5030494928359985,-0.6546448469161987,0.9623131155967712,0.9992875456809998
2780,92667,RIGHT_THUMB,0.12004756182432175,0.5042697787284851,-0.3876428008079529,0.9019120335578918,0.9996985197067261
2780,92667,LEFT_HIP,0.2937454283237457,0.46412134170532227,-0.13237068057060242,0.9996001720428467,0.9994319081306458
2780,92667,RIGHT_HIP,0.18792319297790527,0.4729749858379364,0.13245417177677155,0.9994925260543823,0.9996997117996216
2780,92667,LEFT_KNEE,0.2349833846092224,0.6036931872367859,-0.4684686064720154,0.9557190537452698,0.9998968839645386
2780,92667,RIGHT_KNEE,0.2422088384628296,0.6146016120910645,0.1493767350912094,0.7219010591506958,0.9998125433921814
2780,92667,LEFT_ANKLE,0.20566397905349731,0.7710931301116943,-0.4283900856971741,0.9668755531311035,0.9991723299026489
2780,92667,RIGHT_ANKLE,0.3254358470439911,0.7682561874389648,0.3487981855869293,0.8617516756057739,0.9995782971382141
2780,92667,LEFT_HEEL,0.21698984503746033,0.7942132353782654,-0.4419173002243042,0.8432068228721619,0.9980031847953796
2780,92667,RIGHT_HEEL,0.3680674731731415,0.7889695763587952,0.3505590260028839,0.8144381642341614,0.9989697933197021
2780,92667,LEFT_FOOT_INDEX,0.10669238865375519,0.8059648871421814,-0.7573772668838501,0.9600561261177063,0.9958580136299133
2780,92667,RIGHT_FOOT_INDEX,0.24887503683567047,0.8066320419311523,0.09782646596431732,0.8907225131988525,0.9972537159919739
2781,92700,NOSE,0.2029479295015335,0.18801508843898773,-0.8441421985626221,0.999916136264801,0.9999356269836426
2781,92700,LEFT_EYE_INNER,0.21335726976394653,0.17359571158885956,-0.8093857169151306,0.9998767971992493,0.9998127818107605
2781,92700,LEFT_EYE,0.22127413749694824,0.17367766797542572,-0.8094087243080139,0.9998835921287537,0.9997977614402771
2781,92700,LEFT_EYE_OUTER,0.22706541419029236,0.17391067743301392,-0.8094449639320374,0.999886691570282,0.9997689127922058
2781,92700,RIGHT_EYE_INNER,0.18941542506217957,0.17387892305850983,-0.7999141216278076,0.9998729825019836,0.9998453855514526
2781,92700,RIGHT_EYE,0.18077251315116882,0.17433516681194305,-0.8001083135604858,0.9998711943626404,0.9998400211334229
2781,92700,RIGHT_EYE_OUTER,0.1728287637233734,0.17490333318710327,-0.8002158999443054,0.9998677968978882,0.9998394250869751
2781,92700,LEFT_EAR,0.2381650060415268,0.181301549077034,-0.5658072829246521,0.9998726844787598,0.9997686743736267
2781,92700,RIGHT_EAR,0.16035161912441254,0.18367604911327362,-0.5284361839294434,0.9997900128364563,0.9998819828033447
2781,92700,MOUTH_LEFT,0.21827052533626556,0.20173890888690948,-0.7517790198326111,0.9999105930328369,0.9999265670776367
2781,92700,MOUTH_RIGHT,0.1881314218044281,0.20302291214466095,-0.7397394180297852,0.9998770952224731,0.9999428987503052
2781,92700,LEFT_SHOULDER,0.32823219895362854,0.26782694458961487,-0.4767991304397583,0.999976634979248,0.9998894929885864
2781,92700,RIGHT_SHOULDER,0.09092839062213898,0.27841469645500183,-0.2651160955429077,0.9999234676361084,0.9999666213989258
2781,92700,LEFT_ELBOW,0.375051885843277,0.37590956687927246,-0.45605361461639404,0.9967021346092224,0.9995288848876953
2781,92700,RIGHT_ELBOW,0.07796184718608856,0.38922592997550964,-0.174336239695549,0.9227684736251831,0.9998120665550232
2781,92700,LEFT_WRIST,0.40161117911338806,0.479460209608078,-0.6604088544845581,0.9848744869232178,0.9995017051696777
2781,92700,RIGHT_WRIST,0.07970888912677765,0.48324909806251526,-0.41261300444602966,0.9358001351356506,0.9997590184211731
2781,92700,LEFT_PINKY,0.4126085340976715,0.5101768374443054,-0.7408761382102966,0.966880202293396,0.998869001865387
2781,92700,RIGHT_PINKY,0.07435081899166107,0.5143533945083618,-0.4814337491989136,0.9051031470298767,0.9994818568229675
2781,92700,LEFT_INDEX,0.3917475640773773,0.5130390524864197,-0.8104831576347351,0.9689956307411194,0.9989653825759888
2781,92700,RIGHT_INDEX,0.0931159108877182,0.5137524604797363,-0.5627280473709106,0.9109159708023071,0.9995450377464294
2781,92700,LEFT_THUMB,0.38242006301879883,0.5022054314613342,-0.69084233045578,0.9636083245277405,0.9993218183517456
2781,92700,RIGHT_THUMB,0.09921739995479584,0.5038482546806335,-0.4500342309474945,0.9058986902236938,0.9996885061264038
2781,92700,LEFT_HIP,0.2862389087677002,0.4644607603549957,-0.1412491351366043,0.9995898008346558,0.9990686774253845
2781,92700,RIGHT_HIP,0.18219387531280518,0.4727924168109894,0.14124073088169098,0.9994819760322571,0.9996856451034546
2781,92700,LEFT_KNEE,0.23115231096744537,0.6094589233398438,-0.25372549891471863,0.9561417102813721,0.9997912049293518
2781,92700,RIGHT_KNEE,0.22862295806407928,0.6170026063919067,0.1418483555316925,0.7199031710624695,0.9998354911804199
2781,92700,LEFT_ANKLE,0.20512928068637848,0.7711116671562195,-0.07936470955610275,0.967885434627533,0.9989262223243713
2781,92700,RIGHT_ANKLE,0.3206363320350647,0.7638842463493347,0.35000893473625183,0.8679168224334717,0.9996997117996216
2781,92700,LEFT_HEEL,0.21888718008995056,0.794310986995697,-0.08095914870500565,0.8473520874977112,0.9978396892547607
2781,92700,RIGHT_HEEL,0.367583304643631,0.7787706851959229,0.354451060295105,0.8240125179290771,0.999214768409729
2781,92700,LEFT_FOOT_INDEX,0.12572771310806274,0.8141011595726013,-0.361551970243454,0.9609054923057556,0.995381772518158
2781,92700,RIGHT_FOOT_INDEX,0.2441798895597458,0.8068826794624329,0.11166611313819885,0.8959980010986328,0.9976376295089722
2782,92733,NOSE,0.195835679769516,0.18250960111618042,-0.7907624840736389,0.9999236464500427,0.9999345541000366
2782,92733,LEFT_EYE_INNER,0.20644231140613556,0.16796918213367462,-0.7585780024528503,0.9998866319656372,0.9998235106468201
2782,92733,LEFT_EYE,0.2139727920293808,0.16822309792041779,-0.75860995054245,0.9998930096626282,0.9998200535774231
2782,92733,LEFT_EYE_OUTER,0.21985028684139252,0.1686650663614273,-0.7586637735366821,0.9998958110809326,0.9998077750205994
2782,92733,RIGHT_EYE_INNER,0.1822168231010437,0.16793788969516754,-0.7475350499153137,0.9998830556869507,0.9998413324356079
2782,92733,RIGHT_EYE,0.17293912172317505,0.16841407120227814,-0.7476685643196106,0.9998810887336731,0.9998310804367065
2782,92733,RIGHT_EYE_OUTER,0.1649302840232849,0.16898269951343536,-0.7478019595146179,0.9998779296875,0.9998252987861633
2782,92733,LEFT_EAR,0.23152197897434235,0.17647908627986908,-0.5242995619773865,0.9998827576637268,0.9998371601104736
2782,92733,RIGHT_EAR,0.15249820053577423,0.17793989181518555,-0.47821447253227234,0.9998052716255188,0.9998795986175537
2782,92733,MOUTH_LEFT,0.21184174716472626,0.19797034561634064,-0.6998709440231323,0.9999186992645264,0.999944806098938
2782,92733,MOUTH_RIGHT,0.18192130327224731,0.19956983625888824,-0.6866370439529419,0.9998878836631775,0.99994957447052
2782,92733,LEFT_SHOULDER,0.3178803324699402,0.26598644256591797,-0.46028345823287964,0.9999780058860779,0.9999468326568604
2782,92733,RIGHT_SHOULDER,0.08976538479328156,0.2703554630279541,-0.20115050673484802,0.9999262094497681,0.9999743700027466
2782,92733,LEFT_ELBOW,0.3609870970249176,0.37424716353416443,-0.4354345500469208,0.9968662261962891,0.9995704293251038
2782,92733,RIGHT_ELBOW,0.06800821423530579,0.37480461597442627,-0.10007764399051666,0.9252122640609741,0.9998109936714172
2782,92733,LEFT_WRIST,0.38952741026878357,0.4793274402618408,-0.6561655402183533,0.9856473803520203,0.9995461106300354
2782,92733,RIGHT_WRIST,0.06389015913009644,0.47341445088386536,-0.3656825125217438,0.9378167986869812,0.9996886253356934
2782,92733,LEFT_PINKY,0.4022129774093628,0.5096306204795837,-0.7262052297592163,0.9685710668563843,0.9989230036735535
2782,92733,RIGHT_PINKY,0.05728266388177872,0.5042998194694519,-0.4400758147239685,0.9070661664009094,0.9993409514427185
2782,92733,LEFT_INDEX,0.37990570068359375,0.512902557849884,-0.7859378457069397,0.9705555438995361,0.9990921020507812
2782,92733,RIGHT_INDEX,0.07421887665987015,0.5035451054573059,-0.5286808609962463,0.9129670858383179,0.9994238615036011
2782,92733,LEFT_THUMB,0.3718344569206238,0.5016716718673706,-0.6828192472457886,0.9652935266494751,0.9994146823883057
2782,92733,RIGHT_THUMB,0.08157437294721603,0.49381697177886963,-0.4086019992828369,0.9078003168106079,0.9996106028556824
2782,92733,LEFT_HIP,0.27606186270713806,0.4647672176361084,-0.1456906944513321,0.9995921850204468,0.9992522597312927
2782,92733,RIGHT_HIP,0.1732761412858963,0.47199106216430664,0.14565245807170868,0.9994783997535706,0.999700665473938
2782,92733,LEFT_KNEE,0.22731634974479675,0.6139043569564819,-0.25048109889030457,0.9577929377555847,0.9997634291648865
2782,92733,RIGHT_KNEE,0.21314233541488647,0.6174216866493225,0.10664575546979904,0.7315191030502319,0.9998020529747009
2782,92733,LEFT_ANKLE,0.21053339540958405,0.772224485874176,-0.07332199811935425,0.9696589708328247,0.9977892637252808
2782,92733,RIGHT_ANKLE,0.3210333585739136,0.7528740763664246,0.3452990651130676,0.8757432103157043,0.9996516704559326
2782,92733,LEFT_HEEL,0.22853699326515198,0.7989979386329651,-0.07635392248630524,0.8541942238807678,0.9956398010253906
2782,92733,RIGHT_HEEL,0.3672097623348236,0.7656683325767517,0.3520858585834503,0.8355889916419983,0.9990724325180054
2782,92733,LEFT_FOOT_INDEX,0.12900592386722565,0.8163027167320251,-0.3623768091201782,0.9623613357543945,0.9895300269126892
2782,92733,RIGHT_FOOT_INDEX,0.2550392746925354,0.8052587509155273,0.12585408985614777,0.9016132950782776,0.9965850114822388
2783,92767,NOSE,0.18254758417606354,0.17626667022705078,-0.7268573045730591,0.9999300837516785,0.9999034404754639
2783,92767,LEFT_EYE_INNER,0.19372928142547607,0.16137954592704773,-0.6930070519447327,0.9998942613601685,0.9997555613517761
2783,92767,LEFT_EYE,0.20206759870052338,0.16165222227573395,-0.693078875541687,0.9999004006385803,0.9997566342353821
2783,92767,LEFT_EYE_OUTER,0.2099984735250473,0.16208992898464203,-0.6931171417236328,0.9999030828475952,0.9997513890266418
2783,92767,RIGHT_EYE_INNER,0.16886980831623077,0.16126437485218048,-0.6828447580337524,0.999890148639679,0.9997676014900208
2783,92767,RIGHT_EYE,0.1605018526315689,0.16154439747333527,-0.6829351186752319,0.9998877048492432,0.9997450709342957
2783,92767,RIGHT_EYE_OUTER,0.15212169289588928,0.16198773682117462,-0.6830050945281982,0.999884843826294,0.999731719493866
2783,92767,LEFT_EAR,0.22233164310455322,0.1701178401708603,-0.45464834570884705,0.9998902678489685,0.9997954964637756
2783,92767,RIGHT_EAR,0.14393219351768494,0.17034922540187836,-0.40874430537223816,0.9998136162757874,0.9998047947883606
2783,92767,MOUTH_LEFT,0.19944849610328674,0.1919436901807785,-0.6340874433517456,0.999925434589386,0.999932050704956
2783,92767,MOUTH_RIGHT,0.16950927674770355,0.1929788589477539,-0.6211205124855042,0.9998964667320251,0.9999222755432129
2783,92767,LEFT_SHOULDER,0.3093772530555725,0.2584940493106842,-0.3627021312713623,0.9999793171882629,0.9999611377716064
2783,92767,RIGHT_SHOULDER,0.08374494314193726,0.2626529932022095,-0.1671319305896759,0.9999258518218994,0.9999430179595947
2783,92767,LEFT_ELBOW,0.3484683334827423,0.3697648346424103,-0.32846614718437195,0.9967880249023438,0.9996258020401001
2783,92767,RIGHT_ELBOW,0.05784764140844345,0.36249473690986633,-0.09277824312448502,0.9265205264091492,0.999670147895813
2783,92767,LEFT_WRIST,0.37299665808677673,0.478113055229187,-0.5641267895698547,0.9859920740127563,0.999591052532196
2783,92767,RIGHT_WRIST,0.05532266944646835,0.4584443271160126,-0.35768118500709534,0.9391847252845764,0.9995403289794922
2783,92767,LEFT_PINKY,0.3873736262321472,0.5086191892623901,-0.6453216075897217,0.9695307016372681,0.9989223480224609
2783,92767,RIGHT_PINKY,0.04812076315283775,0.4912703037261963,-0.431790828704834,0.9086323976516724,0.9990710020065308
2783,92767,LEFT_INDEX,0.36217767000198364,0.5114691853523254,-0.7191814184188843,0.9714120626449585,0.9991280436515808
2783,92767,RIGHT_INDEX,0.06440939754247665,0.48764193058013916,-0.5172819495201111,0.9145969152450562,0.9991868138313293
2783,92767,LEFT_THUMB,0.3539818227291107,0.500464141368866,-0.5965801477432251,0.9661290049552917,0.9994435906410217
2783,92767,RIGHT_THUMB,0.07202378660440445,0.47668948769569397,-0.39902791380882263,0.9091949462890625,0.9994262456893921
2783,92767,LEFT_HIP,0.26552289724349976,0.4646401107311249,-0.1291525810956955,0.9996071457862854,0.9996243715286255
2783,92767,RIGHT_HIP,0.1564033478498459,0.4692201316356659,0.1290087103843689,0.9994867444038391,0.9997369647026062
2783,92767,LEFT_KNEE,0.2227216511964798,0.6149964928627014,-0.14677678048610687,0.9578760862350464,0.9998296499252319
2783,92767,RIGHT_KNEE,0.17602218687534332,0.6177433133125305,0.0661570355296135,0.7514817118644714,0.9997691512107849
2783,92767,LEFT_ANKLE,0.2130395472049713,0.7727973461151123,0.10174831002950668,0.9713262319564819,0.9987786412239075
2783,92767,RIGHT_ANKLE,0.3103221654891968,0.739287793636322,0.3685503900051117,0.8846498727798462,0.9997888207435608
2783,92767,LEFT_HEEL,0.22806374728679657,0.7978703379631042,0.10417685657739639,0.8544238805770874,0.997634768486023
2783,92767,RIGHT_HEEL,0.3543415665626526,0.7469984889030457,0.3843173682689667,0.8455310463905334,0.9995212554931641
2783,92767,LEFT_FOOT_INDEX,0.13925492763519287,0.8167466521263123,-0.1997164636850357,0.9638849496841431,0.9935696125030518
2783,92767,RIGHT_FOOT_INDEX,0.25803714990615845,0.800844669342041,0.16815254092216492,0.9077906608581543,0.9978554844856262
2784,92800,NOSE,0.1509321630001068,0.17239569127559662,-0.6818937659263611,0.999934196472168,0.9997430443763733
2784,92800,LEFT_EYE_INNER,0.16285088658332825,0.15751522779464722,-0.6614544987678528,0.9998971223831177,0.999395489692688
2784,92800,LEFT_EYE,0.17194370925426483,0.15751682221889496,-0.6615405082702637,0.9999037981033325,0.9994045495986938
2784,92800,LEFT_EYE_OUTER,0.18093295395374298,0.15767134726047516,-0.6616266965866089,0.9999067783355713,0.9993906021118164
2784,92800,RIGHT_EYE_INNER,0.14252659678459167,0.1576380580663681,-0.6346858143806458,0.9998921751976013,0.9994586110115051
2784,92800,RIGHT_EYE,0.13639722764492035,0.15788127481937408,-0.6347667574882507,0.9998888373374939,0.9994401335716248
2784,92800,RIGHT_EYE_OUTER,0.12958122789859772,0.15816859900951385,-0.6348432898521423,0.9998863935470581,0.999446451663971
2784,92800,LEFT_EAR,0.20400138199329376,0.1644446700811386,-0.46946579217910767,0.9998937249183655,0.9995059967041016
2784,92800,RIGHT_EAR,0.1310817003250122,0.16564436256885529,-0.3517557382583618,0.9998118281364441,0.9996871948242188
2784,92800,MOUTH_LEFT,0.1698230654001236,0.1872711181640625,-0.6068712472915649,0.9999304413795471,0.9998646974563599
2784,92800,MOUTH_RIGHT,0.14372709393501282,0.18771755695343018,-0.5718410611152649,0.9999017119407654,0.9998514652252197
2784,92800,LEFT_SHOULDER,0.2993741035461426,0.2541249096393585,-0.3758386969566345,0.999980092048645,0.999929666519165
2784,92800,RIGHT_SHOULDER,0.07762601226568222,0.2566209137439728,-0.08691992610692978,0.999923050403595,0.9999375343322754
2784,92800,LEFT_ELBOW,0.34029531478881836,0.3652872145175934,-0.3830220699310303,0.9968103766441345,0.999169111251831
2784,92800,RIGHT_ELBOW,0.04621867090463638,0.35721835494041443,-0.0029452708549797535,0.9232983589172363,0.999607264995575
2784,92800,LEFT_WRIST,0.3555506765842438,0.47781625390052795,-0.5766796469688416,0.9859543442726135,0.998620867729187
2784,92800,RIGHT_WRIST,0.04170949384570122,0.4508547782897949,-0.26048776507377625,0.9373236894607544,0.999401330947876
2784,92800,LEFT_PINKY,0.3651983439922333,0.5076558589935303,-0.6573486328125,0.9695733189582825,0.9967390894889832
2784,92800,RIGHT_PINKY,0.03387889266014099,0.4838143587112427,-0.3303526043891907,0.9056363701820374,0.9987748265266418
2784,92800,LEFT_INDEX,0.34286051988601685,0.5108885169029236,-0.7265650033950806,0.9713824987411499,0.9974258542060852
2784,92800,RIGHT_INDEX,0.050371114164590836,0.4810393750667572,-0.4053722620010376,0.9117975831031799,0.9989470839500427
2784,92800,LEFT_THUMB,0.3374007046222687,0.5000093579292297,-0.6049676537513733,0.9659514427185059,0.9982594847679138
2784,92800,RIGHT_THUMB,0.05785123631358147,0.4700753390789032,-0.299689918756485,0.9057573676109314,0.9992396831512451
2784,92800,LEFT_HIP,0.2526564598083496,0.4629863202571869,-0.14544959366321564,0.9995988011360168,0.9994066953659058
2784,92800,RIGHT_HIP,0.14565199613571167,0.4649818241596222,0.14525678753852844,0.9994542002677917,0.9996196031570435
2784,92800,LEFT_KNEE,0.21580731868743896,0.6155063509941101,-0.17431245744228363,0.957801103591919,0.9996651411056519
2784,92800,RIGHT_KNEE,0.1534242033958435,0.6177102327346802,0.07700900733470917,0.7685453295707703,0.9996799230575562
2784,92800,LEFT_ANKLE,0.20741717517375946,0.7727952003479004,0.07045105844736099,0.9727745652198792,0.9963057041168213
2784,92800,RIGHT_ANKLE,0.2910885512828827,0.7298798561096191,0.40137434005737305,0.8916634321212769,0.999572217464447
2784,92800,LEFT_HEEL,0.22631260752677917,0.8005126118659973,0.0730835571885109,0.8573682904243469,0.9930154085159302
2784,92800,RIGHT_HEEL,0.3371613919734955,0.7356030941009521,0.4194527268409729,0.8546420931816101,0.9990587830543518
2784,92800,LEFT_FOOT_INDEX,0.13411332666873932,0.8148641586303711,-0.2215896099805832,0.964972972869873,0.9826115369796753
2784,92800,RIGHT_FOOT_INDEX,0.25313323736190796,0.7943695187568665,0.22859889268875122,0.912350058555603,0.9962983727455139
2785,92833,NOSE,0.12592050433158875,0.17082341015338898,-0.6561253666877747,0.9999309182167053,0.9985032081604004
2785,92833,LEFT_EYE_INNER,0.13839659094810486,0.1554868221282959,-0.6524811387062073,0.9998847246170044,0.9970435500144958
2785,92833,LEFT_EYE,0.1465264856815338,0.15529659390449524,-0.6525877118110657,0.9998939633369446,0.9971068501472473
2785,92833,LEFT_EYE_OUTER,0.1552739143371582,0.15514996647834778,-0.6527244448661804,0.9998992681503296,0.9970861077308655
2785,92833,RIGHT_EYE_INNER,0.12044425308704376,0.15575119853019714,-0.6118650436401367,0.9998758435249329,0.9975009560585022
2785,92833,RIGHT_EYE,0.11549262702465057,0.15593941509723663,-0.6119505167007446,0.9998701810836792,0.9975878000259399
2785,92833,RIGHT_EYE_OUTER,0.11058824509382248,0.15601617097854614,-0.6120734214782715,0.9998705983161926,0.9977694749832153
2785,92833,LEFT_EAR,0.18638482689857483,0.16131849586963654,-0.49774205684661865,0.9998853206634521,0.9977481961250305
2785,92833,RIGHT_EAR,0.12268999218940735,0.16285115480422974,-0.34047621488571167,0.9997859001159668,0.9989087581634521
2785,92833,MOUTH_LEFT,0.14388257265090942,0.18497230112552643,-0.6019439697265625,0.9999314546585083,0.9993622899055481
2785,92833,MOUTH_RIGHT,0.12248779088258743,0.18551522493362427,-0.5486736297607422,0.99989914894104,0.9993560910224915
2785,92833,LEFT_SHOULDER,0.29050159454345703,0.25238141417503357,-0.46132394671440125,0.999978244304657,0.9996746778488159
2785,92833,RIGHT_SHOULDER,0.07100415974855423,0.25222140550613403,-0.08217673748731613,0.9999149441719055,0.9998231530189514
2785,92833,LEFT_ELBOW,0.3283909857273102,0.3630658686161041,-0.4671640694141388,0.9965562224388123,0.9964284300804138
2785,92833,RIGHT_ELBOW,0.038095444440841675,0.3530947268009186,0.03454999253153801,0.91697096824646,0.9989112615585327
2785,92833,LEFT_WRIST,0.33321040868759155,0.47718167304992676,-0.6009848117828369,0.983593761920929,0.9920735955238342
2785,92833,RIGHT_WRIST,0.02594059891998768,0.44611600041389465,-0.19866152107715607,0.9315426349639893,0.9981694221496582
2785,92833,LEFT_PINKY,0.34096139669418335,0.5075767636299133,-0.6761183142662048,0.9653615355491638,0.9840791821479797
2785,92833,RIGHT_PINKY,0.018822655081748962,0.4796254336833954,-0.25971686840057373,0.8970853090286255,0.9964063763618469
2785,92833,LEFT_INDEX,0.321609765291214,0.5103004574775696,-0.7363964319229126,0.967106819152832,0.9869492650032043
2785,92833,RIGHT_INDEX,0.03536248579621315,0.4770112931728363,-0.33218562602996826,0.9037732481956482,0.9968718886375427
2785,92833,LEFT_THUMB,0.3147216737270355,0.49962449073791504,-0.6230498552322388,0.9608755111694336,0.9905208349227905
2785,92833,RIGHT_THUMB,0.04309106990695,0.4666304588317871,-0.23664912581443787,0.8969940543174744,0.9976400136947632
2785,92833,LEFT_HIP,0.23860974609851837,0.4611893892288208,-0.1477862000465393,0.9995297789573669,0.9982490539550781
2785,92833,RIGHT_HIP,0.12862084805965424,0.46030548214912415,0.14763697981834412,0.9993504881858826,0.9986963868141174
2785,92833,LEFT_KNEE,0.2067790925502777,0.615565299987793,-0.16104575991630554,0.956451416015625,0.9981967806816101
2785,92833,RIGHT_KNEE,0.1220659390091896,0.6176289916038513,0.08067715167999268,0.7838589549064636,0.9984918832778931
2785,92833,LEFT_ANKLE,0.2094835489988327,0.7725849747657776,0.16046598553657532,0.9730070233345032,0.9794030785560608
2785,92833,RIGHT_ANKLE,0.26320022344589233,0.723811686038971,0.44692039489746094,0.8954317569732666,0.9975716471672058
2785,92833,LEFT_HEEL,0.23019786179065704,0.7994065284729004,0.17189931869506836,0.8528880476951599,0.9661340713500977
2785,92833,RIGHT_HEEL,0.3058556616306305,0.7308964729309082,0.47177597880363464,0.8590980172157288,0.9952110648155212
2785,92833,LEFT_FOOT_INDEX,0.1362440437078476,0.8138613700866699,-0.11589483916759491,0.9637433886528015,0.9234459400177002
2785,92833,RIGHT_FOOT_INDEX,0.244084894657135,0.7889768481254578,0.28333336114883423,0.9133344888687134,0.9830362200737
2786,92867,NOSE,0.10142143070697784,0.16961073875427246,-0.48406463861465454,0.9999339580535889,0.9992222785949707
2786,92867,LEFT_EYE_INNER,0.11506149917840958,0.15381403267383575,-0.49043309688568115,0.9998881816864014,0.9985048770904541
2786,92867,LEFT_EYE,0.12198438495397568,0.15338927507400513,-0.49052858352661133,0.999897837638855,0.9985284805297852
2786,92867,LEFT_EYE_OUTER,0.1294964849948883,0.15301093459129333,-0.4906417727470398,0.9999035596847534,0.9985309839248657
2786,92867,RIGHT_EYE_INNER,0.10052543878555298,0.15455952286720276,-0.4374702572822571,0.9998787641525269,0.9986968636512756
2786,92867,RIGHT_EYE,0.09719535708427429,0.15478326380252838,-0.43750491738319397,0.9998726844787598,0.9987276196479797
2786,92867,RIGHT_EYE_OUTER,0.09387560933828354,0.1548527330160141,-0.43759021162986755,0.9998735785484314,0.9988125562667847
2786,92867,LEFT_EAR,0.16609027981758118,0.15911021828651428,-0.4077397584915161,0.999891996383667,0.998978853225708
2786,92867,RIGHT_EAR,0.1152636855840683,0.15982140600681305,-0.16542714834213257,0.9997920393943787,0.9994208812713623
2786,92867,MOUTH_LEFT,0.11922577768564224,0.18277621269226074,-0.44662269949913025,0.9999365210533142,0.9997325539588928
2786,92867,MOUTH_RIGHT,0.1018880307674408,0.18405450880527496,-0.3765393793582916,0.9999046921730042,0.9996838569641113
2786,92867,LEFT_SHOULDER,0.27670595049858093,0.24753905832767487,-0.42199990153312683,0.9999797344207764,0.999910831451416
2786,92867,RIGHT_SHOULDER,0.066639743745327,0.24688197672367096,0.10780036449432373,0.9999125599861145,0.9999070167541504
2786,92867,LEFT_ELBOW,0.317510187625885,0.3561619222164154,-0.4524177610874176,0.996704638004303,0.9985558390617371
2786,92867,RIGHT_ELBOW,0.03260812535881996,0.3458854854106903,0.23134896159172058,0.9092816114425659,0.9994656443595886
2786,92867,LEFT_WRIST,0.3127833306789398,0.4746309816837311,-0.5373634099960327,0.9839144945144653,0.9964773058891296
2786,92867,RIGHT_WRIST,0.013843746855854988,0.43717968463897705,-0.0245903842151165,0.9277887940406799,0.9989832043647766
2786,92867,LEFT_PINKY,0.3177852928638458,0.5064939260482788,-0.6110187768936157,0.9659861326217651,0.9918949007987976
2786,92867,RIGHT_PINKY,0.009730718098580837,0.4687272608280182,-0.08332198113203049,0.8914707899093628,0.997878909111023
2786,92867,LEFT_INDEX,0.2964549660682678,0.5077471733093262,-0.6667769551277161,0.9675821661949158,0.9934839606285095
2786,92867,RIGHT_INDEX,0.026464134454727173,0.46550464630126953,-0.15720981359481812,0.8984659314155579,0.9981787204742432
2786,92867,LEFT_THUMB,0.2920388877391815,0.49643370509147644,-0.5557277202606201,0.9609475135803223,0.9954713582992554
2786,92867,RIGHT_THUMB,0.03469037637114525,0.45520415902137756,-0.06448975205421448,0.8907614350318909,0.9986529350280762
2786,92867,LEFT_HIP,0.22907650470733643,0.4571850597858429,-0.185334712266922,0.9995291829109192,0.9991006851196289
2786,92867,RIGHT_HIP,0.12267040461301804,0.4572502076625824,0.18531471490859985,0.999309778213501,0.999144434928894
2786,92867,LEFT_KNEE,0.21319575607776642,0.6143704056739807,-0.28461527824401855,0.958380937576294,0.9991211295127869
2786,92867,RIGHT_KNEE,0.09084818512201309,0.6177170872688293,0.08246619999408722,0.7976676821708679,0.998293936252594
2786,92867,LEFT_ANKLE,0.21254034340381622,0.772182047367096,-0.018688376992940903,0.974008321762085,0.9730231761932373
2786,92867,RIGHT_ANKLE,0.22511418163776398,0.7292041182518005,0.4500286281108856,0.8935115933418274,0.9974923133850098
2786,92867,LEFT_HEEL,0.2413984090089798,0.8026850819587708,-0.013128106482326984,0.848532497882843,0.9485186338424683
2786,92867,RIGHT_HEEL,0.2701834440231323,0.7398726940155029,0.4743042588233948,0.8589746356010437,0.9951121211051941
2786,92867,LEFT_FOOT_INDEX,0.13803181052207947,0.8158777356147766,-0.35310688614845276,0.9642173051834106,0.9028666615486145
2786,92867,RIGHT_FOOT_INDEX,0.16455261409282684,0.7878653407096863,0.3021523058414459,0.9108462333679199,0.9838448166847229
2787,92900,NOSE,0.07512550801038742,0.1650892049074173,-0.4498347342014313,0.9998872876167297,0.9908888339996338
2787,92900,LEFT_EYE_INNER,0.09140456467866898,0.1494223177433014,-0.4675050675868988,0.999818742275238,0.9898129105567932
2787,92900,LEFT_EYE,0.09780913591384888,0.14905628561973572,-0.467722624540329,0.9998429417610168,0.9910470843315125
2787,92900,LEFT_EYE_OUTER,0.10444292426109314,0.1485646516084671,-0.46796342730522156,0.9998639822006226,0.9920151233673096
2787,92900,RIGHT_EYE_INNER,0.0801357850432396,0.1503058224916458,-0.4026252329349518,0.999768078327179,0.9882149696350098
2787,92900,RIGHT_EYE,0.07867036759853363,0.1506349891424179,-0.4026259183883667,0.9997453689575195,0.9880049824714661
2787,92900,RIGHT_EYE_OUTER,0.07744469493627548,0.1506911963224411,-0.40276792645454407,0.999758243560791,0.988307774066925
2787,92900,LEFT_EAR,0.14116306602954865,0.15477724373340607,-0.4334873557090759,0.9998692870140076,0.9953666925430298
2787,92900,RIGHT_EAR,0.10431627929210663,0.1553269475698471,-0.14334504306316376,0.9996143579483032,0.9934198260307312
2787,92900,MOUTH_LEFT,0.09233342111110687,0.17833775281906128,-0.4333242177963257,0.999923586845398,0.9973752498626709
2787,92900,MOUTH_RIGHT,0.0786442905664444,0.17977775633335114,-0.34795433282852173,0.9998577833175659,0.9956146478652954
2787,92900,LEFT_SHOULDER,0.26213306188583374,0.24316193163394928,-0.48943570256233215,0.9999775886535645,0.9994385838508606
2787,92900,RIGHT_SHOULDER,0.061401333659887314,0.24469028413295746,0.12611070275306702,0.9998201727867126,0.998305082321167
2787,92900,LEFT_ELBOW,0.29598963260650635,0.3531128466129303,-0.5573218464851379,0.9964414834976196,0.9925516843795776
2787,92900,RIGHT_ELBOW,0.024974651634693146,0.3451635539531708,0.259519100189209,0.8604205250740051,0.9939693212509155
2787,92900,LEFT_WRIST,0.28293487429618835,0.4745009243488312,-0.591098427772522,0.9805359840393066,0.9776769280433655
2787,92900,RIGHT_WRIST,-0.013611058704555035,0.4379141330718994,0.033696796745061874,0.8824719786643982,0.9773572087287903
2787,92900,LEFT_PINKY,0.28394895792007446,0.5059872269630432,-0.6646820306777954,0.9598857760429382,0.9583027958869934
2787,92900,RIGHT_PINKY,-0.029777588322758675,0.4704510271549225,-0.010115598328411579,0.8437502384185791,0.9653648138046265
2787,92900,LEFT_INDEX,0.2550889849662781,0.507430374622345,-0.687743067741394,0.9612683057785034,0.961880624294281
2787,92900,RIGHT_INDEX,-0.02275533229112625,0.468260258436203,-0.08889102190732956,0.8525168895721436,0.9665424227714539
2787,92900,LEFT_THUMB,0.24703973531723022,0.49611684679985046,-0.5960605144500732,0.9525827169418335,0.9697095155715942
2787,92900,RIGHT_THUMB,-0.0017333930591121316,0.4564492404460907,-0.010026926174759865,0.8463412523269653,0.9717725515365601
2787,92900,LEFT_HIP,0.2140529900789261,0.4573770761489868,-0.19631138443946838,0.9994062781333923,0.9961386322975159
2787,92900,RIGHT_HIP,0.11090037971735,0.45726168155670166,0.19640085101127625,0.9990317225456238,0.9932831525802612
2787,92900,LEFT_KNEE,0.18759293854236603,0.6190135478973389,-0.29650527238845825,0.9574040770530701,0.9930092096328735
2787,92900,RIGHT_KNEE,0.061254601925611496,0.6151849031448364,0.07091939449310303,0.8012681007385254,0.9842998385429382
2787,92900,LEFT_ANKLE,0.2148272693157196,0.7654843330383301,0.05372760072350502,0.9714712500572205,0.913726806640625
2787,92900,RIGHT_ANKLE,0.1939968466758728,0.7323855757713318,0.42673608660697937,0.8848138451576233,0.9803310036659241
2787,92900,LEFT_HEEL,0.24659988284111023,0.7987861037254333,0.07232023030519485,0.8321505784988403,0.8715938329696655
2787,92900,RIGHT_HEEL,0.2375044822692871,0.7412160038948059,0.44890469312667847,0.8478772640228271,0.9661552309989929
2787,92900,LEFT_FOOT_INDEX,0.13707293570041656,0.8172046542167664,-0.21217814087867737,0.9589210152626038,0.7931510210037231
2787,92900,RIGHT_FOOT_INDEX,0.14080305397510529,0.7900068759918213,0.2536730468273163,0.9009575843811035,0.9137210249900818
2788,92933,NOSE,0.06214401498436928,0.16033564507961273,-0.3779155910015106,0.9998729825019836,0.9973052740097046
2788,92933,LEFT_EYE_INNER,0.07937849313020706,0.14503780007362366,-0.39878198504447937,0.9997988343238831,0.9968672394752502
2788,92933,LEFT_EYE,0.08569206297397614,0.14482495188713074,-0.3989616930484772,0.9998268485069275,0.9973112344741821
2788,92933,LEFT_EYE_OUTER,0.09230519086122513,0.1444801241159439,-0.3992140591144562,0.9998533129692078,0.9975516200065613
2788,92933,RIGHT_EYE_INNER,0.06908727437257767,0.14558924734592438,-0.32943159341812134,0.9997307062149048,0.9960067868232727
2788,92933,RIGHT_EYE,0.06818020343780518,0.1459060162305832,-0.3294083774089813,0.9996954798698425,0.995624840259552
2788,92933,RIGHT_EYE_OUTER,0.0673266053199768,0.14596033096313477,-0.32961031794548035,0.9997089505195618,0.9955411553382874
2788,92933,LEFT_EAR,0.12740665674209595,0.1512221246957779,-0.38607871532440186,0.9998664855957031,0.9985200762748718
2788,92933,RIGHT_EAR,0.09539219737052917,0.15134456753730774,-0.07055450975894928,0.9995474219322205,0.9967116117477417
2788,92933,MOUTH_LEFT,0.07961561530828476,0.1747559756040573,-0.36720943450927734,0.9999166131019592,0.9990542531013489
2788,92933,MOUTH_RIGHT,0.06647650897502899,0.17579077184200287,-0.2767675817012787,0.999824047088623,0.9982214570045471
2788,92933,LEFT_SHOULDER,0.2466333508491516,0.2366723269224167,-0.4945453405380249,0.9999759793281555,0.9997408986091614
2788,92933,RIGHT_SHOULDER,0.05733390897512436,0.24298609793186188,0.2355625331401825,0.9997544288635254,0.9990923404693604
2788,92933,LEFT_ELBOW,0.28185442090034485,0.34743428230285645,-0.5911773443222046,0.9965035319328308,0.9960499405860901
2788,92933,RIGHT_ELBOW,0.020256485790014267,0.34504377841949463,0.38131144642829895,0.795534074306488,0.9969503283500671
2788,92933,LEFT_WRIST,0.26494112610816956,0.4685993194580078,-0.6321610808372498,0.9802039265632629,0.9916280508041382
2788,92933,RIGHT_WRIST,-0.03726973384618759,0.4150204658508301,0.1287647932767868,0.8356236219406128,0.9886983036994934
2788,92933,LEFT_PINKY,0.26698359847068787,0.4996197521686554,-0.7058841586112976,0.9592249989509583,0.9856919646263123
2788,92933,RIGHT_PINKY,-0.06179993227124214,0.4372335374355316,0.0979616716504097,0.7995710968971252,0.9844259023666382
2788,92933,LEFT_INDEX,0.24121443927288055,0.5013986229896545,-0.7272689938545227,0.9605394601821899,0.9868093729019165
2788,92933,RIGHT_INDEX,-0.06271826475858688,0.43310558795928955,0.014029101468622684,0.8102661371231079,0.9845482707023621
2788,92933,LEFT_THUMB,0.2365262657403946,0.49075689911842346,-0.636728048324585,0.9513992071151733,0.9895123839378357
2788,92933,RIGHT_THUMB,-0.04553959518671036,0.4259242117404938,0.08266255259513855,0.8050717115402222,0.9869762063026428
2788,92933,LEFT_HIP,0.19769629836082458,0.4571094810962677,-0.24024160206317902,0.9993689656257629,0.9987670183181763
2788,92933,RIGHT_HIP,0.1033569946885109,0.4548763036727905,0.24053336679935455,0.9990111589431763,0.9986386895179749
2788,92933,LEFT_KNEE,0.06235911697149277,0.609663724899292,-0.4137268364429474,0.9597468972206116,0.9954923391342163
2788,92933,RIGHT_KNEE,0.04096829146146774,0.6042834520339966,0.10921008139848709,0.7910845279693604,0.9953042268753052
2788,92933,LEFT_ANKLE,0.1843646615743637,0.7476961612701416,-0.001887403312139213,0.9702878594398499,0.9855734705924988
2788,92933,RIGHT_ANKLE,0.17323239147663116,0.7318976521492004,0.4628962576389313,0.8839644193649292,0.9940286874771118
2788,92933,LEFT_HEEL,0.2293330579996109,0.7689118981361389,0.016702475026249886,0.8395411968231201,0.9834397435188293
2788,92933,RIGHT_HEEL,0.2256459891796112,0.7449812889099121,0.4837818443775177,0.8524441719055176,0.9879779815673828
2788,92933,LEFT_FOOT_INDEX,0.11056400835514069,0.8156182169914246,-0.16699513792991638,0.9570645689964294,0.964743435382843
2788,92933,RIGHT_FOOT_INDEX,0.10462585836648941,0.790852963924408,0.3156515061855316,0.8974812626838684,0.9653663635253906
2789,92967,NOSE,0.038290128111839294,0.16061054170131683,-0.3556058406829834,0.9998701810836792,0.9986540079116821
2789,92967,LEFT_EYE_INNER,0.053012456744909286,0.14566759765148163,-0.3815002143383026,0.9998024702072144,0.9987049102783203
2789,92967,LEFT_EYE,0.05831065773963928,0.145501971244812,-0.38167843222618103,0.9998307824134827,0.9989257454872131
2789,92967,LEFT_EYE_OUTER,0.06401612609624863,0.145168736577034,-0.38192218542099,0.9998588562011719,0.9990560412406921
2789,92967,RIGHT_EYE_INNER,0.04726351425051689,0.14591361582279205,-0.30735456943511963,0.9997286796569824,0.998024582862854
2789,92967,RIGHT_EYE,0.04809531196951866,0.1460656374692917,-0.3073538839817047,0.9996875524520874,0.997742772102356
2789,92967,RIGHT_EYE_OUTER,0.049169331789016724,0.1459587663412094,-0.3074248731136322,0.9996998906135559,0.9975326061248779
2789,92967,LEFT_EAR,0.10255028307437897,0.15080806612968445,-0.39168477058410645,0.9998741745948792,0.9994995594024658
2789,92967,RIGHT_EAR,0.0830368921160698,0.15110327303409576,-0.05926881730556488,0.999535083770752,0.9980611205101013
2789,92967,MOUTH_LEFT,0.05502086505293846,0.17493247985839844,-0.3545515239238739,0.9999150633811951,0.9995356798171997
2789,92967,MOUTH_RIGHT,0.04709838330745697,0.17595309019088745,-0.25811439752578735,0.9997968077659607,0.9987995624542236
2789,92967,LEFT_SHOULDER,0.2334163933992386,0.23329831659793854,-0.5055828094482422,0.999976396560669,0.9998365640640259
2789,92967,RIGHT_SHOULDER,0.058428805321455,0.2421221137046814,0.25058722496032715,0.9995691180229187,0.9981046915054321
2789,92967,LEFT_ELBOW,0.26293304562568665,0.3473469316959381,-0.6041834354400635,0.9966616034507751,0.9975589513778687
2789,92967,RIGHT_ELBOW,0.021777283400297165,0.3439021110534668,0.3807734251022339,0.7303935289382935,0.9955358505249023
2789,92967,LEFT_WRIST,0.23025929927825928,0.4665641486644745,-0.6262741684913635,0.9806778430938721,0.9944241642951965
2789,92967,RIGHT_WRIST,-0.04480304941534996,0.3761416971683502,0.10826440900564194,0.780440092086792,0.9797093868255615
2789,92967,LEFT_PINKY,0.2285594493150711,0.49909529089927673,-0.6991445422172546,0.9597508907318115,0.9879716038703918
2789,92967,RIGHT_PINKY,-0.0664898082613945,0.3879484236240387,0.0761861503124237,0.7484925985336304,0.973082423210144
2789,92967,LEFT_INDEX,0.19801025092601776,0.5001642107963562,-0.7264881730079651,0.9610193371772766,0.9889288544654846
2789,92967,RIGHT_INDEX,-0.07242434471845627,0.37990549206733704,0.002247402211651206,0.7604161500930786,0.9750304222106934
2789,92967,LEFT_THUMB,0.19348947703838348,0.48971959948539734,-0.632710337638855,0.9510537981987,0.9919219017028809
2789,92967,RIGHT_THUMB,-0.059393636882305145,0.3763763904571533,0.06489093601703644,0.7557821869850159,0.9781941771507263
2789,92967,LEFT_HIP,0.1986607164144516,0.45160162448883057,-0.24543160200119019,0.9993520975112915,0.9990741014480591
2789,92967,RIGHT_HIP,0.10895441472530365,0.44995343685150146,0.24564018845558167,0.9989873766899109,0.9987903237342834
2789,92967,LEFT_KNEE,0.04171319305896759,0.5931950807571411,-0.4034487009048462,0.9600545763969421,0.9957383871078491
2789,92967,RIGHT_KNEE,0.02053263410925865,0.5904096961021423,0.044422697275877,0.7866517305374146,0.9944451451301575
2789,92967,LEFT_ANKLE,0.16338954865932465,0.7435178756713867,-0.07559855282306671,0.9701494574546814,0.9908802509307861
2789,92967,RIGHT_ANKLE,0.13401132822036743,0.7333745360374451,0.31357234716415405,0.880973219871521,0.996944010257721
2789,92967,LEFT_HEEL,0.202566996216774,0.7629788517951965,-0.050383564084768295,0.8463758826255798,0.9878828525543213
2789,92967,RIGHT_HEEL,0.18310222029685974,0.7461419105529785,0.32756903767585754,0.8505638837814331,0.9940005540847778
2789,92967,LEFT_FOOT_INDEX,0.07697202265262604,0.8103647828102112,-0.247371643781662,0.9568710923194885,0.9743537306785583
2789,92967,RIGHT_FOOT_INDEX,0.05171371251344681,0.7911284565925598,0.16333727538585663,0.8918551206588745,0.9792200326919556
2790,93000,NOSE,0.02416275069117546,0.15750108659267426,-0.3691125214099884,0.9998664259910583,0.9984936714172363
2790,93000,LEFT_EYE_INNER,0.03803246468305588,0.14309461414813995,-0.4043584167957306,0.9997977018356323,0.9985005855560303
2790,93000,LEFT_EYE,0.04185523837804794,0.1430351883172989,-0.40453144907951355,0.9998297095298767,0.9986478686332703
2790,93000,LEFT_EYE_OUTER,0.04606807604432106,0.14279134571552277,-0.40471968054771423,0.9998598098754883,0.998812198638916
2790,93000,RIGHT_EYE_INNER,0.03568446636199951,0.14269541203975677,-0.32614997029304504,0.9997189044952393,0.9981517195701599
2790,93000,RIGHT_EYE,0.03750811144709587,0.14247338473796844,-0.32612335681915283,0.9996776580810547,0.9980602860450745
2790,93000,RIGHT_EYE_OUTER,0.03954985737800598,0.14202836155891418,-0.3262355625629425,0.9996875524520874,0.998036801815033
2790,93000,LEFT_EAR,0.08131346851587296,0.14763696491718292,-0.41891294717788696,0.9998790621757507,0.9993137121200562
2790,93000,RIGHT_EAR,0.07210732251405716,0.14707837998867035,-0.1031266301870346,0.9995267987251282,0.9985352754592896
2790,93000,MOUTH_LEFT,0.038208458572626114,0.1719517558813095,-0.38305026292800903,0.9999134540557861,0.9994164705276489
2790,93000,MOUTH_RIGHT,0.034813638776540756,0.17259973287582397,-0.2810564637184143,0.999778151512146,0.998830258846283
2790,93000,LEFT_SHOULDER,0.21893848478794098,0.23262269794940948,-0.569024384021759,0.9999767541885376,0.9998136162757874
2790,93000,RIGHT_SHOULDER,0.05967259779572487,0.23818904161453247,0.18922501802444458,0.999465823173523,0.998938262462616
2790,93000,LEFT_ELBOW,0.24317437410354614,0.34741297364234924,-0.6429301500320435,0.9967697262763977,0.9977462887763977
2790,93000,RIGHT_ELBOW,0.026881391182541847,0.3419337272644043,0.3671891689300537,0.6706631779670715,0.9974609613418579
2790,93000,LEFT_WRIST,0.2025332748889923,0.462367445230484,-0.6239176988601685,0.9814075827598572,0.9965214729309082
2790,93000,RIGHT_WRIST,-0.0388350784778595,0.3884284496307373,0.19076798856258392,0.7297257781028748,0.9868574142456055
2790,93000,LEFT_PINKY,0.20210692286491394,0.4923214018344879,-0.6958574652671814,0.9608597755432129,0.9932844638824463
2790,93000,RIGHT_PINKY,-0.06011313945055008,0.4034768044948578,0.16666029393672943,0.6984264254570007,0.982898473739624
2790,93000,LEFT_INDEX,0.1728859543800354,0.49295318126678467,-0.7244025468826294,0.961843729019165,0.9944254159927368
2790,93000,RIGHT_INDEX,-0.06822589039802551,0.3977481424808502,0.08529352396726608,0.7111676335334778,0.9839635491371155
2790,93000,LEFT_THUMB,0.17132733762264252,0.4825100898742676,-0.6303759217262268,0.950750470161438,0.9957373142242432
2790,93000,RIGHT_THUMB,-0.05570997670292854,0.3929310142993927,0.1455589234828949,0.7077635526657104,0.9864250421524048
2790,93000,LEFT_HIP,0.1962517350912094,0.45079007744789124,-0.22857128083705902,0.9992976188659668,0.9984908103942871
2790,93000,RIGHT_HIP,0.1020653247833252,0.4479186534881592,0.22875052690505981,0.9989727139472961,0.9987714886665344
2790,93000,LEFT_KNEE,0.13789774477481842,0.5958487391471863,-0.35169899463653564,0.9629349112510681,0.9985865354537964
2790,93000,RIGHT_KNEE,0.0003048409125767648,0.586856484413147,-0.10393568873405457,0.8055562376976013,0.9984571933746338
2790,93000,LEFT_ANKLE,0.2065449208021164,0.7613436579704285,-0.08811495453119278,0.9723297953605652,0.9892829656600952
2790,93000,RIGHT_ANKLE,0.09357024729251862,0.734167754650116,0.11993535608053207,0.8900484442710876,0.9986969828605652
2790,93000,LEFT_HEEL,0.22466860711574554,0.7831506133079529,-0.0801301971077919,0.8519836068153381,0.9804812073707581
2790,93000,RIGHT_HEEL,0.1307234764099121,0.7496688961982727,0.1273396611213684,0.8583796620368958,0.996667206287384
2790,93000,LEFT_FOOT_INDEX,0.08602713793516159,0.8103495240211487,-0.34711772203445435,0.9593631625175476,0.9601407051086426
2790,93000,RIGHT_FOOT_INDEX,0.005627230741083622,0.7915992140769958,-0.0617646761238575,0.8992025852203369,0.9858858585357666
2791,93033,NOSE,0.017428020015358925,0.15729199349880219,-0.3283766210079193,0.9998574256896973,0.998155415058136
2791,93033,LEFT_EYE_INNER,0.030242791399359703,0.14294952154159546,-0.3721410036087036,0.9997926950454712,0.9983312487602234
2791,93033,LEFT_EYE,0.033038124442100525,0.14290431141853333,-0.37233081459999084,0.9998273849487305,0.9986056685447693
2791,93033,LEFT_EYE_OUTER,0.03610748052597046,0.14272484183311462,-0.3725316822528839,0.9998599886894226,0.9988449811935425
2791,93033,RIGHT_EYE_INNER,0.029828529804944992,0.14250849187374115,-0.28729215264320374,0.9997028708457947,0.9974339604377747
2791,93033,RIGHT_EYE,0.03214237838983536,0.14228956401348114,-0.2872612178325653,0.9996604323387146,0.99710613489151
2791,93033,RIGHT_EYE_OUTER,0.03462529182434082,0.14191175997257233,-0.2873840034008026,0.9996684789657593,0.9968938827514648
2791,93033,LEFT_EAR,0.06772234290838242,0.14762060344219208,-0.4264298677444458,0.9998831748962402,0.9993997812271118
2791,93033,RIGHT_EAR,0.06373459100723267,0.14694462716579437,-0.07644201815128326,0.999505341053009,0.997389018535614
2791,93033,MOUTH_LEFT,0.029217269271612167,0.1711120754480362,-0.35351431369781494,0.9999117255210876,0.9993487000465393
2791,93033,MOUTH_RIGHT,0.028700096532702446,0.17162255942821503,-0.24357463419437408,0.9997612833976746,0.9983160495758057
2791,93033,LEFT_SHOULDER,0.19925452768802643,0.23265303671360016,-0.5848119258880615,0.9999778270721436,0.9999079704284668
2791,93033,RIGHT_SHOULDER,0.060871731489896774,0.2361593246459961,0.21330635249614716,0.9993833899497986,0.9980496168136597
2791,93033,LEFT_ELBOW,0.2220735251903534,0.3477964699268341,-0.6606575846672058,0.9969251751899719,0.9991087317466736
2791,93033,RIGHT_ELBOW,0.030248569324612617,0.33929643034935,0.408044695854187,0.6151643991470337,0.9962894916534424
2791,93033,LEFT_WRIST,0.17094749212265015,0.4584190547466278,-0.6219426989555359,0.9826884865760803,0.9988106489181519
2791,93033,RIGHT_WRIST,-0.027808483690023422,0.3933508098125458,0.2567268908023834,0.6819510459899902,0.9870141744613647
2791,93033,LEFT_PINKY,0.16666404902935028,0.49011123180389404,-0.697750449180603,0.9632521867752075,0.9970199465751648
2791,93033,RIGHT_PINKY,-0.0466056764125824,0.4093511998653412,0.24273055791854858,0.6527736186981201,0.9838688969612122
2791,93033,LEFT_INDEX,0.1302507221698761,0.4926035702228546,-0.7182744145393372,0.9640563130378723,0.9976229071617126
2791,93033,RIGHT_INDEX,-0.05283769220113754,0.40419769287109375,0.1581960916519165,0.6661998629570007,0.9844488501548767
2791,93033,LEFT_THUMB,0.12790265679359436,0.47885462641716003,-0.6291550397872925,0.9527855515480042,0.998207688331604
2791,93033,RIGHT_THUMB,-0.04217590391635895,0.3990713655948639,0.21288959681987762,0.6633477807044983,0.9861830472946167
2791,93033,LEFT_HIP,0.18198013305664062,0.4471023976802826,-0.22453851997852325,0.9992710947990417,0.9987509250640869
2791,93033,RIGHT_HIP,0.09266025573015213,0.4428609609603882,0.22479936480522156,0.9989261627197266,0.9969524145126343
2791,93033,LEFT_KNEE,0.14449958503246307,0.6050540804862976,-0.3441740870475769,0.9638526439666748,0.9973822236061096
2791,93033,RIGHT_KNEE,-0.010141785256564617,0.5893925428390503,-0.05236911028623581,0.8164789080619812,0.9942307472229004
2791,93033,LEFT_ANKLE,0.20685821771621704,0.7720534801483154,-0.08606680482625961,0.9730237126350403,0.9886515736579895
2791,93033,RIGHT_ANKLE,0.0528428889811039,0.7402272820472717,0.16471563279628754,0.8930749297142029,0.9940476417541504
2791,93033,LEFT_HEEL,0.22570419311523438,0.7906351089477539,-0.07843894511461258,0.8546037673950195,0.9813871383666992
2791,93033,RIGHT_HEEL,0.08397923409938812,0.7596867084503174,0.1730901449918747,0.8554312586784363,0.9873025417327881
2791,93033,LEFT_FOOT_INDEX,0.12311878055334091,0.815031111240387,-0.3409436345100403,0.9597716927528381,0.9684343934059143
2791,93033,RIGHT_FOOT_INDEX,-0.021427981555461884,0.7997872829437256,-0.025825371965765953,0.9002562165260315,0.9704433083534241
2792,93067,NOSE,0.003296679351478815,0.15796470642089844,-0.27081844210624695,0.9997413754463196,0.9910838603973389
2792,93067,LEFT_EYE_INNER,0.013812241144478321,0.14394386112689972,-0.31938594579696655,0.9996798038482666,0.9933899641036987
2792,93067,LEFT_EYE,0.0163290873169899,0.14391523599624634,-0.31963664293289185,0.9997437596321106,0.9946905970573425
2792,93067,LEFT_EYE_OUTER,0.0187872052192688,0.14375700056552887,-0.3198515474796295,0.9998012781143188,0.9957564473152161
2792,93067,RIGHT_EYE_INNER,0.01462580543011427,0.14375130832195282,-0.23333504796028137,0.9994705319404602,0.988943338394165
2792,93067,RIGHT_EYE,0.017561379820108414,0.14368639886379242,-0.23327559232711792,0.999403178691864,0.9872516393661499
2792,93067,RIGHT_EYE_OUTER,0.02053612470626831,0.14342568814754486,-0.23344145715236664,0.9993909001350403,0.9861375689506531
2792,93067,LEFT_EAR,0.04712202399969101,0.14890001714229584,-0.41066402196884155,0.9998569488525391,0.9979666471481323
2792,93067,RIGHT_EAR,0.04750197380781174,0.14824791252613068,-0.026518259197473526,0.9991503953933716,0.9881806373596191
2792,93067,MOUTH_LEFT,0.018662454560399055,0.17238056659698486,-0.2970471978187561,0.9998707175254822,0.9975912570953369
2792,93067,MOUTH_RIGHT,0.01786896213889122,0.17301686108112335,-0.1855122148990631,0.999586820602417,0.992462158203125
2792,93067,LEFT_SHOULDER,0.17664070427417755,0.23309029638767242,-0.5492905974388123,0.999977171421051,0.9998250603675842
2792,93067,RIGHT_SHOULDER,0.06148439273238182,0.23299241065979004,0.24671491980552673,0.9990558624267578,0.9898446798324585
2792,93067,LEFT_ELBOW,0.2066403180360794,0.3426544666290283,-0.6134259104728699,0.9967889785766602,0.9983565211296082
2792,93067,RIGHT_ELBOW,0.03882367163896561,0.33481553196907043,0.434258371591568,0.5610470175743103,0.985094428062439
2792,93067,LEFT_WRIST,0.1585790365934372,0.44445422291755676,-0.5807301998138428,0.9835905432701111,0.9974623918533325
2792,93067,RIGHT_WRIST,-0.019707091152668,0.3892687261104584,0.2798900902271271,0.6310377717018127,0.9612276554107666
2792,93067,LEFT_PINKY,0.15080705285072327,0.47421762347221375,-0.6598847508430481,0.9649705290794373,0.9935936331748962
2792,93067,RIGHT_PINKY,-0.03717156499624252,0.4059526026248932,0.2646644115447998,0.6057677865028381,0.9561517238616943
2792,93067,LEFT_INDEX,0.1174892708659172,0.4717336893081665,-0.6697984933853149,0.9655816555023193,0.9946979284286499
2792,93067,RIGHT_INDEX,-0.04131085053086281,0.401774525642395,0.17844022810459137,0.6194220185279846,0.9559116959571838
2792,93067,LEFT_THUMB,0.11618264019489288,0.46133148670196533,-0.5785766243934631,0.9538840651512146,0.9958922863006592
2792,93067,RIGHT_THUMB,-0.03146319091320038,0.3963119685649872,0.23484286665916443,0.6171122789382935,0.9582781791687012
2792,93067,LEFT_HIP,0.1773396134376526,0.44765257835388184,-0.22304780781269073,0.9989408850669861,0.9938733577728271
2792,93067,RIGHT_HIP,0.08267392963171005,0.4424166679382324,0.22291059792041779,0.9980816841125488,0.9702658653259277
2792,93067,LEFT_KNEE,0.17420533299446106,0.604304850101471,-0.3319958746433258,0.9592316746711731,0.9847449660301208
2792,93067,RIGHT_KNEE,0.0051392000168561935,0.5913811326026917,-0.017495861276984215,0.8217403888702393,0.9523207545280457
2792,93067,LEFT_ANKLE,0.2126142978668213,0.7735196948051453,-0.06898079067468643,0.9669227004051208,0.9139431715011597
2792,93067,RIGHT_ANKLE,0.057624366134405136,0.7446224689483643,0.23018749058246613,0.885665774345398,0.9449214339256287
2792,93067,LEFT_HEEL,0.23707212507724762,0.7933822274208069,-0.06150028109550476,0.8344110250473022,0.8703853487968445
2792,93067,RIGHT_HEEL,0.08128330111503601,0.7632849812507629,0.24100787937641144,0.8367326855659485,0.9060747027397156
2792,93067,LEFT_FOOT_INDEX,0.14439156651496887,0.8147364258766174,-0.33878543972969055,0.9507787227630615,0.840364396572113
2792,93067,RIGHT_FOOT_INDEX,0.010091647505760193,0.8008710741996765,0.03672994673252106,0.8903528451919556,0.8542657494544983
2793,93100,NOSE,-0.0022869249805808067,0.15892961621284485,-0.3225293457508087,0.999464750289917,0.9892204403877258
2793,93100,LEFT_EYE_INNER,0.009316783398389816,0.14473868906497955,-0.36745646595954895,0.9994342923164368,0.9928171634674072
2793,93100,LEFT_EYE,0.01184007991105318,0.14465680718421936,-0.3676978349685669,0.9995697736740112,0.9943195581436157
2793,93100,LEFT_EYE_OUTER,0.01418173685669899,0.14446312189102173,-0.3679087162017822,0.9996753334999084,0.9955885410308838
2793,93100,RIGHT_EYE_INNER,0.010079150088131428,0.14455915987491608,-0.2834324836730957,0.9989650845527649,0.9875296354293823
2793,93100,RIGHT_EYE,0.012810766696929932,0.14438724517822266,-0.28337666392326355,0.998894214630127,0.985672116279602
2793,93100,RIGHT_EYE_OUTER,0.015321219339966774,0.14401045441627502,-0.2835189700126648,0.9988147020339966,0.9842973351478577
2793,93100,LEFT_EAR,0.03980574384331703,0.1492648720741272,-0.4360407292842865,0.9997847080230713,0.9980481863021851
2793,93100,RIGHT_EAR,0.03947281092405319,0.14828015863895416,-0.07354157418012619,0.9983989596366882,0.9873781800270081
2793,93100,MOUTH_LEFT,0.015092293731868267,0.17199371755123138,-0.3453245460987091,0.9997917413711548,0.9978001713752747
2793,93100,MOUTH_RIGHT,0.014556687325239182,0.17250384390354156,-0.23729942739009857,0.9992684125900269,0.9932230710983276
2793,93100,LEFT_SHOULDER,0.1559762954711914,0.234022855758667,-0.5937939882278442,0.9999765753746033,0.9998706579208374
2793,93100,RIGHT_SHOULDER,0.06046145781874657,0.23073673248291016,0.2116345763206482,0.9987307190895081,0.9913201928138733
2793,93100,LEFT_ELBOW,0.19192607700824738,0.3436332046985626,-0.6791121363639832,0.996698260307312,0.998519241809845
2793,93100,RIGHT_ELBOW,0.039126887917518616,0.329629510641098,0.39092960953712463,0.5129484534263611,0.9811801910400391
2793,93100,LEFT_WRIST,0.13123637437820435,0.4455444812774658,-0.6353629231452942,0.9844053387641907,0.9976940751075745
2793,93100,RIGHT_WRIST,-0.016724802553653717,0.38374125957489014,0.2195400595664978,0.5847502946853638,0.9520027041435242
2793,93100,LEFT_PINKY,0.12023211270570755,0.4762882888317108,-0.7218071818351746,0.9664826989173889,0.9940536618232727
2793,93100,RIGHT_PINKY,-0.036218445748090744,0.4087047278881073,0.20557399094104767,0.5631078481674194,0.9460961818695068
2793,93100,LEFT_INDEX,0.08924878388643265,0.4730016887187958,-0.7184290289878845,0.9668883681297302,0.9949195981025696
2793,93100,RIGHT_INDEX,-0.04142393171787262,0.4062546491622925,0.11420192569494247,0.576682448387146,0.9454131126403809
2793,93100,LEFT_THUMB,0.0897434651851654,0.46107661724090576,-0.6274859309196472,0.9547346234321594,0.9960980415344238
2793,93100,RIGHT_THUMB,-0.031694091856479645,0.4005380868911743,0.1724996268749237,0.5749239921569824,0.9479232430458069
2793,93100,LEFT_HIP,0.17379549145698547,0.4469306468963623,-0.21722176671028137,0.9986020922660828,0.9921499490737915
2793,93100,RIGHT_HIP,0.07802604138851166,0.4387395679950714,0.21718858182430267,0.9965119361877441,0.9465529918670654
2793,93100,LEFT_KNEE,0.18340598046779633,0.6044098734855652,-0.29690778255462646,0.953233003616333,0.9848092198371887
2793,93100,RIGHT_KNEE,0.005041950847953558,0.5854604840278625,0.08819413185119629,0.8134968280792236,0.9092788100242615
2793,93100,LEFT_ANKLE,0.23105698823928833,0.7744967341423035,-0.07743879407644272,0.959794819355011,0.8488456010818481
2793,93100,RIGHT_ANKLE,0.04983455687761307,0.7323846220970154,0.2699543535709381,0.8582004308700562,0.8918444514274597
2793,93100,LEFT_HEEL,0.26390764117240906,0.8009557723999023,-0.0758947879076004,0.8132154941558838,0.7629829049110413
2793,93100,RIGHT_HEEL,0.0697612315416336,0.7500312924385071,0.2740219831466675,0.80293208360672,0.8400156497955322
2793,93100,LEFT_FOOT_INDEX,0.15710628032684326,0.8144751191139221,-0.3708050847053528,0.9388788342475891,0.7460997700691223
2793,93100,RIGHT_FOOT_INDEX,0.012914612889289856,0.78073650598526,0.07856038957834244,0.8657859563827515,0.8256281018257141
2794,93133,NOSE,-0.0037968410179018974,0.15915606915950775,-0.34828242659568787,0.9991536140441895,0.9901877045631409
2794,93133,LEFT_EYE_INNER,0.0028977245092391968,0.14485763013362885,-0.3991142511367798,0.9991942048072815,0.9933286905288696
2794,93133,LEFT_EYE,0.005508224945515394,0.1449618637561798,-0.39931803941726685,0.9993967413902283,0.9946910738945007
2794,93133,LEFT_EYE_OUTER,0.00896462146192789,0.14488309621810913,-0.3995088040828705,0.9995489716529846,0.9958622455596924
2794,93133,RIGHT_EYE_INNER,0.003379439702257514,0.1448163092136383,-0.3155473470687866,0.9984696507453918,0.9884636998176575
2794,93133,RIGHT_EYE,0.006033733487129211,0.14490285515785217,-0.31549686193466187,0.9983967542648315,0.9867097735404968
2794,93133,RIGHT_EYE_OUTER,0.008262374438345432,0.14462648332118988,-0.31563472747802734,0.9982632994651794,0.9849086999893188
2794,93133,LEFT_EAR,0.03711001202464104,0.14964930713176727,-0.5161453485488892,0.9997164011001587,0.998308539390564
2794,93133,RIGHT_EAR,0.035807933658361435,0.1485120803117752,-0.10423602163791656,0.99769526720047,0.9884155988693237
2794,93133,MOUTH_LEFT,0.01724836975336075,0.1726415604352951,-0.3754180371761322,0.9996740818023682,0.9980738162994385
2794,93133,MOUTH_RIGHT,0.015942076221108437,0.17321981489658356,-0.268860399723053,0.9988399744033813,0.9942039847373962
2794,93133,LEFT_SHOULDER,0.13026130199432373,0.23309093713760376,-0.6927313804626465,0.999976634979248,0.9999041557312012
2794,93133,RIGHT_SHOULDER,0.06709235906600952,0.22590148448944092,0.1751745194196701,0.9983062744140625,0.9927133917808533
2794,93133,LEFT_ELBOW,0.17053063213825226,0.34424182772636414,-0.7616466283798218,0.9966616034507751,0.9988747239112854
2794,93133,RIGHT_ELBOW,0.05822372063994408,0.32492342591285706,0.3404471278190613,0.4659474790096283,0.9853386878967285
2794,93133,LEFT_WRIST,0.10210070013999939,0.44765934348106384,-0.653525173664093,0.9851318597793579,0.997857391834259
2794,93133,RIGHT_WRIST,0.01601109839975834,0.3837939500808716,0.19928503036499023,0.53437739610672,0.9659043550491333
2794,93133,LEFT_PINKY,0.09096789360046387,0.4775090217590332,-0.737156331539154,0.9678605198860168,0.9943698048591614
2794,93133,RIGHT_PINKY,0.0002559907443355769,0.40008485317230225,0.1957169473171234,0.5160620212554932,0.9624095559120178
2794,93133,LEFT_INDEX,0.06402184814214706,0.4757295548915863,-0.7310196161270142,0.9681084156036377,0.9951352477073669
2794,93133,RIGHT_INDEX,0.0019036896992474794,0.39824533462524414,0.11172472685575485,0.5288617610931396,0.9619244337081909
2794,93133,LEFT_THUMB,0.06561625003814697,0.46477222442626953,-0.643537163734436,0.9556012749671936,0.996145486831665
2794,93133,RIGHT_THUMB,-0.004423599690198898,0.39900854229927063,0.15705008804798126,0.5274797677993774,0.962807297706604
2794,93133,LEFT_HIP,0.16214339435100555,0.4473235607147217,-0.22799167037010193,0.998382031917572,0.9947085380554199
2794,93133,RIGHT_HIP,0.0858258306980133,0.43839576840400696,0.22812068462371826,0.995025098323822,0.9621535539627075
2794,93133,LEFT_KNEE,0.18891215324401855,0.6053428053855896,-0.19751490652561188,0.9512882828712463,0.9918158650398254
2794,93133,RIGHT_KNEE,0.0078378114849329,0.5753626823425293,0.2789590060710907,0.8027744293212891,0.937403678894043
2794,93133,LEFT_ANKLE,0.24379493296146393,0.7735869288444519,0.030512172728776932,0.9570846557617188,0.8983243703842163
2794,93133,RIGHT_ANKLE,0.04018537327647209,0.7093858122825623,0.5162585377693176,0.8339832425117493,0.9310871362686157
2794,93133,LEFT_HEEL,0.28314873576164246,0.8017085194587708,0.0358322411775589,0.8057369589805603,0.8321070075035095
2794,93133,RIGHT_HEEL,0.06020768731832504,0.7278726696968079,0.5304168462753296,0.7775028944015503,0.8981350064277649
2794,93133,LEFT_FOOT_INDEX,0.15556395053863525,0.8143696784973145,-0.22579063475131989,0.9341310858726501,0.8418121337890625
2794,93133,RIGHT_FOOT_INDEX,-0.011509225703775883,0.7507451176643372,0.3901180028915405,0.8469452261924744,0.9039191007614136
2795,93167,NOSE,-0.02387855015695095,0.16140058636665344,-0.3771127760410309,0.9982967972755432,0.9767072200775146
2795,93167,LEFT_EYE_INNER,-0.010960404761135578,0.1459377557039261,-0.40396443009376526,0.9985284209251404,0.9862303137779236
2795,93167,LEFT_EYE,-0.007195631507784128,0.1452455073595047,-0.40402910113334656,0.9989156126976013,0.9890986680984497
2795,93167,LEFT_EYE_OUTER,-0.003431753721088171,0.1450171321630478,-0.4041277766227722,0.999189555644989,0.9915273785591125
2795,93167,RIGHT_EYE_INNER,-0.010992609895765781,0.14600114524364471,-0.3405294716358185,0.9972017407417297,0.97624671459198
2795,93167,RIGHT_EYE,-0.00787134189158678,0.14545544981956482,-0.3405038118362427,0.9971708059310913,0.9731893539428711
2795,93167,RIGHT_EYE_OUTER,-0.004974568262696266,0.14480657875537872,-0.3406312167644501,0.9968579411506653,0.9701428413391113
2795,93167,LEFT_EAR,0.029070479795336723,0.1498735398054123,-0.557224690914154,0.9994850754737854,0.9965002536773682
2795,93167,RIGHT_EAR,0.02449805848300457,0.14886513352394104,-0.1492755264043808,0.9956677556037903,0.9763986468315125
2795,93167,MOUTH_LEFT,0.0020134064834564924,0.17272131145000458,-0.3911830186843872,0.9993199706077576,0.9952823519706726
2795,93167,MOUTH_RIGHT,0.0008938385872170329,0.1733136624097824,-0.2909550368785858,0.9975275993347168,0.9862461090087891
2795,93167,LEFT_SHOULDER,0.12296482920646667,0.23201771080493927,-0.7295920848846436,0.9999735355377197,0.999785840511322
2795,93167,RIGHT_SHOULDER,0.06715132296085358,0.22680121660232544,0.17150276899337769,0.9971497654914856,0.9831595420837402
2795,93167,LEFT_ELBOW,0.16426856815814972,0.34468936920166016,-0.8040243983268738,0.9964059591293335,0.9979467988014221
2795,93167,RIGHT_ELBOW,0.06566748023033142,0.3281603753566742,0.32112789154052734,0.42141038179397583,0.9669169783592224
2795,93167,LEFT_WRIST,0.09301761537790298,0.4478095769882202,-0.6977707743644714,0.9851703643798828,0.9966553449630737
2795,93167,RIGHT_WRIST,0.015715913847088814,0.3859487473964691,0.18300281465053558,0.4853716790676117,0.9331611394882202
2795,93167,LEFT_PINKY,0.0822414681315422,0.47814705967903137,-0.7826371788978577,0.9677979946136475,0.9925990104675293
2795,93167,RIGHT_PINKY,0.00038177150418050587,0.40130969882011414,0.1780489832162857,0.4702993929386139,0.9388905763626099
2795,93167,LEFT_INDEX,0.057285916060209274,0.4753159284591675,-0.7707883715629578,0.9678350687026978,0.9933463335037231
2795,93167,RIGHT_INDEX,0.0008862854447215796,0.3985615074634552,0.092374287545681,0.48213791847229004,0.9362804293632507
2795,93167,LEFT_THUMB,0.0608467236161232,0.46447837352752686,-0.6856564283370972,0.9541741013526917,0.9944889545440674
2795,93167,RIGHT_THUMB,-0.004315764177590609,0.39586570858955383,0.1399376392364502,0.48114684224128723,0.9352083802223206
2795,93167,LEFT_HIP,0.1624346822500229,0.4476686716079712,-0.23731878399848938,0.9981520771980286,0.994544506072998
2795,93167,RIGHT_HIP,0.08944026380777359,0.439277321100235,0.23754942417144775,0.9934812784194946,0.9660884737968445
2795,93167,LEFT_KNEE,0.1925964504480362,0.6074543595314026,-0.1480603665113449,0.9508764147758484,0.9939950108528137
2795,93167,RIGHT_KNEE,0.013098682276904583,0.5655794739723206,0.3031105697154999,0.7898893356323242,0.9623664617538452
2795,93167,LEFT_ANKLE,0.25987502932548523,0.7730122208595276,0.11615455895662308,0.9564353823661804,0.9476039409637451
2795,93167,RIGHT_ANKLE,0.0486307255923748,0.6952468752861023,0.6180669665336609,0.8140715956687927,0.9700807332992554
2795,93167,LEFT_HEEL,0.30191370844841003,0.802878201007843,0.12629461288452148,0.8070166707038879,0.9193114042282104
2795,93167,RIGHT_HEEL,0.07041262090206146,0.7145496010780334,0.6410298347473145,0.7575200200080872,0.9568178653717041
2795,93167,LEFT_FOOT_INDEX,0.1670541763305664,0.8142452239990234,-0.12713804841041565,0.9324948787689209,0.9179067015647888
2795,93167,RIGHT_FOOT_INDEX,-0.007699382491409779,0.7350830435752869,0.5072370767593384,0.8333861827850342,0.9585545659065247
2796,93200,NOSE,-0.030573949217796326,0.16228902339935303,-0.3493230640888214,0.997597873210907,0.9414680004119873
2796,93200,LEFT_EYE_INNER,-0.01889781281352043,0.1465764194726944,-0.3955885171890259,0.9979668855667114,0.9573782086372375
2796,93200,LEFT_EYE,-0.015489581041038036,0.1455991566181183,-0.39576196670532227,0.9984830021858215,0.9642563462257385
2796,93200,LEFT_EYE_OUTER,-0.010400020517408848,0.14507751166820526,-0.3959597945213318,0.9988846182823181,0.9701772928237915
2796,93200,RIGHT_EYE_INNER,-0.01825171336531639,0.14664743840694427,-0.3160136640071869,0.9962987899780273,0.9352197647094727
2796,93200,RIGHT_EYE,-0.015324424020946026,0.14578138291835785,-0.31600573658943176,0.9962066411972046,0.9276942014694214
2796,93200,RIGHT_EYE_OUTER,-0.01294612791389227,0.1449531465768814,-0.31617698073387146,0.9959483742713928,0.9204331040382385
2796,93200,LEFT_EAR,0.02093089185655117,0.15011994540691376,-0.5295905470848083,0.9993073344230652,0.9846349358558655
2796,93200,RIGHT_EAR,0.016565944999456406,0.14921018481254578,-0.14636774361133575,0.9944784045219421,0.9315503239631653
2796,93200,MOUTH_LEFT,-0.008029110729694366,0.1730605810880661,-0.38189205527305603,0.9990293979644775,0.9824140667915344
2796,93200,MOUTH_RIGHT,-0.008253311738371849,0.17372389137744904,-0.2757827937602997,0.9967706799507141,0.9577507972717285
2796,93200,LEFT_SHOULDER,0.10542576760053635,0.23132462799549103,-0.7076031565666199,0.9999666213989258,0.998988687992096
2796,93200,RIGHT_SHOULDER,0.0672173798084259,0.22773532569408417,0.16128386557102203,0.995891809463501,0.9620485305786133
2796,93200,LEFT_ELBOW,0.15439607203006744,0.34577643871307373,-0.7788998484611511,0.9961968660354614,0.9963337182998657
2796,93200,RIGHT_ELBOW,0.08734100311994553,0.3390218913555145,0.31260445713996887,0.38160592317581177,0.9627969264984131
2796,93200,LEFT_WRIST,0.08019080013036728,0.44805285334587097,-0.6746084094047546,0.9852101802825928,0.9945988655090332
2796,93200,RIGHT_WRIST,0.034604936838150024,0.3975590467453003,0.1999039500951767,0.4406845271587372,0.9229045510292053
2796,93200,LEFT_PINKY,0.06611558794975281,0.4811936616897583,-0.7573297619819641,0.9678387641906738,0.9865109920501709
2796,93200,RIGHT_PINKY,0.0206583384424448,0.42597058415412903,0.19864974915981293,0.4281380772590637,0.9209997057914734
2796,93200,LEFT_INDEX,0.043799664825201035,0.4756631851196289,-0.7652481198310852,0.9676172733306885,0.9883833527565002
2796,93200,RIGHT_INDEX,0.014179670251905918,0.4248381555080414,0.11916735768318176,0.43900951743125916,0.9182804822921753
2796,93200,LEFT_THUMB,0.047086674720048904,0.46561336517333984,-0.6690142750740051,0.9531680941581726,0.9907259941101074
2796,93200,RIGHT_THUMB,0.01575239561498165,0.4194377362728119,0.16017580032348633,0.4385727643966675,0.9210111498832703
2796,93200,LEFT_HIP,0.1536829024553299,0.4507054090499878,-0.23945268988609314,0.9970851540565491,0.9686608910560608
2796,93200,RIGHT_HIP,0.09674045443534851,0.44702717661857605,0.23966747522354126,0.9899584054946899,0.8606594204902649
2796,93200,LEFT_KNEE,0.19164207577705383,0.6107423305511475,-0.06071736663579941,0.9332779049873352,0.950603723526001
2796,93200,RIGHT_KNEE,0.15078575909137726,0.5925489664077759,0.4235031306743622,0.7423350214958191,0.8255118727684021
2796,93200,LEFT_ANKLE,0.25949594378471375,0.7714059948921204,0.23195943236351013,0.9353836178779602,0.8097226619720459
2796,93200,RIGHT_ANKLE,0.22782863676548004,0.7245232462882996,0.6878970861434937,0.7618741989135742,0.856389045715332
2796,93200,LEFT_HEEL,0.2969491183757782,0.8012651801109314,0.248780757188797,0.7974948287010193,0.7220863103866577
2796,93200,RIGHT_HEEL,0.22737130522727966,0.7222222685813904,0.7076526880264282,0.7242884039878845,0.7804478406906128
2796,93200,LEFT_FOOT_INDEX,0.1649104356765747,0.8134899735450745,0.0447356142103672,0.9091562628746033,0.7650384902954102
2796,93200,RIGHT_FOOT_INDEX,0.14664678275585175,0.7487754821777344,0.5845186710357666,0.7891511917114258,0.8214637637138367
2797,93233,NOSE,-0.03691214323043823,0.1652338206768036,-0.2883915305137634,0.996720552444458,0.9318599700927734
2797,93233,LEFT_EYE_INNER,-0.0250268392264843,0.1492937058210373,-0.3410591185092926,0.9972320795059204,0.951235830783844
2797,93233,LEFT_EYE,-0.021326180547475815,0.1479286402463913,-0.3412952721118927,0.9979291558265686,0.9592910408973694
2797,93233,LEFT_EYE_OUTER,-0.017474934458732605,0.14705492556095123,-0.3415226638317108,0.9984742403030396,0.966293215751648
2797,93233,RIGHT_EYE_INNER,-0.025574535131454468,0.14954255521297455,-0.2586051821708679,0.9950233101844788,0.9279574155807495
2797,93233,RIGHT_EYE,-0.02276465855538845,0.14835713803768158,-0.2585839629173279,0.9948545694351196,0.9201734662055969
2797,93233,RIGHT_EYE_OUTER,-0.020218221470713615,0.14730435609817505,-0.25877320766448975,0.9946513175964355,0.9125752449035645
2797,93233,LEFT_EAR,0.013394824229180813,0.15025147795677185,-0.4826103448867798,0.9990713596343994,0.984014093875885
2797,93233,RIGHT_EAR,0.007280018646270037,0.14938168227672577,-0.10140396654605865,0.9930043816566467,0.9297444224357605
2797,93233,MOUTH_LEFT,-0.01214036624878645,0.17383696138858795,-0.3256610035896301,0.9986494183540344,0.9815690517425537
2797,93233,MOUTH_RIGHT,-0.012878475710749626,0.17422688007354736,-0.21897587180137634,0.9957481026649475,0.9565971493721008
2797,93233,LEFT_SHOULDER,0.09306120127439499,0.22789549827575684,-0.6658220291137695,0.9999569654464722,0.9988247752189636
2797,93233,RIGHT_SHOULDER,0.0643128752708435,0.22808994352817535,0.19421863555908203,0.9947853684425354,0.9611121416091919
2797,93233,LEFT_ELBOW,0.13754324615001678,0.34598788619041443,-0.7286657094955444,0.9955115914344788,0.9923108816146851
2797,93233,RIGHT_ELBOW,0.08185600489377975,0.3390474319458008,0.3381079137325287,0.34580928087234497,0.9451990127563477
2797,93233,LEFT_WRIST,0.07256052643060684,0.4488517940044403,-0.5926104187965393,0.982963502407074,0.985023021697998
2797,93233,RIGHT_WRIST,0.030723415315151215,0.39571085572242737,0.2475629597902298,0.3998422920703888,0.8796490430831909
2797,93233,LEFT_PINKY,0.06198105961084366,0.48189279437065125,-0.6641148924827576,0.9639678597450256,0.9697573781013489
2797,93233,RIGHT_PINKY,0.010087062604725361,0.42238175868988037,0.25007492303848267,0.3895288109779358,0.8831913471221924
2797,93233,LEFT_INDEX,0.042776063084602356,0.47718167304992676,-0.6569334268569946,0.9633212089538574,0.9723787307739258
2797,93233,RIGHT_INDEX,-0.0034802653826773167,0.42003610730171204,0.17591717839241028,0.3995743989944458,0.8794339895248413
2797,93233,LEFT_THUMB,0.04558221623301506,0.46660807728767395,-0.581897497177124,0.9468466639518738,0.976630687713623
2797,93233,RIGHT_THUMB,-0.00036328614805825055,0.4151659309864044,0.2091703712940216,0.39956921339035034,0.8796424269676208
2797,93233,LEFT_HIP,0.15294143557548523,0.4530399739742279,-0.2402351349592209,0.9960287809371948,0.9663139581680298
2797,93233,RIGHT_HIP,0.09727644175291061,0.45140978693962097,0.24038368463516235,0.9866226315498352,0.8340498208999634
2797,93233,LEFT_KNEE,0.19135156273841858,0.6121721863746643,-0.07484166324138641,0.9208071231842041,0.9639875292778015
2797,93233,RIGHT_KNEE,0.1416957974433899,0.596807062625885,0.4061904549598694,0.7075417637825012,0.8460848331451416
2797,93233,LEFT_ANKLE,0.27655619382858276,0.7712624073028564,0.19594325125217438,0.9227443337440491,0.8066564798355103
2797,93233,RIGHT_ANKLE,0.2707418203353882,0.7395601868629456,0.6505827307701111,0.7219928503036499,0.8853474855422974
2797,93233,LEFT_HEEL,0.31898701190948486,0.8006431460380554,0.21021974086761475,0.7889817953109741,0.7096534371376038
2797,93233,RIGHT_HEEL,0.27345433831214905,0.7230461239814758,0.6675586700439453,0.6976094245910645,0.8169255256652832
2797,93233,LEFT_FOOT_INDEX,0.1688954383134842,0.8129351735115051,-0.0017466717399656773,0.8950172662734985,0.7288482785224915
2797,93233,RIGHT_FOOT_INDEX,0.18668262660503387,0.7703728675842285,0.5405115485191345,0.7574663758277893,0.824517011642456
2798,93267,NOSE,-0.0437854640185833,0.16772806644439697,-0.22900547087192535,0.9926653504371643,0.7659270763397217
2798,93267,LEFT_EYE_INNER,-0.028342293575406075,0.15109726786613464,-0.2842693030834198,0.9941089749336243,0.8448581099510193
2798,93267,LEFT_EYE,-0.025903673842549324,0.14991147816181183,-0.28458887338638306,0.9955301880836487,0.86727374792099
2798,93267,LEFT_EYE_OUTER,-0.02356250397861004,0.1492157280445099,-0.28482571244239807,0.9965934157371521,0.8880307078361511
2798,93267,RIGHT_EYE_INNER,-0.026796191930770874,0.15127921104431152,-0.19972370564937592,0.9906550645828247,0.8109220266342163
2798,93267,RIGHT_EYE,-0.024059606716036797,0.150204136967659,-0.1996886134147644,0.9906606674194336,0.8084737658500671
2798,93267,RIGHT_EYE_OUTER,-0.02191741205751896,0.14936275780200958,-0.19995413720607758,0.9905052185058594,0.808510422706604
2798,93267,LEFT_EAR,0.012899015098810196,0.1515756994485855,-0.42189469933509827,0.9980706572532654,0.9492594003677368
2798,93267,RIGHT_EAR,0.005333540961146355,0.14942355453968048,-0.03683822229504585,0.989297091960907,0.8654848337173462
2798,93267,MOUTH_LEFT,-0.020338116213679314,0.1771959662437439,-0.2685061991214752,0.9967546463012695,0.9261811375617981
2798,93267,MOUTH_RIGHT,-0.01796817034482956,0.17786574363708496,-0.15860265493392944,0.9915134310722351,0.8657539486885071
2798,93267,LEFT_SHOULDER,0.07805220782756805,0.22143341600894928,-0.6595314145088196,0.9999353289604187,0.9962945580482483
2798,93267,RIGHT_SHOULDER,0.06376764923334122,0.2243988960981369,0.2427200973033905,0.9929737448692322,0.9270538687705994
2798,93267,LEFT_ELBOW,0.12169907987117767,0.3348435163497925,-0.7157657146453857,0.9929744005203247,0.9723806381225586
2798,93267,RIGHT_ELBOW,0.08242680132389069,0.337678998708725,0.37792083621025085,0.31254860758781433,0.8492674827575684
2798,93267,LEFT_WRIST,0.07883688807487488,0.4471319615840912,-0.5810078382492065,0.9727274775505066,0.9189944267272949
2798,93267,RIGHT_WRIST,0.05000976100564003,0.4056490957736969,0.2805890738964081,0.3617918789386749,0.7148405909538269
2798,93267,LEFT_PINKY,0.0697285532951355,0.48157966136932373,-0.6520869135856628,0.9484681487083435,0.8679836392402649
2798,93267,RIGHT_PINKY,0.03588651120662689,0.4280884265899658,0.2855006456375122,0.3532351553440094,0.7379457950592041
2798,93267,LEFT_INDEX,0.049518976360559464,0.4746605157852173,-0.6383922100067139,0.946604311466217,0.8779069185256958
2798,93267,RIGHT_INDEX,0.023161854594945908,0.42584505677223206,0.20866043865680695,0.36241772770881653,0.7253175973892212
2798,93267,LEFT_THUMB,0.05101543664932251,0.46624627709388733,-0.5688806176185608,0.9245760440826416,0.8860219717025757
2798,93267,RIGHT_THUMB,0.026533635333180428,0.41973063349723816,0.24187536537647247,0.36260923743247986,0.7184740900993347
2798,93267,LEFT_HIP,0.14383381605148315,0.4533815085887909,-0.24890108406543732,0.995460569858551,0.9567658305168152
2798,93267,RIGHT_HIP,0.0969628393650055,0.45207443833351135,0.24911010265350342,0.9845938086509705,0.8234272003173828
2798,93267,LEFT_KNEE,0.19115105271339417,0.6127877831459045,-0.10893262922763824,0.922892689704895,0.9302189946174622
2798,93267,RIGHT_KNEE,0.05190836265683174,0.5831331014633179,0.3146931529045105,0.7012078762054443,0.7588226199150085
2798,93267,LEFT_ANKLE,0.294596791267395,0.7713994383811951,0.09870847314596176,0.9222813844680786,0.5935455560684204
2798,93267,RIGHT_ANKLE,0.12837821245193481,0.7198051810264587,0.6052690148353577,0.7064687013626099,0.8057557344436646
2798,93267,LEFT_HEEL,0.3368071913719177,0.8002779483795166,0.10563860833644867,0.781869649887085,0.5028245449066162
2798,93267,RIGHT_HEEL,0.1514759361743927,0.7265315055847168,0.6195005774497986,0.6823133826255798,0.7411354780197144
2798,93267,LEFT_FOOT_INDEX,0.18677544593811035,0.8150827288627625,-0.09902181476354599,0.8897228240966797,0.5301192998886108
2798,93267,RIGHT_FOOT_INDEX,0.08193239569664001,0.7577899098396301,0.42524880170822144,0.7408151626586914,0.7075470685958862
2799,93300,NOSE,-0.04028909280896187,0.1684257537126541,-0.2276398092508316,0.9890500903129578,0.6870936155319214
2799,93300,LEFT_EYE_INNER,-0.02674659714102745,0.14908547699451447,-0.28432852029800415,0.9906748533248901,0.7932409644126892
2799,93300,LEFT_EYE,-0.02402077428996563,0.14813776314258575,-0.2846572995185852,0.9929994344711304,0.8260117173194885
2799,93300,LEFT_EYE_OUTER,-0.018332714214920998,0.14739298820495605,-0.2849254906177521,0.9946163296699524,0.8566900491714478
2799,93300,RIGHT_EYE_INNER,-0.02679624781012535,0.14926216006278992,-0.19997712969779968,0.9854241013526917,0.7399729490280151
2799,93300,RIGHT_EYE,-0.024676959961652756,0.14848464727401733,-0.19990131258964539,0.9854983687400818,0.7313417792320251
2799,93300,RIGHT_EYE_OUTER,-0.02309899963438511,0.14802071452140808,-0.20015916228294373,0.9854362607002258,0.7296043634414673
2799,93300,LEFT_EAR,0.01134510152041912,0.14931733906269073,-0.42279455065727234,0.9970596432685852,0.9332035779953003
2799,93300,RIGHT_EAR,0.004208817612379789,0.14785580337047577,-0.03960550203919411,0.9833002090454102,0.7893884181976318
2799,93300,MOUTH_LEFT,-0.021278653293848038,0.17654664814472198,-0.2682833671569824,0.9951257705688477,0.8984623551368713
2799,93300,MOUTH_RIGHT,-0.020219460129737854,0.18018044531345367,-0.15810070931911469,0.987679123878479,0.8178873658180237
2799,93300,LEFT_SHOULDER,0.07697366178035736,0.21628117561340332,-0.6450359225273132,0.9999265670776367,0.9978772401809692
2799,93300,RIGHT_SHOULDER,0.06298359483480453,0.22193986177444458,0.2361249178647995,0.9920041561126709,0.945112407207489
2799,93300,LEFT_ELBOW,0.1197633147239685,0.33333536982536316,-0.7138370275497437,0.9913424849510193,0.9891253709793091
2799,93300,RIGHT_ELBOW,0.09020373970270157,0.33873772621154785,0.3601478338241577,0.282667338848114,0.9063386917114258
2799,93300,LEFT_WRIST,0.07754944264888763,0.44726499915122986,-0.5828609466552734,0.9676153659820557,0.9668780565261841
2799,93300,RIGHT_WRIST,0.06104700639843941,0.4288029372692108,0.23516270518302917,0.3280103802680969,0.8034805059432983
2799,93300,LEFT_PINKY,0.07416898757219315,0.4836854636669159,-0.6544963717460632,0.9409002661705017,0.9352232813835144
2799,93300,RIGHT_PINKY,0.06129545718431473,0.46312451362609863,0.2338571697473526,0.3211583197116852,0.8136401772499084
2799,93300,LEFT_INDEX,0.054170336574316025,0.47957101464271545,-0.6431543827056885,0.9382650852203369,0.9391313791275024
2799,93300,RIGHT_INDEX,0.05137042701244354,0.4631160795688629,0.1528446525335312,0.32956528663635254,0.7963932156562805
2799,93300,LEFT_THUMB,0.05451013147830963,0.4678058922290802,-0.571457028388977,0.9126402735710144,0.9467610716819763
2799,93300,RIGHT_THUMB,0.05582024157047272,0.45332369208335876,0.19460180401802063,0.3299528956413269,0.7971369624137878
2799,93300,LEFT_HIP,0.13649411499500275,0.4536125957965851,-0.24784070253372192,0.9953374266624451,0.9750112891197205
2799,93300,RIGHT_HIP,0.09264322370290756,0.45227447152137756,0.24801862239837646,0.9840518832206726,0.857913076877594
2799,93300,LEFT_KNEE,0.1908416599035263,0.6132575273513794,-0.13989631831645966,0.927480936050415,0.9738345742225647
2799,93300,RIGHT_KNEE,0.05340256541967392,0.5877810120582581,0.3069155216217041,0.7050941586494446,0.8588659167289734
2799,93300,LEFT_ANKLE,0.3176659047603607,0.7716301083564758,0.012865598313510418,0.9266131520271301,0.8123931288719177
2799,93300,RIGHT_ANKLE,0.12555836141109467,0.7199757695198059,0.5453589558601379,0.7099876999855042,0.8752535581588745
2799,93300,LEFT_HEEL,0.36411428451538086,0.8002538681030273,0.015119323506951332,0.7855433821678162,0.715914249420166
2799,93300,RIGHT_HEEL,0.15065743029117584,0.7320781350135803,0.5629151463508606,0.6792896389961243,0.8122307658195496
2799,93300,LEFT_FOOT_INDEX,0.21896204352378845,0.8195318579673767,-0.2305617481470108,0.8939980864524841,0.6661902070045471
2799,93300,RIGHT_FOOT_INDEX,0.0806097686290741,0.7598723769187927,0.38767921924591064,0.7434647083282471,0.7478243112564087
2800,93333,NOSE,-0.03487268462777138,0.16591748595237732,-0.17543891072273254,0.9869430065155029,0.7246102094650269
2800,93333,LEFT_EYE_INNER,-0.021163713186979294,0.1470588594675064,-0.23080232739448547,0.9888908863067627,0.8148623108863831
2800,93333,LEFT_EYE,-0.01861495152115822,0.1460333913564682,-0.23108480870723724,0.9916016459465027,0.8417564630508423
2800,93333,LEFT_EYE_OUTER,-0.015062077902257442,0.1452421396970749,-0.23133614659309387,0.9935643076896667,0.8661072254180908
2800,93333,RIGHT_EYE_INNER,-0.020938588306307793,0.1472625732421875,-0.14567963778972626,0.9826568365097046,0.7740966081619263
2800,93333,RIGHT_EYE,-0.018735023215413094,0.14643040299415588,-0.1456276923418045,0.9824835062026978,0.7668843865394592
2800,93333,RIGHT_EYE_OUTER,-0.016998663544654846,0.1458604484796524,-0.14585328102111816,0.983062744140625,0.7626082897186279
2800,93333,LEFT_EAR,0.0124135697260499,0.1466764211654663,-0.3755161464214325,0.9964206218719482,0.9297695755958557
2800,93333,RIGHT_EAR,0.007327157538384199,0.14576531946659088,0.010934075340628624,0.9808814525604248,0.8110021352767944
2800,93333,MOUTH_LEFT,-0.014900999143719673,0.1743556410074234,-0.21898262202739716,0.9939733147621155,0.9023981094360352
2800,93333,MOUTH_RIGHT,-0.014109754003584385,0.176554337143898,-0.10789842903614044,0.9857430458068848,0.8373813033103943
2800,93333,LEFT_SHOULDER,0.08007106930017471,0.2149720937013626,-0.6091911196708679,0.9999107718467712,0.996340811252594
2800,93333,RIGHT_SHOULDER,0.0636153593659401,0.22050857543945312,0.2778935134410858,0.9914696216583252,0.9532344341278076
2800,93333,LEFT_ELBOW,0.1169918030500412,0.33358585834503174,-0.7064804434776306,0.9897078275680542,0.983417809009552
2800,93333,RIGHT_ELBOW,0.0881836861371994,0.3421878516674042,0.3883439004421234,0.25626781582832336,0.9221787452697754
2800,93333,LEFT_WRIST,0.07923998683691025,0.44733166694641113,-0.5890631079673767,0.9600858688354492,0.9478780627250671
2800,93333,RIGHT_WRIST,0.059540703892707825,0.42922234535217285,0.26723712682724,0.2977015972137451,0.8333041667938232
2800,93333,LEFT_PINKY,0.07649628818035126,0.48414871096611023,-0.6624388098716736,0.9303884506225586,0.9072881937026978
2800,93333,RIGHT_PINKY,0.05489201098680496,0.46138039231300354,0.27181413769721985,0.292416512966156,0.8427912592887878
2800,93333,LEFT_INDEX,0.05601527541875839,0.48266294598579407,-0.6510575413703918,0.9272273182868958,0.9080197811126709
2800,93333,RIGHT_INDEX,0.04583212360739708,0.4611479938030243,0.19214554131031036,0.3001251220703125,0.8287850022315979
2800,93333,LEFT_THUMB,0.05613051727414131,0.46932253241539,-0.5789369344711304,0.8979372382164001,0.9165002703666687
2800,93333,RIGHT_THUMB,0.050436511635780334,0.45218586921691895,0.2276766002178192,0.3007079064846039,0.8291042447090149
2800,93333,LEFT_HIP,0.11912556737661362,0.45428767800331116,-0.2570337951183319,0.994835376739502,0.963119387626648
2800,93333,RIGHT_HIP,0.08810748159885406,0.4535084068775177,0.2571732997894287,0.9832335114479065,0.8429856896400452
2800,93333,LEFT_KNEE,0.16127221286296844,0.6148189902305603,-0.19928468763828278,0.9262017011642456,0.9665148854255676
2800,93333,RIGHT_KNEE,0.10475126653909683,0.6013480424880981,0.3132692575454712,0.6829902529716492,0.8681643009185791
2800,93333,LEFT_ANKLE,0.32258594036102295,0.7706746459007263,-0.051155172288417816,0.9276315569877625,0.8886194229125977
2800,93333,RIGHT_ANKLE,0.2687525153160095,0.7393412590026855,0.5354955792427063,0.6902105808258057,0.9144533276557922
2800,93333,LEFT_HEEL,0.37372803688049316,0.7915744781494141,-0.0465494841337204,0.7938172221183777,0.8319889307022095
2800,93333,RIGHT_HEEL,0.25282415747642517,0.7513871192932129,0.5496234893798828,0.665947675704956,0.8591806888580322
2800,93333,LEFT_FOOT_INDEX,0.2364596426486969,0.8226799964904785,-0.2619097828865051,0.8957288265228271,0.7836329340934753
2800,93333,RIGHT_FOOT_INDEX,0.1862664371728897,0.7919323444366455,0.3769988715648651,0.7298353910446167,0.8104488849639893
2801,93367,NOSE,-0.03305302932858467,0.15326888859272003,-0.19501395523548126,0.9810901880264282,0.4644736051559448
2801,93367,LEFT_EYE_INNER,-0.01637035422027111,0.1367712765932083,-0.2520290017127991,0.9839802384376526,0.6080700755119324
2801,93367,LEFT_EYE,-0.013969526626169682,0.13608917593955994,-0.2523559331893921,0.9878147840499878,0.6575407981872559
2801,93367,LEFT_EYE_OUTER,-0.011229343712329865,0.13563506305217743,-0.25263458490371704,0.9905763268470764,0.7115363478660583
2801,93367,RIGHT_EYE_INNER,-0.016074666753411293,0.1371041089296341,-0.1614869087934494,0.9744710326194763,0.5467662215232849
2801,93367,RIGHT_EYE,-0.013962035067379475,0.13668613135814667,-0.1614248901605606,0.9738349914550781,0.539414644241333
2801,93367,RIGHT_EYE_OUTER,-0.012336178682744503,0.13647617399692535,-0.16170094907283783,0.9750659465789795,0.5452814698219299
2801,93367,LEFT_EAR,0.01523753721266985,0.13923102617263794,-0.39721477031707764,0.9947808980941772,0.8486579060554504
2801,93367,RIGHT_EAR,0.01217680238187313,0.14061598479747772,0.011126533150672913,0.9718555212020874,0.6291834115982056
2801,93367,MOUTH_LEFT,-0.01273441780358553,0.1640932410955429,-0.24080723524093628,0.9918158054351807,0.8009227514266968
2801,93367,MOUTH_RIGHT,-0.011274024844169617,0.1646033078432083,-0.12235487997531891,0.9807573556900024,0.6824769377708435
2801,93367,LEFT_SHOULDER,0.08046901971101761,0.20940999686717987,-0.6215452551841736,0.9998915791511536,0.9954518675804138
2801,93367,RIGHT_SHOULDER,0.06738895922899246,0.2160843014717102,0.2781212627887726,0.9904731512069702,0.9289619326591492
2801,93367,LEFT_ELBOW,0.11726563423871994,0.32998940348625183,-0.7457056641578674,0.9866161346435547,0.9716044068336487
2801,93367,RIGHT_ELBOW,0.08828932791948318,0.34175804257392883,0.3776099383831024,0.23230166733264923,0.8792409896850586
2801,93367,LEFT_WRIST,0.08642178773880005,0.444606214761734,-0.6395379304885864,0.9506767392158508,0.9102597832679749
2801,93367,RIGHT_WRIST,0.06458567827939987,0.4269450008869171,0.23850394785404205,0.2701919674873352,0.737116277217865
2801,93367,LEFT_PINKY,0.08428722620010376,0.48013976216316223,-0.7226991653442383,0.9179136157035828,0.8510801792144775
2801,93367,RIGHT_PINKY,0.05943833291530609,0.4587833881378174,0.236051544547081,0.2662801444530487,0.7417661547660828
2801,93367,LEFT_INDEX,0.06222877651453018,0.4799567759037018,-0.7030047178268433,0.9141246676445007,0.853306233882904
2801,93367,RIGHT_INDEX,0.05281224474310875,0.4580051004886627,0.1557159274816513,0.27335500717163086,0.7291855216026306
2801,93367,LEFT_THUMB,0.06233822926878929,0.46583274006843567,-0.6280800700187683,0.8805005550384521,0.8684374094009399
2801,93367,RIGHT_THUMB,0.05708330124616623,0.44871604442596436,0.1983075737953186,0.2742404341697693,0.7281635999679565
2801,93367,LEFT_HIP,0.12068338692188263,0.4550321102142334,-0.26971399784088135,0.9944118857383728,0.9511052966117859
2801,93367,RIGHT_HIP,0.08015714585781097,0.45388540625572205,0.2697579264640808,0.9823261499404907,0.7949272990226746
2801,93367,LEFT_KNEE,0.1496136337518692,0.6197513341903687,-0.2366064339876175,0.9301725625991821,0.9491937756538391
2801,93367,RIGHT_KNEE,0.07971194386482239,0.6037325859069824,0.3368067741394043,0.6869388222694397,0.7550065517425537
2801,93367,LEFT_ANKLE,0.3281186521053314,0.7646653652191162,-0.030009053647518158,0.9320710301399231,0.8330239653587341
2801,93367,RIGHT_ANKLE,0.22452959418296814,0.7354965209960938,0.605880856513977,0.6910231113433838,0.8910573124885559
2801,93367,LEFT_HEEL,0.3777211606502533,0.7782356142997742,-0.035625871270895004,0.8045370578765869,0.7741415500640869
2801,93367,RIGHT_HEEL,0.2368953824043274,0.7474169135093689,0.6229503750801086,0.6673976182937622,0.8436033725738525
2801,93367,LEFT_FOOT_INDEX,0.2759782671928406,0.8228440284729004,-0.2489428073167801,0.9012977480888367,0.7169577479362488
2801,93367,RIGHT_FOOT_INDEX,0.16997884213924408,0.7893258929252625,0.46205687522888184,0.7311301827430725,0.7673915028572083
2802,93400,NOSE,-0.02948860637843609,0.14045505225658417,-0.20420458912849426,0.979779064655304,0.7075535655021667
2802,93400,LEFT_EYE_INNER,-0.011737949214875698,0.12724177539348602,-0.25959792733192444,0.9826873540878296,0.8116432428359985
2802,93400,LEFT_EYE,-0.010794179514050484,0.12743887305259705,-0.2599101662635803,0.986855149269104,0.8470190167427063
2802,93400,LEFT_EYE_OUTER,-0.010752154514193535,0.1278139352798462,-0.26017263531684875,0.9897852540016174,0.8762021064758301
2802,93400,RIGHT_EYE_INNER,-0.010260943323373795,0.12732158601284027,-0.17171932756900787,0.9719297885894775,0.7524375915527344
2802,93400,RIGHT_EYE,-0.008377522230148315,0.12744097411632538,-0.1716492474079132,0.9713420271873474,0.7403346300125122
2802,93400,RIGHT_EYE_OUTER,-0.007138170301914215,0.12765435874462128,-0.17188987135887146,0.9727623462677002,0.734865128993988
2802,93400,LEFT_EAR,0.02984362468123436,0.13433407247066498,-0.399732381105423,0.9942434430122375,0.9437401294708252
2802,93400,RIGHT_EAR,0.015212743543088436,0.13574694097042084,-0.0017754505388438702,0.9687792658805847,0.7847859859466553
2802,93400,MOUTH_LEFT,-0.010494541376829147,0.15498395264148712,-0.24823740124702454,0.991203248500824,0.9120935201644897
2802,93400,MOUTH_RIGHT,-0.01035664975643158,0.1547873169183731,-0.13366825878620148,0.9793115854263306,0.8335610032081604
2802,93400,LEFT_SHOULDER,0.08797912299633026,0.2089015394449234,-0.6105518341064453,0.9998875856399536,0.9984769225120544
2802,93400,RIGHT_SHOULDER,0.06618203222751617,0.21351872384548187,0.2532762289047241,0.9903502464294434,0.9577173590660095
2802,93400,LEFT_ELBOW,0.12640903890132904,0.3293658494949341,-0.7319030165672302,0.9855946898460388,0.9919888377189636
2802,93400,RIGHT_ELBOW,0.08675570785999298,0.3368055522441864,0.3693084120750427,0.21079759299755096,0.9178778529167175
2802,93400,LEFT_WRIST,0.08823076635599136,0.44482481479644775,-0.6385032534599304,0.9478499293327332,0.97882080078125
2802,93400,RIGHT_WRIST,0.07600686699151993,0.428146094083786,0.23092417418956757,0.24594484269618988,0.8156785368919373
2802,93400,LEFT_PINKY,0.10975398123264313,0.48037436604499817,-0.7207744121551514,0.9136462211608887,0.9536526203155518
2802,93400,RIGHT_PINKY,0.07629450410604477,0.4611663818359375,0.2229047417640686,0.2435486763715744,0.8138917684555054
2802,93400,LEFT_INDEX,0.07510985434055328,0.4816301167011261,-0.7041664123535156,0.9094763994216919,0.9555656313896179
2802,93400,RIGHT_INDEX,0.07428295165300369,0.4622372090816498,0.14727981388568878,0.25010165572166443,0.7994126677513123
2802,93400,LEFT_THUMB,0.08052574098110199,0.4707799255847931,-0.6277695298194885,0.8743782639503479,0.9630374312400818
2802,93400,RIGHT_THUMB,0.07677847892045975,0.45158782601356506,0.19111959636211395,0.25120028853416443,0.8001385927200317
2802,93400,LEFT_HIP,0.11187085509300232,0.45465734601020813,-0.2645931839942932,0.9947075247764587,0.9888986945152283
2802,93400,RIGHT_HIP,0.05411588028073311,0.4536467492580414,0.26464152336120605,0.9832849502563477,0.9316851496696472
2802,93400,LEFT_KNEE,0.12028051912784576,0.6229997277259827,-0.28400737047195435,0.9346727728843689,0.9790059924125671
2802,93400,RIGHT_KNEE,0.012796682305634022,0.6036222577095032,0.30984020233154297,0.6875949501991272,0.8639795184135437
2802,93400,LEFT_ANKLE,0.32622450590133667,0.7543925642967224,-0.07527508586645126,0.9363992810249329,0.9086875319480896
2802,93400,RIGHT_ANKLE,0.04407541826367378,0.7366721630096436,0.5678074955940247,0.6942368745803833,0.8951513171195984
2802,93400,LEFT_HEEL,0.37523654103279114,0.763019323348999,-0.06831676512956619,0.8142581582069397,0.8691833019256592
2802,93400,RIGHT_HEEL,0.06847815960645676,0.7495052814483643,0.5727927088737488,0.6648377180099487,0.8517280220985413
2802,93400,LEFT_FOOT_INDEX,0.302446186542511,0.8225643634796143,-0.2952393591403961,0.9063256978988647,0.8044334650039673
2802,93400,RIGHT_FOOT_INDEX,0.07632970809936523,0.7925571799278259,0.3914393186569214,0.7329038381576538,0.7743671536445618
2803,93433,NOSE,-0.022375954315066338,0.1336846798658371,-0.20235183835029602,0.9812936782836914,0.980370044708252
2803,93433,LEFT_EYE_INNER,-0.004458529409021139,0.12001337856054306,-0.260509729385376,0.9838088750839233,0.984946608543396
2803,93433,LEFT_EYE,-0.003610203042626381,0.12005448341369629,-0.26072895526885986,0.9876850247383118,0.9876226186752319
2803,93433,LEFT_EYE_OUTER,-0.004399938974529505,0.1203087568283081,-0.26091763377189636,0.9904438257217407,0.9897679686546326
2803,93433,RIGHT_EYE_INNER,-0.003040447598323226,0.12021731585264206,-0.17015142738819122,0.9737758040428162,0.9789490103721619
2803,93433,RIGHT_EYE,-0.0010884300572797656,0.12023350596427917,-0.17008361220359802,0.9730823040008545,0.9762937426567078
2803,93433,RIGHT_EYE_OUTER,7.862706843297929e-05,0.12036508321762085,-0.17029249668121338,0.974502682685852,0.9744787216186523
2803,93433,LEFT_EAR,0.030759047716856003,0.1281343549489975,-0.4060756266117096,0.9945653080940247,0.9944853186607361
2803,93433,RIGHT_EAR,0.023074623197317123,0.12788157165050507,-0.0019862521439790726,0.9703404903411865,0.9766518473625183
2803,93433,MOUTH_LEFT,-0.007034925743937492,0.1474490910768509,-0.24830329418182373,0.9917154908180237,0.9937474727630615
2803,93433,MOUTH_RIGHT,-0.006560779642313719,0.1473507136106491,-0.1309545934200287,0.9806255102157593,0.9873729348182678
2803,93433,LEFT_SHOULDER,0.09336577355861664,0.20621417462825775,-0.626078188419342,0.9998968243598938,0.9998927116394043
2803,93433,RIGHT_SHOULDER,0.07878566533327103,0.21123124659061432,0.2752067446708679,0.991146445274353,0.9976440072059631
2803,93433,LEFT_ELBOW,0.13310562074184418,0.3276974558830261,-0.7759639620780945,0.9864979982376099,0.999554455280304
2803,93433,RIGHT_ELBOW,0.10432370752096176,0.33081796765327454,0.3866562247276306,0.19270096719264984,0.9970654845237732
2803,93433,LEFT_WRIST,0.11817476153373718,0.44794169068336487,-0.7561678290367126,0.9518887996673584,0.9991076588630676
2803,93433,RIGHT_WRIST,0.0869191363453865,0.42869964241981506,0.25824862718582153,0.22759142518043518,0.9884786009788513
2803,93433,LEFT_PINKY,0.13219402730464935,0.48061254620552063,-0.851356565952301,0.9200111627578735,0.9975690245628357
2803,93433,RIGHT_PINKY,0.09342657029628754,0.46322834491729736,0.26551419496536255,0.22678978741168976,0.9855973124504089
2803,93433,LEFT_INDEX,0.1007818877696991,0.48292434215545654,-0.8299490809440613,0.9161345362663269,0.9977253079414368
2803,93433,RIGHT_INDEX,0.08971042186021805,0.4660111665725708,0.1790054887533188,0.23299750685691833,0.9840611815452576
2803,93433,LEFT_THUMB,0.1021871417760849,0.4719791114330292,-0.7439901828765869,0.8827499747276306,0.9982119798660278
2803,93433,RIGHT_THUMB,0.08817330747842789,0.458380788564682,0.21738356351852417,0.23454780876636505,0.9853524565696716
2803,93433,LEFT_HIP,0.1132502630352974,0.45035114884376526,-0.27394527196884155,0.9951339364051819,0.9988885521888733
2803,93433,RIGHT_HIP,0.0613282211124897,0.4479531943798065,0.2740400433540344,0.984756588935852,0.9957222938537598
2803,93433,LEFT_KNEE,0.09787172079086304,0.62225741147995,-0.3133610188961029,0.938298761844635,0.9979903697967529
2803,93433,RIGHT_KNEE,0.017401203513145447,0.6074536442756653,0.30078694224357605,0.6748979091644287,0.9916496276855469
2803,93433,LEFT_ANKLE,0.319192111492157,0.7512392997741699,-0.16937440633773804,0.9409201741218567,0.9968113303184509
2803,93433,RIGHT_ANKLE,0.0495482012629509,0.7656495571136475,0.45313653349876404,0.7003719210624695,0.9929774403572083
2803,93433,LEFT_HEEL,0.3654947578907013,0.7559807896614075,-0.16358008980751038,0.8280912637710571,0.9949861764907837
2803,93433,RIGHT_HEEL,0.07746203243732452,0.7915725111961365,0.45345979928970337,0.6725530624389648,0.9864615797996521
2803,93433,LEFT_FOOT_INDEX,0.29576757550239563,0.8260488510131836,-0.34580034017562866,0.9132431745529175,0.9914847016334534
2803,93433,RIGHT_FOOT_INDEX,0.03185952454805374,0.8131027221679688,0.29144179821014404,0.7409870028495789,0.9813686609268188
2804,93467,NOSE,0.024229921400547028,0.13512058556079865,-0.023800283670425415,0.9831119775772095,0.9983750581741333
2804,93467,LEFT_EYE_INNER,0.027275998145341873,0.12225135415792465,-0.08127890527248383,0.9853666424751282,0.99843829870224
2804,93467,LEFT_EYE,0.02502194419503212,0.12225774675607681,-0.08137953281402588,0.9888644814491272,0.9985461235046387
2804,93467,LEFT_EYE_OUTER,0.02134467102587223,0.12238156050443649,-0.0814179927110672,0.9913508296012878,0.9986129999160767
2804,93467,RIGHT_EYE_INNER,0.03390394151210785,0.1219753548502922,0.004292574245482683,0.9763211011886597,0.9983037710189819
2804,93467,RIGHT_EYE,0.03916749358177185,0.12171896547079086,0.004317596089094877,0.9756864905357361,0.9981968998908997
2804,93467,RIGHT_EYE_OUTER,0.0424877293407917,0.12159889191389084,0.004095497075468302,0.9769678711891174,0.9980764389038086
2804,93467,LEFT_EAR,0.035383742302656174,0.12889768183231354,-0.2558577060699463,0.9950690865516663,0.9991389513015747
2804,93467,RIGHT_EAR,0.06223904341459274,0.12819555401802063,0.12558762729167938,0.973179042339325,0.9983031749725342
2804,93467,MOUTH_LEFT,0.025675620883703232,0.14747343957424164,-0.08233229070901871,0.9924792647361755,0.9986427426338196
2804,93467,MOUTH_RIGHT,0.03177361562848091,0.1475110948085785,0.027893109247088432,0.9824633598327637,0.9982238411903381
2804,93467,LEFT_SHOULDER,0.09517887979745865,0.206428661942482,-0.5394934415817261,0.9999041557312012,0.9998158812522888
2804,93467,RIGHT_SHOULDER,0.11003784090280533,0.20842160284519196,0.3651335835456848,0.9919573068618774,0.9992507100105286
2804,93467,LEFT_ELBOW,0.1355753093957901,0.32869669795036316,-0.6948143243789673,0.9867154955863953,0.9992390871047974
2804,93467,RIGHT_ELBOW,0.12147990614175797,0.3264255225658417,0.4351727068424225,0.17764981091022491,0.9983080625534058
2804,93467,LEFT_WRIST,0.14134322106838226,0.4474211037158966,-0.6464316844940186,0.9531623125076294,0.9989563226699829
2804,93467,RIGHT_WRIST,0.0989987924695015,0.4266040623188019,0.30844584107398987,0.2109690010547638,0.9963183403015137
2804,93467,LEFT_PINKY,0.16151730716228485,0.4805753231048584,-0.71477210521698,0.9216943979263306,0.9978029131889343
2804,93467,RIGHT_PINKY,0.08768344670534134,0.46127083897590637,0.3262898027896881,0.21134425699710846,0.9951900243759155
2804,93467,LEFT_INDEX,0.14008507132530212,0.48294925689697266,-0.6944162845611572,0.9178109169006348,0.9977091550827026
2804,93467,RIGHT_INDEX,0.08293955773115158,0.4620058834552765,0.24782194197177887,0.21707795560359955,0.9949125051498413
2804,93467,LEFT_THUMB,0.13397322595119476,0.46859192848205566,-0.6355006098747253,0.8842994570732117,0.9982484579086304
2804,93467,RIGHT_THUMB,0.0855470523238182,0.4555946886539459,0.2698722779750824,0.21877069771289825,0.9955093860626221
2804,93467,LEFT_HIP,0.11517156660556793,0.448045939207077,-0.2797563970088959,0.9955514073371887,0.9991102814674377
2804,93467,RIGHT_HIP,0.09470568597316742,0.44467678666114807,0.27962207794189453,0.9861860871315002,0.9989131689071655
2804,93467,LEFT_KNEE,0.08606613427400589,0.6203525066375732,-0.3194728195667267,0.9434733986854553,0.9992722868919373
2804,93467,RIGHT_KNEE,0.03056493028998375,0.6073087453842163,0.28043943643569946,0.6835393309593201,0.9990359544754028
2804,93467,LEFT_ANKLE,0.3149443566799164,0.7452401518821716,-0.22875875234603882,0.9461809396743774,0.9990604519844055
2804,93467,RIGHT_ANKLE,0.053742364048957825,0.7788998484611511,0.37344688177108765,0.7195314764976501,0.9988916516304016
2804,93467,LEFT_HEEL,0.3594653904438019,0.7503228783607483,-0.22697444260120392,0.8437709808349609,0.9983371496200562
2804,93467,RIGHT_HEEL,0.08384519815444946,0.8071319460868835,0.3709057569503784,0.6909053325653076,0.9972883462905884
2804,93467,LEFT_FOOT_INDEX,0.2751421630382538,0.8250029683113098,-0.3919360339641571,0.920825719833374,0.9972003698348999
2804,93467,RIGHT_FOOT_INDEX,-0.028259877115488052,0.806823194026947,0.22531245648860931,0.7569010853767395,0.9960320591926575
2805,93500,NOSE,0.04792195186018944,0.1336873471736908,-0.04642919450998306,0.9847411513328552,0.9976664781570435
2805,93500,LEFT_EYE_INNER,0.05169639736413956,0.1217736005783081,-0.10235366970300674,0.9867597818374634,0.9979749321937561
2805,93500,LEFT_EYE,0.05024696886539459,0.12191276997327805,-0.10250221937894821,0.989919126033783,0.9981918931007385
2805,93500,LEFT_EYE_OUTER,0.04767818748950958,0.12213605642318726,-0.10260353982448578,0.9921660423278809,0.9983128309249878
2805,93500,RIGHT_EYE_INNER,0.05751745402812958,0.12109317630529404,-0.015930870547890663,0.9786047339439392,0.9977019429206848
2805,93500,RIGHT_EYE,0.06141415610909462,0.12079838663339615,-0.015880273655056953,0.978014349937439,0.9975814819335938
2805,93500,RIGHT_EYE_OUTER,0.06433621793985367,0.120647132396698,-0.01607671007514,0.979177713394165,0.9974645376205444
2805,93500,LEFT_EAR,0.05673378333449364,0.12881629168987274,-0.2571037709712982,0.9955251216888428,0.9990090131759644
2805,93500,RIGHT_EAR,0.08502299338579178,0.127447709441185,0.12828940153121948,0.9757161736488342,0.9980218410491943
2805,93500,MOUTH_LEFT,0.050392452627420425,0.14497141540050507,-0.09629026800394058,0.9931568503379822,0.9982370138168335
2805,93500,MOUTH_RIGHT,0.05466680973768234,0.14474345743656158,0.015107359737157822,0.9840995669364929,0.997687578201294
2805,93500,LEFT_SHOULDER,0.10771758109331131,0.20677219331264496,-0.5180851817131042,0.9999104142189026,0.9998210072517395
2805,93500,RIGHT_SHOULDER,0.12167126685380936,0.20716702938079834,0.38518762588500977,0.9926904439926147,0.9993295669555664
2805,93500,LEFT_ELBOW,0.15392905473709106,0.3270384669303894,-0.6611121296882629,0.9870104789733887,0.9991955161094666
2805,93500,RIGHT_ELBOW,0.13768167793750763,0.3257436156272888,0.4779537320137024,0.16222549974918365,0.9982749223709106
2805,93500,LEFT_WRIST,0.1806899458169937,0.4470565617084503,-0.587651789188385,0.9532355666160583,0.998454213142395
2805,93500,RIGHT_WRIST,0.12069497257471085,0.4233058989048004,0.35725733637809753,0.19352637231349945,0.9952183365821838
2805,93500,LEFT_PINKY,0.19747446477413177,0.4782654941082001,-0.6496936082839966,0.9217295050621033,0.9968445301055908
2805,93500,RIGHT_PINKY,0.11241021752357483,0.46038544178009033,0.37589600682258606,0.19496597349643707,0.9937275648117065
2805,93500,LEFT_INDEX,0.18749845027923584,0.48122596740722656,-0.635676383972168,0.9176861047744751,0.9966501593589783
2805,93500,RIGHT_INDEX,0.10722537338733673,0.45994052290916443,0.29837584495544434,0.20026761293411255,0.9934072494506836
2805,93500,LEFT_THUMB,0.1750400811433792,0.4685904085636139,-0.5775311589241028,0.8834940195083618,0.9974244832992554
2805,93500,RIGHT_THUMB,0.11060237139463425,0.45476534962654114,0.31922614574432373,0.20205415785312653,0.9942429661750793
2805,93500,LEFT_HIP,0.12064514309167862,0.4437474310398102,-0.27887967228889465,0.9959516525268555,0.9994803071022034
2805,93500,RIGHT_HIP,0.11425721645355225,0.44148585200309753,0.27877601981163025,0.9875116944313049,0.9993507266044617
2805,93500,LEFT_KNEE,0.08551055938005447,0.6174339056015015,-0.34845462441444397,0.9482786059379578,0.9993770718574524
2805,93500,RIGHT_KNEE,0.061515819281339645,0.6074579358100891,0.22756870090961456,0.6902821660041809,0.9993101358413696
2805,93500,LEFT_ANKLE,0.2942228317260742,0.7402766346931458,-0.2708551287651062,0.9510096311569214,0.9994702935218811
2805,93500,RIGHT_ANKLE,0.07510995119810104,0.7834243774414062,0.30654773116111755,0.7384383082389832,0.9991562366485596
2805,93500,LEFT_HEEL,0.3543548882007599,0.7460496425628662,-0.2688332498073578,0.8580679893493652,0.9990656971931458
2805,93500,RIGHT_HEEL,0.10268094390630722,0.820016086101532,0.3018299639225006,0.7092378735542297,0.997878909111023
2805,93500,LEFT_FOOT_INDEX,0.27354100346565247,0.8237736225128174,-0.41888871788978577,0.927939236164093,0.9980555772781372
2805,93500,RIGHT_FOOT_INDEX,-0.02615508995950222,0.8136773705482483,0.15632082521915436,0.7734261751174927,0.9962563514709473
2806,93533,NOSE,0.07576394081115723,0.1301308572292328,-0.001997510902583599,0.9862487316131592,0.9995138645172119
2806,93533,LEFT_EYE_INNER,0.07973068952560425,0.1188686266541481,-0.06062310189008713,0.9880615472793579,0.9995187520980835
2806,93533,LEFT_EYE,0.07842260599136353,0.11919219046831131,-0.060726098716259,0.990908682346344,0.9995824694633484
2806,93533,LEFT_EYE_OUTER,0.07629403471946716,0.11948894709348679,-0.060799598693847656,0.992933452129364,0.9996147155761719
2806,93533,RIGHT_EYE_INNER,0.08579154312610626,0.11787494271993637,0.026938917115330696,0.9807159304618835,0.9993919134140015
2806,93533,RIGHT_EYE,0.0893348976969719,0.11760595440864563,0.027015550062060356,0.9801782965660095,0.9993237257003784
2806,93533,RIGHT_EYE_OUTER,0.09233834594488144,0.11735814064741135,0.026867467910051346,0.981225311756134,0.9992382526397705
2806,93533,LEFT_EAR,0.0833640992641449,0.1272938996553421,-0.2292008101940155,0.9959594011306763,0.999785840511322
2806,93533,RIGHT_EAR,0.11313177645206451,0.12483290582895279,0.15897388756275177,0.9780914783477783,0.9993686079978943
2806,93533,MOUTH_LEFT,0.07809842377901077,0.1424923688173294,-0.05768508091568947,0.9938164353370667,0.9996535778045654
2806,93533,MOUTH_RIGHT,0.08689044415950775,0.14176112413406372,0.054691657423973083,0.9856483340263367,0.9994733929634094
2806,93533,LEFT_SHOULDER,0.12388430535793304,0.2051360011100769,-0.5174660086631775,0.9999185800552368,0.9999649524688721
2806,93533,RIGHT_SHOULDER,0.15272434055805206,0.20591820776462555,0.4240231215953827,0.9933784008026123,0.9997127652168274
2806,93533,LEFT_ELBOW,0.17611955106258392,0.32474949955940247,-0.6563677787780762,0.9876947402954102,0.9998171925544739
2806,93533,RIGHT_ELBOW,0.17497338354587555,0.3229787051677704,0.5315457582473755,0.1490880697965622,0.9992848038673401
2806,93533,LEFT_WRIST,0.20836755633354187,0.44551944732666016,-0.572127640247345,0.9550739526748657,0.9996484518051147
2806,93533,RIGHT_WRIST,0.16273541748523712,0.41943904757499695,0.42849406599998474,0.17951476573944092,0.9982666969299316
2806,93533,LEFT_PINKY,0.2181035429239273,0.47741785645484924,-0.63565993309021,0.9243909120559692,0.9991705417633057
2806,93533,RIGHT_PINKY,0.15571758151054382,0.4514939785003662,0.4562397003173828,0.18245503306388855,0.9976291060447693
2806,93533,LEFT_INDEX,0.21236763894557953,0.48049235343933105,-0.6208804249763489,0.9203982353210449,0.9991100430488586
2806,93533,RIGHT_INDEX,0.1490577608346939,0.45271801948547363,0.3778111934661865,0.18742789328098297,0.9974719882011414
2806,93533,LEFT_THUMB,0.20654092729091644,0.46861183643341064,-0.5607821941375732,0.886730432510376,0.999345600605011
2806,93533,RIGHT_THUMB,0.1517932415008545,0.4450407326221466,0.3913304805755615,0.1891947090625763,0.9978531002998352
2806,93533,LEFT_HIP,0.14963333308696747,0.4436444342136383,-0.2965376675128937,0.9963377714157104,0.9998871088027954
2806,93533,RIGHT_HIP,0.1577398031949997,0.4409979283809662,0.29630210995674133,0.9887213110923767,0.9997687935829163
2806,93533,LEFT_KNEE,0.09448493272066116,0.6140754818916321,-0.3408937454223633,0.9525429606437683,0.9998329877853394
2806,93533,RIGHT_KNEE,0.0880572497844696,0.6071311235427856,0.2983761131763458,0.6816710829734802,0.9996111989021301
2806,93533,LEFT_ANKLE,0.2776016891002655,0.7429036498069763,-0.26503050327301025,0.9553565382957458,0.9997442364692688
2806,93533,RIGHT_ANKLE,0.10875061899423599,0.7810580730438232,0.34684133529663086,0.7474038600921631,0.9995079040527344
2806,93533,LEFT_HEEL,0.34861981868743896,0.7501876950263977,-0.26135531067848206,0.8712364435195923,0.9995111227035522
2806,93533,RIGHT_HEEL,0.13751888275146484,0.814446747303009,0.35948479175567627,0.7203922867774963,0.9988687634468079
2806,93533,LEFT_FOOT_INDEX,0.24411307275295258,0.8234978318214417,-0.3865114748477936,0.9342493414878845,0.998976469039917
2806,93533,RIGHT_FOOT_INDEX,0.0029354365542531013,0.8186600208282471,0.27093765139579773,0.7820245027542114,0.998306393623352
2807,93567,NOSE,0.0985490083694458,0.12770526111125946,-0.05027712509036064,0.9875784516334534,0.9987435936927795
2807,93567,LEFT_EYE_INNER,0.10313379019498825,0.11623098701238632,-0.10665706545114517,0.9892069101333618,0.9988821148872375
2807,93567,LEFT_EYE,0.10254527628421783,0.11665686219930649,-0.10679347068071365,0.9917788505554199,0.9990066885948181
2807,93567,LEFT_EYE_OUTER,0.10125170648097992,0.11707761883735657,-0.10688674449920654,0.9936082363128662,0.9990629553794861
2807,93567,RIGHT_EYE_INNER,0.107888363301754,0.11531564593315125,-0.015908708795905113,0.9825863838195801,0.9988164901733398
2807,93567,RIGHT_EYE,0.11117848008871078,0.1151813194155693,-0.01581869088113308,0.9820929169654846,0.9988073110580444
2807,93567,RIGHT_EYE_OUTER,0.11395646631717682,0.11506196111440659,-0.015953989699482918,0.9830441474914551,0.9987607002258301
2807,93567,LEFT_EAR,0.11339759081602097,0.12558962404727936,-0.25534766912460327,0.9963397979736328,0.9995013475418091
2807,93567,RIGHT_EAR,0.13588276505470276,0.12268376350402832,0.14915761351585388,0.9802090525627136,0.9992068409919739
2807,93567,MOUTH_LEFT,0.10606100410223007,0.14083094894886017,-0.09782738983631134,0.9943749904632568,0.9992175102233887
2807,93567,MOUTH_RIGHT,0.11070805042982101,0.14011092483997345,0.019201137125492096,0.9869949817657471,0.9990494847297668
2807,93567,LEFT_SHOULDER,0.15172673761844635,0.20351219177246094,-0.5204966068267822,0.9999248385429382,0.999884843826294
2807,93567,RIGHT_SHOULDER,0.1846262663602829,0.20356614887714386,0.4383181929588318,0.9939660429954529,0.9997051358222961
2807,93567,LEFT_ELBOW,0.18210196495056152,0.3250047564506531,-0.6334524750709534,0.9876075983047485,0.9992283582687378
2807,93567,RIGHT_ELBOW,0.21261921525001526,0.3238856792449951,0.5401145219802856,0.13682517409324646,0.9990148544311523
2807,93567,LEFT_WRIST,0.22831203043460846,0.4446311891078949,-0.5048443675041199,0.9525274634361267,0.9979116320610046
2807,93567,RIGHT_WRIST,0.2023225575685501,0.419362336397171,0.42530158162117004,0.16531188786029816,0.9971010088920593
2807,93567,LEFT_PINKY,0.23308531939983368,0.4757364094257355,-0.562477707862854,0.9215196967124939,0.9963349103927612
2807,93567,RIGHT_PINKY,0.19804589450359344,0.4507305920124054,0.4499669671058655,0.1690930873155594,0.9960221648216248
2807,93567,LEFT_INDEX,0.22616931796073914,0.47900697588920593,-0.5481163859367371,0.9170929789543152,0.9961386322975159
2807,93567,RIGHT_INDEX,0.18853648006916046,0.45247694849967957,0.376384973526001,0.17368127405643463,0.9958969354629517
2807,93567,LEFT_THUMB,0.21948207914829254,0.46840211749076843,-0.4932974874973297,0.8818349242210388,0.9967303276062012
2807,93567,RIGHT_THUMB,0.19050931930541992,0.44447508454322815,0.3889470398426056,0.17551404237747192,0.9963131546974182
2807,93567,LEFT_HIP,0.1889251470565796,0.44403865933418274,-0.30469346046447754,0.9966643452644348,0.9998036026954651
2807,93567,RIGHT_HIP,0.19679729640483856,0.44127169251441956,0.30455735325813293,0.9897597432136536,0.9996696710586548
2807,93567,LEFT_KNEE,0.10020645707845688,0.6064453125,-0.35518109798431396,0.9557198286056519,0.999460756778717
2807,93567,RIGHT_KNEE,0.11687041074037552,0.6066839098930359,0.25971415638923645,0.6672878861427307,0.9990013241767883
2807,93567,LEFT_ANKLE,0.23558872938156128,0.7482226490974426,-0.24983955919742584,0.9587907791137695,0.9989637136459351
2807,93567,RIGHT_ANKLE,0.1759970486164093,0.777853786945343,0.36967936158180237,0.744798481464386,0.9988687634468079
2807,93567,LEFT_HEEL,0.29698604345321655,0.7622433304786682,-0.24491792917251587,0.8812158703804016,0.998157799243927
2807,93567,RIGHT_HEEL,0.21314305067062378,0.8059000372886658,0.37554123997688293,0.7236753106117249,0.9976391792297363
2807,93567,LEFT_FOOT_INDEX,0.14784257113933563,0.8269963264465332,-0.38129857182502747,0.9394082427024841,0.9969395399093628
2807,93567,RIGHT_FOOT_INDEX,0.03476949781179428,0.8256406188011169,0.2758658826351166,0.7846739292144775,0.9963870048522949
2808,93600,NOSE,0.12452215701341629,0.12775056064128876,-0.07613617926836014,0.9887950420379639,0.9991400241851807
2808,93600,LEFT_EYE_INNER,0.12789954245090485,0.11568444967269897,-0.13229529559612274,0.9902593493461609,0.999138355255127
2808,93600,LEFT_EYE,0.12769891321659088,0.11596246808767319,-0.1324300915002823,0.9925788640975952,0.9992228746414185
2808,93600,LEFT_EYE_OUTER,0.12685862183570862,0.11627355962991714,-0.13255427777767181,0.9942295551300049,0.9992544054985046
2808,93600,RIGHT_EYE_INNER,0.13100162148475647,0.11481072753667831,-0.04321502894163132,0.9842960238456726,0.9990997314453125
2808,93600,RIGHT_EYE,0.13350816071033478,0.11455908417701721,-0.043122339993715286,0.9838476181030273,0.9990925788879395
2808,93600,RIGHT_EYE_OUTER,0.13568992912769318,0.11434730142354965,-0.0432363785803318,0.9847093224525452,0.9990413784980774
2808,93600,LEFT_EAR,0.13872766494750977,0.1235726997256279,-0.27225738763809204,0.9966927170753479,0.9995829463005066
2808,93600,RIGHT_EAR,0.15464448928833008,0.12089798599481583,0.123401939868927,0.9821491241455078,0.9993903636932373
2808,93600,MOUTH_LEFT,0.1304999589920044,0.1402217149734497,-0.11961693316698074,0.994904637336731,0.9993917942047119
2808,93600,MOUTH_RIGHT,0.13264262676239014,0.1394503265619278,-0.004958086647093296,0.988244891166687,0.9992538094520569
2808,93600,LEFT_SHOULDER,0.18607404828071594,0.20246034860610962,-0.5173593163490295,0.9999306201934814,0.9998955726623535
2808,93600,RIGHT_SHOULDER,0.2049965262413025,0.20270496606826782,0.4098508358001709,0.9945019483566284,0.9997363686561584
2808,93600,LEFT_ELBOW,0.22871480882167816,0.3255358040332794,-0.5995453000068665,0.9876425266265869,0.9993526339530945
2808,93600,RIGHT_ELBOW,0.22786466777324677,0.32441845536231995,0.5002288222312927,0.1273723989725113,0.9992567896842957
2808,93600,LEFT_WRIST,0.2630927264690399,0.44441211223602295,-0.46396541595458984,0.9499955773353577,0.9976049661636353
2808,93600,RIGHT_WRIST,0.23448488116264343,0.4261738061904907,0.3807385265827179,0.15412242710590363,0.9977478384971619
2808,93600,LEFT_PINKY,0.26729851961135864,0.4746946394443512,-0.5202882289886475,0.9182703495025635,0.9955937266349792
2808,93600,RIGHT_PINKY,0.23166213929653168,0.4519922733306885,0.4000924229621887,0.15879814326763153,0.9967740178108215
2808,93600,LEFT_INDEX,0.2615564167499542,0.47909823060035706,-0.5087998509407043,0.913522481918335,0.9954881072044373
2808,93600,RIGHT_INDEX,0.22734597325325012,0.45648252964019775,0.3272283673286438,0.16306735575199127,0.9966478943824768
2808,93600,LEFT_THUMB,0.2601168155670166,0.4670921564102173,-0.45323097705841064,0.8776395320892334,0.9960558414459229
2808,93600,RIGHT_THUMB,0.22846084833145142,0.4471447765827179,0.3448818624019623,0.16486988961696625,0.9969532489776611
2808,93600,LEFT_HIP,0.21022363007068634,0.44432350993156433,-0.3025383949279785,0.99693363904953,0.9996771812438965
2808,93600,RIGHT_HIP,0.21359620988368988,0.44111526012420654,0.30244892835617065,0.9906118512153625,0.9993500113487244
2808,93600,LEFT_KNEE,0.1021767407655716,0.603735625743866,-0.33634623885154724,0.9564892649650574,0.9992169141769409
2808,93600,RIGHT_KNEE,0.1640172153711319,0.6055812835693359,0.2859683036804199,0.6345795392990112,0.9982417821884155
2808,93600,LEFT_ANKLE,0.22237803041934967,0.7754355072975159,-0.2173813134431839,0.9606593251228333,0.9979154467582703
2808,93600,RIGHT_ANKLE,0.22174875438213348,0.7738850712776184,0.38250815868377686,0.7217949032783508,0.997613787651062
2808,93600,LEFT_HEEL,0.26946547627449036,0.8015871644020081,-0.2126753032207489,0.8881029486656189,0.9960371851921082
2808,93600,RIGHT_HEEL,0.25727710127830505,0.8021037578582764,0.3839975893497467,0.7126460075378418,0.9951950907707214
2808,93600,LEFT_FOOT_INDEX,0.1086384579539299,0.8341401219367981,-0.3647143840789795,0.9427053332328796,0.9948593378067017
2808,93600,RIGHT_FOOT_INDEX,0.10285079479217529,0.8223421573638916,0.3137677311897278,0.772514820098877,0.9944384098052979
2809,93633,NOSE,0.1482325941324234,0.12751176953315735,-0.08255067467689514,0.989895761013031,0.9992129802703857
2809,93633,LEFT_EYE_INNER,0.15193051099777222,0.11524614691734314,-0.13824626803398132,0.9912112355232239,0.99920254945755
2809,93633,LEFT_EYE,0.1527119278907776,0.11548124998807907,-0.13837461173534393,0.9933026432991028,0.999291181564331
2809,93633,LEFT_EYE_OUTER,0.15273764729499817,0.11578106135129929,-0.13850855827331543,0.9947916269302368,0.9993281364440918
2809,93633,RIGHT_EYE_INNER,0.15379324555397034,0.11429301649332047,-0.04987942427396774,0.9858400225639343,0.9990906715393066
2809,93633,RIGHT_EYE,0.15590904653072357,0.11396735906600952,-0.04977878928184509,0.9854322671890259,0.9990501999855042
2809,93633,RIGHT_EYE_OUTER,0.15906760096549988,0.11361989378929138,-0.049873992800712585,0.9862110614776611,0.9989796280860901
2809,93633,LEFT_EAR,0.1667572408914566,0.12298782914876938,-0.27381861209869385,0.99701327085495,0.9996232986450195
2809,93633,RIGHT_EAR,0.17967098951339722,0.12011279910802841,0.11736016720533371,0.983898937702179,0.999305248260498
2809,93633,MOUTH_LEFT,0.15579445660114288,0.1399712860584259,-0.12441135197877884,0.9953896999359131,0.9993799924850464
2809,93633,MOUTH_RIGHT,0.15652567148208618,0.13912874460220337,-0.01097593642771244,0.9893798232078552,0.999150276184082
2809,93633,LEFT_SHOULDER,0.2171574831008911,0.20147140324115753,-0.5127831101417542,0.9999361634254456,0.9999115467071533
2809,93633,RIGHT_SHOULDER,0.22368119657039642,0.20289979875087738,0.39950206875801086,0.9949814081192017,0.9996504783630371
2809,93633,LEFT_ELBOW,0.26553231477737427,0.32515817880630493,-0.5904662013053894,0.9880528450012207,0.9995259046554565
2809,93633,RIGHT_ELBOW,0.25439807772636414,0.32358264923095703,0.48634517192840576,0.11950288712978363,0.9990980625152588
2809,93633,LEFT_WRIST,0.2999177575111389,0.443733811378479,-0.4587441384792328,0.950405478477478,0.9985419511795044
2809,93633,RIGHT_WRIST,0.25914233922958374,0.4300030767917633,0.36332330107688904,0.14449048042297363,0.996733546257019
2809,93633,LEFT_PINKY,0.30680856108665466,0.4733794927597046,-0.5191121101379395,0.9187762141227722,0.9970399737358093
2809,93633,RIGHT_PINKY,0.24597801268100739,0.456575483083725,0.37900295853614807,0.15002380311489105,0.9954232573509216
2809,93633,LEFT_INDEX,0.3049071431159973,0.477353572845459,-0.5082992315292358,0.9139026999473572,0.99696284532547
2809,93633,RIGHT_INDEX,0.24320738017559052,0.45855244994163513,0.30446356534957886,0.1540420800447464,0.9952061772346497
2809,93633,LEFT_THUMB,0.2954613268375397,0.4654799699783325,-0.4482786953449249,0.8785042762756348,0.9974426031112671
2809,93633,RIGHT_THUMB,0.24425165355205536,0.44818592071533203,0.3267439007759094,0.15593783557415009,0.9955958724021912
2809,93633,LEFT_HIP,0.2401760071516037,0.44452965259552,-0.29833555221557617,0.9971710443496704,0.999643087387085
2809,93633,RIGHT_HIP,0.23505143821239471,0.44132208824157715,0.29827752709388733,0.9913727641105652,0.9992223978042603
2809,93633,LEFT_KNEE,0.13490399718284607,0.6030259728431702,-0.32849442958831787,0.9574137330055237,0.9988232254981995
2809,93633,RIGHT_KNEE,0.20635561645030975,0.6080218553543091,0.2940286099910736,0.6022512316703796,0.9972208738327026
2809,93633,LEFT_ANKLE,0.22959546744823456,0.7860093116760254,-0.20059527456760406,0.9616488218307495,0.9969615340232849
2809,93633,RIGHT_ANKLE,0.24088972806930542,0.7828138470649719,0.39533236622810364,0.698483943939209,0.9952384233474731
2809,93633,LEFT_HEEL,0.2750552296638489,0.8169035315513611,-0.19506601989269257,0.893549919128418,0.9941652417182922
2809,93633,RIGHT_HEEL,0.27983924746513367,0.8156105875968933,0.3989199995994568,0.6996026635169983,0.9902419447898865
2809,93633,LEFT_FOOT_INDEX,0.12299519032239914,0.8428835272789001,-0.3605416417121887,0.9447773098945618,0.9922609925270081
2809,93633,RIGHT_FOOT_INDEX,0.13231690227985382,0.830374002456665,0.31218042969703674,0.7568619251251221,0.9885511994361877
2810,93667,NOSE,0.17457935214042664,0.12492454797029495,-0.10812190920114517,0.9908775687217712,0.9990087151527405
2810,93667,LEFT_EYE_INNER,0.17878764867782593,0.1128619834780693,-0.16280218958854675,0.9920521974563599,0.9988980293273926
2810,93667,LEFT_EYE,0.17918770015239716,0.11315114051103592,-0.16266046464443207,0.9939420819282532,0.998984158039093
2810,93667,LEFT_EYE_OUTER,0.17903316020965576,0.1134902611374855,-0.16272325813770294,0.9952849745750427,0.9990063309669495
2810,93667,RIGHT_EYE_INNER,0.18147635459899902,0.11179400235414505,-0.07695946842432022,0.9872150421142578,0.998865008354187
2810,93667,RIGHT_EYE,0.18400874733924866,0.1114562526345253,-0.07683781534433365,0.9868456125259399,0.9988272786140442
2810,93667,RIGHT_EYE_OUTER,0.1863895207643509,0.11113899946212769,-0.07713836431503296,0.9875498414039612,0.9988032579421997
2810,93667,LEFT_EAR,0.1932113617658615,0.12084562331438065,-0.27837032079696655,0.9972941875457764,0.9993708729743958
2810,93667,RIGHT_EAR,0.2057027816772461,0.11794418841600418,0.0970800593495369,0.9854686856269836,0.9990782737731934
2810,93667,MOUTH_LEFT,0.18235939741134644,0.13786639273166656,-0.14061133563518524,0.9958193302154541,0.9991233944892883
2810,93667,MOUTH_RIGHT,0.18347491323947906,0.13694731891155243,-0.03330139443278313,0.9904029965400696,0.9990063309669495
2810,93667,LEFT_SHOULDER,0.24438753724098206,0.201687291264534,-0.5192153453826904,0.9999367594718933,0.9997709393501282
2810,93667,RIGHT_SHOULDER,0.24480681121349335,0.202636256814003,0.3984484374523163,0.9954084157943726,0.9996774196624756
2810,93667,LEFT_ELBOW,0.29310929775238037,0.32540231943130493,-0.6120293736457825,0.9886071681976318,0.9991337656974792
2810,93667,RIGHT_ELBOW,0.2677838206291199,0.3239678144454956,0.47802677750587463,0.11103129386901855,0.998877227306366
2810,93667,LEFT_WRIST,0.32471412420272827,0.44372498989105225,-0.4846901595592499,0.9523175954818726,0.9990122318267822
2810,93667,RIGHT_WRIST,0.27130696177482605,0.42907190322875977,0.3526475429534912,0.13449324667453766,0.9983956217765808
2810,93667,LEFT_PINKY,0.3301747739315033,0.47322502732276917,-0.5463700890541077,0.9215819239616394,0.9984838366508484
2810,93667,RIGHT_PINKY,0.26834073662757874,0.4561336040496826,0.3668169379234314,0.14053033292293549,0.9982091188430786
2810,93667,LEFT_INDEX,0.32142525911331177,0.4770019054412842,-0.5418511033058167,0.9165414571762085,0.9986240863800049
2810,93667,RIGHT_INDEX,0.26543793082237244,0.45745301246643066,0.2916293442249298,0.14440657198429108,0.9982219338417053
2810,93667,LEFT_THUMB,0.31872960925102234,0.4656108319759369,-0.4769601821899414,0.8826584815979004,0.9987335801124573
2810,93667,RIGHT_THUMB,0.2683984637260437,0.44771504402160645,0.31608304381370544,0.14640657603740692,0.9983624815940857
2810,93667,LEFT_HIP,0.2615225315093994,0.44537314772605896,-0.29307103157043457,0.9972884654998779,0.9994857311248779
2810,93667,RIGHT_HIP,0.2736646234989166,0.44160380959510803,0.2933078110218048,0.9920381903648376,0.9992852807044983
2810,93667,LEFT_KNEE,0.13897404074668884,0.6019354462623596,-0.31282320618629456,0.9612746238708496,0.99924635887146
2810,93667,RIGHT_KNEE,0.2736574113368988,0.612716794013977,0.29428812861442566,0.6052234768867493,0.9990365505218506
2810,93667,LEFT_ANKLE,0.21774521470069885,0.7859435677528381,-0.19905057549476624,0.9639837145805359,0.9969958066940308
2810,93667,RIGHT_ANKLE,0.29188451170921326,0.7943613529205322,0.4015374183654785,0.7140148878097534,0.9957127571105957
2810,93667,LEFT_HEEL,0.2469508796930313,0.8137390613555908,-0.19460172951221466,0.901853084564209,0.994491457939148
2810,93667,RIGHT_HEEL,0.3343041241168976,0.8281410336494446,0.40235525369644165,0.7175593376159668,0.9887017011642456
2810,93667,LEFT_FOOT_INDEX,0.097681924700737,0.841025173664093,-0.32603904604911804,0.9476996660232544,0.9932409524917603
2810,93667,RIGHT_FOOT_INDEX,0.16893458366394043,0.827671229839325,0.2860288619995117,0.7679151892662048,0.9880099892616272
2811,93700,NOSE,0.20534026622772217,0.12463729828596115,-0.10414993017911911,0.9917798042297363,0.9997313618659973
2811,93700,LEFT_EYE_INNER,0.20874157547950745,0.11252766102552414,-0.1561296582221985,0.9928302764892578,0.9996305704116821
2811,93700,LEFT_EYE,0.20898737013339996,0.11280512064695358,-0.15610083937644958,0.9945349097251892,0.9996528625488281
2811,93700,LEFT_EYE_OUTER,0.2087298035621643,0.11315044015645981,-0.15614038705825806,0.9957452416419983,0.9996585845947266
2811,93700,RIGHT_EYE_INNER,0.21111081540584564,0.11151150614023209,-0.07022952288389206,0.9884758591651917,0.9996304512023926
2811,93700,RIGHT_EYE,0.2133687287569046,0.11118587106466293,-0.07012718170881271,0.9881419539451599,0.9996248483657837
2811,93700,RIGHT_EYE_OUTER,0.2153458148241043,0.1109137162566185,-0.07036872208118439,0.9887770414352417,0.9996204376220703
2811,93700,LEFT_EAR,0.22131936252117157,0.12036588788032532,-0.2658236622810364,0.9975563883781433,0.9997854828834534
2811,93700,RIGHT_EAR,0.23340502381324768,0.11767884343862534,0.11071088910102844,0.9868994355201721,0.9997251629829407
2811,93700,MOUTH_LEFT,0.21640078723430634,0.1373034417629242,-0.13589318096637726,0.9962278604507446,0.999854326248169
2811,93700,MOUTH_RIGHT,0.21387585997581482,0.13652552664279938,-0.027256110683083534,0.9913475513458252,0.9998206496238708
2811,93700,LEFT_SHOULDER,0.2693054974079132,0.2009093016386032,-0.49630746245384216,0.9999421834945679,0.999962568283081
2811,93700,RIGHT_SHOULDER,0.2597190737724304,0.2030404955148697,0.41468366980552673,0.9958415031433105,0.99992835521698
2811,93700,LEFT_ELBOW,0.32115814089775085,0.32491639256477356,-0.609896719455719,0.9893577098846436,0.9997932314872742
2811,93700,RIGHT_ELBOW,0.2602362334728241,0.3266181945800781,0.5379468202590942,0.1107763797044754,0.9997808337211609
2811,93700,LEFT_WRIST,0.3559775948524475,0.44368651509284973,-0.5743439197540283,0.955814003944397,0.9996966123580933
2811,93700,RIGHT_WRIST,0.23020590841770172,0.4263676106929779,0.3934478163719177,0.1433422863483429,0.9995965361595154
2811,93700,LEFT_PINKY,0.3653300404548645,0.47141507267951965,-0.6494148969650269,0.9270814061164856,0.9994146823883057
2811,93700,RIGHT_PINKY,0.22468741238117218,0.45096567273139954,0.4009042978286743,0.14975623786449432,0.9993632435798645
2811,93700,LEFT_INDEX,0.36065831780433655,0.47625282406806946,-0.6666113138198853,0.9222623705863953,0.9994816184043884
2811,93700,RIGHT_INDEX,0.23229867219924927,0.4520113170146942,0.3170401453971863,0.15464337170124054,0.9993877410888672
2811,93700,LEFT_THUMB,0.3505437970161438,0.4647122621536255,-0.57719886302948,0.8904651999473572,0.9995916485786438
2811,93700,RIGHT_THUMB,0.22353672981262207,0.44516995549201965,0.35210177302360535,0.1573740839958191,0.9995201826095581
2811,93700,LEFT_HIP,0.28477054834365845,0.44918692111968994,-0.2920146584510803,0.9974667429924011,0.999617338180542
2811,93700,RIGHT_HIP,0.301002562046051,0.4454178810119629,0.29214972257614136,0.9926811456680298,0.9995019435882568
2811,93700,LEFT_KNEE,0.16864940524101257,0.6021854281425476,-0.2978041172027588,0.9641091227531433,0.9998063445091248
2811,93700,RIGHT_KNEE,0.30211007595062256,0.6195383667945862,0.299489825963974,0.6074917912483215,0.9996830224990845
2811,93700,LEFT_ANKLE,0.17505516111850739,0.7965342998504639,-0.19168242812156677,0.9664788246154785,0.998802900314331
2811,93700,RIGHT_ANKLE,0.35166725516319275,0.8016970753669739,0.3947190046310425,0.7253569960594177,0.9988992214202881
2811,93700,LEFT_HEEL,0.21570788323879242,0.828090488910675,-0.18983471393585205,0.9087809920310974,0.9972413778305054
2811,93700,RIGHT_HEEL,0.38960540294647217,0.8350820541381836,0.3909692168235779,0.7306301593780518,0.9970951080322266
2811,93700,LEFT_FOOT_INDEX,0.0569152794778347,0.8395087718963623,-0.37016499042510986,0.9510748386383057,0.9966945648193359
2811,93700,RIGHT_FOOT_INDEX,0.21413516998291016,0.8302133083343506,0.25633448362350464,0.7770163416862488,0.9967976212501526
2812,93733,NOSE,0.2279089242219925,0.12449880689382553,-0.08565441519021988,0.9925887584686279,0.9996652603149414
2812,93733,LEFT_EYE_INNER,0.23015780746936798,0.11190692335367203,-0.13793641328811646,0.9935259222984314,0.9995397329330444
2812,93733,LEFT_EYE,0.22997336089611053,0.1121717020869255,-0.13802781701087952,0.9950647354125977,0.9995703101158142
2812,93733,LEFT_EYE_OUTER,0.2293080985546112,0.11253277212381363,-0.1380530297756195,0.9961568713188171,0.9995788931846619
2812,93733,RIGHT_EYE_INNER,0.23389650881290436,0.11080118268728256,-0.0497671440243721,0.9896049499511719,0.9995231628417969
2812,93733,RIGHT_EYE,0.2367265373468399,0.11039029806852341,-0.04969087988138199,0.989302396774292,0.9995161294937134
2812,93733,RIGHT_EYE_OUTER,0.23927584290504456,0.1100766733288765,-0.049876868724823,0.9898759126663208,0.9995015859603882
2812,93733,LEFT_EAR,0.24152860045433044,0.11936306953430176,-0.2602027356624603,0.9977889060974121,0.9997244477272034
2812,93733,RIGHT_EAR,0.25866827368736267,0.1163114383816719,0.12532268464565277,0.9881722331047058,0.9996280670166016
2812,93733,MOUTH_LEFT,0.2399720847606659,0.13710923492908478,-0.12267117202281952,0.9965920448303223,0.9997984766960144
2812,93733,MOUTH_RIGHT,0.24221019446849823,0.13619737327098846,-0.010770796798169613,0.9921889305114746,0.9997318387031555
2812,93733,LEFT_SHOULDER,0.3005320131778717,0.20072688162326813,-0.4926627576351166,0.9999470114707947,0.9999568462371826
2812,93733,RIGHT_SHOULDER,0.2793319523334503,0.20345361530780792,0.41619226336479187,0.9962183833122253,0.9998564720153809
2812,93733,LEFT_ELBOW,0.348046213388443,0.32494333386421204,-0.6170242428779602,0.9899386763572693,0.99982750415802
2812,93733,RIGHT_ELBOW,0.271751344203949,0.3278351426124573,0.5336313247680664,0.11207056790590286,0.9997460246086121
2812,93733,LEFT_WRIST,0.3811640441417694,0.44531574845314026,-0.6185792088508606,0.958863377571106,0.9997240900993347
2812,93733,RIGHT_WRIST,0.21933519840240479,0.41964295506477356,0.39285099506378174,0.1554516702890396,0.9995477795600891
2812,93733,LEFT_PINKY,0.39100444316864014,0.4745255410671234,-0.6968011260032654,0.9317957758903503,0.9993817806243896
2812,93733,RIGHT_PINKY,0.2098451554775238,0.4445183575153351,0.4004453420639038,0.16165949404239655,0.9992188215255737
2812,93733,LEFT_INDEX,0.3804309070110321,0.4784195125102997,-0.7087828516960144,0.9271185994148254,0.9994414448738098
2812,93733,RIGHT_INDEX,0.20957861840724945,0.44641196727752686,0.3145924210548401,0.1675671935081482,0.999238133430481
2812,93733,LEFT_THUMB,0.3754548728466034,0.4663862884044647,-0.6195173859596252,0.8970395922660828,0.9995879530906677
2812,93733,RIGHT_THUMB,0.20752884447574615,0.4404107332229614,0.35007569193840027,0.17144843935966492,0.9994155168533325
2812,93733,LEFT_HIP,0.30325090885162354,0.4504576027393341,-0.28889116644859314,0.9976022839546204,0.9993605017662048
2812,93733,RIGHT_HIP,0.3066181242465973,0.44695350527763367,0.2890409529209137,0.9931696653366089,0.9989683628082275
2812,93733,LEFT_KNEE,0.20008601248264313,0.608318030834198,-0.2702902555465698,0.9637658596038818,0.9996832609176636
2812,93733,RIGHT_KNEE,0.324075847864151,0.6228640079498291,0.29933398962020874,0.5990769863128662,0.9994698166847229
2812,93733,LEFT_ANKLE,0.1616923213005066,0.8026931285858154,-0.18827806413173676,0.9677746295928955,0.9984606504440308
2812,93733,RIGHT_ANKLE,0.38666173815727234,0.8016393780708313,0.3795686364173889,0.723802924156189,0.9987418055534363
2812,93733,LEFT_HEEL,0.181828111410141,0.835444986820221,-0.18493223190307617,0.9134095907211304,0.996385931968689
2812,93733,RIGHT_HEEL,0.42775899171829224,0.8348080515861511,0.37571072578430176,0.7330468893051147,0.9969894289970398
2812,93733,LEFT_FOOT_INDEX,0.049049362540245056,0.8384292125701904,-0.3731063902378082,0.9525541067123413,0.9960513710975647
2812,93733,RIGHT_FOOT_INDEX,0.24879881739616394,0.8318440318107605,0.24309572577476501,0.7751916646957397,0.9969643950462341
2813,93767,NOSE,0.25022557377815247,0.12452145665884018,-0.0787418931722641,0.9933264255523682,0.9998753070831299
2813,93767,LEFT_EYE_INNER,0.25463396310806274,0.1112496480345726,-0.1323360949754715,0.9941673874855042,0.9997913241386414
2813,93767,LEFT_EYE,0.25526201725006104,0.11136177182197571,-0.13244590163230896,0.9955536127090454,0.9998025298118591
2813,93767,LEFT_EYE_OUTER,0.25531741976737976,0.11160395294427872,-0.13244903087615967,0.9965373873710632,0.9998001456260681
2813,93767,RIGHT_EYE_INNER,0.25575414299964905,0.11033317446708679,-0.0426267609000206,0.9906379580497742,0.9997900128364563
2813,93767,RIGHT_EYE,0.2576359510421753,0.10990174859762192,-0.04256679490208626,0.9903648495674133,0.9997859597206116
2813,93767,RIGHT_EYE_OUTER,0.2591800093650818,0.10959810018539429,-0.042745549231767654,0.9908815622329712,0.9997796416282654
2813,93767,LEFT_EAR,0.26853570342063904,0.1179470494389534,-0.2594025433063507,0.9980064630508423,0.9998656511306763
2813,93767,RIGHT_EAR,0.2787071168422699,0.1154642105102539,0.13252860307693481,0.9893442392349243,0.9998340606689453
2813,93767,MOUTH_LEFT,0.25956809520721436,0.13737107813358307,-0.11705658584833145,0.9969295263290405,0.9999226331710815
2813,93767,MOUTH_RIGHT,0.25887706875801086,0.13662080466747284,-0.003018860472366214,0.9929633736610413,0.9998929500579834
2813,93767,LEFT_SHOULDER,0.3227814733982086,0.20033496618270874,-0.49254390597343445,0.999951958656311,0.9999815225601196
2813,93767,RIGHT_SHOULDER,0.3028695285320282,0.2036253958940506,0.4295831620693207,0.9965800642967224,0.9999374151229858
2813,93767,LEFT_ELBOW,0.3705202341079712,0.3251137435436249,-0.6188427805900574,0.9906611442565918,0.9999209642410278
2813,93767,RIGHT_ELBOW,0.27824386954307556,0.32860156893730164,0.5497568249702454,0.12308446317911148,0.9999039173126221
2813,93767,LEFT_WRIST,0.39945730566978455,0.44875943660736084,-0.6333249807357788,0.9624236226081848,0.9999055862426758
2813,93767,RIGHT_WRIST,0.22377268970012665,0.41713908314704895,0.40403276681900024,0.1896422654390335,0.9998526573181152
2813,93767,LEFT_PINKY,0.4053606688976288,0.4774850308895111,-0.7132817506790161,0.9374935626983643,0.9997541308403015
2813,93767,RIGHT_PINKY,0.20171257853507996,0.4412091076374054,0.4081662595272064,0.19352620840072632,0.999697208404541
2813,93767,LEFT_INDEX,0.3993791341781616,0.4812082052230835,-0.7301770448684692,0.9331318140029907,0.9997836947441101
2813,93767,RIGHT_INDEX,0.19901441037654877,0.4428502023220062,0.3223716616630554,0.20087793469429016,0.9997169375419617
2813,93767,LEFT_THUMB,0.38824665546417236,0.4686490297317505,-0.635199785232544,0.9053359627723694,0.9998533725738525
2813,93767,RIGHT_THUMB,0.20504112541675568,0.43688878417015076,0.3607225716114044,0.20489871501922607,0.9998019337654114
2813,93767,LEFT_HIP,0.32603293657302856,0.45099470019340515,-0.2885747253894806,0.9977566599845886,0.9995923638343811
2813,93767,RIGHT_HIP,0.3335687220096588,0.44766223430633545,0.28873515129089355,0.9936728477478027,0.9993951320648193
2813,93767,LEFT_KNEE,0.23202429711818695,0.616202175617218,-0.2694776654243469,0.9641327857971191,0.9997881054878235
2813,93767,RIGHT_KNEE,0.3524599075317383,0.6258295774459839,0.31417861580848694,0.600281298160553,0.9996981620788574
2813,93767,LEFT_ANKLE,0.1638462245464325,0.8105846047401428,-0.19813235104084015,0.9694521427154541,0.9984838366508484
2813,93767,RIGHT_ANKLE,0.4348185658454895,0.8047657012939453,0.3820793628692627,0.7289085388183594,0.9989905953407288
2813,93767,LEFT_HEEL,0.17843079566955566,0.8499648571014404,-0.20339521765708923,0.9192646741867065,0.9961931705474854
2813,93767,RIGHT_HEEL,0.46739694476127625,0.8374042510986328,0.3806871175765991,0.7423490881919861,0.997406542301178
2813,93767,LEFT_FOOT_INDEX,0.046794988214969635,0.8375604748725891,-0.41298186779022217,0.9546104073524475,0.9957656860351562
2813,93767,RIGHT_FOOT_INDEX,0.298271119594574,0.8338971734046936,0.24943499267101288,0.7783575654029846,0.9974638223648071
2814,93800,NOSE,0.2680048644542694,0.12486473470926285,-0.0838923528790474,0.9939885139465332,0.999777615070343
2814,93800,LEFT_EYE_INNER,0.2731705605983734,0.11171553283929825,-0.13743114471435547,0.9947425127029419,0.9996747970581055
2814,93800,LEFT_EYE,0.27440860867500305,0.111845463514328,-0.1375359445810318,0.9959919452667236,0.9996953010559082
2814,93800,LEFT_EYE_OUTER,0.27454444766044617,0.11209142208099365,-0.13759949803352356,0.9968785643577576,0.9996970891952515
2814,93800,RIGHT_EYE_INNER,0.2739867866039276,0.11083991080522537,-0.049980346113443375,0.9915645718574524,0.9996637105941772
2814,93800,RIGHT_EYE,0.2767978310585022,0.1104702353477478,-0.04991614818572998,0.9913174510002136,0.999659538269043
2814,93800,RIGHT_EYE_OUTER,0.2783425450325012,0.1101975366473198,-0.05009640380740166,0.9917834401130676,0.9996503591537476
2814,93800,LEFT_EAR,0.2888154685497284,0.11852101236581802,-0.2625346779823303,0.9982016086578369,0.9997952580451965
2814,93800,RIGHT_EAR,0.2984679639339447,0.11607536673545837,0.12417100369930267,0.9903931617736816,0.9997372031211853
2814,93800,MOUTH_LEFT,0.2767837345600128,0.1377282738685608,-0.11993717402219772,0.9972324371337891,0.9998735189437866
2814,93800,MOUTH_RIGHT,0.2756381034851074,0.1371220499277115,-0.01053872425109148,0.9936579465866089,0.9998236298561096
2814,93800,LEFT_SHOULDER,0.34571799635887146,0.2008415013551712,-0.5000931024551392,0.9999563694000244,0.999974250793457
2814,93800,RIGHT_SHOULDER,0.3209974467754364,0.20380020141601562,0.42116114497184753,0.9968992471694946,0.9999184608459473
2814,93800,LEFT_ELBOW,0.3917541801929474,0.32836660742759705,-0.6369630694389343,0.9913015961647034,0.9998986721038818
2814,93800,RIGHT_ELBOW,0.2991505265235901,0.3288622200489044,0.5532987117767334,0.12991732358932495,0.9998879432678223
2814,93800,LEFT_WRIST,0.41120606660842896,0.45760735869407654,-0.6721299290657043,0.9655896425247192,0.9998819828033447
2814,93800,RIGHT_WRIST,0.24079938232898712,0.4165209233760834,0.4046782851219177,0.21829354763031006,0.999840497970581
2814,93800,LEFT_PINKY,0.4222068190574646,0.48839375376701355,-0.755716860294342,0.9425771832466125,0.9996833801269531
2814,93800,RIGHT_PINKY,0.208510622382164,0.4415704309940338,0.410537987947464,0.22026561200618744,0.9996638298034668
2814,93800,LEFT_INDEX,0.4090966284275055,0.4921579360961914,-0.7691312432289124,0.9384974241256714,0.9997163414955139
2814,93800,RIGHT_INDEX,0.1988980770111084,0.4431457221508026,0.32149001955986023,0.22891582548618317,0.9996734857559204
2814,93800,LEFT_THUMB,0.40273648500442505,0.47858569025993347,-0.6728754043579102,0.9126878976821899,0.9998096823692322
2814,93800,RIGHT_THUMB,0.21377190947532654,0.4370119273662567,0.3599836528301239,0.2333575189113617,0.9997733235359192
2814,93800,LEFT_HIP,0.34199532866477966,0.45135775208473206,-0.28806501626968384,0.997908890247345,0.9995643496513367
2814,93800,RIGHT_HIP,0.34537020325660706,0.44795188307762146,0.28821203112602234,0.9941186904907227,0.9992998838424683
2814,93800,LEFT_KNEE,0.26291850209236145,0.6201723217964172,-0.3009769320487976,0.9612753987312317,0.9997506737709045
2814,93800,RIGHT_KNEE,0.38031741976737976,0.6269847750663757,0.34685441851615906,0.5799649953842163,0.9996035695075989
2814,93800,LEFT_ANKLE,0.17396360635757446,0.8130608201026917,-0.26161429286003113,0.9698514938354492,0.9979766011238098
2814,93800,RIGHT_ANKLE,0.46883144974708557,0.8034431338310242,0.44136321544647217,0.7162225246429443,0.9988603591918945
2814,93800,LEFT_HEEL,0.18955761194229126,0.8513956069946289,-0.2716360092163086,0.9228996634483337,0.9950218200683594
2814,93800,RIGHT_HEEL,0.504570484161377,0.8367986083030701,0.4426814317703247,0.7427185773849487,0.9972865581512451
2814,93800,LEFT_FOOT_INDEX,0.05398885905742645,0.8354260921478271,-0.5002784132957458,0.9550381302833557,0.9948286414146423
2814,93800,RIGHT_FOOT_INDEX,0.3399116098880768,0.833333432674408,0.32159653306007385,0.7699066400527954,0.9972641468048096
2815,93833,NOSE,0.2907981276512146,0.12526848912239075,-0.10551907122135162,0.9945818185806274,0.999755322933197
2815,93833,LEFT_EYE_INNER,0.2953184247016907,0.11214997619390488,-0.16226880252361298,0.9952568411827087,0.9996471405029297
2815,93833,LEFT_EYE,0.2955608367919922,0.11227142810821533,-0.16237002611160278,0.9963839054107666,0.9996711015701294
2815,93833,LEFT_EYE_OUTER,0.2952491044998169,0.11251386255025864,-0.16239479184150696,0.9971835613250732,0.9996780157089233
2815,93833,RIGHT_EYE_INNER,0.2977735996246338,0.11129727214574814,-0.0701829344034195,0.9923936128616333,0.9996329545974731
2815,93833,RIGHT_EYE,0.300176739692688,0.1109267994761467,-0.07012034952640533,0.9921699166297913,0.9996258020401001
2815,93833,RIGHT_EYE_OUTER,0.30205729603767395,0.11065637320280075,-0.0703202411532402,0.9925907850265503,0.9996159076690674
2815,93833,LEFT_EAR,0.3112398684024811,0.11893337965011597,-0.3000093996524811,0.9983757734298706,0.9997945427894592
2815,93833,RIGHT_EAR,0.3228195011615753,0.11653576046228409,0.10411931574344635,0.9913339018821716,0.9997065663337708
2815,93833,MOUTH_LEFT,0.29889383912086487,0.13778850436210632,-0.14677360653877258,0.9975038170814514,0.9998832941055298
2815,93833,MOUTH_RIGHT,0.2987188398838043,0.13733741641044617,-0.030562352389097214,0.9942800998687744,0.999834418296814
2815,93833,LEFT_SHOULDER,0.36946168541908264,0.20099693536758423,-0.5322549939155579,0.9999603033065796,0.9999786615371704
2815,93833,RIGHT_SHOULDER,0.34992551803588867,0.20426572859287262,0.4187919497489929,0.9971830248832703,0.9999227523803711
2815,93833,LEFT_ELBOW,0.41555795073509216,0.33235689997673035,-0.6477192640304565,0.9918960928916931,0.9998905658721924
2815,93833,RIGHT_ELBOW,0.3187920153141022,0.33465123176574707,0.5384378433227539,0.1331017017364502,0.9998767375946045
2815,93833,LEFT_WRIST,0.42519375681877136,0.4666057527065277,-0.6642116904258728,0.9685103297233582,0.9998716115951538
2815,93833,RIGHT_WRIST,0.25482651591300964,0.416330486536026,0.3944777548313141,0.2410317063331604,0.9998094439506531
2815,93833,LEFT_PINKY,0.43601351976394653,0.4989057779312134,-0.7470107078552246,0.9472553133964539,0.9996706247329712
2815,93833,RIGHT_PINKY,0.21757829189300537,0.4416581392288208,0.40158918499946594,0.24174630641937256,0.9996217489242554
2815,93833,LEFT_INDEX,0.41836002469062805,0.5023682713508606,-0.7592750191688538,0.9434414505958557,0.99970942735672
2815,93833,RIGHT_INDEX,0.20408253371715546,0.4433548152446747,0.31830543279647827,0.25173139572143555,0.9996250867843628
2815,93833,LEFT_THUMB,0.4136841595172882,0.48819831013679504,-0.6643056869506836,0.9195423126220703,0.9997963309288025
2815,93833,RIGHT_THUMB,0.22312714159488678,0.4367532432079315,0.35151776671409607,0.25661396980285645,0.9997407793998718
2815,93833,LEFT_HIP,0.3595442771911621,0.4567556381225586,-0.28782182931900024,0.9979944229125977,0.9994022846221924
2815,93833,RIGHT_HIP,0.36247697472572327,0.4512045085430145,0.2879479229450226,0.994404137134552,0.9989486336708069
2815,93833,LEFT_KNEE,0.28665053844451904,0.6281775236129761,-0.2846735715866089,0.9595149159431458,0.9996427297592163
2815,93833,RIGHT_KNEE,0.39448392391204834,0.6282387971878052,0.3351162075996399,0.562160849571228,0.9994656443595886
2815,93833,LEFT_ANKLE,0.18315304815769196,0.8233873248100281,-0.2573961615562439,0.969596803188324,0.996705949306488
2815,93833,RIGHT_ANKLE,0.5061346888542175,0.8022211194038391,0.43780744075775146,0.7071305513381958,0.9982879757881165
2815,93833,LEFT_HEEL,0.2026832103729248,0.8629434704780579,-0.25495561957359314,0.9260398745536804,0.9922590851783752
2815,93833,RIGHT_HEEL,0.544916570186615,0.8359091281890869,0.43900802731513977,0.7473984956741333,0.9957122802734375
2815,93833,LEFT_FOOT_INDEX,0.07123635709285736,0.8352090716362,-0.44614434242248535,0.9543947577476501,0.9925848841667175
2815,93833,RIGHT_FOOT_INDEX,0.37420445680618286,0.8385983109474182,0.31630146503448486,0.7651370167732239,0.9960939288139343
2816,93867,NOSE,0.3071374297142029,0.1270238608121872,-0.1033405065536499,0.995116651058197,0.999824583530426
2816,93867,LEFT_EYE_INNER,0.31500720977783203,0.11335987597703934,-0.15996675193309784,0.9957213401794434,0.9997321963310242
2816,93867,LEFT_EYE,0.31553158164024353,0.11333703994750977,-0.16004417836666107,0.9967377185821533,0.9997459053993225
2816,93867,LEFT_EYE_OUTER,0.315428227186203,0.11345406621694565,-0.16005027294158936,0.997458815574646,0.9997469782829285
2816,93867,RIGHT_EYE_INNER,0.3169304132461548,0.11250299960374832,-0.06796424090862274,0.9931414127349854,0.9997336268424988
2816,93867,RIGHT_EYE,0.3190574049949646,0.11193861812353134,-0.06790244579315186,0.9929389357566833,0.9997275471687317
2816,93867,RIGHT_EYE_OUTER,0.3204181492328644,0.11148649454116821,-0.06813023239374161,0.9933188557624817,0.9997203946113586
2816,93867,LEFT_EAR,0.33435964584350586,0.11932587623596191,-0.2984754145145416,0.9985327124595642,0.9998410940170288
2816,93867,RIGHT_EAR,0.3455512523651123,0.1168094277381897,0.10414518415927887,0.9921842813491821,0.9997847676277161
2816,93867,MOUTH_LEFT,0.32120031118392944,0.13957320153713226,-0.14516161382198334,0.997748851776123,0.9999200105667114
2816,93867,MOUTH_RIGHT,0.32116764783859253,0.13906389474868774,-0.02914620004594326,0.9948416352272034,0.999889612197876
2816,93867,LEFT_SHOULDER,0.39348065853118896,0.20138199627399445,-0.5321560502052307,0.9999638199806213,0.999982476234436
2816,93867,RIGHT_SHOULDER,0.3812122642993927,0.2054164856672287,0.41088947653770447,0.9974420070648193,0.9999393224716187
2816,93867,LEFT_ELBOW,0.4318522810935974,0.33425650000572205,-0.6458114981651306,0.9924616813659668,0.9998840093612671
2816,93867,RIGHT_ELBOW,0.34490206837654114,0.3352673351764679,0.5349621176719666,0.13465379178524017,0.999866247177124
2816,93867,LEFT_WRIST,0.4328184723854065,0.46788856387138367,-0.6520981192588806,0.9713179469108582,0.9999080896377563
2816,93867,RIGHT_WRIST,0.27417391538619995,0.41548457741737366,0.3890313506126404,0.26264360547065735,0.99982088804245
2816,93867,LEFT_PINKY,0.4341358244419098,0.499318391084671,-0.7340460419654846,0.951801061630249,0.9997634291648865
2816,93867,RIGHT_PINKY,0.23433208465576172,0.43943777680397034,0.3991568982601166,0.26281988620758057,0.9996503591537476
2816,93867,LEFT_INDEX,0.41549697518348694,0.5029054284095764,-0.7474668622016907,0.9482682347297668,0.9998018145561218
2816,93867,RIGHT_INDEX,0.22102974355220795,0.44068849086761475,0.314041405916214,0.27378934621810913,0.999666690826416
2816,93867,LEFT_THUMB,0.4145253896713257,0.49224457144737244,-0.65227210521698,0.9262958765029907,0.9998600482940674
2816,93867,RIGHT_THUMB,0.2416449636220932,0.4316784143447876,0.34706494212150574,0.27870699763298035,0.9997677206993103
2816,93867,LEFT_HIP,0.3834792971611023,0.45942261815071106,-0.28522077202796936,0.9980531334877014,0.9993698000907898
2816,93867,RIGHT_HIP,0.3931443989276886,0.4541945159435272,0.2853655219078064,0.9946399331092834,0.9989890456199646
2816,93867,LEFT_KNEE,0.3064137101173401,0.6323805451393127,-0.2681860327720642,0.9583738446235657,0.9995608925819397
2816,93867,RIGHT_KNEE,0.41946932673454285,0.6311870217323303,0.328243225812912,0.5460851192474365,0.9994866847991943
2816,93867,LEFT_ANKLE,0.2174176424741745,0.829657793045044,-0.23499254882335663,0.9679653644561768,0.9940726161003113
2816,93867,RIGHT_ANKLE,0.5473911166191101,0.8029667735099792,0.4355996549129486,0.6985125541687012,0.9977648258209229
2816,93867,LEFT_HEEL,0.232450932264328,0.8682980537414551,-0.24780350923538208,0.9285693764686584,0.9869025945663452
2816,93867,RIGHT_HEEL,0.5830528140068054,0.8346245884895325,0.4370356500148773,0.7546482086181641,0.9941290616989136
2816,93867,LEFT_FOOT_INDEX,0.0894976481795311,0.841859757900238,-0.4258655607700348,0.9517682790756226,0.9880586266517639
2816,93867,RIGHT_FOOT_INDEX,0.41005513072013855,0.8385842442512512,0.317587286233902,0.7608367800712585,0.994905948638916
2817,93900,NOSE,0.32545357942581177,0.13040593266487122,-0.1209520623087883,0.995595395565033,0.9996111989021301
2817,93900,LEFT_EYE_INNER,0.33287662267684937,0.11700481176376343,-0.1769387573003769,0.9961376786231995,0.9994822144508362
2817,93900,LEFT_EYE,0.3336610198020935,0.1169050931930542,-0.17701086401939392,0.997054934501648,0.9995161294937134
2817,93900,LEFT_EYE_OUTER,0.3338659405708313,0.11693805456161499,-0.17699755728244781,0.9977055788040161,0.9995206594467163
2817,93900,RIGHT_EYE_INNER,0.3351089358329773,0.11612049490213394,-0.08474528044462204,0.9938110709190369,0.9994747042655945
2817,93900,RIGHT_EYE,0.33777761459350586,0.11537611484527588,-0.0847044438123703,0.9936274886131287,0.9994766116142273
2817,93900,RIGHT_EYE_OUTER,0.339749276638031,0.11473988741636276,-0.08486877381801605,0.9939718842506409,0.999461829662323
2817,93900,LEFT_EAR,0.3553590476512909,0.12207110971212387,-0.31707024574279785,0.9986729025840759,0.999711811542511
2817,93900,RIGHT_EAR,0.36600810289382935,0.11944965273141861,0.08580739051103592,0.992941677570343,0.9996639490127563
2817,93900,MOUTH_LEFT,0.34035518765449524,0.142903670668602,-0.1636885404586792,0.9979668259620667,0.9998071789741516
2817,93900,MOUTH_RIGHT,0.341012179851532,0.14265257120132446,-0.04700303077697754,0.9953404068946838,0.999750554561615
2817,93900,LEFT_SHOULDER,0.4145073890686035,0.21070890128612518,-0.536463737487793,0.9999664425849915,0.9999440908432007
2817,93900,RIGHT_SHOULDER,0.41232386231422424,0.2108001708984375,0.3781384229660034,0.997658371925354,0.9998606443405151
2817,93900,LEFT_ELBOW,0.43615448474884033,0.3523593246936798,-0.6185910105705261,0.9924041628837585,0.999518632888794
2817,93900,RIGHT_ELBOW,0.37425315380096436,0.3386991322040558,0.48847144842147827,0.13071118295192719,0.9995794892311096
2817,93900,LEFT_WRIST,0.43328016996383667,0.4796588122844696,-0.5509561896324158,0.9720519781112671,0.9993332028388977
2817,93900,RIGHT_WRIST,0.2929755449295044,0.4155373275279999,0.32943809032440186,0.26068049669265747,0.9991886019706726
2817,93900,LEFT_PINKY,0.43207794427871704,0.5103184580802917,-0.61722731590271,0.9528977274894714,0.9983729124069214
2817,93900,RIGHT_PINKY,0.2601555585861206,0.43941739201545715,0.3236818313598633,0.2621123194694519,0.9984069466590881
2817,93900,LEFT_INDEX,0.4116900861263275,0.5122913718223572,-0.6345654726028442,0.9493316411972046,0.9985016584396362
2817,93900,RIGHT_INDEX,0.2445789873600006,0.4406752288341522,0.2442588210105896,0.27357229590415955,0.998468816280365
2817,93900,LEFT_THUMB,0.4119977355003357,0.5059276819229126,-0.5508324503898621,0.9280136823654175,0.9989244341850281
2817,93900,RIGHT_THUMB,0.2643767297267914,0.4321056604385376,0.2871721386909485,0.2788539528846741,0.9988276362419128
2817,93900,LEFT_HIP,0.4051108956336975,0.46172669529914856,-0.28144505620002747,0.998123288154602,0.9991119503974915
2817,93900,RIGHT_HIP,0.4060167670249939,0.45533278584480286,0.2814370393753052,0.9948758482933044,0.9985184073448181
2817,93900,LEFT_KNEE,0.33178991079330444,0.6343656182289124,-0.268760621547699,0.9450562596321106,0.9993300437927246
2817,93900,RIGHT_KNEE,0.4349185824394226,0.6331558227539062,0.32732778787612915,0.5217849016189575,0.9991544485092163
2817,93900,LEFT_ANKLE,0.26378780603408813,0.8313736915588379,-0.22339610755443573,0.9654216766357422,0.9924008846282959
2817,93900,RIGHT_ANKLE,0.5770956873893738,0.8014988303184509,0.42607396841049194,0.6813141703605652,0.9973387122154236
2817,93900,LEFT_HEEL,0.2846849858760834,0.868170976638794,-0.24248181283473969,0.9248945116996765,0.9827876091003418
2817,93900,RIGHT_HEEL,0.6117860674858093,0.8327125906944275,0.4289669990539551,0.7514740824699402,0.9936398863792419
2817,93900,LEFT_FOOT_INDEX,0.1344630867242813,0.8607540130615234,-0.4184921383857727,0.9491138458251953,0.9825544953346252
2817,93900,RIGHT_FOOT_INDEX,0.44682204723358154,0.8400905728340149,0.3142804503440857,0.7519292235374451,0.992923378944397
2818,93933,NOSE,0.3457755744457245,0.13058923184871674,-0.2198343575000763,0.9960265755653381,0.9995195865631104
2818,93933,LEFT_EYE_INNER,0.3537106513977051,0.11710379272699356,-0.2771104574203491,0.9965137243270874,0.9994396567344666
2818,93933,LEFT_EYE,0.35493341088294983,0.11699975281953812,-0.2771679759025574,0.9973416924476624,0.9994986057281494
2818,93933,LEFT_EYE_OUTER,0.35608842968940735,0.11700812727212906,-0.27717718482017517,0.9979289174079895,0.9995235204696655
2818,93933,RIGHT_EYE_INNER,0.35515326261520386,0.11618160456418991,-0.184703066945076,0.9944142699241638,0.999369204044342
2818,93933,RIGHT_EYE,0.3576714098453522,0.11541355401277542,-0.18468983471393585,0.9942472577095032,0.9993508458137512
2818,93933,RIGHT_EYE_OUTER,0.3595144748687744,0.11476720124483109,-0.18484830856323242,0.9945595860481262,0.9993140697479248
2818,93933,LEFT_EAR,0.3806336522102356,0.1221177875995636,-0.4175023138523102,0.9987998604774475,0.9997275471687317
2818,93933,RIGHT_EAR,0.3873213529586792,0.1195380687713623,-0.012633469887077808,0.9936201572418213,0.9995447993278503
2818,93933,MOUTH_LEFT,0.3615412414073944,0.14329440891742706,-0.262387216091156,0.9981638193130493,0.9998020529747009
2818,93933,MOUTH_RIGHT,0.362020879983902,0.14319337904453278,-0.14475107192993164,0.9957898259162903,0.9996970891952515
2818,93933,LEFT_SHOULDER,0.4406699240207672,0.21579062938690186,-0.6103999018669128,0.9999691247940063,0.9999657869338989
2818,93933,RIGHT_SHOULDER,0.43682047724723816,0.21271874010562897,0.2783086597919464,0.9978410601615906,0.9998393058776855
2818,93933,LEFT_ELBOW,0.4627683758735657,0.36222216486930847,-0.6745884418487549,0.9925497174263,0.9996578693389893
2818,93933,RIGHT_ELBOW,0.3994145691394806,0.3418428897857666,0.3807845115661621,0.12457669526338577,0.9994569420814514
2818,93933,LEFT_WRIST,0.4608938694000244,0.49058398604393005,-0.620099663734436,0.9733619689941406,0.9995548129081726
2818,93933,RIGHT_WRIST,0.31582382321357727,0.4242565929889679,0.22402969002723694,0.2518130838871002,0.9987236857414246
2818,93933,LEFT_PINKY,0.4683209955692291,0.5210556387901306,-0.6918087005615234,0.9549604654312134,0.998830258846283
2818,93933,RIGHT_PINKY,0.2879484295845032,0.4513636827468872,0.2137395292520523,0.2547159790992737,0.9976365566253662
2818,93933,LEFT_INDEX,0.44292521476745605,0.5211931467056274,-0.7126190662384033,0.9515265822410583,0.9989499449729919
2818,93933,RIGHT_INDEX,0.27923399209976196,0.4526701271533966,0.13295112550258636,0.26629748940467834,0.9976803064346313
2818,93933,LEFT_THUMB,0.4399776756763458,0.5130186676979065,-0.6213558912277222,0.9310200810432434,0.9992444515228271
2818,93933,RIGHT_THUMB,0.2980692386627197,0.4438306987285614,0.1812882274389267,0.2719235122203827,0.998216450214386
2818,93933,LEFT_HIP,0.42804065346717834,0.462666392326355,-0.2780006527900696,0.9982552528381348,0.9996500015258789
2818,93933,RIGHT_HIP,0.4216192364692688,0.4550904929637909,0.2779405415058136,0.9952008724212646,0.9991600513458252
2818,93933,LEFT_KNEE,0.364950954914093,0.6339135766029358,-0.2935740053653717,0.9382357597351074,0.9998103976249695
2818,93933,RIGHT_KNEE,0.439127653837204,0.6329970359802246,0.3595411777496338,0.5019973516464233,0.9995551705360413
2818,93933,LEFT_ANKLE,0.30391860008239746,0.8344547152519226,-0.25660595297813416,0.9659295082092285,0.9979725480079651
2818,93933,RIGHT_ANKLE,0.6060898303985596,0.8005068302154541,0.5057357549667358,0.6730514168739319,0.9990324974060059
2818,93933,LEFT_HEEL,0.3282798230648041,0.8719959259033203,-0.26949021220207214,0.9253395795822144,0.995230495929718
2818,93933,RIGHT_HEEL,0.6533902883529663,0.8319368958473206,0.5137057304382324,0.7529944181442261,0.9978051781654358
2818,93933,LEFT_FOOT_INDEX,0.1779380738735199,0.8772526383399963,-0.503660261631012,0.9505487680435181,0.9939363598823547
2818,93933,RIGHT_FOOT_INDEX,0.48672205209732056,0.8427186012268066,0.41926929354667664,0.7522522211074829,0.9974241256713867
2819,93967,NOSE,0.33996573090553284,0.1307661533355713,-0.2927186191082001,0.9964150190353394,0.999681830406189
2819,93967,LEFT_EYE_INNER,0.3522953391075134,0.11712697893381119,-0.35225552320480347,0.9968543648719788,0.9995995163917542
2819,93967,LEFT_EYE,0.35610365867614746,0.11699333041906357,-0.3522830009460449,0.9976007342338562,0.9996224641799927
2819,93967,LEFT_EYE_OUTER,0.36012640595436096,0.11690179258584976,-0.35232287645339966,0.9981309771537781,0.9996191263198853
2819,93967,RIGHT_EYE_INNER,0.35279613733291626,0.11620814353227615,-0.2562709450721741,0.9949599504470825,0.999594509601593
2819,93967,RIGHT_EYE,0.35693132877349854,0.11544826626777649,-0.2562641501426697,0.994807779788971,0.9995942711830139
2819,93967,RIGHT_EYE_OUTER,0.3613584041595459,0.11481780558824539,-0.25639551877975464,0.9950924515724182,0.9995689988136292
2819,93967,LEFT_EAR,0.3980408310890198,0.12150100618600845,-0.5047028660774231,0.9989144802093506,0.9997689127922058
2819,93967,RIGHT_EAR,0.3997591733932495,0.11921129375696182,-0.08300121128559113,0.9942391514778137,0.9997420907020569
2819,93967,MOUTH_LEFT,0.36278751492500305,0.1442260891199112,-0.33944171667099,0.998340904712677,0.9998236298561096
2819,93967,MOUTH_RIGHT,0.36244112253189087,0.14440162479877472,-0.21688354015350342,0.9961951971054077,0.9997768998146057
2819,93967,LEFT_SHOULDER,0.46202921867370605,0.21905498206615448,-0.6834545135498047,0.9999711513519287,0.9999418258666992
2819,93967,RIGHT_SHOULDER,0.4558185338973999,0.21375058591365814,0.19992130994796753,0.9980146884918213,0.9998819828033447
2819,93967,LEFT_ELBOW,0.4804936945438385,0.3709274232387543,-0.7375642657279968,0.9924942851066589,0.999427318572998
2819,93967,RIGHT_ELBOW,0.4266167879104614,0.3488728106021881,0.29928523302078247,0.11788401007652283,0.999398946762085
2819,93967,LEFT_WRIST,0.45497366786003113,0.5032044053077698,-0.6449875235557556,0.973943829536438,0.9991317391395569
2819,93967,RIGHT_WRIST,0.382649689912796,0.4551074802875519,0.15963491797447205,0.23668095469474792,0.9982703924179077
2819,93967,LEFT_PINKY,0.4655510187149048,0.537795901298523,-0.7180622220039368,0.9556640386581421,0.9978590607643127
2819,93967,RIGHT_PINKY,0.34969863295555115,0.49044740200042725,0.15015757083892822,0.24029387533664703,0.9968588352203369
2819,93967,LEFT_INDEX,0.4561852812767029,0.5406772494316101,-0.7300817370414734,0.9522899985313416,0.9980508089065552
2819,93967,RIGHT_INDEX,0.34876763820648193,0.4942210912704468,0.07137714326381683,0.2512784004211426,0.9969696402549744
2819,93967,LEFT_THUMB,0.43869253993034363,0.525966227054596,-0.6427895426750183,0.9319183230400085,0.9984934329986572
2819,93967,RIGHT_THUMB,0.36163362860679626,0.4836083650588989,0.11863130331039429,0.2572192847728729,0.9975928664207458
2819,93967,LEFT_HIP,0.46001771092414856,0.46569934487342834,-0.2740485668182373,0.9983392953872681,0.9995707869529724
2819,93967,RIGHT_HIP,0.4432368874549866,0.4550325870513916,0.2739700376987457,0.9954729676246643,0.9993163347244263
2819,93967,LEFT_KNEE,0.39567214250564575,0.6340519189834595,-0.28825241327285767,0.9294970631599426,0.9994055032730103
2819,93967,RIGHT_KNEE,0.42842650413513184,0.6323396563529968,0.24060171842575073,0.4948316514492035,0.9993891716003418
2819,93967,LEFT_ANKLE,0.34507647156715393,0.8379495143890381,-0.1756604015827179,0.965175986289978,0.9965946078300476
2819,93967,RIGHT_ANKLE,0.6236635446548462,0.7996323108673096,0.4096754193305969,0.670989990234375,0.9988605976104736
2819,93967,LEFT_HEEL,0.3712789714336395,0.8760228753089905,-0.18096083402633667,0.9234327077865601,0.9935139417648315
2819,93967,RIGHT_HEEL,0.6795196533203125,0.825350284576416,0.4219810962677002,0.7574490308761597,0.9974749684333801
2819,93967,LEFT_FOOT_INDEX,0.21668051183223724,0.8844680786132812,-0.4246304929256439,0.9504033327102661,0.9915370941162109
2819,93967,RIGHT_FOOT_INDEX,0.5315044522285461,0.8512546420097351,0.3284119963645935,0.7529302835464478,0.9963598847389221
2820,94000,NOSE,0.35291939973831177,0.13065384328365326,-0.2700348198413849,0.9967652559280396,0.9996843338012695
2820,94000,LEFT_EYE_INNER,0.3653574287891388,0.11615300178527832,-0.3291000723838806,0.997160017490387,0.9996050000190735
2820,94000,LEFT_EYE,0.3702782094478607,0.11582118272781372,-0.3291056752204895,0.997833251953125,0.9996048808097839
2820,94000,LEFT_EYE_OUTER,0.3753587603569031,0.11539917439222336,-0.32909587025642395,0.9983115196228027,0.999596893787384
2820,94000,RIGHT_EYE_INNER,0.3641183078289032,0.115502268075943,-0.23496472835540771,0.9954519271850586,0.9996007084846497
2820,94000,RIGHT_EYE,0.3680097758769989,0.11478746682405472,-0.234959214925766,0.9953143000602722,0.9995954632759094
2820,94000,RIGHT_EYE_OUTER,0.37209102511405945,0.11405530571937561,-0.23509232699871063,0.9955716133117676,0.9995664954185486
2820,94000,LEFT_EAR,0.4189889132976532,0.11954880505800247,-0.47954052686691284,0.9990171194076538,0.999711811542511
2820,94000,RIGHT_EAR,0.4135180115699768,0.11779842525720596,-0.06725786626338959,0.9947963356971741,0.9996505975723267
2820,94000,MOUTH_LEFT,0.37683358788490295,0.1444583535194397,-0.31783103942871094,0.9984996318817139,0.9997935891151428
2820,94000,MOUTH_RIGHT,0.37453144788742065,0.14458824694156647,-0.19803506135940552,0.9965596795082092,0.9997331500053406
2820,94000,LEFT_SHOULDER,0.4959327280521393,0.21807235479354858,-0.6777560114860535,0.9999725818634033,0.9999090433120728
2820,94000,RIGHT_SHOULDER,0.47349002957344055,0.2139451503753662,0.2186431586742401,0.9981673955917358,0.9998114705085754
2820,94000,LEFT_ELBOW,0.5028092861175537,0.3648308217525482,-0.7481750249862671,0.9929144382476807,0.9996009469032288
2820,94000,RIGHT_ELBOW,0.4422787129878998,0.3482171297073364,0.3473964035511017,0.11573892831802368,0.9995778203010559
2820,94000,LEFT_WRIST,0.4692632853984833,0.4952891170978546,-0.6746907234191895,0.9758815169334412,0.9996715784072876
2820,94000,RIGHT_WRIST,0.38764116168022156,0.4490535259246826,0.21387642621994019,0.23380917310714722,0.998941957950592
2820,94000,LEFT_PINKY,0.47096842527389526,0.5295762419700623,-0.7485787868499756,0.9585987329483032,0.999193012714386
2820,94000,RIGHT_PINKY,0.3624122142791748,0.48195645213127136,0.21290704607963562,0.23692849278450012,0.9982858300209045
2820,94000,LEFT_INDEX,0.45268261432647705,0.5310519933700562,-0.7543201446533203,0.9554771184921265,0.9992479681968689
2820,94000,RIGHT_INDEX,0.35721319913864136,0.4838176965713501,0.13146044313907623,0.24761570990085602,0.9983037710189819
2820,94000,LEFT_THUMB,0.448647677898407,0.5173167586326599,-0.6697297096252441,0.9360458850860596,0.999437153339386
2820,94000,RIGHT_THUMB,0.37152448296546936,0.47390875220298767,0.17295312881469727,0.2531840205192566,0.9986190795898438
2820,94000,LEFT_HIP,0.4888204336166382,0.463005930185318,-0.26764920353889465,0.9984143972396851,0.9989187717437744
2820,94000,RIGHT_HIP,0.46012863516807556,0.4534550905227661,0.26751863956451416,0.9957849979400635,0.9990071654319763
2820,94000,LEFT_KNEE,0.4221481382846832,0.6338211894035339,-0.2803560495376587,0.9324902296066284,0.9991820454597473
2820,94000,RIGHT_KNEE,0.42671921849250793,0.6317722797393799,0.21772220730781555,0.506291925907135,0.9992325305938721
2820,94000,LEFT_ANKLE,0.5226097702980042,0.8327431082725525,-0.15375252068042755,0.9661566615104675,0.9981358051300049
2820,94000,RIGHT_ANKLE,0.45510566234588623,0.8160802721977234,0.3512002229690552,0.679326057434082,0.9987918734550476
2820,94000,LEFT_HEEL,0.5633301734924316,0.8698635697364807,-0.15486402809619904,0.9261759519577026,0.9963356256484985
2820,94000,RIGHT_HEEL,0.5184831023216248,0.833888828754425,0.3529065251350403,0.7572571635246277,0.9971143007278442
2820,94000,LEFT_FOOT_INDEX,0.4188452959060669,0.8776964545249939,-0.38687583804130554,0.9526927471160889,0.9955982565879822
2820,94000,RIGHT_FOOT_INDEX,0.3435230553150177,0.8684475421905518,0.20463916659355164,0.760968029499054,0.996547281742096
