frame,source_frame_detected,landmark,x_raw,y_raw,z_raw,visibility,presence,quality_valid,interpolated,usable,x,y
2604,True,LEFT_ANKLE,0.4363938271999359,0.5763170719146729,0.18579687178134918,0.9684408903121948,0.9999079704284668,True,False,True,0.4363938271999359,0.5763170719146729
2605,True,LEFT_ANKLE,0.44034621119499207,0.54953533411026,0.027189569547772408,0.96824711561203,0.9998195767402649,True,False,True,0.44034621119499207,0.54953533411026
2606,True,LEFT_ANKLE,0.44271567463874817,0.5261608362197876,-0.005166899878531694,0.9682249426841736,0.9998353719711304,True,False,True,0.44271567463874817,0.5261608362197876
2607,True,LEFT_ANKLE,0.4391324818134308,0.5037455558776855,-0.0499030239880085,0.9680171608924866,0.9998830556869507,True,False,True,0.4391324818134308,0.5037455558776855
2608,True,LEFT_ANKLE,0.4236030578613281,0.49391359090805054,-0.05359858274459839,0.9678398966789246,0.999847412109375,True,False,True,0.4236030578613281,0.49391359090805054
2609,True,LEFT_ANKLE,0.4017043113708496,0.4928818345069885,0.007982025854289532,0.9667518734931946,0.9997988343238831,True,False,True,0.4017043113708496,0.4928818345069885
2610,True,LEFT_ANKLE,0.3846914768218994,0.49274808168411255,0.19977010786533356,0.9597587585449219,0.9995726943016052,True,False,True,0.3846914768218994,0.49274808168411255
2611,True,LEFT_ANKLE,0.3672870099544525,0.4980269968509674,0.14571326971054077,0.953957736492157,0.9995774626731873,True,False,True,0.3672870099544525,0.4980269968509674
2612,True,LEFT_ANKLE,0.3618336617946625,0.5039974451065063,0.09777117520570755,0.947425901889801,0.9996286630630493,True,False,True,0.3618336617946625,0.5039974451065063
2613,True,LEFT_ANKLE,0.35634636878967285,0.5275501012802124,0.0972268357872963,0.9432839751243591,0.9995856881141663,True,False,True,0.35634636878967285,0.5275501012802124
2614,True,LEFT_ANKLE,0.3594062924385071,0.5507916808128357,0.007522553205490112,0.9398697018623352,0.9995569586753845,True,False,True,0.3594062924385071,0.5507916808128357
2615,True,LEFT_ANKLE,0.36137107014656067,0.5712289810180664,-0.04884687066078186,0.9374951124191284,0.9993958473205566,True,False,True,0.36137107014656067,0.5712289810180664
2616,True,LEFT_ANKLE,0.3648063540458679,0.5995590090751648,-0.12238262593746185,0.9371626973152161,0.9991614818572998,True,False,True,0.3648063540458679,0.5995590090751648
2617,True,LEFT_ANKLE,0.368055135011673,0.6228622794151306,-0.11016042530536652,0.9387971758842468,0.9991137385368347,True,False,True,0.368055135011673,0.6228622794151306
2618,True,LEFT_ANKLE,0.36942702531814575,0.6546956896781921,-0.12623856961727142,0.9397956728935242,0.9991833567619324,True,False,True,0.36942702531814575,0.6546956896781921
2619,True,LEFT_ANKLE,0.3770800232887268,0.6745874285697937,-0.08195614814758301,0.9412310123443604,0.9993127584457397,True,False,True,0.3770800232887268,0.6745874285697937
2620,True,LEFT_ANKLE,0.38913965225219727,0.6905913949012756,0.14110112190246582,0.9436132907867432,0.999257504940033,True,False,True,0.38913965225219727,0.6905913949012756
2621,True,LEFT_ANKLE,0.4002182185649872,0.7050235271453857,0.21944035589694977,0.9444657564163208,0.9993245601654053,True,False,True,0.4002182185649872,0.7050235271453857
2622,True,LEFT_ANKLE,0.4107367694377899,0.717724084854126,0.2756913900375366,0.9439494013786316,0.9997507929801941,True,False,True,0.4107367694377899,0.717724084854126
2623,True,LEFT_ANKLE,0.41992637515068054,0.7260590195655823,0.30924952030181885,0.9446536302566528,0.9998648166656494,True,False,True,0.41992637515068054,0.7260590195655823
2624,True,LEFT_ANKLE,0.42836853861808777,0.7357823848724365,0.2641858160495758,0.9429070353507996,0.9998878240585327,True,False,True,0.42836853861808777,0.7357823848724365
2625,True,LEFT_ANKLE,0.4373953938484192,0.7393519282341003,0.2157135009765625,0.9425089955329895,0.9999336004257202,True,False,True,0.4373953938484192,0.7393519282341003
2626,True,LEFT_ANKLE,0.44915613532066345,0.7461124658584595,0.19539311528205872,0.938398003578186,0.9998998641967773,True,False,True,0.44915613532066345,0.7461124658584595
2627,True,LEFT_ANKLE,0.45958930253982544,0.7536671161651611,0.11285798996686935,0.9334201216697693,0.9999054670333862,True,False,True,0.45958930253982544,0.7536671161651611
2628,True,LEFT_ANKLE,0.46881529688835144,0.7550566792488098,0.021785138174891472,0.9251183271408081,0.9998182654380798,True,False,True,0.46881529688835144,0.7550566792488098
2629,True,LEFT_ANKLE,0.47559088468551636,0.7576516270637512,-0.02115970477461815,0.9255161881446838,0.9997119307518005,True,False,True,0.47559088468551636,0.7576516270637512
2630,True,LEFT_ANKLE,0.4829617440700531,0.7625613808631897,-0.01002626121044159,0.9200729727745056,0.9997681975364685,True,False,True,0.4829617440700531,0.7625613808631897
2631,True,LEFT_ANKLE,0.47207602858543396,0.7575369477272034,0.022146834060549736,0.9191061854362488,0.9999035596847534,True,False,True,0.47207602858543396,0.7575369477272034
2632,True,LEFT_ANKLE,0.27625417709350586,0.774965763092041,0.41527366638183594,0.9201248288154602,0.9999220371246338,True,False,True,0.27625417709350586,0.774965763092041
2633,True,LEFT_ANKLE,0.40399616956710815,0.7699265480041504,0.06924429535865784,0.9206839203834534,0.9999274015426636,True,False,True,0.40399616956710815,0.7699265480041504
2634,True,LEFT_ANKLE,0.41194915771484375,0.7642010450363159,0.07508482784032822,0.9242576956748962,0.9999494552612305,True,False,True,0.41194915771484375,0.7642010450363159
2635,True,LEFT_ANKLE,0.4125179946422577,0.7664145231246948,0.2726180851459503,0.9234933257102966,0.9999381303787231,True,False,True,0.4125179946422577,0.7664145231246948
2636,True,LEFT_ANKLE,0.40661367774009705,0.7633647918701172,0.4754612147808075,0.9227645397186279,0.9999467134475708,True,False,True,0.40661367774009705,0.7633647918701172
2637,True,LEFT_ANKLE,0.40380051732063293,0.7691798806190491,0.4267522394657135,0.912033200263977,0.9997376799583435,True,False,True,0.40380051732063293,0.7691798806190491
2638,True,LEFT_ANKLE,0.3959724009037018,0.7808828949928284,0.5567514896392822,0.8533803820610046,0.9991507530212402,True,False,True,0.3959724009037018,0.7808828949928284
2639,True,LEFT_ANKLE,0.39771533012390137,0.7936657071113586,0.3949865400791168,0.8220709562301636,0.9995226860046387,True,False,True,0.39771533012390137,0.7936657071113586
2640,True,LEFT_ANKLE,0.3993212580680847,0.7930098176002502,-0.19531771540641785,0.8352475762367249,0.9999812841415405,True,False,True,0.3993212580680847,0.7930098176002502
2641,True,LEFT_ANKLE,0.3747386932373047,0.7643756866455078,0.0727715939283371,0.8447228074073792,0.9997203946113586,True,False,True,0.3747386932373047,0.7643756866455078
2642,True,LEFT_ANKLE,0.3654422163963318,0.7451835870742798,0.41182824969291687,0.8370932340621948,0.9992689490318298,True,False,True,0.3654422163963318,0.7451835870742798
2643,True,LEFT_ANKLE,0.3721320331096649,0.7490187883377075,-0.18262742459774017,0.8347549438476562,0.9991055130958557,True,False,True,0.3721320331096649,0.7490187883377075
2644,True,LEFT_ANKLE,0.3753628730773926,0.7512192130088806,-0.08512411266565323,0.848044216632843,0.9998916387557983,True,False,True,0.3753628730773926,0.7512192130088806
2645,True,LEFT_ANKLE,0.3842606544494629,0.7798404097557068,-0.07280644029378891,0.8626924753189087,0.99985671043396,True,False,True,0.3842606544494629,0.7798404097557068
2646,True,LEFT_ANKLE,0.3908914029598236,0.7805793285369873,-0.12926596403121948,0.8721328973770142,0.9994016885757446,True,False,True,0.3908914029598236,0.7805793285369873
2647,True,LEFT_ANKLE,0.3923415243625641,0.7899823188781738,-0.18105776607990265,0.8822168111801147,0.9975407123565674,True,False,True,0.3923415243625641,0.7899823188781738
2648,True,LEFT_ANKLE,0.39530235528945923,0.8054478168487549,-0.23576819896697998,0.8929058909416199,0.9479350447654724,True,False,True,0.39530235528945923,0.8054478168487549
2649,True,LEFT_ANKLE,0.3960545063018799,0.8073473572731018,-0.1994018703699112,0.9032953977584839,0.9992796778678894,True,False,True,0.3960545063018799,0.8073473572731018
2650,True,LEFT_ANKLE,0.39869070053100586,0.8057411909103394,-0.14268960058689117,0.9126912355422974,0.9989487528800964,True,False,True,0.39869070053100586,0.8057411909103394
2651,True,LEFT_ANKLE,0.3999755382537842,0.8159995079040527,-0.013850050047039986,0.9213481545448303,0.9999169111251831,True,False,True,0.3999755382537842,0.8159995079040527
2652,True,LEFT_ANKLE,0.4003787338733673,0.8161745071411133,-0.11645114421844482,0.9291108846664429,0.9998106360435486,True,False,True,0.4003787338733673,0.8161745071411133
2653,True,LEFT_ANKLE,0.4049938917160034,0.8093845844268799,-0.07718239724636078,0.9360480308532715,0.9997914433479309,True,False,True,0.4049938917160034,0.8093845844268799
2654,True,LEFT_ANKLE,0.4244631826877594,0.7774823307991028,-0.10383032262325287,0.9423008561134338,0.9990969896316528,True,False,True,0.4244631826877594,0.7774823307991028
2655,True,LEFT_ANKLE,0.4507761299610138,0.7675549983978271,-0.014171095564961433,0.9477069973945618,0.9961232542991638,True,False,True,0.4507761299610138,0.7675549983978271
2656,True,LEFT_ANKLE,0.4802202582359314,0.7657545208930969,-0.03161662444472313,0.9522947669029236,0.9932438731193542,True,False,True,0.4802202582359314,0.7657545208930969
2657,True,LEFT_ANKLE,0.5022971034049988,0.7630007266998291,-0.016743460670113564,0.9550032615661621,0.9967017769813538,True,False,True,0.5022971034049988,0.7630007266998291
2658,True,LEFT_ANKLE,0.5212157368659973,0.7641956210136414,-0.08001319319009781,0.9589799046516418,0.9997418522834778,True,False,True,0.5212157368659973,0.7641956210136414
2659,True,LEFT_ANKLE,0.5427020192146301,0.7660833597183228,-0.08075184375047684,0.9619848728179932,0.9992460012435913,True,False,True,0.5427020192146301,0.7660833597183228
2660,True,LEFT_ANKLE,0.5683066844940186,0.7672387361526489,-0.18081094324588776,0.9657034277915955,0.999454915523529,True,False,True,0.5683066844940186,0.7672387361526489
2661,True,LEFT_ANKLE,0.5858654379844666,0.7676088213920593,0.0899648368358612,0.969022810459137,0.9988393187522888,True,False,True,0.5858654379844666,0.7676088213920593
2662,True,LEFT_ANKLE,0.590634822845459,0.7699850797653198,0.011345932260155678,0.9719752669334412,0.9992740750312805,True,False,True,0.590634822845459,0.7699850797653198
2663,True,LEFT_ANKLE,0.593682587146759,0.7726005911827087,0.024993356317281723,0.9744948744773865,0.998275876045227,True,False,True,0.593682587146759,0.7726005911827087
2664,True,LEFT_ANKLE,0.5970587730407715,0.7742560505867004,-0.016720255836844444,0.9769203662872314,0.9988988637924194,True,False,True,0.5970587730407715,0.7742560505867004
2665,True,LEFT_ANKLE,0.5938645601272583,0.7743026614189148,0.017420757561922073,0.9789984226226807,0.9986807703971863,True,False,True,0.5938645601272583,0.7743026614189148
2666,True,LEFT_ANKLE,0.5851210355758667,0.7712091207504272,0.03203773498535156,0.9807136058807373,0.9976723790168762,True,False,True,0.5851210355758667,0.7712091207504272
2667,True,LEFT_ANKLE,0.5796465873718262,0.7655194401741028,0.14033575356006622,0.9825323224067688,0.9992713332176208,True,False,True,0.5796465873718262,0.7655194401741028
2668,True,LEFT_ANKLE,0.5722941160202026,0.7576274871826172,0.2858831286430359,0.984026312828064,0.9994532465934753,True,False,True,0.5722941160202026,0.7576274871826172
2669,True,LEFT_ANKLE,0.5472060441970825,0.7514905333518982,0.25389254093170166,0.9854195713996887,0.9998602867126465,True,False,True,0.5472060441970825,0.7514905333518982
2670,True,LEFT_ANKLE,0.5189912915229797,0.745421826839447,0.1888027787208557,0.9867201447486877,0.9998562335968018,True,False,True,0.5189912915229797,0.745421826839447
2671,True,LEFT_ANKLE,0.4894104599952698,0.7437595725059509,0.20976734161376953,0.987819254398346,0.999806821346283,True,False,True,0.4894104599952698,0.7437595725059509
2672,True,LEFT_ANKLE,0.4603181481361389,0.745540976524353,0.2272915542125702,0.9888322949409485,0.9997773766517639,True,False,True,0.4603181481361389,0.745540976524353
2673,True,LEFT_ANKLE,0.43700340390205383,0.7426676154136658,0.18554724752902985,0.989656925201416,0.999834418296814,True,False,True,0.43700340390205383,0.7426676154136658
2674,True,LEFT_ANKLE,0.4095081388950348,0.7344780564308167,0.16935938596725464,0.9900446534156799,0.9998399019241333,True,False,True,0.4095081388950348,0.7344780564308167
2675,True,LEFT_ANKLE,0.38228315114974976,0.7258965373039246,0.2147226780653,0.9903834462165833,0.9998958110809326,True,False,True,0.38228315114974976,0.7258965373039246
2676,True,LEFT_ANKLE,0.35554930567741394,0.7268862724304199,0.22477152943611145,0.9901975989341736,0.9998020529747009,True,False,True,0.35554930567741394,0.7268862724304199
2677,True,LEFT_ANKLE,0.32479289174079895,0.7300072312355042,-0.08588516712188721,0.989218533039093,0.9976944327354431,True,False,True,0.32479289174079895,0.7300072312355042
2678,True,LEFT_ANKLE,0.29492685198783875,0.7447646856307983,-0.17582657933235168,0.9878737926483154,0.9977436065673828,True,False,True,0.29492685198783875,0.7447646856307983
2679,True,LEFT_ANKLE,0.2759881317615509,0.7563115358352661,-0.19140343368053436,0.984867513179779,0.9975146055221558,True,False,True,0.2759881317615509,0.7563115358352661
2680,True,LEFT_ANKLE,0.26506537199020386,0.7576211094856262,-0.17365522682666779,0.9800724387168884,0.9982847571372986,True,False,True,0.26506537199020386,0.7576211094856262
2681,True,LEFT_ANKLE,0.25324106216430664,0.7579423189163208,-0.1722208857536316,0.9731587767601013,0.9969919919967651,True,False,True,0.25324106216430664,0.7579423189163208
2682,True,LEFT_ANKLE,0.2315395027399063,0.7587242722511292,-0.12960858643054962,0.9731203317642212,0.9981124401092529,True,False,True,0.2315395027399063,0.7587242722511292
2683,True,LEFT_ANKLE,0.20565678179264069,0.7586756944656372,-0.11002267897129059,0.9730120897293091,0.9988705515861511,True,False,True,0.20565678179264069,0.7586756944656372
2684,True,LEFT_ANKLE,0.19365426898002625,0.7591567635536194,-0.10222377628087997,0.9689140319824219,0.9991374015808105,True,False,True,0.19365426898002625,0.7591567635536194
2685,True,LEFT_ANKLE,0.18285271525382996,0.7604953050613403,-0.10736718773841858,0.9672128558158875,0.9990873336791992,True,False,True,0.18285271525382996,0.7604953050613403
2686,True,LEFT_ANKLE,0.17852602899074554,0.7608856558799744,-0.14812637865543365,0.9663124084472656,0.9993322491645813,True,False,True,0.17852602899074554,0.7608856558799744
2687,True,LEFT_ANKLE,0.17462961375713348,0.7613075971603394,-0.13166645169258118,0.9660698175430298,0.9991471767425537,True,False,True,0.17462961375713348,0.7613075971603394
2688,True,LEFT_ANKLE,0.17437393963336945,0.7625676989555359,-0.19271965324878693,0.9652148485183716,0.9991687536239624,True,False,True,0.17437393963336945,0.7625676989555359
2689,True,LEFT_ANKLE,0.1746385097503662,0.762786865234375,-0.22222086787223816,0.9661097526550293,0.9991248250007629,True,False,True,0.1746385097503662,0.762786865234375
2690,True,LEFT_ANKLE,0.1735769361257553,0.7632349729537964,-0.18497297167778015,0.9679487943649292,0.9992978572845459,True,False,True,0.1735769361257553,0.7632349729537964
2691,True,LEFT_ANKLE,0.1712382286787033,0.7676587104797363,-0.30770644545555115,0.9692869782447815,0.9994971752166748,True,False,True,0.1712382286787033,0.7676587104797363
2692,True,LEFT_ANKLE,0.17151717841625214,0.767543375492096,-0.18427157402038574,0.9707821607589722,0.9989867806434631,True,False,True,0.17151717841625214,0.767543375492096
2693,True,LEFT_ANKLE,0.171539306640625,0.7696951627731323,-0.24600720405578613,0.9710996747016907,0.9991195797920227,True,False,True,0.171539306640625,0.7696951627731323
2694,True,LEFT_ANKLE,0.17378464341163635,0.7700189352035522,-0.21624751389026642,0.9718081951141357,0.999078631401062,True,False,True,0.17378464341163635,0.7700189352035522
2695,True,LEFT_ANKLE,0.17421916127204895,0.7709393501281738,-0.16987240314483643,0.9731454253196716,0.999137282371521,True,False,True,0.17421916127204895,0.7709393501281738
2696,True,LEFT_ANKLE,0.17649653553962708,0.7705251574516296,-0.12849129736423492,0.9741857051849365,0.9989769458770752,True,False,True,0.17649653553962708,0.7705251574516296
2697,True,LEFT_ANKLE,0.17672719061374664,0.7661495804786682,-0.13987639546394348,0.9750454425811768,0.9985610842704773,True,False,True,0.17672719061374664,0.7661495804786682
2698,True,LEFT_ANKLE,0.17586097121238708,0.7692432403564453,-0.07582031190395355,0.9751816987991333,0.9970189332962036,True,False,True,0.17586097121238708,0.7692432403564453
2699,True,LEFT_ANKLE,0.1767851561307907,0.7674873471260071,-0.07476823776960373,0.974941074848175,0.9947944283485413,True,False,True,0.1767851561307907,0.7674873471260071
2700,True,LEFT_ANKLE,0.1807982474565506,0.7691998481750488,-0.02341926470398903,0.9740816354751587,0.9845400452613831,True,False,True,0.1807982474565506,0.7691998481750488
2701,True,LEFT_ANKLE,0.1834028661251068,0.7766666412353516,-0.06332177668809891,0.974581778049469,0.9936398863792419,True,False,True,0.1834028661251068,0.7766666412353516
2702,True,LEFT_ANKLE,0.1902761161327362,0.7757663130760193,-0.07947027683258057,0.9757336378097534,0.9948535561561584,True,False,True,0.1902761161327362,0.7757663130760193
2703,True,LEFT_ANKLE,0.19893965125083923,0.7755658030509949,0.030244890600442886,0.9775406718254089,0.9973443150520325,True,False,True,0.19893965125083923,0.7755658030509949
2704,True,LEFT_ANKLE,0.20638976991176605,0.7760843634605408,0.061337172985076904,0.9788089990615845,0.9975805282592773,True,False,True,0.20638976991176605,0.7760843634605408
2705,True,LEFT_ANKLE,0.2116171270608902,0.778135359287262,-0.0011778951156884432,0.9795990586280823,0.9972553849220276,True,False,True,0.2116171270608902,0.778135359287262
2706,True,LEFT_ANKLE,0.21599720418453217,0.7807976007461548,-0.020564202219247818,0.9799368381500244,0.9966952800750732,True,False,True,0.21599720418453217,0.7807976007461548
2707,True,LEFT_ANKLE,0.22503598034381866,0.7808932662010193,0.017710501328110695,0.9799125790596008,0.9954057931900024,True,False,True,0.22503598034381866,0.7808932662010193
2708,True,LEFT_ANKLE,0.23328621685504913,0.7820962071418762,0.002446439117193222,0.9793307185173035,0.9947152733802795,True,False,True,0.23328621685504913,0.7820962071418762
2709,True,LEFT_ANKLE,0.24011553823947906,0.783812940120697,-0.004100807011127472,0.9793152213096619,0.9949216246604919,True,False,True,0.24011553823947906,0.783812940120697
2604,True,LEFT_EAR,0.23968291282653809,0.2171056568622589,0.014209093526005745,0.999647855758667,0.9999195337295532,True,False,True,0.23968291282653809,0.2171056568622589
2605,True,LEFT_EAR,0.24975894391536713,0.21709635853767395,0.002919274615123868,0.9996386170387268,0.9999285936355591,True,False,True,0.24975894391536713,0.21709635853767395
2606,True,LEFT_EAR,0.24906745553016663,0.2161860167980194,0.003488712478429079,0.9996508955955505,0.9999274015426636,True,False,True,0.24906745553016663,0.2161860167980194
2607,True,LEFT_EAR,0.25440192222595215,0.21827442944049835,-0.0746850073337555,0.9996461272239685,0.9999526739120483,True,False,True,0.25440192222595215,0.21827442944049835
2608,True,LEFT_EAR,0.25733497738838196,0.21865960955619812,-0.053499944508075714,0.9996695518493652,0.9999659061431885,True,False,True,0.25733497738838196,0.21865960955619812
2609,True,LEFT_EAR,0.25834959745407104,0.219215989112854,-0.04139150306582451,0.9996954798698425,0.999966025352478,True,False,True,0.25834959745407104,0.219215989112854
2610,True,LEFT_EAR,0.26284879446029663,0.2194693386554718,-0.0393335334956646,0.999677300453186,0.9999065399169922,True,False,True,0.26284879446029663,0.2194693386554718
2611,True,LEFT_EAR,0.268605500459671,0.2190026491880417,-0.05039917305111885,0.9996699690818787,0.9999067783355713,True,False,True,0.268605500459671,0.2190026491880417
2612,True,LEFT_EAR,0.2748388946056366,0.21874971687793732,-0.0695512667298317,0.9996799230575562,0.9999325275421143,True,False,True,0.2748388946056366,0.21874971687793732
2613,True,LEFT_EAR,0.2785574793815613,0.21836890280246735,-0.06465917080640793,0.9996978044509888,0.9999219179153442,True,False,True,0.2785574793815613,0.21836890280246735
2614,True,LEFT_EAR,0.27549320459365845,0.2182239443063736,-0.03605644032359123,0.999660849571228,0.9997281432151794,True,False,True,0.27549320459365845,0.2182239443063736
2615,True,LEFT_EAR,0.27504467964172363,0.21782435476779938,-0.005827149376273155,0.9995492696762085,0.9994736313819885,True,False,True,0.27504467964172363,0.21782435476779938
2616,True,LEFT_EAR,0.2739798128604889,0.21751762926578522,0.04233019798994064,0.999336838722229,0.998339056968689,True,False,True,0.2739798128604889,0.21751762926578522
2617,True,LEFT_EAR,0.2760358154773712,0.21724916994571686,0.03613893687725067,0.9992040991783142,0.9990274906158447,True,False,True,0.2760358154773712,0.21724916994571686
2618,True,LEFT_EAR,0.27851396799087524,0.2176942229270935,0.024005010724067688,0.9991495609283447,0.9988195300102234,True,False,True,0.27851396799087524,0.2176942229270935
2619,True,LEFT_EAR,0.2789413332939148,0.21825774013996124,0.013691122643649578,0.9986663460731506,0.9981012940406799,True,False,True,0.2789413332939148,0.21825774013996124
2620,True,LEFT_EAR,0.28399530053138733,0.21829137206077576,-0.05445927381515503,0.9981756210327148,0.9980800151824951,True,False,True,0.28399530053138733,0.21829137206077576
2621,True,LEFT_EAR,0.2895073890686035,0.21843789517879486,-0.10898853838443756,0.9973938465118408,0.9985141158103943,True,False,True,0.2895073890686035,0.21843789517879486
2622,True,LEFT_EAR,0.29702261090278625,0.2221536487340927,-0.14153246581554413,0.9971587657928467,0.9996060729026794,True,False,True,0.29702261090278625,0.2221536487340927
2623,True,LEFT_EAR,0.3003940284252167,0.22760240733623505,-0.187127485871315,0.9970343112945557,0.9997368454933167,True,False,True,0.3003940284252167,0.22760240733623505
2624,True,LEFT_EAR,0.30789121985435486,0.23287974298000336,-0.12772656977176666,0.997220516204834,0.9998956918716431,True,False,True,0.30789121985435486,0.23287974298000336
2625,True,LEFT_EAR,0.3153087794780731,0.24317485094070435,-0.12758956849575043,0.9973791837692261,0.9998998641967773,True,False,True,0.3153087794780731,0.24317485094070435
2626,True,LEFT_EAR,0.3234466016292572,0.2528696656227112,-0.1648503988981247,0.9973998665809631,0.9998408555984497,True,False,True,0.3234466016292572,0.2528696656227112
2627,True,LEFT_EAR,0.33109888434410095,0.2647342383861542,-0.20802296698093414,0.9972826838493347,0.9996069073677063,True,False,True,0.33109888434410095,0.2647342383861542
2628,True,LEFT_EAR,0.33999183773994446,0.28183913230895996,-0.258209228515625,0.9972800612449646,0.9996750354766846,True,False,True,0.33999183773994446,0.28183913230895996
2629,True,LEFT_EAR,0.34621912240982056,0.29623785614967346,-0.3647253215312958,0.9974955320358276,0.9998987913131714,True,False,True,0.34621912240982056,0.29623785614967346
2630,True,LEFT_EAR,0.35252898931503296,0.31500232219696045,-0.43243926763534546,0.9977028369903564,0.9999493360519409,True,False,True,0.35252898931503296,0.31500232219696045
2631,True,LEFT_EAR,0.359466016292572,0.3380131423473358,-0.4588170647621155,0.9979099035263062,0.9999617338180542,True,False,True,0.359466016292572,0.3380131423473358
2632,True,LEFT_EAR,0.3703126907348633,0.35282808542251587,-0.42136505246162415,0.9981034398078918,0.9999756813049316,True,False,True,0.3703126907348633,0.35282808542251587
2633,True,LEFT_EAR,0.37732934951782227,0.36503422260284424,-0.47653505206108093,0.9982843995094299,0.9999909400939941,True,False,True,0.37732934951782227,0.36503422260284424
2634,True,LEFT_EAR,0.3825746178627014,0.37867143750190735,-0.4782726466655731,0.9984325170516968,0.9999773502349854,True,False,True,0.3825746178627014,0.37867143750190735
2635,True,LEFT_EAR,0.38803407549858093,0.3854494094848633,-0.2123178392648697,0.9984901547431946,0.9998373985290527,True,False,True,0.38803407549858093,0.3854494094848633
2636,True,LEFT_EAR,0.3915107548236847,0.39827316999435425,-0.09659117460250854,0.9985942840576172,0.9999359846115112,True,False,True,0.3915107548236847,0.39827316999435425
2637,True,LEFT_EAR,0.3937075734138489,0.392526239156723,-0.10515647381544113,0.9986787438392639,0.9998148083686829,True,False,True,0.3937075734138489,0.392526239156723
2638,True,LEFT_EAR,0.38692691922187805,0.3810275197029114,0.005602539516985416,0.9986752271652222,0.9998173117637634,True,False,True,0.38692691922187805,0.3810275197029114
2639,True,LEFT_EAR,0.3841067850589752,0.3759818375110626,0.08901029825210571,0.9986964464187622,0.9999709129333496,True,False,True,0.3841067850589752,0.3759818375110626
2640,True,LEFT_EAR,0.3463563323020935,0.38225701451301575,0.16412129998207092,0.9987678527832031,0.999996542930603,True,False,True,0.3463563323020935,0.38225701451301575
2641,True,LEFT_EAR,0.32075199484825134,0.39015570282936096,0.04326726123690605,0.9988346695899963,0.9999853372573853,True,False,True,0.32075199484825134,0.39015570282936096
2642,True,LEFT_EAR,0.302087664604187,0.39579978585243225,-0.05763470381498337,0.9985872507095337,0.9998904466629028,True,False,True,0.302087664604187,0.39579978585243225
2643,True,LEFT_EAR,0.29804548621177673,0.39989936351776123,0.1986880600452423,0.995480477809906,0.9999066591262817,True,False,True,0.29804548621177673,0.39989936351776123
2644,True,LEFT_EAR,0.29731565713882446,0.39760133624076843,0.4755852520465851,0.9946680665016174,0.9999934434890747,True,False,True,0.29731565713882446,0.39760133624076843
2645,True,LEFT_EAR,0.294850617647171,0.3940432667732239,0.530614972114563,0.9941627383232117,0.9999701976776123,True,False,True,0.294850617647171,0.3940432667732239
2646,True,LEFT_EAR,0.28597480058670044,0.38650745153427124,0.5254056453704834,0.9938853979110718,0.9999477863311768,True,False,True,0.28597480058670044,0.38650745153427124
2647,True,LEFT_EAR,0.2763557434082031,0.3735804557800293,0.34814926981925964,0.99449223279953,0.9999657869338989,True,False,True,0.2763557434082031,0.3735804557800293
2648,True,LEFT_EAR,0.2687530517578125,0.36009716987609863,0.28650417923927307,0.9950156211853027,0.9995705485343933,True,False,True,0.2687530517578125,0.36009716987609863
2649,True,LEFT_EAR,0.2703773081302643,0.3469555079936981,0.3284413516521454,0.9955084323883057,0.9999923706054688,True,False,True,0.2703773081302643,0.3469555079936981
2650,True,LEFT_EAR,0.27717384696006775,0.34015628695487976,0.29082566499710083,0.9959560632705688,0.9999822378158569,True,False,True,0.27717384696006775,0.34015628695487976
2651,True,LEFT_EAR,0.2752871811389923,0.300313264131546,-0.03378768637776375,0.9963599443435669,0.9999135732650757,True,False,True,0.2752871811389923,0.300313264131546
2652,True,LEFT_EAR,0.2781408131122589,0.27689385414123535,0.21955296397209167,0.9967227578163147,0.9999920129776001,True,False,True,0.2781408131122589,0.27689385414123535
2653,True,LEFT_EAR,0.27723947167396545,0.27187761664390564,0.17454400658607483,0.9970458149909973,0.9999611377716064,True,False,True,0.27723947167396545,0.27187761664390564
2654,True,LEFT_EAR,0.27882879972457886,0.28273916244506836,0.054603785276412964,0.9971083402633667,0.9994667172431946,True,False,True,0.27882879972457886,0.28273916244506836
2655,True,LEFT_EAR,0.27907487750053406,0.2554207146167755,0.05221225693821907,0.9971387386322021,0.998852014541626,True,False,True,0.27907487750053406,0.2554207146167755
2656,True,LEFT_EAR,0.2836062014102936,0.25336065888404846,0.07255838066339493,0.9972127676010132,0.9994032382965088,True,False,True,0.2836062014102936,0.25336065888404846
2657,True,LEFT_EAR,0.29070165753364563,0.25813373923301697,-0.08467847853899002,0.9973129630088806,0.9997406601905823,True,False,True,0.29070165753364563,0.25813373923301697
2658,True,LEFT_EAR,0.3043946325778961,0.2667316496372223,-0.09086103737354279,0.997378408908844,0.9998635053634644,True,False,True,0.3043946325778961,0.2667316496372223
2659,True,LEFT_EAR,0.3086799383163452,0.26755544543266296,-0.12834039330482483,0.997394323348999,0.9997202754020691,True,False,True,0.3086799383163452,0.26755544543266296
2660,True,LEFT_EAR,0.31140047311782837,0.29590266942977905,-0.11027690768241882,0.9975582957267761,0.9998841285705566,True,False,True,0.31140047311782837,0.29590266942977905
2661,True,LEFT_EAR,0.31415268778800964,0.3130244016647339,-0.13735522329807281,0.9974532127380371,0.9997908473014832,True,False,True,0.31415268778800964,0.3130244016647339
2662,True,LEFT_EAR,0.3166808784008026,0.323961079120636,-0.07763004302978516,0.9974680542945862,0.9998300075531006,True,False,True,0.3166808784008026,0.323961079120636
2663,True,LEFT_EAR,0.3176019489765167,0.332767128944397,-0.06864193826913834,0.9974780678749084,0.9997208714485168,True,False,True,0.3176019489765167,0.332767128944397
2664,True,LEFT_EAR,0.31847432255744934,0.336943119764328,-0.014438562095165253,0.9976046085357666,0.9998494386672974,True,False,True,0.31847432255744934,0.336943119764328
2665,True,LEFT_EAR,0.3199102580547333,0.33747151494026184,-0.07668469101190567,0.9974528551101685,0.9998459815979004,True,False,True,0.3199102580547333,0.33747151494026184
2666,True,LEFT_EAR,0.3218924105167389,0.33799809217453003,-0.23033061623573303,0.9976683259010315,0.9996005892753601,True,False,True,0.3218924105167389,0.33799809217453003
2667,True,LEFT_EAR,0.31631118059158325,0.33435192704200745,-0.37303614616394043,0.997785210609436,0.9994128942489624,True,False,True,0.31631118059158325,0.33435192704200745
2668,True,LEFT_EAR,0.3065093457698822,0.3289773464202881,-0.34797003865242004,0.9979928731918335,0.9999005794525146,True,False,True,0.3065093457698822,0.3289773464202881
2669,True,LEFT_EAR,0.29657867550849915,0.31902503967285156,-0.40404021739959717,0.9981848001480103,0.9999680519104004,True,False,True,0.29657867550849915,0.31902503967285156
2670,True,LEFT_EAR,0.29403337836265564,0.30835169553756714,-0.3908121585845947,0.9983617067337036,0.9999520778656006,True,False,True,0.29403337836265564,0.30835169553756714
2671,True,LEFT_EAR,0.28841620683670044,0.2973370850086212,-0.43749579787254333,0.998518705368042,0.9999558925628662,True,False,True,0.28841620683670044,0.2973370850086212
2672,True,LEFT_EAR,0.28345057368278503,0.2849002182483673,-0.3882366716861725,0.9986609220504761,0.9999094009399414,True,False,True,0.28345057368278503,0.2849002182483673
2673,True,LEFT_EAR,0.28049954771995544,0.2731640040874481,-0.4035244286060333,0.9987908005714417,0.9999550580978394,True,False,True,0.28049954771995544,0.2731640040874481
2674,True,LEFT_EAR,0.27728891372680664,0.2649438977241516,-0.4434884488582611,0.9989022016525269,0.9999438524246216,True,False,True,0.27728891372680664,0.2649438977241516
2675,True,LEFT_EAR,0.27307286858558655,0.2590635418891907,-0.4362700879573822,0.999005913734436,0.9999452829360962,True,False,True,0.27307286858558655,0.2590635418891907
2676,True,LEFT_EAR,0.27061182260513306,0.25521329045295715,-0.434783935546875,0.9990918636322021,0.9998770952224731,True,False,True,0.27061182260513306,0.25521329045295715
2677,True,LEFT_EAR,0.2684520184993744,0.252013236284256,-0.4239000082015991,0.9991680979728699,0.9996232986450195,True,False,True,0.2684520184993744,0.252013236284256
2678,True,LEFT_EAR,0.26490262150764465,0.25113409757614136,-0.35476595163345337,0.999240517616272,0.9997057318687439,True,False,True,0.26490262150764465,0.25113409757614136
2679,True,LEFT_EAR,0.2625602185726166,0.25053495168685913,-0.3803512454032898,0.9993040561676025,0.9998443126678467,True,False,True,0.2625602185726166,0.25053495168685913
2680,True,LEFT_EAR,0.2587016522884369,0.2501479387283325,-0.40015119314193726,0.9993381500244141,0.9997007846832275,True,False,True,0.2587016522884369,0.2501479387283325
2681,True,LEFT_EAR,0.25630125403404236,0.24917039275169373,-0.3915284276008606,0.9993838667869568,0.9998283386230469,True,False,True,0.25630125403404236,0.24917039275169373
2682,True,LEFT_EAR,0.2527585029602051,0.24866268038749695,-0.39797723293304443,0.9994249939918518,0.9998037219047546,True,False,True,0.2527585029602051,0.24866268038749695
2683,True,LEFT_EAR,0.24996699392795563,0.24857835471630096,-0.33128252625465393,0.9994769096374512,0.9999086856842041,True,False,True,0.24996699392795563,0.24857835471630096
2684,True,LEFT_EAR,0.2452905923128128,0.2486768215894699,-0.2698028087615967,0.9995153546333313,0.9998348951339722,True,False,True,0.2452905923128128,0.2486768215894699
2685,True,LEFT_EAR,0.24068215489387512,0.24868755042552948,-0.2874581813812256,0.9995535612106323,0.9998551607131958,True,False,True,0.24068215489387512,0.24868755042552948
2686,True,LEFT_EAR,0.23738238215446472,0.2495386153459549,-0.299363374710083,0.9995815753936768,0.9998192191123962,True,False,True,0.23738238215446472,0.2495386153459549
2687,True,LEFT_EAR,0.23493893444538116,0.2500772476196289,-0.32312947511672974,0.9995959997177124,0.9997631907463074,True,False,True,0.23493893444538116,0.2500772476196289
2688,True,LEFT_EAR,0.23179970681667328,0.250434011220932,-0.29592201113700867,0.9996235370635986,0.9998051524162292,True,False,True,0.23179970681667328,0.250434011220932
2689,True,LEFT_EAR,0.22756774723529816,0.25069400668144226,-0.28190717101097107,0.9996443390846252,0.9997429251670837,True,False,True,0.22756774723529816,0.25069400668144226
2690,True,LEFT_EAR,0.22103911638259888,0.2509254217147827,-0.2770090401172638,0.99966961145401,0.999774158000946,True,False,True,0.22103911638259888,0.2509254217147827
2691,True,LEFT_EAR,0.2164934128522873,0.25099873542785645,-0.25763243436813354,0.9996969699859619,0.9998788833618164,True,False,True,0.2164934128522873,0.25099873542785645
2692,True,LEFT_EAR,0.21102726459503174,0.2510972321033478,-0.3247416317462921,0.9997190833091736,0.9998421669006348,True,False,True,0.21102726459503174,0.2510972321033478
2693,True,LEFT_EAR,0.2059265524148941,0.25115928053855896,-0.32386696338653564,0.9997321963310242,0.9998190999031067,True,False,True,0.2059265524148941,0.25115928053855896
2694,True,LEFT_EAR,0.20119555294513702,0.25120723247528076,-0.36579930782318115,0.9997434020042419,0.9998087286949158,True,False,True,0.20119555294513702,0.25120723247528076
2695,True,LEFT_EAR,0.1994391530752182,0.25076937675476074,-0.4326052665710449,0.999744713306427,0.999760091304779,True,False,True,0.1994391530752182,0.25076937675476074
2696,True,LEFT_EAR,0.19772431254386902,0.24699711799621582,-0.3886324465274811,0.999757707118988,0.9997674822807312,True,False,True,0.19772431254386902,0.24699711799621582
2697,True,LEFT_EAR,0.19746054708957672,0.24370579421520233,-0.46905532479286194,0.9997660517692566,0.9997833371162415,True,False,True,0.19746054708957672,0.24370579421520233
2698,True,LEFT_EAR,0.19302868843078613,0.2371903508901596,-0.4448474943637848,0.9997844099998474,0.9998708963394165,True,False,True,0.19302868843078613,0.2371903508901596
2699,True,LEFT_EAR,0.19385911524295807,0.23320403695106506,-0.41201308369636536,0.9997895359992981,0.999657154083252,True,False,True,0.19385911524295807,0.23320403695106506
2700,True,LEFT_EAR,0.19362519681453705,0.22920073568820953,-0.33373552560806274,0.9997962117195129,0.9992554783821106,True,False,True,0.19362519681453705,0.22920073568820953
2701,True,LEFT_EAR,0.19443640112876892,0.2260959893465042,-0.2827532887458801,0.9998092651367188,0.9995526671409607,True,False,True,0.19443640112876892,0.2260959893465042
2702,True,LEFT_EAR,0.1944962590932846,0.22511239349842072,-0.29770714044570923,0.9998224973678589,0.9994664788246155,True,False,True,0.1944962590932846,0.22511239349842072
2703,True,LEFT_EAR,0.19453679025173187,0.22399818897247314,-0.3140670955181122,0.999837338924408,0.9996034502983093,True,False,True,0.19453679025173187,0.22399818897247314
2704,True,LEFT_EAR,0.19502606987953186,0.22289317846298218,-0.30988702178001404,0.9998478889465332,0.9993953704833984,True,False,True,0.19502606987953186,0.22289317846298218
2705,True,LEFT_EAR,0.19445087015628815,0.22282376885414124,-0.2796713411808014,0.9998480677604675,0.9989328980445862,True,False,True,0.19445087015628815,0.22282376885414124
2706,True,LEFT_EAR,0.19473889470100403,0.22271104156970978,-0.23844611644744873,0.9998436570167542,0.9990993738174438,True,False,True,0.19473889470100403,0.22271104156970978
2707,True,LEFT_EAR,0.19613879919052124,0.22243736684322357,-0.26494118571281433,0.9998478293418884,0.9992321729660034,True,False,True,0.19613879919052124,0.22243736684322357
2708,True,LEFT_EAR,0.1973341703414917,0.22297006845474243,-0.25855752825737,0.9998575448989868,0.9995167255401611,True,False,True,0.1973341703414917,0.22297006845474243
2709,True,LEFT_EAR,0.2010769546031952,0.22313101589679718,-0.26555120944976807,0.9998612999916077,0.9991797804832458,True,False,True,0.2010769546031952,0.22313101589679718
2604,True,LEFT_ELBOW,0.34827950596809387,0.2984512448310852,0.05222086235880852,0.7654962539672852,0.9995266199111938,True,False,True,0.34827950596809387,0.2984512448310852
2605,True,LEFT_ELBOW,0.3486383259296417,0.3220961391925812,-0.007503549102693796,0.7775031924247742,0.9996623992919922,True,False,True,0.3486383259296417,0.3220961391925812
2606,True,LEFT_ELBOW,0.35137200355529785,0.2900437116622925,0.07678060978651047,0.7759057283401489,0.9995108842849731,True,False,True,0.35137200355529785,0.2900437116622925
2607,True,LEFT_ELBOW,0.354581356048584,0.2748962938785553,-0.009672594256699085,0.7730735540390015,0.9995367527008057,True,False,True,0.354581356048584,0.2748962938785553
2608,True,LEFT_ELBOW,0.3531420826911926,0.271177738904953,0.13357514142990112,0.7570129036903381,0.9995038509368896,True,False,True,0.3531420826911926,0.271177738904953
2609,True,LEFT_ELBOW,0.3533933162689209,0.2843811810016632,0.010445404797792435,0.7509592771530151,0.9990543723106384,True,False,True,0.3533933162689209,0.2843811810016632
2610,True,LEFT_ELBOW,0.34642937779426575,0.2850552797317505,0.10811349749565125,0.7200034260749817,0.9987916350364685,True,False,True,0.34642937779426575,0.2850552797317505
2611,True,LEFT_ELBOW,0.34700340032577515,0.29842498898506165,-0.097943976521492,0.7128767371177673,0.9985066056251526,True,False,True,0.34700340032577515,0.29842498898506165
2612,True,LEFT_ELBOW,0.3619401752948761,0.32310935854911804,-0.17616161704063416,0.7215121388435364,0.9986794590950012,True,False,True,0.3619401752948761,0.32310935854911804
2613,True,LEFT_ELBOW,0.3716425895690918,0.33088135719299316,-0.12086101621389389,0.7415287494659424,0.9986347556114197,True,False,True,0.3716425895690918,0.33088135719299316
2614,True,LEFT_ELBOW,0.37310880422592163,0.3248787820339203,-0.07541161775588989,0.7592487931251526,0.9974638223648071,True,False,True,0.37310880422592163,0.3248787820339203
2615,True,LEFT_ELBOW,0.372681200504303,0.33718758821487427,-0.04538406431674957,0.7586750984191895,0.9960106611251831,True,False,True,0.372681200504303,0.33718758821487427
2616,True,LEFT_ELBOW,0.3458663821220398,0.34120509028434753,0.0883249044418335,0.7273237705230713,0.9945855736732483,True,False,True,0.3458663821220398,0.34120509028434753
2617,True,LEFT_ELBOW,0.35105806589126587,0.347616046667099,0.06886743009090424,0.7221646904945374,0.9964537620544434,True,False,True,0.35105806589126587,0.347616046667099
2618,True,LEFT_ELBOW,0.3485446274280548,0.3411887288093567,0.14733698964118958,0.7111459374427795,0.9981208443641663,True,False,True,0.3485446274280548,0.3411887288093567
2619,True,LEFT_ELBOW,0.3474457859992981,0.34396955370903015,0.09067278355360031,0.6864643692970276,0.9970148801803589,True,False,True,0.3474457859992981,0.34396955370903015
2620,True,LEFT_ELBOW,0.34802913665771484,0.34968647360801697,0.062421586364507675,0.645455539226532,0.9920346140861511,True,False,True,0.34802913665771484,0.34968647360801697
2621,True,LEFT_ELBOW,0.35690709948539734,0.35839807987213135,0.021843018010258675,0.6139959692955017,0.9925456643104553,True,False,True,0.35690709948539734,0.35839807987213135
2622,True,LEFT_ELBOW,0.3595440089702606,0.3574613034725189,-0.013166449032723904,0.6084803342819214,0.9980644583702087,True,False,True,0.3595440089702606,0.3574613034725189
2623,True,LEFT_ELBOW,0.36066776514053345,0.36067864298820496,-0.03649295121431351,0.6173608303070068,0.9995613694190979,True,False,True,0.36066776514053345,0.36067864298820496
2624,True,LEFT_ELBOW,0.371367871761322,0.3696925938129425,0.07494175434112549,0.6362435221672058,0.9999110698699951,True,False,True,0.371367871761322,0.3696925938129425
2625,True,LEFT_ELBOW,0.37721720337867737,0.3734097480773926,0.13843625783920288,0.6556945443153381,0.9999724626541138,True,False,True,0.37721720337867737,0.3734097480773926
2626,True,LEFT_ELBOW,0.3919741213321686,0.3882540762424469,0.06649288535118103,0.6693581342697144,0.9999408721923828,True,False,True,0.3919741213321686,0.3882540762424469
2627,True,LEFT_ELBOW,0.40325772762298584,0.4010627269744873,0.05718708038330078,0.667976975440979,0.9999334812164307,True,False,True,0.40325772762298584,0.4010627269744873
2628,True,LEFT_ELBOW,0.41921675205230713,0.41220778226852417,-0.008387009613215923,0.6837668418884277,0.9999679327011108,True,False,True,0.41921675205230713,0.41220778226852417
2629,True,LEFT_ELBOW,0.428445041179657,0.4183333218097687,-0.0652182549238205,0.698819637298584,0.999974250793457,True,False,True,0.428445041179657,0.4183333218097687
2630,True,LEFT_ELBOW,0.44427964091300964,0.4257461130619049,-0.15100336074829102,0.71982342004776,0.9999805688858032,True,False,True,0.44427964091300964,0.4257461130619049
2631,True,LEFT_ELBOW,0.46201658248901367,0.43688300251960754,-0.1402328908443451,0.7451823353767395,0.9999861717224121,True,False,True,0.46201658248901367,0.43688300251960754
2632,True,LEFT_ELBOW,0.4790101647377014,0.4392184019088745,-0.14293570816516876,0.7694682478904724,0.999990701675415,True,False,True,0.4790101647377014,0.4392184019088745
2633,True,LEFT_ELBOW,0.4933699071407318,0.4350162148475647,-0.19605432450771332,0.791840136051178,0.9999955892562866,True,False,True,0.4933699071407318,0.4350162148475647
2634,True,LEFT_ELBOW,0.4978271424770355,0.4291320741176605,-0.1778782308101654,0.8108904361724854,0.9999860525131226,True,False,True,0.4978271424770355,0.4291320741176605
2635,True,LEFT_ELBOW,0.4835380017757416,0.4361032247543335,0.04470503330230713,0.816408097743988,0.9999362230300903,True,False,True,0.4835380017757416,0.4361032247543335
2636,True,LEFT_ELBOW,0.47711044549942017,0.4322681128978729,0.17049503326416016,0.8125583529472351,0.9999173879623413,True,False,True,0.47711044549942017,0.4322681128978729
2637,True,LEFT_ELBOW,0.4765453338623047,0.4461256265640259,0.22532252967357635,0.7977031469345093,0.999879002571106,True,False,True,0.4765453338623047,0.4461256265640259
2638,True,LEFT_ELBOW,0.2531970739364624,0.4592582881450653,0.3351062536239624,0.7586656212806702,0.9989652633666992,True,False,True,0.2531970739364624,0.4592582881450653
2639,True,LEFT_ELBOW,0.3022715151309967,0.4508390724658966,0.4913748800754547,0.6902510523796082,0.9988963603973389,True,False,True,0.3022715151309967,0.4508390724658966
2640,True,LEFT_ELBOW,0.261803537607193,0.5275827646255493,0.24384093284606934,0.6959630250930786,0.9998130202293396,True,False,True,0.261803537607193,0.5275827646255493
2641,True,LEFT_ELBOW,0.2796494662761688,0.5197182893753052,0.07780066877603531,0.7260167002677917,0.9997552037239075,True,False,True,0.2796494662761688,0.5197182893753052
2642,True,LEFT_ELBOW,0.2568325400352478,0.5459639430046082,0.08970940113067627,0.7134507894515991,0.9932635426521301,True,False,True,0.2568325400352478,0.5459639430046082
2643,True,LEFT_ELBOW,0.26888981461524963,0.5442411303520203,0.10258855670690536,0.7041972875595093,0.9973529577255249,True,False,True,0.26888981461524963,0.5442411303520203
2644,True,LEFT_ELBOW,0.28287526965141296,0.5487703680992126,0.22008377313613892,0.6819921731948853,0.9992355108261108,True,False,True,0.28287526965141296,0.5487703680992126
2645,True,LEFT_ELBOW,0.28981268405914307,0.5389868021011353,0.29723185300827026,0.7121204137802124,0.9998507499694824,True,False,True,0.28981268405914307,0.5389868021011353
2646,True,LEFT_ELBOW,0.2755136787891388,0.5284665822982788,0.17243844270706177,0.7336632609367371,0.9994474053382874,True,False,True,0.2755136787891388,0.5284665822982788
2647,True,LEFT_ELBOW,0.24649570882320404,0.4971823990345001,0.24968838691711426,0.70554518699646,0.9993777275085449,True,False,True,0.24649570882320404,0.4971823990345001
2648,True,LEFT_ELBOW,0.20168940722942352,0.44305604696273804,0.20624901354312897,0.6978242993354797,0.9982883334159851,True,False,True,0.20168940722942352,0.44305604696273804
2649,True,LEFT_ELBOW,0.2544984221458435,0.44566693902015686,-0.20155586302280426,0.6553505063056946,0.9993447661399841,True,False,True,0.2544984221458435,0.44566693902015686
2650,True,LEFT_ELBOW,0.2561143636703491,0.4155476987361908,-0.07631061226129532,0.6429943442344666,0.9994547963142395,True,False,True,0.2561143636703491,0.4155476987361908
2651,True,LEFT_ELBOW,0.2404026836156845,0.3054502308368683,0.021135395392775536,0.6704493165016174,0.9999769926071167,True,False,True,0.2404026836156845,0.3054502308368683
2652,True,LEFT_ELBOW,0.22586165368556976,0.32369276881217957,0.15568232536315918,0.6669912338256836,0.9999336004257202,True,False,True,0.22586165368556976,0.32369276881217957
2653,True,LEFT_ELBOW,0.23545527458190918,0.3146706819534302,0.14815984666347504,0.6790585517883301,0.9997878670692444,True,False,True,0.23545527458190918,0.3146706819534302
2654,True,LEFT_ELBOW,0.2428509145975113,0.3205775022506714,-0.057716283947229385,0.6797247529029846,0.9990136623382568,True,False,True,0.2428509145975113,0.3205775022506714
2655,True,LEFT_ELBOW,0.21960216760635376,0.35548466444015503,0.02255937084555626,0.6516548991203308,0.9984093308448792,True,False,True,0.21960216760635376,0.35548466444015503
2656,True,LEFT_ELBOW,0.2308158576488495,0.3845824897289276,0.024899939075112343,0.6594182252883911,0.9984642267227173,True,False,True,0.2308158576488495,0.3845824897289276
2657,True,LEFT_ELBOW,0.2646719515323639,0.414885938167572,-0.053626373410224915,0.6658052802085876,0.998582124710083,True,False,True,0.2646719515323639,0.414885938167572
2658,True,LEFT_ELBOW,0.31798020005226135,0.42753276228904724,-0.08624262362718582,0.6656477451324463,0.9992268085479736,True,False,True,0.31798020005226135,0.42753276228904724
2659,True,LEFT_ELBOW,0.34868016839027405,0.4399948716163635,-0.09395744651556015,0.6647564768791199,0.9975874423980713,True,False,True,0.34868016839027405,0.4399948716163635
2660,True,LEFT_ELBOW,0.34809085726737976,0.4669148027896881,-0.05541827157139778,0.6790006160736084,0.9984568357467651,True,False,True,0.34809085726737976,0.4669148027896881
2661,True,LEFT_ELBOW,0.35809561610221863,0.4695027768611908,-0.06562646478414536,0.678799033164978,0.9958879351615906,True,False,True,0.35809561610221863,0.4695027768611908
2662,True,LEFT_ELBOW,0.35671356320381165,0.47148630023002625,0.0027769228909164667,0.6831417679786682,0.9969795942306519,True,False,True,0.35671356320381165,0.47148630023002625
2663,True,LEFT_ELBOW,0.3757393956184387,0.463346928358078,0.06352744251489639,0.67759770154953,0.9926222562789917,True,False,True,0.3757393956184387,0.463346928358078
2664,True,LEFT_ELBOW,0.37931302189826965,0.4902149736881256,0.04379873350262642,0.6948218941688538,0.9957385063171387,True,False,True,0.37931302189826965,0.4902149736881256
2665,True,LEFT_ELBOW,0.38349679112434387,0.49083253741264343,-0.154518261551857,0.720077395439148,0.9961307048797607,True,False,True,0.38349679112434387,0.49083253741264343
2666,True,LEFT_ELBOW,0.39521658420562744,0.5015950202941895,-0.2642795741558075,0.7448587417602539,0.9948773980140686,True,False,True,0.39521658420562744,0.5015950202941895
2667,True,LEFT_ELBOW,0.3969321548938751,0.49529221653938293,-0.47337499260902405,0.7692078948020935,0.9967382550239563,True,False,True,0.3969321548938751,0.49529221653938293
2668,True,LEFT_ELBOW,0.40353885293006897,0.4879096448421478,-0.4752958118915558,0.7921178340911865,0.9995245933532715,True,False,True,0.40353885293006897,0.4879096448421478
2669,True,LEFT_ELBOW,0.40351602435112,0.48653700947761536,-0.4922585189342499,0.8128231167793274,0.9998294115066528,True,False,True,0.40351602435112,0.48653700947761536
2670,True,LEFT_ELBOW,0.4043976366519928,0.47042393684387207,-0.47160306572914124,0.8314964175224304,0.9998739957809448,True,False,True,0.4043976366519928,0.47042393684387207
2671,True,LEFT_ELBOW,0.40564897656440735,0.4530186653137207,-0.4544089436531067,0.8483137488365173,0.9998741149902344,True,False,True,0.40564897656440735,0.4530186653137207
2672,True,LEFT_ELBOW,0.4065026342868805,0.4383392632007599,-0.4089455306529999,0.8634383082389832,0.9998476505279541,True,False,True,0.4065026342868805,0.4383392632007599
2673,True,LEFT_ELBOW,0.4078611135482788,0.42592430114746094,-0.4217284619808197,0.877059817314148,0.9998633861541748,True,False,True,0.4078611135482788,0.42592430114746094
2674,True,LEFT_ELBOW,0.4093911349773407,0.41793668270111084,-0.43688079714775085,0.8893013000488281,0.9997569918632507,True,False,True,0.4093911349773407,0.41793668270111084
2675,True,LEFT_ELBOW,0.4097343385219574,0.41179636120796204,-0.41596490144729614,0.9003454446792603,0.9998300075531006,True,False,True,0.4097343385219574,0.41179636120796204
2676,True,LEFT_ELBOW,0.4102639853954315,0.4023247957229614,-0.3953547775745392,0.9102828502655029,0.9997350573539734,True,False,True,0.4102639853954315,0.4023247957229614
2677,True,LEFT_ELBOW,0.40931031107902527,0.39448103308677673,-0.3605319857597351,0.9192081093788147,0.9987646341323853,True,False,True,0.40931031107902527,0.39448103308677673
2678,True,LEFT_ELBOW,0.4081323444843292,0.3920575976371765,-0.3484478294849396,0.9272522330284119,0.9992971420288086,True,False,True,0.4081323444843292,0.3920575976371765
2679,True,LEFT_ELBOW,0.407783180475235,0.3913278579711914,-0.3726872503757477,0.9344944357872009,0.9994494318962097,True,False,True,0.407783180475235,0.3913278579711914
2680,True,LEFT_ELBOW,0.4054124057292938,0.3912292420864105,-0.3948972523212433,0.9410037398338318,0.999349057674408,True,False,True,0.4054124057292938,0.3912292420864105
2681,True,LEFT_ELBOW,0.399859756231308,0.39164185523986816,-0.39139777421951294,0.9468841552734375,0.9995613694190979,True,False,True,0.399859756231308,0.39164185523986816
2682,True,LEFT_ELBOW,0.39056703448295593,0.3923743665218353,-0.39065539836883545,0.9521741271018982,0.9995595812797546,True,False,True,0.39056703448295593,0.3923743665218353
2683,True,LEFT_ELBOW,0.3798340857028961,0.3908407390117645,-0.2819530665874481,0.9569262266159058,0.9997181296348572,True,False,True,0.3798340857028961,0.3908407390117645
2684,True,LEFT_ELBOW,0.37234026193618774,0.38917651772499084,-0.2337581366300583,0.9611284136772156,0.9995861649513245,True,False,True,0.37234026193618774,0.38917651772499084
2685,True,LEFT_ELBOW,0.36866530776023865,0.3910678029060364,-0.2638876438140869,0.9649513959884644,0.9996645450592041,True,False,True,0.36866530776023865,0.3910678029060364
2686,True,LEFT_ELBOW,0.36254245042800903,0.3918042480945587,-0.25845712423324585,0.9683851003646851,0.9997627139091492,True,False,True,0.36254245042800903,0.3918042480945587
2687,True,LEFT_ELBOW,0.3568633496761322,0.3919822871685028,-0.2810318171977997,0.9714910387992859,0.9997438788414001,True,False,True,0.3568633496761322,0.3919822871685028
2688,True,LEFT_ELBOW,0.35266825556755066,0.39296382665634155,-0.2563982903957367,0.974289059638977,0.9997832179069519,True,False,True,0.35266825556755066,0.39296382665634155
2689,True,LEFT_ELBOW,0.34654420614242554,0.3937523066997528,-0.23745399713516235,0.9767928123474121,0.999733030796051,True,False,True,0.34654420614242554,0.3937523066997528
2690,True,LEFT_ELBOW,0.3407496213912964,0.3940962255001068,-0.23754580318927765,0.9790686368942261,0.9997407793998718,True,False,True,0.3407496213912964,0.3940962255001068
2691,True,LEFT_ELBOW,0.3357950747013092,0.39448899030685425,-0.22257812321186066,0.9811209440231323,0.9998794794082642,True,False,True,0.3357950747013092,0.39448899030685425
2692,True,LEFT_ELBOW,0.33167314529418945,0.39474350214004517,-0.25002357363700867,0.9829817414283752,0.9998087286949158,True,False,True,0.33167314529418945,0.39474350214004517
2693,True,LEFT_ELBOW,0.32793790102005005,0.3945019245147705,-0.2551755905151367,0.9846480488777161,0.999849796295166,True,False,True,0.32793790102005005,0.3945019245147705
2694,True,LEFT_ELBOW,0.3256496787071228,0.3945746123790741,-0.3003305494785309,0.9861509799957275,0.9998229146003723,True,False,True,0.3256496787071228,0.3945746123790741
2695,True,LEFT_ELBOW,0.32052165269851685,0.393575519323349,-0.32098492980003357,0.9874801635742188,0.9998074173927307,True,False,True,0.32052165269851685,0.393575519323349
2696,True,LEFT_ELBOW,0.3194207549095154,0.3909975290298462,-0.31939390301704407,0.9886592030525208,0.9998428821563721,True,False,True,0.3194207549095154,0.3909975290298462
2697,True,LEFT_ELBOW,0.31674301624298096,0.3884320855140686,-0.3254489302635193,0.9897220134735107,0.9998626708984375,True,False,True,0.31674301624298096,0.3884320855140686
2698,True,LEFT_ELBOW,0.3166247308254242,0.38428428769111633,-0.2969949245452881,0.9906843900680542,0.9998505115509033,True,False,True,0.3166247308254242,0.38428428769111633
2699,True,LEFT_ELBOW,0.31498783826828003,0.3816169500350952,-0.26238709688186646,0.991489827632904,0.9997500777244568,True,False,True,0.31498783826828003,0.3816169500350952
2700,True,LEFT_ELBOW,0.31228458881378174,0.3787766695022583,-0.19209402799606323,0.9921696186065674,0.99959796667099,True,False,True,0.31228458881378174,0.3787766695022583
2701,True,LEFT_ELBOW,0.3101600408554077,0.37717193365097046,-0.18211279809474945,0.9928396344184875,0.9997372031211853,True,False,True,0.3101600408554077,0.37717193365097046
2702,True,LEFT_ELBOW,0.3102009892463684,0.3777632415294647,-0.2095998078584671,0.9934960007667542,0.9997790455818176,True,False,True,0.3102009892463684,0.3777632415294647
2703,True,LEFT_ELBOW,0.3103737235069275,0.37846049666404724,-0.21844668686389923,0.9940875172615051,0.9997822642326355,True,False,True,0.3103737235069275,0.37846049666404724
2704,True,LEFT_ELBOW,0.3092641234397888,0.3789557218551636,-0.19957619905471802,0.9946187138557434,0.9998300075531006,True,False,True,0.3092641234397888,0.3789557218551636
2705,True,LEFT_ELBOW,0.3080520033836365,0.3792566657066345,-0.2058340460062027,0.9950498938560486,0.9995881915092468,True,False,True,0.3080520033836365,0.3792566657066345
2706,True,LEFT_ELBOW,0.3076060712337494,0.3803882896900177,-0.1858174055814743,0.9952869415283203,0.9994215965270996,True,False,True,0.3076060712337494,0.3803882896900177
2707,True,LEFT_ELBOW,0.30770015716552734,0.38387998938560486,-0.19222798943519592,0.9955792427062988,0.9993231296539307,True,False,True,0.30770015716552734,0.38387998938560486
2708,True,LEFT_ELBOW,0.30810680985450745,0.39069369435310364,-0.19488991796970367,0.9958891272544861,0.9995197057723999,True,False,True,0.30810680985450745,0.39069369435310364
2709,True,LEFT_ELBOW,0.308276891708374,0.3968770503997803,-0.18617558479309082,0.9961487650871277,0.9996395111083984,True,False,True,0.308276891708374,0.3968770503997803
2604,True,LEFT_EYE,0.2581273317337036,0.21687352657318115,-0.11466792970895767,0.999738872051239,0.999904990196228,True,False,True,0.2581273317337036,0.21687352657318115
2605,True,LEFT_EYE,0.2695942223072052,0.2162836790084839,-0.13758260011672974,0.9997288584709167,0.9999022483825684,True,False,True,0.2695942223072052,0.2162836790084839
2606,True,LEFT_EYE,0.2688995897769928,0.2142804116010666,-0.1365528553724289,0.9997357130050659,0.9999219179153442,True,False,True,0.2688995897769928,0.2142804116010666
2607,True,LEFT_EYE,0.2713952660560608,0.2163844257593155,-0.2223808318376541,0.9997144937515259,0.9999426603317261,True,False,True,0.2713952660560608,0.2163844257593155
2608,True,LEFT_EYE,0.27333176136016846,0.2163962721824646,-0.19370925426483154,0.9997264742851257,0.9999557733535767,True,False,True,0.27333176136016846,0.2163962721824646
2609,True,LEFT_EYE,0.2736155390739441,0.21653100848197937,-0.17249572277069092,0.99974524974823,0.9999547004699707,True,False,True,0.2736155390739441,0.21653100848197937
2610,True,LEFT_EYE,0.27722564339637756,0.2165401577949524,-0.17517046630382538,0.9997057914733887,0.9998618364334106,True,False,True,0.27722564339637756,0.2165401577949524
2611,True,LEFT_EYE,0.28103208541870117,0.21511346101760864,-0.2054361253976822,0.9996924996376038,0.9998711347579956,True,False,True,0.28103208541870117,0.21511346101760864
2612,True,LEFT_EYE,0.2887415289878845,0.21323812007904053,-0.23927991092205048,0.9996981620788574,0.9998905658721924,True,False,True,0.2887415289878845,0.21323812007904053
2613,True,LEFT_EYE,0.2902624309062958,0.2128811776638031,-0.21077072620391846,0.9997116923332214,0.9998698234558105,True,False,True,0.2902624309062958,0.2128811776638031
2614,True,LEFT_EYE,0.2883010804653168,0.21341553330421448,-0.20263013243675232,0.9996627569198608,0.9996309280395508,True,False,True,0.2883010804653168,0.21341553330421448
2615,True,LEFT_EYE,0.28886285424232483,0.21324680745601654,-0.16450217366218567,0.9995524287223816,0.999301552772522,True,False,True,0.28886285424232483,0.21324680745601654
2616,True,LEFT_EYE,0.28901857137680054,0.2132595330476761,-0.09557019174098969,0.9993224143981934,0.9980928301811218,True,False,True,0.28901857137680054,0.2132595330476761
2617,True,LEFT_EYE,0.2926035225391388,0.21345044672489166,-0.1109270229935646,0.999189019203186,0.9987127780914307,True,False,True,0.2926035225391388,0.21345044672489166
2618,True,LEFT_EYE,0.29559680819511414,0.21544308960437775,-0.12373964488506317,0.9991444945335388,0.9988001585006714,True,False,True,0.29559680819511414,0.21544308960437775
2619,True,LEFT_EYE,0.2958216965198517,0.21684426069259644,-0.14787624776363373,0.9988505840301514,0.9979033470153809,True,False,True,0.2958216965198517,0.21684426069259644
2620,True,LEFT_EYE,0.2993909418582916,0.21697379648685455,-0.2123657912015915,0.9986153244972229,0.9979700446128845,True,False,True,0.2993909418582916,0.21697379648685455
2621,True,LEFT_EYE,0.30480146408081055,0.2174031138420105,-0.2599930465221405,0.9982811808586121,0.9985186457633972,True,False,True,0.30480146408081055,0.2174031138420105
2622,True,LEFT_EYE,0.308030366897583,0.21993564069271088,-0.30693891644477844,0.9982234239578247,0.9995786547660828,True,False,True,0.308030366897583,0.21993564069271088
2623,True,LEFT_EYE,0.3100780248641968,0.2266755849123001,-0.36588582396507263,0.9982205629348755,0.9996719360351562,True,False,True,0.3100780248641968,0.2266755849123001
2624,True,LEFT_EYE,0.3196566104888916,0.2303972989320755,-0.289568692445755,0.9983509182929993,0.9998776912689209,True,False,True,0.3196566104888916,0.2303972989320755
2625,True,LEFT_EYE,0.3246188163757324,0.2396383136510849,-0.28374040126800537,0.998466968536377,0.9998928308486938,True,False,True,0.3246188163757324,0.2396383136510849
2626,True,LEFT_EYE,0.3341919779777527,0.24777817726135254,-0.29938191175460815,0.9984975457191467,0.9998086094856262,True,False,True,0.3341919779777527,0.24777817726135254
2627,True,LEFT_EYE,0.3424352705478668,0.26155784726142883,-0.3256673216819763,0.998436450958252,0.9995787739753723,True,False,True,0.3424352705478668,0.26155784726142883
2628,True,LEFT_EYE,0.3509000837802887,0.2814088761806488,-0.3783373236656189,0.9984006881713867,0.9996591806411743,True,False,True,0.3509000837802887,0.2814088761806488
2629,True,LEFT_EYE,0.3609195649623871,0.2941659986972809,-0.4998983144760132,0.9985155463218689,0.9998962879180908,True,False,True,0.3609195649623871,0.2941659986972809
2630,True,LEFT_EYE,0.36771735548973083,0.31220629811286926,-0.5804270505905151,0.9986268281936646,0.9999455213546753,True,False,True,0.36771735548973083,0.31220629811286926
2631,True,LEFT_EYE,0.37231919169425964,0.3351597189903259,-0.6244099736213684,0.9987437725067139,0.9999537467956543,True,False,True,0.37231919169425964,0.3351597189903259
2632,True,LEFT_EYE,0.38344988226890564,0.3493446111679077,-0.583712637424469,0.998858630657196,0.999963641166687,True,False,True,0.38344988226890564,0.3493446111679077
2633,True,LEFT_EYE,0.3900980055332184,0.36231809854507446,-0.641368567943573,0.9989636540412903,0.9999858140945435,True,False,True,0.3900980055332184,0.36231809854507446
2634,True,LEFT_EYE,0.3945780098438263,0.3777214586734772,-0.6336219310760498,0.9990482330322266,0.9999735355377197,True,False,True,0.3945780098438263,0.3777214586734772
2635,True,LEFT_EYE,0.40372392535209656,0.38794243335723877,-0.3323175609111786,0.9990739226341248,0.9997909665107727,True,False,True,0.40372392535209656,0.38794243335723877
2636,True,LEFT_EYE,0.4014057219028473,0.4001554846763611,-0.2092539668083191,0.9991428256034851,0.999919056892395,True,False,True,0.4014057219028473,0.4001554846763611
2637,True,LEFT_EYE,0.40779823064804077,0.39252975583076477,-0.22799788415431976,0.9991738796234131,0.9995823502540588,True,False,True,0.40779823064804077,0.39252975583076477
2638,True,LEFT_EYE,0.40461382269859314,0.3813154697418213,0.03398468717932701,0.9991280436515808,0.9996365308761597,True,False,True,0.40461382269859314,0.3813154697418213
2639,True,LEFT_EYE,0.4018459916114807,0.3746531307697296,0.06736837327480316,0.9990003705024719,0.9999181032180786,True,False,True,0.4018459916114807,0.3746531307697296
2640,True,LEFT_EYE,0.3562820851802826,0.378761887550354,0.2613588869571686,0.9990699887275696,0.9999953508377075,True,False,True,0.3562820851802826,0.378761887550354
2641,True,LEFT_EYE,0.3246081471443176,0.3823345899581909,0.18309494853019714,0.9991198182106018,0.9999817609786987,True,False,True,0.3246081471443176,0.3823345899581909
2642,True,LEFT_EYE,0.30848047137260437,0.3855490982532501,0.023364311084151268,0.9988203048706055,0.9998956918716431,True,False,True,0.30848047137260437,0.3855490982532501
2643,True,LEFT_EYE,0.30487877130508423,0.3894599676132202,0.3406558036804199,0.9962121248245239,0.9998936653137207,True,False,True,0.30487877130508423,0.3894599676132202
2644,True,LEFT_EYE,0.30540865659713745,0.38843289017677307,0.6376158595085144,0.9954310059547424,0.9999933242797852,True,False,True,0.30540865659713745,0.38843289017677307
2645,True,LEFT_EYE,0.302392840385437,0.386303186416626,0.6919482946395874,0.9947964549064636,0.9999494552612305,True,False,True,0.302392840385437,0.386303186416626
2646,True,LEFT_EYE,0.2910205125808716,0.3793831765651703,0.6859306693077087,0.9942685961723328,0.9999353885650635,True,False,True,0.2910205125808716,0.3793831765651703
2647,True,LEFT_EYE,0.2770483195781708,0.36886006593704224,0.49531105160713196,0.9948375821113586,0.9999643564224243,True,False,True,0.2770483195781708,0.36886006593704224
2648,True,LEFT_EYE,0.26883330941200256,0.35575687885284424,0.4302412271499634,0.9953270554542542,0.9993001222610474,True,False,True,0.26883330941200256,0.35575687885284424
2649,True,LEFT_EYE,0.2707647979259491,0.34210658073425293,0.4861465394496918,0.9957913756370544,0.999990701675415,True,False,True,0.2707647979259491,0.34210658073425293
2650,True,LEFT_EYE,0.275010883808136,0.33932092785835266,0.4309055507183075,0.9962111711502075,0.9999831914901733,True,False,True,0.275010883808136,0.33932092785835266
2651,True,LEFT_EYE,0.25517430901527405,0.3052445650100708,0.029134226962924004,0.9965893030166626,0.9998534917831421,True,False,True,0.25517430901527405,0.3052445650100708
2652,True,LEFT_EYE,0.2580845057964325,0.2663547694683075,0.3835543990135193,0.9969294667243958,0.9999908208847046,True,False,True,0.2580845057964325,0.2663547694683075
2653,True,LEFT_EYE,0.26959529519081116,0.2639709711074829,0.3407614231109619,0.9972330331802368,0.9999500513076782,True,False,True,0.26959529519081116,0.2639709711074829
2654,True,LEFT_EYE,0.2730013430118561,0.27790677547454834,0.1823800504207611,0.9973373413085938,0.9992150068283081,True,False,True,0.2730013430118561,0.27790677547454834
2655,True,LEFT_EYE,0.2757009267807007,0.24588508903980255,0.21825920045375824,0.9973708391189575,0.9973053932189941,True,False,True,0.2757009267807007,0.24588508903980255
2656,True,LEFT_EYE,0.2861240804195404,0.24598604440689087,0.23485316336154938,0.997440755367279,0.9983015060424805,True,False,True,0.2861240804195404,0.24598604440689087
2657,True,LEFT_EYE,0.2931215167045593,0.24933947622776031,0.08920229226350784,0.9975493550300598,0.999407172203064,True,False,True,0.2931215167045593,0.24933947622776031
2658,True,LEFT_EYE,0.30559462308883667,0.25751450657844543,0.08361415565013885,0.9975568056106567,0.9997414946556091,True,False,True,0.30559462308883667,0.25751450657844543
2659,True,LEFT_EYE,0.30912354588508606,0.2620953321456909,0.04789545014500618,0.997557520866394,0.9994972944259644,True,False,True,0.30912354588508606,0.2620953321456909
2660,True,LEFT_EYE,0.31196895241737366,0.2891356647014618,0.05274250730872154,0.9977010488510132,0.9997978806495667,True,False,True,0.31196895241737366,0.2891356647014618
2661,True,LEFT_EYE,0.3138308525085449,0.30377572774887085,0.021937940269708633,0.9975852966308594,0.9995772242546082,True,False,True,0.3138308525085449,0.30377572774887085
2662,True,LEFT_EYE,0.3152425289154053,0.31422948837280273,0.08323247730731964,0.9975891709327698,0.9997609257698059,True,False,True,0.3152425289154053,0.31422948837280273
2663,True,LEFT_EYE,0.3170166015625,0.3236638903617859,0.10337405651807785,0.9976255297660828,0.99964439868927,True,False,True,0.3170166015625,0.3236638903617859
2664,True,LEFT_EYE,0.31796085834503174,0.3275129199028015,0.12262564152479172,0.9977744221687317,0.9998413324356079,True,False,True,0.31796085834503174,0.3275129199028015
2665,True,LEFT_EYE,0.31914186477661133,0.33030563592910767,0.05349808558821678,0.9977477788925171,0.9997885823249817,True,False,True,0.31914186477661133,0.33030563592910767
2666,True,LEFT_EYE,0.31540870666503906,0.3339839577674866,-0.2187015861272812,0.9979439377784729,0.9997022747993469,True,False,True,0.31540870666503906,0.3339839577674866
2667,True,LEFT_EYE,0.2988903224468231,0.3304379880428314,-0.34850311279296875,0.9980332851409912,0.9994086027145386,True,False,True,0.2988903224468231,0.3304379880428314
2668,True,LEFT_EYE,0.2829887568950653,0.32788947224617004,-0.34259888529777527,0.998218297958374,0.9999109506607056,True,False,True,0.2829887568950653,0.32788947224617004
2669,True,LEFT_EYE,0.27220433950424194,0.32611316442489624,-0.40382102131843567,0.9983864426612854,0.9999648332595825,True,False,True,0.27220433950424194,0.32611316442489624
2670,True,LEFT_EYE,0.26902008056640625,0.316397488117218,-0.40347999334335327,0.9985424876213074,0.999953031539917,True,False,True,0.26902008056640625,0.316397488117218
2671,True,LEFT_EYE,0.2628561854362488,0.305327832698822,-0.4596041142940521,0.9986793994903564,0.9999520778656006,True,False,True,0.2628561854362488,0.305327832698822
2672,True,LEFT_EYE,0.2581636607646942,0.2907111942768097,-0.39836451411247253,0.998803973197937,0.9999046325683594,True,False,True,0.2581636607646942,0.2907111942768097
2673,True,LEFT_EYE,0.2569141685962677,0.27849921584129333,-0.4311535656452179,0.9989170432090759,0.9999440908432007,True,False,True,0.2569141685962677,0.27849921584129333
2674,True,LEFT_EYE,0.25351980328559875,0.26899948716163635,-0.4741237461566925,0.9990108609199524,0.9999297857284546,True,False,True,0.25351980328559875,0.26899948716163635
2675,True,LEFT_EYE,0.24847561120986938,0.2653670608997345,-0.4862428307533264,0.9991012811660767,0.999943733215332,True,False,True,0.24847561120986938,0.2653670608997345
2676,True,LEFT_EYE,0.24665649235248566,0.26259633898735046,-0.5035497546195984,0.9991721510887146,0.9998807907104492,True,False,True,0.24665649235248566,0.26259633898735046
2677,True,LEFT_EYE,0.24477526545524597,0.25976282358169556,-0.4444744288921356,0.9992319941520691,0.999675989151001,True,False,True,0.24477526545524597,0.25976282358169556
2678,True,LEFT_EYE,0.24135100841522217,0.2589537799358368,-0.4163142442703247,0.9992892146110535,0.9997056126594543,True,False,True,0.24135100841522217,0.2589537799358368
2679,True,LEFT_EYE,0.23915021121501923,0.2606971263885498,-0.4651426672935486,0.9993378520011902,0.9998400211334229,True,False,True,0.23915021121501923,0.2606971263885498
2680,True,LEFT_EYE,0.23490501940250397,0.2597968578338623,-0.47851690649986267,0.9993466734886169,0.9997074007987976,True,False,True,0.23490501940250397,0.2597968578338623
2681,True,LEFT_EYE,0.23219715058803558,0.25842124223709106,-0.4553895592689514,0.9993694424629211,0.999800980091095,True,False,True,0.23219715058803558,0.25842124223709106
2682,True,LEFT_EYE,0.2289801388978958,0.25649550557136536,-0.46845611929893494,0.9993937611579895,0.999771773815155,True,False,True,0.2289801388978958,0.25649550557136536
2683,True,LEFT_EYE,0.22663336992263794,0.256088525056839,-0.4306519329547882,0.999445378780365,0.9999140501022339,True,False,True,0.22663336992263794,0.256088525056839
2684,True,LEFT_EYE,0.22221504151821136,0.25496232509613037,-0.34806010127067566,0.9994782209396362,0.999825656414032,True,False,True,0.22221504151821136,0.25496232509613037
2685,True,LEFT_EYE,0.21753962337970734,0.25323960185050964,-0.35745829343795776,0.9995129704475403,0.9998339414596558,True,False,True,0.21753962337970734,0.25323960185050964
2686,True,LEFT_EYE,0.21357937157154083,0.2544404864311218,-0.3622676432132721,0.9995322823524475,0.9997895359992981,True,False,True,0.21357937157154083,0.2544404864311218
2687,True,LEFT_EYE,0.21161262691020966,0.2550234794616699,-0.3964126408100128,0.9995321035385132,0.9997249245643616,True,False,True,0.21161262691020966,0.2550234794616699
2688,True,LEFT_EYE,0.20828242599964142,0.255638986825943,-0.36862802505493164,0.9995590448379517,0.9997959733009338,True,False,True,0.20828242599964142,0.255638986825943
2689,True,LEFT_EYE,0.20409435033798218,0.2554950416088104,-0.36694037914276123,0.999582052230835,0.9997521042823792,True,False,True,0.20409435033798218,0.2554950416088104
2690,True,LEFT_EYE,0.197767972946167,0.2558251619338989,-0.35915109515190125,0.9996119737625122,0.9997965693473816,True,False,True,0.197767972946167,0.2558251619338989
2691,True,LEFT_EYE,0.19315128028392792,0.25563985109329224,-0.34941965341567993,0.9996445178985596,0.9998867511749268,True,False,True,0.19315128028392792,0.25563985109329224
2692,True,LEFT_EYE,0.1882844716310501,0.25577181577682495,-0.41524553298950195,0.9996716380119324,0.9998606443405151,True,False,True,0.1882844716310501,0.25577181577682495
2693,True,LEFT_EYE,0.183248832821846,0.2561527192592621,-0.4122512936592102,0.9996856451034546,0.9998111128807068,True,False,True,0.183248832821846,0.2561527192592621
2694,True,LEFT_EYE,0.17715780436992645,0.25646746158599854,-0.44032829999923706,0.9996964931488037,0.9998002648353577,True,False,True,0.17715780436992645,0.25646746158599854
2695,True,LEFT_EYE,0.17562733590602875,0.2565878927707672,-0.5166109800338745,0.999700129032135,0.9997581839561462,True,False,True,0.17562733590602875,0.2565878927707672
2696,True,LEFT_EYE,0.1736985296010971,0.2528960406780243,-0.47363197803497314,0.9997180104255676,0.9997598528862,True,False,True,0.1736985296010971,0.2528960406780243
2697,True,LEFT_EYE,0.17446887493133545,0.24922578036785126,-0.5972390174865723,0.9997337460517883,0.9997901320457458,True,False,True,0.17446887493133545,0.24922578036785126
2698,True,LEFT_EYE,0.1687871664762497,0.24174153804779053,-0.5579726099967957,0.999755859375,0.9998648166656494,True,False,True,0.1687871664762497,0.24174153804779053
2699,True,LEFT_EYE,0.17005209624767303,0.23712685704231262,-0.5123710036277771,0.9997669458389282,0.9996250867843628,True,False,True,0.17005209624767303,0.23712685704231262
2700,True,LEFT_EYE,0.1707613617181778,0.22965438663959503,-0.4488794505596161,0.9997771978378296,0.9991604089736938,True,False,True,0.1707613617181778,0.22965438663959503
2701,True,LEFT_EYE,0.1719757467508316,0.22499814629554749,-0.40180590748786926,0.999792754650116,0.999473512172699,True,False,True,0.1719757467508316,0.22499814629554749
2702,True,LEFT_EYE,0.1716679185628891,0.2243262529373169,-0.41457831859588623,0.9998080730438232,0.9994180202484131,True,False,True,0.1716679185628891,0.2243262529373169
2703,True,LEFT_EYE,0.17112518846988678,0.22235018014907837,-0.42346635460853577,0.9998242259025574,0.9996020197868347,True,False,True,0.17112518846988678,0.22235018014907837
2704,True,LEFT_EYE,0.17119580507278442,0.22125864028930664,-0.41946470737457275,0.9998359084129333,0.9994164705276489,True,False,True,0.17119580507278442,0.22125864028930664
2705,True,LEFT_EYE,0.17046988010406494,0.2203831672668457,-0.3602467179298401,0.9998353123664856,0.9990745782852173,True,False,True,0.17046988010406494,0.2203831672668457
2706,True,LEFT_EYE,0.17089779675006866,0.22082564234733582,-0.3198580741882324,0.9998313784599304,0.9993094205856323,True,False,True,0.17089779675006866,0.22082564234733582
2707,True,LEFT_EYE,0.17263539135456085,0.22064906358718872,-0.36011967062950134,0.9998356103897095,0.9994086027145386,True,False,True,0.17263539135456085,0.22064906358718872
2708,True,LEFT_EYE,0.17331942915916443,0.22155554592609406,-0.33478960394859314,0.9998453259468079,0.9996151924133301,True,False,True,0.17331942915916443,0.22155554592609406
2709,True,LEFT_EYE,0.1784883439540863,0.2225916087627411,-0.35619503259658813,0.9998494982719421,0.9993353486061096,True,False,True,0.1784883439540863,0.2225916087627411
2604,True,LEFT_EYE_INNER,0.2595493793487549,0.2174241542816162,-0.11458037793636322,0.9997239708900452,0.9998965263366699,True,False,True,0.2595493793487549,0.2174241542816162
2605,True,LEFT_EYE_INNER,0.2696746289730072,0.21655912697315216,-0.13748595118522644,0.9997120499610901,0.9998879432678223,True,False,True,0.2696746289730072,0.21655912697315216
2606,True,LEFT_EYE_INNER,0.2695651948451996,0.21463386714458466,-0.13651560246944427,0.999722421169281,0.9999217987060547,True,False,True,0.2695651948451996,0.21463386714458466
2607,True,LEFT_EYE_INNER,0.27160173654556274,0.21659114956855774,-0.22236213088035583,0.9997093081474304,0.9999423027038574,True,False,True,0.27160173654556274,0.21659114956855774
2608,True,LEFT_EYE_INNER,0.27334463596343994,0.2165927290916443,-0.19386957585811615,0.9997246265411377,0.9999557733535767,True,False,True,0.27334463596343994,0.2165927290916443
2609,True,LEFT_EYE_INNER,0.27358174324035645,0.21663285791873932,-0.17252835631370544,0.9997450709342957,0.9999524354934692,True,False,True,0.27358174324035645,0.21663285791873932
2610,True,LEFT_EYE_INNER,0.2773137092590332,0.2166324406862259,-0.17515727877616882,0.9997182488441467,0.9998557567596436,True,False,True,0.2773137092590332,0.2166324406862259
2611,True,LEFT_EYE_INNER,0.2809334993362427,0.2148807793855667,-0.20539768040180206,0.9997080564498901,0.9998596906661987,True,False,True,0.2809334993362427,0.2148807793855667
2612,True,LEFT_EYE_INNER,0.28843653202056885,0.2127554565668106,-0.2392447590827942,0.9997135400772095,0.9998730421066284,True,False,True,0.28843653202056885,0.2127554565668106
2613,True,LEFT_EYE_INNER,0.2894819974899292,0.21252791583538055,-0.2107231169939041,0.9997259974479675,0.9998472929000854,True,False,True,0.2894819974899292,0.21252791583538055
2614,True,LEFT_EYE_INNER,0.28778988122940063,0.21334941685199738,-0.2025989145040512,0.9996820092201233,0.9995844960212708,True,False,True,0.28778988122940063,0.21334941685199738
2615,True,LEFT_EYE_INNER,0.2883452773094177,0.2131832242012024,-0.16444964706897736,0.9995735287666321,0.9991968274116516,True,False,True,0.2883452773094177,0.2131832242012024
2616,True,LEFT_EYE_INNER,0.28883153200149536,0.21324676275253296,-0.09551979601383209,0.9993475675582886,0.9978874325752258,True,False,True,0.28883153200149536,0.21324676275253296
2617,True,LEFT_EYE_INNER,0.29244646430015564,0.21354708075523376,-0.11085682362318039,0.9992008209228516,0.9985023736953735,True,False,True,0.29244646430015564,0.21354708075523376
2618,True,LEFT_EYE_INNER,0.2953491806983948,0.2157641351222992,-0.12368109077215195,0.9991645812988281,0.9987521171569824,True,False,True,0.2953491806983948,0.2157641351222992
2619,True,LEFT_EYE_INNER,0.29566264152526855,0.2172342985868454,-0.1477576047182083,0.9988870024681091,0.9977521300315857,True,False,True,0.29566264152526855,0.2172342985868454
2620,True,LEFT_EYE_INNER,0.2992902398109436,0.21735382080078125,-0.21225319802761078,0.9986569881439209,0.9978881478309631,True,False,True,0.2992902398109436,0.21735382080078125
2621,True,LEFT_EYE_INNER,0.3046262860298157,0.2178056240081787,-0.25989118218421936,0.9983269572257996,0.998508870601654,True,False,True,0.3046262860298157,0.2178056240081787
2622,True,LEFT_EYE_INNER,0.3071891963481903,0.22036254405975342,-0.3068089187145233,0.998275101184845,0.9995643496513367,True,False,True,0.3071891963481903,0.22036254405975342
2623,True,LEFT_EYE_INNER,0.309256911277771,0.22730426490306854,-0.3657227158546448,0.9982605576515198,0.9996333122253418,True,False,True,0.309256911277771,0.22730426490306854
2624,True,LEFT_EYE_INNER,0.3194023668766022,0.23097461462020874,-0.28945326805114746,0.998386561870575,0.9998642206192017,True,False,True,0.3194023668766022,0.23097461462020874
2625,True,LEFT_EYE_INNER,0.3240591585636139,0.24006782472133636,-0.2836376130580902,0.9984983205795288,0.999883770942688,True,False,True,0.3240591585636139,0.24006782472133636
2626,True,LEFT_EYE_INNER,0.3339926600456238,0.24813321232795715,-0.29927128553390503,0.9985229969024658,0.9997866749763489,True,False,True,0.3339926600456238,0.24813321232795715
2627,True,LEFT_EYE_INNER,0.34269946813583374,0.2621402144432068,-0.32555967569351196,0.998473584651947,0.9995468258857727,True,False,True,0.34269946813583374,0.2621402144432068
2628,True,LEFT_EYE_INNER,0.3507305681705475,0.28202658891677856,-0.3782055079936981,0.9984558820724487,0.9996281862258911,True,False,True,0.3507305681705475,0.28202658891677856
2629,True,LEFT_EYE_INNER,0.361203134059906,0.2948507070541382,-0.4997762143611908,0.9985712766647339,0.9998852014541626,True,False,True,0.361203134059906,0.2948507070541382
2630,True,LEFT_EYE_INNER,0.3679920434951782,0.3131454288959503,-0.58029705286026,0.9986816644668579,0.9999375343322754,True,False,True,0.3679920434951782,0.3131454288959503
2631,True,LEFT_EYE_INNER,0.3721061944961548,0.3365032970905304,-0.6242791414260864,0.9987963438034058,0.999946117401123,True,False,True,0.3721061944961548,0.3365032970905304
2632,True,LEFT_EYE_INNER,0.3831840455532074,0.3500674068927765,-0.5836324095726013,0.9989076256752014,0.9999573230743408,True,False,True,0.3831840455532074,0.3500674068927765
2633,True,LEFT_EYE_INNER,0.3899817168712616,0.3630892038345337,-0.641307532787323,0.999008297920227,0.999982476234436,True,False,True,0.3899817168712616,0.3630892038345337
2634,True,LEFT_EYE_INNER,0.3946256935596466,0.3784157335758209,-0.6335750222206116,0.9990903735160828,0.9999698400497437,True,False,True,0.3946256935596466,0.3784157335758209
2635,True,LEFT_EYE_INNER,0.4046412706375122,0.3887125551700592,-0.33228766918182373,0.999115526676178,0.9997745156288147,True,False,True,0.4046412706375122,0.3887125551700592
2636,True,LEFT_EYE_INNER,0.4007799029350281,0.40164628624916077,-0.2092607468366623,0.9991819858551025,0.9999221563339233,True,False,True,0.4007799029350281,0.40164628624916077
2637,True,LEFT_EYE_INNER,0.408253014087677,0.3931832015514374,-0.22796528041362762,0.9992113709449768,0.9994857311248779,True,False,True,0.408253014087677,0.3931832015514374
2638,True,LEFT_EYE_INNER,0.40753719210624695,0.3824573755264282,0.03402581438422203,0.9991773962974548,0.999610960483551,True,False,True,0.40753719210624695,0.3824573755264282
2639,True,LEFT_EYE_INNER,0.4042859673500061,0.3754299581050873,0.06741113215684891,0.9990986585617065,0.9999023675918579,True,False,True,0.4042859673500061,0.3754299581050873
2640,True,LEFT_EYE_INNER,0.36001840233802795,0.37877845764160156,0.2613431513309479,0.9991631507873535,0.9999953508377075,True,False,True,0.36001840233802795,0.37877845764160156
2641,True,LEFT_EYE_INNER,0.32745423913002014,0.38150203227996826,0.1830620914697647,0.9992028474807739,0.9999830722808838,True,False,True,0.32745423913002014,0.38150203227996826
2642,True,LEFT_EYE_INNER,0.31167832016944885,0.38438645005226135,0.023291172459721565,0.9988908171653748,0.9999057054519653,True,False,True,0.31167832016944885,0.38438645005226135
2643,True,LEFT_EYE_INNER,0.30818474292755127,0.3880583643913269,0.3406684100627899,0.9964281320571899,0.9999028444290161,True,False,True,0.30818474292755127,0.3880583643913269
2644,True,LEFT_EYE_INNER,0.3090493083000183,0.38720306754112244,0.6375876069068909,0.9956465363502502,0.9999939203262329,True,False,True,0.3090493083000183,0.38720306754112244
2645,True,LEFT_EYE_INNER,0.30597925186157227,0.3855348527431488,0.6919237971305847,0.9947677254676819,0.9999499320983887,True,False,True,0.30597925186157227,0.3855348527431488
2646,True,LEFT_EYE_INNER,0.29424646496772766,0.37849530577659607,0.6859090924263,0.994376540184021,0.9999439716339111,True,False,True,0.29424646496772766,0.37849530577659607
2647,True,LEFT_EYE_INNER,0.28058430552482605,0.3676316440105438,0.4951588213443756,0.9949357509613037,0.9999665021896362,True,False,True,0.28058430552482605,0.3676316440105438
2648,True,LEFT_EYE_INNER,0.270510733127594,0.3553081154823303,0.4301421344280243,0.9954153299331665,0.9992161989212036,True,False,True,0.270510733127594,0.3553081154823303
2649,True,LEFT_EYE_INNER,0.27292555570602417,0.3408978581428528,0.48605993390083313,0.9958706498146057,0.9999904632568359,True,False,True,0.27292555570602417,0.3408978581428528
2650,True,LEFT_EYE_INNER,0.27635514736175537,0.33908283710479736,0.4308161735534668,0.9962825775146484,0.9999834299087524,True,False,True,0.27635514736175537,0.33908283710479736
2651,True,LEFT_EYE_INNER,0.25529783964157104,0.30553165078163147,0.02900618501007557,0.9966534972190857,0.9998435974121094,True,False,True,0.25529783964157104,0.30553165078163147
2652,True,LEFT_EYE_INNER,0.2596082091331482,0.2686690092086792,0.38325750827789307,0.9969871044158936,0.9999910593032837,True,False,True,0.2596082091331482,0.2686690092086792
2653,True,LEFT_EYE_INNER,0.2719522714614868,0.24627791345119476,0.34042996168136597,0.9972841739654541,0.9999500513076782,True,False,True,0.2719522714614868,0.24627791345119476
2654,True,LEFT_EYE_INNER,0.276248961687088,0.2735327184200287,0.18233440816402435,0.9973224401473999,0.9991432428359985,True,False,True,0.276248961687088,0.2735327184200287
2655,True,LEFT_EYE_INNER,0.2780962288379669,0.24294207990169525,0.21822956204414368,0.9972556233406067,0.9966936111450195,True,False,True,0.2780962288379669,0.24294207990169525
2656,True,LEFT_EYE_INNER,0.29137036204338074,0.24398554861545563,0.23484577238559723,0.9972829222679138,0.9979217648506165,True,False,True,0.29137036204338074,0.24398554861545563
2657,True,LEFT_EYE_INNER,0.29710477590560913,0.24793335795402527,0.08919382840394974,0.9974074363708496,0.9993807077407837,True,False,True,0.29710477590560913,0.24793335795402527
2658,True,LEFT_EYE_INNER,0.3087257146835327,0.25614747405052185,0.083609938621521,0.9974773526191711,0.9997429251670837,True,False,True,0.3087257146835327,0.25614747405052185
2659,True,LEFT_EYE_INNER,0.3119610846042633,0.25968441367149353,0.04785899072885513,0.9975401759147644,0.9995149374008179,True,False,True,0.3119610846042633,0.25968441367149353
2660,True,LEFT_EYE_INNER,0.3145849108695984,0.28746578097343445,0.05269688740372658,0.9977172613143921,0.9997945427894592,True,False,True,0.3145849108695984,0.28746578097343445
2661,True,LEFT_EYE_INNER,0.3160367012023926,0.30179810523986816,0.021905645728111267,0.9977105855941772,0.999566376209259,True,False,True,0.3160367012023926,0.30179810523986816
2662,True,LEFT_EYE_INNER,0.3171645998954773,0.31224024295806885,0.083199143409729,0.9977778792381287,0.9997668862342834,True,False,True,0.3171645998954773,0.31224024295806885
2663,True,LEFT_EYE_INNER,0.31903672218322754,0.3219277560710907,0.10334917157888412,0.9978557825088501,0.9996596574783325,True,False,True,0.31903672218322754,0.3219277560710907
2664,True,LEFT_EYE_INNER,0.319857120513916,0.32567572593688965,0.12267760932445526,0.9980100393295288,0.9998544454574585,True,False,True,0.319857120513916,0.32567572593688965
2665,True,LEFT_EYE_INNER,0.3206441402435303,0.3293527066707611,0.053630340844392776,0.997999370098114,0.9997991919517517,True,False,True,0.3206441402435303,0.3293527066707611
2666,True,LEFT_EYE_INNER,0.31331029534339905,0.333797425031662,-0.2186436504125595,0.9981741309165955,0.9997486472129822,True,False,True,0.31331029534339905,0.333797425031662
2667,True,LEFT_EYE_INNER,0.2962753474712372,0.3302409052848816,-0.34844091534614563,0.9982377290725708,0.9994556307792664,True,False,True,0.2962753474712372,0.3302409052848816
2668,True,LEFT_EYE_INNER,0.2799437642097473,0.32678234577178955,-0.34255334734916687,0.9984021782875061,0.9999151229858398,True,False,True,0.2799437642097473,0.32678234577178955
2669,True,LEFT_EYE_INNER,0.2693604826927185,0.32610979676246643,-0.40380632877349854,0.9985512495040894,0.9999638795852661,True,False,True,0.2693604826927185,0.32610979676246643
2670,True,LEFT_EYE_INNER,0.2660892605781555,0.3180190920829773,-0.40348318219184875,0.998690664768219,0.9999545812606812,True,False,True,0.2660892605781555,0.3180190920829773
2671,True,LEFT_EYE_INNER,0.25944483280181885,0.30733978748321533,-0.45962831377983093,0.9988119602203369,0.9999531507492065,True,False,True,0.25944483280181885,0.30733978748321533
2672,True,LEFT_EYE_INNER,0.2548929750919342,0.2924644947052002,-0.3983912765979767,0.9989224076271057,0.9999067783355713,True,False,True,0.2548929750919342,0.2924644947052002
2673,True,LEFT_EYE_INNER,0.25346237421035767,0.28027021884918213,-0.43115249276161194,0.9990226030349731,0.9999408721923828,True,False,True,0.25346237421035767,0.28027021884918213
2674,True,LEFT_EYE_INNER,0.24967673420906067,0.27045613527297974,-0.47413063049316406,0.9991032481193542,0.999923825263977,True,False,True,0.24967673420906067,0.27045613527297974
2675,True,LEFT_EYE_INNER,0.2445656955242157,0.2670368254184723,-0.4862513840198517,0.9991834163665771,0.9999412298202515,True,False,True,0.2445656955242157,0.2670368254184723
2676,True,LEFT_EYE_INNER,0.2427772432565689,0.2645891606807709,-0.5035496950149536,0.999243974685669,0.9998770952224731,True,False,True,0.2427772432565689,0.2645891606807709
2677,True,LEFT_EYE_INNER,0.24064619839191437,0.26184266805648804,-0.4444625675678253,0.9992945790290833,0.9996852874755859,True,False,True,0.24064619839191437,0.26184266805648804
2678,True,LEFT_EYE_INNER,0.23731212317943573,0.26100072264671326,-0.4163152873516083,0.9993441104888916,0.9997090697288513,True,False,True,0.23731212317943573,0.26100072264671326
2679,True,LEFT_EYE_INNER,0.2350272834300995,0.2628711462020874,-0.4651229977607727,0.9993853569030762,0.9998354911804199,True,False,True,0.2350272834300995,0.2628711462020874
2680,True,LEFT_EYE_INNER,0.23067261278629303,0.26189932227134705,-0.4784855842590332,0.9993836283683777,0.9996963739395142,True,False,True,0.23067261278629303,0.26189932227134705
2681,True,LEFT_EYE_INNER,0.22772738337516785,0.26046422123908997,-0.45534682273864746,0.9993987083435059,0.9997860789299011,True,False,True,0.22772738337516785,0.26046422123908997
2682,True,LEFT_EYE_INNER,0.22434565424919128,0.25850412249565125,-0.468446284532547,0.9994144439697266,0.9997648596763611,True,False,True,0.22434565424919128,0.25850412249565125
2683,True,LEFT_EYE_INNER,0.2219749391078949,0.25803104043006897,-0.43067461252212524,0.9994636178016663,0.9999183416366577,True,False,True,0.2219749391078949,0.25803104043006897
2684,True,LEFT_EYE_INNER,0.21772776544094086,0.2568521797657013,-0.3479935824871063,0.9994944334030151,0.9998284578323364,True,False,True,0.21772776544094086,0.2568521797657013
2685,True,LEFT_EYE_INNER,0.21306361258029938,0.25497910380363464,-0.35740166902542114,0.9995255470275879,0.9998313188552856,True,False,True,0.21306361258029938,0.25497910380363464
2686,True,LEFT_EYE_INNER,0.20896530151367188,0.25616776943206787,-0.3622119128704071,0.9995394945144653,0.9997802376747131,True,False,True,0.20896530151367188,0.25616776943206787
2687,True,LEFT_EYE_INNER,0.20678211748600006,0.25669747591018677,-0.39634907245635986,0.9995296597480774,0.9997113347053528,True,False,True,0.20678211748600006,0.25669747591018677
2688,True,LEFT_EYE_INNER,0.2032415121793747,0.25733160972595215,-0.36857691407203674,0.9995548725128174,0.9997946619987488,True,False,True,0.2032415121793747,0.25733160972595215
2689,True,LEFT_EYE_INNER,0.19909405708312988,0.25725895166397095,-0.3669169843196869,0.9995765089988708,0.9997602105140686,True,False,True,0.19909405708312988,0.25725895166397095
2690,True,LEFT_EYE_INNER,0.19279442727565765,0.25759968161582947,-0.35916420817375183,0.9996063709259033,0.9998082518577576,True,False,True,0.19279442727565765,0.25759968161582947
2691,True,LEFT_EYE_INNER,0.1877298802137375,0.25740188360214233,-0.34941568970680237,0.9996393322944641,0.9998921155929565,True,False,True,0.1877298802137375,0.25740188360214233
2692,True,LEFT_EYE_INNER,0.18305356800556183,0.25749683380126953,-0.4152834415435791,0.9996660947799683,0.9998672008514404,True,False,True,0.18305356800556183,0.25749683380126953
2693,True,LEFT_EYE_INNER,0.17811772227287292,0.2579207718372345,-0.4122450351715088,0.9996782541275024,0.9998090863227844,True,False,True,0.17811772227287292,0.2579207718372345
2694,True,LEFT_EYE_INNER,0.1722516268491745,0.25824448466300964,-0.44032472372055054,0.9996863007545471,0.9997971653938293,True,False,True,0.1722516268491745,0.25824448466300964
2695,True,LEFT_EYE_INNER,0.17028705775737762,0.2583664357662201,-0.5166174173355103,0.9996858239173889,0.9997511506080627,True,False,True,0.17028705775737762,0.2583664357662201
2696,True,LEFT_EYE_INNER,0.16825740039348602,0.2548702657222748,-0.4736337959766388,0.9997031092643738,0.9997574687004089,True,False,True,0.16825740039348602,0.2548702657222748
2697,True,LEFT_EYE_INNER,0.1688668578863144,0.25105953216552734,-0.5972667336463928,0.999718964099884,0.9997894167900085,True,False,True,0.1688668578863144,0.25105953216552734
2698,True,LEFT_EYE_INNER,0.16336257755756378,0.2433331161737442,-0.5578899383544922,0.999742329120636,0.9998648166656494,True,False,True,0.16336257755756378,0.2433331161737442
2699,True,LEFT_EYE_INNER,0.1646324247121811,0.2389771044254303,-0.5123300552368164,0.9997539520263672,0.999626636505127,True,False,True,0.1646324247121811,0.2389771044254303
2700,True,LEFT_EYE_INNER,0.165382981300354,0.2309691607952118,-0.44885483384132385,0.9997648000717163,0.9991545677185059,True,False,True,0.165382981300354,0.2309691607952118
2701,True,LEFT_EYE_INNER,0.16655290126800537,0.22607825696468353,-0.40178120136260986,0.9997808337211609,0.9994706511497498,True,False,True,0.16655290126800537,0.22607825696468353
2702,True,LEFT_EYE_INNER,0.1661340743303299,0.2256183922290802,-0.4146192967891693,0.9997968673706055,0.9994308352470398,True,False,True,0.1661340743303299,0.2256183922290802
2703,True,LEFT_EYE_INNER,0.16556835174560547,0.22354139387607574,-0.42349183559417725,0.9998138546943665,0.9996293783187866,True,False,True,0.16556835174560547,0.22354139387607574
2704,True,LEFT_EYE_INNER,0.16576620936393738,0.22234733402729034,-0.4194912016391754,0.9998258948326111,0.9994630217552185,True,False,True,0.16576620936393738,0.22234733402729034
2705,True,LEFT_EYE_INNER,0.16510747373104095,0.22127746045589447,-0.3602343499660492,0.9998248219490051,0.9991718530654907,True,False,True,0.16510747373104095,0.22127746045589447
2706,True,LEFT_EYE_INNER,0.16552819311618805,0.22185371816158295,-0.3198375403881073,0.9998210072517395,0.9993847608566284,True,False,True,0.16552819311618805,0.22185371816158295
2707,True,LEFT_EYE_INNER,0.16695454716682434,0.2217126488685608,-0.36010757088661194,0.9998260736465454,0.9994631409645081,True,False,True,0.16695454716682434,0.2217126488685608
2708,True,LEFT_EYE_INNER,0.16771748661994934,0.22266192734241486,-0.33474984765052795,0.9998364448547363,0.9996492862701416,True,False,True,0.16771748661994934,0.22266192734241486
2709,True,LEFT_EYE_INNER,0.17286276817321777,0.2237667739391327,-0.3561708629131317,0.999840497970581,0.9993599057197571,True,False,True,0.17286276817321777,0.2237667739391327
2604,True,LEFT_EYE_OUTER,0.25643467903137207,0.21604041755199432,-0.11475735157728195,0.9997416138648987,0.9999082088470459,True,False,True,0.25643467903137207,0.21604041755199432
2605,True,LEFT_EYE_OUTER,0.26912498474121094,0.21570757031440735,-0.13766087591648102,0.9997310638427734,0.9999089241027832,True,False,True,0.26912498474121094,0.21570757031440735
2606,True,LEFT_EYE_OUTER,0.26796385645866394,0.2137395590543747,-0.13662642240524292,0.9997380375862122,0.99991774559021,True,False,True,0.26796385645866394,0.2137395590543747
2607,True,LEFT_EYE_OUTER,0.27105337381362915,0.21593908965587616,-0.222433403134346,0.9997159242630005,0.9999394416809082,True,False,True,0.27105337381362915,0.21593908965587616
2608,True,LEFT_EYE_OUTER,0.27317100763320923,0.21597686409950256,-0.1937205046415329,0.9997283220291138,0.9999539852142334,True,False,True,0.27317100763320923,0.21597686409950256
2609,True,LEFT_EYE_OUTER,0.2735022306442261,0.21621111035346985,-0.172560453414917,0.9997470378875732,0.9999545812606812,True,False,True,0.2735022306442261,0.21621111035346985
2610,True,LEFT_EYE_OUTER,0.2769763767719269,0.2162475734949112,-0.17524516582489014,0.9997074007987976,0.9998623132705688,True,False,True,0.2769763767719269,0.2162475734949112
2611,True,LEFT_EYE_OUTER,0.2808893620967865,0.21509914100170135,-0.20549128949642181,0.9996922612190247,0.9998756647109985,True,False,True,0.2808893620967865,0.21509914100170135
2612,True,LEFT_EYE_OUTER,0.2886013984680176,0.21360163390636444,-0.23932772874832153,0.9996970891952515,0.9998986721038818,True,False,True,0.2886013984680176,0.21360163390636444
2613,True,LEFT_EYE_OUTER,0.29057154059410095,0.21315738558769226,-0.2108267992734909,0.9997100830078125,0.9998815059661865,True,False,True,0.29057154059410095,0.21315738558769226
2614,True,LEFT_EYE_OUTER,0.28837576508522034,0.21343620121479034,-0.20265786349773407,0.9996691346168518,0.9996508359909058,True,False,True,0.28837576508522034,0.21343620121479034
2615,True,LEFT_EYE_OUTER,0.28888607025146484,0.21326570212841034,-0.16454817354679108,0.9995712041854858,0.9993423819541931,True,False,True,0.28888607025146484,0.21326570212841034
2616,True,LEFT_EYE_OUTER,0.28869572281837463,0.21328292787075043,-0.09562911093235016,0.9993776082992554,0.9980818033218384,True,False,True,0.28869572281837463,0.21328292787075043
2617,True,LEFT_EYE_OUTER,0.2921978235244751,0.21337155997753143,-0.11099445819854736,0.9992550015449524,0.9987651109695435,True,False,True,0.2921978235244751,0.21337155997753143
2618,True,LEFT_EYE_OUTER,0.295296847820282,0.21511781215667725,-0.12379402667284012,0.9992153644561768,0.9987255930900574,True,False,True,0.295296847820282,0.21511781215667725
2619,True,LEFT_EYE_OUTER,0.29545217752456665,0.21641093492507935,-0.14795349538326263,0.9989559650421143,0.9978869557380676,True,False,True,0.29545217752456665,0.21641093492507935
2620,True,LEFT_EYE_OUTER,0.29895347356796265,0.2165464609861374,-0.2124202698469162,0.9987128973007202,0.9979302883148193,True,False,True,0.29895347356796265,0.2165464609861374
2621,True,LEFT_EYE_OUTER,0.3045232594013214,0.21696047484874725,-0.2600274980068207,0.9983363151550293,0.9984537363052368,True,False,True,0.3045232594013214,0.21696047484874725
2622,True,LEFT_EYE_OUTER,0.3085262179374695,0.21952037513256073,-0.3070051372051239,0.9982655048370361,0.9995647072792053,True,False,True,0.3085262179374695,0.21952037513256073
2623,True,LEFT_EYE_OUTER,0.3106738328933716,0.2260463386774063,-0.36599424481391907,0.9982548356056213,0.999683141708374,True,False,True,0.3106738328933716,0.2260463386774063
2624,True,LEFT_EYE_OUTER,0.31974509358406067,0.22978797554969788,-0.2896474301815033,0.9983848333358765,0.9998835325241089,True,False,True,0.31974509358406067,0.22978797554969788
2625,True,LEFT_EYE_OUTER,0.3250066936016083,0.23917773365974426,-0.28382599353790283,0.9985034465789795,0.9998973608016968,True,False,True,0.3250066936016083,0.23917773365974426
2626,True,LEFT_EYE_OUTER,0.33419767022132874,0.24739709496498108,-0.29946595430374146,0.9985471367835999,0.9998185038566589,True,False,True,0.33419767022132874,0.24739709496498108
2627,True,LEFT_EYE_OUTER,0.34198620915412903,0.26085740327835083,-0.32577094435691833,0.9985159039497375,0.9995934367179871,True,False,True,0.34198620915412903,0.26085740327835083
2628,True,LEFT_EYE_OUTER,0.350812166929245,0.28062009811401367,-0.3784770667552948,0.9985083341598511,0.9996662139892578,True,False,True,0.350812166929245,0.28062009811401367
2629,True,LEFT_EYE_OUTER,0.3603741228580475,0.29335570335388184,-0.5000766515731812,0.9986238479614258,0.9998965263366699,True,False,True,0.3603741228580475,0.29335570335388184
2630,True,LEFT_EYE_OUTER,0.36720365285873413,0.3111642003059387,-0.5806442499160767,0.9987361431121826,0.9999467134475708,True,False,True,0.36720365285873413,0.3111642003059387
2631,True,LEFT_EYE_OUTER,0.3721536695957184,0.3344103991985321,-0.6246393322944641,0.9988483190536499,0.999955415725708,True,False,True,0.3721536695957184,0.3344103991985321
2632,True,LEFT_EYE_OUTER,0.38350194692611694,0.34869933128356934,-0.583916962146759,0.9989559054374695,0.9999661445617676,True,False,True,0.38350194692611694,0.34869933128356934
2633,True,LEFT_EYE_OUTER,0.39001432061195374,0.3617608845233917,-0.6415552496910095,0.9990525245666504,0.9999865293502808,True,False,True,0.39001432061195374,0.3617608845233917
2634,True,LEFT_EYE_OUTER,0.3945939242839813,0.3770303726196289,-0.6337782144546509,0.9991273283958435,0.9999725818634033,True,False,True,0.3945939242839813,0.3770303726196289
2635,True,LEFT_EYE_OUTER,0.40270599722862244,0.3869331181049347,-0.3323693871498108,0.9991357922554016,0.999772846698761,True,False,True,0.40270599722862244,0.3869331181049347
2636,True,LEFT_EYE_OUTER,0.4017997682094574,0.39945530891418457,-0.20927448570728302,0.9991883635520935,0.9999014139175415,True,False,True,0.4017997682094574,0.39945530891418457
2637,True,LEFT_EYE_OUTER,0.40733134746551514,0.39199626445770264,-0.2281598299741745,0.9992215633392334,0.9995874762535095,True,False,True,0.40733134746551514,0.39199626445770264
2638,True,LEFT_EYE_OUTER,0.4021323621273041,0.38039857149124146,0.03394847363233566,0.9991747736930847,0.9996165037155151,True,False,True,0.4021323621273041,0.38039857149124146
2639,True,LEFT_EYE_OUTER,0.3994956910610199,0.3740482032299042,0.06726398319005966,0.9990996718406677,0.9999221563339233,True,False,True,0.3994956910610199,0.3740482032299042
2640,True,LEFT_EYE_OUTER,0.34958288073539734,0.3782068192958832,0.26144203543663025,0.9991636276245117,0.9999947547912598,True,False,True,0.34958288073539734,0.3782068192958832
2641,True,LEFT_EYE_OUTER,0.32107067108154297,0.3832989037036896,0.18317334353923798,0.9991920590400696,0.9999806880950928,True,False,True,0.32107067108154297,0.3832989037036896
2642,True,LEFT_EYE_OUTER,0.3049952983856201,0.3868723511695862,0.023268165066838264,0.9988740086555481,0.999885082244873,True,False,True,0.3049952983856201,0.3868723511695862
2643,True,LEFT_EYE_OUTER,0.3012882173061371,0.3912011981010437,0.340683251619339,0.9961445927619934,0.9998760223388672,True,False,True,0.3012882173061371,0.3912011981010437
2644,True,LEFT_EYE_OUTER,0.3018350601196289,0.3899343013763428,0.6375750303268433,0.9952676892280579,0.9999923706054688,True,False,True,0.3018350601196289,0.3899343013763428
2645,True,LEFT_EYE_OUTER,0.2988273501396179,0.38733115792274475,0.6919309496879578,0.9943504333496094,0.9999489784240723,True,False,True,0.2988273501396179,0.38733115792274475
2646,True,LEFT_EYE_OUTER,0.286776065826416,0.38098257780075073,0.6859875917434692,0.9939954876899719,0.9999186992645264,True,False,True,0.286776065826416,0.38098257780075073
2647,True,LEFT_EYE_OUTER,0.2748577892780304,0.36960792541503906,0.4953356981277466,0.9945932626724243,0.999954104423523,True,False,True,0.2748577892780304,0.36960792541503906
2648,True,LEFT_EYE_OUTER,0.26707762479782104,0.35628724098205566,0.4302329421043396,0.9951170086860657,0.999200165271759,True,False,True,0.26707762479782104,0.35628724098205566
2649,True,LEFT_EYE_OUTER,0.268394410610199,0.343267023563385,0.486186683177948,0.995602548122406,0.9999877214431763,True,False,True,0.268394410610199,0.343267023563385
2650,True,LEFT_EYE_OUTER,0.2732340097427368,0.33959653973579407,0.4309643507003784,0.9960411787033081,0.9999773502349854,True,False,True,0.2732340097427368,0.33959653973579407
2651,True,LEFT_EYE_OUTER,0.2549947500228882,0.3048768639564514,0.029188599437475204,0.9964359998703003,0.9998157620429993,True,False,True,0.2549947500228882,0.3048768639564514
2652,True,LEFT_EYE_OUTER,0.26428794860839844,0.2697049081325531,0.383748322725296,0.9967911839485168,0.9999874830245972,True,False,True,0.26428794860839844,0.2697049081325531
2653,True,LEFT_EYE_OUTER,0.2704204022884369,0.26580971479415894,0.3409935235977173,0.9971074461936951,0.9999386072158813,True,False,True,0.2704204022884369,0.26580971479415894
2654,True,LEFT_EYE_OUTER,0.2728615999221802,0.27907446026802063,0.18240463733673096,0.9972096681594849,0.9991291165351868,True,False,True,0.2728615999221802,0.27907446026802063
2655,True,LEFT_EYE_OUTER,0.27384084463119507,0.2464057356119156,0.2182518094778061,0.9972612857818604,0.9974049925804138,True,False,True,0.27384084463119507,0.2464057356119156
2656,True,LEFT_EYE_OUTER,0.28314313292503357,0.2468779981136322,0.23481334745883942,0.9973481297492981,0.9984103441238403,True,False,True,0.28314313292503357,0.2468779981136322
2657,True,LEFT_EYE_OUTER,0.28982558846473694,0.250661164522171,0.08918976038694382,0.9974683523178101,0.999370276927948,True,False,True,0.28982558846473694,0.250661164522171
2658,True,LEFT_EYE_OUTER,0.30181753635406494,0.25898924469947815,0.08358614146709442,0.9975316524505615,0.9997203946113586,True,False,True,0.30181753635406494,0.25898924469947815
2659,True,LEFT_EYE_OUTER,0.3060656487941742,0.2630988359451294,0.0478789396584034,0.9975833892822266,0.9994335770606995,True,False,True,0.3060656487941742,0.2630988359451294
2660,True,LEFT_EYE_OUTER,0.3091523349285126,0.29070907831192017,0.05271467939019203,0.9977459907531738,0.9997839331626892,True,False,True,0.3091523349285126,0.29070907831192017
2661,True,LEFT_EYE_OUTER,0.31150054931640625,0.3057873547077179,0.021887127310037613,0.9976834654808044,0.9995710253715515,True,False,True,0.31150054931640625,0.3057873547077179
2662,True,LEFT_EYE_OUTER,0.31320783495903015,0.3161659836769104,0.08318682014942169,0.9977216720581055,0.9997351765632629,True,False,True,0.31320783495903015,0.3161659836769104
2663,True,LEFT_EYE_OUTER,0.3147449791431427,0.3255345821380615,0.10331928730010986,0.9978017807006836,0.9995943903923035,True,False,True,0.3147449791431427,0.3255345821380615
2664,True,LEFT_EYE_OUTER,0.3157818615436554,0.32952913641929626,0.1225089505314827,0.9979589581489563,0.9998084902763367,True,False,True,0.3157818615436554,0.32952913641929626
2665,True,LEFT_EYE_OUTER,0.31734126806259155,0.3314967155456543,0.05336008965969086,0.9979616403579712,0.9997695088386536,True,False,True,0.31734126806259155,0.3314967155456543
2666,True,LEFT_EYE_OUTER,0.31681928038597107,0.3343502879142761,-0.21874400973320007,0.9981421828269958,0.9996373653411865,True,False,True,0.31681928038597107,0.3343502879142761
2667,True,LEFT_EYE_OUTER,0.3012189567089081,0.33075910806655884,-0.34859806299209595,0.9982234239578247,0.9993579983711243,True,False,True,0.3012189567089081,0.33075910806655884
2668,True,LEFT_EYE_OUTER,0.2861068546772003,0.3295609951019287,-0.3426421582698822,0.9983904361724854,0.9999027252197266,True,False,True,0.2861068546772003,0.3295609951019287
2669,True,LEFT_EYE_OUTER,0.2752913534641266,0.3254157304763794,-0.4038626253604889,0.9985421299934387,0.9999643564224243,True,False,True,0.2752913534641266,0.3254157304763794
2670,True,LEFT_EYE_OUTER,0.27212974429130554,0.3145044445991516,-0.40350475907325745,0.9986827969551086,0.9999494552612305,True,False,True,0.27212974429130554,0.3145044445991516
2671,True,LEFT_EYE_OUTER,0.2662423253059387,0.3032971918582916,-0.45962896943092346,0.9988061785697937,0.999950647354126,True,False,True,0.2662423253059387,0.3032971918582916
2672,True,LEFT_EYE_OUTER,0.26152631640434265,0.28899672627449036,-0.39836177229881287,0.9989184141159058,0.999903678894043,True,False,True,0.26152631640434265,0.28899672627449036
2673,True,LEFT_EYE_OUTER,0.26037973165512085,0.2768038213253021,-0.4311921000480652,0.9990206360816956,0.9999465942382812,True,False,True,0.26037973165512085,0.2768038213253021
2674,True,LEFT_EYE_OUTER,0.25717225670814514,0.2676089406013489,-0.47418564558029175,0.9991053342819214,0.9999334812164307,True,False,True,0.25717225670814514,0.2676089406013489
2675,True,LEFT_EYE_OUTER,0.25234025716781616,0.26364821195602417,-0.4862832725048065,0.9991868734359741,0.9999440908432007,True,False,True,0.25234025716781616,0.26364821195602417
2676,True,LEFT_EYE_OUTER,0.25054892897605896,0.2605576515197754,-0.5036091804504395,0.9992501139640808,0.999879002571106,True,False,True,0.25054892897605896,0.2605576515197754
2677,True,LEFT_EYE_OUTER,0.24887646734714508,0.2576335668563843,-0.444557785987854,0.9993045330047607,0.999638557434082,True,False,True,0.24887646734714508,0.2576335668563843
2678,True,LEFT_EYE_OUTER,0.245448499917984,0.2567944824695587,-0.4163616895675659,0.9993563294410706,0.9996740818023682,True,False,True,0.245448499917984,0.2567944824695587
2679,True,LEFT_EYE_OUTER,0.2432895004749298,0.2581080198287964,-0.46528106927871704,0.9993987083435059,0.9998231530189514,True,False,True,0.2432895004749298,0.2581080198287964
2680,True,LEFT_EYE_OUTER,0.2391730397939682,0.25735512375831604,-0.4786560833454132,0.9994013905525208,0.9996799230575562,True,False,True,0.2391730397939682,0.25735512375831604
2681,True,LEFT_EYE_OUTER,0.23664310574531555,0.2560931146144867,-0.4555204212665558,0.9994211196899414,0.9997934699058533,True,False,True,0.23664310574531555,0.2560931146144867
2682,True,LEFT_EYE_OUTER,0.23349551856517792,0.25433406233787537,-0.4685697853565216,0.9994409680366516,0.9997583031654358,True,False,True,0.23349551856517792,0.25433406233787537
2683,True,LEFT_EYE_OUTER,0.23124098777770996,0.2539999783039093,-0.4306941032409668,0.9994877576828003,0.9999008178710938,True,False,True,0.23124098777770996,0.2539999783039093
2684,True,LEFT_EYE_OUTER,0.2267090529203415,0.2529885768890381,-0.3481203615665436,0.9995193481445312,0.9998084902763367,True,False,True,0.2267090529203415,0.2529885768890381
2685,True,LEFT_EYE_OUTER,0.22195415198802948,0.2515436112880707,-0.3575281500816345,0.9995515942573547,0.9998210072517395,True,False,True,0.22195415198802948,0.2515436112880707
2686,True,LEFT_EYE_OUTER,0.21819178760051727,0.2527144253253937,-0.3623390793800354,0.9995711445808411,0.99978107213974,True,False,True,0.21819178760051727,0.2527144253253937
2687,True,LEFT_EYE_OUTER,0.21648715436458588,0.2533237040042877,-0.3964853584766388,0.9995713233947754,0.9997145533561707,True,False,True,0.21648715436458588,0.2533237040042877
2688,True,LEFT_EYE_OUTER,0.2134181559085846,0.25390133261680603,-0.3686801791191101,0.9995964169502258,0.9997805953025818,True,False,True,0.2134181559085846,0.25390133261680603
2689,True,LEFT_EYE_OUTER,0.209270641207695,0.2537364661693573,-0.3669716417789459,0.9996166825294495,0.9997281432151794,True,False,True,0.209270641207695,0.2537364661693573
2690,True,LEFT_EYE_OUTER,0.20289261639118195,0.254046767950058,-0.35915958881378174,0.9996431469917297,0.9997696280479431,True,False,True,0.20289261639118195,0.254046767950058
2691,True,LEFT_EYE_OUTER,0.1987108588218689,0.2538782060146332,-0.3494246006011963,0.9996729493141174,0.9998726844787598,True,False,True,0.1987108588218689,0.2538782060146332
2692,True,LEFT_EYE_OUTER,0.1937335580587387,0.25400328636169434,-0.415242075920105,0.9996973276138306,0.9998420476913452,True,False,True,0.1937335580587387,0.25400328636169434
2693,True,LEFT_EYE_OUTER,0.18856093287467957,0.25430235266685486,-0.41228529810905457,0.9997106194496155,0.9997988343238831,True,False,True,0.18856093287467957,0.25430235266685486
2694,True,LEFT_EYE_OUTER,0.18242493271827698,0.2545059025287628,-0.440376877784729,0.9997203946113586,0.9997871518135071,True,False,True,0.18242493271827698,0.2545059025287628
2695,True,LEFT_EYE_OUTER,0.18130704760551453,0.254625529050827,-0.516672670841217,0.9997245669364929,0.9997435212135315,True,False,True,0.18130704760551453,0.254625529050827
2696,True,LEFT_EYE_OUTER,0.1794702708721161,0.25076451897621155,-0.47367483377456665,0.9997411966323853,0.9997459053993225,True,False,True,0.1794702708721161,0.25076451897621155
2697,True,LEFT_EYE_OUTER,0.18021109700202942,0.24729342758655548,-0.5972960591316223,0.9997562766075134,0.9997739195823669,True,False,True,0.18021109700202942,0.24729342758655548
2698,True,LEFT_EYE_OUTER,0.17445746064186096,0.24011868238449097,-0.5581429600715637,0.9997767210006714,0.9998569488525391,True,False,True,0.17445746064186096,0.24011868238449097
2699,True,LEFT_EYE_OUTER,0.17574667930603027,0.23531530797481537,-0.5124677419662476,0.9997873306274414,0.9996046423912048,True,False,True,0.17574667930603027,0.23531530797481537
2700,True,LEFT_EYE_OUTER,0.17630982398986816,0.22860334813594818,-0.44892844557762146,0.999796986579895,0.9991274476051331,True,False,True,0.17630982398986816,0.22860334813594818
2701,True,LEFT_EYE_OUTER,0.17750009894371033,0.22425074875354767,-0.4018373489379883,0.9998112320899963,0.9994663596153259,True,False,True,0.17750009894371033,0.22425074875354767
2702,True,LEFT_EYE_OUTER,0.17728479206562042,0.22337882220745087,-0.4145844876766205,0.9998251795768738,0.9993988275527954,True,False,True,0.17728479206562042,0.22337882220745087
2703,True,LEFT_EYE_OUTER,0.17681877315044403,0.22151194512844086,-0.4234813153743744,0.9998397827148438,0.9995835423469543,True,False,True,0.17681877315044403,0.22151194512844086
2704,True,LEFT_EYE_OUTER,0.1768883615732193,0.220463365316391,-0.41943177580833435,0.9998501539230347,0.9993817806243896,True,False,True,0.1768883615732193,0.220463365316391
2705,True,LEFT_EYE_OUTER,0.17612014710903168,0.21974483132362366,-0.3602199852466583,0.9998492002487183,0.9989795088768005,True,False,True,0.17612014710903168,0.21974483132362366
2706,True,LEFT_EYE_OUTER,0.17652547359466553,0.2200295776128769,-0.31984105706214905,0.9998453259468079,0.9992129802703857,True,False,True,0.17652547359466553,0.2200295776128769
2707,True,LEFT_EYE_OUTER,0.17850852012634277,0.2198568731546402,-0.3601164221763611,0.9998493194580078,0.9993318915367126,True,False,True,0.17850852012634277,0.2198568731546402
2708,True,LEFT_EYE_OUTER,0.17917916178703308,0.22070281207561493,-0.3347955048084259,0.9998581409454346,0.9995636343955994,True,False,True,0.17917916178703308,0.22070281207561493
2709,True,LEFT_EYE_OUTER,0.18420733511447906,0.22157929837703705,-0.3562004864215851,0.9998617172241211,0.9992653727531433,True,False,True,0.18420733511447906,0.22157929837703705
2604,True,LEFT_FOOT_INDEX,0.5081667304039001,0.582736074924469,0.1208588257431984,0.9767596125602722,0.9996554851531982,True,False,True,0.5081667304039001,0.582736074924469
2605,True,LEFT_FOOT_INDEX,0.5128819346427917,0.5507741570472717,-0.06310204416513443,0.9766444563865662,0.9992915391921997,True,False,True,0.5128819346427917,0.5507741570472717
2606,True,LEFT_FOOT_INDEX,0.5127182602882385,0.5251224040985107,-0.0940108522772789,0.9767530560493469,0.9993430972099304,True,False,True,0.5127182602882385,0.5251224040985107
2607,True,LEFT_FOOT_INDEX,0.4961942434310913,0.5053441524505615,-0.153387650847435,0.9768379330635071,0.9994747042655945,True,False,True,0.4961942434310913,0.5053441524505615
2608,True,LEFT_FOOT_INDEX,0.4835837483406067,0.4962877929210663,-0.1461491882801056,0.9769096374511719,0.9993778467178345,True,False,True,0.4835837483406067,0.4962877929210663
2609,True,LEFT_FOOT_INDEX,0.458086758852005,0.5009676218032837,-0.07769398391246796,0.9762036800384521,0.9992650151252747,True,False,True,0.458086758852005,0.5009676218032837
2610,True,LEFT_FOOT_INDEX,0.42237213253974915,0.5119418501853943,0.15138688683509827,0.9704591035842896,0.9987861514091492,True,False,True,0.42237213253974915,0.5119418501853943
2611,True,LEFT_FOOT_INDEX,0.4015614986419678,0.5178384780883789,0.07466498762369156,0.9661962985992432,0.9987964630126953,True,False,True,0.4015614986419678,0.5178384780883789
2612,True,LEFT_FOOT_INDEX,0.4023042321205139,0.5351611375808716,0.029662232846021652,0.9620804190635681,0.9988564252853394,True,False,True,0.4023042321205139,0.5351611375808716
2613,True,LEFT_FOOT_INDEX,0.39634957909584045,0.5722150206565857,0.027484847232699394,0.959119975566864,0.998590886592865,True,False,True,0.39634957909584045,0.5722150206565857
2614,True,LEFT_FOOT_INDEX,0.3880486488342285,0.5977948904037476,-0.06710709631443024,0.9572384357452393,0.9987853169441223,True,False,True,0.3880486488342285,0.5977948904037476
2615,True,LEFT_FOOT_INDEX,0.38575178384780884,0.6225762963294983,-0.1292431801557541,0.9557130932807922,0.9984449744224548,True,False,True,0.38575178384780884,0.6225762963294983
2616,True,LEFT_FOOT_INDEX,0.3932859003543854,0.6493951678276062,-0.2207438200712204,0.9553033709526062,0.9982349872589111,True,False,True,0.3932859003543854,0.6493951678276062
2617,True,LEFT_FOOT_INDEX,0.4003695845603943,0.6721349954605103,-0.21856217086315155,0.9560089111328125,0.9976338148117065,True,False,True,0.4003695845603943,0.6721349954605103
2618,True,LEFT_FOOT_INDEX,0.40630242228507996,0.6969199776649475,-0.24907872080802917,0.9565572738647461,0.9974507689476013,True,False,True,0.40630242228507996,0.6969199776649475
2619,True,LEFT_FOOT_INDEX,0.4222436547279358,0.7169492244720459,-0.2138126790523529,0.9566131234169006,0.9976935982704163,True,False,True,0.4222436547279358,0.7169492244720459
2620,True,LEFT_FOOT_INDEX,0.44374650716781616,0.726270318031311,0.018481843173503876,0.957310140132904,0.9970506429672241,True,False,True,0.44374650716781616,0.726270318031311
2621,True,LEFT_FOOT_INDEX,0.45476967096328735,0.7351896166801453,0.09174742549657822,0.9567709565162659,0.9974815249443054,True,False,True,0.45476967096328735,0.7351896166801453
2622,True,LEFT_FOOT_INDEX,0.466173380613327,0.7411743402481079,0.1485544890165329,0.9548655152320862,0.9991051554679871,True,False,True,0.466173380613327,0.7411743402481079
2623,True,LEFT_FOOT_INDEX,0.4777542054653168,0.747099757194519,0.17265208065509796,0.9538174867630005,0.9995076656341553,True,False,True,0.4777542054653168,0.747099757194519
2624,True,LEFT_FOOT_INDEX,0.49089398980140686,0.7493337392807007,0.14543887972831726,0.9514607787132263,0.9995637536048889,True,False,True,0.49089398980140686,0.7493337392807007
2625,True,LEFT_FOOT_INDEX,0.5000461935997009,0.7516604661941528,0.12962140142917633,0.9506593346595764,0.9996588230133057,True,False,True,0.5000461935997009,0.7516604661941528
2626,True,LEFT_FOOT_INDEX,0.511167049407959,0.7533435821533203,0.12560322880744934,0.9462668299674988,0.9995254278182983,True,False,True,0.511167049407959,0.7533435821533203
2627,True,LEFT_FOOT_INDEX,0.5271580815315247,0.753922700881958,0.01806444674730301,0.9412866234779358,0.9994943141937256,True,False,True,0.5271580815315247,0.753922700881958
2628,True,LEFT_FOOT_INDEX,0.5380335450172424,0.7559403777122498,-0.08375874161720276,0.9335585236549377,0.9990509152412415,True,False,True,0.5380335450172424,0.7559403777122498
2629,True,LEFT_FOOT_INDEX,0.5430558919906616,0.7601355910301208,-0.14674223959445953,0.9318872690200806,0.9983697533607483,True,False,True,0.5430558919906616,0.7601355910301208
2630,True,LEFT_FOOT_INDEX,0.5555383563041687,0.7623083591461182,-0.13970156013965607,0.925464928150177,0.9989732503890991,True,False,True,0.5555383563041687,0.7623083591461182
2631,True,LEFT_FOOT_INDEX,0.5508974194526672,0.766937792301178,-0.10798639804124832,0.923698902130127,0.9995361566543579,True,False,True,0.5508974194526672,0.766937792301178
2632,True,LEFT_FOOT_INDEX,0.32555273175239563,0.8117066025733948,0.33196893334388733,0.9231243133544922,0.9994977712631226,True,False,True,0.32555273175239563,0.8117066025733948
2633,True,LEFT_FOOT_INDEX,0.4643559157848358,0.7901130318641663,-0.052513085305690765,0.9238293766975403,0.9995535016059875,True,False,True,0.4643559157848358,0.7901130318641663
2634,True,LEFT_FOOT_INDEX,0.4819888472557068,0.789356529712677,-0.03342742472887039,0.9270570278167725,0.9996891021728516,True,False,True,0.4819888472557068,0.789356529712677
2635,True,LEFT_FOOT_INDEX,0.47756630182266235,0.7873344421386719,0.24218951165676117,0.9282708168029785,0.9996203184127808,True,False,True,0.47756630182266235,0.7873344421386719
2636,True,LEFT_FOOT_INDEX,0.4554709792137146,0.7824158072471619,0.4684205651283264,0.9295170307159424,0.9997723698616028,True,False,True,0.4554709792137146,0.7824158072471619
2637,True,LEFT_FOOT_INDEX,0.4554183781147003,0.8080154061317444,0.41518813371658325,0.921866238117218,0.9990096092224121,True,False,True,0.4554183781147003,0.8080154061317444
2638,True,LEFT_FOOT_INDEX,0.4254532754421234,0.8071596622467041,0.5699294805526733,0.8704528212547302,0.9987523555755615,True,False,True,0.4254532754421234,0.8071596622467041
2639,True,LEFT_FOOT_INDEX,0.41687384247779846,0.8081635236740112,0.33231106400489807,0.8470913171768188,0.9994322657585144,True,False,True,0.41687384247779846,0.8081635236740112
2640,True,LEFT_FOOT_INDEX,0.41949594020843506,0.8095217943191528,-0.3044746220111847,0.8594037890434265,0.9999521970748901,True,False,True,0.41949594020843506,0.8095217943191528
2641,True,LEFT_FOOT_INDEX,0.39552974700927734,0.8030307292938232,0.01921113207936287,0.8638193607330322,0.9995625615119934,True,False,True,0.39552974700927734,0.8030307292938232
2642,True,LEFT_FOOT_INDEX,0.38215264678001404,0.7868067622184753,0.39719995856285095,0.8540409207344055,0.9989550113677979,True,False,True,0.38215264678001404,0.7868067622184753
2643,True,LEFT_FOOT_INDEX,0.37599557638168335,0.8034890294075012,-0.2601272761821747,0.8533945679664612,0.9986226558685303,True,False,True,0.37599557638168335,0.8034890294075012
2644,True,LEFT_FOOT_INDEX,0.3890274167060852,0.8022129535675049,-0.1520385444164276,0.8603942394256592,0.999760091304779,True,False,True,0.3890274167060852,0.8022129535675049
2645,True,LEFT_FOOT_INDEX,0.3963864743709564,0.8093525767326355,-0.15318293869495392,0.8629751205444336,0.9993569254875183,True,False,True,0.3963864743709564,0.8093525767326355
2646,True,LEFT_FOOT_INDEX,0.3955554962158203,0.8113343715667725,-0.22772075235843658,0.8558828234672546,0.9990288019180298,True,False,True,0.3955554962158203,0.8113343715667725
2647,True,LEFT_FOOT_INDEX,0.3790209889411926,0.8208168148994446,-0.2413933128118515,0.8598955273628235,0.9917586445808411,True,False,True,0.3790209889411926,0.8208168148994446
2648,True,LEFT_FOOT_INDEX,0.3562653958797455,0.845793604850769,-0.2937840223312378,0.8680633306503296,0.8076961040496826,True,False,True,0.3562653958797455,0.845793604850769
2649,True,LEFT_FOOT_INDEX,0.3367643356323242,0.8470359444618225,-0.28826993703842163,0.8791430592536926,0.9971218705177307,True,False,True,0.3367643356323242,0.8470359444618225
2650,True,LEFT_FOOT_INDEX,0.34724023938179016,0.8477804064750671,-0.22133693099021912,0.8897258043289185,0.994249701499939,True,False,True,0.34724023938179016,0.8477804064750671
2651,True,LEFT_FOOT_INDEX,0.34107595682144165,0.8589996695518494,-0.04488217830657959,0.8989793062210083,0.9994532465934753,True,False,True,0.34107595682144165,0.8589996695518494
2652,True,LEFT_FOOT_INDEX,0.3450191915035248,0.8561317920684814,-0.1875091940164566,0.9074231386184692,0.9985761642456055,True,False,True,0.3450191915035248,0.8561317920684814
2653,True,LEFT_FOOT_INDEX,0.34978967905044556,0.8557602763175964,-0.13754373788833618,0.9131231307983398,0.9986093044281006,True,False,True,0.34978967905044556,0.8557602763175964
2654,True,LEFT_FOOT_INDEX,0.38169243931770325,0.8238425254821777,-0.17522451281547546,0.9190587401390076,0.9953290224075317,True,False,True,0.38169243931770325,0.8238425254821777
2655,True,LEFT_FOOT_INDEX,0.41472333669662476,0.8114463686943054,-0.05072813481092453,0.9198119044303894,0.982233464717865,True,False,True,0.41472333669662476,0.8114463686943054
2656,True,LEFT_FOOT_INDEX,0.4426393210887909,0.8101487159729004,-0.07983683049678802,0.9134390950202942,0.9703088402748108,True,False,True,0.4426393210887909,0.8101487159729004
2657,True,LEFT_FOOT_INDEX,0.47796541452407837,0.7986631393432617,-0.028599385172128677,0.9007136225700378,0.9896350502967834,True,False,True,0.47796541452407837,0.7986631393432617
2658,True,LEFT_FOOT_INDEX,0.49309369921684265,0.8023842573165894,-0.10901772975921631,0.9050219058990479,0.99907386302948,True,False,True,0.49309369921684265,0.8023842573165894
2659,True,LEFT_FOOT_INDEX,0.5027827024459839,0.8082706928253174,-0.15778307616710663,0.910843014717102,0.9978857636451721,True,False,True,0.5027827024459839,0.8082706928253174
2660,True,LEFT_FOOT_INDEX,0.5206596851348877,0.8104292154312134,-0.2561076879501343,0.9193069934844971,0.9987733960151672,True,False,True,0.5206596851348877,0.8104292154312134
2661,True,LEFT_FOOT_INDEX,0.5373679995536804,0.8133184313774109,0.04071417078375816,0.9267638325691223,0.998629093170166,True,False,True,0.5373679995536804,0.8133184313774109
2662,True,LEFT_FOOT_INDEX,0.5414083003997803,0.8130879998207092,-0.030307210981845856,0.9333730340003967,0.9991562366485596,True,False,True,0.5414083003997803,0.8130879998207092
2663,True,LEFT_FOOT_INDEX,0.5466673374176025,0.8130968809127808,-0.042808663100004196,0.9389351606369019,0.9987554550170898,True,False,True,0.5466673374176025,0.8130968809127808
2664,True,LEFT_FOOT_INDEX,0.5501598715782166,0.8136225342750549,-0.10131340473890305,0.9444422125816345,0.9989387392997742,True,False,True,0.5501598715782166,0.8136225342750549
2665,True,LEFT_FOOT_INDEX,0.559026300907135,0.8139092326164246,-0.09172123670578003,0.9488860964775085,0.9984815716743469,True,False,True,0.559026300907135,0.8139092326164246
2666,True,LEFT_FOOT_INDEX,0.563187301158905,0.8126019239425659,-0.11733008921146393,0.9529225826263428,0.9962173104286194,True,False,True,0.563187301158905,0.8126019239425659
2667,True,LEFT_FOOT_INDEX,0.561570942401886,0.8118189573287964,-0.014899025671184063,0.9572473168373108,0.9984094500541687,True,False,True,0.561570942401886,0.8118189573287964
2668,True,LEFT_FOOT_INDEX,0.5555127263069153,0.811112105846405,0.12284311652183533,0.9609681963920593,0.999188244342804,True,False,True,0.5555127263069153,0.811112105846405
2669,True,LEFT_FOOT_INDEX,0.5535284876823425,0.8093951940536499,0.11803960800170898,0.9644322395324707,0.9996640682220459,True,False,True,0.5535284876823425,0.8093951940536499
2670,True,LEFT_FOOT_INDEX,0.5172165036201477,0.8085393905639648,0.058427754789590836,0.9676190614700317,0.9995139837265015,True,False,True,0.5172165036201477,0.8085393905639648
2671,True,LEFT_FOOT_INDEX,0.47858160734176636,0.8086403012275696,0.07086674124002457,0.970357358455658,0.9993101358413696,True,False,True,0.47858160734176636,0.8086403012275696
2672,True,LEFT_FOOT_INDEX,0.451346755027771,0.8084110617637634,0.09064631909132004,0.9728835821151733,0.9992009997367859,True,False,True,0.451346755027771,0.8084110617637634
2673,True,LEFT_FOOT_INDEX,0.42999017238616943,0.8064228892326355,0.06148818880319595,0.9750280380249023,0.9993392825126648,True,False,True,0.42999017238616943,0.8064228892326355
2674,True,LEFT_FOOT_INDEX,0.39798280596733093,0.8041801452636719,0.046484898775815964,0.9764106869697571,0.9994213581085205,True,False,True,0.39798280596733093,0.8041801452636719
2675,True,LEFT_FOOT_INDEX,0.3664140999317169,0.7974668741226196,0.1042584553360939,0.9777809977531433,0.9996479749679565,True,False,True,0.3664140999317169,0.7974668741226196
2676,True,LEFT_FOOT_INDEX,0.3349577486515045,0.7961589097976685,0.10836892575025558,0.9784652590751648,0.9993990659713745,True,False,True,0.3349577486515045,0.7961589097976685
2677,True,LEFT_FOOT_INDEX,0.279329776763916,0.7965202927589417,-0.21837353706359863,0.977660059928894,0.9920427203178406,True,False,True,0.279329776763916,0.7965202927589417
2678,True,LEFT_FOOT_INDEX,0.24691028892993927,0.8026389479637146,-0.31197240948677063,0.976762592792511,0.9913836717605591,True,False,True,0.24691028892993927,0.8026389479637146
2679,True,LEFT_FOOT_INDEX,0.2316853404045105,0.8063032627105713,-0.3300439715385437,0.9739155769348145,0.9923950433731079,True,False,True,0.2316853404045105,0.8063032627105713
2680,True,LEFT_FOOT_INDEX,0.22884909808635712,0.8061292171478271,-0.30879607796669006,0.9689655900001526,0.9952239394187927,True,False,True,0.22884909808635712,0.8061292171478271
2681,True,LEFT_FOOT_INDEX,0.20764683187007904,0.8014010787010193,-0.32052719593048096,0.9617183208465576,0.992983341217041,True,False,True,0.20764683187007904,0.8014010787010193
2682,True,LEFT_FOOT_INDEX,0.18461455404758453,0.8014596104621887,-0.3056640326976776,0.9610949158668518,0.9944233298301697,True,False,True,0.18461455404758453,0.8014596104621887
2683,True,LEFT_FOOT_INDEX,0.16050218045711517,0.8010349869728088,-0.2800324857234955,0.9607025384902954,0.9965994954109192,True,False,True,0.16050218045711517,0.8010349869728088
2684,True,LEFT_FOOT_INDEX,0.14813821017742157,0.7981985211372375,-0.2729160487651825,0.9564457535743713,0.9975540041923523,True,False,True,0.14813821017742157,0.7981985211372375
2685,True,LEFT_FOOT_INDEX,0.1320846825838089,0.7990257143974304,-0.28301018476486206,0.9541712999343872,0.9975306391716003,True,False,True,0.1320846825838089,0.7990257143974304
2686,True,LEFT_FOOT_INDEX,0.1272982805967331,0.8020498752593994,-0.3322584927082062,0.9533056020736694,0.9978075623512268,True,False,True,0.1272982805967331,0.8020498752593994
2687,True,LEFT_FOOT_INDEX,0.13358762860298157,0.7968870401382446,-0.29064837098121643,0.9524587988853455,0.9972642660140991,True,False,True,0.13358762860298157,0.7968870401382446
2688,True,LEFT_FOOT_INDEX,0.13577792048454285,0.7969485521316528,-0.3694390654563904,0.9517611861228943,0.996819019317627,True,False,True,0.13577792048454285,0.7969485521316528
2689,True,LEFT_FOOT_INDEX,0.13656210899353027,0.8036535978317261,-0.41551560163497925,0.9528058767318726,0.9964364767074585,True,False,True,0.13656210899353027,0.8036535978317261
2690,True,LEFT_FOOT_INDEX,0.13191869854927063,0.810290515422821,-0.36961883306503296,0.955125093460083,0.9970646500587463,True,False,True,0.13191869854927063,0.810290515422821
2691,True,LEFT_FOOT_INDEX,0.1264011263847351,0.8177589774131775,-0.5069285035133362,0.9569560289382935,0.9977241158485413,True,False,True,0.1264011263847351,0.8177589774131775
2692,True,LEFT_FOOT_INDEX,0.13044707477092743,0.8165009021759033,-0.3829381465911865,0.958629310131073,0.9958720803260803,True,False,True,0.13044707477092743,0.8165009021759033
2693,True,LEFT_FOOT_INDEX,0.12856899201869965,0.8192345499992371,-0.4446614682674408,0.9587959051132202,0.9961491823196411,True,False,True,0.12856899201869965,0.8192345499992371
2694,True,LEFT_FOOT_INDEX,0.13268563151359558,0.817870020866394,-0.401410311460495,0.9593909978866577,0.9962008595466614,True,False,True,0.13268563151359558,0.817870020866394
2695,True,LEFT_FOOT_INDEX,0.13505437970161438,0.8180751204490662,-0.39327099919319153,0.9608348608016968,0.9958327412605286,True,False,True,0.13505437970161438,0.8180751204490662
2696,True,LEFT_FOOT_INDEX,0.13731366395950317,0.8174697756767273,-0.3383652865886688,0.962212324142456,0.9944239258766174,True,False,True,0.13731366395950317,0.8174697756767273
2697,True,LEFT_FOOT_INDEX,0.15192046761512756,0.8144902586936951,-0.3440805971622467,0.9632900953292847,0.9920517206192017,True,False,True,0.15192046761512756,0.8144902586936951
2698,True,LEFT_FOOT_INDEX,0.15270105004310608,0.8154381513595581,-0.273868203163147,0.9633010029792786,0.9842803478240967,True,False,True,0.15270105004310608,0.8154381513595581
2699,True,LEFT_FOOT_INDEX,0.1543801724910736,0.8150662779808044,-0.2828518748283386,0.9625858664512634,0.9723400473594666,True,False,True,0.1543801724910736,0.8150662779808044
2700,True,LEFT_FOOT_INDEX,0.15647843480110168,0.8195865750312805,-0.23074562847614288,0.9607416391372681,0.9328919053077698,True,False,True,0.15647843480110168,0.8195865750312805
2701,True,LEFT_FOOT_INDEX,0.15963469445705414,0.82314532995224,-0.27012723684310913,0.961359441280365,0.9695212244987488,True,False,True,0.15963469445705414,0.82314532995224
2702,True,LEFT_FOOT_INDEX,0.1653779298067093,0.8242794275283813,-0.28315019607543945,0.9628751277923584,0.9658613204956055,True,False,True,0.1653779298067093,0.8242794275283813
2703,True,LEFT_FOOT_INDEX,0.1656719297170639,0.824768602848053,-0.18200446665287018,0.9653658270835876,0.9825849533081055,True,False,True,0.1656719297170639,0.824768602848053
2704,True,LEFT_FOOT_INDEX,0.17043909430503845,0.8244032859802246,-0.15398116409778595,0.9670539498329163,0.9867618083953857,True,False,True,0.17043909430503845,0.8244032859802246
2705,True,LEFT_FOOT_INDEX,0.1769605427980423,0.8239827752113342,-0.21037033200263977,0.9680325388908386,0.9873502850532532,True,False,True,0.1769605427980423,0.8239827752113342
2706,True,LEFT_FOOT_INDEX,0.18160903453826904,0.823714017868042,-0.22829104959964752,0.9680653214454651,0.9850679039955139,True,False,True,0.18160903453826904,0.823714017868042
2707,True,LEFT_FOOT_INDEX,0.1919783502817154,0.8219746351242065,-0.18607087433338165,0.9675609469413757,0.9816544055938721,True,False,True,0.1919783502817154,0.8219746351242065
2708,True,LEFT_FOOT_INDEX,0.19733357429504395,0.8233446478843689,-0.1971558928489685,0.9661083221435547,0.9813552498817444,True,False,True,0.19733357429504395,0.8233446478843689
2709,True,LEFT_FOOT_INDEX,0.21059012413024902,0.8233057856559753,-0.20513106882572174,0.9654151797294617,0.9776855111122131,True,False,True,0.21059012413024902,0.8233057856559753
2604,True,LEFT_HEEL,0.4216555953025818,0.6117373704910278,0.19849906861782074,0.9618248343467712,0.9998753070831299,True,False,True,0.4216555953025818,0.6117373704910278
2605,True,LEFT_HEEL,0.43012604117393494,0.5837569832801819,0.031603794544935226,0.9620218873023987,0.9997304081916809,True,False,True,0.43012604117393494,0.5837569832801819
2606,True,LEFT_HEEL,0.43498101830482483,0.5602229833602905,-0.003544607199728489,0.9625057578086853,0.9997584223747253,True,False,True,0.43498101830482483,0.5602229833602905
2607,True,LEFT_HEEL,0.43397092819213867,0.5338749885559082,-0.04666280001401901,0.9624106884002686,0.999812662601471,True,False,True,0.43397092819213867,0.5338749885559082
2608,True,LEFT_HEEL,0.4192887842655182,0.5274704098701477,-0.05311284214258194,0.9626235365867615,0.9997468590736389,True,False,True,0.4192887842655182,0.5274704098701477
2609,True,LEFT_HEEL,0.39273229241371155,0.5272730588912964,0.012047389522194862,0.9619564414024353,0.9996812343597412,True,False,True,0.39273229241371155,0.5272730588912964
2610,True,LEFT_HEEL,0.37005704641342163,0.5178943276405334,0.2115512490272522,0.9544227123260498,0.9994093179702759,True,False,True,0.37005704641342163,0.5178943276405334
2611,True,LEFT_HEEL,0.3521580696105957,0.5230276584625244,0.15235039591789246,0.9488564133644104,0.9994072914123535,True,False,True,0.3521580696105957,0.5230276584625244
2612,True,LEFT_HEEL,0.3457924425601959,0.53287273645401,0.10968738794326782,0.94345623254776,0.999483585357666,True,False,True,0.3457924425601959,0.53287273645401
2613,True,LEFT_HEEL,0.33507370948791504,0.5498936772346497,0.10655476152896881,0.939825177192688,0.9993969202041626,True,False,True,0.33507370948791504,0.5498936772346497
2614,True,LEFT_HEEL,0.33690956234931946,0.5701007843017578,0.0210105050355196,0.9372577667236328,0.9993839263916016,True,False,True,0.33690956234931946,0.5701007843017578
2615,True,LEFT_HEEL,0.3364432752132416,0.5883660316467285,-0.03361990675330162,0.934808075428009,0.9992245435714722,True,False,True,0.3364432752132416,0.5883660316467285
2616,True,LEFT_HEEL,0.3418739140033722,0.6150168180465698,-0.10958322882652283,0.9336981177330017,0.9989833235740662,True,False,True,0.3418739140033722,0.6150168180465698
2617,True,LEFT_HEEL,0.34654638171195984,0.6408790946006775,-0.09758944064378738,0.9346011281013489,0.9988245368003845,True,False,True,0.34654638171195984,0.6408790946006775
2618,True,LEFT_HEEL,0.3478411138057709,0.6750916838645935,-0.120305135846138,0.9359634518623352,0.9988611936569214,True,False,True,0.3478411138057709,0.6750916838645935
2619,True,LEFT_HEEL,0.3559207618236542,0.6969879269599915,-0.07484985142946243,0.9362469911575317,0.9990623593330383,True,False,True,0.3559207618236542,0.6969879269599915
2620,True,LEFT_HEEL,0.36987850069999695,0.7171812057495117,0.15101400017738342,0.9372016191482544,0.9989455342292786,True,False,True,0.36987850069999695,0.7171812057495117
2621,True,LEFT_HEEL,0.3820643126964569,0.7335613965988159,0.22580456733703613,0.9361196160316467,0.9989802241325378,True,False,True,0.3820643126964569,0.7335613965988159
2622,True,LEFT_HEEL,0.39821210503578186,0.7472295165061951,0.28126057982444763,0.9328355193138123,0.9995833039283752,True,False,True,0.39821210503578186,0.7472295165061951
2623,True,LEFT_HEEL,0.4086393415927887,0.757388174533844,0.31563106179237366,0.9303675889968872,0.9997691512107849,True,False,True,0.4086393415927887,0.757388174533844
2624,True,LEFT_HEEL,0.4176238477230072,0.7660117149353027,0.2680962383747101,0.9258268475532532,0.9997870326042175,True,False,True,0.4176238477230072,0.7660117149353027
2625,True,LEFT_HEEL,0.428728312253952,0.7726298570632935,0.2651885747909546,0.9219158291816711,0.9998680353164673,True,False,True,0.428728312253952,0.7726298570632935
2626,True,LEFT_HEEL,0.4390646517276764,0.7791247367858887,0.2485293298959732,0.9113172888755798,0.9997952580451965,True,False,True,0.4390646517276764,0.7791247367858887
2627,True,LEFT_HEEL,0.45659181475639343,0.784996509552002,0.11649658530950546,0.9010437726974487,0.9998078942298889,True,False,True,0.45659181475639343,0.784996509552002
2628,True,LEFT_HEEL,0.4672333300113678,0.7900181412696838,0.016884194687008858,0.8908707499504089,0.9996775388717651,True,False,True,0.4672333300113678,0.7900181412696838
2629,True,LEFT_HEEL,0.4761311113834381,0.7928662896156311,-0.026000365614891052,0.8858734965324402,0.9995002746582031,True,False,True,0.4761311113834381,0.7928662896156311
2630,True,LEFT_HEEL,0.48141103982925415,0.7965231537818909,-0.014734763652086258,0.8776925206184387,0.999638557434082,True,False,True,0.48141103982925415,0.7965231537818909
2631,True,LEFT_HEEL,0.43650251626968384,0.8046039342880249,0.02048192173242569,0.8760501742362976,0.9998310804367065,True,False,True,0.43650251626968384,0.8046039342880249
2632,True,LEFT_HEEL,0.2509288191795349,0.7993465065956116,0.4292151629924774,0.8788037896156311,0.9998297691345215,True,False,True,0.2509288191795349,0.7993465065956116
2633,True,LEFT_HEEL,0.3778817057609558,0.7953319549560547,0.07274781912565231,0.8801406025886536,0.9998775720596313,True,False,True,0.3778817057609558,0.7953319549560547
2634,True,LEFT_HEEL,0.40332022309303284,0.7907690405845642,0.08315982669591904,0.8851959705352783,0.9999312162399292,True,False,True,0.40332022309303284,0.7907690405845642
2635,True,LEFT_HEEL,0.40339934825897217,0.7918598055839539,0.28907015919685364,0.8870230317115784,0.9999163150787354,True,False,True,0.40339934825897217,0.7918598055839539
2636,True,LEFT_HEEL,0.4027884900569916,0.7915904521942139,0.5021210312843323,0.8857442736625671,0.9999340772628784,True,False,True,0.4027884900569916,0.7915904521942139
2637,True,LEFT_HEEL,0.3963850736618042,0.7907095551490784,0.4542141556739807,0.8740760684013367,0.9996885061264038,True,False,True,0.3963850736618042,0.7907095551490784
2638,True,LEFT_HEEL,0.3894132077693939,0.8058767914772034,0.5758939981460571,0.8269654512405396,0.9989988207817078,True,False,True,0.3894132077693939,0.8058767914772034
2639,True,LEFT_HEEL,0.3895774483680725,0.8129221200942993,0.40392255783081055,0.800560474395752,0.9993707537651062,True,False,True,0.3895774483680725,0.8129221200942993
2640,True,LEFT_HEEL,0.4043116569519043,0.8115462064743042,-0.23490184545516968,0.8172413110733032,0.999969482421875,True,False,True,0.4043116569519043,0.8115462064743042
2641,True,LEFT_HEEL,0.37563106417655945,0.7715097665786743,0.05497794225811958,0.8326830267906189,0.9996304512023926,True,False,True,0.37563106417655945,0.7715097665786743
2642,True,LEFT_HEEL,0.36343440413475037,0.747258186340332,0.408616840839386,0.8349363207817078,0.9992167949676514,True,False,True,0.36343440413475037,0.747258186340332
2643,True,LEFT_HEEL,0.3674904704093933,0.7537113428115845,-0.22971755266189575,0.8439228534698486,0.9989017248153687,True,False,True,0.3674904704093933,0.7537113428115845
2644,True,LEFT_HEEL,0.3813536763191223,0.7551857233047485,-0.12355782091617584,0.858065128326416,0.9998716115951538,True,False,True,0.3813536763191223,0.7551857233047485
2645,True,LEFT_HEEL,0.38955989480018616,0.7943270802497864,-0.09660684317350388,0.8718714118003845,0.9997908473014832,True,False,True,0.38955989480018616,0.7943270802497864
2646,True,LEFT_HEEL,0.3967731297016144,0.8018870949745178,-0.15371690690517426,0.8786954879760742,0.9992846846580505,True,False,True,0.3967731297016144,0.8018870949745178
2647,True,LEFT_HEEL,0.4036111533641815,0.8094741702079773,-0.1944415271282196,0.8860670328140259,0.9966992735862732,True,False,True,0.4036111533641815,0.8094741702079773
2648,True,LEFT_HEEL,0.40881600975990295,0.8229244351387024,-0.24249659478664398,0.8960983753204346,0.9284154772758484,True,False,True,0.40881600975990295,0.8229244351387024
2649,True,LEFT_HEEL,0.40953588485717773,0.8318697810173035,-0.21662433445453644,0.9061357975006104,0.9990435242652893,True,False,True,0.40953588485717773,0.8318697810173035
2650,True,LEFT_HEEL,0.41044074296951294,0.8290045857429504,-0.1531616747379303,0.9152130484580994,0.9983277916908264,True,False,True,0.41044074296951294,0.8290045857429504
2651,True,LEFT_HEEL,0.41073495149612427,0.8421209454536438,0.0027229145634919405,0.9236143231391907,0.9998631477355957,True,False,True,0.41073495149612427,0.8421209454536438
2652,True,LEFT_HEEL,0.41218534111976624,0.8366162776947021,-0.11389882862567902,0.9310988187789917,0.9996469020843506,True,False,True,0.41218534111976624,0.8366162776947021
2653,True,LEFT_HEEL,0.4148886203765869,0.8254494667053223,-0.0625796839594841,0.9377821683883667,0.9996169805526733,True,False,True,0.4148886203765869,0.8254494667053223
2654,True,LEFT_HEEL,0.4368837773799896,0.7984097599983215,-0.09933803975582123,0.9438799619674683,0.9983720183372498,True,False,True,0.4368837773799896,0.7984097599983215
2655,True,LEFT_HEEL,0.47109633684158325,0.789970874786377,-0.008046607486903667,0.9489560723304749,0.9930968880653381,True,False,True,0.47109633684158325,0.789970874786377
2656,True,LEFT_HEEL,0.5067381858825684,0.7837872505187988,-0.016201870515942574,0.9531762599945068,0.9883622527122498,True,False,True,0.5067381858825684,0.7837872505187988
2657,True,LEFT_HEEL,0.5217844843864441,0.7782729268074036,-0.006546236574649811,0.9534355401992798,0.9943834543228149,True,False,True,0.5217844843864441,0.7782729268074036
2658,True,LEFT_HEEL,0.5399841666221619,0.7800300717353821,-0.07175035029649734,0.9567171931266785,0.9995630383491516,True,False,True,0.5399841666221619,0.7800300717353821
2659,True,LEFT_HEEL,0.5719011425971985,0.7825009822845459,-0.07678549736738205,0.9559844732284546,0.9986445307731628,True,False,True,0.5719011425971985,0.7825009822845459
2660,True,LEFT_HEEL,0.5972736477851868,0.783886730670929,-0.17972920835018158,0.9592617154121399,0.9991818070411682,True,False,True,0.5972736477851868,0.783886730670929
2661,True,LEFT_HEEL,0.6161696314811707,0.7848692536354065,0.10673586279153824,0.960677981376648,0.9985104203224182,True,False,True,0.6161696314811707,0.7848692536354065
2662,True,LEFT_HEEL,0.6206015348434448,0.7856675982475281,0.022961189970374107,0.9628976583480835,0.9991027116775513,True,False,True,0.6206015348434448,0.7856675982475281
2663,True,LEFT_HEEL,0.6212776303291321,0.786514163017273,0.04160907492041588,0.9637269377708435,0.9980229139328003,True,False,True,0.6212776303291321,0.786514163017273
2664,True,LEFT_HEEL,0.6265606880187988,0.7869436144828796,0.0002283914654981345,0.9663270711898804,0.9985833168029785,True,False,True,0.6265606880187988,0.7869436144828796
2665,True,LEFT_HEEL,0.6219258904457092,0.7857623100280762,0.029116004705429077,0.9669142365455627,0.9982567429542542,True,False,True,0.6219258904457092,0.7857623100280762
2666,True,LEFT_HEEL,0.6129002571105957,0.7801632285118103,0.04123964160680771,0.9610856771469116,0.9971354007720947,True,False,True,0.6129002571105957,0.7801632285118103
2667,True,LEFT_HEEL,0.6070422530174255,0.7708625793457031,0.15726161003112793,0.9605187773704529,0.9990600943565369,True,False,True,0.6070422530174255,0.7708625793457031
2668,True,LEFT_HEEL,0.5986855030059814,0.7582132816314697,0.31052663922309875,0.9572618007659912,0.9993618130683899,True,False,True,0.5986855030059814,0.7582132816314697
2669,True,LEFT_HEEL,0.5713843107223511,0.7480128407478333,0.28096067905426025,0.9549458026885986,0.9998151659965515,True,False,True,0.5713843107223511,0.7480128407478333
2670,True,LEFT_HEEL,0.5448567271232605,0.7419798374176025,0.21112453937530518,0.9550588726997375,0.9998002648353577,True,False,True,0.5448567271232605,0.7419798374176025
2671,True,LEFT_HEEL,0.5141850113868713,0.7434438467025757,0.2296183854341507,0.9521893262863159,0.9996943473815918,True,False,True,0.5141850113868713,0.7434438467025757
2672,True,LEFT_HEEL,0.48180311918258667,0.7460931539535522,0.2479332685470581,0.9499648213386536,0.9996501207351685,True,False,True,0.48180311918258667,0.7460931539535522
2673,True,LEFT_HEEL,0.45919784903526306,0.7416713237762451,0.20284083485603333,0.9477741122245789,0.9997343420982361,True,False,True,0.45919784903526306,0.7416713237762451
2674,True,LEFT_HEEL,0.4326370060443878,0.7355745434761047,0.18639017641544342,0.9388468861579895,0.9997397065162659,True,False,True,0.4326370060443878,0.7355745434761047
2675,True,LEFT_HEEL,0.4064013957977295,0.7306151390075684,0.2401798516511917,0.9319278597831726,0.9998501539230347,True,False,True,0.4064013957977295,0.7306151390075684
2676,True,LEFT_HEEL,0.3786606788635254,0.7338371872901917,0.24915514886379242,0.9226787090301514,0.9997146725654602,True,False,True,0.3786606788635254,0.7338371872901917
2677,True,LEFT_HEEL,0.34880903363227844,0.7396066188812256,-0.08124546706676483,0.9185341596603394,0.9964969754219055,True,False,True,0.34880903363227844,0.7396066188812256
2678,True,LEFT_HEEL,0.31995004415512085,0.7617387771606445,-0.17653337121009827,0.917471706867218,0.9961196184158325,True,False,True,0.31995004415512085,0.7617387771606445
2679,True,LEFT_HEEL,0.2933212220668793,0.7804477214813232,-0.19144831597805023,0.9147573113441467,0.9959266185760498,True,False,True,0.2933212220668793,0.7804477214813232
2680,True,LEFT_HEEL,0.28001508116722107,0.777661144733429,-0.1720668077468872,0.9076434969902039,0.9973770380020142,True,False,True,0.28001508116722107,0.777661144733429
2681,True,LEFT_HEEL,0.26731792092323303,0.7796823382377625,-0.17298483848571777,0.9010571241378784,0.9953769445419312,True,False,True,0.26731792092323303,0.7796823382377625
2682,True,LEFT_HEEL,0.24251389503479004,0.7807404398918152,-0.13137133419513702,0.9017103910446167,0.9968414306640625,True,False,True,0.24251389503479004,0.7807404398918152
2683,True,LEFT_HEEL,0.2158745527267456,0.7851244807243347,-0.11146574467420578,0.9030076265335083,0.9981541037559509,True,False,True,0.2158745527267456,0.7851244807243347
2684,True,LEFT_HEEL,0.1960298866033554,0.7843744158744812,-0.10407501459121704,0.8903518319129944,0.9985326528549194,True,False,True,0.1960298866033554,0.7843744158744812
2685,True,LEFT_HEEL,0.1836879998445511,0.785519003868103,-0.10997363924980164,0.8847848773002625,0.9984440207481384,True,False,True,0.1836879998445511,0.785519003868103
2686,True,LEFT_HEEL,0.175058513879776,0.7854335308074951,-0.1527738869190216,0.8794909715652466,0.9987900853157043,True,False,True,0.175058513879776,0.7854335308074951
2687,True,LEFT_HEEL,0.174282044172287,0.7850415706634521,-0.15067043900489807,0.8743309378623962,0.9984721541404724,True,False,True,0.174282044172287,0.7850415706634521
2688,True,LEFT_HEEL,0.17410233616828918,0.7868092060089111,-0.19962649047374725,0.8697715401649475,0.9984196424484253,True,False,True,0.17410233616828918,0.7868092060089111
2689,True,LEFT_HEEL,0.17513516545295715,0.786393940448761,-0.22891388833522797,0.8683791160583496,0.998319685459137,True,False,True,0.17513516545295715,0.786393940448761
2690,True,LEFT_HEEL,0.17504940927028656,0.7857739925384521,-0.18936021625995636,0.8728951215744019,0.9987233281135559,True,False,True,0.17504940927028656,0.7857739925384521
2691,True,LEFT_HEEL,0.17257510125637054,0.7906704545021057,-0.31628358364105225,0.8744213581085205,0.9989705085754395,True,False,True,0.17257510125637054,0.7906704545021057
2692,True,LEFT_HEEL,0.17469780147075653,0.7897409200668335,-0.19051101803779602,0.8783977031707764,0.9981610178947449,True,False,True,0.17469780147075653,0.7897409200668335
2693,True,LEFT_HEEL,0.17119425535202026,0.792145848274231,-0.2543642222881317,0.8753647208213806,0.9982078075408936,True,False,True,0.17119425535202026,0.792145848274231
2694,True,LEFT_HEEL,0.17390836775302887,0.7923619151115417,-0.22066372632980347,0.8736835718154907,0.9981414079666138,True,False,True,0.17390836775302887,0.7923619151115417
2695,True,LEFT_HEEL,0.17300084233283997,0.7921358942985535,-0.17638365924358368,0.8739930987358093,0.9982884526252747,True,False,True,0.17300084233283997,0.7921358942985535
2696,True,LEFT_HEEL,0.1740499585866928,0.7917817234992981,-0.13411378860473633,0.8749046921730042,0.9980003237724304,True,False,True,0.1740499585866928,0.7917817234992981
2697,True,LEFT_HEEL,0.17672045528888702,0.7881757020950317,-0.14452752470970154,0.8747654557228088,0.9971609115600586,True,False,True,0.17672045528888702,0.7881757020950317
2698,True,LEFT_HEEL,0.16933540999889374,0.7937348484992981,-0.0751735121011734,0.8739659786224365,0.9946233034133911,True,False,True,0.16933540999889374,0.7937348484992981
2699,True,LEFT_HEEL,0.17114436626434326,0.7932513952255249,-0.07340346276760101,0.8645406365394592,0.9901964664459229,True,False,True,0.17114436626434326,0.7932513952255249
2700,True,LEFT_HEEL,0.18291831016540527,0.7928781509399414,-0.017940349876880646,0.849808931350708,0.9730162024497986,True,False,True,0.18291831016540527,0.7928781509399414
2701,True,LEFT_HEEL,0.18773002922534943,0.7947787046432495,-0.05978607013821602,0.8443911075592041,0.9882857799530029,True,False,True,0.18773002922534943,0.7947787046432495
2702,True,LEFT_HEEL,0.19326330721378326,0.7943875789642334,-0.07675858587026596,0.842674970626831,0.9902241826057434,True,False,True,0.19326330721378326,0.7943875789642334
2703,True,LEFT_HEEL,0.20220746099948883,0.7941746711730957,0.03977692499756813,0.845151424407959,0.9952927827835083,True,False,True,0.20220746099948883,0.7941746711730957
2704,True,LEFT_HEEL,0.20563162863254547,0.7945700883865356,0.06792359799146652,0.8388492465019226,0.9955990314483643,True,False,True,0.20563162863254547,0.7945700883865356
2705,True,LEFT_HEEL,0.20931828022003174,0.797030508518219,0.0012168186949566007,0.8335411548614502,0.9950405955314636,True,False,True,0.20931828022003174,0.797030508518219
2706,True,LEFT_HEEL,0.2120990753173828,0.8004925847053528,-0.016988743096590042,0.8242341876029968,0.9941348433494568,True,False,True,0.2120990753173828,0.8004925847053528
2707,True,LEFT_HEEL,0.22364704310894012,0.8001134395599365,0.01829412579536438,0.8141397833824158,0.9922297596931458,True,False,True,0.22364704310894012,0.8001134395599365
2708,True,LEFT_HEEL,0.23240162432193756,0.8012256622314453,0.002441628137603402,0.8035300970077515,0.9905937910079956,True,False,True,0.23240162432193756,0.8012256622314453
2709,True,LEFT_HEEL,0.23819048702716827,0.8057820796966553,-0.004791968502104282,0.7986002564430237,0.9909494519233704,True,False,True,0.23819048702716827,0.8057820796966553
2604,True,LEFT_HIP,0.26927170157432556,0.45527881383895874,0.14000868797302246,0.9990390539169312,0.9997661709785461,True,False,True,0.26927170157432556,0.45527881383895874
2605,True,LEFT_HIP,0.272126168012619,0.45330101251602173,0.13304656744003296,0.9990620017051697,0.9997450709342957,True,False,True,0.272126168012619,0.45330101251602173
2606,True,LEFT_HIP,0.2776792347431183,0.4474443793296814,0.13346409797668457,0.9990754723548889,0.9997355341911316,True,False,True,0.2776792347431183,0.4474443793296814
2607,True,LEFT_HIP,0.28466323018074036,0.44244271516799927,0.12084348499774933,0.9991093873977661,0.9997889399528503,True,False,True,0.28466323018074036,0.44244271516799927
2608,True,LEFT_HIP,0.28713276982307434,0.4394747018814087,0.1200050339102745,0.9991492033004761,0.999678373336792,True,False,True,0.28713276982307434,0.4394747018814087
2609,True,LEFT_HIP,0.29275697469711304,0.440664678812027,0.11812826246023178,0.999178409576416,0.9993705153465271,True,False,True,0.29275697469711304,0.440664678812027
2610,True,LEFT_HIP,0.2979055643081665,0.4409853219985962,0.11476323753595352,0.9990912675857544,0.9991586208343506,True,False,True,0.2979055643081665,0.4409853219985962
2611,True,LEFT_HIP,0.30040115118026733,0.44140395522117615,0.11046956479549408,0.9990461468696594,0.9992037415504456,True,False,True,0.30040115118026733,0.44140395522117615
2612,True,LEFT_HIP,0.30281442403793335,0.4417487680912018,0.11055444180965424,0.9989932775497437,0.9994378685951233,True,False,True,0.30281442403793335,0.4417487680912018
2613,True,LEFT_HIP,0.3024640679359436,0.4465900957584381,0.10956623405218124,0.9989498257637024,0.9992579817771912,True,False,True,0.3024640679359436,0.4465900957584381
2614,True,LEFT_HIP,0.30338069796562195,0.45094290375709534,0.11087527871131897,0.9988132119178772,0.9986734390258789,True,False,True,0.30338069796562195,0.45094290375709534
2615,True,LEFT_HIP,0.3024592697620392,0.4565354585647583,0.105910524725914,0.9986966848373413,0.9992579817771912,True,False,True,0.3024592697620392,0.4565354585647583
2616,True,LEFT_HIP,0.30167317390441895,0.46096211671829224,0.10556446015834808,0.9983727931976318,0.9984291195869446,True,False,True,0.30167317390441895,0.46096211671829224
2617,True,LEFT_HIP,0.3011315166950226,0.4644639194011688,0.10656984895467758,0.9982175827026367,0.9989319443702698,True,False,True,0.3011315166950226,0.4644639194011688
2618,True,LEFT_HIP,0.30077335238456726,0.46433714032173157,0.10728003084659576,0.9980884194374084,0.9988734126091003,True,False,True,0.30077335238456726,0.46433714032173157
2619,True,LEFT_HIP,0.3001168668270111,0.46606743335723877,0.10905182361602783,0.9980171918869019,0.9991298317909241,True,False,True,0.3001168668270111,0.46606743335723877
2620,True,LEFT_HIP,0.3010096848011017,0.4682835340499878,0.11498649418354034,0.9974752068519592,0.9973334074020386,True,False,True,0.3010096848011017,0.4682835340499878
2621,True,LEFT_HIP,0.30221402645111084,0.4690883457660675,0.1167682409286499,0.9966646432876587,0.9971959590911865,True,False,True,0.30221402645111084,0.4690883457660675
2622,True,LEFT_HIP,0.30238693952560425,0.4727894961833954,0.117605060338974,0.9965558648109436,0.9990330934524536,True,False,True,0.30238693952560425,0.4727894961833954
2623,True,LEFT_HIP,0.30236971378326416,0.47650396823883057,0.11772218346595764,0.9966708421707153,0.9996010661125183,True,False,True,0.30236971378326416,0.47650396823883057
2624,True,LEFT_HIP,0.3022524118423462,0.48100873827934265,0.12131549417972565,0.9968951344490051,0.9998229146003723,True,False,True,0.3022524118423462,0.48100873827934265
2625,True,LEFT_HIP,0.3021514415740967,0.48486557602882385,0.12320970743894577,0.997125506401062,0.9999136924743652,True,False,True,0.3021514415740967,0.48486557602882385
2626,True,LEFT_HIP,0.29942044615745544,0.4967293441295624,0.12314096093177795,0.9973334074020386,0.99992835521698,True,False,True,0.29942044615745544,0.4967293441295624
2627,True,LEFT_HIP,0.2897898256778717,0.5055391788482666,0.12343292683362961,0.9974706768989563,0.9999431371688843,True,False,True,0.2897898256778717,0.5055391788482666
2628,True,LEFT_HIP,0.28674405813217163,0.5150604844093323,0.12145937234163284,0.9975810647010803,0.999948263168335,True,False,True,0.28674405813217163,0.5150604844093323
2629,True,LEFT_HIP,0.28572720289230347,0.5208650231361389,0.12010343372821808,0.9977156519889832,0.9999744892120361,True,False,True,0.28572720289230347,0.5208650231361389
2630,True,LEFT_HIP,0.286325603723526,0.5316962003707886,0.12005072087049484,0.9978207945823669,0.9999598264694214,True,False,True,0.286325603723526,0.5316962003707886
2631,True,LEFT_HIP,0.28633442521095276,0.5449368953704834,0.12004095315933228,0.9979652762413025,0.9999481439590454,True,False,True,0.28633442521095276,0.5449368953704834
2632,True,LEFT_HIP,0.28673872351646423,0.5562182068824768,0.13676483929157257,0.9981439709663391,0.9999723434448242,True,False,True,0.28673872351646423,0.5562182068824768
2633,True,LEFT_HIP,0.29381781816482544,0.5604103803634644,0.1338474154472351,0.9982941150665283,0.9999721050262451,True,False,True,0.29381781816482544,0.5604103803634644
2634,True,LEFT_HIP,0.2966100573539734,0.5697553753852844,0.1269213706254959,0.9984123110771179,0.9999476671218872,True,False,True,0.2966100573539734,0.5697553753852844
2635,True,LEFT_HIP,0.297922819852829,0.5824215412139893,0.12668414413928986,0.9985014796257019,0.9999034404754639,True,False,True,0.297922819852829,0.5824215412139893
2636,True,LEFT_HIP,0.30782344937324524,0.5995113849639893,0.1262643188238144,0.9986140131950378,0.999963641166687,True,False,True,0.30782344937324524,0.5995113849639893
2637,True,LEFT_HIP,0.32544493675231934,0.6090622544288635,0.1259990930557251,0.9986820220947266,0.9999088048934937,True,False,True,0.32544493675231934,0.6090622544288635
2638,True,LEFT_HIP,0.31960874795913696,0.6175682544708252,0.1375189870595932,0.9987159967422485,0.9999175071716309,True,False,True,0.31960874795913696,0.6175682544708252
2639,True,LEFT_HIP,0.3259228765964508,0.6220298409461975,0.14186552166938782,0.9988387823104858,0.9999969005584717,True,False,True,0.3259228765964508,0.6220298409461975
2640,True,LEFT_HIP,0.3221379518508911,0.6214195489883423,0.08428237587213516,0.9989529252052307,0.9999978542327881,True,False,True,0.3221379518508911,0.6214195489883423
2641,True,LEFT_HIP,0.3217152953147888,0.6190506815910339,0.0692615732550621,0.9990478754043579,0.9998101592063904,True,False,True,0.3217152953147888,0.6190506815910339
2642,True,LEFT_HIP,0.3259694278240204,0.6177377104759216,0.07082848995923996,0.9991157054901123,0.9995070695877075,True,False,True,0.3259694278240204,0.6177377104759216
2643,True,LEFT_HIP,0.3404979407787323,0.6122820973396301,0.051068201661109924,0.9991581439971924,0.9998282194137573,True,False,True,0.3404979407787323,0.6122820973396301
2644,True,LEFT_HIP,0.35447949171066284,0.5945613384246826,-0.006835486739873886,0.9992367625236511,0.9999938011169434,True,False,True,0.35447949171066284,0.5945613384246826
2645,True,LEFT_HIP,0.3807624578475952,0.5720221996307373,0.007708395831286907,0.9993105530738831,0.9999876022338867,True,False,True,0.3807624578475952,0.5720221996307373
2646,True,LEFT_HIP,0.3947230875492096,0.5464271306991577,0.002461002441123128,0.9993741512298584,0.9999390840530396,True,False,True,0.3947230875492096,0.5464271306991577
2647,True,LEFT_HIP,0.40186798572540283,0.528328001499176,-0.06988060474395752,0.9994348287582397,0.9999943971633911,True,False,True,0.40186798572540283,0.528328001499176
2648,True,LEFT_HIP,0.411959707736969,0.5264768004417419,-0.13808535039424896,0.999485969543457,0.9999822378158569,True,False,True,0.411959707736969,0.5264768004417419
2649,True,LEFT_HIP,0.4151313602924347,0.5250155925750732,-0.1363571435213089,0.9995301365852356,0.9999970197677612,True,False,True,0.4151313602924347,0.5250155925750732
2650,True,LEFT_HIP,0.41772031784057617,0.5206872224807739,-0.11850957572460175,0.9995723962783813,0.9999923706054688,True,False,True,0.41772031784057617,0.5206872224807739
2651,True,LEFT_HIP,0.42039602994918823,0.5152373909950256,-0.10525543242692947,0.999613881111145,0.9999984502792358,True,False,True,0.42039602994918823,0.5152373909950256
2652,True,LEFT_HIP,0.4245932698249817,0.506192147731781,-0.0899624228477478,0.9996479749679565,0.9999986886978149,True,False,True,0.4245932698249817,0.506192147731781
2653,True,LEFT_HIP,0.42753469944000244,0.4985801875591278,-0.07447053492069244,0.9996621012687683,0.9999858140945435,True,False,True,0.42753469944000244,0.4985801875591278
2654,True,LEFT_HIP,0.4317028224468231,0.4901559352874756,-0.06934385001659393,0.9996490478515625,0.9998855590820312,True,False,True,0.4317028224468231,0.4901559352874756
2655,True,LEFT_HIP,0.4333767890930176,0.48518243432044983,-0.06525164842605591,0.999658465385437,0.9999713897705078,True,False,True,0.4333767890930176,0.48518243432044983
2656,True,LEFT_HIP,0.4384387135505676,0.478425532579422,-0.08019319921731949,0.9996912479400635,0.9999970197677612,True,False,True,0.4384387135505676,0.478425532579422
2657,True,LEFT_HIP,0.4453754425048828,0.48318344354629517,-0.10356511920690536,0.9997209310531616,0.999997615814209,True,False,True,0.4453754425048828,0.48318344354629517
2658,True,LEFT_HIP,0.45052117109298706,0.4843081533908844,-0.1261085867881775,0.9997485876083374,0.9999996423721313,True,False,True,0.45052117109298706,0.4843081533908844
2659,True,LEFT_HIP,0.45271027088165283,0.487218976020813,-0.13882313668727875,0.999771773815155,0.9999970197677612,True,False,True,0.45271027088165283,0.487218976020813
2660,True,LEFT_HIP,0.4565730094909668,0.511074960231781,-0.1483316570520401,0.9997934103012085,0.9999969005584717,True,False,True,0.4565730094909668,0.511074960231781
2661,True,LEFT_HIP,0.4567287564277649,0.5332276821136475,-0.14128845930099487,0.9998102188110352,0.9999912977218628,True,False,True,0.4567287564277649,0.5332276821136475
2662,True,LEFT_HIP,0.45437997579574585,0.5404888391494751,-0.14927338063716888,0.9998251795768738,0.9999821186065674,True,False,True,0.45437997579574585,0.5404888391494751
2663,True,LEFT_HIP,0.4518633186817169,0.5455824732780457,-0.14687153697013855,0.9998348355293274,0.9999651908874512,True,False,True,0.4518633186817169,0.5455824732780457
2664,True,LEFT_HIP,0.4419683814048767,0.5505875945091248,-0.1467701643705368,0.9998341798782349,0.9999434947967529,True,False,True,0.4419683814048767,0.5505875945091248
2665,True,LEFT_HIP,0.4263509213924408,0.5552282929420471,-0.14400316774845123,0.9998182654380798,0.9999185800552368,True,False,True,0.4263509213924408,0.5552282929420471
2666,True,LEFT_HIP,0.4257524311542511,0.5593251585960388,-0.1271221786737442,0.999769389629364,0.9997617602348328,True,False,True,0.4257524311542511,0.5593251585960388
2667,True,LEFT_HIP,0.4147554636001587,0.5591022968292236,-0.12796887755393982,0.9997631311416626,0.9998925924301147,True,False,True,0.4147554636001587,0.5591022968292236
2668,True,LEFT_HIP,0.40492597222328186,0.5557334423065186,-0.11119705438613892,0.9997782111167908,0.9999707937240601,True,False,True,0.40492597222328186,0.5557334423065186
2669,True,LEFT_HIP,0.39395806193351746,0.5539509057998657,-0.11084470897912979,0.9997967481613159,0.9999886751174927,True,False,True,0.39395806193351746,0.5539509057998657
2670,True,LEFT_HIP,0.38346025347709656,0.5473738312721252,-0.1122543141245842,0.9998136758804321,0.9999803304672241,True,False,True,0.38346025347709656,0.5473738312721252
2671,True,LEFT_HIP,0.3761208951473236,0.5340780019760132,-0.11260534077882767,0.9998254776000977,0.9999706745147705,True,False,True,0.3761208951473236,0.5340780019760132
2672,True,LEFT_HIP,0.3692477345466614,0.5239614248275757,-0.11316139250993729,0.9998344779014587,0.9999494552612305,True,False,True,0.3692477345466614,0.5239614248275757
2673,True,LEFT_HIP,0.3581501245498657,0.5149208903312683,-0.11606398969888687,0.9998428821563721,0.9999521970748901,True,False,True,0.3581501245498657,0.5149208903312683
2674,True,LEFT_HIP,0.3494853079319,0.505223274230957,-0.11630887538194656,0.9998443722724915,0.9999444484710693,True,False,True,0.3494853079319,0.505223274230957
2675,True,LEFT_HIP,0.3428601324558258,0.4986427128314972,-0.11581220477819443,0.9998525381088257,0.9999567270278931,True,False,True,0.3428601324558258,0.4986427128314972
2676,True,LEFT_HIP,0.3350118100643158,0.49454495310783386,-0.11155042797327042,0.999852180480957,0.9999121427536011,True,False,True,0.3350118100643158,0.49454495310783386
2677,True,LEFT_HIP,0.3250826299190521,0.4910846948623657,-0.11550381034612656,0.9997968077659607,0.9990072846412659,True,False,True,0.3250826299190521,0.4910846948623657
2678,True,LEFT_HIP,0.31694522500038147,0.4897482991218567,-0.12191766500473022,0.9997598528862,0.9993163347244263,True,False,True,0.31694522500038147,0.4897482991218567
2679,True,LEFT_HIP,0.31238436698913574,0.4896884560585022,-0.1301971673965454,0.999713122844696,0.9992565512657166,True,False,True,0.31238436698913574,0.4896884560585022
2680,True,LEFT_HIP,0.30767491459846497,0.4895664155483246,-0.12958817183971405,0.9996574521064758,0.9989913105964661,True,False,True,0.30767491459846497,0.4895664155483246
2681,True,LEFT_HIP,0.30179083347320557,0.4906582832336426,-0.1301063895225525,0.9995336532592773,0.9981276392936707,True,False,True,0.30179083347320557,0.4906582832336426
2682,True,LEFT_HIP,0.2942505478858948,0.4915136992931366,-0.1297408789396286,0.9994310736656189,0.9988539218902588,True,False,True,0.2942505478858948,0.4915136992931366
2683,True,LEFT_HIP,0.28976964950561523,0.4924815893173218,-0.12847858667373657,0.9993624687194824,0.9990031123161316,True,False,True,0.28976964950561523,0.4924815893173218
2684,True,LEFT_HIP,0.28470516204833984,0.49294570088386536,-0.11663985997438431,0.9992889165878296,0.9984304308891296,True,False,True,0.28470516204833984,0.49294570088386536
2685,True,LEFT_HIP,0.28185683488845825,0.4931733012199402,-0.11700206249952316,0.999184787273407,0.9984661340713501,True,False,True,0.28185683488845825,0.4931733012199402
2686,True,LEFT_HIP,0.27546072006225586,0.49342218041419983,-0.11656919121742249,0.9991280436515808,0.9987633228302002,True,False,True,0.27546072006225586,0.49342218041419983
2687,True,LEFT_HIP,0.27108344435691833,0.4942222833633423,-0.11576305329799652,0.9990209341049194,0.9981891512870789,True,False,True,0.27108344435691833,0.4942222833633423
2688,True,LEFT_HIP,0.26572710275650024,0.49476587772369385,-0.11408483237028122,0.9990426898002625,0.9990590214729309,True,False,True,0.26572710275650024,0.49476587772369385
2689,True,LEFT_HIP,0.25972306728363037,0.4951249361038208,-0.11049829423427582,0.9990969896316528,0.9993926286697388,True,False,True,0.25972306728363037,0.4951249361038208
2690,True,LEFT_HIP,0.2526748478412628,0.4954366087913513,-0.11075232923030853,0.9991412162780762,0.9994437098503113,True,False,True,0.2526748478412628,0.4954366087913513
2691,True,LEFT_HIP,0.2489253580570221,0.4956010580062866,-0.11116107553243637,0.999211311340332,0.9996696710586548,True,False,True,0.2489253580570221,0.4956010580062866
2692,True,LEFT_HIP,0.24507422745227814,0.4957257807254791,-0.11159683018922806,0.9992225766181946,0.9991181492805481,True,False,True,0.24507422745227814,0.4957257807254791
2693,True,LEFT_HIP,0.24188484251499176,0.49561628699302673,-0.11146730929613113,0.99925696849823,0.9991662502288818,True,False,True,0.24188484251499176,0.49561628699302673
2694,True,LEFT_HIP,0.23953093588352203,0.49547865986824036,-0.1116635873913765,0.9992555379867554,0.9987480640411377,True,False,True,0.23953093588352203,0.49547865986824036
2695,True,LEFT_HIP,0.23538367450237274,0.49390721321105957,-0.10173226147890091,0.9992600083351135,0.9992062449455261,True,False,True,0.23538367450237274,0.49390721321105957
2696,True,LEFT_HIP,0.22905826568603516,0.49341872334480286,-0.09061896055936813,0.9992914199829102,0.9995286464691162,True,False,True,0.22905826568603516,0.49341872334480286
2697,True,LEFT_HIP,0.22932198643684387,0.4858836829662323,-0.07665591686964035,0.9993315935134888,0.9995669722557068,True,False,True,0.22932198643684387,0.4858836829662323
2698,True,LEFT_HIP,0.2270028293132782,0.48680225014686584,-0.075496606528759,0.9993748068809509,0.9997194409370422,True,False,True,0.2270028293132782,0.48680225014686584
2699,True,LEFT_HIP,0.2244662046432495,0.48436012864112854,-0.07112538814544678,0.9994195103645325,0.999756395816803,True,False,True,0.2244662046432495,0.48436012864112854
2700,True,LEFT_HIP,0.2236705720424652,0.4846036732196808,-0.06812871992588043,0.9994572401046753,0.9996269941329956,True,False,True,0.2236705720424652,0.4846036732196808
2701,True,LEFT_HIP,0.22432254254817963,0.48453065752983093,-0.07246667891740799,0.9994974732398987,0.9997230172157288,True,False,True,0.22432254254817963,0.48453065752983093
2702,True,LEFT_HIP,0.22478218376636505,0.484231561422348,-0.06951633840799332,0.9995363354682922,0.9998000264167786,True,False,True,0.22478218376636505,0.484231561422348
2703,True,LEFT_HIP,0.22553867101669312,0.4843570291996002,-0.07203850895166397,0.9995654225349426,0.999683141708374,True,False,True,0.22553867101669312,0.4843570291996002
2704,True,LEFT_HIP,0.22626423835754395,0.48450782895088196,-0.07343927770853043,0.9995756149291992,0.9994401335716248,True,False,True,0.22626423835754395,0.48450782895088196
2705,True,LEFT_HIP,0.22763176262378693,0.4845757782459259,-0.0829153060913086,0.9995359778404236,0.9985095858573914,True,False,True,0.22763176262378693,0.4845757782459259
2706,True,LEFT_HIP,0.2283940613269806,0.4845847189426422,-0.08251488208770752,0.9995133876800537,0.998524010181427,True,False,True,0.2283940613269806,0.4845847189426422
2707,True,LEFT_HIP,0.23073627054691315,0.4867805540561676,-0.08467775583267212,0.9994689226150513,0.9978423118591309,True,False,True,0.23073627054691315,0.4867805540561676
2708,True,LEFT_HIP,0.2319614738225937,0.4891025722026825,-0.08839239925146103,0.9994649291038513,0.9983922839164734,True,False,True,0.2319614738225937,0.4891025722026825
2709,True,LEFT_HIP,0.23506399989128113,0.49116191267967224,-0.08351055532693863,0.9994478225708008,0.9981127977371216,True,False,True,0.23506399989128113,0.49116191267967224
2604,True,LEFT_INDEX,0.3396199941635132,0.2551409602165222,-0.3282853364944458,0.646427571773529,0.9998530149459839,True,False,True,0.3396199941635132,0.2551409602165222
2605,True,LEFT_INDEX,0.3406132161617279,0.24937212467193604,-0.3891768157482147,0.6653933525085449,0.9999305009841919,True,False,True,0.3406132161617279,0.24937212467193604
2606,True,LEFT_INDEX,0.3192588984966278,0.215439110994339,-0.16283085942268372,0.6514682173728943,0.9997005462646484,True,False,True,0.3192588984966278,0.215439110994339
2607,True,LEFT_INDEX,0.30648595094680786,0.20495161414146423,-0.23404128849506378,0.6343875527381897,0.9996557235717773,True,False,True,0.30648595094680786,0.20495161414146423
2608,True,LEFT_INDEX,0.31233933568000793,0.1943446397781372,0.035195305943489075,0.6190742254257202,0.9996428489685059,True,False,True,0.31233933568000793,0.1943446397781372
2609,True,LEFT_INDEX,0.3270915150642395,0.20415806770324707,-0.2746778428554535,0.6200211048126221,0.999624490737915,True,False,True,0.3270915150642395,0.20415806770324707
2610,True,LEFT_INDEX,0.33460623025894165,0.20436711609363556,0.01646123267710209,0.601940393447876,0.9986475110054016,True,False,True,0.33460623025894165,0.20436711609363556
2611,True,LEFT_INDEX,0.33867737650871277,0.2097347527742386,-0.4741154611110687,0.6045308113098145,0.9992629885673523,True,False,True,0.33867737650871277,0.2097347527742386
2612,True,LEFT_INDEX,0.3454892933368683,0.22650854289531708,-0.6002562642097473,0.625480055809021,0.9996554851531982,True,False,True,0.3454892933368683,0.22650854289531708
2613,True,LEFT_INDEX,0.3452145457267761,0.23694823682308197,-0.49534904956817627,0.6503556966781616,0.9996393918991089,True,False,True,0.3452145457267761,0.23694823682308197
2614,True,LEFT_INDEX,0.34232112765312195,0.2470884472131729,-0.4229868948459625,0.6630216240882874,0.9994513392448425,True,False,True,0.34232112765312195,0.2470884472131729
2615,True,LEFT_INDEX,0.3445848822593689,0.2715729773044586,-0.40857189893722534,0.6675778031349182,0.9991723299026489,True,False,True,0.3445848822593689,0.2715729773044586
2616,True,LEFT_INDEX,0.3558516502380371,0.31789731979370117,-0.2452424168586731,0.6560279130935669,0.9984204769134521,True,False,True,0.3558516502380371,0.31789731979370117
2617,True,LEFT_INDEX,0.3552742004394531,0.3154106140136719,-0.29612478613853455,0.6547951698303223,0.9990795850753784,True,False,True,0.3552742004394531,0.3154106140136719
2618,True,LEFT_INDEX,0.35806483030319214,0.32242551445961,-0.10661504417657852,0.6546288728713989,0.9986922144889832,True,False,True,0.35806483030319214,0.32242551445961
2619,True,LEFT_INDEX,0.35562068223953247,0.3375991880893707,-0.24655243754386902,0.6375924348831177,0.9963780045509338,True,False,True,0.35562068223953247,0.3375991880893707
2620,True,LEFT_INDEX,0.35450074076652527,0.35440266132354736,-0.3667054772377014,0.5961834192276001,0.9881725907325745,True,False,True,0.35450074076652527,0.35440266132354736
2621,True,LEFT_INDEX,0.36047205328941345,0.3699345290660858,-0.41229307651519775,0.5556276440620422,0.9890196919441223,True,False,True,0.36047205328941345,0.3699345290660858
2622,True,LEFT_INDEX,0.38328641653060913,0.38116076588630676,-0.44711098074913025,0.5459340810775757,0.9968806505203247,True,False,True,0.38328641653060913,0.38116076588630676
2623,True,LEFT_INDEX,0.400231271982193,0.40409064292907715,-0.4786393940448761,0.5566057562828064,0.9986365437507629,True,False,True,0.400231271982193,0.40409064292907715
2624,True,LEFT_INDEX,0.4051867425441742,0.43522438406944275,-0.23403041064739227,0.5759505033493042,0.999531626701355,True,False,True,0.4051867425441742,0.43522438406944275
2625,True,LEFT_INDEX,0.4179444909095764,0.4445243775844574,-0.10635759681463242,0.6009229421615601,0.9998388290405273,True,False,True,0.4179444909095764,0.4445243775844574
2626,True,LEFT_INDEX,0.4277142882347107,0.46464088559150696,-0.2231617420911789,0.6075694561004639,0.999563992023468,True,False,True,0.4277142882347107,0.46464088559150696
2627,True,LEFT_INDEX,0.44445738196372986,0.4781160056591034,-0.14783722162246704,0.5931075811386108,0.9990689158439636,True,False,True,0.44445738196372986,0.4781160056591034
2628,True,LEFT_INDEX,0.4648836553096771,0.4985612630844116,-0.21204502880573273,0.5973816514015198,0.9992916584014893,True,False,True,0.4648836553096771,0.4985612630844116
2629,True,LEFT_INDEX,0.4800592064857483,0.508834719657898,-0.22888317704200745,0.6057742238044739,0.999298095703125,True,False,True,0.4800592064857483,0.508834719657898
2630,True,LEFT_INDEX,0.5017462372779846,0.517264187335968,-0.3514255881309509,0.6218647360801697,0.9993108510971069,True,False,True,0.5017462372779846,0.517264187335968
2631,True,LEFT_INDEX,0.524700403213501,0.5178142786026001,-0.34683725237846375,0.6521351337432861,0.9996696710586548,True,False,True,0.524700403213501,0.5178142786026001
2632,True,LEFT_INDEX,0.5569029450416565,0.5094868540763855,-0.34066593647003174,0.6837190389633179,0.9997325539588928,True,False,True,0.5569029450416565,0.5094868540763855
2633,True,LEFT_INDEX,0.5712979435920715,0.49626389145851135,-0.3735497295856476,0.7133331298828125,0.9997525811195374,True,False,True,0.5712979435920715,0.49626389145851135
2634,True,LEFT_INDEX,0.5768654942512512,0.4761764705181122,-0.284375935792923,0.7375198602676392,0.9993607401847839,True,False,True,0.5768654942512512,0.4761764705181122
2635,True,LEFT_INDEX,0.5691455602645874,0.45990628004074097,-0.02345191314816475,0.7473134994506836,0.999319314956665,True,False,True,0.5691455602645874,0.45990628004074097
2636,True,LEFT_INDEX,0.5537907481193542,0.4323878288269043,0.17757855355739594,0.7500166893005371,0.9987107515335083,True,False,True,0.5537907481193542,0.4323878288269043
2637,True,LEFT_INDEX,0.48711273074150085,0.4571894109249115,0.3274303376674652,0.7284967303276062,0.9996325969696045,True,False,True,0.48711273074150085,0.4571894109249115
2638,True,LEFT_INDEX,0.305599182844162,0.4489779472351074,0.5770017504692078,0.664954423904419,0.9983181953430176,True,False,True,0.305599182844162,0.4489779472351074
2639,True,LEFT_INDEX,0.30118536949157715,0.40440768003463745,0.829298734664917,0.6171287298202515,0.9980917572975159,True,False,True,0.30118536949157715,0.40440768003463745
2640,True,LEFT_INDEX,0.3221819996833801,0.5367670059204102,0.31322377920150757,0.5717544555664062,0.9999173879623413,True,False,True,0.3221819996833801,0.5367670059204102
2641,True,LEFT_INDEX,0.3123883903026581,0.5634921789169312,0.23816093802452087,0.5785092711448669,0.9999035596847534,True,False,True,0.3123883903026581,0.5634921789169312
2642,True,LEFT_INDEX,0.30811306834220886,0.5520753264427185,0.25669893622398376,0.5280817747116089,0.9958407282829285,True,False,True,0.30811306834220886,0.5520753264427185
2643,True,LEFT_INDEX,0.3273358643054962,0.5468458533287048,0.22551573812961578,0.484293669462204,0.9978376030921936,False,False,False,,
2644,True,LEFT_INDEX,0.3284898102283478,0.5393246412277222,0.21900443732738495,0.4512973725795746,0.9995623230934143,False,False,False,,
2645,True,LEFT_INDEX,0.22262096405029297,0.5928700566291809,0.3772640824317932,0.49686846137046814,0.9996219873428345,False,False,False,,
2646,True,LEFT_INDEX,0.18992534279823303,0.6013575196266174,-0.015229975804686546,0.5399661064147949,0.997643768787384,True,False,True,0.18992534279823303,0.6013575196266174
2647,True,LEFT_INDEX,0.22495627403259277,0.4422183036804199,0.46774452924728394,0.5228080153465271,0.9992965459823608,True,False,True,0.22495627403259277,0.4422183036804199
2648,True,LEFT_INDEX,0.22042541205883026,0.393030047416687,0.45433828234672546,0.5122609734535217,0.9946033358573914,True,False,True,0.22042541205883026,0.393030047416687
2649,True,LEFT_INDEX,0.2922137677669525,0.43207159638404846,-0.5736567974090576,0.5348886847496033,0.9995050430297852,True,False,True,0.2922137677669525,0.43207159638404846
2650,True,LEFT_INDEX,0.27933475375175476,0.42277851700782776,-0.17600275576114655,0.5531669855117798,0.9992461204528809,True,False,True,0.27933475375175476,0.42277851700782776
2651,True,LEFT_INDEX,0.20521965622901917,0.2749740183353424,0.48988038301467896,0.5756875872612,0.9999263286590576,True,False,True,0.20521965622901917,0.2749740183353424
2652,True,LEFT_INDEX,0.1978185623884201,0.2959239184856415,0.3645027279853821,0.5593406558036804,0.9993589520454407,True,False,True,0.1978185623884201,0.2959239184856415
2653,True,LEFT_INDEX,0.2101220339536667,0.2716123163700104,0.32857179641723633,0.5346744656562805,0.998069703578949,True,False,True,0.2101220339536667,0.2716123163700104
2654,True,LEFT_INDEX,0.22428496181964874,0.2970927655696869,-0.05901716277003288,0.5329785346984863,0.990774929523468,True,False,True,0.22428496181964874,0.2970927655696869
2655,True,LEFT_INDEX,0.23435695469379425,0.3228834867477417,0.252381831407547,0.49668192863464355,0.990328848361969,False,False,False,,
2656,True,LEFT_INDEX,0.24155190587043762,0.33156338334083557,0.33471930027008057,0.46491333842277527,0.9929932951927185,False,False,False,,
2657,True,LEFT_INDEX,0.2380245476961136,0.36538970470428467,0.23150745034217834,0.46532732248306274,0.9955846667289734,False,False,False,,
2658,True,LEFT_INDEX,0.26034414768218994,0.4177323877811432,0.15345372259616852,0.4422411322593689,0.9974461793899536,False,False,False,,
2659,True,LEFT_INDEX,0.2822166085243225,0.42962634563446045,0.15737847983837128,0.41854384541511536,0.9930144548416138,False,False,False,,
2660,True,LEFT_INDEX,0.3349211812019348,0.443975567817688,0.29827964305877686,0.3875808119773865,0.998441755771637,False,False,False,,
2661,True,LEFT_INDEX,0.340843141078949,0.4292800724506378,0.30783185362815857,0.35549676418304443,0.9976182579994202,False,False,False,,
2662,True,LEFT_INDEX,0.32895317673683167,0.4340038597583771,0.46244409680366516,0.3276442885398865,0.9982988238334656,False,False,False,,
2663,True,LEFT_INDEX,0.345058411359787,0.4344220757484436,0.5591601133346558,0.30116933584213257,0.9939336180686951,False,False,False,,
2664,True,LEFT_INDEX,0.31305620074272156,0.4732722342014313,0.4239211082458496,0.2949349582195282,0.9974352717399597,False,False,False,,
2665,True,LEFT_INDEX,0.31052905321121216,0.49245959520339966,0.14839161932468414,0.30764415860176086,0.9971902966499329,False,False,False,,
2666,True,LEFT_INDEX,0.2937512695789337,0.49258896708488464,-0.15869030356407166,0.3583781123161316,0.9992766976356506,False,False,False,,
2667,True,LEFT_INDEX,0.28234919905662537,0.5062727928161621,-0.46403154730796814,0.41354382038116455,0.9993711113929749,False,False,False,,
2668,True,LEFT_INDEX,0.2836610972881317,0.5099709630012512,-0.5809224247932434,0.47055545449256897,0.999916672706604,False,False,False,,
2669,True,LEFT_INDEX,0.2848752737045288,0.5220999121665955,-0.573786735534668,0.5224134922027588,0.9999550580978394,True,False,True,0.2848752737045288,0.5220999121665955
2670,True,LEFT_INDEX,0.2846548557281494,0.5239174365997314,-0.591498076915741,0.569507896900177,0.9999649524688721,True,False,True,0.2846548557281494,0.5239174365997314
2671,True,LEFT_INDEX,0.2887014150619507,0.5272262692451477,-0.5663130283355713,0.611922562122345,0.9999532699584961,True,False,True,0.2887014150619507,0.5272262692451477
2672,True,LEFT_INDEX,0.3060039281845093,0.5225241184234619,-0.5346609950065613,0.6501516103744507,0.9999449253082275,True,False,True,0.3060039281845093,0.5225241184234619
2673,True,LEFT_INDEX,0.3155646324157715,0.5150651335716248,-0.5617052316665649,0.6845752596855164,0.9999426603317261,True,False,True,0.3155646324157715,0.5150651335716248
2674,True,LEFT_INDEX,0.32444486021995544,0.5128507018089294,-0.5753336548805237,0.7149779200553894,0.9998514652252197,True,False,True,0.32444486021995544,0.5128507018089294
2675,True,LEFT_INDEX,0.3334810137748718,0.5126016736030579,-0.5682592391967773,0.7427687644958496,0.9999074935913086,True,False,True,0.3334810137748718,0.5126016736030579
2676,True,LEFT_INDEX,0.3448444902896881,0.5070973634719849,-0.5514585971832275,0.7675349116325378,0.9997733235359192,True,False,True,0.3448444902896881,0.5070973634719849
2677,True,LEFT_INDEX,0.34950265288352966,0.49676135182380676,-0.5151901245117188,0.7889071106910706,0.9985052347183228,True,False,True,0.34950265288352966,0.49676135182380676
2678,True,LEFT_INDEX,0.3507327139377594,0.49221739172935486,-0.5139803886413574,0.8086939454078674,0.9984095692634583,True,False,True,0.3507327139377594,0.49221739172935486
2679,True,LEFT_INDEX,0.3449266254901886,0.48933854699134827,-0.5588839054107666,0.8265596628189087,0.9987460374832153,True,False,True,0.3449266254901886,0.48933854699134827
2680,True,LEFT_INDEX,0.3415570855140686,0.4874723255634308,-0.575334906578064,0.8423898816108704,0.998763918876648,True,False,True,0.3415570855140686,0.4874723255634308
2681,True,LEFT_INDEX,0.3379930555820465,0.48551294207572937,-0.552881121635437,0.857353687286377,0.9993810653686523,True,False,True,0.3379930555820465,0.48551294207572937
2682,True,LEFT_INDEX,0.331708163022995,0.4857204556465149,-0.5438714623451233,0.8708551526069641,0.9996045231819153,True,False,True,0.331708163022995,0.4857204556465149
2683,True,LEFT_INDEX,0.3304283916950226,0.4855724275112152,-0.42534583806991577,0.8829461336135864,0.9997172951698303,True,False,True,0.3304283916950226,0.4855724275112152
2684,True,LEFT_INDEX,0.3290342688560486,0.48539772629737854,-0.36455079913139343,0.8921824097633362,0.9990602135658264,True,False,True,0.3290342688560486,0.48539772629737854
2685,True,LEFT_INDEX,0.31909701228141785,0.48548197746276855,-0.3958050608634949,0.9010166525840759,0.9994300007820129,True,False,True,0.31909701228141785,0.48548197746276855
2686,True,LEFT_INDEX,0.31374087929725647,0.4860627055168152,-0.3738253712654114,0.9088858366012573,0.999352753162384,True,False,True,0.31374087929725647,0.4860627055168152
2687,True,LEFT_INDEX,0.3081706762313843,0.4879656136035919,-0.4056393802165985,0.9164445400238037,0.9993935823440552,True,False,True,0.3081706762313843,0.4879656136035919
2688,True,LEFT_INDEX,0.3001922070980072,0.48936742544174194,-0.38895055651664734,0.9232693314552307,0.9995719790458679,True,False,True,0.3001922070980072,0.48936742544174194
2689,True,LEFT_INDEX,0.299753338098526,0.49163079261779785,-0.4043787717819214,0.9293050169944763,0.9995817542076111,True,False,True,0.299753338098526,0.49163079261779785
2690,True,LEFT_INDEX,0.2962668538093567,0.49206146597862244,-0.4088607430458069,0.9352909922599792,0.9997180104255676,True,False,True,0.2962668538093567,0.49206146597862244
2691,True,LEFT_INDEX,0.2928324341773987,0.4933120310306549,-0.4131045639514923,0.940727949142456,0.9997395873069763,True,False,True,0.2928324341773987,0.4933120310306549
2692,True,LEFT_INDEX,0.2913740575313568,0.4935537874698639,-0.45570695400238037,0.9459509253501892,0.9997697472572327,True,False,True,0.2913740575313568,0.4935537874698639
2693,True,LEFT_INDEX,0.2897895872592926,0.4937106668949127,-0.4529668390750885,0.9503714442253113,0.999653697013855,True,False,True,0.2897895872592926,0.4937106668949127
2694,True,LEFT_INDEX,0.2835700809955597,0.49417686462402344,-0.4783336818218231,0.9545504450798035,0.9996509552001953,True,False,True,0.2835700809955597,0.49417686462402344
2695,True,LEFT_INDEX,0.28443044424057007,0.4940580129623413,-0.5046292543411255,0.9580116868019104,0.9994716048240662,True,False,True,0.28443044424057007,0.4940580129623413
2696,True,LEFT_INDEX,0.2863028645515442,0.49247175455093384,-0.5176278352737427,0.9613186717033386,0.9996256828308105,True,False,True,0.2863028645515442,0.49247175455093384
2697,True,LEFT_INDEX,0.2862038314342499,0.49112188816070557,-0.5804216861724854,0.9643005132675171,0.9995036125183105,True,False,True,0.2862038314342499,0.49112188816070557
2698,True,LEFT_INDEX,0.2808244228363037,0.48878559470176697,-0.5357845425605774,0.9672611951828003,0.9997163414955139,True,False,True,0.2808244228363037,0.48878559470176697
2699,True,LEFT_INDEX,0.28137072920799255,0.48643800616264343,-0.5253100395202637,0.9695234298706055,0.9992523789405823,True,False,True,0.28137072920799255,0.48643800616264343
2700,True,LEFT_INDEX,0.2821721136569977,0.4857250154018402,-0.4460313320159912,0.9711482524871826,0.9986372590065002,True,False,True,0.2821721136569977,0.4857250154018402
2701,True,LEFT_INDEX,0.28241369128227234,0.4847315847873688,-0.45620885491371155,0.9731079339981079,0.9992289543151855,True,False,True,0.28241369128227234,0.4847315847873688
2702,True,LEFT_INDEX,0.28052860498428345,0.4848597049713135,-0.4636326730251312,0.9752240777015686,0.9993669390678406,True,False,True,0.28052860498428345,0.4848597049713135
2703,True,LEFT_INDEX,0.27591878175735474,0.4855315387248993,-0.46632692217826843,0.9771032333374023,0.9995241165161133,True,False,True,0.27591878175735474,0.4855315387248993
2704,True,LEFT_INDEX,0.2730816900730133,0.4865989089012146,-0.453260213136673,0.9788729548454285,0.9996954202651978,True,False,True,0.2730816900730133,0.4865989089012146
2705,True,LEFT_INDEX,0.2729649841785431,0.4872836172580719,-0.4263973832130432,0.9799764752388,0.9992831349372864,True,False,True,0.2729649841785431,0.4872836172580719
2706,True,LEFT_INDEX,0.27338463068008423,0.4871417284011841,-0.41085755825042725,0.9798228740692139,0.9990684390068054,True,False,True,0.27338463068008423,0.4871417284011841
2707,True,LEFT_INDEX,0.27142053842544556,0.4920024275779724,-0.41038942337036133,0.9796592593193054,0.9989620447158813,True,False,True,0.27142053842544556,0.4920024275779724
2708,True,LEFT_INDEX,0.2654570937156677,0.49448972940444946,-0.42254453897476196,0.9800803661346436,0.9993727803230286,True,False,True,0.2654570937156677,0.49448972940444946
2709,True,LEFT_INDEX,0.2619021534919739,0.5010992288589478,-0.4125225841999054,0.9804241061210632,0.9994053840637207,True,False,True,0.2619021534919739,0.5010992288589478
2604,True,LEFT_KNEE,0.40174412727355957,0.4261476695537567,0.006925904657691717,0.9717296957969666,0.9998832941055298,True,False,True,0.40174412727355957,0.4261476695537567
2605,True,LEFT_KNEE,0.39996767044067383,0.40878427028656006,-0.06479791551828384,0.9724219441413879,0.9998558759689331,True,False,True,0.39996767044067383,0.40878427028656006
2606,True,LEFT_KNEE,0.3953811824321747,0.38709327578544617,-0.0675349086523056,0.9731278419494629,0.9998534917831421,True,False,True,0.3953811824321747,0.38709327578544617
2607,True,LEFT_KNEE,0.38334280252456665,0.3659723699092865,-0.12572692334651947,0.9733632206916809,0.9998884201049805,True,False,True,0.38334280252456665,0.3659723699092865
2608,True,LEFT_KNEE,0.3730727434158325,0.3529740869998932,-0.1056782677769661,0.9733710289001465,0.9998611211776733,True,False,True,0.3730727434158325,0.3529740869998932
2609,True,LEFT_KNEE,0.3724425435066223,0.34946539998054504,-0.08207541704177856,0.9729641675949097,0.9996727705001831,True,False,True,0.3724425435066223,0.34946539998054504
2610,True,LEFT_KNEE,0.3740079998970032,0.3522103726863861,0.03768931329250336,0.9689143896102905,0.9991034865379333,True,False,True,0.3740079998970032,0.3522103726863861
2611,True,LEFT_KNEE,0.3739936649799347,0.35947540402412415,-0.0013437902089208364,0.9665255546569824,0.9989917874336243,True,False,True,0.3739936649799347,0.35947540402412415
2612,True,LEFT_KNEE,0.37460827827453613,0.364231675863266,-0.06502733379602432,0.9642354846000671,0.9991915822029114,True,False,True,0.37460827827453613,0.364231675863266
2613,True,LEFT_KNEE,0.38393327593803406,0.38677653670310974,-0.0780881866812706,0.9636539220809937,0.9990783929824829,True,False,True,0.38393327593803406,0.38677653670310974
2614,True,LEFT_KNEE,0.3928270637989044,0.41068023443222046,-0.1640307754278183,0.9642064571380615,0.9987494945526123,True,False,True,0.3928270637989044,0.41068023443222046
2615,True,LEFT_KNEE,0.3969370424747467,0.43359890580177307,-0.22628659009933472,0.9654543995857239,0.9983569979667664,True,False,True,0.3969370424747467,0.43359890580177307
2616,True,LEFT_KNEE,0.39986008405685425,0.45768657326698303,-0.2873234748840332,0.9673579931259155,0.9977136850357056,True,False,True,0.39986008405685425,0.45768657326698303
2617,True,LEFT_KNEE,0.40126916766166687,0.48194873332977295,-0.28024789690971375,0.9691968560218811,0.9985049962997437,True,False,True,0.40126916766166687,0.48194873332977295
2618,True,LEFT_KNEE,0.40149733424186707,0.5075796246528625,-0.2486637979745865,0.9703905582427979,0.9983443021774292,True,False,True,0.40149733424186707,0.5075796246528625
2619,True,LEFT_KNEE,0.40087637305259705,0.5269880294799805,-0.22058352828025818,0.970565676689148,0.998843789100647,True,False,True,0.40087637305259705,0.5269880294799805
2620,True,LEFT_KNEE,0.40061888098716736,0.5440257787704468,-0.049370087683200836,0.9697192907333374,0.9984513521194458,True,False,True,0.40061888098716736,0.5440257787704468
2621,True,LEFT_KNEE,0.39665287733078003,0.5572618842124939,0.059852954000234604,0.9651703238487244,0.9989591836929321,True,False,True,0.39665287733078003,0.5572618842124939
2622,True,LEFT_KNEE,0.3912636339664459,0.5705185532569885,0.11972786486148834,0.9572078585624695,0.999650239944458,True,False,True,0.3912636339664459,0.5705185532569885
2623,True,LEFT_KNEE,0.38653895258903503,0.5828464031219482,0.13644693791866302,0.9507150650024414,0.9998615980148315,True,False,True,0.38653895258903503,0.5828464031219482
2624,True,LEFT_KNEE,0.38336968421936035,0.5951356887817383,0.12883260846138,0.9400278329849243,0.9999349117279053,True,False,True,0.38336968421936035,0.5951356887817383
2625,True,LEFT_KNEE,0.3782942295074463,0.6055542826652527,0.07680904865264893,0.9301905035972595,0.9999688863754272,True,False,True,0.3782942295074463,0.6055542826652527
2626,True,LEFT_KNEE,0.3717327415943146,0.6163052320480347,0.07307486981153488,0.9164256453514099,0.9999728202819824,True,False,True,0.3717327415943146,0.6163052320480347
2627,True,LEFT_KNEE,0.37010031938552856,0.6216620206832886,0.05348299816250801,0.8992376327514648,0.9999794960021973,True,False,True,0.37010031938552856,0.6216620206832886
2628,True,LEFT_KNEE,0.37053096294403076,0.6263390779495239,0.007634603884071112,0.8833050727844238,0.9999709129333496,True,False,True,0.37053096294403076,0.6263390779495239
2629,True,LEFT_KNEE,0.3718814253807068,0.6315873861312866,-0.05236758291721344,0.8829737305641174,0.9999827146530151,True,False,True,0.3718814253807068,0.6315873861312866
2630,True,LEFT_KNEE,0.37240663170814514,0.6391280293464661,-0.05257631093263626,0.8733699917793274,0.9999788999557495,True,False,True,0.37240663170814514,0.6391280293464661
2631,True,LEFT_KNEE,0.3695506453514099,0.6492454409599304,-0.05088667944073677,0.8708982467651367,0.9999831914901733,True,False,True,0.3695506453514099,0.6492454409599304
2632,True,LEFT_KNEE,0.358366459608078,0.6577220559120178,0.2057686299085617,0.8693164587020874,0.9999827146530151,True,False,True,0.358366459608078,0.6577220559120178
2633,True,LEFT_KNEE,0.37133103609085083,0.6617054343223572,-0.06611603498458862,0.8719726204872131,0.9999916553497314,True,False,True,0.37133103609085083,0.6617054343223572
2634,True,LEFT_KNEE,0.39109188318252563,0.6584547758102417,-0.10768777877092361,0.8796238899230957,0.9999884366989136,True,False,True,0.39109188318252563,0.6584547758102417
2635,True,LEFT_KNEE,0.3966543674468994,0.6601164937019348,0.07062806934118271,0.8801042437553406,0.9999788999557495,True,False,True,0.3966543674468994,0.6601164937019348
2636,True,LEFT_KNEE,0.4008958339691162,0.6616061329841614,0.17966797947883606,0.8827624320983887,0.9999818801879883,True,False,True,0.4008958339691162,0.6616061329841614
2637,True,LEFT_KNEE,0.4002872705459595,0.6660721898078918,0.14515170454978943,0.8751585483551025,0.9998918771743774,True,False,True,0.4002872705459595,0.6660721898078918
2638,True,LEFT_KNEE,0.3976224362850189,0.6813562512397766,0.35624244809150696,0.8041563034057617,0.9995394945144653,True,False,True,0.3976224362850189,0.6813562512397766
2639,True,LEFT_KNEE,0.3963351845741272,0.710892915725708,0.2627232074737549,0.7673834562301636,0.9998201727867126,True,False,True,0.3963351845741272,0.710892915725708
2640,True,LEFT_KNEE,0.37372878193855286,0.710003137588501,0.18983601033687592,0.7513928413391113,0.9999773502349854,True,False,True,0.37372878193855286,0.710003137588501
2641,True,LEFT_KNEE,0.37015798687934875,0.6945406794548035,0.30739155411720276,0.7253718972206116,0.9990952014923096,True,False,True,0.37015798687934875,0.6945406794548035
2642,True,LEFT_KNEE,0.3703635334968567,0.6897287368774414,0.46170294284820557,0.6734997630119324,0.9965818524360657,True,False,True,0.3703635334968567,0.6897287368774414
2643,True,LEFT_KNEE,0.3659725785255432,0.6754870414733887,0.3240969777107239,0.6382229924201965,0.9981483221054077,True,False,True,0.3659725785255432,0.6754870414733887
2644,True,LEFT_KNEE,0.3773277997970581,0.6706679463386536,0.27071627974510193,0.6620897650718689,0.9998328685760498,True,False,True,0.3773277997970581,0.6706679463386536
2645,True,LEFT_KNEE,0.37964120507240295,0.6727893352508545,0.1215151995420456,0.6951944828033447,0.9999010562896729,True,False,True,0.37964120507240295,0.6727893352508545
2646,True,LEFT_KNEE,0.38387924432754517,0.6612825989723206,0.06417448073625565,0.7202208638191223,0.9992541670799255,True,False,True,0.38387924432754517,0.6612825989723206
2647,True,LEFT_KNEE,0.3866657018661499,0.6556901335716248,-0.035047873854637146,0.7467513680458069,0.9997807145118713,True,False,True,0.3866657018661499,0.6556901335716248
2648,True,LEFT_KNEE,0.3872927129268646,0.6570868492126465,-0.12963970005512238,0.7710558772087097,0.9989884495735168,True,False,True,0.3872927129268646,0.6570868492126465
2649,True,LEFT_KNEE,0.38712379336357117,0.6587486863136292,-0.0637710765004158,0.7933411598205566,0.9998111128807068,True,False,True,0.38712379336357117,0.6587486863136292
2650,True,LEFT_KNEE,0.3896746039390564,0.659603476524353,-0.07152549177408218,0.8136340975761414,0.9999114274978638,True,False,True,0.3896746039390564,0.659603476524353
2651,True,LEFT_KNEE,0.3937534987926483,0.6600242257118225,-0.09549149125814438,0.8322288990020752,0.9999872446060181,True,False,True,0.3937534987926483,0.6600242257118225
2652,True,LEFT_KNEE,0.3977806270122528,0.6588072180747986,-0.09958095848560333,0.8489454388618469,0.999984622001648,True,False,True,0.3977806270122528,0.6588072180747986
2653,True,LEFT_KNEE,0.4037592113018036,0.6488909125328064,-0.07788130640983582,0.8639570474624634,0.9999547004699707,True,False,True,0.4037592113018036,0.6488909125328064
2654,True,LEFT_KNEE,0.41133734583854675,0.6362888216972351,-0.08072725683450699,0.8774696588516235,0.9998161196708679,True,False,True,0.41133734583854675,0.6362888216972351
2655,True,LEFT_KNEE,0.4207475483417511,0.6271529197692871,-0.03630828112363815,0.8896453380584717,0.9996706247329712,True,False,True,0.4207475483417511,0.6271529197692871
2656,True,LEFT_KNEE,0.4285989999771118,0.6256776452064514,-0.028738919645547867,0.9006097912788391,0.9997565150260925,True,False,True,0.4285989999771118,0.6256776452064514
2657,True,LEFT_KNEE,0.4409390389919281,0.6294065117835999,-0.03658017888665199,0.9103794693946838,0.9998289346694946,True,False,True,0.4409390389919281,0.6294065117835999
2658,True,LEFT_KNEE,0.45429152250289917,0.6316171884536743,-0.09836845099925995,0.919302225112915,0.9999760389328003,True,False,True,0.45429152250289917,0.6316171884536743
2659,True,LEFT_KNEE,0.47122588753700256,0.6321513056755066,-0.09762240946292877,0.9272328615188599,0.9999592304229736,True,False,True,0.47122588753700256,0.6321513056755066
2660,True,LEFT_KNEE,0.48688390851020813,0.6447983384132385,-0.1850680708885193,0.9345037937164307,0.9999598264694214,True,False,True,0.48688390851020813,0.6447983384132385
2661,True,LEFT_KNEE,0.4943353831768036,0.665913999080658,-0.07504048943519592,0.9410384893417358,0.9999383687973022,True,False,True,0.4943353831768036,0.665913999080658
2662,True,LEFT_KNEE,0.49435487389564514,0.6731990575790405,-0.12195657193660736,0.9469205141067505,0.9999356269836426,True,False,True,0.49435487389564514,0.6731990575790405
2663,True,LEFT_KNEE,0.4968646168708801,0.6801372766494751,-0.12257713824510574,0.9521744847297668,0.9998689889907837,True,False,True,0.4968646168708801,0.6801372766494751
2664,True,LEFT_KNEE,0.49733033776283264,0.6828632354736328,-0.1343946009874344,0.9569053649902344,0.9998842477798462,True,False,True,0.49733033776283264,0.6828632354736328
2665,True,LEFT_KNEE,0.4901283383369446,0.6818552017211914,-0.13001134991645813,0.9609074592590332,0.9998531341552734,True,False,True,0.4901283383369446,0.6818552017211914
2666,True,LEFT_KNEE,0.48684051632881165,0.6829537153244019,-0.12579526007175446,0.9639927744865417,0.9998315572738647,True,False,True,0.48684051632881165,0.6829537153244019
2667,True,LEFT_KNEE,0.4753854274749756,0.684894323348999,-0.11846546083688736,0.9673138856887817,0.999915599822998,True,False,True,0.4753854274749756,0.684894323348999
2668,True,LEFT_KNEE,0.45091262459754944,0.6876641511917114,-0.04163631424307823,0.9703289866447449,0.9999616146087646,True,False,True,0.45091262459754944,0.6876641511917114
2669,True,LEFT_KNEE,0.4249868094921112,0.6890876889228821,-0.04596538469195366,0.9731127619743347,0.9999876022338867,True,False,True,0.4249868094921112,0.6890876889228821
2670,True,LEFT_KNEE,0.4010958671569824,0.6869813799858093,-0.09403141587972641,0.9756649732589722,0.9999821186065674,True,False,True,0.4010958671569824,0.6869813799858093
2671,True,LEFT_KNEE,0.3796229958534241,0.6853542923927307,-0.07626117765903473,0.977910578250885,0.9999760389328003,True,False,True,0.3796229958534241,0.6853542923927307
2672,True,LEFT_KNEE,0.3580477237701416,0.6747064590454102,-0.06654764711856842,0.9799185991287231,0.9999692440032959,True,False,True,0.3580477237701416,0.6747064590454102
2673,True,LEFT_KNEE,0.3357783854007721,0.6622212529182434,-0.10515567660331726,0.9816486835479736,0.999967098236084,True,False,True,0.3357783854007721,0.6622212529182434
2674,True,LEFT_KNEE,0.31157010793685913,0.6493943929672241,-0.12476316094398499,0.9829645156860352,0.9999607801437378,True,False,True,0.31157010793685913,0.6493943929672241
2675,True,LEFT_KNEE,0.2937459945678711,0.6376120448112488,-0.11938667297363281,0.9843696355819702,0.999963641166687,True,False,True,0.2937459945678711,0.6376120448112488
2676,True,LEFT_KNEE,0.2785176932811737,0.6303901672363281,-0.09269332885742188,0.9853127598762512,0.9999270439147949,True,False,True,0.2785176932811737,0.6303901672363281
2677,True,LEFT_KNEE,0.26542961597442627,0.6249383091926575,-0.2024017721414566,0.9849469661712646,0.9992765784263611,True,False,True,0.26542961597442627,0.6249383091926575
2678,True,LEFT_KNEE,0.2538873851299286,0.6216088533401489,-0.23351366817951202,0.9840353727340698,0.9993545413017273,True,False,True,0.2538873851299286,0.6216088533401489
2679,True,LEFT_KNEE,0.24696682393550873,0.6175982356071472,-0.2551306486129761,0.9812197685241699,0.9991002082824707,True,False,True,0.24696682393550873,0.6175982356071472
2680,True,LEFT_KNEE,0.2443387508392334,0.6140034198760986,-0.2530633807182312,0.9763414263725281,0.998997151851654,True,False,True,0.2443387508392334,0.6140034198760986
2681,True,LEFT_KNEE,0.240065336227417,0.6145767569541931,-0.2470928579568863,0.971336305141449,0.9983776807785034,True,False,True,0.240065336227417,0.6145767569541931
2682,True,LEFT_KNEE,0.23680435121059418,0.6174952983856201,-0.22043731808662415,0.9725637435913086,0.9996261596679688,True,False,True,0.23680435121059418,0.6174952983856201
2683,True,LEFT_KNEE,0.23195311427116394,0.6192445158958435,-0.21756847202777863,0.973762571811676,0.9997099041938782,True,False,True,0.23195311427116394,0.6192445158958435
2684,True,LEFT_KNEE,0.230153426527977,0.620428204536438,-0.1984734982252121,0.9649719595909119,0.999337375164032,True,False,True,0.230153426527977,0.620428204536438
2685,True,LEFT_KNEE,0.22404716908931732,0.6213012337684631,-0.19661958515644073,0.9603103399276733,0.9994910955429077,True,False,True,0.22404716908931732,0.6213012337684631
2686,True,LEFT_KNEE,0.22110772132873535,0.6218864321708679,-0.2093072235584259,0.9540385603904724,0.9995715022087097,True,False,True,0.22110772132873535,0.6218864321708679
2687,True,LEFT_KNEE,0.21847477555274963,0.6222929358482361,-0.1898450255393982,0.9500991106033325,0.999565064907074,True,False,True,0.21847477555274963,0.6222929358482361
2688,True,LEFT_KNEE,0.2144194394350052,0.6225540637969971,-0.23055042326450348,0.9460427761077881,0.9997089505195618,True,False,True,0.2144194394350052,0.6225540637969971
2689,True,LEFT_KNEE,0.21077363193035126,0.6227604150772095,-0.25609102845191956,0.9473675489425659,0.9998588562011719,True,False,True,0.21077363193035126,0.6227604150772095
2690,True,LEFT_KNEE,0.20786921679973602,0.6236432790756226,-0.2408876121044159,0.9506648182868958,0.9998958110809326,True,False,True,0.20786921679973602,0.6236432790756226
2691,True,LEFT_KNEE,0.2045844942331314,0.6237441301345825,-0.31685155630111694,0.9511319398880005,0.9999164342880249,True,False,True,0.2045844942331314,0.6237441301345825
2692,True,LEFT_KNEE,0.20366671681404114,0.6243363618850708,-0.2439538985490799,0.9536677002906799,0.9998340606689453,True,False,True,0.20366671681404114,0.6243363618850708
2693,True,LEFT_KNEE,0.20260043442249298,0.624411404132843,-0.2701542377471924,0.9522957801818848,0.9998160004615784,True,False,True,0.20260043442249298,0.624411404132843
2694,True,LEFT_KNEE,0.2013278603553772,0.6246551275253296,-0.2659986615180969,0.9512272477149963,0.999745786190033,True,False,True,0.2013278603553772,0.6246551275253296
2695,True,LEFT_KNEE,0.20099760591983795,0.624980092048645,-0.23539070785045624,0.9509922862052917,0.9997997879981995,True,False,True,0.20099760591983795,0.624980092048645
2696,True,LEFT_KNEE,0.20017020404338837,0.6254681348800659,-0.20017996430397034,0.9515677094459534,0.9998242259025574,True,False,True,0.20017020404338837,0.6254681348800659
2697,True,LEFT_KNEE,0.2010076940059662,0.623729407787323,-0.2123262882232666,0.9526529908180237,0.9998041987419128,True,False,True,0.2010076940059662,0.623729407787323
2698,True,LEFT_KNEE,0.20118199288845062,0.6263269186019897,-0.20221547782421112,0.9529141187667847,0.9996151924133301,True,False,True,0.20118199288845062,0.6263269186019897
2699,True,LEFT_KNEE,0.20154547691345215,0.6251590847969055,-0.20757503807544708,0.9541865587234497,0.9997193217277527,True,False,True,0.20154547691345215,0.6251590847969055
2700,True,LEFT_KNEE,0.20177090167999268,0.6285017728805542,-0.20003154873847961,0.9566925168037415,0.9995587468147278,True,False,True,0.20177090167999268,0.6285017728805542
2701,True,LEFT_KNEE,0.20241212844848633,0.6302696466445923,-0.22579483687877655,0.9595708847045898,0.999762237071991,True,False,True,0.20241212844848633,0.6302696466445923
2702,True,LEFT_KNEE,0.2078174501657486,0.6304612159729004,-0.2395472377538681,0.9629086852073669,0.9998168349266052,True,False,True,0.2078174501657486,0.6304612159729004
2703,True,LEFT_KNEE,0.21206173300743103,0.6334152817726135,-0.19998563826084137,0.9662079811096191,0.9998313188552856,True,False,True,0.21206173300743103,0.6334152817726135
2704,True,LEFT_KNEE,0.2197309136390686,0.6350770592689514,-0.14957937598228455,0.9689614176750183,0.9998414516448975,True,False,True,0.2197309136390686,0.6350770592689514
2705,True,LEFT_KNEE,0.22333481907844543,0.6347707509994507,-0.14862802624702454,0.9711183905601501,0.9995737671852112,True,False,True,0.22333481907844543,0.6347707509994507
2706,True,LEFT_KNEE,0.2259044647216797,0.6347532868385315,-0.15309664607048035,0.97291499376297,0.9995642304420471,True,False,True,0.2259044647216797,0.6347532868385315
2707,True,LEFT_KNEE,0.23110634088516235,0.636803388595581,-0.1315375715494156,0.9743936657905579,0.9993402361869812,True,False,True,0.23110634088516235,0.636803388595581
2708,True,LEFT_KNEE,0.23600448668003082,0.6408335566520691,-0.1365526020526886,0.9754961133003235,0.9993045330047607,True,False,True,0.23600448668003082,0.6408335566520691
2709,True,LEFT_KNEE,0.24236613512039185,0.6442481279373169,-0.1355019360780716,0.9768374562263489,0.9993966817855835,True,False,True,0.24236613512039185,0.6442481279373169
2604,True,LEFT_PINKY,0.35381725430488586,0.25621193647384644,-0.33191096782684326,0.655812680721283,0.999853253364563,True,False,True,0.35381725430488586,0.25621193647384644
2605,True,LEFT_PINKY,0.35436493158340454,0.25269657373428345,-0.39737874269485474,0.6745713353157043,0.9999252557754517,True,False,True,0.35436493158340454,0.25269657373428345
2606,True,LEFT_PINKY,0.33277490735054016,0.21149924397468567,-0.18015579879283905,0.6618821620941162,0.9997180104255676,True,False,True,0.33277490735054016,0.21149924397468567
2607,True,LEFT_PINKY,0.3189394176006317,0.20689888298511505,-0.2490403801202774,0.6460561156272888,0.9996737241744995,True,False,True,0.3189394176006317,0.20689888298511505
2608,True,LEFT_PINKY,0.32425257563591003,0.19179272651672363,0.02557581104338169,0.6319230198860168,0.9996649026870728,True,False,True,0.32425257563591003,0.19179272651672363
2609,True,LEFT_PINKY,0.3416609466075897,0.206009641289711,-0.28707125782966614,0.63359135389328,0.9996405839920044,True,False,True,0.3416609466075897,0.206009641289711
2610,True,LEFT_PINKY,0.34368598461151123,0.20569781959056854,0.015058422461152077,0.6161975860595703,0.9988096952438354,True,False,True,0.34368598461151123,0.20569781959056854
2611,True,LEFT_PINKY,0.3492205739021301,0.21063746511936188,-0.48233720660209656,0.6192789077758789,0.9993178844451904,True,False,True,0.3492205739021301,0.21063746511936188
2612,True,LEFT_PINKY,0.3546003997325897,0.2296307235956192,-0.6127303838729858,0.6400570273399353,0.9996480941772461,True,False,True,0.3546003997325897,0.2296307235956192
2613,True,LEFT_PINKY,0.3543277978897095,0.245293989777565,-0.5135860443115234,0.6645517945289612,0.9996033310890198,True,False,True,0.3543277978897095,0.245293989777565
2614,True,LEFT_PINKY,0.35421058535575867,0.25237807631492615,-0.4399877190589905,0.6773521304130554,0.9993764758110046,True,False,True,0.35421058535575867,0.25237807631492615
2615,True,LEFT_PINKY,0.356387197971344,0.2767622172832489,-0.4186273217201233,0.6815023422241211,0.9990842342376709,True,False,True,0.356387197971344,0.2767622172832489
2616,True,LEFT_PINKY,0.36157992482185364,0.31499630212783813,-0.2386002391576767,0.6682465672492981,0.9982810020446777,True,False,True,0.36157992482185364,0.31499630212783813
2617,True,LEFT_PINKY,0.36024588346481323,0.3224632740020752,-0.2991151213645935,0.6660433411598206,0.9989332556724548,True,False,True,0.36024588346481323,0.3224632740020752
2618,True,LEFT_PINKY,0.3638926148414612,0.3294107913970947,-0.09514505416154861,0.6643401384353638,0.9986261129379272,True,False,True,0.3638926148414612,0.3294107913970947
2619,True,LEFT_PINKY,0.3631623089313507,0.3452817499637604,-0.15918409824371338,0.6449897289276123,0.9959865212440491,True,False,True,0.3631623089313507,0.3452817499637604
2620,True,LEFT_PINKY,0.36489665508270264,0.3645530641078949,-0.33842936158180237,0.6020908951759338,0.9876306653022766,True,False,True,0.36489665508270264,0.3645530641078949
2621,True,LEFT_PINKY,0.372133731842041,0.3817177414894104,-0.3958973288536072,0.560228705406189,0.9883772730827332,True,False,True,0.372133731842041,0.3817177414894104
2622,True,LEFT_PINKY,0.3890879154205322,0.38941138982772827,-0.42551252245903015,0.5482192039489746,0.9965431094169617,True,False,True,0.3890879154205322,0.38941138982772827
2623,True,LEFT_PINKY,0.40543046593666077,0.40927615761756897,-0.4454400837421417,0.5563473701477051,0.9984966516494751,True,False,True,0.40543046593666077,0.40927615761756897
2624,True,LEFT_PINKY,0.4116004407405853,0.4369370937347412,-0.19682808220386505,0.574029803276062,0.999468982219696,True,False,True,0.4116004407405853,0.4369370937347412
2625,True,LEFT_PINKY,0.4226624071598053,0.4449348449707031,-0.06747529655694962,0.5978019833564758,0.9998158812522888,True,False,True,0.4226624071598053,0.4449348449707031
2626,True,LEFT_PINKY,0.43071457743644714,0.4665471911430359,-0.1922754943370819,0.6028472781181335,0.9994997978210449,True,False,True,0.43071457743644714,0.4665471911430359
2627,True,LEFT_PINKY,0.4490091800689697,0.4795277714729309,-0.11166633665561676,0.5866321325302124,0.9989427924156189,True,False,True,0.4490091800689697,0.4795277714729309
2628,True,LEFT_PINKY,0.471998006105423,0.49476343393325806,-0.17960801720619202,0.5896030068397522,0.9991293549537659,True,False,True,0.471998006105423,0.49476343393325806
2629,True,LEFT_PINKY,0.4864533841609955,0.5039312839508057,-0.19963593780994415,0.5968387722969055,0.9991034865379333,True,False,True,0.4864533841609955,0.5039312839508057
2630,True,LEFT_PINKY,0.5101296901702881,0.5140113234519958,-0.3035230040550232,0.6117236614227295,0.9991493225097656,True,False,True,0.5101296901702881,0.5140113234519958
2631,True,LEFT_PINKY,0.5347403883934021,0.5144870281219482,-0.29522350430488586,0.6419969797134399,0.9995734095573425,True,False,True,0.5347403883934021,0.5144870281219482
2632,True,LEFT_PINKY,0.5644892454147339,0.5094863772392273,-0.28975218534469604,0.6741862893104553,0.9996888637542725,True,False,True,0.5644892454147339,0.5094863772392273
2633,True,LEFT_PINKY,0.5819375514984131,0.49525657296180725,-0.32366153597831726,0.7043813467025757,0.9996845722198486,True,False,True,0.5819375514984131,0.49525657296180725
2634,True,LEFT_PINKY,0.586016058921814,0.46920159459114075,-0.2416669875383377,0.7288357019424438,0.9992936849594116,True,False,True,0.586016058921814,0.46920159459114075
2635,True,LEFT_PINKY,0.576974630355835,0.45847392082214355,0.008361958898603916,0.737939178943634,0.9992788434028625,True,False,True,0.576974630355835,0.45847392082214355
2636,True,LEFT_PINKY,0.5573396682739258,0.43493831157684326,0.19695104658603668,0.7404096126556396,0.998727023601532,True,False,True,0.5573396682739258,0.43493831157684326
2637,True,LEFT_PINKY,0.49881255626678467,0.4623048007488251,0.3395816385746002,0.7174769639968872,0.9996166229248047,True,False,True,0.49881255626678467,0.4623048007488251
2638,True,LEFT_PINKY,0.29644086956977844,0.45406419038772583,0.5963106751441956,0.6546446681022644,0.9982494711875916,True,False,True,0.29644086956977844,0.45406419038772583
2639,True,LEFT_PINKY,0.29657498002052307,0.40733689069747925,0.8456945419311523,0.6069298386573792,0.9984279870986938,True,False,True,0.29657498002052307,0.40733689069747925
2640,True,LEFT_PINKY,0.3137260973453522,0.5386507511138916,0.3364657759666443,0.5609345436096191,0.9999113082885742,True,False,True,0.3137260973453522,0.5386507511138916
2641,True,LEFT_PINKY,0.3082464337348938,0.5704031586647034,0.3124188780784607,0.5681537985801697,0.9998929500579834,True,False,True,0.3082464337348938,0.5704031586647034
2642,True,LEFT_PINKY,0.297746479511261,0.5577492713928223,0.2818548083305359,0.5188260674476624,0.9960544109344482,True,False,True,0.297746479511261,0.5577492713928223
2643,True,LEFT_PINKY,0.3168209493160248,0.5526430606842041,0.21172569692134857,0.47550204396247864,0.9976650476455688,False,False,False,,
2644,True,LEFT_PINKY,0.3134904205799103,0.5491457581520081,0.2023163139820099,0.4430990517139435,0.9995662569999695,False,False,False,,
2645,True,LEFT_PINKY,0.22406528890132904,0.599382758140564,0.34904879331588745,0.4899745285511017,0.9995699524879456,False,False,False,,
2646,True,LEFT_PINKY,0.1942000836133957,0.6054912805557251,-0.04342304542660713,0.5341860055923462,0.9976359605789185,True,False,True,0.1942000836133957,0.6054912805557251
2647,True,LEFT_PINKY,0.22575901448726654,0.4510592222213745,0.46228593587875366,0.5195530652999878,0.9992927312850952,True,False,True,0.22575901448726654,0.4510592222213745
2648,True,LEFT_PINKY,0.2107418030500412,0.3993437886238098,0.45176607370376587,0.5120061039924622,0.994986891746521,True,False,True,0.2107418030500412,0.3993437886238098
2649,True,LEFT_PINKY,0.29020455479621887,0.4337053894996643,-0.5946559309959412,0.5370298624038696,0.9994662404060364,True,False,True,0.29020455479621887,0.4337053894996643
2650,True,LEFT_PINKY,0.2797470986843109,0.4210866093635559,-0.1890902817249298,0.5579172372817993,0.9993084669113159,True,False,True,0.2797470986843109,0.4210866093635559
2651,True,LEFT_PINKY,0.2028663158416748,0.2690414488315582,0.4963033199310303,0.5835441946983337,0.9999377727508545,True,False,True,0.2028663158416748,0.2690414488315582
2652,True,LEFT_PINKY,0.19419987499713898,0.2889062762260437,0.35933756828308105,0.5703781843185425,0.9994972944259644,True,False,True,0.19419987499713898,0.2889062762260437
2653,True,LEFT_PINKY,0.20779380202293396,0.2686992585659027,0.3236795663833618,0.5473673939704895,0.9982497096061707,True,False,True,0.20779380202293396,0.2686992585659027
2654,True,LEFT_PINKY,0.22292521595954895,0.29925063252449036,-0.06278406083583832,0.547272801399231,0.9906594753265381,True,False,True,0.22292521595954895,0.29925063252449036
2655,True,LEFT_PINKY,0.22538985311985016,0.3253996670246124,0.25728580355644226,0.5106214284896851,0.9900757670402527,True,False,True,0.22538985311985016,0.3253996670246124
2656,True,LEFT_PINKY,0.2258721888065338,0.3438709080219269,0.3346109986305237,0.47881248593330383,0.9919507503509521,False,False,False,,
2657,True,LEFT_PINKY,0.22781428694725037,0.37897446751594543,0.24491378664970398,0.4779813587665558,0.9947931170463562,False,False,False,,
2658,True,LEFT_PINKY,0.2587888538837433,0.4349353313446045,0.1521018147468567,0.45366108417510986,0.996986448764801,False,False,False,,
2659,True,LEFT_PINKY,0.2868458926677704,0.4417739510536194,0.1566072702407837,0.4289645850658417,0.9925056099891663,False,False,False,,
2660,True,LEFT_PINKY,0.3322732150554657,0.456657737493515,0.2934078872203827,0.39666736125946045,0.9979999661445618,False,False,False,,
2661,True,LEFT_PINKY,0.33757147192955017,0.4402880370616913,0.2951197624206543,0.3635459244251251,0.9969670176506042,False,False,False,,
2662,True,LEFT_PINKY,0.3171001970767975,0.4430027902126312,0.4547876715660095,0.33485424518585205,0.9980712532997131,False,False,False,,
2663,True,LEFT_PINKY,0.34464600682258606,0.4424642026424408,0.5515012741088867,0.30793753266334534,0.9941893815994263,False,False,False,,
2664,True,LEFT_PINKY,0.3181772232055664,0.4861592650413513,0.4181787073612213,0.30189236998558044,0.9974138736724854,False,False,False,,
2665,True,LEFT_PINKY,0.31399378180503845,0.5050914287567139,0.13426396250724792,0.3150559663772583,0.9972288012504578,False,False,False,,
2666,True,LEFT_PINKY,0.29879263043403625,0.5048787593841553,-0.17243239283561707,0.3657699227333069,0.999270498752594,False,False,False,,
2667,True,LEFT_PINKY,0.28690868616104126,0.5160208344459534,-0.47909384965896606,0.4206577241420746,0.9993075132369995,False,False,False,,
2668,True,LEFT_PINKY,0.2871885895729065,0.5232517719268799,-0.5987698435783386,0.47705259919166565,0.9999004602432251,False,False,False,,
2669,True,LEFT_PINKY,0.28740671277046204,0.5342873930931091,-0.5826879739761353,0.5283222794532776,0.9999451637268066,True,False,True,0.28740671277046204,0.5342873930931091
2670,True,LEFT_PINKY,0.28752240538597107,0.5389792323112488,-0.5958932638168335,0.5748603940010071,0.9999566078186035,True,False,True,0.28752240538597107,0.5389792323112488
2671,True,LEFT_PINKY,0.2975396513938904,0.5388737916946411,-0.5600550770759583,0.6167684197425842,0.9999405145645142,True,False,True,0.2975396513938904,0.5388737916946411
2672,True,LEFT_PINKY,0.3198912441730499,0.5353561639785767,-0.5245099663734436,0.6545439958572388,0.9999312162399292,True,False,True,0.3198912441730499,0.5353561639785767
2673,True,LEFT_PINKY,0.3292109966278076,0.5277091860771179,-0.5488240122795105,0.6885523200035095,0.9999290704727173,True,False,True,0.3292109966278076,0.5277091860771179
2674,True,LEFT_PINKY,0.3392547070980072,0.5242379307746887,-0.5571353435516357,0.7185876965522766,0.9998206496238708,True,False,True,0.3392547070980072,0.5242379307746887
2675,True,LEFT_PINKY,0.3492405414581299,0.5232436656951904,-0.5488156676292419,0.7460156679153442,0.9998906850814819,True,False,True,0.3492405414581299,0.5232436656951904
2676,True,LEFT_PINKY,0.36012905836105347,0.5162081122398376,-0.5271106362342834,0.770434558391571,0.9997349381446838,True,False,True,0.36012905836105347,0.5162081122398376
2677,True,LEFT_PINKY,0.361491858959198,0.5038021802902222,-0.4949476420879364,0.7915040254592896,0.998259961605072,True,False,True,0.361491858959198,0.5038021802902222
2678,True,LEFT_PINKY,0.3631158769130707,0.4991358816623688,-0.49331194162368774,0.8109884858131409,0.9980325102806091,True,False,True,0.3631158769130707,0.4991358816623688
2679,True,LEFT_PINKY,0.3582335412502289,0.4974546432495117,-0.5408557057380676,0.8285529613494873,0.9984548091888428,True,False,True,0.3582335412502289,0.4974546432495117
2680,True,LEFT_PINKY,0.35420799255371094,0.4965801537036896,-0.5585203170776367,0.8441230058670044,0.9985209107398987,True,False,True,0.35420799255371094,0.4965801537036896
2681,True,LEFT_PINKY,0.3497559130191803,0.4959152638912201,-0.537731409072876,0.858903169631958,0.999196469783783,True,False,True,0.3497559130191803,0.4959152638912201
2682,True,LEFT_PINKY,0.3429388105869293,0.4964221119880676,-0.524838924407959,0.872260332107544,0.9994840621948242,True,False,True,0.3429388105869293,0.4964221119880676
2683,True,LEFT_PINKY,0.34238341450691223,0.49449869990348816,-0.3969237804412842,0.8842098116874695,0.9996355772018433,True,False,True,0.34238341450691223,0.49449869990348816
2684,True,LEFT_PINKY,0.34116703271865845,0.4933638274669647,-0.3380046784877777,0.8933175206184387,0.9988856911659241,True,False,True,0.34116703271865845,0.4933638274669647
2685,True,LEFT_PINKY,0.33051198720932007,0.49378788471221924,-0.37234243750572205,0.9020547866821289,0.9992910623550415,True,False,True,0.33051198720932007,0.49378788471221924
2686,True,LEFT_PINKY,0.32529792189598083,0.4948645532131195,-0.3489674925804138,0.9098436832427979,0.9992407560348511,True,False,True,0.32529792189598083,0.4948645532131195
2687,True,LEFT_PINKY,0.31856754422187805,0.4972676634788513,-0.3821026384830475,0.9173281788825989,0.9992864727973938,True,False,True,0.31856754422187805,0.4972676634788513
2688,True,LEFT_PINKY,0.3125188648700714,0.499555766582489,-0.36549749970436096,0.9240825772285461,0.9994798302650452,True,False,True,0.3125188648700714,0.499555766582489
2689,True,LEFT_PINKY,0.31230801343917847,0.501557469367981,-0.381523460149765,0.9300376772880554,0.999497652053833,True,False,True,0.31230801343917847,0.501557469367981
2690,True,LEFT_PINKY,0.30994993448257446,0.5016166567802429,-0.38841432332992554,0.9359503984451294,0.9996373653411865,True,False,True,0.30994993448257446,0.5016166567802429
2691,True,LEFT_PINKY,0.30775853991508484,0.5021155476570129,-0.38911172747612,0.9413020014762878,0.9996685981750488,True,False,True,0.30775853991508484,0.5021155476570129
2692,True,LEFT_PINKY,0.30709779262542725,0.502307653427124,-0.4266092777252197,0.9464747905731201,0.9997034668922424,True,False,True,0.30709779262542725,0.502307653427124
2693,True,LEFT_PINKY,0.3048897385597229,0.5025177597999573,-0.42509645223617554,0.9508452415466309,0.9995747208595276,True,False,True,0.3048897385597229,0.5025177597999573
2694,True,LEFT_PINKY,0.2992531359195709,0.5031383037567139,-0.4505217671394348,0.9549881219863892,0.9995561242103577,True,False,True,0.2992531359195709,0.5031383037567139
2695,True,LEFT_PINKY,0.29833143949508667,0.5022298097610474,-0.47061964869499207,0.9583990573883057,0.9993225336074829,True,False,True,0.29833143949508667,0.5022298097610474
2696,True,LEFT_PINKY,0.2999824285507202,0.49898993968963623,-0.4790239632129669,0.9616518020629883,0.999491810798645,True,False,True,0.2999824285507202,0.49898993968963623
2697,True,LEFT_PINKY,0.29889726638793945,0.49646854400634766,-0.5347896814346313,0.9645612835884094,0.9993391633033752,True,False,True,0.29889726638793945,0.49646854400634766
2698,True,LEFT_PINKY,0.2955344617366791,0.49585387110710144,-0.4980580806732178,0.967496395111084,0.9995834231376648,True,False,True,0.2955344617366791,0.49585387110710144
2699,True,LEFT_PINKY,0.29577016830444336,0.4921611249446869,-0.48574960231781006,0.9697194695472717,0.9989883303642273,True,False,True,0.29577016830444336,0.4921611249446869
2700,True,LEFT_PINKY,0.2953140437602997,0.4918137192726135,-0.40042582154273987,0.9712868928909302,0.9983407258987427,True,False,True,0.2953140437602997,0.4918137192726135
2701,True,LEFT_PINKY,0.2953745424747467,0.49049070477485657,-0.41184502840042114,0.9732012748718262,0.9990279674530029,True,False,True,0.2953745424747467,0.49049070477485657
2702,True,LEFT_PINKY,0.2947603166103363,0.49057987332344055,-0.42085784673690796,0.9752898812294006,0.9991670846939087,True,False,True,0.2947603166103363,0.49057987332344055
2703,True,LEFT_PINKY,0.2898639142513275,0.49238958954811096,-0.4233725965023041,0.9771443009376526,0.999357283115387,True,False,True,0.2898639142513275,0.49238958954811096
2704,True,LEFT_PINKY,0.2873114347457886,0.4934263527393341,-0.4058055281639099,0.9788979887962341,0.9996083378791809,True,False,True,0.2873114347457886,0.4934263527393341
2705,True,LEFT_PINKY,0.28641197085380554,0.49350684881210327,-0.38199669122695923,0.9799962043762207,0.9990906715393066,True,False,True,0.28641197085380554,0.49350684881210327
2706,True,LEFT_PINKY,0.2860640585422516,0.4929001033306122,-0.36934420466423035,0.9798414707183838,0.9988521337509155,True,False,True,0.2860640585422516,0.4929001033306122
2707,True,LEFT_PINKY,0.28430137038230896,0.49567270278930664,-0.366800457239151,0.9796706438064575,0.9987149238586426,True,False,True,0.28430137038230896,0.49567270278930664
2708,True,LEFT_PINKY,0.27889859676361084,0.4987674355506897,-0.38033461570739746,0.9801010489463806,0.9992146492004395,True,False,True,0.27889859676361084,0.4987674355506897
2709,True,LEFT_PINKY,0.27695876359939575,0.5050992965698242,-0.36969509720802307,0.980408251285553,0.9992740750312805,True,False,True,0.27695876359939575,0.5050992965698242
2604,True,LEFT_SHOULDER,0.2632952630519867,0.2742326855659485,0.15724164247512817,0.9994205236434937,0.999742329120636,True,False,True,0.2632952630519867,0.2742326855659485
2605,True,LEFT_SHOULDER,0.26471251249313354,0.27580422163009644,0.12967798113822937,0.9994245767593384,0.9998148083686829,True,False,True,0.26471251249313354,0.27580422163009644
2606,True,LEFT_SHOULDER,0.26753664016723633,0.2722081243991852,0.14828749001026154,0.9993653893470764,0.9996424913406372,True,False,True,0.26753664016723633,0.2722081243991852
2607,True,LEFT_SHOULDER,0.27300429344177246,0.2715676724910736,0.06117910146713257,0.9993093609809875,0.9997089505195618,True,False,True,0.27300429344177246,0.2715676724910736
2608,True,LEFT_SHOULDER,0.2737016975879669,0.27162501215934753,0.0652238205075264,0.9992772936820984,0.9997225403785706,True,False,True,0.2737016975879669,0.27162501215934753
2609,True,LEFT_SHOULDER,0.27544766664505005,0.27536067366600037,0.09674126654863358,0.9992732405662537,0.9996680021286011,True,False,True,0.27544766664505005,0.27536067366600037
2610,True,LEFT_SHOULDER,0.27765241265296936,0.2753331661224365,0.09482395648956299,0.999130368232727,0.9994596838951111,True,False,True,0.27765241265296936,0.2753331661224365
2611,True,LEFT_SHOULDER,0.28297704458236694,0.27471867203712463,0.06872852146625519,0.9990881085395813,0.9994575381278992,True,False,True,0.28297704458236694,0.27471867203712463
2612,True,LEFT_SHOULDER,0.2893364131450653,0.275206059217453,0.042807046324014664,0.9991089701652527,0.9997150301933289,True,False,True,0.2893364131450653,0.275206059217453
2613,True,LEFT_SHOULDER,0.293902724981308,0.2759930491447449,0.06694936752319336,0.9991559982299805,0.9997280240058899,True,False,True,0.293902724981308,0.2759930491447449
2614,True,LEFT_SHOULDER,0.2915293574333191,0.2759256064891815,0.08209915459156036,0.9991217255592346,0.9987627267837524,True,False,True,0.2915293574333191,0.2759256064891815
2615,True,LEFT_SHOULDER,0.2924369275569916,0.27747881412506104,0.10968293994665146,0.9989686012268066,0.9980372786521912,True,False,True,0.2924369275569916,0.27747881412506104
2616,True,LEFT_SHOULDER,0.29184630513191223,0.27849113941192627,0.16177774965763092,0.9985606074333191,0.9952787160873413,True,False,True,0.29184630513191223,0.27849113941192627
2617,True,LEFT_SHOULDER,0.29423850774765015,0.27844005823135376,0.16672146320343018,0.9984554052352905,0.9978247880935669,True,False,True,0.29423850774765015,0.27844005823135376
2618,True,LEFT_SHOULDER,0.2952241003513336,0.27827969193458557,0.1594451516866684,0.9983530044555664,0.997601330280304,True,False,True,0.2952241003513336,0.27827969193458557
2619,True,LEFT_SHOULDER,0.3001405596733093,0.27897346019744873,0.15084846317768097,0.9982582926750183,0.9978585839271545,True,False,True,0.3001405596733093,0.27897346019744873
2620,True,LEFT_SHOULDER,0.30732569098472595,0.2805657684803009,0.10785666853189468,0.9980340600013733,0.9976627826690674,True,False,True,0.30732569098472595,0.2805657684803009
2621,True,LEFT_SHOULDER,0.3142896592617035,0.28099676966667175,0.06694279611110687,0.9979435205459595,0.9989087581634521,True,False,True,0.3142896592617035,0.28099676966667175
2622,True,LEFT_SHOULDER,0.3202268183231354,0.28536731004714966,0.035300858318805695,0.9980536699295044,0.9997687935829163,True,False,True,0.3202268183231354,0.28536731004714966
2623,True,LEFT_SHOULDER,0.32494956254959106,0.29006150364875793,0.0022086738608777523,0.9982145428657532,0.9999438524246216,True,False,True,0.32494956254959106,0.29006150364875793
2624,True,LEFT_SHOULDER,0.3299758732318878,0.3004251718521118,0.04112282767891884,0.9983822107315063,0.9999852180480957,True,False,True,0.3299758732318878,0.3004251718521118
2625,True,LEFT_SHOULDER,0.33566880226135254,0.30949118733406067,0.05381010100245476,0.9985343813896179,0.9999908208847046,True,False,True,0.33566880226135254,0.30949118733406067
2626,True,LEFT_SHOULDER,0.3425501585006714,0.32090112566947937,0.00047271870425902307,0.998665988445282,0.9999874830245972,True,False,True,0.3425501585006714,0.32090112566947937
2627,True,LEFT_SHOULDER,0.34808096289634705,0.33204904198646545,-0.037756580859422684,0.9987704157829285,0.9999816417694092,True,False,True,0.34808096289634705,0.33204904198646545
2628,True,LEFT_SHOULDER,0.35712912678718567,0.34636637568473816,-0.0776614397764206,0.998881459236145,0.9999918937683105,True,False,True,0.35712912678718567,0.34636637568473816
2629,True,LEFT_SHOULDER,0.36395493149757385,0.3600855767726898,-0.16672995686531067,0.9989844560623169,0.9999946355819702,True,False,True,0.36395493149757385,0.3600855767726898
2630,True,LEFT_SHOULDER,0.37307009100914,0.37407201528549194,-0.2354269027709961,0.9990761280059814,0.9999961853027344,True,False,True,0.37307009100914,0.37407201528549194
2631,True,LEFT_SHOULDER,0.38530686497688293,0.39120474457740784,-0.24174194037914276,0.9991632103919983,0.9999979734420776,True,False,True,0.38530686497688293,0.39120474457740784
2632,True,LEFT_SHOULDER,0.3965379595756531,0.40413862466812134,-0.21749641001224518,0.9992423057556152,0.9999988079071045,True,False,True,0.3965379595756531,0.40413862466812134
2633,True,LEFT_SHOULDER,0.4058416187763214,0.41139426827430725,-0.27391210198402405,0.9993162751197815,0.9999995231628418,True,False,True,0.4058416187763214,0.41139426827430725
2634,True,LEFT_SHOULDER,0.40672236680984497,0.4193662405014038,-0.281875342130661,0.9993759989738464,0.9999958276748657,True,False,True,0.40672236680984497,0.4193662405014038
2635,True,LEFT_SHOULDER,0.4020850956439972,0.4278596043586731,-0.06786882132291794,0.9994235634803772,0.9999783039093018,True,False,True,0.4020850956439972,0.4278596043586731
2636,True,LEFT_SHOULDER,0.40210962295532227,0.4375474452972412,0.03933507949113846,0.9994579553604126,0.9999736547470093,True,False,True,0.40210962295532227,0.4375474452972412
2637,True,LEFT_SHOULDER,0.4022902250289917,0.4368988275527954,0.0363592654466629,0.9994902610778809,0.9999359846115112,True,False,True,0.4022902250289917,0.4368988275527954
2638,True,LEFT_SHOULDER,0.3206418752670288,0.4314199984073639,0.0939231663942337,0.9994238615036011,0.9998964071273804,True,False,True,0.3206418752670288,0.4314199984073639
2639,True,LEFT_SHOULDER,0.3334456980228424,0.432389497756958,0.18983694911003113,0.9990251660346985,0.9998764991760254,True,False,True,0.3334456980228424,0.432389497756958
2640,True,LEFT_SHOULDER,0.2992700934410095,0.4551873207092285,0.14567942917346954,0.9990888237953186,0.9999563694000244,True,False,True,0.2992700934410095,0.4551873207092285
2641,True,LEFT_SHOULDER,0.2923552095890045,0.46374431252479553,0.08980189263820648,0.9991655945777893,0.9998606443405151,True,False,True,0.2923552095890045,0.46374431252479553
2642,True,LEFT_SHOULDER,0.2844401001930237,0.47306230664253235,-0.045174382627010345,0.9991880059242249,0.9987737536430359,True,False,True,0.2844401001930237,0.47306230664253235
2643,True,LEFT_SHOULDER,0.2791594862937927,0.47531700134277344,0.12072881311178207,0.9989863634109497,0.9992185831069946,True,False,True,0.2791594862937927,0.47531700134277344
2644,True,LEFT_SHOULDER,0.2801896929740906,0.46758532524108887,0.31578877568244934,0.9990652203559875,0.9999518394470215,True,False,True,0.2801896929740906,0.46758532524108887
2645,True,LEFT_SHOULDER,0.2820611894130707,0.4647861123085022,0.3564639985561371,0.999143660068512,0.9999821186065674,True,False,True,0.2820611894130707,0.4647861123085022
2646,True,LEFT_SHOULDER,0.28269731998443604,0.44697272777557373,0.3434990644454956,0.9992113709449768,0.9999328851699829,True,False,True,0.28269731998443604,0.44697272777557373
2647,True,LEFT_SHOULDER,0.28189533948898315,0.42082175612449646,0.23262867331504822,0.9992784857749939,0.9998158812522888,True,False,True,0.28189533948898315,0.42082175612449646
2648,True,LEFT_SHOULDER,0.27792590856552124,0.4019150137901306,0.1102869063615799,0.9993318915367126,0.9994087219238281,True,False,True,0.27792590856552124,0.4019150137901306
2649,True,LEFT_SHOULDER,0.2824130654335022,0.3931613862514496,0.12312532216310501,0.9993915557861328,0.999967098236084,True,False,True,0.2824130654335022,0.3931613862514496
2650,True,LEFT_SHOULDER,0.2885565161705017,0.3795056641101837,0.11439275741577148,0.999449610710144,0.9999419450759888,True,False,True,0.2885565161705017,0.3795056641101837
2651,True,LEFT_SHOULDER,0.2861781418323517,0.3422853648662567,-0.05280223861336708,0.9995022416114807,0.9999721050262451,True,False,True,0.2861781418323517,0.3422853648662567
2652,True,LEFT_SHOULDER,0.28382325172424316,0.32866522669792175,-0.007046523038297892,0.9995423555374146,0.9999884366989136,True,False,True,0.28382325172424316,0.32866522669792175
2653,True,LEFT_SHOULDER,0.28349438309669495,0.3191812336444855,0.020209239795804024,0.9995601177215576,0.9999518394470215,True,False,True,0.28349438309669495,0.3191812336444855
2654,True,LEFT_SHOULDER,0.28825753927230835,0.3229072093963623,-0.0384150967001915,0.9995322823524475,0.9997804760932922,True,False,True,0.28825753927230835,0.3229072093963623
2655,True,LEFT_SHOULDER,0.27990755438804626,0.3265130817890167,-0.05537240952253342,0.9994332194328308,0.9996334314346313,True,False,True,0.27990755438804626,0.3265130817890167
2656,True,LEFT_SHOULDER,0.2787894606590271,0.3253362774848938,-0.03978303447365761,0.9994385838508606,0.9998582601547241,True,False,True,0.2787894606590271,0.3253362774848938
2657,True,LEFT_SHOULDER,0.2874950170516968,0.32940900325775146,-0.1939816176891327,0.9994691610336304,0.9999444484710693,True,False,True,0.2874950170516968,0.32940900325775146
2658,True,LEFT_SHOULDER,0.30269813537597656,0.3348182737827301,-0.21759220957756042,0.9995121955871582,0.9999850988388062,True,False,True,0.30269813537597656,0.3348182737827301
2659,True,LEFT_SHOULDER,0.31272092461586,0.34170201420783997,-0.24460040032863617,0.9995489716529846,0.9999567270278931,True,False,True,0.31272092461586,0.34170201420783997
2660,True,LEFT_SHOULDER,0.3245075047016144,0.3704562783241272,-0.23403893411159515,0.9995826482772827,0.9999618530273438,True,False,True,0.3245075047016144,0.3704562783241272
2661,True,LEFT_SHOULDER,0.33434340357780457,0.3931937515735626,-0.24884045124053955,0.9996044039726257,0.9999226331710815,True,False,True,0.33434340357780457,0.3931937515735626
2662,True,LEFT_SHOULDER,0.34273988008499146,0.3989458680152893,-0.19956468045711517,0.999618411064148,0.999842643737793,True,False,True,0.34273988008499146,0.3989458680152893
2663,True,LEFT_SHOULDER,0.35271844267845154,0.4055095314979553,-0.1924193650484085,0.999591588973999,0.9994039535522461,True,False,True,0.35271844267845154,0.4055095314979553
2664,True,LEFT_SHOULDER,0.35549893975257874,0.4091816544532776,-0.1630946844816208,0.9995758533477783,0.9995170831680298,True,False,True,0.35549893975257874,0.4091816544532776
2665,True,LEFT_SHOULDER,0.3570862114429474,0.4074475169181824,-0.20966404676437378,0.9995511174201965,0.9995180368423462,True,False,True,0.3570862114429474,0.4074475169181824
2666,True,LEFT_SHOULDER,0.3784691393375397,0.40306970477104187,-0.2575835585594177,0.9995694756507874,0.9991727471351624,True,False,True,0.3784691393375397,0.40306970477104187
2667,True,LEFT_SHOULDER,0.37854859232902527,0.40072473883628845,-0.40415745973587036,0.9996004104614258,0.9995785355567932,True,False,True,0.37854859232902527,0.40072473883628845
2668,True,LEFT_SHOULDER,0.3775739073753357,0.39152905344963074,-0.3590192198753357,0.9996388554573059,0.9999549388885498,True,False,True,0.3775739073753357,0.39152905344963074
2669,True,LEFT_SHOULDER,0.37583717703819275,0.3829025626182556,-0.4006161689758301,0.9996745586395264,0.9999902248382568,True,False,True,0.37583717703819275,0.3829025626182556
2670,True,LEFT_SHOULDER,0.37623679637908936,0.3679741621017456,-0.3851812183856964,0.9997068643569946,0.9999904632568359,True,False,True,0.37623679637908936,0.3679741621017456
2671,True,LEFT_SHOULDER,0.37343257665634155,0.3554455041885376,-0.4092056155204773,0.9997360110282898,0.999992847442627,True,False,True,0.37343257665634155,0.3554455041885376
2672,True,LEFT_SHOULDER,0.3713209331035614,0.3445005714893341,-0.374530166387558,0.999762237071991,0.9999902248382568,True,False,True,0.3713209331035614,0.3445005714893341
2673,True,LEFT_SHOULDER,0.3705673813819885,0.3333669900894165,-0.3816584348678589,0.9997859001159668,0.9999949932098389,True,False,True,0.3705673813819885,0.3333669900894165
2674,True,LEFT_SHOULDER,0.3695855438709259,0.3266412615776062,-0.4009341597557068,0.9998070597648621,0.9999923706054688,True,False,True,0.3695855438709259,0.3266412615776062
2675,True,LEFT_SHOULDER,0.3673189878463745,0.32127946615219116,-0.3830641806125641,0.9998261332511902,0.9999923706054688,True,False,True,0.3673189878463745,0.32127946615219116
2676,True,LEFT_SHOULDER,0.3622755706310272,0.3167239725589752,-0.37031930685043335,0.9998431205749512,0.9999862909317017,True,False,True,0.3622755706310272,0.3167239725589752
2677,True,LEFT_SHOULDER,0.35683557391166687,0.3134869933128357,-0.32218918204307556,0.9998579621315002,0.9999312162399292,True,False,True,0.35683557391166687,0.3134869933128357
2678,True,LEFT_SHOULDER,0.3515984117984772,0.31113529205322266,-0.2982187867164612,0.9998716115951538,0.9999630451202393,True,False,True,0.3515984117984772,0.31113529205322266
2679,True,LEFT_SHOULDER,0.34596994519233704,0.3102009892463684,-0.30094385147094727,0.9998838305473328,0.9999724626541138,True,False,True,0.34596994519233704,0.3102009892463684
2680,True,LEFT_SHOULDER,0.3416628837585449,0.31025004386901855,-0.3249877989292145,0.9998939633369446,0.9999492168426514,True,False,True,0.3416628837585449,0.31025004386901855
2681,True,LEFT_SHOULDER,0.33733174204826355,0.3110552728176117,-0.32690030336380005,0.9999035596847534,0.9999719858169556,True,False,True,0.33733174204826355,0.3110552728176117
2682,True,LEFT_SHOULDER,0.33177506923675537,0.31032347679138184,-0.347216933965683,0.9999122023582458,0.9999754428863525,True,False,True,0.33177506923675537,0.31032347679138184
2683,True,LEFT_SHOULDER,0.32554686069488525,0.3099728226661682,-0.28246599435806274,0.9999202489852905,0.9999793767929077,True,False,True,0.32554686069488525,0.3099728226661682
2684,True,LEFT_SHOULDER,0.32109758257865906,0.3101016581058502,-0.2280871868133545,0.999926745891571,0.9999617338180542,True,False,True,0.32109758257865906,0.3101016581058502
2685,True,LEFT_SHOULDER,0.3171752989292145,0.31123876571655273,-0.2530425488948822,0.9999328255653381,0.9999673366546631,True,False,True,0.3171752989292145,0.31123876571655273
2686,True,LEFT_SHOULDER,0.31283724308013916,0.31198182702064514,-0.26220518350601196,0.999938428401947,0.9999716281890869,True,False,True,0.31283724308013916,0.31198182702064514
2687,True,LEFT_SHOULDER,0.30954286456108093,0.31215596199035645,-0.2678109109401703,0.9999436140060425,0.9999723434448242,True,False,True,0.30954286456108093,0.31215596199035645
2688,True,LEFT_SHOULDER,0.3050713539123535,0.3129977881908417,-0.2533089816570282,0.9999485611915588,0.9999716281890869,True,False,True,0.3050713539123535,0.3129977881908417
2689,True,LEFT_SHOULDER,0.30020689964294434,0.3136301636695862,-0.23028606176376343,0.999953031539917,0.9999701976776123,True,False,True,0.30020689964294434,0.3136301636695862
2690,True,LEFT_SHOULDER,0.29301056265830994,0.31388455629348755,-0.2289564609527588,0.9999572038650513,0.9999731779098511,True,False,True,0.29301056265830994,0.31388455629348755
2691,True,LEFT_SHOULDER,0.28640100359916687,0.31405144929885864,-0.2100122720003128,0.999961256980896,0.9999856948852539,True,False,True,0.28640100359916687,0.31405144929885864
2692,True,LEFT_SHOULDER,0.2813568711280823,0.31420600414276123,-0.2655470073223114,0.9999646544456482,0.9999771118164062,True,False,True,0.2813568711280823,0.31420600414276123
2693,True,LEFT_SHOULDER,0.27722981572151184,0.31435632705688477,-0.2657417953014374,0.9999677538871765,0.9999818801879883,True,False,True,0.27722981572151184,0.31435632705688477
2694,True,LEFT_SHOULDER,0.2740468382835388,0.3143477439880371,-0.3042681813240051,0.9999704957008362,0.9999806880950928,True,False,True,0.2740468382835388,0.3143477439880371
2695,True,LEFT_SHOULDER,0.27101343870162964,0.31368711590766907,-0.34271445870399475,0.9999727606773376,0.9999791383743286,True,False,True,0.27101343870162964,0.31368711590766907
2696,True,LEFT_SHOULDER,0.2678828239440918,0.3113430142402649,-0.319728285074234,0.9999750256538391,0.9999839067459106,True,False,True,0.2678828239440918,0.3113430142402649
2697,True,LEFT_SHOULDER,0.26528939604759216,0.3096674978733063,-0.3521890640258789,0.9999770522117615,0.9999856948852539,True,False,True,0.26528939604759216,0.3096674978733063
2698,True,LEFT_SHOULDER,0.2628990709781647,0.3062484860420227,-0.3120061159133911,0.9999790191650391,0.9999879598617554,True,False,True,0.2628990709781647,0.3062484860420227
2699,True,LEFT_SHOULDER,0.26352208852767944,0.30252864956855774,-0.27782782912254333,0.9999807476997375,0.9999845027923584,True,False,True,0.26352208852767944,0.30252864956855774
2700,True,LEFT_SHOULDER,0.2624387741088867,0.29848146438598633,-0.23194290697574615,0.9999822378158569,0.9999688863754272,True,False,True,0.2624387741088867,0.29848146438598633
2701,True,LEFT_SHOULDER,0.26151689887046814,0.29672765731811523,-0.2048603743314743,0.9999837875366211,0.9999779462814331,True,False,True,0.26151689887046814,0.29672765731811523
2702,True,LEFT_SHOULDER,0.26180508732795715,0.2964252531528473,-0.22859446704387665,0.9999851584434509,0.9999772310256958,True,False,True,0.26180508732795715,0.2964252531528473
2703,True,LEFT_SHOULDER,0.26243770122528076,0.2965366244316101,-0.23888632655143738,0.999986469745636,0.999975323677063,True,False,True,0.26243770122528076,0.2965366244316101
2704,True,LEFT_SHOULDER,0.26304149627685547,0.29625463485717773,-0.2365754246711731,0.9999875426292419,0.9999721050262451,True,False,True,0.26304149627685547,0.29625463485717773
2705,True,LEFT_SHOULDER,0.26308801770210266,0.29535403847694397,-0.23010146617889404,0.999987781047821,0.9999186992645264,True,False,True,0.26308801770210266,0.29535403847694397
2706,True,LEFT_SHOULDER,0.26342806220054626,0.2951580882072449,-0.18989786505699158,0.9999871850013733,0.9998763799667358,True,False,True,0.26342806220054626,0.2951580882072449
2707,True,LEFT_SHOULDER,0.26404422521591187,0.2954723536968231,-0.20932118594646454,0.9999867677688599,0.9998657703399658,True,False,True,0.26404422521591187,0.2954723536968231
2708,True,LEFT_SHOULDER,0.2670170068740845,0.29609331488609314,-0.21301589906215668,0.9999870657920837,0.9999165534973145,True,False,True,0.2670170068740845,0.29609331488609314
2709,True,LEFT_SHOULDER,0.27100613713264465,0.2977306544780731,-0.20844224095344543,0.9999871253967285,0.9999111890792847,True,False,True,0.27100613713264465,0.2977306544780731
2604,True,LEFT_THUMB,0.33616259694099426,0.2575681209564209,-0.2836278975009918,0.6532970070838928,0.9998786449432373,True,False,True,0.33616259694099426,0.2575681209564209
2605,True,LEFT_THUMB,0.3361812233924866,0.2522812485694885,-0.3468685746192932,0.6707267761230469,0.9999467134475708,True,False,True,0.3361812233924866,0.2522812485694885
2606,True,LEFT_THUMB,0.3172945976257324,0.22285233438014984,-0.1462433934211731,0.6564050316810608,0.9997631907463074,True,False,True,0.3172945976257324,0.22285233438014984
2607,True,LEFT_THUMB,0.3068923354148865,0.21340298652648926,-0.21168766915798187,0.6392085552215576,0.9997155070304871,True,False,True,0.3068923354148865,0.21340298652648926
2608,True,LEFT_THUMB,0.3117581903934479,0.1986386775970459,0.03342705965042114,0.623896598815918,0.9997112154960632,True,False,True,0.3117581903934479,0.1986386775970459
2609,True,LEFT_THUMB,0.3264961242675781,0.21077054738998413,-0.25649333000183105,0.6242234706878662,0.9996908903121948,True,False,True,0.3264961242675781,0.21077054738998413
2610,True,LEFT_THUMB,0.332048624753952,0.2124948352575302,0.018416771665215492,0.6072278618812561,0.9988831877708435,True,False,True,0.332048624753952,0.2124948352575302
2611,True,LEFT_THUMB,0.3365108370780945,0.21396322548389435,-0.4373732805252075,0.6091536283493042,0.9993706345558167,True,False,True,0.3365108370780945,0.21396322548389435
2612,True,LEFT_THUMB,0.3408561944961548,0.23507246375083923,-0.5580378174781799,0.6283007264137268,0.9997257590293884,True,False,True,0.3408561944961548,0.23507246375083923
2613,True,LEFT_THUMB,0.34049975872039795,0.24348804354667664,-0.4597984850406647,0.6514564156532288,0.9997158646583557,True,False,True,0.34049975872039795,0.24348804354667664
2614,True,LEFT_THUMB,0.33929914236068726,0.25273871421813965,-0.3894764482975006,0.6621662378311157,0.9995355606079102,True,False,True,0.33929914236068726,0.25273871421813965
2615,True,LEFT_THUMB,0.3424437344074249,0.2752702236175537,-0.3717684745788574,0.6649967432022095,0.9992637038230896,True,False,True,0.3424437344074249,0.2752702236175537
2616,True,LEFT_THUMB,0.3504267930984497,0.3195834159851074,-0.20687739551067352,0.6518746018409729,0.9984824061393738,True,False,True,0.3504267930984497,0.3195834159851074
2617,True,LEFT_THUMB,0.350188285112381,0.31912270188331604,-0.25799188017845154,0.6480775475502014,0.9991627931594849,True,False,True,0.350188285112381,0.31912270188331604
2618,True,LEFT_THUMB,0.35116705298423767,0.3239467144012451,-0.07353305071592331,0.6470187306404114,0.9988722205162048,True,False,True,0.35116705298423767,0.3239467144012451
2619,True,LEFT_THUMB,0.34905534982681274,0.33659765124320984,-0.08837656676769257,0.6279561519622803,0.9964283108711243,True,False,True,0.34905534982681274,0.33659765124320984
2620,True,LEFT_THUMB,0.3509364128112793,0.35062211751937866,-0.2912605404853821,0.5875498056411743,0.9876688122749329,True,False,True,0.3509364128112793,0.35062211751937866
2621,True,LEFT_THUMB,0.35753482580184937,0.36810097098350525,-0.35234034061431885,0.5480655431747437,0.9886260628700256,True,False,True,0.35753482580184937,0.36810097098350525
2622,True,LEFT_THUMB,0.3771056830883026,0.37837180495262146,-0.38126277923583984,0.5377005338668823,0.9969862103462219,True,False,True,0.3771056830883026,0.37837180495262146
2623,True,LEFT_THUMB,0.3954732120037079,0.4011249840259552,-0.40362995862960815,0.5469139218330383,0.9987426400184631,True,False,True,0.3954732120037079,0.4011249840259552
2624,True,LEFT_THUMB,0.4021972417831421,0.4294968843460083,-0.17674249410629272,0.5652773380279541,0.9996277093887329,True,False,True,0.4021972417831421,0.4294968843460083
2625,True,LEFT_THUMB,0.4126325249671936,0.44057735800743103,-0.05861404538154602,0.5893917083740234,0.9998784065246582,True,False,True,0.4126325249671936,0.44057735800743103
2626,True,LEFT_THUMB,0.42234107851982117,0.4601532220840454,-0.17268197238445282,0.5957175493240356,0.999652624130249,True,False,True,0.42234107851982117,0.4601532220840454
2627,True,LEFT_THUMB,0.4383341073989868,0.47310319542884827,-0.11195127665996552,0.5822435021400452,0.9992576241493225,True,False,True,0.4383341073989868,0.47310319542884827
2628,True,LEFT_THUMB,0.4578697383403778,0.4927302300930023,-0.1684078872203827,0.5865040421485901,0.9994712471961975,True,False,True,0.4578697383403778,0.4927302300930023
2629,True,LEFT_THUMB,0.4724295735359192,0.5039814710617065,-0.17981363832950592,0.5956519246101379,0.9994745850563049,True,False,True,0.4724295735359192,0.5039814710617065
2630,True,LEFT_THUMB,0.49337372183799744,0.512706458568573,-0.30050376057624817,0.6125699877738953,0.999500036239624,True,False,True,0.49337372183799744,0.512706458568573
2631,True,LEFT_THUMB,0.5171350836753845,0.5146155953407288,-0.2924772799015045,0.6429511904716492,0.9997698664665222,True,False,True,0.5171350836753845,0.5146155953407288
2632,True,LEFT_THUMB,0.5492075085639954,0.50583416223526,-0.291216641664505,0.6751275658607483,0.9998396635055542,True,False,True,0.5492075085639954,0.50583416223526
2633,True,LEFT_THUMB,0.5644482374191284,0.4938508868217468,-0.321524977684021,0.705440104007721,0.9998376369476318,True,False,True,0.5644482374191284,0.4938508868217468
2634,True,LEFT_THUMB,0.5711022615432739,0.47693830728530884,-0.2512623369693756,0.730309784412384,0.9995248317718506,True,False,True,0.5711022615432739,0.47693830728530884
2635,True,LEFT_THUMB,0.5651242136955261,0.45904505252838135,-0.002172888722270727,0.7414394617080688,0.9994521737098694,True,False,True,0.5651242136955261,0.45904505252838135
2636,True,LEFT_THUMB,0.5460131168365479,0.4369809031486511,0.17495548725128174,0.7456105351448059,0.9989542961120605,True,False,True,0.5460131168365479,0.4369809031486511
2637,True,LEFT_THUMB,0.48591741919517517,0.4577268362045288,0.3172271251678467,0.7234043478965759,0.9997088313102722,True,False,True,0.48591741919517517,0.4577268362045288
2638,True,LEFT_THUMB,0.3074733018875122,0.4507354497909546,0.5547341108322144,0.6606979966163635,0.9985529780387878,True,False,True,0.3074733018875122,0.4507354497909546
2639,True,LEFT_THUMB,0.30740535259246826,0.40540811419487,0.7832416296005249,0.6119211316108704,0.9983381032943726,True,False,True,0.30740535259246826,0.40540811419487
2640,True,LEFT_THUMB,0.321153849363327,0.5360841751098633,0.3092746138572693,0.5677133202552795,0.9999425411224365,True,False,True,0.321153849363327,0.5360841751098633
2641,True,LEFT_THUMB,0.31061723828315735,0.5626057386398315,0.2721266746520996,0.5728483200073242,0.9999361038208008,True,False,True,0.31061723828315735,0.5626057386398315
2642,True,LEFT_THUMB,0.30698367953300476,0.5527699589729309,0.2503592371940613,0.5236078500747681,0.9961075186729431,True,False,True,0.30698367953300476,0.5527699589729309
2643,True,LEFT_THUMB,0.3280881941318512,0.5448526740074158,0.19640757143497467,0.480829656124115,0.9982503056526184,False,False,False,,
2644,True,LEFT_THUMB,0.331267386674881,0.5378988981246948,0.21160204708576202,0.44798383116722107,0.9996235370635986,False,False,False,,
2645,True,LEFT_THUMB,0.23047661781311035,0.5882307887077332,0.37707406282424927,0.48835131525993347,0.9997019171714783,False,False,False,,
2646,True,LEFT_THUMB,0.19494464993476868,0.5954456925392151,0.011935370974242687,0.5270069241523743,0.9980871677398682,True,False,True,0.19494464993476868,0.5954456925392151
2647,True,LEFT_THUMB,0.23011794686317444,0.44759631156921387,0.4672136604785919,0.5120001435279846,0.9995493292808533,True,False,True,0.23011794686317444,0.44759631156921387
2648,True,LEFT_THUMB,0.22958806157112122,0.3975842297077179,0.45164045691490173,0.5042811632156372,0.9966027736663818,True,False,True,0.22958806157112122,0.3975842297077179
2649,True,LEFT_THUMB,0.29197508096694946,0.43634405732154846,-0.5279205441474915,0.5245397686958313,0.9996168613433838,True,False,True,0.29197508096694946,0.43634405732154846
2650,True,LEFT_THUMB,0.2798030972480774,0.42503929138183594,-0.15016873180866241,0.5416702628135681,0.9994542002677917,True,False,True,0.2798030972480774,0.42503929138183594
2651,True,LEFT_THUMB,0.2108701765537262,0.27917999029159546,0.4667259156703949,0.5641526579856873,0.9999462366104126,True,False,True,0.2108701765537262,0.27917999029159546
2652,True,LEFT_THUMB,0.20362046360969543,0.29919153451919556,0.35782745480537415,0.5559883713722229,0.9995471835136414,True,False,True,0.20362046360969543,0.29919153451919556
2653,True,LEFT_THUMB,0.21576516330242157,0.27391159534454346,0.31916186213493347,0.5385841131210327,0.9983928799629211,True,False,True,0.21576516330242157,0.27391159534454346
2654,True,LEFT_THUMB,0.2300492525100708,0.29692530632019043,-0.04118833318352699,0.5377237796783447,0.9914712309837341,True,False,True,0.2300492525100708,0.29692530632019043
2655,True,LEFT_THUMB,0.23926307260990143,0.3248501420021057,0.2545464336872101,0.5022111535072327,0.9921922087669373,True,False,True,0.23926307260990143,0.3248501420021057
2656,True,LEFT_THUMB,0.24527393281459808,0.3364267349243164,0.3322490155696869,0.46840205788612366,0.993881106376648,False,False,False,,
2657,True,LEFT_THUMB,0.24352435767650604,0.3653431832790375,0.2539900839328766,0.46474093198776245,0.9960671067237854,False,False,False,,
2658,True,LEFT_THUMB,0.26806968450546265,0.4153982698917389,0.17563846707344055,0.44071662425994873,0.997502863407135,False,False,False,,
2659,True,LEFT_THUMB,0.290316641330719,0.4276527464389801,0.1706964373588562,0.416613906621933,0.9930468201637268,False,False,False,,
2660,True,LEFT_THUMB,0.34025251865386963,0.44373029470443726,0.28592124581336975,0.3872424364089966,0.9984878301620483,False,False,False,,
2661,True,LEFT_THUMB,0.3470325469970703,0.4307410717010498,0.28632310032844543,0.3556393086910248,0.9974613189697266,False,False,False,,
2662,True,LEFT_THUMB,0.33567139506340027,0.4346509277820587,0.42823198437690735,0.32822442054748535,0.9982308745384216,False,False,False,,
2663,True,LEFT_THUMB,0.35130801796913147,0.43524134159088135,0.5221244096755981,0.3013489842414856,0.9938617944717407,False,False,False,,
2664,True,LEFT_THUMB,0.33091211318969727,0.4710785150527954,0.40356627106666565,0.29087287187576294,0.9974070191383362,False,False,False,,
2665,True,LEFT_THUMB,0.32432055473327637,0.4912493824958801,0.13646383583545685,0.2936161458492279,0.9971737861633301,False,False,False,,
2666,True,LEFT_THUMB,0.30574584007263184,0.49088069796562195,-0.14252419769763947,0.33414462208747864,0.9993287324905396,False,False,False,,
2667,True,LEFT_THUMB,0.29212167859077454,0.5046508312225342,-0.4241824448108673,0.3834679424762726,0.9993976354598999,False,False,False,,
2668,True,LEFT_THUMB,0.29227644205093384,0.507343590259552,-0.5318032503128052,0.4409540593624115,0.9999309778213501,False,False,False,,
2669,True,LEFT_THUMB,0.2927801311016083,0.5190163254737854,-0.5203762054443359,0.4943116009235382,0.9999651908874512,False,False,False,,
2670,True,LEFT_THUMB,0.29248443245887756,0.5190227627754211,-0.5299774408340454,0.5434378385543823,0.9999750852584839,True,False,True,0.29248443245887756,0.5190227627754211
2671,True,LEFT_THUMB,0.2959791421890259,0.5208280086517334,-0.5024746656417847,0.5877607464790344,0.9999673366546631,True,False,True,0.2959791421890259,0.5208280086517334
2672,True,LEFT_THUMB,0.3109605312347412,0.5156875252723694,-0.4700494408607483,0.6278089284896851,0.9999628067016602,True,False,True,0.3109605312347412,0.5156875252723694
2673,True,LEFT_THUMB,0.31922125816345215,0.5089949369430542,-0.4956369996070862,0.6639055609703064,0.999961256980896,True,False,True,0.31922125816345215,0.5089949369430542
2674,True,LEFT_THUMB,0.3283553123474121,0.507931649684906,-0.5086249709129333,0.695371150970459,0.9998918771743774,True,False,True,0.3283553123474121,0.507931649684906
2675,True,LEFT_THUMB,0.3363741636276245,0.5044447779655457,-0.5018768310546875,0.7244977951049805,0.9999375343322754,True,False,True,0.3363741636276245,0.5044447779655457
2676,True,LEFT_THUMB,0.34658774733543396,0.4985295236110687,-0.48565033078193665,0.7504018545150757,0.9998449087142944,True,False,True,0.34658774733543396,0.4985295236110687
2677,True,LEFT_THUMB,0.35113969445228577,0.48898664116859436,-0.4529702663421631,0.7725018858909607,0.9989233613014221,True,False,True,0.35113969445228577,0.48898664116859436
2678,True,LEFT_THUMB,0.35085761547088623,0.48434796929359436,-0.4492294192314148,0.7931765913963318,0.9988781809806824,True,False,True,0.35085761547088623,0.48434796929359436
2679,True,LEFT_THUMB,0.3461768925189972,0.4817807376384735,-0.4894522726535797,0.8118515014648438,0.9990793466567993,True,False,True,0.3461768925189972,0.4817807376384735
2680,True,LEFT_THUMB,0.3436431884765625,0.4801611006259918,-0.5067015290260315,0.8282936811447144,0.9990859031677246,True,False,True,0.3436431884765625,0.4801611006259918
2681,True,LEFT_THUMB,0.3401015102863312,0.47810855507850647,-0.48546043038368225,0.8441261053085327,0.999560534954071,True,False,True,0.3401015102863312,0.47810855507850647
2682,True,LEFT_THUMB,0.33381539583206177,0.47827696800231934,-0.4761367738246918,0.858467161655426,0.9997014403343201,True,False,True,0.33381539583206177,0.47827696800231934
2683,True,LEFT_THUMB,0.3304125964641571,0.47813472151756287,-0.35997235774993896,0.8713440299034119,0.9997982382774353,True,False,True,0.3304125964641571,0.47813472151756287
2684,True,LEFT_THUMB,0.32801511883735657,0.4779301583766937,-0.3028452396392822,0.8803898096084595,0.99937504529953,True,False,True,0.32801511883735657,0.4779301583766937
2685,True,LEFT_THUMB,0.31941214203834534,0.47814929485321045,-0.33262431621551514,0.8892467617988586,0.999605119228363,True,False,True,0.31941214203834534,0.47814929485321045
2686,True,LEFT_THUMB,0.3147713243961334,0.4784219264984131,-0.31237730383872986,0.8970087766647339,0.9995669722557068,True,False,True,0.3147713243961334,0.4784219264984131
2687,True,LEFT_THUMB,0.3093887269496918,0.4801254868507385,-0.3432263135910034,0.9047808051109314,0.9996011853218079,True,False,True,0.3093887269496918,0.4801254868507385
2688,True,LEFT_THUMB,0.3015689551830292,0.4814019203186035,-0.3265284597873688,0.9118554592132568,0.9997267127037048,True,False,True,0.3015689551830292,0.4814019203186035
2689,True,LEFT_THUMB,0.2997702360153198,0.4832313358783722,-0.3413366675376892,0.918187141418457,0.9997177720069885,True,False,True,0.2997702360153198,0.4832313358783722
2690,True,LEFT_THUMB,0.29567134380340576,0.48367103934288025,-0.34791693091392517,0.9247235059738159,0.9998044371604919,True,False,True,0.29567134380340576,0.48367103934288025
2691,True,LEFT_THUMB,0.2919613718986511,0.48447683453559875,-0.35114994645118713,0.9306070804595947,0.9998317956924438,True,False,True,0.2919613718986511,0.48447683453559875
2692,True,LEFT_THUMB,0.29024240374565125,0.4847746789455414,-0.38490912318229675,0.9364379048347473,0.9998458623886108,True,False,True,0.29024240374565125,0.4847746789455414
2693,True,LEFT_THUMB,0.28808271884918213,0.4850464165210724,-0.3827323615550995,0.9411755800247192,0.9997827410697937,True,False,True,0.28808271884918213,0.4850464165210724
2694,True,LEFT_THUMB,0.2835438549518585,0.48591890931129456,-0.40841954946517944,0.9457539319992065,0.999777615070343,True,False,True,0.2835438549518585,0.48591890931129456
2695,True,LEFT_THUMB,0.2841704785823822,0.4858277440071106,-0.43203672766685486,0.9494019150733948,0.9996433258056641,True,False,True,0.2841704785823822,0.4858277440071106
2696,True,LEFT_THUMB,0.2846370339393616,0.48466503620147705,-0.43879014253616333,0.9530555605888367,0.9997554421424866,True,False,True,0.2846370339393616,0.48466503620147705
2697,True,LEFT_THUMB,0.2830680310726166,0.4829263389110565,-0.4940212368965149,0.9563544392585754,0.9996675252914429,True,False,True,0.2830680310726166,0.4829263389110565
2698,True,LEFT_THUMB,0.279044508934021,0.47988688945770264,-0.45550093054771423,0.9597539901733398,0.9998218417167664,True,False,True,0.279044508934021,0.47988688945770264
2699,True,LEFT_THUMB,0.2785574197769165,0.47701266407966614,-0.44363996386528015,0.9622787833213806,0.9995284080505371,True,False,True,0.2785574197769165,0.47701266407966614
2700,True,LEFT_THUMB,0.27961137890815735,0.4763130843639374,-0.3660390377044678,0.9639737606048584,0.9991140961647034,True,False,True,0.27961137890815735,0.4763130843639374
2701,True,LEFT_THUMB,0.2795282006263733,0.47538039088249207,-0.3732007145881653,0.9661496877670288,0.9995059967041016,True,False,True,0.2795282006263733,0.47538039088249207
2702,True,LEFT_THUMB,0.27699869871139526,0.4756019413471222,-0.38193440437316895,0.9686387777328491,0.9996210336685181,True,False,True,0.27699869871139526,0.4756019413471222
2703,True,LEFT_THUMB,0.273927241563797,0.4763174057006836,-0.3843313157558441,0.9708167910575867,0.9997060894966125,True,False,True,0.273927241563797,0.4763174057006836
2704,True,LEFT_THUMB,0.27216729521751404,0.47693589329719543,-0.37018030881881714,0.9729183316230774,0.9998179078102112,True,False,True,0.27216729521751404,0.47693589329719543
2705,True,LEFT_THUMB,0.2722221612930298,0.4769761562347412,-0.3482097387313843,0.9740362167358398,0.999550998210907,True,False,True,0.2722221612930298,0.4769761562347412
2706,True,LEFT_THUMB,0.2725382149219513,0.47544610500335693,-0.3351563811302185,0.9734487533569336,0.9993807077407837,True,False,True,0.2725382149219513,0.47544610500335693
2707,True,LEFT_THUMB,0.2711322605609894,0.4796256422996521,-0.33209213614463806,0.9728674292564392,0.9993278980255127,True,False,True,0.2711322605609894,0.4796256422996521
2708,True,LEFT_THUMB,0.2663152515888214,0.48248445987701416,-0.34416136145591736,0.9730677604675293,0.9996004700660706,True,False,True,0.2663152515888214,0.48248445987701416
2709,True,LEFT_THUMB,0.26224732398986816,0.490051805973053,-0.33278968930244446,0.9732995629310608,0.9996291399002075,True,False,True,0.26224732398986816,0.490051805973053
2604,True,LEFT_WRIST,0.3495562672615051,0.2659595012664795,-0.2730730473995209,0.7237443327903748,0.9998823404312134,True,False,True,0.3495562672615051,0.2659595012664795
2605,True,LEFT_WRIST,0.3523222506046295,0.265922874212265,-0.3386096954345703,0.74160236120224,0.999948263168335,True,False,True,0.3523222506046295,0.265922874212265
2606,True,LEFT_WRIST,0.3392792046070099,0.2337121218442917,-0.14351090788841248,0.7341030836105347,0.9997925162315369,True,False,True,0.3392792046070099,0.2337121218442917
2607,True,LEFT_WRIST,0.3277619481086731,0.22339601814746857,-0.20596031844615936,0.724662721157074,0.9997408986091614,True,False,True,0.3277619481086731,0.22339601814746857
2608,True,LEFT_WRIST,0.33070647716522217,0.21014820039272308,0.03428167104721069,0.7134646773338318,0.9997280240058899,True,False,True,0.33070647716522217,0.21014820039272308
2609,True,LEFT_WRIST,0.3459755480289459,0.22245511412620544,-0.25117188692092896,0.7156088352203369,0.9996733665466309,True,False,True,0.3459755480289459,0.22245511412620544
2610,True,LEFT_WRIST,0.34441885352134705,0.22119399905204773,0.022869670763611794,0.696614682674408,0.999005138874054,True,False,True,0.34441885352134705,0.22119399905204773
2611,True,LEFT_WRIST,0.3489370346069336,0.2281809002161026,-0.428152471780777,0.6979765892028809,0.9993478655815125,True,False,True,0.3489370346069336,0.2281809002161026
2612,True,LEFT_WRIST,0.3567323088645935,0.25338801741600037,-0.5502874851226807,0.7162313461303711,0.999714195728302,True,False,True,0.3567323088645935,0.25338801741600037
2613,True,LEFT_WRIST,0.3568895757198334,0.26463037729263306,-0.45687225461006165,0.7383245229721069,0.9997169375419617,True,False,True,0.3568895757198334,0.26463037729263306
2614,True,LEFT_WRIST,0.3568265438079834,0.2700865566730499,-0.3861736059188843,0.7529304623603821,0.9995006322860718,True,False,True,0.3568265438079834,0.2700865566730499
2615,True,LEFT_WRIST,0.360260009765625,0.2891101539134979,-0.36553052067756653,0.7572920322418213,0.9991204142570496,True,False,True,0.360260009765625,0.2891101539134979
2616,True,LEFT_WRIST,0.3595106601715088,0.31719040870666504,-0.194033682346344,0.7389443516731262,0.9980571866035461,True,False,True,0.3595106601715088,0.31719040870666504
2617,True,LEFT_WRIST,0.3589170575141907,0.3282870948314667,-0.24861778318881989,0.7365592122077942,0.9989601373672485,True,False,True,0.3589170575141907,0.3282870948314667
2618,True,LEFT_WRIST,0.3585660457611084,0.33248037099838257,-0.06129516661167145,0.7339916229248047,0.9988191723823547,True,False,True,0.3585660457611084,0.33248037099838257
2619,True,LEFT_WRIST,0.3579646646976471,0.34420856833457947,-0.13878609240055084,0.7097011804580688,0.9961022138595581,True,False,True,0.3579646646976471,0.34420856833457947
2620,True,LEFT_WRIST,0.3583886921405792,0.3577606976032257,-0.2789548337459564,0.659729540348053,0.9842554926872253,True,False,True,0.3583886921405792,0.3577606976032257
2621,True,LEFT_WRIST,0.3652675449848175,0.37343910336494446,-0.3342878222465515,0.6126742959022522,0.9834874272346497,True,False,True,0.3652675449848175,0.37343910336494446
2622,True,LEFT_WRIST,0.3844156861305237,0.38326287269592285,-0.36091387271881104,0.5972039699554443,0.9960744380950928,True,False,True,0.3844156861305237,0.38326287269592285
2623,True,LEFT_WRIST,0.39681005477905273,0.39734330773353577,-0.37900063395500183,0.6023587584495544,0.9986244440078735,True,False,True,0.39681005477905273,0.39734330773353577
2624,True,LEFT_WRIST,0.40702611207962036,0.42278239130973816,-0.15411876142024994,0.6213020086288452,0.9996912479400635,True,False,True,0.40702611207962036,0.42278239130973816
2625,True,LEFT_WRIST,0.41544508934020996,0.4284893572330475,-0.036953020840883255,0.6460055708885193,0.9999130964279175,True,False,True,0.41544508934020996,0.4284893572330475
2626,True,LEFT_WRIST,0.42556649446487427,0.4464057683944702,-0.15261349081993103,0.6536290049552917,0.9997217059135437,True,False,True,0.42556649446487427,0.4464057683944702
2627,True,LEFT_WRIST,0.43893182277679443,0.4597499668598175,-0.09188377857208252,0.6395807266235352,0.9994243383407593,True,False,True,0.43893182277679443,0.4597499668598175
2628,True,LEFT_WRIST,0.4576374590396881,0.4749467968940735,-0.14908604323863983,0.6468067765235901,0.9996115565299988,True,False,True,0.4576374590396881,0.4749467968940735
2629,True,LEFT_WRIST,0.4718189239501953,0.48573756217956543,-0.16525425016880035,0.6575542688369751,0.9996252059936523,True,False,True,0.4718189239501953,0.48573756217956543
2630,True,LEFT_WRIST,0.4953606426715851,0.4954043924808502,-0.2759663164615631,0.6764136552810669,0.9996746778488159,True,False,True,0.4953606426715851,0.4954043924808502
2631,True,LEFT_WRIST,0.5208505392074585,0.5001147985458374,-0.26667022705078125,0.7049804925918579,0.9998445510864258,True,False,True,0.5208505392074585,0.5001147985458374
2632,True,LEFT_WRIST,0.54709392786026,0.494284987449646,-0.26476332545280457,0.7332188487052917,0.9999080896377563,True,False,True,0.54709392786026,0.494284987449646
2633,True,LEFT_WRIST,0.5672556757926941,0.4820212423801422,-0.2955239713191986,0.7591407895088196,0.9999275207519531,True,False,True,0.5672556757926941,0.4820212423801422
2634,True,LEFT_WRIST,0.567191481590271,0.4683553874492645,-0.23005639016628265,0.7813194394111633,0.9997914433479309,True,False,True,0.567191481590271,0.4683553874492645
2635,True,LEFT_WRIST,0.5600273013114929,0.4480215311050415,0.015103206969797611,0.7929962873458862,0.9997157454490662,True,False,True,0.5600273013114929,0.4480215311050415
2636,True,LEFT_WRIST,0.5415249466896057,0.43420058488845825,0.1862219125032425,0.7982609272003174,0.9994308352470398,True,False,True,0.5415249466896057,0.43420058488845825
2637,True,LEFT_WRIST,0.49657103419303894,0.45997145771980286,0.32192835211753845,0.78310626745224,0.9998586177825928,True,False,True,0.49657103419303894,0.45997145771980286
2638,True,LEFT_WRIST,0.29449865221977234,0.4567759037017822,0.5567614436149597,0.7129982113838196,0.9987266659736633,True,False,True,0.29449865221977234,0.4567759037017822
2639,True,LEFT_WRIST,0.3035363554954529,0.41099223494529724,0.7823719382286072,0.6552152633666992,0.9985426664352417,True,False,True,0.3035363554954529,0.41099223494529724
2640,True,LEFT_WRIST,0.30847495794296265,0.5378174781799316,0.31870585680007935,0.6050496697425842,0.9999445676803589,True,False,True,0.30847495794296265,0.5378174781799316
2641,True,LEFT_WRIST,0.30047470331192017,0.56260085105896,0.2304142862558365,0.6241545677185059,0.9999442100524902,True,False,True,0.30047470331192017,0.56260085105896
2642,True,LEFT_WRIST,0.2927151024341583,0.5573374032974243,0.24409103393554688,0.5695704817771912,0.9951547384262085,True,False,True,0.2927151024341583,0.5573374032974243
2643,True,LEFT_WRIST,0.31054404377937317,0.547716498374939,0.18678881227970123,0.5223552584648132,0.9980748891830444,True,False,True,0.31054404377937317,0.547716498374939
2644,True,LEFT_WRIST,0.31322234869003296,0.5476873517036438,0.20237205922603607,0.4847623407840729,0.9994630217552185,False,True,True,0.2762511968612671,0.5651693940162659
2645,True,LEFT_WRIST,0.241958349943161,0.5826222896575928,0.3656483292579651,0.5312667489051819,0.999685525894165,True,False,True,0.241958349943161,0.5826222896575928
2646,True,LEFT_WRIST,0.21010273694992065,0.584857702255249,0.005297296680510044,0.5730674266815186,0.9978310465812683,True,False,True,0.21010273694992065,0.584857702255249
2647,True,LEFT_WRIST,0.22458896040916443,0.45727309584617615,0.460448294878006,0.5502523183822632,0.9995664954185486,True,False,True,0.22458896040916443,0.45727309584617615
2648,True,LEFT_WRIST,0.21752402186393738,0.4065687656402588,0.4429892897605896,0.5353964567184448,0.9973592162132263,True,False,True,0.21752402186393738,0.4065687656402588
2649,True,LEFT_WRIST,0.283221036195755,0.43734297156333923,-0.5298340916633606,0.5442448854446411,0.9995871186256409,True,False,True,0.283221036195755,0.43734297156333923
2650,True,LEFT_WRIST,0.2764606475830078,0.4200747311115265,-0.15528252720832825,0.5597918033599854,0.9995545744895935,True,False,True,0.2764606475830078,0.4200747311115265
2651,True,LEFT_WRIST,0.21293503046035767,0.2763698399066925,0.459301233291626,0.5929102897644043,0.9999740123748779,True,False,True,0.21293503046035767,0.2763698399066925
2652,True,LEFT_WRIST,0.18454748392105103,0.29858553409576416,0.35304418206214905,0.586237907409668,0.9997610449790955,True,False,True,0.18454748392105103,0.29858553409576416
2653,True,LEFT_WRIST,0.21072334051132202,0.2791978120803833,0.3143693208694458,0.5744519829750061,0.9990412592887878,True,False,True,0.21072334051132202,0.2791978120803833
2654,True,LEFT_WRIST,0.22660495340824127,0.303381085395813,-0.04113351181149483,0.57491534948349,0.9928151369094849,True,False,True,0.22660495340824127,0.303381085395813
2655,True,LEFT_WRIST,0.23135505616664886,0.33326050639152527,0.2511941194534302,0.533667266368866,0.9943947792053223,True,False,True,0.23135505616664886,0.33326050639152527
2656,True,LEFT_WRIST,0.23204711079597473,0.34722989797592163,0.3245973587036133,0.4969310164451599,0.9945730566978455,False,False,False,,
2657,True,LEFT_WRIST,0.23632930219173431,0.38656166195869446,0.24657116830348969,0.49204784631729126,0.9966603517532349,False,False,False,,
2658,True,LEFT_WRIST,0.2775905430316925,0.4316677153110504,0.1687246561050415,0.46767139434814453,0.9976638555526733,False,False,False,,
2659,True,LEFT_WRIST,0.30667832493782043,0.44035017490386963,0.16423781216144562,0.44399014115333557,0.9931555390357971,False,False,False,,
2660,True,LEFT_WRIST,0.33761316537857056,0.457989901304245,0.2756263017654419,0.4151126742362976,0.998245120048523,False,False,False,,
2661,True,LEFT_WRIST,0.34471791982650757,0.4458513855934143,0.2726112902164459,0.3823608458042145,0.9971281886100769,False,False,False,,
2662,True,LEFT_WRIST,0.3329719007015228,0.4492416977882385,0.41293105483055115,0.3546885550022125,0.9981837868690491,False,False,False,,
2663,True,LEFT_WRIST,0.3525448739528656,0.4467887282371521,0.5055238604545593,0.3283202052116394,0.9941891431808472,False,False,False,,
2664,True,LEFT_WRIST,0.3373437225818634,0.48402485251426697,0.3899008333683014,0.3292880356311798,0.9975371360778809,False,False,False,,
2665,True,LEFT_WRIST,0.3295736610889435,0.5031760931015015,0.12039699405431747,0.35563161969184875,0.9973695278167725,False,False,False,,
2666,True,LEFT_WRIST,0.3282445967197418,0.5054190158843994,-0.1554415076971054,0.41017937660217285,0.9990078806877136,False,False,False,,
2667,True,LEFT_WRIST,0.3167150020599365,0.5164453983306885,-0.4334353506565094,0.46464231610298157,0.999117910861969,False,False,False,,
2668,True,LEFT_WRIST,0.3166160583496094,0.5210609436035156,-0.5409460067749023,0.5176956653594971,0.9999064207077026,True,False,True,0.3166160583496094,0.5210609436035156
2669,True,LEFT_WRIST,0.3164786100387573,0.5265043377876282,-0.5276716947555542,0.5656098127365112,0.9999613761901855,True,False,True,0.3164786100387573,0.5265043377876282
2670,True,LEFT_WRIST,0.3163512945175171,0.5264266729354858,-0.5350640416145325,0.6088517904281616,0.9999756813049316,True,False,True,0.3163512945175171,0.5264266729354858
2671,True,LEFT_WRIST,0.32219839096069336,0.5228460431098938,-0.504158079624176,0.6477888226509094,0.9999681711196899,True,False,True,0.32219839096069336,0.5228460431098938
2672,True,LEFT_WRIST,0.3395874500274658,0.5170301795005798,-0.4694072902202606,0.6828386783599854,0.9999641180038452,True,False,True,0.3395874500274658,0.5170301795005798
2673,True,LEFT_WRIST,0.34517568349838257,0.5147786140441895,-0.4939987063407898,0.7143902778625488,0.9999634027481079,True,False,True,0.34517568349838257,0.5147786140441895
2674,True,LEFT_WRIST,0.35681140422821045,0.5085490942001343,-0.504728376865387,0.7425917983055115,0.9998915195465088,True,False,True,0.35681140422821045,0.5085490942001343
2675,True,LEFT_WRIST,0.3634507954120636,0.5015167593955994,-0.4973086416721344,0.768150269985199,0.999937891960144,True,False,True,0.3634507954120636,0.5015167593955994
2676,True,LEFT_WRIST,0.36886247992515564,0.49253061413764954,-0.4788464307785034,0.7910874485969543,0.9998444318771362,True,False,True,0.36886247992515564,0.49253061413764954
2677,True,LEFT_WRIST,0.37113144993782043,0.4818778336048126,-0.4476580023765564,0.8113370537757874,0.9988538026809692,True,False,True,0.37113144993782043,0.4818778336048126
2678,True,LEFT_WRIST,0.36949479579925537,0.4770907461643219,-0.4437747299671173,0.8297535181045532,0.9989161491394043,True,False,True,0.36949479579925537,0.4770907461643219
2679,True,LEFT_WRIST,0.36589834094047546,0.4763040542602539,-0.4844251275062561,0.8463431596755981,0.9991160035133362,True,False,True,0.36589834094047546,0.4763040542602539
2680,True,LEFT_WRIST,0.3636961579322815,0.47547608613967896,-0.5019519925117493,0.8611798286437988,0.9991381168365479,True,False,True,0.3636961579322815,0.47547608613967896
2681,True,LEFT_WRIST,0.36097851395606995,0.4754149317741394,-0.4823146164417267,0.8748330473899841,0.9995676875114441,True,False,True,0.36097851395606995,0.4754149317741394
2682,True,LEFT_WRIST,0.3542005121707916,0.47584840655326843,-0.47172194719314575,0.8871225118637085,0.999667763710022,True,False,True,0.3542005121707916,0.47584840655326843
2683,True,LEFT_WRIST,0.34888654947280884,0.4722577929496765,-0.3523646295070648,0.8981530666351318,0.9997764229774475,True,False,True,0.34888654947280884,0.4722577929496765
2684,True,LEFT_WRIST,0.3449450135231018,0.47065863013267517,-0.29584401845932007,0.9074209928512573,0.9994014501571655,True,False,True,0.3449450135231018,0.47065863013267517
2685,True,LEFT_WRIST,0.3369028866291046,0.47173675894737244,-0.3270169198513031,0.9160155653953552,0.999603807926178,True,False,True,0.3369028866291046,0.47173675894737244
2686,True,LEFT_WRIST,0.3322615623474121,0.4719771146774292,-0.3066944479942322,0.9237081408500671,0.9996235370635986,True,False,True,0.3322615623474121,0.4719771146774292
2687,True,LEFT_WRIST,0.3269433379173279,0.4739620089530945,-0.3377011716365814,0.9307985305786133,0.9996346235275269,True,False,True,0.3269433379173279,0.4739620089530945
2688,True,LEFT_WRIST,0.32130053639411926,0.475835919380188,-0.32101333141326904,0.9371932744979858,0.9997538924217224,True,False,True,0.32130053639411926,0.475835919380188
2689,True,LEFT_WRIST,0.3181399703025818,0.4775160253047943,-0.33475545048713684,0.9428616166114807,0.9997411370277405,True,False,True,0.3181399703025818,0.4775160253047943
2690,True,LEFT_WRIST,0.31388843059539795,0.477552205324173,-0.34091317653656006,0.9481935501098633,0.999811589717865,True,False,True,0.31388843059539795,0.477552205324173
2691,True,LEFT_WRIST,0.3109737038612366,0.47763165831565857,-0.34384968876838684,0.9530054926872253,0.999860405921936,True,False,True,0.3109737038612366,0.47763165831565857
2692,True,LEFT_WRIST,0.30959221720695496,0.4778198003768921,-0.3750952184200287,0.9574862122535706,0.9998570680618286,True,False,True,0.30959221720695496,0.4778198003768921
2693,True,LEFT_WRIST,0.3085021674633026,0.4782332181930542,-0.373645156621933,0.9614073038101196,0.9998165965080261,True,False,True,0.3085021674633026,0.4782332181930542
2694,True,LEFT_WRIST,0.3052982985973358,0.47977301478385925,-0.39989492297172546,0.965011477470398,0.999808132648468,True,False,True,0.3052982985973358,0.47977301478385925
2695,True,LEFT_WRIST,0.3038562834262848,0.4792151153087616,-0.4211019277572632,0.9681265354156494,0.9996953010559082,True,False,True,0.3038562834262848,0.4792151153087616
2696,True,LEFT_WRIST,0.30348020792007446,0.47696414589881897,-0.4248593747615814,0.9709828495979309,0.9997991919517517,True,False,True,0.30348020792007446,0.47696414589881897
2697,True,LEFT_WRIST,0.3007219433784485,0.4739960730075836,-0.4767167568206787,0.9735535979270935,0.9997413754463196,True,False,True,0.3007219433784485,0.4739960730075836
2698,True,LEFT_WRIST,0.2991676926612854,0.47211191058158875,-0.442192018032074,0.975993812084198,0.9998601675033569,True,False,True,0.2991676926612854,0.47211191058158875
2699,True,LEFT_WRIST,0.2981761693954468,0.4674091637134552,-0.42985963821411133,0.97799152135849,0.9996390342712402,True,False,True,0.2981761693954468,0.4674091637134552
2700,True,LEFT_WRIST,0.297874391078949,0.46708494424819946,-0.3488149642944336,0.9795663952827454,0.9993085861206055,True,False,True,0.297874391078949,0.46708494424819946
2701,True,LEFT_WRIST,0.29682457447052,0.46632376313209534,-0.35558366775512695,0.9812197685241699,0.9996163845062256,True,False,True,0.29682457447052,0.46632376313209534
2702,True,LEFT_WRIST,0.2956944406032562,0.4668493866920471,-0.3655495345592499,0.9828875660896301,0.9997119307518005,True,False,True,0.2956944406032562,0.4668493866920471
2703,True,LEFT_WRIST,0.29286351799964905,0.4687742292881012,-0.3679763078689575,0.9843907952308655,0.9997574687004089,True,False,True,0.29286351799964905,0.4687742292881012
2704,True,LEFT_WRIST,0.2909054756164551,0.46922606229782104,-0.35197821259498596,0.9857624173164368,0.9998489618301392,True,False,True,0.2909054756164551,0.46922606229782104
2705,True,LEFT_WRIST,0.2892082929611206,0.46936601400375366,-0.33155468106269836,0.9867873787879944,0.9995810389518738,True,False,True,0.2892082929611206,0.46936601400375366
2706,True,LEFT_WRIST,0.28880366683006287,0.4668407142162323,-0.3186485171318054,0.9871222376823425,0.999387264251709,True,False,True,0.28880366683006287,0.4668407142162323
2707,True,LEFT_WRIST,0.2866360545158386,0.4686867296695709,-0.31537941098213196,0.9874598383903503,0.9993044137954712,True,False,True,0.2866360545158386,0.4686867296695709
2708,True,LEFT_WRIST,0.2835367023944855,0.4723544120788574,-0.3280985951423645,0.9880495071411133,0.9996033310890198,True,False,True,0.2835367023944855,0.4723544120788574
2709,True,LEFT_WRIST,0.28265661001205444,0.4783340096473694,-0.3167725205421448,0.9885434508323669,0.999660849571228,True,False,True,0.28265661001205444,0.4783340096473694
2604,True,MOUTH_LEFT,0.2603920102119446,0.24047718942165375,-0.07993500679731369,0.9998466968536377,0.9999434947967529,True,False,True,0.2603920102119446,0.24047718942165375
2605,True,MOUTH_LEFT,0.267218679189682,0.23998893797397614,-0.10499948263168335,0.999843955039978,0.9999328851699829,True,False,True,0.267218679189682,0.23998893797397614
2606,True,MOUTH_LEFT,0.26689520478248596,0.23742467164993286,-0.10409670323133469,0.9998484253883362,0.9999316930770874,True,False,True,0.26689520478248596,0.23742467164993286
2607,True,MOUTH_LEFT,0.27016782760620117,0.23830299079418182,-0.18535590171813965,0.9998427033424377,0.9999390840530396,True,False,True,0.27016782760620117,0.23830299079418182
2608,True,MOUTH_LEFT,0.273287832736969,0.23830978572368622,-0.17494750022888184,0.9998489022254944,0.9999490976333618,True,False,True,0.273287832736969,0.23830978572368622
2609,True,MOUTH_LEFT,0.2735536992549896,0.23836779594421387,-0.1451246738433838,0.9998596906661987,0.9999589920043945,True,False,True,0.2735536992549896,0.23836779594421387
2610,True,MOUTH_LEFT,0.2772757112979889,0.23836730420589447,-0.14195632934570312,0.9998366236686707,0.9998288154602051,True,False,True,0.2772757112979889,0.23836730420589447
2611,True,MOUTH_LEFT,0.2796661853790283,0.23603156208992004,-0.1675778180360794,0.9998303055763245,0.9998812675476074,True,False,True,0.2796661853790283,0.23603156208992004
2612,True,MOUTH_LEFT,0.2840328812599182,0.2354505956172943,-0.20002582669258118,0.9998329281806946,0.9999104738235474,True,False,True,0.2840328812599182,0.2354505956172943
2613,True,MOUTH_LEFT,0.2845228612422943,0.23543456196784973,-0.17355376482009888,0.9998408555984497,0.9998917579650879,True,False,True,0.2845228612422943,0.23543456196784973
2614,True,MOUTH_LEFT,0.2837432622909546,0.23547910153865814,-0.16678832471370697,0.9998251795768738,0.9996473789215088,True,False,True,0.2837432622909546,0.23547910153865814
2615,True,MOUTH_LEFT,0.2843174934387207,0.23517650365829468,-0.13107195496559143,0.9997617602348328,0.9994051456451416,True,False,True,0.2843174934387207,0.23517650365829468
2616,True,MOUTH_LEFT,0.28472667932510376,0.23574039340019226,-0.06455329805612564,0.9996326565742493,0.9988312125205994,True,False,True,0.28472667932510376,0.23574039340019226
2617,True,MOUTH_LEFT,0.28788188099861145,0.23632746934890747,-0.07787527143955231,0.9995670318603516,0.9991809725761414,True,False,True,0.28788188099861145,0.23632746934890747
2618,True,MOUTH_LEFT,0.2899959683418274,0.23772785067558289,-0.08952200412750244,0.9995265007019043,0.9989550113677979,True,False,True,0.2899959683418274,0.23772785067558289
2619,True,MOUTH_LEFT,0.2910308241844177,0.23880785703659058,-0.11018437892198563,0.9993426203727722,0.998278021812439,True,False,True,0.2910308241844177,0.23880785703659058
2620,True,MOUTH_LEFT,0.29418689012527466,0.23903484642505646,-0.1731935292482376,0.9991763234138489,0.9985069632530212,True,False,True,0.29418689012527466,0.23903484642505646
2621,True,MOUTH_LEFT,0.29882314801216125,0.2390153408050537,-0.21784836053848267,0.9989894032478333,0.9992188215255737,True,False,True,0.29882314801216125,0.2390153408050537
2622,True,MOUTH_LEFT,0.3031294345855713,0.24149632453918457,-0.2613193094730377,0.9989699125289917,0.9998244643211365,True,False,True,0.3031294345855713,0.24149632453918457
2623,True,MOUTH_LEFT,0.307248592376709,0.2471134066581726,-0.31643861532211304,0.9989743828773499,0.9998818635940552,True,False,True,0.307248592376709,0.2471134066581726
2624,True,MOUTH_LEFT,0.31876611709594727,0.2505222260951996,-0.24655739963054657,0.9990454912185669,0.9999486207962036,True,False,True,0.31876611709594727,0.2505222260951996
2625,True,MOUTH_LEFT,0.32291895151138306,0.26028814911842346,-0.2429230809211731,0.9991099238395691,0.9999499320983887,True,False,True,0.32291895151138306,0.26028814911842346
2626,True,MOUTH_LEFT,0.33370864391326904,0.26981037855148315,-0.2642008364200592,0.9991428256034851,0.9999328851699829,True,False,True,0.33370864391326904,0.26981037855148315
2627,True,MOUTH_LEFT,0.3424513638019562,0.28290024399757385,-0.2947695851325989,0.9991328716278076,0.999848484992981,True,False,True,0.3424513638019562,0.28290024399757385
2628,True,MOUTH_LEFT,0.350360631942749,0.30288323760032654,-0.34164759516716003,0.9991465210914612,0.9999017715454102,True,False,True,0.350360631942749,0.30288323760032654
2629,True,MOUTH_LEFT,0.36213985085487366,0.31752651929855347,-0.4607619345188141,0.9992098808288574,0.9999603033065796,True,False,True,0.36213985085487366,0.31752651929855347
2630,True,MOUTH_LEFT,0.3687416613101959,0.33476781845092773,-0.5398156046867371,0.9992717504501343,0.9999765157699585,True,False,True,0.3687416613101959,0.33476781845092773
2631,True,MOUTH_LEFT,0.3717798590660095,0.3576175272464752,-0.5783973336219788,0.999336302280426,0.9999758005142212,True,False,True,0.3717798590660095,0.3576175272464752
2632,True,MOUTH_LEFT,0.3827199935913086,0.37355366349220276,-0.541569173336029,0.9993982911109924,0.9999785423278809,True,False,True,0.3827199935913086,0.37355366349220276
2633,True,MOUTH_LEFT,0.3899761140346527,0.3855852782726288,-0.5964105725288391,0.9994547367095947,0.9999924898147583,True,False,True,0.3899761140346527,0.3855852782726288
2634,True,MOUTH_LEFT,0.39231130480766296,0.3995009958744049,-0.5890051126480103,0.9994984865188599,0.9999730587005615,True,False,True,0.39231130480766296,0.3995009958744049
2635,True,MOUTH_LEFT,0.401807576417923,0.407524049282074,-0.29702383279800415,0.9995006918907166,0.9998464584350586,True,False,True,0.401807576417923,0.407524049282074
2636,True,MOUTH_LEFT,0.3999637961387634,0.42126768827438354,-0.17989598214626312,0.999525249004364,0.9999538660049438,True,False,True,0.3999637961387634,0.42126768827438354
2637,True,MOUTH_LEFT,0.4046103060245514,0.4140583574771881,-0.19637131690979004,0.9994831681251526,0.99945467710495,True,False,True,0.4046103060245514,0.4140583574771881
2638,True,MOUTH_LEFT,0.4045372009277344,0.40324604511260986,0.0491112545132637,0.9991819262504578,0.9997698664665222,True,False,True,0.4045372009277344,0.40324604511260986
2639,True,MOUTH_LEFT,0.4017806053161621,0.39618241786956787,0.08466685563325882,0.998795747756958,0.9998769760131836,True,False,True,0.4017806053161621,0.39618241786956787
2640,True,MOUTH_LEFT,0.3622390031814575,0.3962511420249939,0.26120465993881226,0.9988152384757996,0.9999921321868896,True,False,True,0.3622390031814575,0.3962511420249939
2641,True,MOUTH_LEFT,0.3336777687072754,0.3994472324848175,0.18622492253780365,0.9988629221916199,0.9999657869338989,True,False,True,0.3336777687072754,0.3994472324848175
2642,True,MOUTH_LEFT,0.31868457794189453,0.40092819929122925,0.035370469093322754,0.9974945783615112,0.9997606873512268,True,False,True,0.31868457794189453,0.40092819929122925
2643,True,MOUTH_LEFT,0.3145384192466736,0.40367570519447327,0.329935759305954,0.9932467937469482,0.9998470544815063,True,False,True,0.3145384192466736,0.40367570519447327
2644,True,MOUTH_LEFT,0.3135763108730316,0.4030390977859497,0.6103688478469849,0.9924865961074829,0.9999885559082031,True,False,True,0.3135763108730316,0.4030390977859497
2645,True,MOUTH_LEFT,0.30931347608566284,0.40267011523246765,0.6615363359451294,0.9923803806304932,0.9999537467956543,True,False,True,0.30931347608566284,0.40267011523246765
2646,True,MOUTH_LEFT,0.29546791315078735,0.39346960186958313,0.6550108790397644,0.9924416542053223,0.9999651908874512,True,False,True,0.29546791315078735,0.39346960186958313
2647,True,MOUTH_LEFT,0.2826540470123291,0.38420411944389343,0.48106682300567627,0.9931823015213013,0.9999591112136841,True,False,True,0.2826540470123291,0.38420411944389343
2648,True,MOUTH_LEFT,0.27281075716018677,0.3771111071109772,0.4152216911315918,0.9935975670814514,0.9991490840911865,True,False,True,0.27281075716018677,0.3771111071109772
2649,True,MOUTH_LEFT,0.27617597579956055,0.36064431071281433,0.47058576345443726,0.9942280650138855,0.9999978542327881,True,False,True,0.27617597579956055,0.36064431071281433
2650,True,MOUTH_LEFT,0.282809317111969,0.35831737518310547,0.42341652512550354,0.99480140209198,0.999994158744812,True,False,True,0.282809317111969,0.35831737518310547
2651,True,MOUTH_LEFT,0.26829051971435547,0.32688894867897034,0.04198811948299408,0.9953147768974304,0.9999377727508545,True,False,True,0.26829051971435547,0.32688894867897034
2652,True,MOUTH_LEFT,0.27104899287223816,0.29096776247024536,0.3696281313896179,0.9957782626152039,0.9999971389770508,True,False,True,0.27104899287223816,0.29096776247024536
2653,True,MOUTH_LEFT,0.2783801853656769,0.2768120765686035,0.3285472095012665,0.9961872100830078,0.9999802112579346,True,False,True,0.2783801853656769,0.2768120765686035
2654,True,MOUTH_LEFT,0.28686952590942383,0.2942087650299072,0.1850374937057495,0.9962390065193176,0.9997146725654602,True,False,True,0.28686952590942383,0.2942087650299072
2655,True,MOUTH_LEFT,0.287009060382843,0.26792192459106445,0.21586783230304718,0.995869517326355,0.9985074400901794,True,False,True,0.287009060382843,0.26792192459106445
2656,True,MOUTH_LEFT,0.2946927845478058,0.2630642354488373,0.22913417220115662,0.9958307147026062,0.9993323683738708,True,False,True,0.2946927845478058,0.2630642354488373
2657,True,MOUTH_LEFT,0.3015020191669464,0.26542928814888,0.09099149703979492,0.9960628747940063,0.9998503923416138,True,False,True,0.3015020191669464,0.26542928814888
2658,True,MOUTH_LEFT,0.3136005997657776,0.2727856934070587,0.08497686684131622,0.9963279962539673,0.999955415725708,True,False,True,0.3136005997657776,0.2727856934070587
2659,True,MOUTH_LEFT,0.3175642788410187,0.2778303027153015,0.04991612210869789,0.9965548515319824,0.9998992681503296,True,False,True,0.3175642788410187,0.2778303027153015
2660,True,MOUTH_LEFT,0.32323142886161804,0.3036401569843292,0.05596189573407173,0.9967779517173767,0.9999451637268066,True,False,True,0.32323142886161804,0.3036401569843292
2661,True,MOUTH_LEFT,0.3240128755569458,0.3183223307132721,0.029992152005434036,0.9968401789665222,0.9999010562896729,True,False,True,0.3240128755569458,0.3183223307132721
2662,True,MOUTH_LEFT,0.3264152705669403,0.32823479175567627,0.08764871209859848,0.9968401789665222,0.9999167919158936,True,False,True,0.3264152705669403,0.32823479175567627
2663,True,MOUTH_LEFT,0.3277755677700043,0.33912649750709534,0.10583639144897461,0.9968966841697693,0.9997922778129578,True,False,True,0.3277755677700043,0.33912649750709534
2664,True,MOUTH_LEFT,0.3280963897705078,0.34402528405189514,0.12528906762599945,0.9971069097518921,0.9998737573623657,True,False,True,0.3280963897705078,0.34402528405189514
2665,True,MOUTH_LEFT,0.3290427625179291,0.34845176339149475,0.05810480937361717,0.9971314668655396,0.999757707118988,True,False,True,0.3290427625179291,0.34845176339149475
2666,True,MOUTH_LEFT,0.31887951493263245,0.3538326025009155,-0.1961701661348343,0.997391939163208,0.9998192191123962,True,False,True,0.31887951493263245,0.3538326025009155
2667,True,MOUTH_LEFT,0.29943323135375977,0.3499765396118164,-0.32510828971862793,0.9975975751876831,0.9997382760047913,True,False,True,0.29943323135375977,0.3499765396118164
2668,True,MOUTH_LEFT,0.2845682203769684,0.34629711508750916,-0.31756502389907837,0.997834324836731,0.9999815225601196,True,False,True,0.2845682203769684,0.34629711508750916
2669,True,MOUTH_LEFT,0.27557238936424255,0.3442394435405731,-0.37356874346733093,0.9980487823486328,0.9999926090240479,True,False,True,0.27557238936424255,0.3442394435405731
2670,True,MOUTH_LEFT,0.2736387550830841,0.3376079797744751,-0.370917946100235,0.9982427358627319,0.9999899864196777,True,False,True,0.2736387550830841,0.3376079797744751
2671,True,MOUTH_LEFT,0.269864022731781,0.3274461030960083,-0.42197534441947937,0.9984163641929626,0.9999896287918091,True,False,True,0.269864022731781,0.3274461030960083
2672,True,MOUTH_LEFT,0.26559877395629883,0.31336936354637146,-0.3649153411388397,0.9985728859901428,0.9999791383743286,True,False,True,0.26559877395629883,0.31336936354637146
2673,True,MOUTH_LEFT,0.26385927200317383,0.30055201053619385,-0.39386245608329773,0.9987140893936157,0.999987006187439,True,False,True,0.26385927200317383,0.30055201053619385
2674,True,MOUTH_LEFT,0.2596726417541504,0.2915348410606384,-0.4343932569026947,0.998839259147644,0.9999847412109375,True,False,True,0.2596726417541504,0.2915348410606384
2675,True,MOUTH_LEFT,0.25510358810424805,0.28839802742004395,-0.4429781138896942,0.9989534616470337,0.9999862909317017,True,False,True,0.25510358810424805,0.28839802742004395
2676,True,MOUTH_LEFT,0.2538372576236725,0.2859167158603668,-0.4561440348625183,0.9990543723106384,0.9999741315841675,True,False,True,0.2538372576236725,0.2859167158603668
2677,True,MOUTH_LEFT,0.25164878368377686,0.2824819087982178,-0.40099480748176575,0.9991427063941956,0.9999216794967651,True,False,True,0.25164878368377686,0.2824819087982178
2678,True,MOUTH_LEFT,0.24725735187530518,0.28125518560409546,-0.3840928077697754,0.9992227554321289,0.9999442100524902,True,False,True,0.24725735187530518,0.28125518560409546
2679,True,MOUTH_LEFT,0.24500687420368195,0.28275927901268005,-0.4169744849205017,0.999293327331543,0.9999669790267944,True,False,True,0.24500687420368195,0.28275927901268005
2680,True,MOUTH_LEFT,0.24036328494548798,0.2821371257305145,-0.4306943714618683,0.9993476271629333,0.9999337196350098,True,False,True,0.24036328494548798,0.2821371257305145
2681,True,MOUTH_LEFT,0.236985445022583,0.2808775305747986,-0.4097706079483032,0.999403178691864,0.9999555349349976,True,False,True,0.236985445022583,0.2808775305747986
2682,True,MOUTH_LEFT,0.23308947682380676,0.2788778841495514,-0.42106637358665466,0.9994566440582275,0.999962568283081,True,False,True,0.23308947682380676,0.2788778841495514
2683,True,MOUTH_LEFT,0.22997069358825684,0.2786082625389099,-0.37956565618515015,0.9995092153549194,0.9999842643737793,True,False,True,0.22997069358825684,0.2786082625389099
2684,True,MOUTH_LEFT,0.22533497214317322,0.2774001359939575,-0.3050132989883423,0.9995530843734741,0.9999632835388184,True,False,True,0.22533497214317322,0.2774001359939575
2685,True,MOUTH_LEFT,0.21954350173473358,0.27577412128448486,-0.31579434871673584,0.9995940327644348,0.9999690055847168,True,False,True,0.21954350173473358,0.27577412128448486
2686,True,MOUTH_LEFT,0.21562229096889496,0.2768884003162384,-0.3197915852069855,0.9996278882026672,0.9999483823776245,True,False,True,0.21562229096889496,0.2768884003162384
2687,True,MOUTH_LEFT,0.21356692910194397,0.2775067389011383,-0.3509441018104553,0.9996563792228699,0.9999423027038574,True,False,True,0.21356692910194397,0.2775067389011383
2688,True,MOUTH_LEFT,0.2089720219373703,0.27790898084640503,-0.3270655572414398,0.9996868371963501,0.9999514818191528,True,False,True,0.2089720219373703,0.27790898084640503
2689,True,MOUTH_LEFT,0.2042287141084671,0.27834802865982056,-0.3253141939640045,0.9997144341468811,0.9999459981918335,True,False,True,0.2042287141084671,0.27834802865982056
2690,True,MOUTH_LEFT,0.19725288450717926,0.27868205308914185,-0.3181632459163666,0.999740719795227,0.9999572038650513,True,False,True,0.19725288450717926,0.27868205308914185
2691,True,MOUTH_LEFT,0.1916547268629074,0.27878808975219727,-0.31000036001205444,0.9997653365135193,0.9999740123748779,True,False,True,0.1916547268629074,0.27878808975219727
2692,True,MOUTH_LEFT,0.18696311116218567,0.27912721037864685,-0.3728960156440735,0.9997870326042175,0.9999696016311646,True,False,True,0.18696311116218567,0.27912721037864685
2693,True,MOUTH_LEFT,0.1820569634437561,0.27957504987716675,-0.36957311630249023,0.9998044371604919,0.9999548196792603,True,False,True,0.1820569634437561,0.27957504987716675
2694,True,MOUTH_LEFT,0.17597079277038574,0.27973759174346924,-0.39666715264320374,0.9998196363449097,0.9999558925628662,True,False,True,0.17597079277038574,0.27973759174346924
2695,True,MOUTH_LEFT,0.17489653825759888,0.27980658411979675,-0.467987060546875,0.9998309016227722,0.9999451637268066,True,False,True,0.17489653825759888,0.27980658411979675
2696,True,MOUTH_LEFT,0.1730753481388092,0.2774440050125122,-0.4273761808872223,0.9998440742492676,0.9999487400054932,True,False,True,0.1730753481388092,0.2774440050125122
2697,True,MOUTH_LEFT,0.17374403774738312,0.2749009132385254,-0.5421186685562134,0.9998562335968018,0.9999560117721558,True,False,True,0.17374403774738312,0.2749009132385254
2698,True,MOUTH_LEFT,0.16787859797477722,0.26658105850219727,-0.5014743804931641,0.9998694658279419,0.9999690055847168,True,False,True,0.16787859797477722,0.26658105850219727
2699,True,MOUTH_LEFT,0.16942664980888367,0.26254963874816895,-0.4631105959415436,0.9998799562454224,0.9999356269836426,True,False,True,0.16942664980888367,0.26254963874816895
2700,True,MOUTH_LEFT,0.16866405308246613,0.25668179988861084,-0.40265992283821106,0.999890148639679,0.9998493194580078,True,False,True,0.16866405308246613,0.25668179988861084
2701,True,MOUTH_LEFT,0.16938266158103943,0.2525663375854492,-0.35900864005088806,0.9998999834060669,0.9998928308486938,True,False,True,0.16938266158103943,0.2525663375854492
2702,True,MOUTH_LEFT,0.1687408685684204,0.2528723180294037,-0.3739308714866638,0.9999092221260071,0.9998849630355835,True,False,True,0.1687408685684204,0.2528723180294037
2703,True,MOUTH_LEFT,0.16837014257907867,0.2513107657432556,-0.3809913098812103,0.9999178051948547,0.9999125003814697,True,False,True,0.16837014257907867,0.2513107657432556
2704,True,MOUTH_LEFT,0.16898879408836365,0.24916498363018036,-0.3770824372768402,0.9999250173568726,0.9998970031738281,True,False,True,0.16898879408836365,0.24916498363018036
2705,True,MOUTH_LEFT,0.16855965554714203,0.24749673902988434,-0.3212842047214508,0.9999281764030457,0.9997925162315369,True,False,True,0.16855965554714203,0.24749673902988434
2706,True,MOUTH_LEFT,0.16898038983345032,0.24799810349941254,-0.28215306997299194,0.9999288320541382,0.999823272228241,True,False,True,0.16898038983345032,0.24799810349941254
2707,True,MOUTH_LEFT,0.17101338505744934,0.24832457304000854,-0.31937697529792786,0.9999319911003113,0.9998364448547363,True,False,True,0.17101338505744934,0.24832457304000854
2708,True,MOUTH_LEFT,0.17235711216926575,0.2490314245223999,-0.2966341972351074,0.9999366402626038,0.9999029636383057,True,False,True,0.17235711216926575,0.2490314245223999
2709,True,MOUTH_LEFT,0.17863106727600098,0.24959790706634521,-0.3158179819583893,0.9999389052391052,0.999825656414032,True,False,True,0.17863106727600098,0.24959790706634521
2604,True,MOUTH_RIGHT,0.25637030601501465,0.24104517698287964,-0.14336688816547394,0.9998393058776855,0.9999359846115112,True,False,True,0.25637030601501465,0.24104517698287964
2605,True,MOUTH_RIGHT,0.2595118582248688,0.2400517761707306,-0.1676429659128189,0.9998329281806946,0.9999082088470459,True,False,True,0.2595118582248688,0.2400517761707306
2606,True,MOUTH_RIGHT,0.25937408208847046,0.23771722614765167,-0.1639213114976883,0.9998372197151184,0.9999368190765381,True,False,True,0.25937408208847046,0.23771722614765167
2607,True,MOUTH_RIGHT,0.26247140765190125,0.23866775631904602,-0.2424018532037735,0.9998306632041931,0.999945878982544,True,False,True,0.26247140765190125,0.23866775631904602
2608,True,MOUTH_RIGHT,0.2648463845252991,0.23870860040187836,-0.21674542129039764,0.9998372197151184,0.9999557733535767,True,False,True,0.2648463845252991,0.23870860040187836
2609,True,MOUTH_RIGHT,0.26548629999160767,0.2387237697839737,-0.19796118140220642,0.9998490214347839,0.9999643564224243,True,False,True,0.26548629999160767,0.2387237697839737
2610,True,MOUTH_RIGHT,0.27044767141342163,0.2386932522058487,-0.1976008415222168,0.9998345375061035,0.9998739957809448,True,False,True,0.27044767141342163,0.2386932522058487
2611,True,MOUTH_RIGHT,0.2735951244831085,0.23562394082546234,-0.2216135412454605,0.9998327493667603,0.9998995065689087,True,False,True,0.2735951244831085,0.23562394082546234
2612,True,MOUTH_RIGHT,0.27776530385017395,0.23443953692913055,-0.25443968176841736,0.9998363256454468,0.9999014139175415,True,False,True,0.27776530385017395,0.23443953692913055
2613,True,MOUTH_RIGHT,0.2778010368347168,0.23446905612945557,-0.22973716259002686,0.999843955039978,0.9998660087585449,True,False,True,0.2778010368347168,0.23446905612945557
2614,True,MOUTH_RIGHT,0.27729126811027527,0.2345130741596222,-0.2275383025407791,0.9998299479484558,0.9996175765991211,True,False,True,0.27729126811027527,0.2345130741596222
2615,True,MOUTH_RIGHT,0.2775557339191437,0.23408280313014984,-0.19348971545696259,0.9997786283493042,0.9993329644203186,True,False,True,0.2775557339191437,0.23408280313014984
2616,True,MOUTH_RIGHT,0.27849775552749634,0.23435914516448975,-0.1300784796476364,0.9996702671051025,0.9987442493438721,True,False,True,0.27849775552749634,0.23435914516448975
2617,True,MOUTH_RIGHT,0.2810773253440857,0.23489241302013397,-0.1426481157541275,0.9996076226234436,0.9990007281303406,True,False,True,0.2810773253440857,0.23489241302013397
2618,True,MOUTH_RIGHT,0.28320905566215515,0.2364477515220642,-0.1520548164844513,0.9995945692062378,0.999131977558136,True,False,True,0.28320905566215515,0.2364477515220642
2619,True,MOUTH_RIGHT,0.28507137298583984,0.23777645826339722,-0.17122744023799896,0.99948650598526,0.9983078241348267,True,False,True,0.28507137298583984,0.23777645826339722
2620,True,MOUTH_RIGHT,0.2884041368961334,0.23804381489753723,-0.23148894309997559,0.9994184970855713,0.9989792704582214,True,False,True,0.2884041368961334,0.23804381489753723
2621,True,MOUTH_RIGHT,0.29193115234375,0.23808541893959045,-0.2755543887615204,0.9993667602539062,0.9995840191841125,True,False,True,0.29193115234375,0.23808541893959045
2622,True,MOUTH_RIGHT,0.2942817509174347,0.241505429148674,-0.31556206941604614,0.9993870258331299,0.9998897314071655,True,False,True,0.2942817509174347,0.241505429148674
2623,True,MOUTH_RIGHT,0.2982836961746216,0.2484179437160492,-0.3682844340801239,0.9994049668312073,0.9998897314071655,True,False,True,0.2982836961746216,0.2484179437160492
2624,True,MOUTH_RIGHT,0.3120194375514984,0.2514628767967224,-0.30271586775779724,0.9994492530822754,0.999947190284729,True,False,True,0.3120194375514984,0.2514628767967224
2625,True,MOUTH_RIGHT,0.31560972332954407,0.2611900866031647,-0.29876983165740967,0.9994878768920898,0.9999415874481201,True,False,True,0.31560972332954407,0.2611900866031647
2626,True,MOUTH_RIGHT,0.32726454734802246,0.27073219418525696,-0.322827011346817,0.9995139241218567,0.9999231100082397,True,False,True,0.32726454734802246,0.27073219418525696
2627,True,MOUTH_RIGHT,0.33707451820373535,0.28404247760772705,-0.34944090247154236,0.999527096748352,0.9998534917831421,True,False,True,0.33707451820373535,0.28404247760772705
2628,True,MOUTH_RIGHT,0.3434958755970001,0.3038179576396942,-0.3906996548175812,0.9995396137237549,0.9998881816864014,True,False,True,0.3434958755970001,0.3038179576396942
2629,True,MOUTH_RIGHT,0.35593873262405396,0.3188551366329193,-0.5205062627792358,0.9995756149291992,0.9999470710754395,True,False,True,0.35593873262405396,0.3188551366329193
2630,True,MOUTH_RIGHT,0.3621215522289276,0.3378273546695709,-0.599219799041748,0.9996100068092346,0.9999661445617676,True,False,True,0.3621215522289276,0.3378273546695709
2631,True,MOUTH_RIGHT,0.36537036299705505,0.3599008619785309,-0.633360743522644,0.9996456503868103,0.9999600648880005,True,False,True,0.36537036299705505,0.3599008619785309
2632,True,MOUTH_RIGHT,0.3760361075401306,0.37480443716049194,-0.5977025628089905,0.9996801018714905,0.9999719858169556,True,False,True,0.3760361075401306,0.37480443716049194
2633,True,MOUTH_RIGHT,0.38411015272140503,0.3868805170059204,-0.6529457569122314,0.9997108578681946,0.9999864101409912,True,False,True,0.38411015272140503,0.3868805170059204
2634,True,MOUTH_RIGHT,0.3871186375617981,0.3996467590332031,-0.6431847810745239,0.9997375011444092,0.9999651908874512,True,False,True,0.3871186375617981,0.3996467590332031
2635,True,MOUTH_RIGHT,0.3986622095108032,0.4066537618637085,-0.3518175184726715,0.9997531175613403,0.9998327493667603,True,False,True,0.3986622095108032,0.4066537618637085
2636,True,MOUTH_RIGHT,0.39280158281326294,0.4208020567893982,-0.2317264825105667,0.9997748732566833,0.9999737739562988,True,False,True,0.39280158281326294,0.4208020567893982
2637,True,MOUTH_RIGHT,0.4000690281391144,0.41407090425491333,-0.25191810727119446,0.9997279644012451,0.9989029169082642,True,False,True,0.4000690281391144,0.41407090425491333
2638,True,MOUTH_RIGHT,0.4082429111003876,0.4047415852546692,0.00460066506639123,0.9994215965270996,0.9997187256813049,True,False,True,0.4082429111003876,0.4047415852546692
2639,True,MOUTH_RIGHT,0.4044741988182068,0.3971508741378784,0.021181467920541763,0.9991024732589722,0.9998263716697693,True,False,True,0.4044741988182068,0.3971508741378784
2640,True,MOUTH_RIGHT,0.3790929615497589,0.39634472131729126,0.2358020395040512,0.999031662940979,0.9999861717224121,True,False,True,0.3790929615497589,0.39634472131729126
2641,True,MOUTH_RIGHT,0.34599971771240234,0.3978941738605499,0.18028134107589722,0.999006450176239,0.9999459981918335,True,False,True,0.34599971771240234,0.3978941738605499
2642,True,MOUTH_RIGHT,0.32957127690315247,0.39885976910591125,0.016349371522665024,0.9977012872695923,0.9998044371604919,True,False,True,0.32957127690315247,0.39885976910591125
2643,True,MOUTH_RIGHT,0.32851144671440125,0.3999590575695038,0.31955206394195557,0.9933913946151733,0.9998692274093628,True,False,True,0.32851144671440125,0.3999590575695038
2644,True,MOUTH_RIGHT,0.32657045125961304,0.39923930168151855,0.6137053370475769,0.9927884936332703,0.9999911785125732,True,False,True,0.32657045125961304,0.39923930168151855
2645,True,MOUTH_RIGHT,0.32118716835975647,0.398003488779068,0.6678963899612427,0.99253910779953,0.9999411106109619,True,False,True,0.32118716835975647,0.398003488779068
2646,True,MOUTH_RIGHT,0.30741286277770996,0.3894100487232208,0.6638314723968506,0.9924100041389465,0.999969482421875,True,False,True,0.30741286277770996,0.3894100487232208
2647,True,MOUTH_RIGHT,0.29322466254234314,0.38121068477630615,0.4975186288356781,0.9931586980819702,0.9999644756317139,True,False,True,0.29322466254234314,0.38121068477630615
2648,True,MOUTH_RIGHT,0.2808130085468292,0.3732955753803253,0.4565503001213074,0.9935562610626221,0.9989293217658997,True,False,True,0.2808130085468292,0.3732955753803253
2649,True,MOUTH_RIGHT,0.2878968417644501,0.3554299771785736,0.5146186351776123,0.9941844940185547,0.9999974966049194,True,False,True,0.2878968417644501,0.3554299771785736
2650,True,MOUTH_RIGHT,0.28973788022994995,0.3537043631076813,0.46172767877578735,0.9947618842124939,0.9999954700469971,True,False,True,0.28973788022994995,0.3537043631076813
2651,True,MOUTH_RIGHT,0.2735224664211273,0.32466280460357666,0.0809289813041687,0.9952797293663025,0.9999377727508545,True,False,True,0.2735224664211273,0.32466280460357666
2652,True,MOUTH_RIGHT,0.2809075117111206,0.28814786672592163,0.3795560896396637,0.9957486391067505,0.9999980926513672,True,False,True,0.2809075117111206,0.28814786672592163
2653,True,MOUTH_RIGHT,0.2871365249156952,0.2718799114227295,0.3343351185321808,0.996165931224823,0.9999868869781494,True,False,True,0.2871365249156952,0.2718799114227295
2654,True,MOUTH_RIGHT,0.295509934425354,0.2900574505329132,0.19640792906284332,0.9963008165359497,0.9997921586036682,True,False,True,0.295509934425354,0.2900574505329132
2655,True,MOUTH_RIGHT,0.2976606786251068,0.26649320125579834,0.2259523868560791,0.995970606803894,0.9980080723762512,True,False,True,0.2976606786251068,0.26649320125579834
2656,True,MOUTH_RIGHT,0.3102514147758484,0.2611953914165497,0.24561373889446259,0.995862603187561,0.9990062117576599,True,False,True,0.3102514147758484,0.2611953914165497
2657,True,MOUTH_RIGHT,0.3174283504486084,0.2624911367893219,0.12175864726305008,0.9961108565330505,0.9998291730880737,True,False,True,0.3174283504486084,0.2624911367893219
2658,True,MOUTH_RIGHT,0.3267568051815033,0.2704659700393677,0.11818268150091171,0.996398389339447,0.999957799911499,True,False,True,0.3267568051815033,0.2704659700393677
2659,True,MOUTH_RIGHT,0.32876235246658325,0.2767898738384247,0.08685054630041122,0.9966434240341187,0.9999160766601562,True,False,True,0.32876235246658325,0.2767898738384247
2660,True,MOUTH_RIGHT,0.33333253860473633,0.29845869541168213,0.08604980260133743,0.9968768358230591,0.9999487400054932,True,False,True,0.33333253860473633,0.29845869541168213
2661,True,MOUTH_RIGHT,0.3330948054790497,0.31153959035873413,0.05900324881076813,0.9969732165336609,0.9999092817306519,True,False,True,0.3330948054790497,0.31153959035873413
2662,True,MOUTH_RIGHT,0.33525601029396057,0.3215551972389221,0.11466043442487717,0.9970376491546631,0.9999393224716187,True,False,True,0.33525601029396057,0.3215551972389221
2663,True,MOUTH_RIGHT,0.3361746072769165,0.33411943912506104,0.12948524951934814,0.9971321225166321,0.9998779296875,True,False,True,0.3361746072769165,0.33411943912506104
2664,True,MOUTH_RIGHT,0.3355480134487152,0.33899959921836853,0.16687512397766113,0.9973418116569519,0.9999288320541382,True,False,True,0.3355480134487152,0.33899959921836853
2665,True,MOUTH_RIGHT,0.3348744809627533,0.34595927596092224,0.10850805789232254,0.9973461627960205,0.9998067021369934,True,False,True,0.3348744809627533,0.34595927596092224
2666,True,MOUTH_RIGHT,0.31530603766441345,0.3521058261394501,-0.13890640437602997,0.9975760579109192,0.9998679161071777,True,False,True,0.31530603766441345,0.3521058261394501
2667,True,MOUTH_RIGHT,0.29707732796669006,0.34872356057167053,-0.25978437066078186,0.9977346062660217,0.9998056292533875,True,False,True,0.29707732796669006,0.34872356057167053
2668,True,MOUTH_RIGHT,0.2823488414287567,0.3450644016265869,-0.2553469240665436,0.9979557394981384,0.9999818801879883,True,False,True,0.2823488414287567,0.3450644016265869
2669,True,MOUTH_RIGHT,0.2732684016227722,0.34254831075668335,-0.3108617961406708,0.9981560111045837,0.9999901056289673,True,False,True,0.2732684016227722,0.34254831075668335
2670,True,MOUTH_RIGHT,0.26985645294189453,0.33888861536979675,-0.313122034072876,0.9983379244804382,0.9999884366989136,True,False,True,0.26985645294189453,0.33888861536979675
2671,True,MOUTH_RIGHT,0.2642802894115448,0.3301945626735687,-0.3689327836036682,0.9984996318817139,0.9999879598617554,True,False,True,0.2642802894115448,0.3301945626735687
2672,True,MOUTH_RIGHT,0.2601613402366638,0.31615012884140015,-0.3104928731918335,0.9986456036567688,0.9999773502349854,True,False,True,0.2601613402366638,0.31615012884140015
2673,True,MOUTH_RIGHT,0.2572024166584015,0.30395880341529846,-0.3412400484085083,0.9987769722938538,0.9999810457229614,True,False,True,0.2572024166584015,0.30395880341529846
2674,True,MOUTH_RIGHT,0.252365380525589,0.2939903736114502,-0.3804882764816284,0.99889075756073,0.9999778270721436,True,False,True,0.252365380525589,0.2939903736114502
2675,True,MOUTH_RIGHT,0.2467522919178009,0.2902114689350128,-0.3933041989803314,0.9989975690841675,0.9999812841415405,True,False,True,0.2467522919178009,0.2902114689350128
2676,True,MOUTH_RIGHT,0.24512726068496704,0.2876463830471039,-0.4122576117515564,0.9990898966789246,0.9999669790267944,True,False,True,0.24512726068496704,0.2876463830471039
2677,True,MOUTH_RIGHT,0.24182914197444916,0.28396934270858765,-0.3571282625198364,0.9991663098335266,0.999915361404419,True,False,True,0.24182914197444916,0.28396934270858765
2678,True,MOUTH_RIGHT,0.23777690529823303,0.2822449505329132,-0.33253228664398193,0.9992353916168213,0.9999305009841919,True,False,True,0.23777690529823303,0.2822449505329132
2679,True,MOUTH_RIGHT,0.2346312254667282,0.2840944230556488,-0.37287724018096924,0.9992930889129639,0.9999556541442871,True,False,True,0.2346312254667282,0.2840944230556488
2680,True,MOUTH_RIGHT,0.22996680438518524,0.28337129950523376,-0.386526882648468,0.9993226528167725,0.9999144077301025,True,False,True,0.22996680438518524,0.28337129950523376
2681,True,MOUTH_RIGHT,0.22627517580986023,0.28181442618370056,-0.3640890419483185,0.9993634223937988,0.9999344348907471,True,False,True,0.22627517580986023,0.28181442618370056
2682,True,MOUTH_RIGHT,0.2222013771533966,0.27958011627197266,-0.37494805455207825,0.9994099140167236,0.9999549388885498,True,False,True,0.2222013771533966,0.27958011627197266
2683,True,MOUTH_RIGHT,0.21866516768932343,0.2791211009025574,-0.3425162136554718,0.9994646906852722,0.9999840259552002,True,False,True,0.21866516768932343,0.2791211009025574
2684,True,MOUTH_RIGHT,0.2144029587507248,0.27796852588653564,-0.26310887932777405,0.9995056390762329,0.9999592304229736,True,False,True,0.2144029587507248,0.27796852588653564
2685,True,MOUTH_RIGHT,0.20840305089950562,0.2763521075248718,-0.2706802189350128,0.9995447397232056,0.9999639987945557,True,False,True,0.20840305089950562,0.2763521075248718
2686,True,MOUTH_RIGHT,0.20454441010951996,0.2775427997112274,-0.27298471331596375,0.9995718002319336,0.9999366998672485,True,False,True,0.20454441010951996,0.2775427997112274
2687,True,MOUTH_RIGHT,0.2019464671611786,0.2782074213027954,-0.30741220712661743,0.9995903372764587,0.9999314546585083,True,False,True,0.2019464671611786,0.2782074213027954
2688,True,MOUTH_RIGHT,0.19694264233112335,0.27865999937057495,-0.28529760241508484,0.9996216297149658,0.9999455213546753,True,False,True,0.19694264233112335,0.27865999937057495
2689,True,MOUTH_RIGHT,0.1920248568058014,0.2789759039878845,-0.287529319524765,0.9996505379676819,0.9999433755874634,True,False,True,0.1920248568058014,0.2789759039878845
2690,True,MOUTH_RIGHT,0.1848970204591751,0.2792623043060303,-0.2812942564487457,0.9996806383132935,0.9999599456787109,True,False,True,0.1848970204591751,0.2792623043060303
2691,True,MOUTH_RIGHT,0.17887750267982483,0.2791549861431122,-0.275560587644577,0.9997094869613647,0.9999707937240601,True,False,True,0.17887750267982483,0.2791549861431122
2692,True,MOUTH_RIGHT,0.17432504892349243,0.279266893863678,-0.33782345056533813,0.9997348785400391,0.9999723434448242,True,False,True,0.17432504892349243,0.279266893863678
2693,True,MOUTH_RIGHT,0.16974051296710968,0.27944156527519226,-0.3335787355899811,0.9997518658638,0.9999464750289917,True,False,True,0.16974051296710968,0.27944156527519226
2694,True,MOUTH_RIGHT,0.1640494167804718,0.2795301675796509,-0.3563971519470215,0.999765932559967,0.9999514818191528,True,False,True,0.1640494167804718,0.2795301675796509
2695,True,MOUTH_RIGHT,0.16206319630146027,0.2796187698841095,-0.4286484718322754,0.9997725486755371,0.9999369382858276,True,False,True,0.16206319630146027,0.2796187698841095
2696,True,MOUTH_RIGHT,0.15971535444259644,0.2770739197731018,-0.39093488454818726,0.9997866749763489,0.9999372959136963,True,False,True,0.15971535444259644,0.2770739197731018
2697,True,MOUTH_RIGHT,0.1592448651790619,0.27459192276000977,-0.5170643329620361,0.9998002648353577,0.9999450445175171,True,False,True,0.1592448651790619,0.27459192276000977
2698,True,MOUTH_RIGHT,0.1538558453321457,0.2662692368030548,-0.47764039039611816,0.9998172521591187,0.9999576807022095,True,False,True,0.1538558453321457,0.2662692368030548
2699,True,MOUTH_RIGHT,0.1550992876291275,0.26268118619918823,-0.4259226322174072,0.9998285174369812,0.9999125003814697,True,False,True,0.1550992876291275,0.26268118619918823
2700,True,MOUTH_RIGHT,0.15441785752773285,0.25662991404533386,-0.3748561143875122,0.9998406767845154,0.9997954964637756,True,False,True,0.15441785752773285,0.25662991404533386
2701,True,MOUTH_RIGHT,0.154892235994339,0.25249361991882324,-0.33207398653030396,0.9998534321784973,0.9998466968536377,True,False,True,0.154892235994339,0.25249361991882324
2702,True,MOUTH_RIGHT,0.15433791279792786,0.2527052164077759,-0.35034269094467163,0.9998663067817688,0.9998492002487183,True,False,True,0.15433791279792786,0.2527052164077759
2703,True,MOUTH_RIGHT,0.1539265513420105,0.2507143020629883,-0.35236915946006775,0.9998785853385925,0.9999008178710938,True,False,True,0.1539265513420105,0.2507143020629883
2704,True,MOUTH_RIGHT,0.15475676953792572,0.2489261031150818,-0.34888768196105957,0.9998884797096252,0.9998924732208252,True,False,True,0.15475676953792572,0.2489261031150818
2705,True,MOUTH_RIGHT,0.15455564856529236,0.24722683429718018,-0.2848065197467804,0.9998918771743774,0.9998300075531006,True,False,True,0.15455564856529236,0.24722683429718018
2706,True,MOUTH_RIGHT,0.15498024225234985,0.24748526513576508,-0.24787284433841705,0.9998924732208252,0.9998660087585449,True,False,True,0.15498024225234985,0.24748526513576508
2707,True,MOUTH_RIGHT,0.15585580468177795,0.24778613448143005,-0.2860274314880371,0.9998972415924072,0.9998739957809448,True,False,True,0.15585580468177795,0.24778613448143005
2708,True,MOUTH_RIGHT,0.15730109810829163,0.2485448122024536,-0.2586444318294525,0.9999039769172668,0.9999221563339233,True,False,True,0.15730109810829163,0.2485448122024536
2709,True,MOUTH_RIGHT,0.16267108917236328,0.2490336000919342,-0.28023380041122437,0.999906599521637,0.9998323917388916,True,False,True,0.16267108917236328,0.2490336000919342
2604,True,NOSE,0.2641763389110565,0.23055346310138702,-0.13367827236652374,0.9998219609260559,0.9999215602874756,True,False,True,0.2641763389110565,0.23055346310138702
2605,True,NOSE,0.27054914832115173,0.22899746894836426,-0.16179081797599792,0.999815046787262,0.9999086856842041,True,False,True,0.27054914832115173,0.22899746894836426
2606,True,NOSE,0.2702488303184509,0.22638218104839325,-0.16077293455600739,0.999821662902832,0.9999463558197021,True,False,True,0.2702488303184509,0.22638218104839325
2607,True,NOSE,0.2727966606616974,0.2271871417760849,-0.24518874287605286,0.9998117685317993,0.9999513626098633,True,False,True,0.2727966606616974,0.2271871417760849
2608,True,NOSE,0.27516552805900574,0.22703714668750763,-0.22453755140304565,0.9998192191123962,0.9999622106552124,True,False,True,0.27516552805900574,0.22703714668750763
2609,True,NOSE,0.275640070438385,0.2270035296678543,-0.1959473043680191,0.9998301267623901,0.999962568283081,True,False,True,0.275640070438385,0.2270035296678543
2610,True,NOSE,0.2795747220516205,0.22689010202884674,-0.19641155004501343,0.9998030066490173,0.9998518228530884,True,False,True,0.2795747220516205,0.22689010202884674
2611,True,NOSE,0.28259751200675964,0.22386224567890167,-0.2297772616147995,0.9997864365577698,0.9998704195022583,True,False,True,0.28259751200675964,0.22386224567890167
2612,True,NOSE,0.28845247626304626,0.22166647017002106,-0.26689639687538147,0.9997832179069519,0.9998753070831299,True,False,True,0.28845247626304626,0.22166647017002106
2613,True,NOSE,0.28812113404273987,0.22185839712619781,-0.23712162673473358,0.999786913394928,0.9998530149459839,True,False,True,0.28812113404273987,0.22185839712619781
2614,True,NOSE,0.2871491014957428,0.22269994020462036,-0.2335585355758667,0.9997496604919434,0.9995971322059631,True,False,True,0.2871491014957428,0.22269994020462036
2615,True,NOSE,0.2878477871417999,0.2227621227502823,-0.1942235678434372,0.9996439814567566,0.9991868138313293,True,False,True,0.2878477871417999,0.2227621227502823
2616,True,NOSE,0.2893655002117157,0.2239951491355896,-0.12035241723060608,0.999488890171051,0.9980927109718323,True,False,True,0.2893655002117157,0.2239951491355896
2617,True,NOSE,0.2928420901298523,0.22489482164382935,-0.13707567751407623,0.9993885159492493,0.9986639022827148,True,False,True,0.2928420901298523,0.22489482164382935
2618,True,NOSE,0.2958497703075409,0.2280048131942749,-0.14929039776325226,0.9993762373924255,0.9989632368087769,True,False,True,0.2958497703075409,0.2280048131942749
2619,True,NOSE,0.29681578278541565,0.22977766394615173,-0.17530430853366852,0.9991787075996399,0.9977403879165649,True,False,True,0.29681578278541565,0.22977766394615173
2620,True,NOSE,0.30009493231773376,0.22981587052345276,-0.23763060569763184,0.9990224838256836,0.9980297684669495,True,False,True,0.30009493231773376,0.22981587052345276
2621,True,NOSE,0.30513593554496765,0.2298172116279602,-0.28132158517837524,0.9988521337509155,0.99880051612854,True,False,True,0.30513593554496765,0.2298172116279602
2622,True,NOSE,0.30758991837501526,0.23221278190612793,-0.3300679624080658,0.998850405216217,0.9996777772903442,True,False,True,0.30758991837501526,0.23221278190612793
2623,True,NOSE,0.3105146884918213,0.2391575574874878,-0.3905460834503174,0.9988726377487183,0.9997240900993347,True,False,True,0.3105146884918213,0.2391575574874878
2624,True,NOSE,0.3229076862335205,0.24159280955791473,-0.3142762780189514,0.9989645481109619,0.9999133348464966,True,False,True,0.3229076862335205,0.24159280955791473
2625,True,NOSE,0.326311856508255,0.25082457065582275,-0.30818629264831543,0.999049961566925,0.9999277591705322,True,False,True,0.326311856508255,0.25082457065582275
2626,True,NOSE,0.33782780170440674,0.2595720589160919,-0.3208863139152527,0.9990947246551514,0.9998509883880615,True,False,True,0.33782780170440674,0.2595720589160919
2627,True,NOSE,0.34690240025520325,0.2737015187740326,-0.3444820046424866,0.9991143345832825,0.999715268611908,True,False,True,0.34690240025520325,0.2737015187740326
2628,True,NOSE,0.35392439365386963,0.2934377193450928,-0.3939787745475769,0.9991413354873657,0.9997777342796326,True,False,True,0.35392439365386963,0.2934377193450928
2629,True,NOSE,0.3660999834537506,0.307549387216568,-0.5186819434165955,0.9992148280143738,0.9999322891235352,True,False,True,0.3660999834537506,0.307549387216568
2630,True,NOSE,0.3732903301715851,0.32525768876075745,-0.6020653247833252,0.9992831945419312,0.9999585151672363,True,False,True,0.3732903301715851,0.32525768876075745
2631,True,NOSE,0.3762153387069702,0.3479677736759186,-0.6478871703147888,0.9993467330932617,0.999958872795105,True,False,True,0.3762153387069702,0.3479677736759186
2632,True,NOSE,0.38703012466430664,0.3630184531211853,-0.6089430451393127,0.999408483505249,0.9999656677246094,True,False,True,0.38703012466430664,0.3630184531211853
2633,True,NOSE,0.39391839504241943,0.3752870261669159,-0.6654050946235657,0.9994654059410095,0.9999861717224121,True,False,True,0.39391839504241943,0.3752870261669159
2634,True,NOSE,0.3972039222717285,0.39073890447616577,-0.6547584533691406,0.9995153546333313,0.9999744892120361,True,False,True,0.3972039222717285,0.39073890447616577
2635,True,NOSE,0.4080682694911957,0.3996804654598236,-0.34914228320121765,0.9995467662811279,0.9997974038124084,True,False,True,0.4080682694911957,0.3996804654598236
2636,True,NOSE,0.4020583927631378,0.4140433371067047,-0.22801247239112854,0.999586820602417,0.9999475479125977,True,False,True,0.4020583927631378,0.4140433371067047
2637,True,NOSE,0.40997597575187683,0.40523672103881836,-0.24781571328639984,0.999602735042572,0.9994086027145386,True,False,True,0.40997597575187683,0.40523672103881836
2638,True,NOSE,0.41351309418678284,0.39612796902656555,0.04980209097266197,0.9995343089103699,0.9996349811553955,True,False,True,0.41351309418678284,0.39612796902656555
2639,True,NOSE,0.4101073145866394,0.38831591606140137,0.06900857388973236,0.9992935657501221,0.9998113512992859,True,False,True,0.4101073145866394,0.38831591606140137
2640,True,NOSE,0.3713448941707611,0.389204740524292,0.2880500257015228,0.9993411898612976,0.9999948740005493,True,False,True,0.3713448941707611,0.389204740524292
2641,True,NOSE,0.33518004417419434,0.39019978046417236,0.2271224558353424,0.9993728995323181,0.9999833106994629,True,False,True,0.33518004417419434,0.39019978046417236
2642,True,NOSE,0.3195866048336029,0.3910449147224426,0.0604073628783226,0.9990082383155823,0.9998694658279419,True,False,True,0.3195866048336029,0.3910449147224426
2643,True,NOSE,0.31706702709198,0.39395907521247864,0.37456411123275757,0.9973394870758057,0.9998862743377686,True,False,True,0.31706702709198,0.39395907521247864
2644,True,NOSE,0.3174479901790619,0.3930104374885559,0.6665615439414978,0.9967901706695557,0.9999949932098389,True,False,True,0.3174479901790619,0.3930104374885559
2645,True,NOSE,0.3130747377872467,0.39248889684677124,0.7193063497543335,0.9957878589630127,0.9999517202377319,True,False,True,0.3130747377872467,0.39248889684677124
2646,True,NOSE,0.2999202609062195,0.38423046469688416,0.7125982046127319,0.9949591755867004,0.9999641180038452,True,False,True,0.2999202609062195,0.38423046469688416
2647,True,NOSE,0.2838711738586426,0.374739408493042,0.5297947525978088,0.9954558610916138,0.9999825954437256,True,False,True,0.2838711738586426,0.374739408493042
2648,True,NOSE,0.2724544405937195,0.36497464776039124,0.464536190032959,0.9958451390266418,0.9994518160820007,True,False,True,0.2724544405937195,0.36497464776039124
2649,True,NOSE,0.2778013050556183,0.34831351041793823,0.5244147777557373,0.9962512254714966,0.9999961853027344,True,False,True,0.2778013050556183,0.34831351041793823
2650,True,NOSE,0.2768736481666565,0.35337045788764954,0.4708549678325653,0.9966237545013428,0.9999940395355225,True,False,True,0.2768736481666565,0.35337045788764954
2651,True,NOSE,0.25949105620384216,0.31835731863975525,0.055966079235076904,0.9969601035118103,0.9999082088470459,True,False,True,0.25949105620384216,0.31835731863975525
2652,True,NOSE,0.2644316554069519,0.276018887758255,0.4218471348285675,0.997263491153717,0.9999961853027344,True,False,True,0.2644316554069519,0.276018887758255
2653,True,NOSE,0.27665120363235474,0.2716398537158966,0.38960903882980347,0.9975354671478271,0.9999712705612183,True,False,True,0.27665120363235474,0.2716398537158966
2654,True,NOSE,0.27963289618492126,0.28576526045799255,0.22270567715168,0.9976515173912048,0.99937903881073,True,False,True,0.27963289618492126,0.28576526045799255
2655,True,NOSE,0.28045427799224854,0.2532612383365631,0.2647649943828583,0.9976099729537964,0.9971501231193542,True,False,True,0.28045427799224854,0.2532612383365631
2656,True,NOSE,0.29696840047836304,0.25227218866348267,0.27935102581977844,0.9974663853645325,0.9983046054840088,True,False,True,0.29696840047836304,0.25227218866348267
2657,True,NOSE,0.3026279807090759,0.2549827992916107,0.1445087343454361,0.9974947571754456,0.9996069073677063,True,False,True,0.3026279807090759,0.2549827992916107
2658,True,NOSE,0.3139559328556061,0.2624637186527252,0.13962769508361816,0.997464656829834,0.9998363256454468,True,False,True,0.3139559328556061,0.2624637186527252
2659,True,NOSE,0.3173254728317261,0.26866576075553894,0.1050918772816658,0.9974439740180969,0.9997062087059021,True,False,True,0.3173254728317261,0.26866576075553894
2660,True,NOSE,0.3219546675682068,0.2932716906070709,0.10664431005716324,0.9976029992103577,0.9998414516448975,True,False,True,0.3219546675682068,0.2932716906070709
2661,True,NOSE,0.32269391417503357,0.30691292881965637,0.07778327912092209,0.9976176023483276,0.999671459197998,True,False,True,0.32269391417503357,0.30691292881965637
2662,True,NOSE,0.3237394094467163,0.31717926263809204,0.13638409972190857,0.9977045059204102,0.9998434782028198,True,False,True,0.3237394094467163,0.31717926263809204
2663,True,NOSE,0.3248571753501892,0.3281266689300537,0.15333878993988037,0.9977998733520508,0.9997754693031311,True,False,True,0.3248571753501892,0.3281266689300537
2664,True,NOSE,0.3254757225513458,0.33205318450927734,0.1661432981491089,0.99797123670578,0.9999192953109741,True,False,True,0.3254757225513458,0.33205318450927734
2665,True,NOSE,0.325315922498703,0.33780306577682495,0.09867684543132782,0.9980278611183167,0.9998551607131958,True,False,True,0.325315922498703,0.33780306577682495
2666,True,NOSE,0.30870193243026733,0.34389594197273254,-0.1974600851535797,0.9982113838195801,0.99985671043396,True,False,True,0.30870193243026733,0.34389594197273254
2667,True,NOSE,0.28930094838142395,0.3405736982822418,-0.32256418466567993,0.9983377456665039,0.9995717406272888,True,False,True,0.28930094838142395,0.3405736982822418
2668,True,NOSE,0.2734675705432892,0.33654606342315674,-0.3220286965370178,0.9985001683235168,0.9999572038650513,True,False,True,0.2734675705432892,0.33654606342315674
2669,True,NOSE,0.26436662673950195,0.33426207304000854,-0.3814779818058014,0.9986469149589539,0.9999790191650391,True,False,True,0.26436662673950195,0.33426207304000854
2670,True,NOSE,0.2612590193748474,0.3297208249568939,-0.3839379847049713,0.9987806081771851,0.9999780654907227,True,False,True,0.2612590193748474,0.3297208249568939
2671,True,NOSE,0.255124032497406,0.32068198919296265,-0.4399986267089844,0.9988996982574463,0.9999749660491943,True,False,True,0.255124032497406,0.32068198919296265
2672,True,NOSE,0.25123679637908936,0.30677926540374756,-0.3778102695941925,0.9990072846412659,0.9999517202377319,True,False,True,0.25123679637908936,0.30677926540374756
2673,True,NOSE,0.24959485232830048,0.2945994436740875,-0.4134562015533447,0.9991040825843811,0.9999662637710571,True,False,True,0.24959485232830048,0.2945994436740875
2674,True,NOSE,0.24481116235256195,0.28436753153800964,-0.45549431443214417,0.9991879463195801,0.9999558925628662,True,False,True,0.24481116235256195,0.28436753153800964
2675,True,NOSE,0.23981082439422607,0.28157609701156616,-0.47167298197746277,0.9992664456367493,0.9999699592590332,True,False,True,0.23981082439422607,0.28157609701156616
2676,True,NOSE,0.2383430451154709,0.279374897480011,-0.4922325909137726,0.9993342161178589,0.9999394416809082,True,False,True,0.2383430451154709,0.279374897480011
2677,True,NOSE,0.23565417528152466,0.276025652885437,-0.43347564339637756,0.9993919134140015,0.9998461008071899,True,False,True,0.23565417528152466,0.276025652885437
2678,True,NOSE,0.2322884351015091,0.2748323082923889,-0.3999282717704773,0.9994429349899292,0.9998594522476196,True,False,True,0.2322884351015091,0.2748323082923889
2679,True,NOSE,0.23012012243270874,0.27680596709251404,-0.4561222791671753,0.9994856119155884,0.9999154806137085,True,False,True,0.23012012243270874,0.27680596709251404
2680,True,NOSE,0.22541965544223785,0.2763037085533142,-0.46893447637557983,0.9995091557502747,0.9998373985290527,True,False,True,0.22541965544223785,0.2763037085533142
2681,True,NOSE,0.2220291793346405,0.2745267450809479,-0.44486990571022034,0.9995338320732117,0.9998795986175537,True,False,True,0.2220291793346405,0.2745267450809479
2682,True,NOSE,0.2181844264268875,0.2723280191421509,-0.45713189244270325,0.9995614290237427,0.9998695850372314,True,False,True,0.2181844264268875,0.2723280191421509
2683,True,NOSE,0.21571987867355347,0.27194851636886597,-0.43036964535713196,0.9996018409729004,0.9999661445617676,True,False,True,0.21571987867355347,0.27194851636886597
2684,True,NOSE,0.21093814074993134,0.2706619203090668,-0.34291571378707886,0.9996326565742493,0.999914288520813,True,False,True,0.21093814074993134,0.2706619203090668
2685,True,NOSE,0.20542514324188232,0.2682548463344574,-0.34994882345199585,0.9996618032455444,0.999914288520813,True,False,True,0.20542514324188232,0.2682548463344574
2686,True,NOSE,0.2013145238161087,0.26953065395355225,-0.3521197736263275,0.9996827244758606,0.999863862991333,True,False,True,0.2013145238161087,0.26953065395355225
2687,True,NOSE,0.19944678246974945,0.2701494097709656,-0.38772115111351013,0.9996960163116455,0.999821126461029,True,False,True,0.19944678246974945,0.2701494097709656
2688,True,NOSE,0.1952919214963913,0.2707494795322418,-0.3626454174518585,0.9997193813323975,0.9998921155929565,True,False,True,0.1952919214963913,0.2707494795322418
2689,True,NOSE,0.19103358685970306,0.2708607614040375,-0.3639972507953644,0.9997411966323853,0.9998854398727417,True,False,True,0.19103358685970306,0.2708607614040375
2690,True,NOSE,0.18455591797828674,0.27119845151901245,-0.35646289587020874,0.9997634887695312,0.9999195337295532,True,False,True,0.18455591797828674,0.27119845151901245
2691,True,NOSE,0.17903228104114532,0.27096426486968994,-0.3507953882217407,0.9997852444648743,0.9999560117721558,True,False,True,0.17903228104114532,0.27096426486968994
2692,True,NOSE,0.17510615289211273,0.271243155002594,-0.4139363169670105,0.9998039603233337,0.9999451637268066,True,False,True,0.17510615289211273,0.271243155002594
2693,True,NOSE,0.17027877271175385,0.2718818187713623,-0.410479336977005,0.9998168349266052,0.9999028444290161,True,False,True,0.17027877271175385,0.2718818187713623
2694,True,NOSE,0.16448365151882172,0.27219873666763306,-0.4338565766811371,0.9998272657394409,0.9998965263366699,True,False,True,0.16448365151882172,0.27219873666763306
2695,True,NOSE,0.16260142624378204,0.27228835225105286,-0.5097290873527527,0.9998338222503662,0.9998651742935181,True,False,True,0.16260142624378204,0.27228835225105286
2696,True,NOSE,0.16023075580596924,0.27003014087677,-0.46874305605888367,0.9998460412025452,0.9998847246170044,True,False,True,0.16023075580596924,0.27003014087677
2697,True,NOSE,0.16026073694229126,0.2669488787651062,-0.5999350547790527,0.9998571276664734,0.9999001026153564,True,False,True,0.16026073694229126,0.2669488787651062
2698,True,NOSE,0.1539493352174759,0.25867921113967896,-0.5564079880714417,0.9998698234558105,0.9999374151229858,True,False,True,0.1539493352174759,0.25867921113967896
2699,True,NOSE,0.15545344352722168,0.25451499223709106,-0.5045352578163147,0.9998782873153687,0.9998185038566589,True,False,True,0.15545344352722168,0.25451499223709106
2700,True,NOSE,0.15539368987083435,0.24648617208003998,-0.4522192180156708,0.9998860955238342,0.9995759129524231,True,False,True,0.15539368987083435,0.24648617208003998
2701,True,NOSE,0.15651042759418488,0.24134193360805511,-0.40943536162376404,0.9998953342437744,0.9997389912605286,True,False,True,0.15651042759418488,0.24134193360805511
2702,True,NOSE,0.15562905371189117,0.24169278144836426,-0.42562273144721985,0.9999043345451355,0.9997197985649109,True,False,True,0.15562905371189117,0.24169278144836426
2703,True,NOSE,0.15497080981731415,0.239235520362854,-0.4289970397949219,0.999913215637207,0.9998218417167664,True,False,True,0.15497080981731415,0.239235520362854
2704,True,NOSE,0.1554657369852066,0.2371966689825058,-0.42457419633865356,0.999920666217804,0.9997738003730774,True,False,True,0.1554657369852066,0.2371966689825058
2705,True,NOSE,0.15496568381786346,0.23570828139781952,-0.3579249978065491,0.9999241828918457,0.9996335506439209,True,False,True,0.15496568381786346,0.23570828139781952
2706,True,NOSE,0.15544791519641876,0.23630425333976746,-0.3190461993217468,0.9999259114265442,0.9997356534004211,True,False,True,0.15544791519641876,0.23630425333976746
2707,True,NOSE,0.15671132504940033,0.23652727901935577,-0.36012348532676697,0.9999297857284546,0.9997827410697937,True,False,True,0.15671132504940033,0.23652727901935577
2708,True,NOSE,0.1579030156135559,0.23747985064983368,-0.331576406955719,0.9999345541000366,0.9998630285263062,True,False,True,0.1579030156135559,0.23747985064983368
2709,True,NOSE,0.16367363929748535,0.2386280745267868,-0.3545646369457245,0.9999375343322754,0.9997414946556091,True,False,True,0.16367363929748535,0.2386280745267868
2604,True,RIGHT_ANKLE,0.24805501103401184,0.7778951525688171,-0.24705623090267181,0.9987419247627258,0.998725950717926,True,False,True,0.24805501103401184,0.7778951525688171
2605,True,RIGHT_ANKLE,0.24841636419296265,0.7780079245567322,-0.08927331864833832,0.998563826084137,0.9970065951347351,True,False,True,0.24841636419296265,0.7780079245567322
2606,True,RIGHT_ANKLE,0.24930262565612793,0.7771806120872498,-0.14165814220905304,0.9984650611877441,0.9972756505012512,True,False,True,0.24930262565612793,0.7771806120872498
2607,True,RIGHT_ANKLE,0.25006401538848877,0.7772745490074158,-0.12118301540613174,0.9983720183372498,0.997835099697113,True,False,True,0.25006401538848877,0.7772745490074158
2608,True,RIGHT_ANKLE,0.2510488033294678,0.7772584557533264,-0.1713712364435196,0.9983263611793518,0.9974998831748962,True,False,True,0.2510488033294678,0.7772584557533264
2609,True,RIGHT_ANKLE,0.2528279721736908,0.7775492072105408,-0.17756007611751556,0.9982535243034363,0.996847927570343,True,False,True,0.2528279721736908,0.7775492072105408
2610,True,RIGHT_ANKLE,0.25344201922416687,0.7775022983551025,-0.15119235217571259,0.9980847835540771,0.9934031367301941,True,False,True,0.25344201922416687,0.7775022983551025
2611,True,RIGHT_ANKLE,0.25372740626335144,0.7780038118362427,-0.1503940224647522,0.9977059960365295,0.9917833805084229,True,False,True,0.25372740626335144,0.7780038118362427
2612,True,RIGHT_ANKLE,0.2539443373680115,0.7778849601745605,-0.09585032612085342,0.9972059726715088,0.9925770163536072,True,False,True,0.2539443373680115,0.7778849601745605
2613,True,RIGHT_ANKLE,0.2537330090999603,0.7778019309043884,-0.12346293032169342,0.9967008829116821,0.989540159702301,True,False,True,0.2537330090999603,0.7778019309043884
2614,True,RIGHT_ANKLE,0.25384870171546936,0.7787534594535828,-0.11055774986743927,0.9959486722946167,0.9898081421852112,True,False,True,0.25384870171546936,0.7787534594535828
2615,True,RIGHT_ANKLE,0.2536601126194,0.7782769799232483,-0.03397417068481445,0.9945337176322937,0.9876285791397095,True,False,True,0.2536601126194,0.7782769799232483
2616,True,RIGHT_ANKLE,0.25382742285728455,0.7790138721466064,-0.045468658208847046,0.9926061630249023,0.9858856201171875,True,False,True,0.25382742285728455,0.7790138721466064
2617,True,RIGHT_ANKLE,0.25365638732910156,0.779315173625946,-0.04416462779045105,0.9911834001541138,0.9809611439704895,True,False,True,0.25365638732910156,0.779315173625946
2618,True,RIGHT_ANKLE,0.25381115078926086,0.7783482074737549,-0.028993753716349602,0.989038348197937,0.9887871146202087,True,False,True,0.25381115078926086,0.7783482074737549
2619,True,RIGHT_ANKLE,0.2539287805557251,0.7767687439918518,0.0059052035212516785,0.9869667887687683,0.9910765886306763,True,False,True,0.2539287805557251,0.7767687439918518
2620,True,RIGHT_ANKLE,0.25432538986206055,0.776750385761261,-0.03880520537495613,0.9872395396232605,0.9953007698059082,True,False,True,0.25432538986206055,0.776750385761261
2621,True,RIGHT_ANKLE,0.25468945503234863,0.7769820094108582,-0.10724662244319916,0.9872491955757141,0.9978362917900085,True,False,True,0.25468945503234863,0.7769820094108582
2622,True,RIGHT_ANKLE,0.25492724776268005,0.7776350378990173,-0.1978614330291748,0.9874767661094666,0.9992951154708862,True,False,True,0.25492724776268005,0.7776350378990173
2623,True,RIGHT_ANKLE,0.2552865743637085,0.7782304286956787,-0.22687599062919617,0.9880030751228333,0.99960857629776,True,False,True,0.2552865743637085,0.7782304286956787
2624,True,RIGHT_ANKLE,0.2556222379207611,0.7782479524612427,-0.2398676574230194,0.9881817102432251,0.99969482421875,True,False,True,0.2556222379207611,0.7782479524612427
2625,True,RIGHT_ANKLE,0.25610917806625366,0.7787026762962341,-0.22446204721927643,0.988455057144165,0.999731719493866,True,False,True,0.25610917806625366,0.7787026762962341
2626,True,RIGHT_ANKLE,0.2572571337223053,0.7786832451820374,-0.2043006867170334,0.9879989624023438,0.999664306640625,True,False,True,0.2572571337223053,0.7786832451820374
2627,True,RIGHT_ANKLE,0.25851738452911377,0.7783306837081909,-0.19228148460388184,0.9877967834472656,0.999670147895813,True,False,True,0.25851738452911377,0.7783306837081909
2628,True,RIGHT_ANKLE,0.25859126448631287,0.778774619102478,-0.1882530152797699,0.9862192869186401,0.9990617632865906,True,False,True,0.25859126448631287,0.778774619102478
2629,True,RIGHT_ANKLE,0.25855809450149536,0.7788506150245667,-0.12066995352506638,0.9845486283302307,0.9977578520774841,True,False,True,0.25855809450149536,0.7788506150245667
2630,True,RIGHT_ANKLE,0.2611459195613861,0.7784741520881653,-0.1355583816766739,0.9824766516685486,0.998090922832489,True,False,True,0.2611459195613861,0.7784741520881653
2631,True,RIGHT_ANKLE,0.2637670934200287,0.7776326537132263,-0.18586304783821106,0.9829386472702026,0.9992843270301819,True,False,True,0.2637670934200287,0.7776326537132263
2632,True,RIGHT_ANKLE,0.4621273875236511,0.7716382741928101,-0.2750636339187622,0.9844033718109131,0.9997288584709167,True,False,True,0.4621273875236511,0.7716382741928101
2633,True,RIGHT_ANKLE,0.313541054725647,0.7719363570213318,-0.2283042073249817,0.9845978617668152,0.9989379048347473,True,False,True,0.313541054725647,0.7719363570213318
2634,True,RIGHT_ANKLE,0.27933916449546814,0.7740641236305237,-0.16329649090766907,0.9854543209075928,0.9990494847297668,True,False,True,0.27933916449546814,0.7740641236305237
2635,True,RIGHT_ANKLE,0.2749598026275635,0.7758788466453552,0.03618249669671059,0.986096978187561,0.999496579170227,True,False,True,0.2749598026275635,0.7758788466453552
2636,True,RIGHT_ANKLE,0.2761879861354828,0.777053952217102,-0.045272231101989746,0.9871102571487427,0.9998341798782349,True,False,True,0.2761879861354828,0.777053952217102
2637,True,RIGHT_ANKLE,0.2771328091621399,0.7786757349967957,0.23749573528766632,0.9837331175804138,0.9983092546463013,True,False,True,0.2771328091621399,0.7786757349967957
2638,True,RIGHT_ANKLE,0.2896389961242676,0.7794056534767151,0.2634793817996979,0.9632250666618347,0.9984544515609741,True,False,True,0.2896389961242676,0.7794056534767151
2639,True,RIGHT_ANKLE,0.3094969391822815,0.7872601747512817,-0.3048737943172455,0.9472309350967407,0.9995083808898926,True,False,True,0.3094969391822815,0.7872601747512817
2640,True,RIGHT_ANKLE,0.326295405626297,0.7844377160072327,-0.20080697536468506,0.9444025754928589,0.9999692440032959,True,False,True,0.326295405626297,0.7844377160072327
2641,True,RIGHT_ANKLE,0.35975638031959534,0.8005696535110474,-0.14557956159114838,0.9485584497451782,0.9996597766876221,True,False,True,0.35975638031959534,0.8005696535110474
2642,True,RIGHT_ANKLE,0.36213696002960205,0.7941088080406189,0.06887372583150864,0.9493421912193298,0.9996131062507629,True,False,True,0.36213696002960205,0.7941088080406189
2643,True,RIGHT_ANKLE,0.3863728642463684,0.7539569139480591,-0.3308713436126709,0.9450586438179016,0.9996874332427979,True,False,True,0.3863728642463684,0.7539569139480591
2644,True,RIGHT_ANKLE,0.39390045404434204,0.7488671541213989,-0.10233723372220993,0.9466931223869324,0.9999276399612427,True,False,True,0.39390045404434204,0.7488671541213989
2645,True,RIGHT_ANKLE,0.41952216625213623,0.7430863380432129,-0.06288300454616547,0.9510571956634521,0.9997969269752502,True,False,True,0.41952216625213623,0.7430863380432129
2646,True,RIGHT_ANKLE,0.44921964406967163,0.7228947877883911,-0.05857938528060913,0.9374035596847534,0.9989240765571594,True,False,True,0.44921964406967163,0.7228947877883911
2647,True,RIGHT_ANKLE,0.4921931326389313,0.6338653564453125,0.28166908025741577,0.8926372528076172,0.9965596795082092,True,False,True,0.4921931326389313,0.6338653564453125
2648,True,RIGHT_ANKLE,0.5876651406288147,0.5603046417236328,0.389706552028656,0.8795995116233826,0.9802959561347961,True,False,True,0.5876651406288147,0.5603046417236328
2649,True,RIGHT_ANKLE,0.654155433177948,0.5165179371833801,0.21891559660434723,0.8895277976989746,0.9998168349266052,True,False,True,0.654155433177948,0.5165179371833801
2650,True,RIGHT_ANKLE,0.7178325057029724,0.4639051854610443,-0.07147661596536636,0.9000501036643982,0.9997840523719788,True,False,True,0.7178325057029724,0.4639051854610443
2651,True,RIGHT_ANKLE,0.7503180503845215,0.4350550174713135,0.138911172747612,0.9098878502845764,0.9998218417167664,True,False,True,0.7503180503845215,0.4350550174713135
2652,True,RIGHT_ANKLE,0.7740995287895203,0.43696290254592896,0.011665629222989082,0.9183470606803894,0.9998857975006104,True,False,True,0.7740995287895203,0.43696290254592896
2653,True,RIGHT_ANKLE,0.7790803909301758,0.44226574897766113,0.0652802363038063,0.9258478283882141,0.9997760653495789,True,False,True,0.7790803909301758,0.44226574897766113
2654,True,RIGHT_ANKLE,0.7658852934837341,0.4572122097015381,0.1606181561946869,0.9308347702026367,0.998872697353363,True,False,True,0.7658852934837341,0.4572122097015381
2655,True,RIGHT_ANKLE,0.7198202610015869,0.4946806728839874,0.4750923216342926,0.931410014629364,0.9916561841964722,True,False,True,0.7198202610015869,0.4946806728839874
2656,True,RIGHT_ANKLE,0.6194269061088562,0.5101363062858582,0.7142805457115173,0.898763120174408,0.9900832176208496,True,False,True,0.6194269061088562,0.5101363062858582
2657,True,RIGHT_ANKLE,0.5098080039024353,0.5040919780731201,0.7871148586273193,0.8219463229179382,0.9977618455886841,True,False,True,0.5098080039024353,0.5040919780731201
2658,True,RIGHT_ANKLE,0.43134722113609314,0.4739394783973694,0.838353157043457,0.759136974811554,0.9998136162757874,True,False,True,0.43134722113609314,0.4739394783973694
2659,True,RIGHT_ANKLE,0.38948312401771545,0.48373571038246155,0.8291243314743042,0.6948386430740356,0.9995552897453308,True,False,True,0.38948312401771545,0.48373571038246155
2660,True,RIGHT_ANKLE,0.27003321051597595,0.5652481913566589,0.7085976600646973,0.7202760577201843,0.999852180480957,True,False,True,0.27003321051597595,0.5652481913566589
2661,True,RIGHT_ANKLE,0.2219187617301941,0.6061605215072632,0.45591306686401367,0.7449389696121216,0.9997413754463196,True,False,True,0.2219187617301941,0.6061605215072632
2662,True,RIGHT_ANKLE,0.2000693380832672,0.6355447173118591,0.19263629615306854,0.7692134380340576,0.9998676776885986,True,False,True,0.2000693380832672,0.6355447173118591
2663,True,RIGHT_ANKLE,0.19870029389858246,0.6755462288856506,-0.09808678179979324,0.7909550070762634,0.9997722506523132,True,False,True,0.19870029389858246,0.6755462288856506
2664,True,RIGHT_ANKLE,0.21260258555412292,0.7119999527931213,-0.15390850603580475,0.8107215762138367,0.9998310804367065,True,False,True,0.21260258555412292,0.7119999527931213
2665,True,RIGHT_ANKLE,0.22407802939414978,0.7360184788703918,-0.23183390498161316,0.8290913701057434,0.9998565912246704,True,False,True,0.22407802939414978,0.7360184788703918
2666,True,RIGHT_ANKLE,0.2502233386039734,0.7750906348228455,-0.19790710508823395,0.8455363512039185,0.9998725652694702,True,False,True,0.2502233386039734,0.7750906348228455
2667,True,RIGHT_ANKLE,0.26997804641723633,0.7705233097076416,-0.0067351581528782845,0.8607090711593628,0.9999575614929199,True,False,True,0.26997804641723633,0.7705233097076416
2668,True,RIGHT_ANKLE,0.2706320881843567,0.7731067538261414,-0.2114323377609253,0.8744466304779053,0.9999743700027466,True,False,True,0.2706320881843567,0.7731067538261414
2669,True,RIGHT_ANKLE,0.27187207341194153,0.7744797468185425,-0.14801643788814545,0.8868564963340759,0.9999779462814331,True,False,True,0.27187207341194153,0.7744797468185425
2670,True,RIGHT_ANKLE,0.2708679735660553,0.7762272357940674,-0.1080784797668457,0.8979447484016418,0.9999696016311646,True,False,True,0.2708679735660553,0.7762272357940674
2671,True,RIGHT_ANKLE,0.26963552832603455,0.779698371887207,-0.048026297241449356,0.9079110026359558,0.9999616146087646,True,False,True,0.26963552832603455,0.779698371887207
2672,True,RIGHT_ANKLE,0.26745983958244324,0.7771763801574707,-0.006411704700440168,0.9168756008148193,0.9999608993530273,True,False,True,0.26745983958244324,0.7771763801574707
2673,True,RIGHT_ANKLE,0.2686760723590851,0.7786540985107422,-0.005778574850410223,0.9247757196426392,0.9999406337738037,True,False,True,0.2686760723590851,0.7786540985107422
2674,True,RIGHT_ANKLE,0.26957690715789795,0.7812050580978394,-0.05031661316752434,0.9315707087516785,0.999901294708252,True,False,True,0.26957690715789795,0.7812050580978394
2675,True,RIGHT_ANKLE,0.26905563473701477,0.7795585989952087,-0.09495225548744202,0.9379259943962097,0.9999481439590454,True,False,True,0.26905563473701477,0.7795585989952087
2676,True,RIGHT_ANKLE,0.265484094619751,0.778240978717804,-0.10600599646568298,0.9431723952293396,0.9999176263809204,True,False,True,0.265484094619751,0.778240978717804
2677,True,RIGHT_ANKLE,0.2667645514011383,0.7730790376663208,0.03845485672354698,0.9393619894981384,0.9989424347877502,True,False,True,0.2667645514011383,0.7730790376663208
2678,True,RIGHT_ANKLE,0.2673068940639496,0.7712332010269165,0.05914974957704544,0.9254938960075378,0.9986804127693176,True,False,True,0.2673068940639496,0.7712332010269165
2679,True,RIGHT_ANKLE,0.2679789960384369,0.7697213888168335,0.09916900098323822,0.8971949219703674,0.9970510005950928,True,False,True,0.2679789960384369,0.7697213888168335
2680,True,RIGHT_ANKLE,0.26389965415000916,0.7674415707588196,0.08729430288076401,0.8717157244682312,0.9970337152481079,True,False,True,0.26389965415000916,0.7674415707588196
2681,True,RIGHT_ANKLE,0.25890105962753296,0.7668819427490234,0.08253021538257599,0.8519527316093445,0.9962108135223389,True,False,True,0.25890105962753296,0.7668819427490234
2682,True,RIGHT_ANKLE,0.25413528084754944,0.7652743458747864,0.16666463017463684,0.8573032021522522,0.9988164901733398,True,False,True,0.25413528084754944,0.7652743458747864
2683,True,RIGHT_ANKLE,0.25461095571517944,0.7698066234588623,0.15320269763469696,0.865795373916626,0.9995273351669312,True,False,True,0.25461095571517944,0.7698066234588623
2684,True,RIGHT_ANKLE,0.2585744857788086,0.7733325958251953,0.07970241457223892,0.8667891025543213,0.9995195865631104,True,False,True,0.2585744857788086,0.7733325958251953
2685,True,RIGHT_ANKLE,0.26271530985832214,0.7765835523605347,0.08779500424861908,0.8707122206687927,0.9995145797729492,True,False,True,0.26271530985832214,0.7765835523605347
2686,True,RIGHT_ANKLE,0.26484251022338867,0.7769204378128052,0.1030469685792923,0.8739086389541626,0.9995984435081482,True,False,True,0.26484251022338867,0.7769204378128052
2687,True,RIGHT_ANKLE,0.2674166262149811,0.7757904529571533,0.10179699212312698,0.8785455822944641,0.9995570778846741,True,False,True,0.2674166262149811,0.7757904529571533
2688,True,RIGHT_ANKLE,0.2699005901813507,0.7755916714668274,0.1189410388469696,0.8786020278930664,0.9995220899581909,True,False,True,0.2699005901813507,0.7755916714668274
2689,True,RIGHT_ANKLE,0.27049675583839417,0.7753288745880127,0.2041856348514557,0.8811376094818115,0.9995880722999573,True,False,True,0.27049675583839417,0.7753288745880127
2690,True,RIGHT_ANKLE,0.27050670981407166,0.7748076319694519,0.21282188594341278,0.8879111409187317,0.99972003698349,True,False,True,0.27050670981407166,0.7748076319694519
2691,True,RIGHT_ANKLE,0.27049651741981506,0.7744446396827698,0.22320881485939026,0.8860660195350647,0.9996218681335449,True,False,True,0.27049651741981506,0.7744446396827698
2692,True,RIGHT_ANKLE,0.26887544989585876,0.7721644043922424,0.1868300884962082,0.8923740983009338,0.9996172189712524,True,False,True,0.26887544989585876,0.7721644043922424
2693,True,RIGHT_ANKLE,0.2675681412220001,0.7705104351043701,0.1808227151632309,0.8904088139533997,0.9994606375694275,True,False,True,0.2675681412220001,0.7705104351043701
2694,True,RIGHT_ANKLE,0.26497480273246765,0.7690193057060242,0.13063021004199982,0.8928347826004028,0.9994879961013794,True,False,True,0.26497480273246765,0.7690193057060242
2695,True,RIGHT_ANKLE,0.25762447714805603,0.7613516449928284,0.128447487950325,0.8985753655433655,0.9995494484901428,True,False,True,0.25762447714805603,0.7613516449928284
2696,True,RIGHT_ANKLE,0.24639733135700226,0.7521525025367737,0.1524760127067566,0.9040274024009705,0.9995936751365662,True,False,True,0.24639733135700226,0.7521525025367737
2697,True,RIGHT_ANKLE,0.23921005427837372,0.7395113706588745,0.2542545795440674,0.9064999222755432,0.9992570281028748,True,False,True,0.23921005427837372,0.7395113706588745
2698,True,RIGHT_ANKLE,0.2317890226840973,0.7352635860443115,0.27635350823402405,0.9092244505882263,0.9990008473396301,True,False,True,0.2317890226840973,0.7352635860443115
2699,True,RIGHT_ANKLE,0.2236003577709198,0.7239916920661926,0.43710777163505554,0.9041582942008972,0.9987115859985352,True,False,True,0.2236003577709198,0.7239916920661926
2700,True,RIGHT_ANKLE,0.19484129548072815,0.7263535261154175,0.49268385767936707,0.8882105350494385,0.9961431622505188,True,False,True,0.19484129548072815,0.7263535261154175
2701,True,RIGHT_ANKLE,0.1808362603187561,0.7312091588973999,0.4191439747810364,0.8822895884513855,0.9981783628463745,True,False,True,0.1808362603187561,0.7312091588973999
2702,True,RIGHT_ANKLE,0.16815809905529022,0.7338310480117798,0.4608458876609802,0.883124828338623,0.9985207915306091,True,False,True,0.16815809905529022,0.7338310480117798
2703,True,RIGHT_ANKLE,0.15765312314033508,0.7357050776481628,0.4296439290046692,0.8929153680801392,0.9995483756065369,True,False,True,0.15765312314033508,0.7357050776481628
2704,True,RIGHT_ANKLE,0.14136993885040283,0.7437227964401245,0.2658972144126892,0.9019097089767456,0.9996315240859985,True,False,True,0.14136993885040283,0.7437227964401245
2705,True,RIGHT_ANKLE,0.12520214915275574,0.7568842172622681,0.1248985081911087,0.910024881362915,0.9995680451393127,True,False,True,0.12520214915275574,0.7568842172622681
2706,True,RIGHT_ANKLE,0.11607913672924042,0.7668074369430542,0.07978685945272446,0.917324960231781,0.9992389678955078,True,False,True,0.11607913672924042,0.7668074369430542
2707,True,RIGHT_ANKLE,0.10736801475286484,0.7725179195404053,0.10496898740530014,0.9240500330924988,0.999167799949646,True,False,True,0.10736801475286484,0.7725179195404053
2708,True,RIGHT_ANKLE,0.09541383385658264,0.7784891724586487,0.04853439703583717,0.9296689033508301,0.9988627433776855,True,False,True,0.09541383385658264,0.7784891724586487
2709,True,RIGHT_ANKLE,0.09311751276254654,0.7796172499656677,0.11340978741645813,0.9349269866943359,0.9980925917625427,True,False,True,0.09311751276254654,0.7796172499656677
2604,True,RIGHT_EAR,0.23051494359970093,0.21985584497451782,-0.20225097239017487,0.9996476173400879,0.9998641014099121,True,False,True,0.23051494359970093,0.21985584497451782
2605,True,RIGHT_EAR,0.23193298280239105,0.21874412894248962,-0.21132659912109375,0.9996161460876465,0.999757707118988,True,False,True,0.23193298280239105,0.21874412894248962
2606,True,RIGHT_EAR,0.23162204027175903,0.21827583014965057,-0.20482151210308075,0.9996362924575806,0.9999309778213501,True,False,True,0.23162204027175903,0.21827583014965057
2607,True,RIGHT_EAR,0.23366732895374298,0.22100630402565002,-0.2691127061843872,0.9996395707130432,0.9999473094940186,True,False,True,0.23366732895374298,0.22100630402565002
2608,True,RIGHT_EAR,0.23639559745788574,0.2213457077741623,-0.22596603631973267,0.9996651411056519,0.9999610185623169,True,False,True,0.23639559745788574,0.2213457077741623
2609,True,RIGHT_EAR,0.2380252480506897,0.22132979333400726,-0.21423102915287018,0.999692440032959,0.9999517202377319,True,False,True,0.2380252480506897,0.22132979333400726
2610,True,RIGHT_EAR,0.24319496750831604,0.22151201963424683,-0.22450867295265198,0.9996849298477173,0.9998960494995117,True,False,True,0.24319496750831604,0.22151201963424683
2611,True,RIGHT_EAR,0.247050479054451,0.21952083706855774,-0.23412689566612244,0.9996791481971741,0.9998517036437988,True,False,True,0.247050479054451,0.21952083706855774
2612,True,RIGHT_EAR,0.25191643834114075,0.21621334552764893,-0.2551637589931488,0.999675452709198,0.9997923970222473,True,False,True,0.25191643834114075,0.21621334552764893
2613,True,RIGHT_EAR,0.2519138753414154,0.21554042398929596,-0.22135841846466064,0.9996814727783203,0.9996763467788696,True,False,True,0.2519138753414154,0.21554042398929596
2614,True,RIGHT_EAR,0.2511715292930603,0.21560803055763245,-0.21925003826618195,0.9996181130409241,0.9992682337760925,True,False,True,0.2511715292930603,0.21560803055763245
2615,True,RIGHT_EAR,0.2529204189777374,0.21520034968852997,-0.20960284769535065,0.9994254112243652,0.9985029697418213,True,False,True,0.2529204189777374,0.21520034968852997
2616,True,RIGHT_EAR,0.2541934847831726,0.21505941450595856,-0.18043789267539978,0.9990841150283813,0.9970000386238098,True,False,True,0.2541934847831726,0.21505941450595856
2617,True,RIGHT_EAR,0.2584086060523987,0.21486824750900269,-0.18592742085456848,0.9988091588020325,0.997081458568573,True,False,True,0.2584086060523987,0.21486824750900269
2618,True,RIGHT_EAR,0.26031801104545593,0.2155701071023941,-0.1907515823841095,0.9988090991973877,0.9985930323600769,True,False,True,0.26031801104545593,0.2155701071023941
2619,True,RIGHT_EAR,0.26177409291267395,0.21644757688045502,-0.19835734367370605,0.9984942078590393,0.9967394471168518,True,False,True,0.26177409291267395,0.21644757688045502
2620,True,RIGHT_EAR,0.26570260524749756,0.21652010083198547,-0.2551426887512207,0.9983614683151245,0.9981338381767273,True,False,True,0.26570260524749756,0.21652010083198547
2621,True,RIGHT_EAR,0.2678952217102051,0.21680228412151337,-0.30723273754119873,0.9982541799545288,0.9991748929023743,True,False,True,0.2678952217102051,0.21680228412151337
2622,True,RIGHT_EAR,0.26809242367744446,0.22147762775421143,-0.3279612362384796,0.9982938170433044,0.9996864795684814,True,False,True,0.26809242367744446,0.22147762775421143
2623,True,RIGHT_EAR,0.27175524830818176,0.22814442217350006,-0.3649959862232208,0.9983195066452026,0.9995555281639099,True,False,True,0.27175524830818176,0.22814442217350006
2624,True,RIGHT_EAR,0.2874002158641815,0.23437222838401794,-0.32339972257614136,0.9984471201896667,0.9997959733009338,True,False,True,0.2874002158641815,0.23437222838401794
2625,True,RIGHT_EAR,0.29216474294662476,0.24497631192207336,-0.3197484314441681,0.9985643029212952,0.9997753500938416,True,False,True,0.29216474294662476,0.24497631192207336
2626,True,RIGHT_EAR,0.3010235130786896,0.25397223234176636,-0.3663749098777771,0.9986217021942139,0.9996790885925293,True,False,True,0.3010235130786896,0.25397223234176636
2627,True,RIGHT_EAR,0.3140576481819153,0.2664065659046173,-0.3956267535686493,0.9986499547958374,0.9995222091674805,True,False,True,0.3140576481819153,0.2664065659046173
2628,True,RIGHT_EAR,0.3208441138267517,0.28351572155952454,-0.42700135707855225,0.9986681938171387,0.9994702935218811,True,False,True,0.3208441138267517,0.28351572155952454
2629,True,RIGHT_EAR,0.33168110251426697,0.29919254779815674,-0.5699676871299744,0.9987704157829285,0.99972003698349,True,False,True,0.33168110251426697,0.29919254779815674
2630,True,RIGHT_EAR,0.33759480714797974,0.3210563659667969,-0.6366555094718933,0.998867392539978,0.9998255372047424,True,False,True,0.33759480714797974,0.3210563659667969
2631,True,RIGHT_EAR,0.34101733565330505,0.3430154323577881,-0.6473878026008606,0.9989689588546753,0.99982750415802,True,False,True,0.34101733565330505,0.3430154323577881
2632,True,RIGHT_EAR,0.34957757592201233,0.3571053445339203,-0.6146260499954224,0.9990686178207397,0.9999300241470337,True,False,True,0.34957757592201233,0.3571053445339203
2633,True,RIGHT_EAR,0.35815826058387756,0.36826297640800476,-0.6710494160652161,0.9991583228111267,0.9999428987503052,True,False,True,0.35815826058387756,0.36826297640800476
2634,True,RIGHT_EAR,0.36466485261917114,0.3810412883758545,-0.6641247868537903,0.9992375373840332,0.9999361038208008,True,False,True,0.36466485261917114,0.3810412883758545
2635,True,RIGHT_EAR,0.37904807925224304,0.3874792754650116,-0.3999302387237549,0.9992967247962952,0.9997115731239319,True,False,True,0.37904807925224304,0.3874792754650116
2636,True,RIGHT_EAR,0.37482932209968567,0.3986467123031616,-0.27365171909332275,0.9993649125099182,0.9999747276306152,True,False,True,0.37482932209968567,0.3986467123031616
2637,True,RIGHT_EAR,0.38132137060165405,0.3920699656009674,-0.2957116961479187,0.9993862509727478,0.9985900521278381,True,False,True,0.38132137060165405,0.3920699656009674
2638,True,RIGHT_EAR,0.3980037569999695,0.38396790623664856,-0.14595068991184235,0.9993073344230652,0.9997009038925171,True,False,True,0.3980037569999695,0.38396790623664856
2639,True,RIGHT_EAR,0.3916969895362854,0.37811020016670227,-0.1250830739736557,0.9992451667785645,0.9999309778213501,True,False,True,0.3916969895362854,0.37811020016670227
2640,True,RIGHT_EAR,0.3883950114250183,0.3798680305480957,0.07471440732479095,0.9992117285728455,0.99998939037323,True,False,True,0.3883950114250183,0.3798680305480957
2641,True,RIGHT_EAR,0.3674675524234772,0.3808073103427887,0.017036912962794304,0.9991901516914368,0.999963641166687,True,False,True,0.3674675524234772,0.3808073103427887
2642,True,RIGHT_EAR,0.3443775475025177,0.3844018876552582,-0.14028498530387878,0.9988559484481812,0.9999361038208008,True,False,True,0.3443775475025177,0.3844018876552582
2643,True,RIGHT_EAR,0.34260880947113037,0.384939044713974,0.1606413573026657,0.9964717626571655,0.9999220371246338,True,False,True,0.34260880947113037,0.384939044713974
2644,True,RIGHT_EAR,0.3379725217819214,0.3836497664451599,0.48489809036254883,0.9956664443016052,0.9999943971633911,True,False,True,0.3379725217819214,0.3836497664451599
2645,True,RIGHT_EAR,0.3317042887210846,0.3831859529018402,0.5534852147102356,0.9952658414840698,0.9999159574508667,True,False,True,0.3317042887210846,0.3831859529018402
2646,True,RIGHT_EAR,0.3179667592048645,0.3761417269706726,0.5555191040039062,0.9951460361480713,0.9999570846557617,True,False,True,0.3179667592048645,0.3761417269706726
2647,True,RIGHT_EAR,0.30358022451400757,0.36490869522094727,0.40317365527153015,0.9956278800964355,0.9999755620956421,True,False,True,0.30358022451400757,0.36490869522094727
2648,True,RIGHT_EAR,0.28979501128196716,0.3532426059246063,0.42903366684913635,0.9960241913795471,0.9992621541023254,True,False,True,0.28979501128196716,0.3532426059246063
2649,True,RIGHT_EAR,0.2939583361148834,0.3383030593395233,0.47982513904571533,0.9964163303375244,0.9999929666519165,True,False,True,0.2939583361148834,0.3383030593395233
2650,True,RIGHT_EAR,0.2943890690803528,0.3327333331108093,0.41569459438323975,0.9967731237411499,0.9999923706054688,True,False,True,0.2943890690803528,0.3327333331108093
2651,True,RIGHT_EAR,0.28060126304626465,0.29874029755592346,0.10171172767877579,0.9970955848693848,0.9999489784240723,True,False,True,0.28060126304626465,0.29874029755592346
2652,True,RIGHT_EAR,0.28804802894592285,0.27341607213020325,0.26074525713920593,0.9973854422569275,0.9999964237213135,True,False,True,0.28804802894592285,0.27341607213020325
2653,True,RIGHT_EAR,0.29475530982017517,0.2553560733795166,0.2042272388935089,0.9976447224617004,0.9999774694442749,True,False,True,0.29475530982017517,0.2553560733795166
2654,True,RIGHT_EAR,0.296861857175827,0.2624059319496155,0.09652626514434814,0.9977506399154663,0.9995793700218201,True,False,True,0.296861857175827,0.2624059319496155
2655,True,RIGHT_EAR,0.3016882836818695,0.2504500150680542,0.08896517753601074,0.997637152671814,0.9965425133705139,True,False,True,0.3016882836818695,0.2504500150680542
2656,True,RIGHT_EAR,0.32289186120033264,0.2457655966281891,0.13251906633377075,0.9976209998130798,0.9981946349143982,True,False,True,0.32289186120033264,0.2457655966281891
2657,True,RIGHT_EAR,0.33249297738075256,0.24641042947769165,0.023778043687343597,0.9977553486824036,0.9997209906578064,True,False,True,0.33249297738075256,0.24641042947769165
2658,True,RIGHT_EAR,0.3435957431793213,0.254960834980011,0.02549348771572113,0.9978626370429993,0.9999148845672607,True,False,True,0.3435957431793213,0.254960834980011
2659,True,RIGHT_EAR,0.3437025547027588,0.2613098919391632,0.0003303723642602563,0.997951328754425,0.9998908042907715,True,False,True,0.3437025547027588,0.2613098919391632
2660,True,RIGHT_EAR,0.3433838486671448,0.27554038166999817,-0.005887418519705534,0.9980738759040833,0.9999268054962158,True,False,True,0.3433838486671448,0.27554038166999817
2661,True,RIGHT_EAR,0.3431975245475769,0.2886173725128174,-0.03566576912999153,0.9980190396308899,0.9998683929443359,True,False,True,0.3431975245475769,0.2886173725128174
2662,True,RIGHT_EAR,0.3446136713027954,0.30004727840423584,0.019147172570228577,0.9980430006980896,0.9999247789382935,True,False,True,0.3446136713027954,0.30004727840423584
2663,True,RIGHT_EAR,0.34619539976119995,0.31405267119407654,0.0819871574640274,0.9980613589286804,0.9999059438705444,True,False,True,0.34619539976119995,0.31405267119407654
2664,True,RIGHT_EAR,0.34565600752830505,0.3188364505767822,0.1391879767179489,0.998167872428894,0.9999498128890991,True,False,True,0.34565600752830505,0.3188364505767822
2665,True,RIGHT_EAR,0.3444922864437103,0.3259229063987732,0.1295047402381897,0.9979501366615295,0.9999010562896729,True,False,True,0.3444922864437103,0.3259229063987732
2666,True,RIGHT_EAR,0.32047027349472046,0.33188584446907043,-0.025914587080478668,0.9981052279472351,0.9999070167541504,True,False,True,0.32047027349472046,0.33188584446907043
2667,True,RIGHT_EAR,0.3089514970779419,0.3279360830783844,-0.1439630538225174,0.998134970664978,0.9998488426208496,True,False,True,0.3089514970779419,0.3279360830783844
2668,True,RIGHT_EAR,0.29609569907188416,0.32358884811401367,-0.1304759830236435,0.9983000755310059,0.9999661445617676,True,False,True,0.29609569907188416,0.32358884811401367
2669,True,RIGHT_EAR,0.28645530343055725,0.32155147194862366,-0.18400299549102783,0.9984405040740967,0.9999760389328003,True,False,True,0.28645530343055725,0.32155147194862366
2670,True,RIGHT_EAR,0.2808378040790558,0.31339025497436523,-0.18800121545791626,0.9985801577568054,0.9999723434448242,True,False,True,0.2808378040790558,0.31339025497436523
2671,True,RIGHT_EAR,0.27236828207969666,0.30346572399139404,-0.25123780965805054,0.9986927509307861,0.9999727010726929,True,False,True,0.27236828207969666,0.30346572399139404
2672,True,RIGHT_EAR,0.26784369349479675,0.2889001667499542,-0.1982213258743286,0.9988008737564087,0.9999524354934692,True,False,True,0.26784369349479675,0.2889001667499542
2673,True,RIGHT_EAR,0.26155585050582886,0.27845650911331177,-0.21921204030513763,0.9988938570022583,0.9999527931213379,True,False,True,0.26155585050582886,0.27845650911331177
2674,True,RIGHT_EAR,0.2584400475025177,0.26941096782684326,-0.2548936903476715,0.998939037322998,0.999943733215332,True,False,True,0.2584400475025177,0.26941096782684326
2675,True,RIGHT_EAR,0.25115033984184265,0.2640989124774933,-0.2618120610713959,0.9990054965019226,0.9999551773071289,True,False,True,0.25115033984184265,0.2640989124774933
2676,True,RIGHT_EAR,0.2476826161146164,0.26076436042785645,-0.2803058624267578,0.9990293979644775,0.9999171495437622,True,False,True,0.2476826161146164,0.26076436042785645
2677,True,RIGHT_EAR,0.24316883087158203,0.25750941038131714,-0.23366360366344452,0.9990703463554382,0.9998278617858887,True,False,True,0.24316883087158203,0.25750941038131714
2678,True,RIGHT_EAR,0.23994652926921844,0.2559000849723816,-0.20209696888923645,0.9991209506988525,0.9998248219490051,True,False,True,0.23994652926921844,0.2559000849723816
2679,True,RIGHT_EAR,0.2351839542388916,0.2555493414402008,-0.23105205595493317,0.9991495609283447,0.9998817443847656,True,False,True,0.2351839542388916,0.2555493414402008
2680,True,RIGHT_EAR,0.23155121505260468,0.25458383560180664,-0.2473168522119522,0.9990604519844055,0.9997841715812683,True,False,True,0.23155121505260468,0.25458383560180664
2681,True,RIGHT_EAR,0.22758804261684418,0.2535543739795685,-0.23337946832180023,0.999014675617218,0.9997910857200623,True,False,True,0.22758804261684418,0.2535543739795685
2682,True,RIGHT_EAR,0.22336360812187195,0.25267770886421204,-0.23703892529010773,0.9990127682685852,0.9998378753662109,True,False,True,0.22336360812187195,0.25267770886421204
2683,True,RIGHT_EAR,0.21829548478126526,0.2523767948150635,-0.19511328637599945,0.9990901947021484,0.99994957447052,True,False,True,0.21829548478126526,0.2523767948150635
2684,True,RIGHT_EAR,0.2153405100107193,0.2524457275867462,-0.122571662068367,0.9991095066070557,0.9999035596847534,True,False,True,0.2153405100107193,0.2524457275867462
2685,True,RIGHT_EAR,0.21086165308952332,0.251907080411911,-0.12963679432868958,0.9991422891616821,0.9998974800109863,True,False,True,0.21086165308952332,0.251907080411911
2686,True,RIGHT_EAR,0.2075059562921524,0.252719908952713,-0.13645236194133759,0.9991196990013123,0.9998537302017212,True,False,True,0.2075059562921524,0.252719908952713
2687,True,RIGHT_EAR,0.2025652527809143,0.2532246708869934,-0.17199212312698364,0.9990297555923462,0.9998132586479187,True,False,True,0.2025652527809143,0.2532246708869934
2688,True,RIGHT_EAR,0.19723083078861237,0.253509521484375,-0.1501033455133438,0.9990556240081787,0.9998751878738403,True,False,True,0.19723083078861237,0.253509521484375
2689,True,RIGHT_EAR,0.19098743796348572,0.25388583540916443,-0.1528671532869339,0.9990822076797485,0.9998605251312256,True,False,True,0.19098743796348572,0.25388583540916443
2690,True,RIGHT_EAR,0.1838819831609726,0.25417008996009827,-0.1480451375246048,0.9991425275802612,0.9998970031738281,True,False,True,0.1838819831609726,0.25417008996009827
2691,True,RIGHT_EAR,0.17688333988189697,0.2541868984699249,-0.13817757368087769,0.9992071390151978,0.9999250173568726,True,False,True,0.17688333988189697,0.2541868984699249
2692,True,RIGHT_EAR,0.1724468171596527,0.2543293833732605,-0.2030727118253708,0.9992634057998657,0.9999269247055054,True,False,True,0.1724468171596527,0.2543293833732605
2693,True,RIGHT_EAR,0.16892287135124207,0.25439199805259705,-0.19855192303657532,0.9992665648460388,0.9998595714569092,True,False,True,0.16892287135124207,0.25439199805259705
2694,True,RIGHT_EAR,0.1646476536989212,0.25449085235595703,-0.22491104900836945,0.9992689490318298,0.9998748302459717,True,False,True,0.1646476536989212,0.25449085235595703
2695,True,RIGHT_EAR,0.16099828481674194,0.2542400360107422,-0.2952834963798523,0.9992501139640808,0.9998332262039185,True,False,True,0.16099828481674194,0.2542400360107422
2696,True,RIGHT_EAR,0.15905950963497162,0.2506150007247925,-0.2612498700618744,0.9992855191230774,0.9998338222503662,True,False,True,0.15905950963497162,0.2506150007247925
2697,True,RIGHT_EAR,0.15759965777397156,0.2472783774137497,-0.38096028566360474,0.9993147253990173,0.9998325109481812,True,False,True,0.15759965777397156,0.2472783774137497
2698,True,RIGHT_EAR,0.15530861914157867,0.23972247540950775,-0.3625670075416565,0.9993685483932495,0.9998984336853027,True,False,True,0.15530861914157867,0.23972247540950775
2699,True,RIGHT_EAR,0.15524742007255554,0.237604558467865,-0.3005073666572571,0.9993913769721985,0.9997629523277283,True,False,True,0.15524742007255554,0.237604558467865
2700,True,RIGHT_EAR,0.1552090346813202,0.23260723054409027,-0.2393168956041336,0.9994201064109802,0.9994693398475647,True,False,True,0.1552090346813202,0.23260723054409027
2701,True,RIGHT_EAR,0.15524530410766602,0.22955594956874847,-0.18820126354694366,0.9994586706161499,0.999616265296936,True,False,True,0.15524530410766602,0.22955594956874847
2702,True,RIGHT_EAR,0.15542738139629364,0.2284957319498062,-0.20770488679409027,0.9994990229606628,0.9996582269668579,True,False,True,0.15542738139629364,0.2284957319498062
2703,True,RIGHT_EAR,0.1554241180419922,0.22684144973754883,-0.21029704809188843,0.9995419383049011,0.9998137354850769,True,False,True,0.1554241180419922,0.22684144973754883
2704,True,RIGHT_EAR,0.1560898721218109,0.22673538327217102,-0.20935775339603424,0.9995720982551575,0.9997383952140808,True,False,True,0.1560898721218109,0.22673538327217102
2705,True,RIGHT_EAR,0.15650813281536102,0.22673694789409637,-0.15259942412376404,0.9995806813240051,0.9997028708457947,True,False,True,0.15650813281536102,0.22673694789409637
2706,True,RIGHT_EAR,0.15697528421878815,0.22634989023208618,-0.1184830293059349,0.999582052230835,0.9997648596763611,True,False,True,0.15697528421878815,0.22634989023208618
2707,True,RIGHT_EAR,0.15705066919326782,0.22587047517299652,-0.15220218896865845,0.9995947480201721,0.9997808337211609,True,False,True,0.15705066919326782,0.22587047517299652
2708,True,RIGHT_EAR,0.15913860499858856,0.22634777426719666,-0.12667615711688995,0.9996209144592285,0.9998596906661987,True,False,True,0.15913860499858856,0.22634777426719666
2709,True,RIGHT_EAR,0.16218969225883484,0.22664552927017212,-0.14537368714809418,0.9996267557144165,0.9996106028556824,True,False,True,0.16218969225883484,0.22664552927017212
2604,True,RIGHT_ELBOW,0.25196388363838196,0.3209236264228821,-0.3454244136810303,0.9963681697845459,0.999573290348053,True,False,True,0.25196388363838196,0.3209236264228821
2605,True,RIGHT_ELBOW,0.24727176129817963,0.3217432498931885,-0.36211833357810974,0.9963254928588867,0.9991932511329651,True,False,True,0.24727176129817963,0.3217432498931885
2606,True,RIGHT_ELBOW,0.2493424266576767,0.3174998462200165,-0.33588993549346924,0.996174156665802,0.9995131492614746,True,False,True,0.2493424266576767,0.3174998462200165
2607,True,RIGHT_ELBOW,0.24468818306922913,0.3127695620059967,-0.5152203440666199,0.9962379336357117,0.9994812607765198,True,False,True,0.24468818306922913,0.3127695620059967
2608,True,RIGHT_ELBOW,0.2441193014383316,0.309933602809906,-0.465273916721344,0.9962818026542664,0.9995670914649963,True,False,True,0.2441193014383316,0.309933602809906
2609,True,RIGHT_ELBOW,0.24241268634796143,0.3088803291320801,-0.48361364006996155,0.9963772296905518,0.9996218681335449,True,False,True,0.24241268634796143,0.3088803291320801
2610,True,RIGHT_ELBOW,0.24197322130203247,0.3095194101333618,-0.47483742237091064,0.9957671761512756,0.9990324974060059,True,False,True,0.24197322130203247,0.3095194101333618
2611,True,RIGHT_ELBOW,0.23438480496406555,0.30944550037384033,-0.4961163103580475,0.9955971240997314,0.9991142153739929,True,False,True,0.23438480496406555,0.30944550037384033
2612,True,RIGHT_ELBOW,0.232619971036911,0.3160506784915924,-0.5325707197189331,0.9952733516693115,0.9977520108222961,True,False,True,0.232619971036911,0.3160506784915924
2613,True,RIGHT_ELBOW,0.23145832121372223,0.32517677545547485,-0.5211424827575684,0.9947607517242432,0.9953475594520569,True,False,True,0.23145832121372223,0.32517677545547485
2614,True,RIGHT_ELBOW,0.22534404695034027,0.33599087595939636,-0.47940871119499207,0.9946784377098083,0.9958245754241943,True,False,True,0.22534404695034027,0.33599087595939636
2615,True,RIGHT_ELBOW,0.22176024317741394,0.3503463566303253,-0.4036892056465149,0.9944925904273987,0.9955950379371643,True,False,True,0.22176024317741394,0.3503463566303253
2616,True,RIGHT_ELBOW,0.21793879568576813,0.35552018880844116,-0.38555410504341125,0.9944475293159485,0.9977508187294006,True,False,True,0.21793879568576813,0.35552018880844116
2617,True,RIGHT_ELBOW,0.21863055229187012,0.3638213276863098,-0.36182498931884766,0.9943361282348633,0.9961110949516296,True,False,True,0.21863055229187012,0.3638213276863098
2618,True,RIGHT_ELBOW,0.21555086970329285,0.37312695384025574,-0.35582295060157776,0.9944716095924377,0.9978502988815308,True,False,True,0.21555086970329285,0.37312695384025574
2619,True,RIGHT_ELBOW,0.21507082879543304,0.38055890798568726,-0.3137403130531311,0.9927749633789062,0.9905161261558533,True,False,True,0.21507082879543304,0.38055890798568726
2620,True,RIGHT_ELBOW,0.21485553681850433,0.3857893645763397,-0.2975013554096222,0.9915063977241516,0.9892593622207642,True,False,True,0.21485553681850433,0.3857893645763397
2621,True,RIGHT_ELBOW,0.21410416066646576,0.3945557475090027,-0.3077128827571869,0.9912034273147583,0.9954195022583008,True,False,True,0.21410416066646576,0.3945557475090027
2622,True,RIGHT_ELBOW,0.21364735066890717,0.39839497208595276,-0.36659005284309387,0.9910770058631897,0.9977967739105225,True,False,True,0.21364735066890717,0.39839497208595276
2623,True,RIGHT_ELBOW,0.21418488025665283,0.4069599509239197,-0.4210379123687744,0.9906336665153503,0.9977298378944397,True,False,True,0.21418488025665283,0.4069599509239197
2624,True,RIGHT_ELBOW,0.2166619449853897,0.41153794527053833,-0.40943238139152527,0.9908328056335449,0.9991888403892517,True,False,True,0.2166619449853897,0.41153794527053833
2625,True,RIGHT_ELBOW,0.22221577167510986,0.41731446981430054,-0.3822214901447296,0.9913193583488464,0.9995567202568054,True,False,True,0.22221577167510986,0.41731446981430054
2626,True,RIGHT_ELBOW,0.22762982547283173,0.4335862696170807,-0.42335861921310425,0.9915615916252136,0.9991389513015747,True,False,True,0.22762982547283173,0.4335862696170807
2627,True,RIGHT_ELBOW,0.230999156832695,0.4450680911540985,-0.47806909680366516,0.9917846322059631,0.9991649389266968,True,False,True,0.230999156832695,0.4450680911540985
2628,True,RIGHT_ELBOW,0.23399494588375092,0.46173131465911865,-0.4899243116378784,0.9918313026428223,0.9992395639419556,True,False,True,0.23399494588375092,0.46173131465911865
2629,True,RIGHT_ELBOW,0.23639248311519623,0.4826357066631317,-0.5906287431716919,0.9914903044700623,0.9979156851768494,True,False,True,0.23639248311519623,0.4826357066631317
2630,True,RIGHT_ELBOW,0.2397008240222931,0.4892163574695587,-0.6550160050392151,0.991030752658844,0.9972043633460999,True,False,True,0.2397008240222931,0.4892163574695587
2631,True,RIGHT_ELBOW,0.23839080333709717,0.5064098238945007,-0.6321845650672913,0.9911854267120361,0.9968728423118591,True,False,True,0.23839080333709717,0.5064098238945007
2632,True,RIGHT_ELBOW,0.23759526014328003,0.5084750652313232,-0.6460316777229309,0.9914503693580627,0.9984466433525085,True,False,True,0.23759526014328003,0.5084750652313232
2633,True,RIGHT_ELBOW,0.2329472005367279,0.5094789266586304,-0.6780662536621094,0.9918532371520996,0.9974693059921265,True,False,True,0.2329472005367279,0.5094789266586304
2634,True,RIGHT_ELBOW,0.22029328346252441,0.5075518488883972,-0.7039889693260193,0.9921331405639648,0.9967331886291504,True,False,True,0.22029328346252441,0.5075518488883972
2635,True,RIGHT_ELBOW,0.21628348529338837,0.49726158380508423,-0.48312872648239136,0.9922895431518555,0.9967548251152039,True,False,True,0.21628348529338837,0.49726158380508423
2636,True,RIGHT_ELBOW,0.20947131514549255,0.4706347584724426,-0.3815825879573822,0.99275803565979,0.9995373487472534,True,False,True,0.20947131514549255,0.4706347584724426
2637,True,RIGHT_ELBOW,0.23286736011505127,0.46993979811668396,-0.3164500892162323,0.9855327010154724,0.9738784432411194,True,False,True,0.23286736011505127,0.46993979811668396
2638,True,RIGHT_ELBOW,0.39154869318008423,0.5012122392654419,-0.35015708208084106,0.9749784469604492,0.9957597851753235,True,False,True,0.39154869318008423,0.5012122392654419
2639,True,RIGHT_ELBOW,0.35209229588508606,0.43453869223594666,-0.6403011679649353,0.9140824675559998,0.9973970651626587,True,False,True,0.35209229588508606,0.43453869223594666
2640,True,RIGHT_ELBOW,0.4257999360561371,0.38891056180000305,-0.13729313015937805,0.9091206789016724,0.999632716178894,True,False,True,0.4257999360561371,0.38891056180000305
2641,True,RIGHT_ELBOW,0.4970915913581848,0.3911363184452057,-0.05326113849878311,0.9175570011138916,0.9993937015533447,True,False,True,0.4970915913581848,0.3911363184452057
2642,True,RIGHT_ELBOW,0.5024906396865845,0.38884416222572327,-0.28189945220947266,0.9257527589797974,0.9998724460601807,True,False,True,0.5024906396865845,0.38884416222572327
2643,True,RIGHT_ELBOW,0.49145156145095825,0.3970259130001068,0.024835096672177315,0.9307303428649902,0.9982648491859436,True,False,True,0.49145156145095825,0.3970259130001068
2644,True,RIGHT_ELBOW,0.4527345299720764,0.4969455897808075,0.3068993091583252,0.8911822438240051,0.9995001554489136,True,False,True,0.4527345299720764,0.4969455897808075
2645,True,RIGHT_ELBOW,0.4312670826911926,0.49310302734375,0.4681057929992676,0.8159879446029663,0.9971502423286438,True,False,True,0.4312670826911926,0.49310302734375
2646,True,RIGHT_ELBOW,0.41748979687690735,0.48601797223091125,0.3517908453941345,0.739005982875824,0.9968773126602173,True,False,True,0.41748979687690735,0.48601797223091125
2647,True,RIGHT_ELBOW,0.36106184124946594,0.4776468873023987,0.4014852046966553,0.6749177575111389,0.9992759823799133,True,False,True,0.36106184124946594,0.4776468873023987
2648,True,RIGHT_ELBOW,0.3310246467590332,0.45710331201553345,0.6560272574424744,0.6123854517936707,0.9946820139884949,True,False,True,0.3310246467590332,0.45710331201553345
2649,True,RIGHT_ELBOW,0.32629022002220154,0.4566652476787567,0.5048238039016724,0.55686354637146,0.999626874923706,True,False,True,0.32629022002220154,0.4566652476787567
2650,True,RIGHT_ELBOW,0.34017667174339294,0.4302423596382141,0.5592371821403503,0.5128576159477234,0.999755322933197,True,False,True,0.34017667174339294,0.4302423596382141
2651,True,RIGHT_ELBOW,0.32955512404441833,0.4181140959262848,0.6095046401023865,0.47045427560806274,0.9999668598175049,False,False,False,,
2652,True,RIGHT_ELBOW,0.3035029172897339,0.40679171681404114,0.40925949811935425,0.45665037631988525,0.9999701976776123,False,False,False,,
2653,True,RIGHT_ELBOW,0.2922910451889038,0.3976118862628937,0.3036332428455353,0.4669034481048584,0.9999064207077026,False,False,False,,
2654,True,RIGHT_ELBOW,0.30817103385925293,0.39749711751937866,0.19658830761909485,0.45771366357803345,0.9994819760322571,False,False,False,,
2655,True,RIGHT_ELBOW,0.31417348980903625,0.35432857275009155,0.2403937131166458,0.41606971621513367,0.9943053126335144,False,False,False,,
2656,True,RIGHT_ELBOW,0.3740149140357971,0.3564624488353729,0.28521937131881714,0.3814917504787445,0.9923015832901001,False,False,False,,
2657,True,RIGHT_ELBOW,0.3891356587409973,0.3710516095161438,0.28059205412864685,0.34639841318130493,0.9956890940666199,False,False,False,,
2658,True,RIGHT_ELBOW,0.4098251163959503,0.3752758502960205,0.19783391058444977,0.31377971172332764,0.9993330836296082,False,False,False,,
2659,True,RIGHT_ELBOW,0.43196815252304077,0.3763262927532196,0.2164079248905182,0.2853958010673523,0.9984838366508484,False,False,False,,
2660,True,RIGHT_ELBOW,0.46028023958206177,0.38144057989120483,0.2234676033258438,0.26893436908721924,0.999527096748352,False,False,False,,
2661,True,RIGHT_ELBOW,0.4665677547454834,0.38168951869010925,0.23654769361019135,0.25427430868148804,0.9991051554679871,False,False,False,,
2662,True,RIGHT_ELBOW,0.46425214409828186,0.3679104149341583,0.3723500967025757,0.2504518926143646,0.999716579914093,False,False,False,,
2663,True,RIGHT_ELBOW,0.45648491382598877,0.3722345530986786,0.4854871332645416,0.23270000517368317,0.9990560412406921,False,False,False,,
2664,True,RIGHT_ELBOW,0.44629186391830444,0.4105024039745331,0.5238131880760193,0.22271610796451569,0.9994090795516968,False,False,False,,
2665,True,RIGHT_ELBOW,0.44135743379592896,0.4259016811847687,0.4438522458076477,0.2058141827583313,0.9969130754470825,False,False,False,,
2666,True,RIGHT_ELBOW,0.35236358642578125,0.46998465061187744,0.1635073721408844,0.19414931535720825,0.9995260238647461,False,False,False,,
2667,True,RIGHT_ELBOW,0.330970823764801,0.464936763048172,0.05109767988324165,0.18533580005168915,0.9997953772544861,False,False,False,,
2668,True,RIGHT_ELBOW,0.3115922212600708,0.463249146938324,0.03420193865895271,0.1948183923959732,0.9999550580978394,False,False,False,,
2669,True,RIGHT_ELBOW,0.29216256737709045,0.4513622224330902,0.03218896687030792,0.21272897720336914,0.9999665021896362,False,False,False,,
2670,True,RIGHT_ELBOW,0.26642996072769165,0.44548144936561584,0.0009044104372151196,0.25180548429489136,0.999975323677063,False,False,False,,
2671,True,RIGHT_ELBOW,0.24726451933383942,0.43614667654037476,0.025471040979027748,0.3050336241722107,0.9999804496765137,False,False,False,,
2672,True,RIGHT_ELBOW,0.2237250953912735,0.4284285008907318,0.09902965277433395,0.3620288372039795,0.9999861717224121,False,False,False,,
2673,True,RIGHT_ELBOW,0.2109672874212265,0.41943782567977905,0.11852731555700302,0.4138124883174896,0.9999809265136719,False,False,False,,
2674,True,RIGHT_ELBOW,0.20230074226856232,0.4083290994167328,0.10157959908246994,0.46222373843193054,0.9999735355377197,False,False,False,,
2675,True,RIGHT_ELBOW,0.19510704278945923,0.401992529630661,0.10057171434164047,0.5075434446334839,0.9999822378158569,True,False,True,0.19510704278945923,0.401992529630661
2676,True,RIGHT_ELBOW,0.19000838696956635,0.39506271481513977,0.09319976717233658,0.5489956140518188,0.9999740123748779,True,False,True,0.19000838696956635,0.39506271481513977
2677,True,RIGHT_ELBOW,0.18590982258319855,0.3890414237976074,0.07140421122312546,0.585354745388031,0.9999339580535889,True,False,True,0.18590982258319855,0.3890414237976074
2678,True,RIGHT_ELBOW,0.18125085532665253,0.3836131989955902,0.04383785277605057,0.6150741577148438,0.999935507774353,True,False,True,0.18125085532665253,0.3836131989955902
2679,True,RIGHT_ELBOW,0.17677617073059082,0.3805850148200989,-0.028773169964551926,0.6440450549125671,0.9999270439147949,True,False,True,0.17677617073059082,0.3805850148200989
2680,True,RIGHT_ELBOW,0.17431697249412537,0.3790075182914734,-0.04495266452431679,0.6705899238586426,0.9999045133590698,True,False,True,0.17431697249412537,0.3790075182914734
2681,True,RIGHT_ELBOW,0.1721162497997284,0.3727881908416748,-0.02554723247885704,0.6911664605140686,0.9998866319656372,True,False,True,0.1721162497997284,0.3727881908416748
2682,True,RIGHT_ELBOW,0.16905029118061066,0.3699798882007599,-0.004240803420543671,0.7098037004470825,0.9999393224716187,True,False,True,0.16905029118061066,0.3699798882007599
2683,True,RIGHT_ELBOW,0.16316835582256317,0.3707691729068756,0.06423231214284897,0.7271068096160889,0.9999661445617676,True,False,True,0.16316835582256317,0.3707691729068756
2684,True,RIGHT_ELBOW,0.15888196229934692,0.37083759903907776,0.12567825615406036,0.7383993268013,0.9999340772628784,True,False,True,0.15888196229934692,0.37083759903907776
2685,True,RIGHT_ELBOW,0.15448006987571716,0.3720870614051819,0.15282656252384186,0.7484921813011169,0.9999401569366455,True,False,True,0.15448006987571716,0.3720870614051819
2686,True,RIGHT_ELBOW,0.15211006999015808,0.3716863691806793,0.21816202998161316,0.7559230923652649,0.9999462366104126,True,False,True,0.15211006999015808,0.3716863691806793
2687,True,RIGHT_ELBOW,0.14786691963672638,0.37262213230133057,0.17700348794460297,0.7617411017417908,0.9999427795410156,True,False,True,0.14786691963672638,0.37262213230133057
2688,True,RIGHT_ELBOW,0.14278675615787506,0.3739056885242462,0.1707567274570465,0.7739514708518982,0.9999510049819946,True,False,True,0.14278675615787506,0.3739056885242462
2689,True,RIGHT_ELBOW,0.13638000190258026,0.376130074262619,0.1557045727968216,0.7899607419967651,0.9999493360519409,True,False,True,0.13638000190258026,0.376130074262619
2690,True,RIGHT_ELBOW,0.12653183937072754,0.380407452583313,0.15309983491897583,0.8053120970726013,0.9999581575393677,True,False,True,0.12653183937072754,0.380407452583313
2691,True,RIGHT_ELBOW,0.11773227155208588,0.38677144050598145,0.15173086524009705,0.8216363787651062,0.9999573230743408,True,False,True,0.11773227155208588,0.38677144050598145
2692,True,RIGHT_ELBOW,0.11209359765052795,0.3867742121219635,0.12167524546384811,0.8355104327201843,0.9999626874923706,True,False,True,0.11209359765052795,0.3867742121219635
2693,True,RIGHT_ELBOW,0.10855428129434586,0.3864923417568207,0.12219026684761047,0.8466284275054932,0.9999406337738037,True,False,True,0.10855428129434586,0.3864923417568207
2694,True,RIGHT_ELBOW,0.10510110855102539,0.3859751224517822,0.10657534003257751,0.8568225502967834,0.999950647354126,True,False,True,0.10510110855102539,0.3859751224517822
2695,True,RIGHT_ELBOW,0.10052775591611862,0.3856719732284546,0.04997653141617775,0.8664377927780151,0.9999170303344727,True,False,True,0.10052775591611862,0.3856719732284546
2696,True,RIGHT_ELBOW,0.09714734554290771,0.38550588488578796,0.03159758448600769,0.8756764531135559,0.9998980760574341,True,False,True,0.09714734554290771,0.38550588488578796
2697,True,RIGHT_ELBOW,0.09539015591144562,0.38286519050598145,-0.0744742900133133,0.8856717348098755,0.9998558759689331,True,False,True,0.09539015591144562,0.38286519050598145
2698,True,RIGHT_ELBOW,0.09454625099897385,0.37825652956962585,0.004118012264370918,0.894010603427887,0.9998601675033569,True,False,True,0.09454625099897385,0.37825652956962585
2699,True,RIGHT_ELBOW,0.09214509278535843,0.37306123971939087,-0.004255336709320545,0.9021511673927307,0.9997835755348206,True,False,True,0.09214509278535843,0.37306123971939087
2700,True,RIGHT_ELBOW,0.09093517065048218,0.37294191122055054,0.01927982270717621,0.90831458568573,0.999525785446167,True,False,True,0.09093517065048218,0.37294191122055054
2701,True,RIGHT_ELBOW,0.09076995402574539,0.3732948899269104,0.07017862796783447,0.9137781858444214,0.9996628761291504,True,False,True,0.09076995402574539,0.3732948899269104
2702,True,RIGHT_ELBOW,0.09059497714042664,0.3740519881248474,0.06626534461975098,0.919714093208313,0.9997498393058777,True,False,True,0.09059497714042664,0.3740519881248474
2703,True,RIGHT_ELBOW,0.09204363822937012,0.3746723234653473,0.09544949978590012,0.9232705235481262,0.9998502731323242,True,False,True,0.09204363822937012,0.3746723234653473
2704,True,RIGHT_ELBOW,0.09294966608285904,0.37512463331222534,0.10753294080495834,0.9272022843360901,0.9999147653579712,True,False,True,0.09294966608285904,0.37512463331222534
2705,True,RIGHT_ELBOW,0.0935937687754631,0.3752346336841583,0.1719682216644287,0.9279837608337402,0.9999288320541382,True,False,True,0.0935937687754631,0.3752346336841583
2706,True,RIGHT_ELBOW,0.0940646305680275,0.375344842672348,0.1884841024875641,0.9284690022468567,0.9999186992645264,True,False,True,0.0940646305680275,0.375344842672348
2707,True,RIGHT_ELBOW,0.09437934309244156,0.376783549785614,0.1743841916322708,0.9273157715797424,0.9998985528945923,True,False,True,0.09437934309244156,0.376783549785614
2708,True,RIGHT_ELBOW,0.09511126577854156,0.3789040446281433,0.19691552221775055,0.928010106086731,0.9999420642852783,True,False,True,0.09511126577854156,0.3789040446281433
2709,True,RIGHT_ELBOW,0.09546791017055511,0.3836236000061035,0.16862693428993225,0.9280186295509338,0.9998775720596313,True,False,True,0.09546791017055511,0.3836236000061035
2604,True,RIGHT_EYE,0.2529921531677246,0.21741537749767303,-0.1633102148771286,0.9996682405471802,0.9998555183410645,True,False,True,0.2529921531677246,0.21741537749767303
2605,True,RIGHT_EYE,0.2580889165401459,0.21584083139896393,-0.18553458154201508,0.9996440410614014,0.999798595905304,True,False,True,0.2580889165401459,0.21584083139896393
2606,True,RIGHT_EYE,0.2575974464416504,0.2143460363149643,-0.18161652982234955,0.9996579885482788,0.9999152421951294,True,False,True,0.2575974464416504,0.2143460363149643
2607,True,RIGHT_EYE,0.2604440152645111,0.2167610079050064,-0.2655875086784363,0.9996534585952759,0.9999408721923828,True,False,True,0.2604440152645111,0.2167610079050064
2608,True,RIGHT_EYE,0.2628077566623688,0.21683253347873688,-0.22661258280277252,0.9996753931045532,0.9999538660049438,True,False,True,0.2628077566623688,0.21683253347873688
2609,True,RIGHT_EYE,0.26396605372428894,0.2168300747871399,-0.2128058671951294,0.9996991157531738,0.9999427795410156,True,False,True,0.26396605372428894,0.2168300747871399
2610,True,RIGHT_EYE,0.26874956488609314,0.21687021851539612,-0.2169657200574875,0.9996846318244934,0.9998537302017212,True,False,True,0.26874956488609314,0.21687021851539612
2611,True,RIGHT_EYE,0.27173206210136414,0.2142360657453537,-0.24657200276851654,0.9996697306632996,0.9998241066932678,True,False,True,0.27173206210136414,0.2142360657453537
2612,True,RIGHT_EYE,0.27759286761283875,0.2120569497346878,-0.28050291538238525,0.9996678829193115,0.9997945427894592,True,False,True,0.27759286761283875,0.2120569497346878
2613,True,RIGHT_EYE,0.27770987153053284,0.21171291172504425,-0.253048837184906,0.9996780753135681,0.9997133612632751,True,False,True,0.27770987153053284,0.21171291172504425
2614,True,RIGHT_EYE,0.2765999436378479,0.2125007063150406,-0.24907653033733368,0.9996356964111328,0.9993388056755066,True,False,True,0.2765999436378479,0.2125007063150406
2615,True,RIGHT_EYE,0.2771758437156677,0.2121819704771042,-0.21214501559734344,0.999509871006012,0.9986410737037659,True,False,True,0.2771758437156677,0.2121819704771042
2616,True,RIGHT_EYE,0.2786635160446167,0.21223777532577515,-0.146012544631958,0.9992923736572266,0.9969906806945801,True,False,True,0.2786635160446167,0.21223777532577515
2617,True,RIGHT_EYE,0.28232234716415405,0.2122812569141388,-0.16064883768558502,0.999116837978363,0.9973201155662537,True,False,True,0.28232234716415405,0.2122812569141388
2618,True,RIGHT_EYE,0.28531187772750854,0.21455629169940948,-0.17170476913452148,0.9991047978401184,0.9984952211380005,True,False,True,0.28531187772750854,0.21455629169940948
2619,True,RIGHT_EYE,0.28629323840141296,0.21610693633556366,-0.19512738287448883,0.9988309741020203,0.9969294667243958,True,False,True,0.28629323840141296,0.21610693633556366
2620,True,RIGHT_EYE,0.29002463817596436,0.2162226289510727,-0.257805198431015,0.9986302852630615,0.9976264834403992,True,False,True,0.29002463817596436,0.2162226289510727
2621,True,RIGHT_EYE,0.2943452000617981,0.21676817536354065,-0.30509820580482483,0.9984156489372253,0.9986116886138916,True,False,True,0.2943452000617981,0.21676817536354065
2622,True,RIGHT_EYE,0.29508787393569946,0.21981574594974518,-0.3488360047340393,0.9984012246131897,0.9995416402816772,True,False,True,0.29508787393569946,0.21981574594974518
2623,True,RIGHT_EYE,0.2968941032886505,0.22721067070960999,-0.4060091972351074,0.9983987808227539,0.9995032548904419,True,False,True,0.2968941032886505,0.22721067070960999
2624,True,RIGHT_EYE,0.3099946081638336,0.23144914209842682,-0.3326024115085602,0.9985204339027405,0.9997988343238831,True,False,True,0.3099946081638336,0.23144914209842682
2625,True,RIGHT_EYE,0.31327226758003235,0.2408749759197235,-0.32703858613967896,0.9986314177513123,0.9998301267623901,True,False,True,0.31327226758003235,0.2408749759197235
2626,True,RIGHT_EYE,0.3241143226623535,0.24848434329032898,-0.344834566116333,0.9986812472343445,0.9996935129165649,True,False,True,0.3241143226623535,0.24848434329032898
2627,True,RIGHT_EYE,0.3354976177215576,0.2634059190750122,-0.36810022592544556,0.9986971616744995,0.9994906187057495,True,False,True,0.3354976177215576,0.2634059190750122
2628,True,RIGHT_EYE,0.34101399779319763,0.28203627467155457,-0.416818231344223,0.9987159371376038,0.9995368719100952,True,False,True,0.34101399779319763,0.28203627467155457
2629,True,RIGHT_EYE,0.35223284363746643,0.2958034873008728,-0.5464345216751099,0.9988188743591309,0.9998316764831543,True,False,True,0.35223284363746643,0.2958034873008728
2630,True,RIGHT_EYE,0.3586907982826233,0.31511375308036804,-0.626709520816803,0.998914897441864,0.9998973608016968,True,False,True,0.3586907982826233,0.31511375308036804
2631,True,RIGHT_EYE,0.36267608404159546,0.3382367193698883,-0.6671652793884277,0.9990108013153076,0.9999068975448608,True,False,True,0.36267608404159546,0.3382367193698883
2632,True,RIGHT_EYE,0.3733654022216797,0.35181865096092224,-0.6268175840377808,0.9991046190261841,0.9999382495880127,True,False,True,0.3733654022216797,0.35181865096092224
2633,True,RIGHT_EYE,0.38142305612564087,0.3639926016330719,-0.6852362751960754,0.9991891980171204,0.9999657869338989,True,False,True,0.38142305612564087,0.3639926016330719
2634,True,RIGHT_EYE,0.38695791363716125,0.37848779559135437,-0.675326406955719,0.9992630481719971,0.9999572038650513,True,False,True,0.38695791363716125,0.37848779559135437
2635,True,RIGHT_EYE,0.3989603817462921,0.3877910375595093,-0.37382858991622925,0.9993069171905518,0.9997422099113464,True,False,True,0.3989603817462921,0.3877910375595093
2636,True,RIGHT_EYE,0.39172109961509705,0.40016162395477295,-0.24818523228168488,0.9993705749511719,0.999950647354126,True,False,True,0.39172109961509705,0.40016162395477295
2637,True,RIGHT_EYE,0.40198636054992676,0.3927857577800751,-0.2702496647834778,0.9993939399719238,0.999016284942627,True,False,True,0.40198636054992676,0.3927857577800751
2638,True,RIGHT_EYE,0.41153794527053833,0.3834249675273895,0.0009127269731834531,0.9993663430213928,0.9995256662368774,True,False,True,0.41153794527053833,0.3834249675273895
2639,True,RIGHT_EYE,0.4065264165401459,0.3759336471557617,0.020591003820300102,0.9993069767951965,0.999871015548706,True,False,True,0.4065264165401459,0.3759336471557617
2640,True,RIGHT_EYE,0.376153826713562,0.37660136818885803,0.24276648461818695,0.9993287324905396,0.9999926090240479,True,False,True,0.376153826713562,0.37660136818885803
2641,True,RIGHT_EYE,0.3425350785255432,0.37782493233680725,0.1788143813610077,0.9993294477462769,0.9999756813049316,True,False,True,0.3425350785255432,0.37782493233680725
2642,True,RIGHT_EYE,0.3253750503063202,0.38060274720191956,0.00912549626082182,0.9990105628967285,0.9999306201934814,True,False,True,0.3253750503063202,0.38060274720191956
2643,True,RIGHT_EYE,0.3237919509410858,0.38357412815093994,0.33245253562927246,0.9966579675674438,0.9999146461486816,True,False,True,0.3237919509410858,0.38357412815093994
2644,True,RIGHT_EYE,0.32290229201316833,0.3828599154949188,0.6391125917434692,0.9958397746086121,0.9999943971633911,True,False,True,0.32290229201316833,0.3828599154949188
2645,True,RIGHT_EYE,0.3187849223613739,0.38258466124534607,0.6973130702972412,0.9950363039970398,0.999924898147583,True,False,True,0.3187849223613739,0.38258466124534607
2646,True,RIGHT_EYE,0.3072716295719147,0.37494829297065735,0.6920796036720276,0.9947246313095093,0.9999480247497559,True,False,True,0.3072716295719147,0.37494829297065735
2647,True,RIGHT_EYE,0.29242467880249023,0.36457809805870056,0.5085293054580688,0.9952484369277954,0.9999693632125854,True,False,True,0.29242467880249023,0.36457809805870056
2648,True,RIGHT_EYE,0.28018471598625183,0.3520599603652954,0.46258020401000977,0.9956773519515991,0.9991360306739807,True,False,True,0.28018471598625183,0.3520599603652954
2649,True,RIGHT_EYE,0.2854239046573639,0.3363025486469269,0.5205273032188416,0.9961032271385193,0.9999912977218628,True,False,True,0.2854239046573639,0.3363025486469269
2650,True,RIGHT_EYE,0.2839342951774597,0.33324259519577026,0.46032994985580444,0.9964910745620728,0.9999874830245972,True,False,True,0.2839342951774597,0.33324259519577026
2651,True,RIGHT_EYE,0.26696062088012695,0.290747731924057,0.05977170169353485,0.9968414306640625,0.9998923540115356,True,False,True,0.26696062088012695,0.290747731924057
2652,True,RIGHT_EYE,0.2707802653312683,0.26552438735961914,0.39352357387542725,0.9971567392349243,0.9999933242797852,True,False,True,0.2707802653312683,0.26552438735961914
2653,True,RIGHT_EYE,0.2824268639087677,0.24388201534748077,0.34780704975128174,0.9974393844604492,0.9999598264694214,True,False,True,0.2824268639087677,0.24388201534748077
2654,True,RIGHT_EYE,0.2857828140258789,0.26861870288848877,0.19224180281162262,0.9975547194480896,0.9992596507072449,True,False,True,0.2857828140258789,0.26861870288848877
2655,True,RIGHT_EYE,0.29073619842529297,0.2418752908706665,0.2275393009185791,0.9975069761276245,0.9950942993164062,True,False,True,0.29073619842529297,0.2418752908706665
2656,True,RIGHT_EYE,0.3115675449371338,0.24015077948570251,0.24832847714424133,0.9975164532661438,0.996839165687561,True,False,True,0.3115675449371338,0.24015077948570251
2657,True,RIGHT_EYE,0.31870636343955994,0.24312014877796173,0.11364536732435226,0.997654139995575,0.999356210231781,True,False,True,0.31870636343955994,0.24312014877796173
2658,True,RIGHT_EYE,0.32695573568344116,0.2516321539878845,0.10997520387172699,0.9977852702140808,0.9997820258140564,True,False,True,0.32695573568344116,0.2516321539878845
2659,True,RIGHT_EYE,0.32706594467163086,0.2558899223804474,0.07697290927171707,0.9979135394096375,0.9996769428253174,True,False,True,0.32706594467163086,0.2558899223804474
2660,True,RIGHT_EYE,0.32749032974243164,0.2797437906265259,0.07572852075099945,0.9980872273445129,0.9998311996459961,True,False,True,0.32749032974243164,0.2797437906265259
2661,True,RIGHT_EYE,0.32762575149536133,0.2924528419971466,0.044370174407958984,0.9981659650802612,0.999646782875061,True,False,True,0.32762575149536133,0.2924528419971466
2662,True,RIGHT_EYE,0.3280877470970154,0.3028090000152588,0.10485667735338211,0.9982831478118896,0.9998338222503662,True,False,True,0.3280877470970154,0.3028090000152588
2663,True,RIGHT_EYE,0.3301541209220886,0.3148953318595886,0.1228882446885109,0.9983884692192078,0.999767005443573,True,False,True,0.3301541209220886,0.3148953318595886
2664,True,RIGHT_EYE,0.33039823174476624,0.31873124837875366,0.15620724856853485,0.998516321182251,0.9999023675918579,True,False,True,0.33039823174476624,0.31873124837875366
2665,True,RIGHT_EYE,0.32980164885520935,0.3254375755786896,0.09331326931715012,0.998509407043457,0.9998297691345215,True,False,True,0.32980164885520935,0.3254375755786896
2666,True,RIGHT_EYE,0.31128066778182983,0.3315231204032898,-0.17389462888240814,0.9986333250999451,0.9998427629470825,True,False,True,0.31128066778182983,0.3315231204032898
2667,True,RIGHT_EYE,0.29493555426597595,0.3278566598892212,-0.29816535115242004,0.9986633658409119,0.9996787309646606,True,False,True,0.29493555426597595,0.3278566598892212
2668,True,RIGHT_EYE,0.27771270275115967,0.3234611451625824,-0.29463985562324524,0.9987847208976746,0.9999387264251709,True,False,True,0.27771270275115967,0.3234611451625824
2669,True,RIGHT_EYE,0.2675602436065674,0.32122889161109924,-0.3556463420391083,0.9988915920257568,0.999962568283081,True,False,True,0.2675602436065674,0.32122889161109924
2670,True,RIGHT_EYE,0.2632800042629242,0.3174413740634918,-0.3593886196613312,0.9989946484565735,0.9999587535858154,True,False,True,0.2632800042629242,0.3174413740634918
2671,True,RIGHT_EYE,0.25514838099479675,0.3089911639690399,-0.4195410907268524,0.9990809559822083,0.9999555349349976,True,False,True,0.25514838099479675,0.3089911639690399
2672,True,RIGHT_EYE,0.2501826286315918,0.2939548194408417,-0.35712411999702454,0.9991610646247864,0.9999198913574219,True,False,True,0.2501826286315918,0.2939548194408417
2673,True,RIGHT_EYE,0.2468290776014328,0.2821550965309143,-0.3914044499397278,0.9992312788963318,0.9999319314956665,True,False,True,0.2468290776014328,0.2821550965309143
2674,True,RIGHT_EYE,0.24267008900642395,0.2716282904148102,-0.4335668981075287,0.9992780089378357,0.9999111890792847,True,False,True,0.24267008900642395,0.2716282904148102
2675,True,RIGHT_EYE,0.23621037602424622,0.26850733160972595,-0.4489871859550476,0.999333381652832,0.9999338388442993,True,False,True,0.23621037602424622,0.26850733160972595
2676,True,RIGHT_EYE,0.2342168092727661,0.2665843069553375,-0.4707437753677368,0.9993658065795898,0.9998679161071777,True,False,True,0.2342168092727661,0.2665843069553375
2677,True,RIGHT_EYE,0.23109786212444305,0.26351606845855713,-0.4117155373096466,0.9993976354598999,0.9997054934501648,True,False,True,0.23109786212444305,0.26351606845855713
2678,True,RIGHT_EYE,0.22809454798698425,0.26221975684165955,-0.3804742693901062,0.9994301199913025,0.9996986389160156,True,False,True,0.22809454798698425,0.26221975684165955
2679,True,RIGHT_EYE,0.22482872009277344,0.2637255787849426,-0.4320000410079956,0.9994545578956604,0.9998082518577576,True,False,True,0.22482872009277344,0.2637255787849426
2680,True,RIGHT_EYE,0.22038166224956512,0.2626248002052307,-0.44500336050987244,0.9994251728057861,0.9996497631072998,True,False,True,0.22038166224956512,0.2626248002052307
2681,True,RIGHT_EYE,0.21676291525363922,0.2609468996524811,-0.42036309838294983,0.9994122385978699,0.9997001886367798,True,False,True,0.21676291525363922,0.2609468996524811
2682,True,RIGHT_EYE,0.21291851997375488,0.2592289447784424,-0.4328387677669525,0.999413013458252,0.9997373223304749,True,False,True,0.21291851997375488,0.2592289447784424
2683,True,RIGHT_EYE,0.20980049669742584,0.25865596532821655,-0.4021744728088379,0.9994608163833618,0.9999195337295532,True,False,True,0.20980049669742584,0.25865596532821655
2684,True,RIGHT_EYE,0.2058238536119461,0.2577589154243469,-0.31567832827568054,0.9994847774505615,0.9998189806938171,True,False,True,0.2058238536119461,0.2577589154243469
2685,True,RIGHT_EYE,0.20113949477672577,0.2560748755931854,-0.3226286470890045,0.9995123744010925,0.9998143315315247,True,False,True,0.20113949477672577,0.2560748755931854
2686,True,RIGHT_EYE,0.19699761271476746,0.25713613629341125,-0.32635316252708435,0.9995149374008179,0.9997372031211853,True,False,True,0.19699761271476746,0.25713613629341125
2687,True,RIGHT_EYE,0.19418111443519592,0.25760188698768616,-0.3632757365703583,0.9994893670082092,0.9996598958969116,True,False,True,0.19418111443519592,0.25760188698768616
2688,True,RIGHT_EYE,0.1899019181728363,0.25815877318382263,-0.3367663025856018,0.9995118379592896,0.9997714161872864,True,False,True,0.1899019181728363,0.25815877318382263
2689,True,RIGHT_EYE,0.18517479300498962,0.2583538889884949,-0.3384752571582794,0.9995311498641968,0.9997606873512268,True,False,True,0.18517479300498962,0.2583538889884949
2690,True,RIGHT_EYE,0.17870020866394043,0.2586677074432373,-0.3312344551086426,0.9995629787445068,0.9998268485069275,True,False,True,0.17870020866394043,0.2586677074432373
2691,True,RIGHT_EYE,0.17244252562522888,0.2582551836967468,-0.3234691619873047,0.9995982050895691,0.9998846054077148,True,False,True,0.17244252562522888,0.2582551836967468
2692,True,RIGHT_EYE,0.16855615377426147,0.25841349363327026,-0.388581246137619,0.9996277689933777,0.9998767375946045,True,False,True,0.16855615377426147,0.25841349363327026
2693,True,RIGHT_EYE,0.16428807377815247,0.2587706744670868,-0.38502323627471924,0.9996364712715149,0.9997748732566833,True,False,True,0.16428807377815247,0.2587706744670868
2694,True,RIGHT_EYE,0.15893225371837616,0.25884872674942017,-0.40992194414138794,0.9996415376663208,0.9997805953025818,True,False,True,0.15893225371837616,0.25884872674942017
2695,True,RIGHT_EYE,0.156321182847023,0.25894808769226074,-0.4869557023048401,0.9996345043182373,0.9997302889823914,True,False,True,0.156321182847023,0.25894808769226074
2696,True,RIGHT_EYE,0.1543041169643402,0.25567981600761414,-0.4461575150489807,0.9996515512466431,0.9997449517250061,True,False,True,0.1543041169643402,0.25567981600761414
2697,True,RIGHT_EYE,0.1542300432920456,0.2523638904094696,-0.5782342553138733,0.9996680617332458,0.9997673630714417,True,False,True,0.1542300432920456,0.2523638904094696
2698,True,RIGHT_EYE,0.14922185242176056,0.2446725219488144,-0.541570782661438,0.9996935129165649,0.9998537302017212,True,False,True,0.14922185242176056,0.2446725219488144
2699,True,RIGHT_EYE,0.15017975866794586,0.24130213260650635,-0.4840356409549713,0.9997031092643738,0.9996293783187866,True,False,True,0.15017975866794586,0.24130213260650635
2700,True,RIGHT_EYE,0.15094074606895447,0.23296970129013062,-0.4283163547515869,0.9997145533561707,0.9991733431816101,True,False,True,0.15094074606895447,0.23296970129013062
2701,True,RIGHT_EYE,0.1519613415002823,0.2277374416589737,-0.38176393508911133,0.9997332692146301,0.9994522929191589,True,False,True,0.1519613415002823,0.2277374416589737
2702,True,RIGHT_EYE,0.15172763168811798,0.22766774892807007,-0.39866429567337036,0.9997528195381165,0.9994588494300842,True,False,True,0.15172763168811798,0.22766774892807007
2703,True,RIGHT_EYE,0.15132014453411102,0.2253647893667221,-0.40241655707359314,0.9997735619544983,0.9996911287307739,True,False,True,0.15132014453411102,0.2253647893667221
2704,True,RIGHT_EYE,0.15161645412445068,0.22417187690734863,-0.3986455202102661,0.9997889995574951,0.9995703101158142,True,False,True,0.15161645412445068,0.22417187690734863
2705,True,RIGHT_EYE,0.15174394845962524,0.22276750206947327,-0.332940936088562,0.9997923374176025,0.9994363188743591,True,False,True,0.15174394845962524,0.22276750206947327
2706,True,RIGHT_EYE,0.15193727612495422,0.22340147197246552,-0.2941014766693115,0.9997917413711548,0.9995794892311096,True,False,True,0.15193727612495422,0.22340147197246552
2707,True,RIGHT_EYE,0.15279065072536469,0.22333656251430511,-0.33511170744895935,0.999799907207489,0.9996078610420227,True,False,True,0.15279065072536469,0.22333656251430511
2708,True,RIGHT_EYE,0.15388834476470947,0.22426481544971466,-0.30620479583740234,0.9998127222061157,0.999742329120636,True,False,True,0.15388834476470947,0.22426481544971466
2709,True,RIGHT_EYE,0.1584959328174591,0.22514547407627106,-0.32877805829048157,0.9998188614845276,0.9994250535964966,True,False,True,0.1584959328174591,0.22514547407627106
2604,True,RIGHT_EYE_INNER,0.2554316520690918,0.21764229238033295,-0.1633048802614212,0.9996929168701172,0.9998694658279419,True,False,True,0.2554316520690918,0.21764229238033295
2605,True,RIGHT_EYE_INNER,0.26356372237205505,0.21614466607570648,-0.18554875254631042,0.999678373336792,0.999830961227417,True,False,True,0.26356372237205505,0.21614466607570648
2606,True,RIGHT_EYE_INNER,0.26332685351371765,0.2145714908838272,-0.1815805584192276,0.9996925592422485,0.999919056892395,True,False,True,0.26332685351371765,0.2145714908838272
2607,True,RIGHT_EYE_INNER,0.26619625091552734,0.21654154360294342,-0.26552480459213257,0.9996904730796814,0.9999427795410156,True,False,True,0.26619625091552734,0.21654154360294342
2608,True,RIGHT_EYE_INNER,0.2678793668746948,0.2165602594614029,-0.22654137015342712,0.9997102618217468,0.9999555349349976,True,False,True,0.2678793668746948,0.2165602594614029
2609,True,RIGHT_EYE_INNER,0.2684246301651001,0.21656423807144165,-0.2127431035041809,0.9997320175170898,0.9999467134475708,True,False,True,0.2684246301651001,0.21656423807144165
2610,True,RIGHT_EYE_INNER,0.27298063039779663,0.21656808257102966,-0.21693158149719238,0.9997166395187378,0.9998550415039062,True,False,True,0.27298063039779663,0.21656808257102966
2611,True,RIGHT_EYE_INNER,0.2753714621067047,0.21403267979621887,-0.24657395482063293,0.9997045993804932,0.9998362064361572,True,False,True,0.2753714621067047,0.21403267979621887
2612,True,RIGHT_EYE_INNER,0.2812056541442871,0.21206767857074738,-0.2805182635784149,0.9997055530548096,0.9998204112052917,True,False,True,0.2812056541442871,0.21206767857074738
2613,True,RIGHT_EYE_INNER,0.2815117835998535,0.211819589138031,-0.2530505955219269,0.999715268611908,0.999758780002594,True,False,True,0.2815117835998535,0.211819589138031
2614,True,RIGHT_EYE_INNER,0.2804318070411682,0.21289579570293427,-0.24907241761684418,0.9996796250343323,0.9994206428527832,True,False,True,0.2804318070411682,0.21289579570293427
2615,True,RIGHT_EYE_INNER,0.2811562120914459,0.21263718605041504,-0.21212425827980042,0.9995741248130798,0.9988301396369934,True,False,True,0.2811562120914459,0.21263718605041504
2616,True,RIGHT_EYE_INNER,0.2825573682785034,0.21265116333961487,-0.14596165716648102,0.9993736743927002,0.9973028898239136,True,False,True,0.2825573682785034,0.21265116333961487
2617,True,RIGHT_EYE_INNER,0.28629598021507263,0.21284416317939758,-0.1606142371892929,0.9992044568061829,0.997747004032135,True,False,True,0.28629598021507263,0.21284416317939758
2618,True,RIGHT_EYE_INNER,0.28917211294174194,0.21520552039146423,-0.1716691553592682,0.999191164970398,0.9986213445663452,True,False,True,0.28917211294174194,0.21520552039146423
2619,True,RIGHT_EYE_INNER,0.28990715742111206,0.21673090755939484,-0.19505032896995544,0.9989387392997742,0.9972870349884033,True,False,True,0.28990715742111206,0.21673090755939484
2620,True,RIGHT_EYE_INNER,0.29365578293800354,0.21685202419757843,-0.2577309310436249,0.9987372756004333,0.997794508934021,True,False,True,0.29365578293800354,0.21685202419757843
2621,True,RIGHT_EYE_INNER,0.29848361015319824,0.21740570664405823,-0.3050210773944855,0.9985167980194092,0.9986498951911926,True,False,True,0.29848361015319824,0.21740570664405823
2622,True,RIGHT_EYE_INNER,0.29978036880493164,0.2202865034341812,-0.3487643599510193,0.9985018372535706,0.9995730519294739,True,False,True,0.29978036880493164,0.2202865034341812
2623,True,RIGHT_EYE_INNER,0.30170729756355286,0.22766710817813873,-0.40593603253364563,0.9984961152076721,0.9995694756507874,True,False,True,0.30170729756355286,0.22766710817813873
2624,True,RIGHT_EYE_INNER,0.31386682391166687,0.2316199094057083,-0.3325442373752594,0.998609185218811,0.9998313188552856,True,False,True,0.31386682391166687,0.2316199094057083
2625,True,RIGHT_EYE_INNER,0.31743124127388,0.24078811705112457,-0.3269735276699066,0.9987106919288635,0.9998596906661987,True,False,True,0.31743124127388,0.24078811705112457
2626,True,RIGHT_EYE_INNER,0.32820966839790344,0.24856501817703247,-0.3447536528110504,0.9987536668777466,0.9997394680976868,True,False,True,0.32820966839790344,0.24856501817703247
2627,True,RIGHT_EYE_INNER,0.3386021554470062,0.26339274644851685,-0.3680199384689331,0.9987669587135315,0.9995349645614624,True,False,True,0.3386021554470062,0.26339274644851685
2628,True,RIGHT_EYE_INNER,0.3447783887386322,0.2823745310306549,-0.4167504906654358,0.9987909197807312,0.9995953440666199,True,False,True,0.3447783887386322,0.2823745310306549
2629,True,RIGHT_EYE_INNER,0.3559603691101074,0.29580241441726685,-0.5463083386421204,0.9988901019096375,0.9998630285263062,True,False,True,0.3559603691101074,0.29580241441726685
2630,True,RIGHT_EYE_INNER,0.3625612258911133,0.3148193657398224,-0.6265820264816284,0.9989832639694214,0.9999178647994995,True,False,True,0.3625612258911133,0.3148193657398224
2631,True,RIGHT_EYE_INNER,0.36655494570732117,0.3379429876804352,-0.6669925451278687,0.9990745782852173,0.9999256134033203,True,False,True,0.36655494570732117,0.3379429876804352
2632,True,RIGHT_EYE_INNER,0.3773132860660553,0.3515397012233734,-0.6266512274742126,0.9991626143455505,0.999944806098938,True,False,True,0.3773132860660553,0.3515397012233734
2633,True,RIGHT_EYE_INNER,0.3850169777870178,0.3639374077320099,-0.6850885152816772,0.9992418885231018,0.9999725818634033,True,False,True,0.3850169777870178,0.3639374077320099
2634,True,RIGHT_EYE_INNER,0.39017513394355774,0.3788202702999115,-0.6751634478569031,0.9993107318878174,0.9999631643295288,True,False,True,0.39017513394355774,0.3788202702999115
2635,True,RIGHT_EYE_INNER,0.40186646580696106,0.38840341567993164,-0.3737016022205353,0.9993503093719482,0.9997654557228088,True,False,True,0.40186646580696106,0.38840341567993164
2636,True,RIGHT_EYE_INNER,0.395205020904541,0.4009154140949249,-0.24802647531032562,0.9994086027145386,0.9999463558197021,True,False,True,0.395205020904541,0.4009154140949249
2637,True,RIGHT_EYE_INNER,0.4049127995967865,0.39324745535850525,-0.2701985836029053,0.9994297623634338,0.9992305040359497,True,False,True,0.4049127995967865,0.39324745535850525
2638,True,RIGHT_EYE_INNER,0.41136565804481506,0.38365238904953003,0.0009730908204801381,0.9994084239006042,0.9995809197425842,True,False,True,0.41136565804481506,0.38365238904953003
2639,True,RIGHT_EYE_INNER,0.40688562393188477,0.37614303827285767,0.020611731335520744,0.9993465542793274,0.9998800754547119,True,False,True,0.40688562393188477,0.37614303827285767
2640,True,RIGHT_EYE_INNER,0.3733096718788147,0.37738317251205444,0.24287216365337372,0.9993743896484375,0.9999939203262329,True,False,True,0.3733096718788147,0.37738317251205444
2641,True,RIGHT_EYE_INNER,0.3380489945411682,0.37884020805358887,0.17890314757823944,0.9993706345558167,0.9999798536300659,True,False,True,0.3380489945411682,0.37884020805358887
2642,True,RIGHT_EYE_INNER,0.3215324580669403,0.381538063287735,0.009196973405778408,0.9990138411521912,0.999929666519165,True,False,True,0.3215324580669403,0.381538063287735
2643,True,RIGHT_EYE_INNER,0.31939542293548584,0.38465604186058044,0.3325781226158142,0.9967508316040039,0.9999191761016846,True,False,True,0.31939542293548584,0.38465604186058044
2644,True,RIGHT_EYE_INNER,0.31933799386024475,0.3839845359325409,0.6390705704689026,0.9959249496459961,0.9999946355819702,True,False,True,0.31933799386024475,0.3839845359325409
2645,True,RIGHT_EYE_INNER,0.3155650496482849,0.38341212272644043,0.6974089741706848,0.9948483109474182,0.9999361038208008,True,False,True,0.3155650496482849,0.38341212272644043
2646,True,RIGHT_EYE_INNER,0.3038609027862549,0.37593773007392883,0.6921799182891846,0.994594156742096,0.9999508857727051,True,False,True,0.3038609027862549,0.37593773007392883
2647,True,RIGHT_EYE_INNER,0.28810399770736694,0.3658576011657715,0.5086069107055664,0.9951322674751282,0.999969482421875,True,False,True,0.28810399770736694,0.3658576011657715
2648,True,RIGHT_EYE_INNER,0.27775439620018005,0.35277971625328064,0.4626668691635132,0.9955888986587524,0.9991616010665894,True,False,True,0.27775439620018005,0.35277971625328064
2649,True,RIGHT_EYE_INNER,0.2829304337501526,0.33719125390052795,0.52055424451828,0.996024489402771,0.9999921321868896,True,False,True,0.2829304337501526,0.33719125390052795
2650,True,RIGHT_EYE_INNER,0.2833518385887146,0.33364319801330566,0.46036842465400696,0.9964204430580139,0.9999874830245972,True,False,True,0.2833518385887146,0.33364319801330566
2651,True,RIGHT_EYE_INNER,0.25948578119277954,0.3039681315422058,0.059849560260772705,0.9967776536941528,0.999882698059082,True,False,True,0.25948578119277954,0.3039681315422058
2652,True,RIGHT_EYE_INNER,0.2617095708847046,0.26640841364860535,0.3936493992805481,0.9970991611480713,0.999993085861206,True,False,True,0.2617095708847046,0.26640841364860535
2653,True,RIGHT_EYE_INNER,0.2765218913555145,0.24604232609272003,0.34787052869796753,0.9973866939544678,0.9999581575393677,True,False,True,0.2765218913555145,0.24604232609272003
2654,True,RIGHT_EYE_INNER,0.27942779660224915,0.2706034779548645,0.19230540096759796,0.9974673390388489,0.9991998076438904,True,False,True,0.27942779660224915,0.2706034779548645
2655,True,RIGHT_EYE_INNER,0.2802285850048065,0.24326498806476593,0.2275853455066681,0.9974054098129272,0.9953536987304688,True,False,True,0.2802285850048065,0.24326498806476593
2656,True,RIGHT_EYE_INNER,0.3033910095691681,0.24174359440803528,0.2484186589717865,0.9974238872528076,0.9970728158950806,True,False,True,0.3033910095691681,0.24174359440803528
2657,True,RIGHT_EYE_INNER,0.3128393590450287,0.24433556199073792,0.1137412041425705,0.9975724816322327,0.9993640780448914,True,False,True,0.3128393590450287,0.24433556199073792
2658,True,RIGHT_EYE_INNER,0.32204753160476685,0.2528921663761139,0.11010658740997314,0.9977086186408997,0.9997639060020447,True,False,True,0.32204753160476685,0.2528921663761139
2659,True,RIGHT_EYE_INNER,0.3225381672382355,0.25769370794296265,0.07712467014789581,0.997836172580719,0.9996261596679688,True,False,True,0.3225381672382355,0.25769370794296265
2660,True,RIGHT_EYE_INNER,0.3238062858581543,0.2819294333457947,0.07581187784671783,0.9980172514915466,0.9998214840888977,True,False,True,0.3238062858581543,0.2819294333457947
2661,True,RIGHT_EYE_INNER,0.3242926597595215,0.29488712549209595,0.04440172016620636,0.9980915188789368,0.9996232986450195,True,False,True,0.3242926597595215,0.29488712549209595
2662,True,RIGHT_EYE_INNER,0.3248586058616638,0.30525922775268555,0.10491371154785156,0.9982032775878906,0.999819815158844,True,False,True,0.3248586058616638,0.30525922775268555
2663,True,RIGHT_EYE_INNER,0.3266787827014923,0.31677982211112976,0.12297160923480988,0.9983075857162476,0.9997413754463196,True,False,True,0.3266787827014923,0.31677982211112976
2664,True,RIGHT_EYE_INNER,0.32711508870124817,0.32049760222435,0.15628668665885925,0.9984447360038757,0.9998925924301147,True,False,True,0.32711508870124817,0.32049760222435
2665,True,RIGHT_EYE_INNER,0.3266015350818634,0.3265177607536316,0.09338866919279099,0.9984427690505981,0.9998237490653992,True,False,True,0.3266015350818634,0.3265177607536316
2666,True,RIGHT_EYE_INNER,0.3109665513038635,0.33239316940307617,-0.17379017174243927,0.9985731244087219,0.999824583530426,True,False,True,0.3109665513038635,0.33239316940307617
2667,True,RIGHT_EYE_INNER,0.294161319732666,0.3287891447544098,-0.29809606075286865,0.9985953569412231,0.9996178150177002,True,False,True,0.294161319732666,0.3287891447544098
2668,True,RIGHT_EYE_INNER,0.2770459055900574,0.32454997301101685,-0.2945750653743744,0.9987230896949768,0.9999313354492188,True,False,True,0.2770459055900574,0.32454997301101685
2669,True,RIGHT_EYE_INNER,0.2667870819568634,0.3224278390407562,-0.35559070110321045,0.9988366365432739,0.999962568283081,True,False,True,0.2667870819568634,0.3224278390407562
2670,True,RIGHT_EYE_INNER,0.2628021836280823,0.3180563449859619,-0.3593095541000366,0.9989457726478577,0.9999585151672363,True,False,True,0.2628021836280823,0.3180563449859619
2671,True,RIGHT_EYE_INNER,0.2549864947795868,0.3092045485973358,-0.41946253180503845,0.9990383386611938,0.9999558925628662,True,False,True,0.2549864947795868,0.3092045485973358
2672,True,RIGHT_EYE_INNER,0.2502659559249878,0.29427778720855713,-0.3570632338523865,0.9991236329078674,0.9999173879623413,True,False,True,0.2502659559249878,0.29427778720855713
2673,True,RIGHT_EYE_INNER,0.24756257236003876,0.2823708653450012,-0.3913429081439972,0.9992000460624695,0.9999349117279053,True,False,True,0.24756257236003876,0.2823708653450012
2674,True,RIGHT_EYE_INNER,0.24330727756023407,0.27195751667022705,-0.4334849715232849,0.9992544054985046,0.9999144077301025,True,False,True,0.24330727756023407,0.27195751667022705
2675,True,RIGHT_EYE_INNER,0.23727057874202728,0.26884958148002625,-0.44891121983528137,0.9993154406547546,0.9999369382858276,True,False,True,0.23727057874202728,0.26884958148002625
2676,True,RIGHT_EYE_INNER,0.23536284267902374,0.2668832540512085,-0.47066977620124817,0.9993560314178467,0.9998736381530762,True,False,True,0.23536284267902374,0.2668832540512085
2677,True,RIGHT_EYE_INNER,0.23256537318229675,0.26394012570381165,-0.4116040766239166,0.9993937611579895,0.9997097849845886,True,False,True,0.23256537318229675,0.26394012570381165
2678,True,RIGHT_EYE_INNER,0.229462131857872,0.2627836763858795,-0.380383163690567,0.9994314312934875,0.9997103810310364,True,False,True,0.229462131857872,0.2627836763858795
2679,True,RIGHT_EYE_INNER,0.22663478553295135,0.2644958198070526,-0.4318869113922119,0.9994606375694275,0.9998216032981873,True,False,True,0.22663478553295135,0.2644958198070526
2680,True,RIGHT_EYE_INNER,0.22213870286941528,0.2633954584598541,-0.44487908482551575,0.9994413256645203,0.9996693134307861,True,False,True,0.22213870286941528,0.2633954584598541
2681,True,RIGHT_EYE_INNER,0.21870853006839752,0.261760950088501,-0.4202743470668793,0.9994418621063232,0.9997327923774719,True,False,True,0.21870853006839752,0.261760950088501
2682,True,RIGHT_EYE_INNER,0.21493259072303772,0.25994357466697693,-0.43275687098503113,0.999445378780365,0.999752938747406,True,False,True,0.21493259072303772,0.25994357466697693
2683,True,RIGHT_EYE_INNER,0.21217553317546844,0.2594156563282013,-0.40213483572006226,0.9994915127754211,0.9999251365661621,True,False,True,0.21217553317546844,0.2594156563282013
2684,True,RIGHT_EYE_INNER,0.20794792473316193,0.25842785835266113,-0.31564199924468994,0.9995198249816895,0.9998295307159424,True,False,True,0.20794792473316193,0.25842785835266113
2685,True,RIGHT_EYE_INNER,0.20326925814151764,0.256664514541626,-0.3225862979888916,0.9995483756065369,0.9998258948326111,True,False,True,0.20326925814151764,0.256664514541626
2686,True,RIGHT_EYE_INNER,0.1990339159965515,0.2577536106109619,-0.3263265788555145,0.9995592832565308,0.9997580647468567,True,False,True,0.1990339159965515,0.2577536106109619
2687,True,RIGHT_EYE_INNER,0.19651226699352264,0.2582075297832489,-0.363252192735672,0.9995436072349548,0.9996856451034546,True,False,True,0.19651226699352264,0.2582075297832489
2688,True,RIGHT_EYE_INNER,0.19240528345108032,0.2587922513484955,-0.3367474675178528,0.999567449092865,0.9997879862785339,True,False,True,0.19240528345108032,0.2587922513484955
2689,True,RIGHT_EYE_INNER,0.18796783685684204,0.25893402099609375,-0.33844223618507385,0.9995872974395752,0.9997760653495789,True,False,True,0.18796783685684204,0.25893402099609375
2690,True,RIGHT_EYE_INNER,0.1815376579761505,0.2592596709728241,-0.331188827753067,0.9996158480644226,0.9998352527618408,True,False,True,0.1815376579761505,0.2592596709728241
2691,True,RIGHT_EYE_INNER,0.17558608949184418,0.25889936089515686,-0.3234099745750427,0.9996476769447327,0.9998956918716431,True,False,True,0.17558608949184418,0.25889936089515686
2692,True,RIGHT_EYE_INNER,0.17164485156536102,0.25901705026626587,-0.3885100781917572,0.9996734261512756,0.9998840093612671,True,False,True,0.17164485156536102,0.25901705026626587
2693,True,RIGHT_EYE_INNER,0.16718588769435883,0.25937291979789734,-0.38496193289756775,0.9996835589408875,0.9997984766960144,True,False,True,0.16718588769435883,0.25937291979789734
2694,True,RIGHT_EYE_INNER,0.16160614788532257,0.259489506483078,-0.40984880924224854,0.9996886253356934,0.9997969269752502,True,False,True,0.16160614788532257,0.259489506483078
2695,True,RIGHT_EYE_INNER,0.1591878980398178,0.25960883498191833,-0.48685890436172485,0.9996827840805054,0.9997512698173523,True,False,True,0.1591878980398178,0.25960883498191833
2696,True,RIGHT_EYE_INNER,0.15720206499099731,0.25637000799179077,-0.4460701048374176,0.9996978044509888,0.9997661709785461,True,False,True,0.15720206499099731,0.25637000799179077
2697,True,RIGHT_EYE_INNER,0.1572171002626419,0.2528820335865021,-0.5781066417694092,0.9997128844261169,0.9997926354408264,True,False,True,0.1572171002626419,0.2528820335865021
2698,True,RIGHT_EYE_INNER,0.15226022899150848,0.2451086938381195,-0.5414078235626221,0.9997354745864868,0.9998677968978882,True,False,True,0.15226022899150848,0.2451086938381195
2699,True,RIGHT_EYE_INNER,0.15329596400260925,0.2414809763431549,-0.48391953110694885,0.9997453689575195,0.9996545314788818,True,False,True,0.15329596400260925,0.2414809763431549
2700,True,RIGHT_EYE_INNER,0.15403646230697632,0.23301760852336884,-0.42825227975845337,0.9997556805610657,0.9992127418518066,True,False,True,0.15403646230697632,0.23301760852336884
2701,True,RIGHT_EYE_INNER,0.15505017340183258,0.22790133953094482,-0.3817127048969269,0.999771773815155,0.9994891881942749,True,False,True,0.15505017340183258,0.22790133953094482
2702,True,RIGHT_EYE_INNER,0.15467669069766998,0.22771736979484558,-0.39868053793907166,0.9997886419296265,0.9994812607765198,True,False,True,0.15467669069766998,0.22771736979484558
2703,True,RIGHT_EYE_INNER,0.15422740578651428,0.22543413937091827,-0.4024123549461365,0.9998061060905457,0.9996943473815918,True,False,True,0.15422740578651428,0.22543413937091827
2704,True,RIGHT_EYE_INNER,0.15454061329364777,0.2242128849029541,-0.3986276686191559,0.9998186230659485,0.9995712637901306,True,False,True,0.15454061329364777,0.2242128849029541
2705,True,RIGHT_EYE_INNER,0.15441031754016876,0.2228197157382965,-0.33290740847587585,0.999820351600647,0.9994025230407715,True,False,True,0.15441031754016876,0.2228197157382965
2706,True,RIGHT_EYE_INNER,0.1547219306230545,0.22346222400665283,-0.2940550148487091,0.9998180866241455,0.9995500445365906,True,False,True,0.1547219306230545,0.22346222400665283
2707,True,RIGHT_EYE_INNER,0.15565912425518036,0.22336794435977936,-0.33506467938423157,0.9998250007629395,0.9995874762535095,True,False,True,0.15565912425518036,0.22336794435977936
2708,True,RIGHT_EYE_INNER,0.15671037137508392,0.22433117032051086,-0.30613797903060913,0.9998357892036438,0.9997275471687317,True,False,True,0.15671037137508392,0.22433117032051086
2709,True,RIGHT_EYE_INNER,0.16139215230941772,0.22540536522865295,-0.32872912287712097,0.9998401999473572,0.9994221925735474,True,False,True,0.16139215230941772,0.22540536522865295
2604,True,RIGHT_EYE_OUTER,0.2501440942287445,0.21688874065876007,-0.16334928572177887,0.9996324777603149,0.9998424053192139,True,False,True,0.2501440942287445,0.21688874065876007
2605,True,RIGHT_EYE_OUTER,0.25374463200569153,0.2151896059513092,-0.18558789789676666,0.9995986819267273,0.9997590184211731,True,False,True,0.25374463200569153,0.2151896059513092
2606,True,RIGHT_EYE_OUTER,0.2513844072818756,0.21415485441684723,-0.1817273050546646,0.9996176958084106,0.9999083280563354,True,False,True,0.2513844072818756,0.21415485441684723
2607,True,RIGHT_EYE_OUTER,0.25531142950057983,0.2165772020816803,-0.2657202184200287,0.9996193647384644,0.9999358654022217,True,False,True,0.25531142950057983,0.2165772020816803
2608,True,RIGHT_EYE_OUTER,0.25710076093673706,0.2168199121952057,-0.2268979549407959,0.9996461272239685,0.9999496936798096,True,False,True,0.25710076093673706,0.2168199121952057
2609,True,RIGHT_EYE_OUTER,0.25833404064178467,0.2168246954679489,-0.21298439800739288,0.9996732473373413,0.999935507774353,True,False,True,0.25833404064178467,0.2168246954679489
2610,True,RIGHT_EYE_OUTER,0.2645542621612549,0.2168194055557251,-0.2171076089143753,0.9996658563613892,0.9998480081558228,True,False,True,0.2645542621612549,0.2168194055557251
2611,True,RIGHT_EYE_OUTER,0.2677956521511078,0.21420103311538696,-0.24668335914611816,0.9996528029441833,0.999806821346283,True,False,True,0.2677956521511078,0.21420103311538696
2612,True,RIGHT_EYE_OUTER,0.2733243703842163,0.21187259256839752,-0.2805786430835724,0.9996494054794312,0.9997572302818298,True,False,True,0.2733243703842163,0.21187259256839752
2613,True,RIGHT_EYE_OUTER,0.2731262147426605,0.21140454709529877,-0.253131240606308,0.9996574521064758,0.9996533393859863,True,False,True,0.2731262147426605,0.21140454709529877
2614,True,RIGHT_EYE_OUTER,0.2720522880554199,0.21190528571605682,-0.24917778372764587,0.9996114373207092,0.9992484450340271,True,False,True,0.2720522880554199,0.21190528571605682
2615,True,RIGHT_EYE_OUTER,0.27269721031188965,0.21154288947582245,-0.2122812569141388,0.9994766116142273,0.9984365105628967,True,False,True,0.27269721031188965,0.21154288947582245
2616,True,RIGHT_EYE_OUTER,0.27399352192878723,0.211585134267807,-0.14616963267326355,0.9992609620094299,0.996712327003479,True,False,True,0.27399352192878723,0.211585134267807
2617,True,RIGHT_EYE_OUTER,0.27769291400909424,0.21163783967494965,-0.16078442335128784,0.999052882194519,0.9969099164009094,True,False,True,0.27769291400909424,0.21163783967494965
2618,True,RIGHT_EYE_OUTER,0.2807736396789551,0.2136751115322113,-0.17183983325958252,0.9990428686141968,0.9983986020088196,True,False,True,0.2807736396789551,0.2136751115322113
2619,True,RIGHT_EYE_OUTER,0.2819773852825165,0.21508604288101196,-0.1952940672636032,0.9987584948539734,0.9966519474983215,True,False,True,0.2819773852825165,0.21508604288101196
2620,True,RIGHT_EYE_OUTER,0.2857004702091217,0.2152579128742218,-0.2579532265663147,0.9985532760620117,0.9975449442863464,True,False,True,0.2857004702091217,0.2152579128742218
2621,True,RIGHT_EYE_OUTER,0.2894238233566284,0.2158595323562622,-0.3052407205104828,0.9983452558517456,0.9986522793769836,True,False,True,0.2894238233566284,0.2158595323562622
2622,True,RIGHT_EYE_OUTER,0.28960809111595154,0.2192549705505371,-0.34894996881484985,0.9983353018760681,0.9995303153991699,True,False,True,0.28960809111595154,0.2192549705505371
2623,True,RIGHT_EYE_OUTER,0.29151681065559387,0.22676298022270203,-0.40610912442207336,0.9983251094818115,0.9994634985923767,True,False,True,0.29151681065559387,0.22676298022270203
2624,True,RIGHT_EYE_OUTER,0.3056018650531769,0.23129615187644958,-0.33271872997283936,0.9984520077705383,0.999775230884552,True,False,True,0.3056018650531769,0.23129615187644958
2625,True,RIGHT_EYE_OUTER,0.3088991940021515,0.2410152405500412,-0.32713666558265686,0.9985690712928772,0.9998050332069397,True,False,True,0.3088991940021515,0.2410152405500412
2626,True,RIGHT_EYE_OUTER,0.3196720778942108,0.24850571155548096,-0.3449324369430542,0.9986292123794556,0.9996535778045654,True,False,True,0.3196720778942108,0.24850571155548096
2627,True,RIGHT_EYE_OUTER,0.3322056531906128,0.2635221481323242,-0.36821213364601135,0.9986728429794312,0.9994619488716125,True,False,True,0.3322056531906128,0.2635221481323242
2628,True,RIGHT_EYE_OUTER,0.3370259702205658,0.2817504107952118,-0.4169105589389801,0.9987122416496277,0.9994864463806152,True,False,True,0.3370259702205658,0.2817504107952118
2629,True,RIGHT_EYE_OUTER,0.3482062816619873,0.2957974076271057,-0.5465208888053894,0.9988207221031189,0.999790608882904,True,False,True,0.3482062816619873,0.2957974076271057
2630,True,RIGHT_EYE_OUTER,0.3547818660736084,0.31537488102912903,-0.6267901659011841,0.9989208579063416,0.9998685121536255,True,False,True,0.3547818660736084,0.31537488102912903
2631,True,RIGHT_EYE_OUTER,0.3586638867855072,0.33851155638694763,-0.6672371625900269,0.9990196228027344,0.9998788833618164,True,False,True,0.3586638867855072,0.33851155638694763
2632,True,RIGHT_EYE_OUTER,0.3690747618675232,0.35210105776786804,-0.6268344521522522,0.9991142749786377,0.9999285936355591,True,False,True,0.3690747618675232,0.35210105776786804
2633,True,RIGHT_EYE_OUTER,0.3775470554828644,0.36403435468673706,-0.6852569580078125,0.9991985559463501,0.9999532699584961,True,False,True,0.3775470554828644,0.36403435468673706
2634,True,RIGHT_EYE_OUTER,0.38363832235336304,0.3781871497631073,-0.6754315495491028,0.9992725253105164,0.9999446868896484,True,False,True,0.38363832235336304,0.3781871497631073
2635,True,RIGHT_EYE_OUTER,0.39565563201904297,0.3867862820625305,-0.3739866614341736,0.9993193745613098,0.9996898174285889,True,False,True,0.39565563201904297,0.3867862820625305
2636,True,RIGHT_EYE_OUTER,0.38831645250320435,0.39936625957489014,-0.24832358956336975,0.9993829131126404,0.9999498128890991,True,False,True,0.38831645250320435,0.39936625957489014
2637,True,RIGHT_EYE_OUTER,0.3988284766674042,0.39227384328842163,-0.27027493715286255,0.9994009733200073,0.9987189769744873,True,False,True,0.3988284766674042,0.39227384328842163
2638,True,RIGHT_EYE_OUTER,0.41157761216163635,0.38320204615592957,0.000746044737752527,0.9993674159049988,0.9994766116142273,True,False,True,0.41157761216163635,0.38320204615592957
2639,True,RIGHT_EYE_OUTER,0.405921995639801,0.3757724463939667,0.020367205142974854,0.9993277788162231,0.9998732805252075,True,False,True,0.405921995639801,0.3757724463939667
2640,True,RIGHT_EYE_OUTER,0.3816734552383423,0.3762827515602112,0.24261879920959473,0.9993367791175842,0.9999901056289673,True,False,True,0.3816734552383423,0.3762827515602112
2641,True,RIGHT_EYE_OUTER,0.34801214933395386,0.3770458996295929,0.17872588336467743,0.9993013143539429,0.9999685287475586,True,False,True,0.34801214933395386,0.3770458996295929
2642,True,RIGHT_EYE_OUTER,0.32963067293167114,0.37971368432044983,0.009068449027836323,0.9989838004112244,0.9999247789382935,True,False,True,0.32963067293167114,0.37971368432044983
2643,True,RIGHT_EYE_OUTER,0.3285579979419708,0.3824974000453949,0.3322160243988037,0.9964988231658936,0.9999020099639893,True,False,True,0.3285579979419708,0.3824974000453949
2644,True,RIGHT_EYE_OUTER,0.3266873359680176,0.38177788257598877,0.6390467286109924,0.9955901503562927,0.999993085861206,True,False,True,0.3266873359680176,0.38177788257598877
2645,True,RIGHT_EYE_OUTER,0.322126567363739,0.3816269338130951,0.697204053401947,0.9944372177124023,0.9999071359634399,True,False,True,0.322126567363739,0.3816269338130951
2646,True,RIGHT_EYE_OUTER,0.31045418977737427,0.37411776185035706,0.6918930411338806,0.9942529201507568,0.9999395608901978,True,False,True,0.31045418977737427,0.37411776185035706
2647,True,RIGHT_EYE_OUTER,0.29567331075668335,0.3638322949409485,0.5084235072135925,0.9948254823684692,0.9999676942825317,True,False,True,0.29567331075668335,0.3638322949409485
2648,True,RIGHT_EYE_OUTER,0.28217262029647827,0.3517139256000519,0.4624881148338318,0.9953144788742065,0.9990403056144714,True,False,True,0.28217262029647827,0.3517139256000519
2649,True,RIGHT_EYE_OUTER,0.2875541150569916,0.33562523126602173,0.5204896926879883,0.9957780241966248,0.9999895095825195,True,False,True,0.2875541150569916,0.33562523126602173
2650,True,RIGHT_EYE_OUTER,0.2872527539730072,0.3300034701824188,0.4602750539779663,0.9961988925933838,0.999985933303833,True,False,True,0.2872527539730072,0.3300034701824188
2651,True,RIGHT_EYE_OUTER,0.2669719159603119,0.29169777035713196,0.05972561985254288,0.9965786933898926,0.9998878240585327,True,False,True,0.2669719159603119,0.29169777035713196
2652,True,RIGHT_EYE_OUTER,0.27274173498153687,0.2662685811519623,0.3934277892112732,0.9969203472137451,0.9999924898147583,True,False,True,0.27274173498153687,0.2662685811519623
2653,True,RIGHT_EYE_OUTER,0.28431352972984314,0.24538898468017578,0.347648561000824,0.9972267746925354,0.9999567270278931,True,False,True,0.28431352972984314,0.24538898468017578
2654,True,RIGHT_EYE_OUTER,0.2864707410335541,0.25585412979125977,0.1920309066772461,0.9973777532577515,0.9992503523826599,True,False,True,0.2864707410335541,0.25585412979125977
2655,True,RIGHT_EYE_OUTER,0.29175981879234314,0.24101124703884125,0.22737132012844086,0.9973288774490356,0.9946019649505615,True,False,True,0.29175981879234314,0.24101124703884125
2656,True,RIGHT_EYE_OUTER,0.31494519114494324,0.23927247524261475,0.24815508723258972,0.997350811958313,0.9966624975204468,True,False,True,0.31494519114494324,0.23927247524261475
2657,True,RIGHT_EYE_OUTER,0.32406771183013916,0.24125589430332184,0.1134679988026619,0.9975079298019409,0.9993382096290588,True,False,True,0.32406771183013916,0.24125589430332184
2658,True,RIGHT_EYE_OUTER,0.3322078287601471,0.2505333125591278,0.10978267341852188,0.9976621866226196,0.9997865557670593,True,False,True,0.3322078287601471,0.2505333125591278
2659,True,RIGHT_EYE_OUTER,0.331503689289093,0.2542893588542938,0.07674054056406021,0.997818112373352,0.9996949434280396,True,False,True,0.331503689289093,0.2542893588542938
2660,True,RIGHT_EYE_OUTER,0.331199586391449,0.27759450674057007,0.07556454837322235,0.9979947209358215,0.9998248219490051,True,False,True,0.331199586391449,0.27759450674057007
2661,True,RIGHT_EYE_OUTER,0.3311973810195923,0.28978633880615234,0.044211313128471375,0.9980756640434265,0.9996471405029297,True,False,True,0.3311973810195923,0.28978633880615234
2662,True,RIGHT_EYE_OUTER,0.3317556381225586,0.30000531673431396,0.10468204319477081,0.9981987476348877,0.9998316764831543,True,False,True,0.3317556381225586,0.30000531673431396
2663,True,RIGHT_EYE_OUTER,0.3338770568370819,0.31294941902160645,0.12271837145090103,0.9983243346214294,0.9997767806053162,True,False,True,0.3338770568370819,0.31294941902160645
2664,True,RIGHT_EYE_OUTER,0.33390629291534424,0.3169102668762207,0.15604586899280548,0.9984683394432068,0.9999040365219116,True,False,True,0.33390629291534424,0.3169102668762207
2665,True,RIGHT_EYE_OUTER,0.33367419242858887,0.3242638111114502,0.09317465126514435,0.9984886050224304,0.9998284578323364,True,False,True,0.33367419242858887,0.3242638111114502
2666,True,RIGHT_EYE_OUTER,0.31148338317871094,0.3306325674057007,-0.17398835718631744,0.9986214637756348,0.9998584985733032,True,False,True,0.31148338317871094,0.3306325674057007
2667,True,RIGHT_EYE_OUTER,0.29622358083724976,0.3268947899341583,-0.2982538640499115,0.9986708760261536,0.9997319579124451,True,False,True,0.29622358083724976,0.3268947899341583
2668,True,RIGHT_EYE_OUTER,0.27873754501342773,0.3223394751548767,-0.2946874797344208,0.9987933039665222,0.9999477863311768,True,False,True,0.27873754501342773,0.3223394751548767
2669,True,RIGHT_EYE_OUTER,0.2686678171157837,0.319997638463974,-0.355680376291275,0.9989004731178284,0.9999648332595825,True,False,True,0.2686678171157837,0.319997638463974
2670,True,RIGHT_EYE_OUTER,0.26396745443344116,0.3167158365249634,-0.3594381511211395,0.9990034699440002,0.9999614953994751,True,False,True,0.26396745443344116,0.3167158365249634
2671,True,RIGHT_EYE_OUTER,0.25554466247558594,0.3086688816547394,-0.41959312558174133,0.9990906119346619,0.9999587535858154,True,False,True,0.25554466247558594,0.3086688816547394
2672,True,RIGHT_EYE_OUTER,0.2503717243671417,0.29352858662605286,-0.357203871011734,0.9991713166236877,0.9999289512634277,True,False,True,0.2503717243671417,0.29352858662605286
2673,True,RIGHT_EYE_OUTER,0.24631331861019135,0.28188228607177734,-0.3914675712585449,0.9992417693138123,0.9999350309371948,True,False,True,0.24631331861019135,0.28188228607177734
2674,True,RIGHT_EYE_OUTER,0.24228675663471222,0.2713361978530884,-0.4336389899253845,0.9992910027503967,0.9999164342880249,True,False,True,0.24228675663471222,0.2713361978530884
2675,True,RIGHT_EYE_OUTER,0.2354053556919098,0.26820603013038635,-0.4490339457988739,0.9993470907211304,0.9999376535415649,True,False,True,0.2354053556919098,0.26820603013038635
2676,True,RIGHT_EYE_OUTER,0.23326748609542847,0.26630011200904846,-0.47079187631607056,0.999383270740509,0.9998779296875,True,False,True,0.23326748609542847,0.26630011200904846
2677,True,RIGHT_EYE_OUTER,0.22984740138053894,0.2631157338619232,-0.41179025173187256,0.9994184374809265,0.9997290968894958,True,False,True,0.22984740138053894,0.2631157338619232
2678,True,RIGHT_EYE_OUTER,0.22692951560020447,0.26164987683296204,-0.3805481493473053,0.9994518160820007,0.9997157454490662,True,False,True,0.22692951560020447,0.26164987683296204
2679,True,RIGHT_EYE_OUTER,0.2231902778148651,0.2628810703754425,-0.43202850222587585,0.9994739890098572,0.9998124241828918,True,False,True,0.2231902778148651,0.2628810703754425
2680,True,RIGHT_EYE_OUTER,0.21886546909809113,0.2617807388305664,-0.44504958391189575,0.9994438290596008,0.9996657371520996,True,False,True,0.21886546909809113,0.2617807388305664
2681,True,RIGHT_EYE_OUTER,0.21507689356803894,0.2600831985473633,-0.42041075229644775,0.9994239211082458,0.9996973276138306,True,False,True,0.21507689356803894,0.2600831985473633
2682,True,RIGHT_EYE_OUTER,0.2111407369375229,0.25846540927886963,-0.43294477462768555,0.9994189739227295,0.9997524619102478,True,False,True,0.2111407369375229,0.25846540927886963
2683,True,RIGHT_EYE_OUTER,0.2075914740562439,0.257819801568985,-0.4023042321205139,0.9994649291038513,0.9999233484268188,True,False,True,0.2075914740562439,0.257819801568985
2684,True,RIGHT_EYE_OUTER,0.20388096570968628,0.25704386830329895,-0.31572040915489197,0.9994891881942749,0.9998276233673096,True,False,True,0.20388096570968628,0.25704386830329895
2685,True,RIGHT_EYE_OUTER,0.19922353327274323,0.2554868757724762,-0.3226757347583771,0.999514639377594,0.9998226761817932,True,False,True,0.19922353327274323,0.2554868757724762
2686,True,RIGHT_EYE_OUTER,0.19514846801757812,0.2565194368362427,-0.3263867199420929,0.9995148777961731,0.9997442364692688,True,False,True,0.19514846801757812,0.2565194368362427
2687,True,RIGHT_EYE_OUTER,0.19198666512966156,0.2570079267024994,-0.36328941583633423,0.9994841814041138,0.9996738433837891,True,False,True,0.19198666512966156,0.2570079267024994
2688,True,RIGHT_EYE_OUTER,0.18753258883953094,0.257524698972702,-0.33677321672439575,0.9995066523551941,0.9997796416282654,True,False,True,0.18753258883953094,0.257524698972702
2689,True,RIGHT_EYE_OUTER,0.1824967861175537,0.25777891278266907,-0.33850908279418945,0.9995259046554565,0.9997714161872864,True,False,True,0.1824967861175537,0.25777891278266907
2690,True,RIGHT_EYE_OUTER,0.1759742945432663,0.2580730617046356,-0.33128973841667175,0.9995585680007935,0.9998363256454468,True,False,True,0.1759742945432663,0.2580730617046356
2691,True,RIGHT_EYE_OUTER,0.16943885385990143,0.257627934217453,-0.3234840929508209,0.9995944499969482,0.9998838901519775,True,False,True,0.16943885385990143,0.257627934217453
2692,True,RIGHT_EYE_OUTER,0.16566471755504608,0.25779908895492554,-0.3886425495147705,0.999624490737915,0.9998818635940552,True,False,True,0.16566471755504608,0.25779908895492554
2693,True,RIGHT_EYE_OUTER,0.1615188717842102,0.25803348422050476,-0.3850579261779785,0.9996336102485657,0.9997745156288147,True,False,True,0.1615188717842102,0.25803348422050476
2694,True,RIGHT_EYE_OUTER,0.156335711479187,0.25807058811187744,-0.409955769777298,0.9996395111083984,0.9997865557670593,True,False,True,0.156335711479187,0.25807058811187744
2695,True,RIGHT_EYE_OUTER,0.1535462737083435,0.2581327259540558,-0.4869999885559082,0.9996339678764343,0.9997344613075256,True,False,True,0.1535462737083435,0.2581327259540558
2696,True,RIGHT_EYE_OUTER,0.15141156315803528,0.2548137605190277,-0.44620847702026367,0.9996512532234192,0.9997469782829285,True,False,True,0.15141156315803528,0.2548137605190277
2697,True,RIGHT_EYE_OUTER,0.15108495950698853,0.2516268491744995,-0.5782883167266846,0.999667227268219,0.9997610449790955,True,False,True,0.15108495950698853,0.2516268491744995
2698,True,RIGHT_EYE_OUTER,0.14619752764701843,0.24404458701610565,-0.5417542457580566,0.9996926188468933,0.9998513460159302,True,False,True,0.14619752764701843,0.24404458701610565
2699,True,RIGHT_EYE_OUTER,0.1470538228750229,0.24094179272651672,-0.4841272830963135,0.9997019171714783,0.9996373653411865,True,False,True,0.1470538228750229,0.24094179272651672
2700,True,RIGHT_EYE_OUTER,0.14774321019649506,0.2330256551504135,-0.42840376496315,0.9997131824493408,0.9992004036903381,True,False,True,0.14774321019649506,0.2330256551504135
2701,True,RIGHT_EYE_OUTER,0.14872430264949799,0.22786235809326172,-0.38183239102363586,0.999731719493866,0.9994650483131409,True,False,True,0.14872430264949799,0.22786235809326172
2702,True,RIGHT_EYE_OUTER,0.14862261712551117,0.22781981527805328,-0.3987247347831726,0.9997509121894836,0.9994902610778809,True,False,True,0.14862261712551117,0.22781981527805328
2703,True,RIGHT_EYE_OUTER,0.14828766882419586,0.225490540266037,-0.4024582505226135,0.9997717142105103,0.9997143149375916,True,False,True,0.14828766882419586,0.225490540266037
2704,True,RIGHT_EYE_OUTER,0.14862847328186035,0.2243233472108841,-0.39869043231010437,0.9997870922088623,0.9996080994606018,True,False,True,0.14862847328186035,0.2243233472108841
2705,True,RIGHT_EYE_OUTER,0.14896489679813385,0.222964346408844,-0.3330162465572357,0.9997917413711548,0.9995150566101074,True,False,True,0.14896489679813385,0.222964346408844
2706,True,RIGHT_EYE_OUTER,0.14901219308376312,0.22354048490524292,-0.2941661775112152,0.9997940063476562,0.999626874923706,True,False,True,0.14901219308376312,0.22354048490524292
2707,True,RIGHT_EYE_OUTER,0.14969508349895477,0.22348082065582275,-0.3351688086986542,0.9998031854629517,0.9996496438980103,True,False,True,0.14969508349895477,0.22348082065582275
2708,True,RIGHT_EYE_OUTER,0.15088334679603577,0.22435380518436432,-0.3062865138053894,0.9998164772987366,0.9997715353965759,True,False,True,0.15088334679603577,0.22435380518436432
2709,True,RIGHT_EYE_OUTER,0.15546540915966034,0.22487470507621765,-0.328840047121048,0.9998228549957275,0.9994634985923767,True,False,True,0.15546540915966034,0.22487470507621765
2604,True,RIGHT_FOOT_INDEX,0.31257617473602295,0.80849289894104,-0.45068544149398804,0.9963186979293823,0.9952398538589478,True,False,True,0.31257617473602295,0.80849289894104
2605,True,RIGHT_FOOT_INDEX,0.3146699368953705,0.808515727519989,-0.2824693024158478,0.995857834815979,0.9923012256622314,True,False,True,0.3146699368953705,0.808515727519989
2606,True,RIGHT_FOOT_INDEX,0.3146456182003021,0.8084196448326111,-0.3353777229785919,0.9956527948379517,0.9921658039093018,True,False,True,0.3146456182003021,0.8084196448326111
2607,True,RIGHT_FOOT_INDEX,0.3146173655986786,0.8083540201187134,-0.3259344696998596,0.9954179525375366,0.9935522079467773,True,False,True,0.3146173655986786,0.8083540201187134
2608,True,RIGHT_FOOT_INDEX,0.31480443477630615,0.8076714277267456,-0.3620816171169281,0.9953354597091675,0.9920967817306519,True,False,True,0.31480443477630615,0.8076714277267456
2609,True,RIGHT_FOOT_INDEX,0.31475895643234253,0.8078319430351257,-0.3725343942642212,0.9951863288879395,0.9905904531478882,True,False,True,0.31475895643234253,0.8078319430351257
2610,True,RIGHT_FOOT_INDEX,0.31377172470092773,0.8080360889434814,-0.32695117592811584,0.9948643445968628,0.9804450273513794,True,False,True,0.31377172470092773,0.8080360889434814
2611,True,RIGHT_FOOT_INDEX,0.31428658962249756,0.808698296546936,-0.33610209822654724,0.9940886497497559,0.9799367189407349,True,False,True,0.31428658962249756,0.808698296546936
2612,True,RIGHT_FOOT_INDEX,0.3118427097797394,0.8086593747138977,-0.2776235044002533,0.9929651618003845,0.9816330671310425,True,False,True,0.3118427097797394,0.8086593747138977
2613,True,RIGHT_FOOT_INDEX,0.3128640949726105,0.8083211779594421,-0.30790045857429504,0.9917768239974976,0.9728348255157471,True,False,True,0.3128640949726105,0.8083211779594421
2614,True,RIGHT_FOOT_INDEX,0.3138424754142761,0.80849689245224,-0.2951611876487732,0.9900683760643005,0.9797480702400208,True,False,True,0.3138424754142761,0.80849689245224
2615,True,RIGHT_FOOT_INDEX,0.3127415180206299,0.8081983327865601,-0.20985275506973267,0.9873929619789124,0.9789701104164124,True,False,True,0.3127415180206299,0.8081983327865601
2616,True,RIGHT_FOOT_INDEX,0.3135091960430145,0.8084846138954163,-0.2239333838224411,0.983910083770752,0.9797701835632324,True,False,True,0.3135091960430145,0.8084846138954163
2617,True,RIGHT_FOOT_INDEX,0.3131564259529114,0.8084849715232849,-0.22617897391319275,0.9810656309127808,0.9710511565208435,True,False,True,0.3131564259529114,0.8084849715232849
2618,True,RIGHT_FOOT_INDEX,0.31308242678642273,0.8077722191810608,-0.21231205761432648,0.9772881865501404,0.9788954257965088,True,False,True,0.31308242678642273,0.8077722191810608
2619,True,RIGHT_FOOT_INDEX,0.3113085925579071,0.8066028356552124,-0.18419045209884644,0.9736477732658386,0.9853079915046692,True,False,True,0.3113085925579071,0.8066028356552124
2620,True,RIGHT_FOOT_INDEX,0.3125961720943451,0.8067578673362732,-0.25592368841171265,0.9739745259284973,0.9827173352241516,True,False,True,0.3125961720943451,0.8067578673362732
2621,True,RIGHT_FOOT_INDEX,0.3158901035785675,0.8073166608810425,-0.32010820508003235,0.9740912318229675,0.990237295627594,True,False,True,0.3158901035785675,0.8073166608810425
2622,True,RIGHT_FOOT_INDEX,0.3202151656150818,0.8073447942733765,-0.41698598861694336,0.9746838808059692,0.9969074130058289,True,False,True,0.3202151656150818,0.8073447942733765
2623,True,RIGHT_FOOT_INDEX,0.32398709654808044,0.8073551058769226,-0.4594709575176239,0.9757624268531799,0.9982471466064453,True,False,True,0.32398709654808044,0.8073551058769226
2624,True,RIGHT_FOOT_INDEX,0.32496851682662964,0.8089284896850586,-0.447619765996933,0.9764286279678345,0.998542070388794,True,False,True,0.32496851682662964,0.8089284896850586
2625,True,RIGHT_FOOT_INDEX,0.32645028829574585,0.8104699850082397,-0.4241102635860443,0.977310299873352,0.9989044666290283,True,False,True,0.32645028829574585,0.8104699850082397
2626,True,RIGHT_FOOT_INDEX,0.325985848903656,0.8111192584037781,-0.3967311680316925,0.9771690964698792,0.9988080263137817,True,False,True,0.325985848903656,0.8111192584037781
2627,True,RIGHT_FOOT_INDEX,0.3218901455402374,0.8111218810081482,-0.36127641797065735,0.9768086671829224,0.9987267851829529,True,False,True,0.3218901455402374,0.8111218810081482
2628,True,RIGHT_FOOT_INDEX,0.320891797542572,0.8121092319488525,-0.3425099849700928,0.9741186499595642,0.9971530437469482,True,False,True,0.320891797542572,0.8121092319488525
2629,True,RIGHT_FOOT_INDEX,0.31938543915748596,0.8158950805664062,-0.26298293471336365,0.9703974723815918,0.9953926801681519,True,False,True,0.31938543915748596,0.8158950805664062
2630,True,RIGHT_FOOT_INDEX,0.32027849555015564,0.8153672218322754,-0.30116507411003113,0.966190755367279,0.9970333576202393,True,False,True,0.32027849555015564,0.8153672218322754
2631,True,RIGHT_FOOT_INDEX,0.37167754769325256,0.7904996275901794,-0.35112863779067993,0.9669054746627808,0.9986392855644226,True,False,True,0.37167754769325256,0.7904996275901794
2632,True,RIGHT_FOOT_INDEX,0.5380367636680603,0.7731729745864868,-0.43203622102737427,0.9697644710540771,0.998364269733429,True,False,True,0.5380367636680603,0.7731729745864868
2633,True,RIGHT_FOOT_INDEX,0.3607068657875061,0.7939884066581726,-0.36756569147109985,0.9702147841453552,0.998202919960022,True,False,True,0.3607068657875061,0.7939884066581726
2634,True,RIGHT_FOOT_INDEX,0.31308040022850037,0.8074873685836792,-0.3204874098300934,0.9716978669166565,0.9982189536094666,True,False,True,0.31308040022850037,0.8074873685836792
2635,True,RIGHT_FOOT_INDEX,0.3200330138206482,0.8094082474708557,-0.04304298385977745,0.9728184342384338,0.998607337474823,True,False,True,0.3200330138206482,0.8094082474708557
2636,True,RIGHT_FOOT_INDEX,0.32617709040641785,0.8107183575630188,-0.21146416664123535,0.974895715713501,0.9990246295928955,True,False,True,0.32617709040641785,0.8107183575630188
2637,True,RIGHT_FOOT_INDEX,0.3150690793991089,0.8209457397460938,0.20115335285663605,0.9689559936523438,0.9968132376670837,True,False,True,0.3150690793991089,0.8209457397460938
2638,True,RIGHT_FOOT_INDEX,0.3224114775657654,0.8262222409248352,0.2762832045555115,0.9474481344223022,0.998439610004425,True,False,True,0.3224114775657654,0.8262222409248352
2639,True,RIGHT_FOOT_INDEX,0.3445473313331604,0.825182318687439,-0.4348619282245636,0.9391293525695801,0.99936443567276,True,False,True,0.3445473313331604,0.825182318687439
2640,True,RIGHT_FOOT_INDEX,0.3379754424095154,0.8232746124267578,-0.29167336225509644,0.9401715397834778,0.9999663829803467,True,False,True,0.3379754424095154,0.8232746124267578
2641,True,RIGHT_FOOT_INDEX,0.34651681780815125,0.8472745418548584,-0.1941806674003601,0.9428569674491882,0.9995017051696777,True,False,True,0.34651681780815125,0.8472745418548584
2642,True,RIGHT_FOOT_INDEX,0.350308895111084,0.8374872803688049,0.04504579305648804,0.9437397122383118,0.9991353154182434,True,False,True,0.350308895111084,0.8374872803688049
2643,True,RIGHT_FOOT_INDEX,0.36280912160873413,0.8190174102783203,-0.3921472728252411,0.9409878849983215,0.9994382262229919,True,False,True,0.36280912160873413,0.8190174102783203
2644,True,RIGHT_FOOT_INDEX,0.37484341859817505,0.7997037172317505,-0.15013687312602997,0.9389035105705261,0.999868631362915,True,False,True,0.37484341859817505,0.7997037172317505
2645,True,RIGHT_FOOT_INDEX,0.40263867378234863,0.7752050757408142,-0.11177784204483032,0.9321118593215942,0.9996718168258667,True,False,True,0.40263867378234863,0.7752050757408142
2646,True,RIGHT_FOOT_INDEX,0.43429550528526306,0.7543380856513977,-0.10196053981781006,0.9038184881210327,0.9992345571517944,True,False,True,0.43429550528526306,0.7543380856513977
2647,True,RIGHT_FOOT_INDEX,0.48217660188674927,0.6441404819488525,0.3260687589645386,0.849062979221344,0.9962247610092163,True,False,True,0.48217660188674927,0.6441404819488525
2648,True,RIGHT_FOOT_INDEX,0.6035066843032837,0.5596250891685486,0.44328805804252625,0.8200379014015198,0.9529315829277039,True,False,True,0.6035066843032837,0.5596250891685486
2649,True,RIGHT_FOOT_INDEX,0.6914674043655396,0.5097898244857788,0.037827372550964355,0.8327759504318237,0.9993925094604492,True,False,True,0.6914674043655396,0.5097898244857788
2650,True,RIGHT_FOOT_INDEX,0.7565760016441345,0.44083935022354126,-0.16164231300354004,0.8477569222450256,0.9982761144638062,True,False,True,0.7565760016441345,0.44083935022354126
2651,True,RIGHT_FOOT_INDEX,0.7843032479286194,0.38683435320854187,0.09561046212911606,0.8609383702278137,0.9993696808815002,True,False,True,0.7843032479286194,0.38683435320854187
2652,True,RIGHT_FOOT_INDEX,0.8312916159629822,0.4135286211967468,-0.050225917249917984,0.8709014654159546,0.9992511868476868,True,False,True,0.8312916159629822,0.4135286211967468
2653,True,RIGHT_FOOT_INDEX,0.8238732814788818,0.4228599965572357,0.023123865947127342,0.8775761127471924,0.9989033937454224,True,False,True,0.8238732814788818,0.4228599965572357
2654,True,RIGHT_FOOT_INDEX,0.8120073676109314,0.44838887453079224,0.13853392004966736,0.8751041889190674,0.9962311387062073,True,False,True,0.8120073676109314,0.44838887453079224
2655,True,RIGHT_FOOT_INDEX,0.7547284364700317,0.4906204640865326,0.4966113865375519,0.8509296178817749,0.9871728420257568,True,False,True,0.7547284364700317,0.4906204640865326
2656,True,RIGHT_FOOT_INDEX,0.5983245968818665,0.5078284740447998,0.8227450251579285,0.7883107662200928,0.9907761216163635,True,False,True,0.5983245968818665,0.5078284740447998
2657,True,RIGHT_FOOT_INDEX,0.4911525547504425,0.5085388422012329,0.9312173128128052,0.7170801758766174,0.9982237219810486,True,False,True,0.4911525547504425,0.5085388422012329
2658,True,RIGHT_FOOT_INDEX,0.40310439467430115,0.48358672857284546,0.9575393795967102,0.6654431819915771,0.9998584985733032,True,False,True,0.40310439467430115,0.48358672857284546
2659,True,RIGHT_FOOT_INDEX,0.34495800733566284,0.49798521399497986,0.8984851241111755,0.6287895441055298,0.9997910857200623,True,False,True,0.34495800733566284,0.49798521399497986
2660,True,RIGHT_FOOT_INDEX,0.20568645000457764,0.5686603784561157,0.6109025478363037,0.6615394949913025,0.9998010993003845,True,False,True,0.20568645000457764,0.5686603784561157
2661,True,RIGHT_FOOT_INDEX,0.16140182316303253,0.6107258200645447,0.45027878880500793,0.6916202306747437,0.9996351003646851,True,False,True,0.16140182316303253,0.6107258200645447
2662,True,RIGHT_FOOT_INDEX,0.13966581225395203,0.6523642539978027,0.17048798501491547,0.7209009528160095,0.9996918439865112,True,False,True,0.13966581225395203,0.6523642539978027
2663,True,RIGHT_FOOT_INDEX,0.14324696362018585,0.698835551738739,-0.17677506804466248,0.7472577691078186,0.9993261098861694,True,False,True,0.14324696362018585,0.698835551738739
2664,True,RIGHT_FOOT_INDEX,0.16612890362739563,0.7385262846946716,-0.2362791746854782,0.7706772685050964,0.9993257522583008,True,False,True,0.16612890362739563,0.7385262846946716
2665,True,RIGHT_FOOT_INDEX,0.19205503165721893,0.7810382843017578,-0.34608834981918335,0.7922366261482239,0.9991925358772278,True,False,True,0.19205503165721893,0.7810382843017578
2666,True,RIGHT_FOOT_INDEX,0.20901229977607727,0.8117414712905884,-0.334665447473526,0.8120242953300476,0.9989023208618164,True,False,True,0.20901229977607727,0.8117414712905884
2667,True,RIGHT_FOOT_INDEX,0.22243328392505646,0.8060803413391113,-0.0856175646185875,0.8304169774055481,0.9996265172958374,True,False,True,0.22243328392505646,0.8060803413391113
2668,True,RIGHT_FOOT_INDEX,0.2311275154352188,0.80815190076828,-0.39494240283966064,0.8471511006355286,0.9996734857559204,True,False,True,0.2311275154352188,0.80815190076828
2669,True,RIGHT_FOOT_INDEX,0.2301781177520752,0.8123311400413513,-0.3132849335670471,0.8622701168060303,0.999727189540863,True,False,True,0.2301781177520752,0.8123311400413513
2670,True,RIGHT_FOOT_INDEX,0.2274230569601059,0.8113800883293152,-0.16891276836395264,0.8757569193840027,0.9996422529220581,True,False,True,0.2274230569601059,0.8113800883293152
2671,True,RIGHT_FOOT_INDEX,0.22182036936283112,0.8174133896827698,-0.18045401573181152,0.8878745436668396,0.9994020462036133,True,False,True,0.22182036936283112,0.8174133896827698
2672,True,RIGHT_FOOT_INDEX,0.21957091987133026,0.815214991569519,-0.14721257984638214,0.8987764716148376,0.9993143081665039,True,False,True,0.21957091987133026,0.815214991569519
2673,True,RIGHT_FOOT_INDEX,0.221007838845253,0.8130692839622498,-0.1502654105424881,0.908375084400177,0.9990992546081543,True,False,True,0.221007838845253,0.8130692839622498
2674,True,RIGHT_FOOT_INDEX,0.2228371798992157,0.812777578830719,-0.21045735478401184,0.9167150855064392,0.9988064765930176,True,False,True,0.2228371798992157,0.812777578830719
2675,True,RIGHT_FOOT_INDEX,0.2214261293411255,0.8177962303161621,-0.27092796564102173,0.9244759678840637,0.9991834759712219,True,False,True,0.2214261293411255,0.8177962303161621
2676,True,RIGHT_FOOT_INDEX,0.22295166552066803,0.8190668225288391,-0.2870783507823944,0.9309754967689514,0.9987590312957764,True,False,True,0.22295166552066803,0.8190668225288391
2677,True,RIGHT_FOOT_INDEX,0.22405514121055603,0.8114063143730164,-0.10216226428747177,0.9291239976882935,0.9931604862213135,True,False,True,0.22405514121055603,0.8114063143730164
2678,True,RIGHT_FOOT_INDEX,0.22080425918102264,0.8080411553382874,-0.06996530294418335,0.9202452898025513,0.9935956597328186,True,False,True,0.22080425918102264,0.8080411553382874
2679,True,RIGHT_FOOT_INDEX,0.21743091940879822,0.8066990971565247,-0.04012312740087509,0.8983876705169678,0.9912081956863403,True,False,True,0.21743091940879822,0.8066990971565247
2680,True,RIGHT_FOOT_INDEX,0.217523992061615,0.8029730916023254,-0.05852070823311806,0.8775923252105713,0.9924435019493103,True,False,True,0.217523992061615,0.8029730916023254
2681,True,RIGHT_FOOT_INDEX,0.20656250417232513,0.7965614795684814,-0.0710715726017952,0.8631993532180786,0.9907180666923523,True,False,True,0.20656250417232513,0.7965614795684814
2682,True,RIGHT_FOOT_INDEX,0.20334845781326294,0.7936606407165527,0.006236694753170013,0.8700412511825562,0.9960023760795593,True,False,True,0.20334845781326294,0.7936606407165527
2683,True,RIGHT_FOOT_INDEX,0.2047535628080368,0.7959253787994385,-0.005044333636760712,0.8785182237625122,0.9975473284721375,True,False,True,0.2047535628080368,0.7959253787994385
2684,True,RIGHT_FOOT_INDEX,0.20561112463474274,0.7979182004928589,-0.08996135741472244,0.8813496828079224,0.9977019429206848,True,False,True,0.20561112463474274,0.7979182004928589
2685,True,RIGHT_FOOT_INDEX,0.20573395490646362,0.8039768934249878,-0.0775797963142395,0.8859097361564636,0.9978105425834656,True,False,True,0.20573395490646362,0.8039768934249878
2686,True,RIGHT_FOOT_INDEX,0.207147017121315,0.8040911555290222,-0.05613225698471069,0.8900402784347534,0.9980629086494446,True,False,True,0.207147017121315,0.8040911555290222
2687,True,RIGHT_FOOT_INDEX,0.20992295444011688,0.8044161796569824,-0.06606195122003555,0.8952286243438721,0.9975929856300354,True,False,True,0.20992295444011688,0.8044161796569824
2688,True,RIGHT_FOOT_INDEX,0.21090103685855865,0.8045681715011597,-0.028888674452900887,0.8969286680221558,0.9974552989006042,True,False,True,0.21090103685855865,0.8045681715011597
2689,True,RIGHT_FOOT_INDEX,0.21986643970012665,0.8062465190887451,0.061043765395879745,0.9001915454864502,0.9976789355278015,True,False,True,0.21986643970012665,0.8062465190887451
2690,True,RIGHT_FOOT_INDEX,0.22029511630535126,0.8070802688598633,0.07163292914628983,0.906304121017456,0.9980688691139221,True,False,True,0.22029511630535126,0.8070802688598633
2691,True,RIGHT_FOOT_INDEX,0.22025138139724731,0.8078108429908752,0.08173004537820816,0.9062793254852295,0.9981585144996643,True,False,True,0.22025138139724731,0.8078108429908752
2692,True,RIGHT_FOOT_INDEX,0.22144588828086853,0.8076214790344238,0.040381185710430145,0.9120543599128723,0.9975651502609253,True,False,True,0.22144588828086853,0.8076214790344238
2693,True,RIGHT_FOOT_INDEX,0.22141239047050476,0.8075622320175171,0.03029315359890461,0.9123440384864807,0.9973008036613464,True,False,True,0.22141239047050476,0.8075622320175171
2694,True,RIGHT_FOOT_INDEX,0.22139491140842438,0.8075149655342102,-0.019508440047502518,0.9153451919555664,0.9972419738769531,True,False,True,0.22139491140842438,0.8075149655342102
2695,True,RIGHT_FOOT_INDEX,0.22465258836746216,0.8073188662528992,-0.022074759006500244,0.9198009371757507,0.9975676536560059,True,False,True,0.22465258836746216,0.8073188662528992
2696,True,RIGHT_FOOT_INDEX,0.22244949638843536,0.8047198057174683,0.018599780276417732,0.9236076474189758,0.9973764419555664,True,False,True,0.22244949638843536,0.8047198057174683
2697,True,RIGHT_FOOT_INDEX,0.22646410763263702,0.7976858019828796,0.1266341656446457,0.9245219230651855,0.9963740706443787,True,False,True,0.22646410763263702,0.7976858019828796
2698,True,RIGHT_FOOT_INDEX,0.22627656161785126,0.7949915528297424,0.16598638892173767,0.9252869486808777,0.9940623641014099,True,False,True,0.22627656161785126,0.7949915528297424
2699,True,RIGHT_FOOT_INDEX,0.21027445793151855,0.7802334427833557,0.34865280985832214,0.9207808375358582,0.9942429661750793,True,False,True,0.21027445793151855,0.7802334427833557
2700,True,RIGHT_FOOT_INDEX,0.18244875967502594,0.7809730768203735,0.41428762674331665,0.907192587852478,0.9875338077545166,True,False,True,0.18244875967502594,0.7809730768203735
2701,True,RIGHT_FOOT_INDEX,0.16662845015525818,0.7852053046226501,0.32336604595184326,0.90147465467453,0.9927045702934265,True,False,True,0.16662845015525818,0.7852053046226501
2702,True,RIGHT_FOOT_INDEX,0.14527876675128937,0.7857730388641357,0.36468178033828735,0.9009050726890564,0.9924489259719849,True,False,True,0.14527876675128937,0.7857730388641357
2703,True,RIGHT_FOOT_INDEX,0.1240372508764267,0.7928000092506409,0.29330921173095703,0.9085556268692017,0.9957778453826904,True,False,True,0.1240372508764267,0.7928000092506409
2704,True,RIGHT_FOOT_INDEX,0.10880054533481598,0.798252522945404,0.11437232792377472,0.9157865643501282,0.9963561296463013,True,False,True,0.10880054533481598,0.798252522945404
2705,True,RIGHT_FOOT_INDEX,0.07381243258714676,0.8038564920425415,-0.03192465379834175,0.9222815036773682,0.9957497119903564,True,False,True,0.07381243258714676,0.8038564920425415
2706,True,RIGHT_FOOT_INDEX,0.06382957845926285,0.8065807223320007,-0.08703846484422684,0.9278498888015747,0.9937361478805542,True,False,True,0.06382957845926285,0.8065807223320007
2707,True,RIGHT_FOOT_INDEX,0.04456675797700882,0.8068506717681885,-0.06480828672647476,0.9328931570053101,0.9921576976776123,True,False,True,0.04456675797700882,0.8068506717681885
2708,True,RIGHT_FOOT_INDEX,0.039222653955221176,0.8057657480239868,-0.12434889376163483,0.9369978904724121,0.9905385971069336,True,False,True,0.039222653955221176,0.8057657480239868
2709,True,RIGHT_FOOT_INDEX,0.044656526297330856,0.8012794852256775,-0.05624216049909592,0.9404687881469727,0.9865145087242126,True,False,True,0.044656526297330856,0.8012794852256775
2604,True,RIGHT_HEEL,0.2344956248998642,0.8064035177230835,-0.25763165950775146,0.9860432147979736,0.9976891279220581,True,False,True,0.2344956248998642,0.8064035177230835
2605,True,RIGHT_HEEL,0.23469260334968567,0.8066533803939819,-0.09325284510850906,0.9851287007331848,0.9946293234825134,True,False,True,0.23469260334968567,0.8066533803939819
2606,True,RIGHT_HEEL,0.2359045445919037,0.8066993951797485,-0.1492275595664978,0.9849157929420471,0.9949929118156433,True,False,True,0.2359045445919037,0.8066993951797485
2607,True,RIGHT_HEEL,0.23627369105815887,0.8072761297225952,-0.12900273501873016,0.9846125841140747,0.9961495399475098,True,False,True,0.23627369105815887,0.8072761297225952
2608,True,RIGHT_HEEL,0.23676955699920654,0.8072765469551086,-0.18709328770637512,0.984801709651947,0.9953832030296326,True,False,True,0.23676955699920654,0.8072765469551086
2609,True,RIGHT_HEEL,0.2380964607000351,0.8072981238365173,-0.19085943698883057,0.9846877455711365,0.9945242404937744,True,False,True,0.2380964607000351,0.8072981238365173
2610,True,RIGHT_HEEL,0.23827555775642395,0.8070970773696899,-0.15815065801143646,0.984226644039154,0.9886559247970581,True,False,True,0.23827555775642395,0.8070970773696899
2611,True,RIGHT_HEEL,0.23845484852790833,0.8071328401565552,-0.1570865362882614,0.9825525283813477,0.9874852299690247,True,False,True,0.23845484852790833,0.8071328401565552
2612,True,RIGHT_HEEL,0.23895084857940674,0.8070619702339172,-0.09796859323978424,0.9795193672180176,0.9888429641723633,True,False,True,0.23895084857940674,0.8070619702339172
2613,True,RIGHT_HEEL,0.2386506348848343,0.8070282936096191,-0.12776170670986176,0.9761785864830017,0.9832930564880371,True,False,True,0.2386506348848343,0.8070282936096191
2614,True,RIGHT_HEEL,0.2386355698108673,0.8082279562950134,-0.1123214140534401,0.9720245599746704,0.984933078289032,True,False,True,0.2386355698108673,0.8082279562950134
2615,True,RIGHT_HEEL,0.238633394241333,0.8076313734054565,-0.029928063973784447,0.963749885559082,0.9835545420646667,True,False,True,0.238633394241333,0.8076313734054565
2616,True,RIGHT_HEEL,0.2387048751115799,0.8079869151115417,-0.042431894689798355,0.9545680284500122,0.982168972492218,True,False,True,0.2387048751115799,0.8079869151115417
2617,True,RIGHT_HEEL,0.2377558946609497,0.807980477809906,-0.0404549203813076,0.9464878439903259,0.9760259389877319,True,False,True,0.2377558946609497,0.807980477809906
2618,True,RIGHT_HEEL,0.23778492212295532,0.8060702681541443,-0.02725694701075554,0.9386298060417175,0.9841603636741638,True,False,True,0.23778492212295532,0.8060702681541443
2619,True,RIGHT_HEEL,0.23778709769248962,0.8035840392112732,0.010692871175706387,0.9299632906913757,0.9889565110206604,True,False,True,0.23778709769248962,0.8035840392112732
2620,True,RIGHT_HEEL,0.23827335238456726,0.8036438226699829,-0.03896792605519295,0.9293432831764221,0.9920652508735657,True,False,True,0.23827335238456726,0.8036438226699829
2621,True,RIGHT_HEEL,0.23935100436210632,0.8045145273208618,-0.11201807111501694,0.9287400841712952,0.995769739151001,True,False,True,0.23935100436210632,0.8045145273208618
2622,True,RIGHT_HEEL,0.2397746592760086,0.8053272366523743,-0.20461007952690125,0.9288223385810852,0.9984936714172363,True,False,True,0.2397746592760086,0.8053272366523743
2623,True,RIGHT_HEEL,0.23975791037082672,0.8064727187156677,-0.2337900847196579,0.9298527240753174,0.9991779923439026,True,False,True,0.23975791037082672,0.8064727187156677
2624,True,RIGHT_HEEL,0.2392510175704956,0.8064780235290527,-0.24745742976665497,0.9298522472381592,0.9992699027061462,True,False,True,0.2392510175704956,0.8064780235290527
2625,True,RIGHT_HEEL,0.23903274536132812,0.8066663146018982,-0.23131702840328217,0.930467426776886,0.9994025230407715,True,False,True,0.23903274536132812,0.8066663146018982
2626,True,RIGHT_HEEL,0.23911476135253906,0.8065632581710815,-0.20839156210422516,0.926633894443512,0.9992671608924866,True,False,True,0.23911476135253906,0.8065632581710815
2627,True,RIGHT_HEEL,0.23907282948493958,0.8058878779411316,-0.19599798321723938,0.9252605438232422,0.9992604851722717,True,False,True,0.23907282948493958,0.8058878779411316
2628,True,RIGHT_HEEL,0.2389458566904068,0.806041955947876,-0.1913902461528778,0.9205812215805054,0.9980417490005493,True,False,True,0.2389458566904068,0.806041955947876
2629,True,RIGHT_HEEL,0.2379560023546219,0.8049527406692505,-0.11642530560493469,0.9119405150413513,0.995844304561615,True,False,True,0.2379560023546219,0.8049527406692505
2630,True,RIGHT_HEEL,0.23819683492183685,0.8043425679206848,-0.13597670197486877,0.9057732224464417,0.9966920614242554,True,False,True,0.23819683492183685,0.8043425679206848
2631,True,RIGHT_HEEL,0.24282799661159515,0.8026045560836792,-0.18373560905456543,0.9103196263313293,0.9988191723823547,True,False,True,0.24282799661159515,0.8026045560836792
2632,True,RIGHT_HEEL,0.4624633193016052,0.799455463886261,-0.27768978476524353,0.9184648990631104,0.9994096755981445,True,False,True,0.4624633193016052,0.799455463886261
2633,True,RIGHT_HEEL,0.2824837267398834,0.7964131236076355,-0.20920899510383606,0.9207934141159058,0.9982839226722717,True,False,True,0.2824837267398834,0.7964131236076355
2634,True,RIGHT_HEEL,0.2473835051059723,0.7968494892120361,-0.14711888134479523,0.9248647093772888,0.9984678626060486,True,False,True,0.2473835051059723,0.7968494892120361
2635,True,RIGHT_HEEL,0.243692547082901,0.7970344424247742,0.05527999997138977,0.9284065961837769,0.99920254945755,True,False,True,0.243692547082901,0.7970344424247742
2636,True,RIGHT_HEEL,0.24557895958423615,0.7970949411392212,0.040134869515895844,0.9330843687057495,0.9996142387390137,True,False,True,0.24557895958423615,0.7970949411392212
2637,True,RIGHT_HEEL,0.24567802250385284,0.7921931743621826,0.27119266986846924,0.923949122428894,0.9979525804519653,True,False,True,0.24567802250385284,0.7921931743621826
2638,True,RIGHT_HEEL,0.25179609656333923,0.7894933223724365,0.29171207547187805,0.9059021472930908,0.9981412887573242,True,False,True,0.25179609656333923,0.7894933223724365
2639,True,RIGHT_HEEL,0.2817097306251526,0.790103018283844,-0.3069567084312439,0.8923701643943787,0.9992577433586121,True,False,True,0.2817097306251526,0.790103018283844
2640,True,RIGHT_HEEL,0.3129769265651703,0.7884393930435181,-0.22239258885383606,0.8941271305084229,0.9999586343765259,True,False,True,0.3129769265651703,0.7884393930435181
2641,True,RIGHT_HEEL,0.3500462472438812,0.8032950162887573,-0.1484617441892624,0.9035606384277344,0.9994876384735107,True,False,True,0.3500462472438812,0.8032950162887573
2642,True,RIGHT_HEEL,0.3445731997489929,0.7659879326820374,0.06893418729305267,0.9088801741600037,0.9994385838508606,True,False,True,0.3445731997489929,0.7659879326820374
2643,True,RIGHT_HEEL,0.3749857544898987,0.7454246282577515,-0.3695482015609741,0.9149454832077026,0.9995519518852234,True,False,True,0.3749857544898987,0.7454246282577515
2644,True,RIGHT_HEEL,0.38680484890937805,0.752357006072998,-0.1642252653837204,0.921962559223175,0.999907374382019,True,False,True,0.38680484890937805,0.752357006072998
2645,True,RIGHT_HEEL,0.4096711277961731,0.7513520121574402,-0.08421625196933746,0.929313063621521,0.9998289346694946,True,False,True,0.4096711277961731,0.7513520121574402
2646,True,RIGHT_HEEL,0.4384046196937561,0.7326886653900146,-0.07116921991109848,0.9275547862052917,0.9991810917854309,True,False,True,0.4384046196937561,0.7326886653900146
2647,True,RIGHT_HEEL,0.4893662929534912,0.636961817741394,0.2943090498447418,0.9090014696121216,0.996640682220459,True,False,True,0.4893662929534912,0.636961817741394
2648,True,RIGHT_HEEL,0.589640200138092,0.5409402847290039,0.4105271100997925,0.9040207266807556,0.9729353785514832,True,False,True,0.589640200138092,0.5409402847290039
2649,True,RIGHT_HEEL,0.6546890139579773,0.4984194040298462,0.13820676505565643,0.9120042324066162,0.9996862411499023,True,False,True,0.6546890139579773,0.4984194040298462
2650,True,RIGHT_HEEL,0.7142564058303833,0.45214223861694336,-0.09068170934915543,0.9201076030731201,0.9995032548904419,True,False,True,0.7142564058303833,0.45214223861694336
2651,True,RIGHT_HEEL,0.7598180770874023,0.4223833680152893,0.14572520554065704,0.9277564287185669,0.9997839331626892,True,False,True,0.7598180770874023,0.4223833680152893
2652,True,RIGHT_HEEL,0.7837768793106079,0.4282331168651581,0.009510927833616734,0.9340991973876953,0.9997863173484802,True,False,True,0.7837768793106079,0.4282331168651581
2653,True,RIGHT_HEEL,0.7860694527626038,0.44487953186035156,0.07065021246671677,0.9397997260093689,0.9996299743652344,True,False,True,0.7860694527626038,0.44487953186035156
2654,True,RIGHT_HEEL,0.7817065715789795,0.46248382329940796,0.167828768491745,0.9438186287879944,0.998506486415863,True,False,True,0.7817065715789795,0.46248382329940796
2655,True,RIGHT_HEEL,0.7535356879234314,0.5039102435112,0.49524015188217163,0.9401035308837891,0.9915668368339539,True,False,True,0.7535356879234314,0.5039102435112
2656,True,RIGHT_HEEL,0.6289313435554504,0.5175574421882629,0.7507505416870117,0.9241365194320679,0.9923393726348877,True,False,True,0.6289313435554504,0.5175574421882629
2657,True,RIGHT_HEEL,0.51200932264328,0.5066631436347961,0.8343676328659058,0.8645877242088318,0.9981087446212769,True,False,True,0.51200932264328,0.5066631436347961
2658,True,RIGHT_HEEL,0.431558758020401,0.4805120527744293,0.8786755800247192,0.8178110122680664,0.9998643398284912,True,False,True,0.431558758020401,0.4805120527744293
2659,True,RIGHT_HEEL,0.390561044216156,0.4987105131149292,0.8638972043991089,0.7566128373146057,0.9996428489685059,True,False,True,0.390561044216156,0.4987105131149292
2660,True,RIGHT_HEEL,0.2718886137008667,0.5894647240638733,0.663983941078186,0.7735053300857544,0.9998375177383423,True,False,True,0.2718886137008667,0.5894647240638733
2661,True,RIGHT_HEEL,0.22321446239948273,0.6288360953330994,0.4621720016002655,0.7885007858276367,0.9997215867042542,True,False,True,0.22321446239948273,0.6288360953330994
2662,True,RIGHT_HEEL,0.20592235028743744,0.6636899709701538,0.19509877264499664,0.8070006966590881,0.999830961227417,True,False,True,0.20592235028743744,0.6636899709701538
2663,True,RIGHT_HEEL,0.20932842791080475,0.7087511420249939,-0.1031985878944397,0.8228551745414734,0.9996920824050903,True,False,True,0.20932842791080475,0.7087511420249939
2664,True,RIGHT_HEEL,0.23041225969791412,0.7439040541648865,-0.16393806040287018,0.8382789492607117,0.9997438788414001,True,False,True,0.23041225969791412,0.7439040541648865
2665,True,RIGHT_HEEL,0.24398505687713623,0.763485848903656,-0.23980388045310974,0.8525784015655518,0.9997143149375916,True,False,True,0.24398505687713623,0.763485848903656
2666,True,RIGHT_HEEL,0.26881447434425354,0.7979621887207031,-0.1951538324356079,0.8642531633377075,0.9997312426567078,True,False,True,0.26881447434425354,0.7979621887207031
2667,True,RIGHT_HEEL,0.2860739529132843,0.7926102876663208,-0.016459817066788673,0.876409113407135,0.9999099969863892,True,False,True,0.2860739529132843,0.7926102876663208
2668,True,RIGHT_HEEL,0.2889179587364197,0.794174075126648,-0.20262858271598816,0.8870339393615723,0.9999305009841919,True,False,True,0.2889179587364197,0.794174075126648
2669,True,RIGHT_HEEL,0.2889382541179657,0.7977095246315002,-0.1394810825586319,0.8968773484230042,0.9999382495880127,True,False,True,0.2889382541179657,0.7977095246315002
2670,True,RIGHT_HEEL,0.28858691453933716,0.8007756471633911,-0.1285644769668579,0.9055720567703247,0.9999175071716309,True,False,True,0.28858691453933716,0.8007756471633911
2671,True,RIGHT_HEEL,0.28873321413993835,0.8041461706161499,-0.04731030762195587,0.913227379322052,0.9998794794082642,True,False,True,0.28873321413993835,0.8041461706161499
2672,True,RIGHT_HEEL,0.28829720616340637,0.8012443780899048,-0.004077080171555281,0.920104444026947,0.9998799562454224,True,False,True,0.28829720616340637,0.8012443780899048
2673,True,RIGHT_HEEL,0.2893388569355011,0.8019680976867676,-0.003055163659155369,0.9256380796432495,0.9998207688331604,True,False,True,0.2893388569355011,0.8019680976867676
2674,True,RIGHT_HEEL,0.28817734122276306,0.80154949426651,-0.05170649662613869,0.9288681745529175,0.9997110962867737,True,False,True,0.28817734122276306,0.80154949426651
2675,True,RIGHT_HEEL,0.28787288069725037,0.8006569147109985,-0.09661359339952469,0.9324747920036316,0.9998382329940796,True,False,True,0.28787288069725037,0.8006569147109985
2676,True,RIGHT_HEEL,0.2860669493675232,0.7987698912620544,-0.10821742564439774,0.9341523051261902,0.9997580647468567,True,False,True,0.2860669493675232,0.7987698912620544
2677,True,RIGHT_HEEL,0.28663334250450134,0.7946459054946899,0.040231525897979736,0.9258748292922974,0.9976432919502258,True,False,True,0.28663334250450134,0.7946459054946899
2678,True,RIGHT_HEEL,0.288146048784256,0.7927728295326233,0.05994284898042679,0.9101679921150208,0.9972520470619202,True,False,True,0.288146048784256,0.7927728295326233
2679,True,RIGHT_HEEL,0.286295086145401,0.7909873723983765,0.09871586412191391,0.884479284286499,0.9943397641181946,True,False,True,0.286295086145401,0.7909873723983765
2680,True,RIGHT_HEEL,0.27855169773101807,0.7900048494338989,0.08768671751022339,0.8597936630249023,0.9945492148399353,True,False,True,0.27855169773101807,0.7900048494338989
2681,True,RIGHT_HEEL,0.2724936902523041,0.7900324463844299,0.08157670497894287,0.8471308946609497,0.9921342134475708,True,False,True,0.2724936902523041,0.7900324463844299
2682,True,RIGHT_HEEL,0.2675739526748657,0.7883507609367371,0.1685268133878708,0.8544464707374573,0.9971898198127747,True,False,True,0.2675739526748657,0.7883507609367371
2683,True,RIGHT_HEEL,0.26895245909690857,0.7928534746170044,0.1533452421426773,0.8642328977584839,0.9987238049507141,True,False,True,0.26895245909690857,0.7928534746170044
2684,True,RIGHT_HEEL,0.27125227451324463,0.7961218357086182,0.07443204522132874,0.8648855090141296,0.998843789100647,True,False,True,0.27125227451324463,0.7961218357086182
2685,True,RIGHT_HEEL,0.2744017243385315,0.8002076745033264,0.08474177867174149,0.8697317242622375,0.9988057613372803,True,False,True,0.2744017243385315,0.8002076745033264
2686,True,RIGHT_HEEL,0.2783292531967163,0.800247848033905,0.10194670408964157,0.8731450438499451,0.9990183115005493,True,False,True,0.2783292531967163,0.800247848033905
2687,True,RIGHT_HEEL,0.2813710570335388,0.7999787330627441,0.09877976030111313,0.8782533407211304,0.9988993406295776,True,False,True,0.2813710570335388,0.7999787330627441
2688,True,RIGHT_HEEL,0.28544852137565613,0.7989137172698975,0.11840897053480148,0.8792595267295837,0.9988753199577332,True,False,True,0.28544852137565613,0.7989137172698975
2689,True,RIGHT_HEEL,0.2862696349620819,0.7970463037490845,0.20813266932964325,0.8831194639205933,0.999029278755188,True,False,True,0.2862696349620819,0.7970463037490845
2690,True,RIGHT_HEEL,0.2864982485771179,0.7959326505661011,0.21636882424354553,0.8902257084846497,0.9993002414703369,True,False,True,0.2864982485771179,0.7959326505661011
2691,True,RIGHT_HEEL,0.2860585153102875,0.7945656776428223,0.2276400774717331,0.8909186124801636,0.999186098575592,True,False,True,0.2860585153102875,0.7945656776428223
2692,True,RIGHT_HEEL,0.2852810323238373,0.7901102304458618,0.18960030376911163,0.8970417976379395,0.9990336894989014,True,False,True,0.2852810323238373,0.7901102304458618
2693,True,RIGHT_HEEL,0.28431129455566406,0.7862582206726074,0.18404564261436462,0.8961489200592041,0.9987898468971252,True,False,True,0.28431129455566406,0.7862582206726074
2694,True,RIGHT_HEEL,0.28348374366760254,0.7839359045028687,0.13163457810878754,0.8984872698783875,0.9987850785255432,True,False,True,0.28348374366760254,0.7839359045028687
2695,True,RIGHT_HEEL,0.2772543132305145,0.7738542556762695,0.13144147396087646,0.9018955230712891,0.9990170001983643,True,False,True,0.2772543132305145,0.7738542556762695
2696,True,RIGHT_HEEL,0.2679567039012909,0.7612399458885193,0.1592157632112503,0.9044618010520935,0.9991413354873657,True,False,True,0.2679567039012909,0.7612399458885193
2697,True,RIGHT_HEEL,0.26011866331100464,0.7459786534309387,0.26779699325561523,0.9030550122261047,0.9985993504524231,True,False,True,0.26011866331100464,0.7459786534309387
2698,True,RIGHT_HEEL,0.2548832893371582,0.7409003376960754,0.29345929622650146,0.903147280216217,0.9981212019920349,True,False,True,0.2548832893371582,0.7409003376960754
2699,True,RIGHT_HEEL,0.2444802075624466,0.7342970967292786,0.4649363160133362,0.894956111907959,0.9978681802749634,True,False,True,0.2444802075624466,0.7342970967292786
2700,True,RIGHT_HEEL,0.21461589634418488,0.7294235825538635,0.5278351902961731,0.8709664940834045,0.9946346282958984,True,False,True,0.21461589634418488,0.7294235825538635
2701,True,RIGHT_HEEL,0.19851577281951904,0.7362372875213623,0.44846388697624207,0.8565887212753296,0.9973249435424805,True,False,True,0.19851577281951904,0.7362372875213623
2702,True,RIGHT_HEEL,0.1827327460050583,0.7405052781105042,0.4917149543762207,0.8455910682678223,0.9976804256439209,True,False,True,0.1827327460050583,0.7405052781105042
2703,True,RIGHT_HEEL,0.17171424627304077,0.7484128475189209,0.4387054443359375,0.8527920246124268,0.9992073178291321,True,False,True,0.17171424627304077,0.7484128475189209
2704,True,RIGHT_HEEL,0.15601640939712524,0.7619319558143616,0.2789183259010315,0.8599238991737366,0.9992627501487732,True,False,True,0.15601640939712524,0.7619319558143616
2705,True,RIGHT_HEEL,0.14247432351112366,0.7778753042221069,0.12912283837795258,0.8676401376724243,0.9989826083183289,True,False,True,0.14247432351112366,0.7778753042221069
2706,True,RIGHT_HEEL,0.12681184709072113,0.7915172576904297,0.08110377192497253,0.8728147149085999,0.9983406066894531,True,False,True,0.12681184709072113,0.7915172576904297
2707,True,RIGHT_HEEL,0.11772450059652328,0.7991146445274353,0.10627894848585129,0.8792165517807007,0.9980500936508179,True,False,True,0.11772450059652328,0.7991146445274353
2708,True,RIGHT_HEEL,0.1052340641617775,0.8072383999824524,0.04677356034517288,0.8839127421379089,0.9972226619720459,True,False,True,0.1052340641617775,0.8072383999824524
2709,True,RIGHT_HEEL,0.09762883186340332,0.8066182136535645,0.11469097435474396,0.8871603608131409,0.9958989024162292,True,False,True,0.09762883186340332,0.8066182136535645
2604,True,RIGHT_HIP,0.21855033934116364,0.48098909854888916,-0.1398446261882782,0.9995682835578918,0.9995915293693542,True,False,True,0.21855033934116364,0.48098909854888916
2605,True,RIGHT_HIP,0.2194584161043167,0.48076051473617554,-0.1328699290752411,0.9995640516281128,0.9991747736930847,True,False,True,0.2194584161043167,0.48076051473617554
2606,True,RIGHT_HIP,0.2270146906375885,0.4796731472015381,-0.13329288363456726,0.9995720386505127,0.999599277973175,True,False,True,0.2270146906375885,0.4796731472015381
2607,True,RIGHT_HIP,0.2305198311805725,0.47932320833206177,-0.12074226886034012,0.999591588973999,0.9996823072433472,True,False,True,0.2305198311805725,0.47932320833206177
2608,True,RIGHT_HIP,0.2341453582048416,0.47835293412208557,-0.11991845816373825,0.9996131658554077,0.9996086955070496,True,False,True,0.2341453582048416,0.47835293412208557
2609,True,RIGHT_HIP,0.23757880926132202,0.4784355163574219,-0.11808611452579498,0.999626100063324,0.9993007183074951,True,False,True,0.23757880926132202,0.4784355163574219
2610,True,RIGHT_HIP,0.24328090250492096,0.47842592000961304,-0.11469869315624237,0.9996058344841003,0.99921715259552,True,False,True,0.24328090250492096,0.47842592000961304
2611,True,RIGHT_HIP,0.243566632270813,0.4777481257915497,-0.1104334220290184,0.99957275390625,0.9988504648208618,True,False,True,0.243566632270813,0.4777481257915497
2612,True,RIGHT_HIP,0.24459484219551086,0.4778021574020386,-0.11049719154834747,0.9994984865188599,0.9985489249229431,True,False,True,0.24459484219551086,0.4778021574020386
2613,True,RIGHT_HIP,0.24408084154129028,0.47781461477279663,-0.10947445034980774,0.9994121789932251,0.9977961778640747,True,False,True,0.24408084154129028,0.47781461477279663
2614,True,RIGHT_HIP,0.244770810008049,0.4780256152153015,-0.11078166961669922,0.9991822242736816,0.9966842532157898,True,False,True,0.244770810008049,0.4780256152153015
2615,True,RIGHT_HIP,0.2442176789045334,0.4786115884780884,-0.10572680085897446,0.9989225268363953,0.9978920817375183,True,False,True,0.2442176789045334,0.4786115884780884
2616,True,RIGHT_HIP,0.2440822571516037,0.47918054461479187,-0.10532929003238678,0.9983913898468018,0.9970941543579102,True,False,True,0.2440822571516037,0.47918054461479187
2617,True,RIGHT_HIP,0.24305187165737152,0.48039671778678894,-0.10636411607265472,0.997950553894043,0.9963654279708862,True,False,True,0.24305187165737152,0.48039671778678894
2618,True,RIGHT_HIP,0.24020691215991974,0.4803828299045563,-0.10708963871002197,0.9976592659950256,0.9972822666168213,True,False,True,0.24020691215991974,0.4803828299045563
2619,True,RIGHT_HIP,0.2389618307352066,0.4803086817264557,-0.10880248993635178,0.9972444176673889,0.9960145950317383,True,False,True,0.2389618307352066,0.4803086817264557
2620,True,RIGHT_HIP,0.23832854628562927,0.48131945729255676,-0.11479278653860092,0.9967571496963501,0.9944678544998169,True,False,True,0.23832854628562927,0.48131945729255676
2621,True,RIGHT_HIP,0.23767192661762238,0.4819739758968353,-0.11662651598453522,0.996475875377655,0.9964016675949097,True,False,True,0.23767192661762238,0.4819739758968353
2622,True,RIGHT_HIP,0.23739521205425262,0.484678715467453,-0.11749453097581863,0.996635377407074,0.9987461566925049,True,False,True,0.23739521205425262,0.484678715467453
2623,True,RIGHT_HIP,0.2366665154695511,0.4874528646469116,-0.11761127412319183,0.9968646764755249,0.9991123080253601,True,False,True,0.2366665154695511,0.4874528646469116
2624,True,RIGHT_HIP,0.23615017533302307,0.4904322028160095,-0.12127763777971268,0.9971165657043457,0.9994927644729614,True,False,True,0.23615017533302307,0.4904322028160095
2625,True,RIGHT_HIP,0.2353942096233368,0.49417176842689514,-0.12320251762866974,0.9973479509353638,0.9995817542076111,True,False,True,0.2353942096233368,0.49417176842689514
2626,True,RIGHT_HIP,0.23427851498126984,0.5027375817298889,-0.12314756959676743,0.9975486397743225,0.9995829463005066,True,False,True,0.23427851498126984,0.5027375817298889
2627,True,RIGHT_HIP,0.2315310686826706,0.5093402862548828,-0.12347549200057983,0.9977119565010071,0.9996680021286011,True,False,True,0.2315310686826706,0.5093402862548828
2628,True,RIGHT_HIP,0.22884589433670044,0.5185413360595703,-0.12155880033969879,0.997830331325531,0.9995558857917786,True,False,True,0.22884589433670044,0.5185413360595703
2629,True,RIGHT_HIP,0.22810687124729156,0.5300536155700684,-0.12017108500003815,0.9979061484336853,0.9995562434196472,True,False,True,0.22810687124729156,0.5300536155700684
2630,True,RIGHT_HIP,0.2281470000743866,0.5420563817024231,-0.12010255455970764,0.9979840517044067,0.9992263317108154,True,False,True,0.2281470000743866,0.5420563817024231
2631,True,RIGHT_HIP,0.22828125953674316,0.5527937412261963,-0.12006270885467529,0.9980939030647278,0.999091386795044,True,False,True,0.22828125953674316,0.5527937412261963
2632,True,RIGHT_HIP,0.23081642389297485,0.5604372024536133,-0.13645543158054352,0.9982715249061584,0.9998716115951538,True,False,True,0.23081642389297485,0.5604372024536133
2633,True,RIGHT_HIP,0.23566612601280212,0.5663049221038818,-0.13336525857448578,0.9983838796615601,0.9993183612823486,True,False,True,0.23566612601280212,0.5663049221038818
2634,True,RIGHT_HIP,0.23794861137866974,0.5742470622062683,-0.1265617311000824,0.9984889030456543,0.9993054866790771,True,False,True,0.23794861137866974,0.5742470622062683
2635,True,RIGHT_HIP,0.2430681586265564,0.5874886512756348,-0.12642230093479156,0.9985848665237427,0.9994811415672302,True,False,True,0.2430681586265564,0.5874886512756348
2636,True,RIGHT_HIP,0.26051199436187744,0.6046786904335022,-0.12609514594078064,0.9987213611602783,0.9999765157699585,True,False,True,0.26051199436187744,0.6046786904335022
2637,True,RIGHT_HIP,0.28478994965553284,0.6171827912330627,-0.1258331537246704,0.9986498355865479,0.9988516569137573,True,False,True,0.28478994965553284,0.6171827912330627
2638,True,RIGHT_HIP,0.33681946992874146,0.6278311014175415,-0.13771164417266846,0.9987326860427856,0.9997890591621399,True,False,True,0.33681946992874146,0.6278311014175415
2639,True,RIGHT_HIP,0.34408724308013916,0.6243864893913269,-0.14209705591201782,0.9988570809364319,0.9999963045120239,True,False,True,0.34408724308013916,0.6243864893913269
2640,True,RIGHT_HIP,0.3734683692455292,0.6247422099113464,-0.08535938709974289,0.9989674091339111,0.9999926090240479,True,False,True,0.3734683692455292,0.6247422099113464
2641,True,RIGHT_HIP,0.3939532935619354,0.6212517023086548,-0.0702790766954422,0.999053955078125,0.9996024966239929,True,False,True,0.3939532935619354,0.6212517023086548
2642,True,RIGHT_HIP,0.4029187858104706,0.6171855926513672,-0.07165288925170898,0.9991328120231628,0.9996541738510132,True,False,True,0.4029187858104706,0.6171855926513672
2643,True,RIGHT_HIP,0.42167574167251587,0.6052601337432861,-0.052043601870536804,0.9991342425346375,0.9997544884681702,True,False,True,0.42167574167251587,0.6052601337432861
2644,True,RIGHT_HIP,0.43698644638061523,0.5790660977363586,0.006211169064044952,0.9992002248764038,0.9999833106994629,True,False,True,0.43698644638061523,0.5790660977363586
2645,True,RIGHT_HIP,0.45395317673683167,0.5515595078468323,-0.008156253024935722,0.999268651008606,0.9999213218688965,True,False,True,0.45395317673683167,0.5515595078468323
2646,True,RIGHT_HIP,0.46529754996299744,0.5247986316680908,-0.0029422154184430838,0.9993314146995544,0.9998416900634766,True,False,True,0.46529754996299744,0.5247986316680908
2647,True,RIGHT_HIP,0.469036728143692,0.509181559085846,0.06975878775119781,0.9993926286697388,0.9999855756759644,True,False,True,0.469036728143692,0.509181559085846
2648,True,RIGHT_HIP,0.47246477007865906,0.5053821206092834,0.1379757523536682,0.9994369745254517,0.9999057054519653,True,False,True,0.47246477007865906,0.5053821206092834
2649,True,RIGHT_HIP,0.4756150245666504,0.49847349524497986,0.1364234983921051,0.9994771480560303,0.9999891519546509,True,False,True,0.4756150245666504,0.49847349524497986
2650,True,RIGHT_HIP,0.47556641697883606,0.49291273951530457,0.11846651136875153,0.9995222091674805,0.9999898672103882,True,False,True,0.47556641697883606,0.49291273951530457
2651,True,RIGHT_HIP,0.4748099744319916,0.48273470997810364,0.10512161254882812,0.9995687007904053,0.9999978542327881,True,False,True,0.4748099744319916,0.48273470997810364
2652,True,RIGHT_HIP,0.47916868329048157,0.46994659304618835,0.08951810747385025,0.9996088743209839,0.9999991655349731,True,False,True,0.47916868329048157,0.46994659304618835
2653,True,RIGHT_HIP,0.47808465361595154,0.4596973955631256,0.07401658594608307,0.9996375441551208,0.9999898672103882,True,False,True,0.47808465361595154,0.4596973955631256
2654,True,RIGHT_HIP,0.4786379039287567,0.45515763759613037,0.06882837414741516,0.9996337294578552,0.9998674392700195,True,False,True,0.4786379039287567,0.45515763759613037
2655,True,RIGHT_HIP,0.48666250705718994,0.4436737895011902,0.06475399434566498,0.9996341466903687,0.9998998641967773,True,False,True,0.48666250705718994,0.4436737895011902
2656,True,RIGHT_HIP,0.4980270266532898,0.44196373224258423,0.07978399097919464,0.9996596574783325,0.9999765157699585,True,False,True,0.4980270266532898,0.44196373224258423
2657,True,RIGHT_HIP,0.4984362721443176,0.4474080204963684,0.10346532613039017,0.9996808171272278,0.9999884366989136,True,False,True,0.4984362721443176,0.4474080204963684
2658,True,RIGHT_HIP,0.49571335315704346,0.4503389298915863,0.1260724663734436,0.9997067451477051,0.999998927116394,True,False,True,0.49571335315704346,0.4503389298915863
2659,True,RIGHT_HIP,0.4943349361419678,0.4538733959197998,0.13884608447551727,0.9996744394302368,0.9999892711639404,True,False,True,0.4943349361419678,0.4538733959197998
2660,True,RIGHT_HIP,0.49300336837768555,0.48001161217689514,0.14830811321735382,0.9996873736381531,0.9999940395355225,True,False,True,0.49300336837768555,0.48001161217689514
2661,True,RIGHT_HIP,0.4788564145565033,0.5092371106147766,0.14114876091480255,0.9996948838233948,0.9999892711639404,True,False,True,0.4788564145565033,0.5092371106147766
2662,True,RIGHT_HIP,0.4681147634983063,0.521152913570404,0.14895965158939362,0.9997121691703796,0.999988317489624,True,False,True,0.4681147634983063,0.521152913570404
2663,True,RIGHT_HIP,0.45168226957321167,0.5242101550102234,0.14649510383605957,0.9997314810752869,0.9999872446060181,True,False,True,0.45168226957321167,0.5242101550102234
2664,True,RIGHT_HIP,0.43897849321365356,0.5311381816864014,0.14647531509399414,0.9997460842132568,0.9999856948852539,True,False,True,0.43897849321365356,0.5311381816864014
2665,True,RIGHT_HIP,0.4084969162940979,0.539549708366394,0.14352886378765106,0.9997564554214478,0.9999710321426392,True,False,True,0.4084969162940979,0.539549708366394
2666,True,RIGHT_HIP,0.3734763562679291,0.5475649833679199,0.12693847715854645,0.9997710585594177,0.9999661445617676,True,False,True,0.3734763562679291,0.5475649833679199
2667,True,RIGHT_HIP,0.3517131507396698,0.5501969456672668,0.12783794105052948,0.9997884035110474,0.999983549118042,True,False,True,0.3517131507396698,0.5501969456672668
2668,True,RIGHT_HIP,0.33997267484664917,0.5495242476463318,0.11113370954990387,0.9998090863227844,0.9999970197677612,True,False,True,0.33997267484664917,0.5495242476463318
2669,True,RIGHT_HIP,0.3265397846698761,0.5452220439910889,0.11076835542917252,0.9998278021812439,0.9999977350234985,True,False,True,0.3265397846698761,0.5452220439910889
2670,True,RIGHT_HIP,0.31425267457962036,0.5413929224014282,0.11215490847826004,0.9998443722724915,0.9999960660934448,True,False,True,0.31425267457962036,0.5413929224014282
2671,True,RIGHT_HIP,0.30562692880630493,0.5350269675254822,0.11254806816577911,0.9998586773872375,0.9999958276748657,True,False,True,0.30562692880630493,0.5350269675254822
2672,True,RIGHT_HIP,0.296197772026062,0.5259690284729004,0.1130756139755249,0.9998713135719299,0.9999939203262329,True,False,True,0.296197772026062,0.5259690284729004
2673,True,RIGHT_HIP,0.2893616259098053,0.5169167518615723,0.11610376834869385,0.9998822808265686,0.9999909400939941,True,False,True,0.2893616259098053,0.5169167518615723
2674,True,RIGHT_HIP,0.2820693552494049,0.5074424743652344,0.11639881134033203,0.9998911619186401,0.9999885559082031,True,False,True,0.2820693552494049,0.5074424743652344
2675,True,RIGHT_HIP,0.27504509687423706,0.5001934170722961,0.11590597033500671,0.9999009966850281,0.9999940395355225,True,False,True,0.27504509687423706,0.5001934170722961
2676,True,RIGHT_HIP,0.26823773980140686,0.49632787704467773,0.1116485595703125,0.9999087452888489,0.9999880790710449,True,False,True,0.26823773980140686,0.49632787704467773
2677,True,RIGHT_HIP,0.2625282108783722,0.4929434061050415,0.11559249460697174,0.9998776912689209,0.9997971653938293,True,False,True,0.2625282108783722,0.4929434061050415
2678,True,RIGHT_HIP,0.25494256615638733,0.4905886650085449,0.12195264548063278,0.9998394846916199,0.9998107552528381,True,False,True,0.25494256615638733,0.4905886650085449
2679,True,RIGHT_HIP,0.2510107159614563,0.4904100000858307,0.13026008009910583,0.9997721910476685,0.999749481678009,True,False,True,0.2510107159614563,0.4904100000858307
2680,True,RIGHT_HIP,0.24670028686523438,0.4901423454284668,0.12972089648246765,0.9997015595436096,0.9996032118797302,True,False,True,0.24670028686523438,0.4901423454284668
2681,True,RIGHT_HIP,0.24153636395931244,0.4901372492313385,0.1303199678659439,0.9995536804199219,0.9991248250007629,True,False,True,0.24153636395931244,0.4901372492313385
2682,True,RIGHT_HIP,0.23169852793216705,0.4894021451473236,0.1299760788679123,0.9994505047798157,0.9995100498199463,True,False,True,0.23169852793216705,0.4894021451473236
2683,True,RIGHT_HIP,0.23078009486198425,0.4905209541320801,0.12876179814338684,0.9994123578071594,0.9997486472129822,True,False,True,0.23078009486198425,0.4905209541320801
2684,True,RIGHT_HIP,0.22510814666748047,0.49111849069595337,0.11685877293348312,0.9993712306022644,0.9995481371879578,True,False,True,0.22510814666748047,0.49111849069595337
2685,True,RIGHT_HIP,0.2216484397649765,0.49160587787628174,0.11721284687519073,0.9993097186088562,0.9994814991950989,True,False,True,0.2216484397649765,0.49160587787628174
2686,True,RIGHT_HIP,0.21414561569690704,0.491997629404068,0.11678393930196762,0.9992432594299316,0.9994255304336548,True,False,True,0.21414561569690704,0.491997629404068
2687,True,RIGHT_HIP,0.20963162183761597,0.49249786138534546,0.11598566174507141,0.9991611242294312,0.9993444085121155,True,False,True,0.20963162183761597,0.49249786138534546
2688,True,RIGHT_HIP,0.20436179637908936,0.4929766058921814,0.11427818238735199,0.999159574508667,0.9995928406715393,True,False,True,0.20436179637908936,0.4929766058921814
2689,True,RIGHT_HIP,0.19755412638187408,0.4939974844455719,0.1107102558016777,0.9991849660873413,0.9997039437294006,True,False,True,0.19755412638187408,0.4939974844455719
2690,True,RIGHT_HIP,0.19194096326828003,0.49460071325302124,0.110951267182827,0.9992146492004395,0.9997839331626892,True,False,True,0.19194096326828003,0.49460071325302124
2691,True,RIGHT_HIP,0.187460795044899,0.4947461783885956,0.11135488748550415,0.9992595314979553,0.9997739195823669,True,False,True,0.187460795044899,0.4947461783885956
2692,True,RIGHT_HIP,0.1840648353099823,0.4948054552078247,0.1117534413933754,0.9992599487304688,0.999675989151001,True,False,True,0.1840648353099823,0.4948054552078247
2693,True,RIGHT_HIP,0.18081501126289368,0.4949275255203247,0.1116161122918129,0.9992569088935852,0.9994818568229675,True,False,True,0.18081501126289368,0.4949275255203247
2694,True,RIGHT_HIP,0.17693683505058289,0.4950037896633148,0.11180627346038818,0.9992277026176453,0.9993413090705872,True,False,True,0.17693683505058289,0.4950037896633148
2695,True,RIGHT_HIP,0.16949746012687683,0.4937303960323334,0.10180502384901047,0.9992004036903381,0.9993742108345032,True,False,True,0.16949746012687683,0.4937303960323334
2696,True,RIGHT_HIP,0.1632162183523178,0.49335429072380066,0.09063002467155457,0.9992191195487976,0.9996416568756104,True,False,True,0.1632162183523178,0.49335429072380066
2697,True,RIGHT_HIP,0.161995530128479,0.4863937795162201,0.07663944363594055,0.9992345571517944,0.9995641112327576,True,False,True,0.161995530128479,0.4863937795162201
2698,True,RIGHT_HIP,0.15800102055072784,0.48703131079673767,0.07551346719264984,0.9992687106132507,0.999729573726654,True,False,True,0.15800102055072784,0.48703131079673767
2699,True,RIGHT_HIP,0.15448567271232605,0.4858555793762207,0.07116576284170151,0.9992907047271729,0.9996929168701172,True,False,True,0.15448567271232605,0.4858555793762207
2700,True,RIGHT_HIP,0.15262648463249207,0.4859450161457062,0.06818837672472,0.9992935657501221,0.9992930889129639,True,False,True,0.15262648463249207,0.4859450161457062
2701,True,RIGHT_HIP,0.15315188467502594,0.4861743450164795,0.07253286987543106,0.9993208050727844,0.9995792508125305,True,False,True,0.15315188467502594,0.4861743450164795
2702,True,RIGHT_HIP,0.15183763206005096,0.48489415645599365,0.06956552714109421,0.9993593692779541,0.9997643828392029,True,False,True,0.15183763206005096,0.48489415645599365
2703,True,RIGHT_HIP,0.15161578357219696,0.4833800494670868,0.07208531349897385,0.9994001388549805,0.9998018145561218,True,False,True,0.15161578357219696,0.4833800494670868
2704,True,RIGHT_HIP,0.15236225724220276,0.4831037223339081,0.07346635311841965,0.9994280338287354,0.9997765421867371,True,False,True,0.15236225724220276,0.4831037223339081
2705,True,RIGHT_HIP,0.15354421734809875,0.48247644305229187,0.08296208828687668,0.9994381666183472,0.9997252821922302,True,False,True,0.15354421734809875,0.48247644305229187
2706,True,RIGHT_HIP,0.15421707928180695,0.4813499450683594,0.08257840573787689,0.9994516372680664,0.9997112154960632,True,False,True,0.15421707928180695,0.4813499450683594
2707,True,RIGHT_HIP,0.15451966226100922,0.4814893305301666,0.0847763866186142,0.999457836151123,0.9996974468231201,True,False,True,0.15451966226100922,0.4814893305301666
2708,True,RIGHT_HIP,0.15487040579319,0.4819274842739105,0.08852139860391617,0.9994860887527466,0.9997538924217224,True,False,True,0.15487040579319,0.4819274842739105
2709,True,RIGHT_HIP,0.15493610501289368,0.48408639430999756,0.08366729319095612,0.9994875192642212,0.9995018243789673,True,False,True,0.15493610501289368,0.48408639430999756
2604,True,RIGHT_INDEX,0.3429182469844818,0.26095879077911377,-0.2429899275302887,0.9721759557723999,0.9996640682220459,True,False,True,0.3429182469844818,0.26095879077911377
2605,True,RIGHT_INDEX,0.3338387608528137,0.2427099198102951,-0.3211091458797455,0.9725709557533264,0.9996576309204102,True,False,True,0.3338387608528137,0.2427099198102951
2606,True,RIGHT_INDEX,0.32968899607658386,0.23565097153186798,-0.1926218569278717,0.9689633250236511,0.9995908141136169,True,False,True,0.32968899607658386,0.23565097153186798
2607,True,RIGHT_INDEX,0.32428985834121704,0.22050197422504425,-0.5524897575378418,0.9676893949508667,0.9997478127479553,True,False,True,0.32428985834121704,0.22050197422504425
2608,True,RIGHT_INDEX,0.3231050372123718,0.21683022379875183,-0.48746344447135925,0.967094898223877,0.9997109770774841,True,False,True,0.3231050372123718,0.21683022379875183
2609,True,RIGHT_INDEX,0.3187723457813263,0.21699990332126617,-0.5130350589752197,0.9677301049232483,0.9997292160987854,True,False,True,0.3187723457813263,0.21699990332126617
2610,True,RIGHT_INDEX,0.31148561835289,0.21678557991981506,-0.5085028409957886,0.9658439755439758,0.9994376301765442,True,False,True,0.31148561835289,0.21678557991981506
2611,True,RIGHT_INDEX,0.30944278836250305,0.21693864464759827,-0.5705388784408569,0.9659066796302795,0.9995704293251038,True,False,True,0.30944278836250305,0.21693864464759827
2612,True,RIGHT_INDEX,0.30799898505210876,0.21946850419044495,-0.6664555668830872,0.9660398364067078,0.9993777275085449,True,False,True,0.30799898505210876,0.21946850419044495
2613,True,RIGHT_INDEX,0.2973625063896179,0.22606170177459717,-0.5751467943191528,0.9653562903404236,0.9986975193023682,True,False,True,0.2973625063896179,0.22606170177459717
2614,True,RIGHT_INDEX,0.2990332841873169,0.2368786782026291,-0.529653012752533,0.9656063914299011,0.9992173910140991,True,False,True,0.2990332841873169,0.2368786782026291
2615,True,RIGHT_INDEX,0.30182498693466187,0.25043192505836487,-0.4573855400085449,0.9666236639022827,0.9993855953216553,True,False,True,0.30182498693466187,0.25043192505836487
2616,True,RIGHT_INDEX,0.31230470538139343,0.27636757493019104,-0.4239090085029602,0.9681327939033508,0.9995957016944885,True,False,True,0.31230470538139343,0.27636757493019104
2617,True,RIGHT_INDEX,0.3119727671146393,0.2799130380153656,-0.40710192918777466,0.9691497683525085,0.9995414018630981,True,False,True,0.3119727671146393,0.2799130380153656
2618,True,RIGHT_INDEX,0.31448766589164734,0.31060791015625,-0.4035647213459015,0.9709442257881165,0.9997108578681946,True,False,True,0.31448766589164734,0.31060791015625
2619,True,RIGHT_INDEX,0.314402312040329,0.3321535885334015,-0.3694395422935486,0.9668500423431396,0.9981191754341125,True,False,True,0.314402312040329,0.3321535885334015
2620,True,RIGHT_INDEX,0.31483057141304016,0.3428035378456116,-0.30266278982162476,0.9611151814460754,0.997871994972229,True,False,True,0.31483057141304016,0.3428035378456116
2621,True,RIGHT_INDEX,0.32652923464775085,0.35297662019729614,-0.3283041715621948,0.9594920873641968,0.9993077516555786,True,False,True,0.32652923464775085,0.35297662019729614
2622,True,RIGHT_INDEX,0.3356839418411255,0.37427759170532227,-0.5310246348381042,0.9592997431755066,0.9996102452278137,True,False,True,0.3356839418411255,0.37427759170532227
2623,True,RIGHT_INDEX,0.3362087607383728,0.39950838685035706,-0.6392814517021179,0.9588191509246826,0.999660849571228,True,False,True,0.3362087607383728,0.39950838685035706
2624,True,RIGHT_INDEX,0.3394203186035156,0.4382149577140808,-0.5298672318458557,0.9600592255592346,0.9998025298118591,True,False,True,0.3394203186035156,0.4382149577140808
2625,True,RIGHT_INDEX,0.34097662568092346,0.4695976674556732,-0.46513572335243225,0.9616324305534363,0.9998804330825806,True,False,True,0.34097662568092346,0.4695976674556732
2626,True,RIGHT_INDEX,0.35165202617645264,0.49616539478302,-0.49087250232696533,0.961306095123291,0.9997830986976624,True,False,True,0.35165202617645264,0.49616539478302
2627,True,RIGHT_INDEX,0.34880247712135315,0.5247952938079834,-0.5428489446640015,0.9601354002952576,0.9997829794883728,True,False,True,0.34880247712135315,0.5247952938079834
2628,True,RIGHT_INDEX,0.32849249243736267,0.5539830923080444,-0.5650461316108704,0.9589641690254211,0.9996473789215088,True,False,True,0.32849249243736267,0.5539830923080444
2629,True,RIGHT_INDEX,0.3123738765716553,0.586078405380249,-0.6525934338569641,0.9564839005470276,0.9991534948348999,True,False,True,0.3123738765716553,0.586078405380249
2630,True,RIGHT_INDEX,0.2923944890499115,0.6067866683006287,-0.7633141875267029,0.9520275592803955,0.9988666772842407,True,False,True,0.2923944890499115,0.6067866683006287
2631,True,RIGHT_INDEX,0.26582852005958557,0.6230170726776123,-0.7678959369659424,0.9505045413970947,0.9991610050201416,True,False,True,0.26582852005958557,0.6230170726776123
2632,True,RIGHT_INDEX,0.24271690845489502,0.6302323341369629,-0.7969892621040344,0.9476675391197205,0.9991600513458252,True,False,True,0.24271690845489502,0.6302323341369629
2633,True,RIGHT_INDEX,0.2235630452632904,0.6295790672302246,-0.8100402355194092,0.9472997188568115,0.998799204826355,True,False,True,0.2235630452632904,0.6295790672302246
2634,True,RIGHT_INDEX,0.2161785513162613,0.6202669739723206,-0.8303040862083435,0.9466487765312195,0.9989010095596313,True,False,True,0.2161785513162613,0.6202669739723206
2635,True,RIGHT_INDEX,0.2246221899986267,0.601715087890625,-0.5046761631965637,0.9398958683013916,0.9982913136482239,True,False,True,0.2246221899986267,0.601715087890625
2636,True,RIGHT_INDEX,0.23397959768772125,0.5704630017280579,-0.34231552481651306,0.9366351962089539,0.9995819926261902,True,False,True,0.23397959768772125,0.5704630017280579
2637,True,RIGHT_INDEX,0.29287150502204895,0.47179895639419556,-0.1336127072572708,0.8842787146568298,0.9918875098228455,True,False,True,0.29287150502204895,0.47179895639419556
2638,True,RIGHT_INDEX,0.42675521969795227,0.4739910662174225,-0.30394211411476135,0.8601585030555725,0.9981006979942322,True,False,True,0.42675521969795227,0.4739910662174225
2639,True,RIGHT_INDEX,0.3522874712944031,0.35437870025634766,-1.0976428985595703,0.852202832698822,0.9972712397575378,True,False,True,0.3522874712944031,0.35437870025634766
2640,True,RIGHT_INDEX,0.3477504551410675,0.3566646873950958,-0.014927210286259651,0.8106874823570251,0.9997912049293518,True,False,True,0.3477504551410675,0.3566646873950958
2641,True,RIGHT_INDEX,0.40977129340171814,0.3819163143634796,0.192946195602417,0.7791489958763123,0.9996278285980225,True,False,True,0.40977129340171814,0.3819163143634796
2642,True,RIGHT_INDEX,0.6047776937484741,0.3006918132305145,-0.24387885630130768,0.8004692792892456,0.9972048401832581,True,False,True,0.6047776937484741,0.3006918132305145
2643,True,RIGHT_INDEX,0.4720405638217926,0.3505372405052185,0.25986719131469727,0.7528364658355713,0.9973813891410828,True,False,True,0.4720405638217926,0.3505372405052185
2644,True,RIGHT_INDEX,0.44848763942718506,0.5932049751281738,0.43588578701019287,0.6865525245666504,0.9989271759986877,True,False,True,0.44848763942718506,0.5932049751281738
2645,True,RIGHT_INDEX,0.3680381178855896,0.5442879796028137,0.6065826416015625,0.619705080986023,0.9959016442298889,True,False,True,0.3680381178855896,0.5442879796028137
2646,True,RIGHT_INDEX,0.3489258587360382,0.5592317581176758,0.2740141451358795,0.5681295394897461,0.9933037161827087,True,False,True,0.3489258587360382,0.5592317581176758
2647,True,RIGHT_INDEX,0.27355554699897766,0.5301595330238342,0.38559409976005554,0.5245368480682373,0.9994551539421082,True,False,True,0.27355554699897766,0.5301595330238342
2648,True,RIGHT_INDEX,0.25350841879844666,0.5054459571838379,0.8132568001747131,0.47737404704093933,0.9921632409095764,False,False,False,,
2649,True,RIGHT_INDEX,0.2545226216316223,0.48000240325927734,0.4518478214740753,0.48130562901496887,0.9997352957725525,False,False,False,,
2650,True,RIGHT_INDEX,0.266228049993515,0.47565457224845886,0.6377787590026855,0.4656631350517273,0.9998466968536377,False,False,False,,
2651,True,RIGHT_INDEX,0.27124541997909546,0.47662824392318726,1.030854344367981,0.47657808661460876,0.9999793767929077,False,False,False,,
2652,True,RIGHT_INDEX,0.23553939163684845,0.48988500237464905,0.5603008270263672,0.5052083134651184,0.9998644590377808,True,False,True,0.23553939163684845,0.48988500237464905
2653,True,RIGHT_INDEX,0.22127856314182281,0.49651390314102173,0.44292861223220825,0.5271992683410645,0.9993059635162354,True,False,True,0.22127856314182281,0.49651390314102173
2654,True,RIGHT_INDEX,0.23475567996501923,0.4910549521446228,0.18195882439613342,0.5447066426277161,0.9978762865066528,True,False,True,0.23475567996501923,0.4910549521446228
2655,True,RIGHT_INDEX,0.2503376007080078,0.4192945957183838,0.42660072445869446,0.5026033520698547,0.9907646179199219,True,False,True,0.2503376007080078,0.4192945957183838
2656,True,RIGHT_INDEX,0.2930428981781006,0.3793671727180481,0.47273382544517517,0.45642080903053284,0.9890334606170654,False,False,False,,
2657,True,RIGHT_INDEX,0.3086340129375458,0.3925744295120239,0.44293639063835144,0.41815924644470215,0.9951512813568115,False,False,False,,
2658,True,RIGHT_INDEX,0.3486238420009613,0.3983555734157562,0.14724400639533997,0.3834895193576813,0.9982724189758301,False,False,False,,
2659,True,RIGHT_INDEX,0.3713395595550537,0.4122103750705719,0.2569270730018616,0.3510356843471527,0.9977339506149292,False,False,False,,
2660,True,RIGHT_INDEX,0.40612950921058655,0.4130767583847046,0.4777739942073822,0.323172390460968,0.9994726777076721,False,False,False,,
2661,True,RIGHT_INDEX,0.4015566408634186,0.4086644649505615,0.5371968746185303,0.2938714921474457,0.9995133876800537,False,False,False,,
2662,True,RIGHT_INDEX,0.38453370332717896,0.37919625639915466,0.7373793721199036,0.2734856605529785,0.999842643737793,False,False,False,,
2663,True,RIGHT_INDEX,0.3965616822242737,0.3915441632270813,0.822241485118866,0.24958661198616028,0.9995254278182983,False,False,False,,
2664,True,RIGHT_INDEX,0.38313043117523193,0.39863255620002747,0.8038836717605591,0.23150882124900818,0.9997723698616028,False,False,False,,
2665,True,RIGHT_INDEX,0.3759509325027466,0.4018316864967346,0.666061520576477,0.2097354382276535,0.9985344409942627,False,False,False,,
2666,True,RIGHT_INDEX,0.29581937193870544,0.4851241707801819,-0.1298997402191162,0.20835289359092712,0.9994261264801025,False,False,False,,
2667,True,RIGHT_INDEX,0.2788006365299225,0.5000379085540771,-0.26785340905189514,0.2152784764766693,0.9996532201766968,False,False,False,,
2668,True,RIGHT_INDEX,0.2562970519065857,0.5043256878852844,-0.3489494323730469,0.24719570577144623,0.9998893737792969,False,False,False,,
2669,True,RIGHT_INDEX,0.25214552879333496,0.5041956901550293,-0.3182896673679352,0.28809383511543274,0.9999181032180786,False,False,False,,
2670,True,RIGHT_INDEX,0.2480444610118866,0.5093033313751221,-0.36844825744628906,0.3424103856086731,0.999941349029541,False,False,False,,
2671,True,RIGHT_INDEX,0.2256949245929718,0.5042850971221924,-0.2529626190662384,0.39540529251098633,0.9999037981033325,False,False,False,,
2672,True,RIGHT_INDEX,0.18176835775375366,0.5141497850418091,-0.11422620713710785,0.44803428649902344,0.9998767375946045,False,False,False,,
2673,True,RIGHT_INDEX,0.15471836924552917,0.5092437863349915,-0.09876832365989685,0.49576565623283386,0.9997140765190125,False,False,False,,
2674,True,RIGHT_INDEX,0.14434866607189178,0.507207453250885,-0.12286756187677383,0.538741946220398,0.9995735287666321,True,False,True,0.14434866607189178,0.507207453250885
2675,True,RIGHT_INDEX,0.13105586171150208,0.4934459328651428,-0.14326676726341248,0.5802979469299316,0.999757707118988,True,False,True,0.13105586171150208,0.4934459328651428
2676,True,RIGHT_INDEX,0.12544603645801544,0.47617021203041077,-0.1547011286020279,0.6181278824806213,0.9996670484542847,True,False,True,0.12544603645801544,0.47617021203041077
2677,True,RIGHT_INDEX,0.12594570219516754,0.4637259542942047,-0.24491143226623535,0.6523898839950562,0.9994369149208069,True,False,True,0.12594570219516754,0.4637259542942047
2678,True,RIGHT_INDEX,0.12453541159629822,0.45306384563446045,-0.34091702103614807,0.6832102537155151,0.9994844198226929,True,False,True,0.12453541159629822,0.45306384563446045
2679,True,RIGHT_INDEX,0.12651266157627106,0.44667819142341614,-0.47831207513809204,0.7115693092346191,0.9996364116668701,True,False,True,0.12651266157627106,0.44667819142341614
2680,True,RIGHT_INDEX,0.12787359952926636,0.4423220753669739,-0.463472455739975,0.737186074256897,0.9996016621589661,True,False,True,0.12787359952926636,0.4423220753669739
2681,True,RIGHT_INDEX,0.13128113746643066,0.4398774206638336,-0.3457064628601074,0.7584149837493896,0.9995930790901184,True,False,True,0.13128113746643066,0.4398774206638336
2682,True,RIGHT_INDEX,0.1344156712293625,0.4385865330696106,-0.3187788724899292,0.7772136330604553,0.999854326248169,True,False,True,0.1344156712293625,0.4385865330696106
2683,True,RIGHT_INDEX,0.1329319179058075,0.4394846558570862,-0.3017471134662628,0.7952494621276855,0.9999263286590576,True,False,True,0.1329319179058075,0.4394846558570862
2684,True,RIGHT_INDEX,0.13180182874202728,0.4418528079986572,-0.2291482836008072,0.8074489235877991,0.9997361302375793,True,False,True,0.13180182874202728,0.4418528079986572
2685,True,RIGHT_INDEX,0.12992538511753082,0.4431561827659607,-0.18376849591732025,0.8178578615188599,0.9998014569282532,True,False,True,0.12992538511753082,0.4431561827659607
2686,True,RIGHT_INDEX,0.1315275877714157,0.44370219111442566,-0.013724946416914463,0.8247349262237549,0.9997726082801819,True,False,True,0.1315275877714157,0.44370219111442566
2687,True,RIGHT_INDEX,0.13260199129581451,0.4478788673877716,-0.07372816652059555,0.8318542242050171,0.9997645020484924,True,False,True,0.13260199129581451,0.4478788673877716
2688,True,RIGHT_INDEX,0.1335063874721527,0.4618288278579712,-0.09747685492038727,0.8419685959815979,0.9998539686203003,True,False,True,0.1335063874721527,0.4618288278579712
2689,True,RIGHT_INDEX,0.1339207887649536,0.4724901616573334,-0.1122785210609436,0.8526861667633057,0.9998764991760254,True,False,True,0.1339207887649536,0.4724901616573334
2690,True,RIGHT_INDEX,0.1337067186832428,0.47659021615982056,-0.1322525292634964,0.8629469871520996,0.9999182224273682,True,False,True,0.1337067186832428,0.47659021615982056
2691,True,RIGHT_INDEX,0.13331595063209534,0.4812031388282776,-0.134327232837677,0.8730390667915344,0.9999034404754639,True,False,True,0.13331595063209534,0.4812031388282776
2692,True,RIGHT_INDEX,0.13165231049060822,0.48387691378593445,-0.13934685289859772,0.8819972276687622,0.9999215602874756,True,False,True,0.13165231049060822,0.48387691378593445
2693,True,RIGHT_INDEX,0.12947408854961395,0.48549193143844604,-0.12126417458057404,0.8884338736534119,0.9998319149017334,True,False,True,0.12947408854961395,0.48549193143844604
2694,True,RIGHT_INDEX,0.12614603340625763,0.48598912358283997,-0.12862549722194672,0.8949288129806519,0.9998518228530884,True,False,True,0.12614603340625763,0.48598912358283997
2695,True,RIGHT_INDEX,0.12070545554161072,0.4858531653881073,-0.1896779090166092,0.9005482196807861,0.9997743964195251,True,False,True,0.12070545554161072,0.4858531653881073
2696,True,RIGHT_INDEX,0.11531675606966019,0.48799771070480347,-0.22305691242218018,0.9060344099998474,0.9997199177742004,True,False,True,0.11531675606966019,0.48799771070480347
2697,True,RIGHT_INDEX,0.11023063212633133,0.4888903796672821,-0.3386395573616028,0.9114341139793396,0.9995550513267517,True,False,True,0.11023063212633133,0.4888903796672821
2698,True,RIGHT_INDEX,0.10419488698244095,0.4877384901046753,-0.2616146206855774,0.9163340926170349,0.9996401071548462,True,False,True,0.10419488698244095,0.4877384901046753
2699,True,RIGHT_INDEX,0.09954426437616348,0.48700377345085144,-0.26693132519721985,0.9206462502479553,0.9993888139724731,True,False,True,0.09954426437616348,0.48700377345085144
2700,True,RIGHT_INDEX,0.09209953248500824,0.48879653215408325,-0.23822657763957977,0.9222582578659058,0.9988318085670471,True,False,True,0.09209953248500824,0.48879653215408325
2701,True,RIGHT_INDEX,0.08606994897127151,0.4918818473815918,-0.20758090913295746,0.9248647093772888,0.9991713762283325,True,False,True,0.08606994897127151,0.4918818473815918
2702,True,RIGHT_INDEX,0.08140192180871964,0.49484333395957947,-0.2077149599790573,0.9291129112243652,0.9993663430213928,True,False,True,0.08140192180871964,0.49484333395957947
2703,True,RIGHT_INDEX,0.07875286787748337,0.49597877264022827,-0.1823132187128067,0.9325060844421387,0.9996852874755859,True,False,True,0.07875286787748337,0.49597877264022827
2704,True,RIGHT_INDEX,0.07455337047576904,0.49604058265686035,-0.16603605449199677,0.9367653727531433,0.9998024106025696,True,False,True,0.07455337047576904,0.49604058265686035
2705,True,RIGHT_INDEX,0.07141809910535812,0.4953870177268982,-0.083134725689888,0.9392317533493042,0.9997608065605164,True,False,True,0.07141809910535812,0.4953870177268982
2706,True,RIGHT_INDEX,0.06901579350233078,0.49492862820625305,-0.06346402317285538,0.940520703792572,0.9997069239616394,True,False,True,0.06901579350233078,0.49492862820625305
2707,True,RIGHT_INDEX,0.06795704364776611,0.49606412649154663,-0.08790655434131622,0.9398695826530457,0.999664306640625,True,False,True,0.06795704364776611,0.49606412649154663
2708,True,RIGHT_INDEX,0.06603516638278961,0.49848732352256775,-0.06380549818277359,0.9411712884902954,0.999745786190033,True,False,True,0.06603516638278961,0.49848732352256775
2709,True,RIGHT_INDEX,0.06441245228052139,0.49998852610588074,-0.08889101445674896,0.9415000081062317,0.9995842576026917,True,False,True,0.06441245228052139,0.49998852610588074
2604,True,RIGHT_KNEE,0.25245994329452515,0.6243244409561157,-0.24215950071811676,0.9978089928627014,0.9998278617858887,True,False,True,0.25245994329452515,0.6243244409561157
2605,True,RIGHT_KNEE,0.252558171749115,0.6259434223175049,-0.15495550632476807,0.9975918531417847,0.9995249509811401,True,False,True,0.252558171749115,0.6259434223175049
2606,True,RIGHT_KNEE,0.2559516131877899,0.6258086562156677,-0.16162735223770142,0.9973859190940857,0.9996740818023682,True,False,True,0.2559516131877899,0.6258086562156677
2607,True,RIGHT_KNEE,0.2601030170917511,0.6255767345428467,-0.1491701602935791,0.9972463250160217,0.999703586101532,True,False,True,0.2601030170917511,0.6255767345428467
2608,True,RIGHT_KNEE,0.26156964898109436,0.6252615451812744,-0.1647133231163025,0.9971679449081421,0.9996622800827026,True,False,True,0.26156964898109436,0.6252615451812744
2609,True,RIGHT_KNEE,0.26406532526016235,0.6248002052307129,-0.1690785139799118,0.9971612095832825,0.999444305896759,True,False,True,0.26406532526016235,0.6248002052307129
2610,True,RIGHT_KNEE,0.2657756209373474,0.6248377561569214,-0.1587844043970108,0.9968104362487793,0.9989107847213745,True,False,True,0.2657756209373474,0.6248377561569214
2611,True,RIGHT_KNEE,0.2676761746406555,0.6248350143432617,-0.16416916251182556,0.9965564608573914,0.9985288381576538,True,False,True,0.2676761746406555,0.6248350143432617
2612,True,RIGHT_KNEE,0.2679058611392975,0.6252859830856323,-0.1552310734987259,0.9961972832679749,0.9982641339302063,True,False,True,0.2679058611392975,0.6252859830856323
2613,True,RIGHT_KNEE,0.2681078016757965,0.6253592371940613,-0.15748408436775208,0.9958168864250183,0.9975559711456299,True,False,True,0.2681078016757965,0.6253592371940613
2614,True,RIGHT_KNEE,0.26848500967025757,0.6268782615661621,-0.16856342554092407,0.9950172305107117,0.9969478249549866,True,False,True,0.26848500967025757,0.6268782615661621
2615,True,RIGHT_KNEE,0.2682611346244812,0.6282889246940613,-0.15497919917106628,0.9938600659370422,0.9962902069091797,True,False,True,0.2682611346244812,0.6282889246940613
2616,True,RIGHT_KNEE,0.26915401220321655,0.6284469962120056,-0.1594017595052719,0.9921519160270691,0.9955833554267883,True,False,True,0.26915401220321655,0.6284469962120056
2617,True,RIGHT_KNEE,0.2700394093990326,0.6285096406936646,-0.16110381484031677,0.9911602735519409,0.9954036474227905,True,False,True,0.2700394093990326,0.6285096406936646
2618,True,RIGHT_KNEE,0.2702091634273529,0.627886950969696,-0.14955835044384003,0.9896763563156128,0.9969550371170044,True,False,True,0.2702091634273529,0.627886950969696
2619,True,RIGHT_KNEE,0.2705073058605194,0.6264530420303345,-0.15311762690544128,0.9876477122306824,0.9959923624992371,True,False,True,0.2705073058605194,0.6264530420303345
2620,True,RIGHT_KNEE,0.27201518416404724,0.6264503598213196,-0.18002711236476898,0.9880549311637878,0.9985509514808655,True,False,True,0.27201518416404724,0.6264503598213196
2621,True,RIGHT_KNEE,0.27507415413856506,0.6264486908912659,-0.19415289163589478,0.9883178472518921,0.9995018243789673,True,False,True,0.27507415413856506,0.6264486908912659
2622,True,RIGHT_KNEE,0.2791861593723297,0.6264498829841614,-0.2559516727924347,0.9886392951011658,0.9998487234115601,True,False,True,0.2791861593723297,0.6264498829841614
2623,True,RIGHT_KNEE,0.2832624614238739,0.626345157623291,-0.28622573614120483,0.9890761375427246,0.9998875856399536,True,False,True,0.2832624614238739,0.626345157623291
2624,True,RIGHT_KNEE,0.28952187299728394,0.6263740658760071,-0.2793703079223633,0.9890573620796204,0.999922513961792,True,False,True,0.28952187299728394,0.6263740658760071
2625,True,RIGHT_KNEE,0.2970639765262604,0.6283699870109558,-0.2692214846611023,0.9891132712364197,0.9999239444732666,True,False,True,0.2970639765262604,0.6283699870109558
2626,True,RIGHT_KNEE,0.30269739031791687,0.6305835843086243,-0.26946914196014404,0.9888686537742615,0.9999281167984009,True,False,True,0.30269739031791687,0.6305835843086243
2627,True,RIGHT_KNEE,0.3032206892967224,0.6320652961730957,-0.2582568824291229,0.9888508319854736,0.9999419450759888,True,False,True,0.3032206892967224,0.6320652961730957
2628,True,RIGHT_KNEE,0.30846497416496277,0.6351176500320435,-0.2540048062801361,0.9883871674537659,0.9998918771743774,True,False,True,0.30846497416496277,0.6351176500320435
2629,True,RIGHT_KNEE,0.31355199217796326,0.6406545639038086,-0.2483578473329544,0.9882742762565613,0.9997338652610779,True,False,True,0.31355199217796326,0.6406545639038086
2630,True,RIGHT_KNEE,0.3155267834663391,0.6431633234024048,-0.26614752411842346,0.9879289269447327,0.9996896982192993,True,False,True,0.3155267834663391,0.6431633234024048
2631,True,RIGHT_KNEE,0.32941576838493347,0.6438807249069214,-0.3025483191013336,0.9884529709815979,0.9997488856315613,True,False,True,0.32941576838493347,0.6438807249069214
2632,True,RIGHT_KNEE,0.353492796421051,0.643108606338501,-0.32417646050453186,0.989472508430481,0.9999629259109497,True,False,True,0.353492796421051,0.643108606338501
2633,True,RIGHT_KNEE,0.3451763391494751,0.644788384437561,-0.3411303162574768,0.9899157881736755,0.9997567534446716,True,False,True,0.3451763391494751,0.644788384437561
2634,True,RIGHT_KNEE,0.33861613273620605,0.654300332069397,-0.35393211245536804,0.9903697371482849,0.9997783303260803,True,False,True,0.33861613273620605,0.654300332069397
2635,True,RIGHT_KNEE,0.35458213090896606,0.6684991121292114,-0.19307534396648407,0.9908034205436707,0.9998680353164673,True,False,True,0.35458213090896606,0.6684991121292114
2636,True,RIGHT_KNEE,0.36179137229919434,0.6724143624305725,-0.28544172644615173,0.9914381504058838,0.9999926090240479,True,False,True,0.36179137229919434,0.6724143624305725
2637,True,RIGHT_KNEE,0.36326876282691956,0.7118459343910217,-0.07921190559864044,0.9875061511993408,0.9989483952522278,True,False,True,0.36326876282691956,0.7118459343910217
2638,True,RIGHT_KNEE,0.3630596697330475,0.7125411033630371,0.026037173345685005,0.9678656458854675,0.9988378882408142,True,False,True,0.3630596697330475,0.7125411033630371
2639,True,RIGHT_KNEE,0.3579953908920288,0.6991777420043945,-0.30082884430885315,0.9555655121803284,0.9998382329940796,True,False,True,0.3579953908920288,0.6991777420043945
2640,True,RIGHT_KNEE,0.3701646625995636,0.710595428943634,0.044702060520648956,0.9282066822052002,0.999895453453064,True,False,True,0.3701646625995636,0.710595428943634
2641,True,RIGHT_KNEE,0.3949735462665558,0.7186092138290405,0.07858026772737503,0.9278513193130493,0.998084545135498,True,False,True,0.3949735462665558,0.7186092138290405
2642,True,RIGHT_KNEE,0.4213193356990814,0.7193777561187744,0.12344235926866531,0.8952266573905945,0.9983773231506348,True,False,True,0.4213193356990814,0.7193777561187744
2643,True,RIGHT_KNEE,0.4435391426086426,0.686686098575592,0.04976239427924156,0.8700639009475708,0.9982263445854187,True,False,True,0.4435391426086426,0.686686098575592
2644,True,RIGHT_KNEE,0.4531461298465729,0.6813303232192993,0.26222673058509827,0.8571046590805054,0.9998000264167786,True,False,True,0.4531461298465729,0.6813303232192993
2645,True,RIGHT_KNEE,0.47376641631126404,0.6709729433059692,0.09890632331371307,0.8707007169723511,0.9990071654319763,True,False,True,0.47376641631126404,0.6709729433059692
2646,True,RIGHT_KNEE,0.5064030885696411,0.6531280875205994,0.05805765837430954,0.8756659626960754,0.9978199005126953,True,False,True,0.5064030885696411,0.6531280875205994
2647,True,RIGHT_KNEE,0.523768424987793,0.6260598301887512,0.2010411024093628,0.8593102097511292,0.9994926452636719,True,False,True,0.523768424987793,0.6260598301887512
2648,True,RIGHT_KNEE,0.5395203828811646,0.6074591279029846,0.2595236003398895,0.8587417602539062,0.9984747767448425,True,False,True,0.5395203828811646,0.6074591279029846
2649,True,RIGHT_KNEE,0.5747565031051636,0.5866578817367554,0.19297878444194794,0.8683028817176819,0.9999147653579712,True,False,True,0.5747565031051636,0.5866578817367554
2650,True,RIGHT_KNEE,0.6113284826278687,0.5549589991569519,0.0917116105556488,0.8802342414855957,0.9999765157699585,True,False,True,0.6113284826278687,0.5549589991569519
2651,True,RIGHT_KNEE,0.630222737789154,0.5244767665863037,0.11218051612377167,0.8909687995910645,0.9999778270721436,True,False,True,0.630222737789154,0.5244767665863037
2652,True,RIGHT_KNEE,0.6419888734817505,0.4984950125217438,0.07978148013353348,0.9006544351577759,0.9999916553497314,True,False,True,0.6419888734817505,0.4984950125217438
2653,True,RIGHT_KNEE,0.6373390555381775,0.47812923789024353,0.08338785171508789,0.9094043374061584,0.9999620914459229,True,False,True,0.6373390555381775,0.47812923789024353
2654,True,RIGHT_KNEE,0.6330468058586121,0.4647583067417145,0.1517898291349411,0.9172276258468628,0.9997398257255554,True,False,True,0.6330468058586121,0.4647583067417145
2655,True,RIGHT_KNEE,0.6254541873931885,0.460051953792572,0.33056801557540894,0.9207548499107361,0.9981127977371216,True,False,True,0.6254541873931885,0.460051953792572
2656,True,RIGHT_KNEE,0.5661728978157043,0.4866139590740204,0.4307324290275574,0.9122233390808105,0.9945149421691895,True,False,True,0.5661728978157043,0.4866139590740204
2657,True,RIGHT_KNEE,0.5170007944107056,0.49256637692451477,0.39763396978378296,0.8632569313049316,0.9979721903800964,True,False,True,0.5170007944107056,0.49256637692451477
2658,True,RIGHT_KNEE,0.45940840244293213,0.4367588758468628,0.4620087444782257,0.7952415943145752,0.9996577501296997,True,False,True,0.45940840244293213,0.4367588758468628
2659,True,RIGHT_KNEE,0.4287577271461487,0.4663909673690796,0.4810526371002197,0.7213159203529358,0.999293327331543,True,False,True,0.4287577271461487,0.4663909673690796
2660,True,RIGHT_KNEE,0.3300993740558624,0.4732036888599396,0.4255187213420868,0.7270069718360901,0.9999098777770996,True,False,True,0.3300993740558624,0.4732036888599396
2661,True,RIGHT_KNEE,0.29723790287971497,0.48118340969085693,0.28369438648223877,0.7451423406600952,0.9998846054077148,True,False,True,0.29723790287971497,0.48118340969085693
2662,True,RIGHT_KNEE,0.2906249165534973,0.5060154795646667,0.1389172375202179,0.765112578868866,0.9999525547027588,True,False,True,0.2906249165534973,0.5060154795646667
2663,True,RIGHT_KNEE,0.2799626886844635,0.5334126353263855,-0.07165545970201492,0.7859401106834412,0.9999492168426514,True,False,True,0.2799626886844635,0.5334126353263855
2664,True,RIGHT_KNEE,0.26672935485839844,0.5615339279174805,-0.08683134615421295,0.8057676553726196,0.9999446868896484,True,False,True,0.26672935485839844,0.5615339279174805
2665,True,RIGHT_KNEE,0.2626151442527771,0.5892579555511475,-0.1989993304014206,0.8244646787643433,0.9999406337738037,True,False,True,0.2626151442527771,0.5892579555511475
2666,True,RIGHT_KNEE,0.2600654363632202,0.6206747889518738,-0.2835944890975952,0.8412240743637085,0.9999634027481079,True,False,True,0.2600654363632202,0.6206747889518738
2667,True,RIGHT_KNEE,0.2638748288154602,0.6366177201271057,-0.1700998693704605,0.8565478324890137,0.9999761581420898,True,False,True,0.2638748288154602,0.6366177201271057
2668,True,RIGHT_KNEE,0.2607358992099762,0.6329973340034485,-0.3772351145744324,0.8706879615783691,0.9999969005584717,True,False,True,0.2607358992099762,0.6329973340034485
2669,True,RIGHT_KNEE,0.25828754901885986,0.637316107749939,-0.3009480834007263,0.8833631873130798,0.999996542930603,True,False,True,0.25828754901885986,0.637316107749939
2670,True,RIGHT_KNEE,0.25565305352211,0.6381402611732483,-0.19390356540679932,0.8945348858833313,0.9999924898147583,True,False,True,0.25565305352211,0.6381402611732483
2671,True,RIGHT_KNEE,0.25090986490249634,0.6414303779602051,-0.16869282722473145,0.9046149849891663,0.9999918937683105,True,False,True,0.25090986490249634,0.6414303779602051
2672,True,RIGHT_KNEE,0.24376749992370605,0.6406924724578857,-0.16365811228752136,0.9137548208236694,0.9999901056289673,True,False,True,0.24376749992370605,0.6406924724578857
2673,True,RIGHT_KNEE,0.24057167768478394,0.6395033001899719,-0.15419824421405792,0.9215546250343323,0.9999823570251465,True,False,True,0.24057167768478394,0.6395033001899719
2674,True,RIGHT_KNEE,0.24064834415912628,0.6396892666816711,-0.1462661772966385,0.927862286567688,0.9999749660491943,True,False,True,0.24064834415912628,0.6396892666816711
2675,True,RIGHT_KNEE,0.23856426775455475,0.6356151700019836,-0.17559564113616943,0.9341211318969727,0.999988317489624,True,False,True,0.23856426775455475,0.6356151700019836
2676,True,RIGHT_KNEE,0.23569141328334808,0.6321716904640198,-0.18550503253936768,0.9389165043830872,0.9999769926071167,True,False,True,0.23569141328334808,0.6321716904640198
2677,True,RIGHT_KNEE,0.23725342750549316,0.6302673816680908,-0.06975365430116653,0.9250750541687012,0.9995267391204834,True,False,True,0.23725342750549316,0.6302673816680908
2678,True,RIGHT_KNEE,0.23428191244602203,0.6296007037162781,-0.03448295220732689,0.8962914347648621,0.9993727803230286,True,False,True,0.23428191244602203,0.6296007037162781
2679,True,RIGHT_KNEE,0.23461860418319702,0.6284515261650085,0.014692074619233608,0.8452244400978088,0.9990150928497314,True,False,True,0.23461860418319702,0.6284515261650085
2680,True,RIGHT_KNEE,0.23458942770957947,0.6255768537521362,-0.006259351037442684,0.7948418259620667,0.9989132881164551,True,False,True,0.23458942770957947,0.6255768537521362
2681,True,RIGHT_KNEE,0.2340598702430725,0.6247802376747131,-0.006300848443061113,0.7512623071670532,0.9987500905990601,True,False,True,0.2340598702430725,0.6247802376747131
2682,True,RIGHT_KNEE,0.2316329926252365,0.624630868434906,0.0387888178229332,0.7424532771110535,0.9997057318687439,True,False,True,0.2316329926252365,0.624630868434906
2683,True,RIGHT_KNEE,0.23284398019313812,0.6277465224266052,0.04440274089574814,0.738727867603302,0.9998897314071655,True,False,True,0.23284398019313812,0.6277465224266052
2684,True,RIGHT_KNEE,0.23318034410476685,0.6289782524108887,0.009188011288642883,0.7263878583908081,0.9997652173042297,True,False,True,0.23318034410476685,0.6289782524108887
2685,True,RIGHT_KNEE,0.23367081582546234,0.6321738958358765,0.008738329634070396,0.7179363369941711,0.9998025298118591,True,False,True,0.23367081582546234,0.6321738958358765
2686,True,RIGHT_KNEE,0.23263148963451385,0.6339903473854065,0.018165728077292442,0.712276816368103,0.9997926354408264,True,False,True,0.23263148963451385,0.6339903473854065
2687,True,RIGHT_KNEE,0.23004737496376038,0.6335277557373047,0.008203411474823952,0.7105584144592285,0.9997879862785339,True,False,True,0.23004737496376038,0.6335277557373047
2688,True,RIGHT_KNEE,0.22812819480895996,0.6338310837745667,0.02780713140964508,0.7006118297576904,0.9998123049736023,True,False,True,0.22812819480895996,0.6338310837745667
2689,True,RIGHT_KNEE,0.22632412612438202,0.6346208453178406,0.07062976062297821,0.6976262927055359,0.9998708963394165,True,False,True,0.22632412612438202,0.6346208453178406
2690,True,RIGHT_KNEE,0.222530335187912,0.6356939077377319,0.08130380511283875,0.7045817971229553,0.9999247789382935,True,False,True,0.222530335187912,0.6356939077377319
2691,True,RIGHT_KNEE,0.21783383190631866,0.6362413763999939,0.08846989274024963,0.6945376396179199,0.9998617172241211,True,False,True,0.21783383190631866,0.6362413763999939
2692,True,RIGHT_KNEE,0.21353623270988464,0.635997474193573,0.06551260501146317,0.7034860849380493,0.9998917579650879,True,False,True,0.21353623270988464,0.635997474193573
2693,True,RIGHT_KNEE,0.2098517268896103,0.6358131766319275,0.06332317739725113,0.6956241726875305,0.9997554421424866,True,False,True,0.2098517268896103,0.6358131766319275
2694,True,RIGHT_KNEE,0.20542271435260773,0.6356760263442993,0.03247429430484772,0.697759211063385,0.9997488856315613,True,False,True,0.20542271435260773,0.6356760263442993
2695,True,RIGHT_KNEE,0.19811484217643738,0.6355707049369812,0.002574477344751358,0.7152038812637329,0.9997590184211731,True,False,True,0.19811484217643738,0.6355707049369812
2696,True,RIGHT_KNEE,0.18360787630081177,0.6353055834770203,0.007899047806859016,0.7356839179992676,0.9997678399085999,True,False,True,0.18360787630081177,0.6353055834770203
2697,True,RIGHT_KNEE,0.1722872108221054,0.6319615840911865,0.030127938836812973,0.7541221380233765,0.9996170997619629,True,False,True,0.1722872108221054,0.6319615840911865
2698,True,RIGHT_KNEE,0.1628088504076004,0.6320487856864929,0.03023134171962738,0.773795485496521,0.9995532631874084,True,False,True,0.1628088504076004,0.6320487856864929
2699,True,RIGHT_KNEE,0.15023504197597504,0.6310891509056091,0.08931379020214081,0.7896050810813904,0.9994398951530457,True,False,True,0.15023504197597504,0.6310891509056091
2700,True,RIGHT_KNEE,0.13468895852565765,0.6311087608337402,0.08125877380371094,0.8045356273651123,0.9983822107315063,True,False,True,0.13468895852565765,0.6311087608337402
2701,True,RIGHT_KNEE,0.1274518370628357,0.6299601793289185,0.06586514413356781,0.8188497424125671,0.9989399313926697,True,False,True,0.1274518370628357,0.6299601793289185
2702,True,RIGHT_KNEE,0.11869360506534576,0.6273630857467651,0.06741689145565033,0.8339681625366211,0.9993162155151367,True,False,True,0.11869360506534576,0.6273630857467651
2703,True,RIGHT_KNEE,0.11221913993358612,0.6272835731506348,0.009196087718009949,0.8497944474220276,0.9996678829193115,True,False,True,0.11221913993358612,0.6272835731506348
2704,True,RIGHT_KNEE,0.11068107187747955,0.6264519691467285,-0.014890983700752258,0.863714337348938,0.9997767806053162,True,False,True,0.11068107187747955,0.6264519691467285
2705,True,RIGHT_KNEE,0.11079810559749603,0.6236703395843506,-0.043388813734054565,0.8757514953613281,0.9998100399971008,True,False,True,0.11079810559749603,0.6236703395843506
2706,True,RIGHT_KNEE,0.11147617548704147,0.6219357848167419,-0.05463727191090584,0.8866845965385437,0.9998130202293396,True,False,True,0.11147617548704147,0.6219357848167419
2707,True,RIGHT_KNEE,0.11128727346658707,0.6221148371696472,-0.03799709305167198,0.89646315574646,0.9998095631599426,True,False,True,0.11128727346658707,0.6221148371696472
2708,True,RIGHT_KNEE,0.11169031262397766,0.6225618720054626,-0.05372455716133118,0.9046745896339417,0.9998067021369934,True,False,True,0.11169031262397766,0.6225618720054626
2709,True,RIGHT_KNEE,0.11432739347219467,0.6241559982299805,-0.02623305656015873,0.9122707843780518,0.9996888637542725,True,False,True,0.11432739347219467,0.6241559982299805
2604,True,RIGHT_PINKY,0.34945476055145264,0.26808369159698486,-0.23495255410671234,0.9750465154647827,0.999661922454834,True,False,True,0.34945476055145264,0.26808369159698486
2605,True,RIGHT_PINKY,0.3444801867008209,0.2526041567325592,-0.32073789834976196,0.9754740595817566,0.9996471405029297,True,False,True,0.3444801867008209,0.2526041567325592
2606,True,RIGHT_PINKY,0.3364957273006439,0.23867182433605194,-0.18759335577487946,0.9724639058113098,0.9995821118354797,True,False,True,0.3364957273006439,0.23867182433605194
2607,True,RIGHT_PINKY,0.33175039291381836,0.22742398083209991,-0.565741240978241,0.9716437458992004,0.9997525811195374,True,False,True,0.33175039291381836,0.22742398083209991
2608,True,RIGHT_PINKY,0.3299383223056793,0.2202930450439453,-0.5011461973190308,0.9713444113731384,0.999716579914093,True,False,True,0.3299383223056793,0.2202930450439453
2609,True,RIGHT_PINKY,0.32588496804237366,0.22038815915584564,-0.5261808633804321,0.9720382690429688,0.9997299313545227,True,False,True,0.32588496804237366,0.22038815915584564
2610,True,RIGHT_PINKY,0.32265496253967285,0.2220115065574646,-0.5196883082389832,0.9705210328102112,0.999466598033905,True,False,True,0.32265496253967285,0.2220115065574646
2611,True,RIGHT_PINKY,0.3178769052028656,0.22242556512355804,-0.5821446776390076,0.9706197381019592,0.9995703101158142,True,False,True,0.3178769052028656,0.22242556512355804
2612,True,RIGHT_PINKY,0.31456419825553894,0.22528116405010223,-0.6825698018074036,0.9707643389701843,0.9993653893470764,True,False,True,0.31456419825553894,0.22528116405010223
2613,True,RIGHT_PINKY,0.3031170666217804,0.2333090901374817,-0.5867703557014465,0.9701629877090454,0.9986365437507629,True,False,True,0.3031170666217804,0.2333090901374817
2614,True,RIGHT_PINKY,0.3074539005756378,0.2449328899383545,-0.5399062037467957,0.9703981280326843,0.9991369843482971,True,False,True,0.3074539005756378,0.2449328899383545
2615,True,RIGHT_PINKY,0.3121798634529114,0.27052563428878784,-0.4693357050418854,0.9712233543395996,0.999313235282898,True,False,True,0.3121798634529114,0.27052563428878784
2616,True,RIGHT_PINKY,0.31891393661499023,0.29290294647216797,-0.4318406879901886,0.9724504351615906,0.9995404481887817,True,False,True,0.31891393661499023,0.29290294647216797
2617,True,RIGHT_PINKY,0.31699585914611816,0.291101336479187,-0.41196882724761963,0.9732493162155151,0.9994770884513855,True,False,True,0.31699585914611816,0.291101336479187
2618,True,RIGHT_PINKY,0.3203893303871155,0.3207654654979706,-0.4051896929740906,0.9747615456581116,0.9996680021286011,True,False,True,0.3203893303871155,0.3207654654979706
2619,True,RIGHT_PINKY,0.32023757696151733,0.3571489751338959,-0.36145713925361633,0.9706861972808838,0.9978970289230347,True,False,True,0.32023757696151733,0.3571489751338959
2620,True,RIGHT_PINKY,0.3218664824962616,0.3602233827114105,-0.28923967480659485,0.9651451706886292,0.9977444410324097,True,False,True,0.3218664824962616,0.3602233827114105
2621,True,RIGHT_PINKY,0.32803669571876526,0.3662271201610565,-0.3156364858150482,0.9635305404663086,0.9992433786392212,True,False,True,0.32803669571876526,0.3662271201610565
2622,True,RIGHT_PINKY,0.332805335521698,0.3886480927467346,-0.5159332156181335,0.9631729125976562,0.999559223651886,True,False,True,0.332805335521698,0.3886480927467346
2623,True,RIGHT_PINKY,0.3328207731246948,0.4109094738960266,-0.6222735047340393,0.9625188112258911,0.9996359348297119,True,False,True,0.3328207731246948,0.4109094738960266
2624,True,RIGHT_PINKY,0.33335065841674805,0.4472239315509796,-0.5288076996803284,0.9635525941848755,0.9997931122779846,True,False,True,0.33335065841674805,0.4472239315509796
2625,True,RIGHT_PINKY,0.3327900469303131,0.47837966680526733,-0.444806307554245,0.964954674243927,0.9998797178268433,True,False,True,0.3327900469303131,0.47837966680526733
2626,True,RIGHT_PINKY,0.3366757929325104,0.5059537887573242,-0.47091054916381836,0.9645764827728271,0.9997777342796326,True,False,True,0.3366757929325104,0.5059537887573242
2627,True,RIGHT_PINKY,0.3306490480899811,0.532658576965332,-0.5314244627952576,0.9634464979171753,0.9997803568840027,True,False,True,0.3306490480899811,0.532658576965332
2628,True,RIGHT_PINKY,0.31410571932792664,0.557948887348175,-0.5487240552902222,0.9622856378555298,0.9996533393859863,True,False,True,0.31410571932792664,0.557948887348175
2629,True,RIGHT_PINKY,0.30157819390296936,0.5897383689880371,-0.6294500231742859,0.9596914052963257,0.9990957975387573,True,False,True,0.30157819390296936,0.5897383689880371
2630,True,RIGHT_PINKY,0.27784109115600586,0.6097494959831238,-0.7334510684013367,0.9551132321357727,0.9988341927528381,True,False,True,0.27784109115600586,0.6097494959831238
2631,True,RIGHT_PINKY,0.25149497389793396,0.6243045330047607,-0.7336533069610596,0.9532538652420044,0.9990622401237488,True,False,True,0.25149497389793396,0.6243045330047607
2632,True,RIGHT_PINKY,0.22788135707378387,0.6299146413803101,-0.7688609957695007,0.9500455260276794,0.9991068243980408,True,False,True,0.22788135707378387,0.6299146413803101
2633,True,RIGHT_PINKY,0.20754452049732208,0.6277570128440857,-0.7743318676948547,0.9493408203125,0.9986670017242432,True,False,True,0.20754452049732208,0.6277570128440857
2634,True,RIGHT_PINKY,0.201433926820755,0.6213892698287964,-0.7998339533805847,0.9485370516777039,0.9988023042678833,True,False,True,0.201433926820755,0.6213892698287964
2635,True,RIGHT_PINKY,0.21163520216941833,0.6040892601013184,-0.4916757345199585,0.9418488144874573,0.9983199238777161,True,False,True,0.21163520216941833,0.6040892601013184
2636,True,RIGHT_PINKY,0.2197592854499817,0.5742785334587097,-0.35050708055496216,0.9389726519584656,0.9995788931846619,True,False,True,0.2197592854499817,0.5742785334587097
2637,True,RIGHT_PINKY,0.2874048352241516,0.48044654726982117,-0.13770407438278198,0.8873047232627869,0.9924442172050476,True,False,True,0.2874048352241516,0.48044654726982117
2638,True,RIGHT_PINKY,0.426724374294281,0.4807756543159485,-0.32182076573371887,0.8627287149429321,0.9981970191001892,True,False,True,0.426724374294281,0.4807756543159485
2639,True,RIGHT_PINKY,0.3475479483604431,0.35891851782798767,-1.1168105602264404,0.8544607758522034,0.997819185256958,True,False,True,0.3475479483604431,0.35891851782798767
2640,True,RIGHT_PINKY,0.3532620370388031,0.35647234320640564,-0.035543061792850494,0.8127424120903015,0.9998044371604919,True,False,True,0.3532620370388031,0.35647234320640564
2641,True,RIGHT_PINKY,0.41912439465522766,0.3772505223751068,0.1858150213956833,0.7812619805335999,0.9995869994163513,True,False,True,0.41912439465522766,0.3772505223751068
2642,True,RIGHT_PINKY,0.6052418351173401,0.3089175820350647,-0.15005291998386383,0.8023954629898071,0.9975085258483887,True,False,True,0.6052418351173401,0.3089175820350647
2643,True,RIGHT_PINKY,0.4798513948917389,0.3765227198600769,0.24171805381774902,0.7535400986671448,0.9971899390220642,True,False,True,0.4798513948917389,0.3765227198600769
2644,True,RIGHT_PINKY,0.46098655462265015,0.589332103729248,0.425739049911499,0.6880972981452942,0.9991196990013123,True,False,True,0.46098655462265015,0.589332103729248
2645,True,RIGHT_PINKY,0.3881324231624603,0.5427188277244568,0.6085314154624939,0.6211109757423401,0.9962980151176453,True,False,True,0.3881324231624603,0.5427188277244568
2646,True,RIGHT_PINKY,0.36420226097106934,0.5544299483299255,0.273574560880661,0.5697658061981201,0.9940363168716431,True,False,True,0.36420226097106934,0.5544299483299255
2647,True,RIGHT_PINKY,0.2794513404369354,0.5215010643005371,0.38643503189086914,0.5265733599662781,0.9994634985923767,True,False,True,0.2794513404369354,0.5215010643005371
2648,True,RIGHT_PINKY,0.26267510652542114,0.5072990655899048,0.8259722590446472,0.47906219959259033,0.9933493733406067,False,False,False,,
2649,True,RIGHT_PINKY,0.2553512752056122,0.4815577566623688,0.45949652791023254,0.48179739713668823,0.9997912049293518,False,False,False,,
2650,True,RIGHT_PINKY,0.2676738202571869,0.4771521985530853,0.6522762179374695,0.4667709469795227,0.9998836517333984,False,False,False,,
2651,True,RIGHT_PINKY,0.274486780166626,0.47980067133903503,1.0537524223327637,0.47712549567222595,0.9999849796295166,False,False,False,,
2652,True,RIGHT_PINKY,0.24048522114753723,0.48787981271743774,0.5801299214363098,0.5043009519577026,0.9999152421951294,True,False,True,0.24048522114753723,0.48787981271743774
2653,True,RIGHT_PINKY,0.22745029628276825,0.4929314851760864,0.5753839612007141,0.5244593620300293,0.9995172023773193,True,False,True,0.22745029628276825,0.4929314851760864
2654,True,RIGHT_PINKY,0.24020791053771973,0.49046629667282104,0.22191473841667175,0.5409979820251465,0.9982196688652039,True,False,True,0.24020791053771973,0.49046629667282104
2655,True,RIGHT_PINKY,0.25619587302207947,0.41502299904823303,0.44114792346954346,0.49880632758140564,0.9922784566879272,False,False,False,,
2656,True,RIGHT_PINKY,0.3022853136062622,0.3816094398498535,0.48342156410217285,0.45290878415107727,0.9892230033874512,False,False,False,,
2657,True,RIGHT_PINKY,0.31719809770584106,0.39560574293136597,0.45746198296546936,0.41449975967407227,0.9951649904251099,False,False,False,,
2658,True,RIGHT_PINKY,0.3572855293750763,0.40930700302124023,0.18843722343444824,0.3797948956489563,0.9984215497970581,False,False,False,,
2659,True,RIGHT_PINKY,0.38092800974845886,0.4211479127407074,0.29243436455726624,0.3476046323776245,0.9980126619338989,False,False,False,,
2660,True,RIGHT_PINKY,0.41702157258987427,0.41475892066955566,0.5002591013908386,0.3200916051864624,0.9994975328445435,False,False,False,,
2661,True,RIGHT_PINKY,0.4078296422958374,0.40810850262641907,0.5520753860473633,0.29117584228515625,0.9995397329330444,False,False,False,,
2662,True,RIGHT_PINKY,0.3913275897502899,0.3788205087184906,0.7495076656341553,0.2712516188621521,0.999849796295166,False,False,False,,
2663,True,RIGHT_PINKY,0.39789873361587524,0.38780099153518677,0.8382002115249634,0.24769239127635956,0.9995796084403992,False,False,False,,
2664,True,RIGHT_PINKY,0.3866010904312134,0.39738157391548157,0.8206164836883545,0.229947030544281,0.9997898936271667,False,False,False,,
2665,True,RIGHT_PINKY,0.3809158504009247,0.40196505188941956,0.6858548521995544,0.20834709703922272,0.9986431002616882,False,False,False,,
2666,True,RIGHT_PINKY,0.2966919541358948,0.4836888909339905,-0.09554070979356766,0.20653875172138214,0.9994377493858337,False,False,False,,
2667,True,RIGHT_PINKY,0.2776792645454407,0.5027793645858765,-0.22497177124023438,0.2124800831079483,0.999666690826416,False,False,False,,
2668,True,RIGHT_PINKY,0.2581459879875183,0.510230302810669,-0.3066924214363098,0.2433650940656662,0.9998972415924072,False,False,False,,
2669,True,RIGHT_PINKY,0.2520189583301544,0.5116477012634277,-0.26966968178749084,0.28261467814445496,0.9999202489852905,False,False,False,,
2670,True,RIGHT_PINKY,0.2443552017211914,0.5172950029373169,-0.32191595435142517,0.33655405044555664,0.9999384880065918,False,False,False,,
2671,True,RIGHT_PINKY,0.22354722023010254,0.5089285969734192,-0.20076221227645874,0.3890690505504608,0.9998946189880371,False,False,False,,
2672,True,RIGHT_PINKY,0.17635978758335114,0.5141149163246155,-0.058980055153369904,0.44146648049354553,0.9998738765716553,False,False,False,,
2673,True,RIGHT_PINKY,0.14943261444568634,0.508304238319397,-0.03728034347295761,0.4888797998428345,0.9997097849845886,False,False,False,,
2674,True,RIGHT_PINKY,0.1390961855649948,0.5030078887939453,-0.059280846267938614,0.5313206315040588,0.9995614886283875,True,False,True,0.1390961855649948,0.5030078887939453
2675,True,RIGHT_PINKY,0.12867973744869232,0.490012526512146,-0.07852698862552643,0.5728206038475037,0.9997455477714539,True,False,True,0.12867973744869232,0.490012526512146
2676,True,RIGHT_PINKY,0.12366211414337158,0.4746086597442627,-0.0916680246591568,0.6106754541397095,0.999647855758667,True,False,True,0.12366211414337158,0.4746086597442627
2677,True,RIGHT_PINKY,0.12320730090141296,0.46378692984580994,-0.19266670942306519,0.6452507972717285,0.9993636012077332,True,False,True,0.12320730090141296,0.46378692984580994
2678,True,RIGHT_PINKY,0.12003965675830841,0.45428466796875,-0.2959539592266083,0.6763914227485657,0.9993910789489746,True,False,True,0.12003965675830841,0.45428466796875
2679,True,RIGHT_PINKY,0.12264712899923325,0.44765686988830566,-0.4318067133426666,0.7051078677177429,0.9995692372322083,True,False,True,0.12264712899923325,0.44765686988830566
2680,True,RIGHT_PINKY,0.1237095296382904,0.4436815679073334,-0.4155516028404236,0.7310357689857483,0.9995356798171997,True,False,True,0.1237095296382904,0.4436815679073334
2681,True,RIGHT_PINKY,0.12569165229797363,0.4411710500717163,-0.29568424820899963,0.7523553371429443,0.9995162487030029,True,False,True,0.12569165229797363,0.4411710500717163
2682,True,RIGHT_PINKY,0.12836703658103943,0.4404829442501068,-0.2681860327720642,0.7711682915687561,0.9998354911804199,True,False,True,0.12836703658103943,0.4404829442501068
2683,True,RIGHT_PINKY,0.1270875185728073,0.44115719199180603,-0.25130346417427063,0.7893397212028503,0.9999147653579712,True,False,True,0.1270875185728073,0.44115719199180603
2684,True,RIGHT_PINKY,0.12403354793787003,0.4432876408100128,-0.17958474159240723,0.8012253046035767,0.9997007846832275,True,False,True,0.12403354793787003,0.4432876408100128
2685,True,RIGHT_PINKY,0.12375073879957199,0.44457221031188965,-0.13279280066490173,0.8112329244613647,0.9997802376747131,True,False,True,0.12375073879957199,0.44457221031188965
2686,True,RIGHT_PINKY,0.12407991290092468,0.44540831446647644,0.04034677892923355,0.817489504814148,0.9997592568397522,True,False,True,0.12407991290092468,0.44540831446647644
2687,True,RIGHT_PINKY,0.12453519552946091,0.45007848739624023,-0.01900722086429596,0.8241358399391174,0.9997450709342957,True,False,True,0.12453519552946091,0.45007848739624023
2688,True,RIGHT_PINKY,0.1245967447757721,0.4631243944168091,-0.04713965952396393,0.834404468536377,0.9998348951339722,True,False,True,0.1245967447757721,0.4631243944168091
2689,True,RIGHT_PINKY,0.12406051158905029,0.47388970851898193,-0.060602348297834396,0.8454246520996094,0.9998652935028076,True,False,True,0.12406051158905029,0.47388970851898193
2690,True,RIGHT_PINKY,0.12438946217298508,0.4797113537788391,-0.08103592693805695,0.8560305833816528,0.999907374382019,True,False,True,0.12438946217298508,0.4797113537788391
2691,True,RIGHT_PINKY,0.12370048463344574,0.4856019914150238,-0.0848371833562851,0.8665434122085571,0.9998868703842163,True,False,True,0.12370048463344574,0.4856019914150238
2692,True,RIGHT_PINKY,0.12180238962173462,0.4875332713127136,-0.08856166899204254,0.8758549690246582,0.9999092817306519,True,False,True,0.12180238962173462,0.4875332713127136
2693,True,RIGHT_PINKY,0.12025125324726105,0.4884057343006134,-0.07004065066576004,0.882499098777771,0.9998075366020203,True,False,True,0.12025125324726105,0.4884057343006134
2694,True,RIGHT_PINKY,0.11638209968805313,0.48865237832069397,-0.0770445466041565,0.8891727328300476,0.9998276233673096,True,False,True,0.11638209968805313,0.48865237832069397
2695,True,RIGHT_PINKY,0.11160025000572205,0.48830023407936096,-0.13473740220069885,0.8949007391929626,0.9997461438179016,True,False,True,0.11160025000572205,0.48830023407936096
2696,True,RIGHT_PINKY,0.10623282939195633,0.4901418089866638,-0.16963860392570496,0.9006033539772034,0.9996811151504517,True,False,True,0.10623282939195633,0.4901418089866638
2697,True,RIGHT_PINKY,0.1012280285358429,0.49055546522140503,-0.28318074345588684,0.906279444694519,0.9994995594024658,True,False,True,0.1012280285358429,0.49055546522140503
2698,True,RIGHT_PINKY,0.09469807147979736,0.48938336968421936,-0.2077985405921936,0.9114651679992676,0.9995864033699036,True,False,True,0.09469807147979736,0.48938336968421936
2699,True,RIGHT_PINKY,0.08886130154132843,0.4886552095413208,-0.21439513564109802,0.9160835146903992,0.9993411898612976,True,False,True,0.08886130154132843,0.4886552095413208
2700,True,RIGHT_PINKY,0.08290529251098633,0.4907238781452179,-0.17907948791980743,0.9178681969642639,0.9988479614257812,True,False,True,0.08290529251098633,0.4907238781452179
2701,True,RIGHT_PINKY,0.07867582887411118,0.4933822453022003,-0.14849607646465302,0.9206539392471313,0.9991576671600342,True,False,True,0.07867582887411118,0.4933822453022003
2702,True,RIGHT_PINKY,0.07343889772891998,0.496328741312027,-0.14947721362113953,0.9252179265022278,0.9993314743041992,True,False,True,0.07343889772891998,0.496328741312027
2703,True,RIGHT_PINKY,0.07250044494867325,0.4970243275165558,-0.12266726046800613,0.9288129806518555,0.9996635913848877,True,False,True,0.07250044494867325,0.4970243275165558
2704,True,RIGHT_PINKY,0.06827570497989655,0.4966239035129547,-0.10396917909383774,0.9332756996154785,0.9997941851615906,True,False,True,0.06827570497989655,0.4966239035129547
2705,True,RIGHT_PINKY,0.06557083129882812,0.49592384696006775,-0.021199241280555725,0.9357953667640686,0.9997444748878479,True,False,True,0.06557083129882812,0.49592384696006775
2706,True,RIGHT_PINKY,0.06266940385103226,0.49541956186294556,-0.002443983219563961,0.9370693564414978,0.9996869564056396,True,False,True,0.06266940385103226,0.49541956186294556
2707,True,RIGHT_PINKY,0.062423743307590485,0.4953710436820984,-0.025133498013019562,0.9363147020339966,0.9996359348297119,True,False,True,0.062423743307590485,0.4953710436820984
2708,True,RIGHT_PINKY,0.06156456097960472,0.49673858284950256,-0.0014075833605602384,0.9375677108764648,0.9997269511222839,True,False,True,0.06156456097960472,0.49673858284950256
2709,True,RIGHT_PINKY,0.060323942452669144,0.4978679418563843,-0.03108314611017704,0.9378567934036255,0.9995653033256531,True,False,True,0.060323942452669144,0.4978679418563843
2604,True,RIGHT_SHOULDER,0.1851406991481781,0.281465083360672,-0.29323840141296387,0.9999268054962158,0.9998125433921814,True,False,True,0.1851406991481781,0.281465083360672
2605,True,RIGHT_SHOULDER,0.18190377950668335,0.28024858236312866,-0.29187020659446716,0.9999247193336487,0.9995504021644592,True,False,True,0.18190377950668335,0.28024858236312866
2606,True,RIGHT_SHOULDER,0.18154199421405792,0.2798573076725006,-0.2901100814342499,0.9999276995658875,0.9998668432235718,True,False,True,0.18154199421405792,0.2798573076725006
2607,True,RIGHT_SHOULDER,0.17963598668575287,0.2810964584350586,-0.3317547142505646,0.9999305605888367,0.9998782873153687,True,False,True,0.17963598668575287,0.2810964584350586
2608,True,RIGHT_SHOULDER,0.1797104924917221,0.2818780839443207,-0.3009246587753296,0.9999345541000366,0.9999192953109741,True,False,True,0.1797104924917221,0.2818780839443207
2609,True,RIGHT_SHOULDER,0.17852522432804108,0.28197425603866577,-0.2956620752811432,0.9999377131462097,0.9999102354049683,True,False,True,0.17852522432804108,0.28197425603866577
2610,True,RIGHT_SHOULDER,0.18015725910663605,0.2820409834384918,-0.2959962785243988,0.9999366402626038,0.9998596906661987,True,False,True,0.18015725910663605,0.2820409834384918
2611,True,RIGHT_SHOULDER,0.18016719818115234,0.28046467900276184,-0.2960280179977417,0.9999345541000366,0.9997881054878235,True,False,True,0.18016719818115234,0.28046467900276184
2612,True,RIGHT_SHOULDER,0.1801832616329193,0.2802124619483948,-0.3005516231060028,0.9999297857284546,0.9995736479759216,True,False,True,0.1801832616329193,0.2802124619483948
2613,True,RIGHT_SHOULDER,0.18269996345043182,0.2799507975578308,-0.2552812695503235,0.999920129776001,0.9991951584815979,True,False,True,0.18269996345043182,0.2799507975578308
2614,True,RIGHT_SHOULDER,0.1829228550195694,0.28160354495048523,-0.2630240321159363,0.9998859763145447,0.9979442954063416,True,False,True,0.1829228550195694,0.28160354495048523
2615,True,RIGHT_SHOULDER,0.1829914152622223,0.2815355062484741,-0.2507278323173523,0.9998313784599304,0.9970135688781738,True,False,True,0.1829914152622223,0.2815355062484741
2616,True,RIGHT_SHOULDER,0.18509043753147125,0.2814525365829468,-0.24507062137126923,0.9997727274894714,0.997212827205658,True,False,True,0.18509043753147125,0.2814525365829468
2617,True,RIGHT_SHOULDER,0.18626755475997925,0.28172165155410767,-0.23945586383342743,0.9997177720069885,0.9963462948799133,True,False,True,0.18626755475997925,0.28172165155410767
2618,True,RIGHT_SHOULDER,0.18719328939914703,0.2838839292526245,-0.2403484433889389,0.9997128844261169,0.9981344938278198,True,False,True,0.18719328939914703,0.2838839292526245
2619,True,RIGHT_SHOULDER,0.1894140988588333,0.28840315341949463,-0.24153922498226166,0.9996456503868103,0.9944025874137878,True,False,True,0.1894140988588333,0.28840315341949463
2620,True,RIGHT_SHOULDER,0.19180643558502197,0.2911016047000885,-0.2741979658603668,0.9996402859687805,0.9980857372283936,True,False,True,0.19180643558502197,0.2911016047000885
2621,True,RIGHT_SHOULDER,0.19488850235939026,0.2928178906440735,-0.30925455689430237,0.9996640682220459,0.9996218681335449,True,False,True,0.19488850235939026,0.2928178906440735
2622,True,RIGHT_SHOULDER,0.19921331107616425,0.29973551630973816,-0.318668931722641,0.9996911883354187,0.999846339225769,True,False,True,0.19921331107616425,0.29973551630973816
2623,True,RIGHT_SHOULDER,0.2059749960899353,0.30561479926109314,-0.3424328565597534,0.9997147917747498,0.9998120665550232,True,False,True,0.2059749960899353,0.30561479926109314
2624,True,RIGHT_SHOULDER,0.21554520726203918,0.31031620502471924,-0.3400287330150604,0.9997406005859375,0.9999101161956787,True,False,True,0.21554520726203918,0.31031620502471924
2625,True,RIGHT_SHOULDER,0.22503848373889923,0.3179144859313965,-0.3414267301559448,0.9997633099555969,0.9998835325241089,True,False,True,0.22503848373889923,0.3179144859313965
2626,True,RIGHT_SHOULDER,0.2346314936876297,0.32756245136260986,-0.39786481857299805,0.9997833967208862,0.9998534917831421,True,False,True,0.2346314936876297,0.32756245136260986
2627,True,RIGHT_SHOULDER,0.2445438653230667,0.33900436758995056,-0.4362008571624756,0.9998025298118591,0.999861478805542,True,False,True,0.2445438653230667,0.33900436758995056
2628,True,RIGHT_SHOULDER,0.25190919637680054,0.3534473776817322,-0.45304855704307556,0.9998201131820679,0.9998408555984497,True,False,True,0.25190919637680054,0.3534473776817322
2629,True,RIGHT_SHOULDER,0.26051199436187744,0.3742032051086426,-0.5701644420623779,0.9998345971107483,0.9996114373207092,True,False,True,0.26051199436187744,0.3742032051086426
2630,True,RIGHT_SHOULDER,0.2694394886493683,0.39031726121902466,-0.618569016456604,0.9998477101325989,0.9996259212493896,True,False,True,0.2694394886493683,0.39031726121902466
2631,True,RIGHT_SHOULDER,0.2764832079410553,0.4051162302494049,-0.6055946946144104,0.9998584389686584,0.999626874923706,True,False,True,0.2764832079410553,0.4051162302494049
2632,True,RIGHT_SHOULDER,0.28161370754241943,0.4173084497451782,-0.5910463333129883,0.9998696446418762,0.9999357461929321,True,False,True,0.28161370754241943,0.4173084497451782
2633,True,RIGHT_SHOULDER,0.28868919610977173,0.42675042152404785,-0.6254265904426575,0.9998800158500671,0.9997974038124084,True,False,True,0.28868919610977173,0.42675042152404785
2634,True,RIGHT_SHOULDER,0.2915923297405243,0.43848156929016113,-0.6278952360153198,0.9998888373374939,0.9996705055236816,True,False,True,0.2915923297405243,0.43848156929016113
2635,True,RIGHT_SHOULDER,0.3090325891971588,0.43798020482063293,-0.4179833233356476,0.9998957514762878,0.9996885061264038,True,False,True,0.3090325891971588,0.43798020482063293
2636,True,RIGHT_SHOULDER,0.31037020683288574,0.44498372077941895,-0.30722683668136597,0.9999054074287415,0.9999865293502808,True,False,True,0.31037020683288574,0.44498372077941895
2637,True,RIGHT_SHOULDER,0.3120436668395996,0.44165194034576416,-0.3122096657752991,0.9997128844261169,0.9933271408081055,True,False,True,0.3120436668395996,0.44165194034576416
2638,True,RIGHT_SHOULDER,0.38952165842056274,0.43715059757232666,-0.2611519694328308,0.9997173547744751,0.9996079802513123,True,False,True,0.38952165842056274,0.43715059757232666
2639,True,RIGHT_SHOULDER,0.3756328523159027,0.4339137077331543,-0.2590819001197815,0.9996911287307739,0.9996612071990967,True,False,True,0.3756328523159027,0.4339137077331543
2640,True,RIGHT_SHOULDER,0.4015502631664276,0.4311967194080353,-0.06022350490093231,0.9996848106384277,0.9997982382774353,True,False,True,0.4015502631664276,0.4311967194080353
2641,True,RIGHT_SHOULDER,0.42552900314331055,0.42850813269615173,-0.10600797832012177,0.999671459197998,0.9992190599441528,True,False,True,0.42552900314331055,0.42850813269615173
2642,True,RIGHT_SHOULDER,0.41618818044662476,0.42704492807388306,-0.21625781059265137,0.9996910095214844,0.9998805522918701,True,False,True,0.41618818044662476,0.42704492807388306
2643,True,RIGHT_SHOULDER,0.4167432188987732,0.4243263304233551,0.012046873569488525,0.9996234774589539,0.999426007270813,True,False,True,0.4167432188987732,0.4243263304233551
2644,True,RIGHT_SHOULDER,0.40324053168296814,0.42407503724098206,0.33590325713157654,0.999642550945282,0.9999493360519409,True,False,True,0.40324053168296814,0.42407503724098206
2645,True,RIGHT_SHOULDER,0.39506015181541443,0.4242558181285858,0.43627065420150757,0.9995794296264648,0.9995367527008057,True,False,True,0.39506015181541443,0.4242558181285858
2646,True,RIGHT_SHOULDER,0.387372225522995,0.41743385791778564,0.4319414496421814,0.9995993375778198,0.9998331069946289,True,False,True,0.387372225522995,0.41743385791778564
2647,True,RIGHT_SHOULDER,0.37581875920295715,0.39824193716049194,0.4005257189273834,0.9995812773704529,0.9997503161430359,True,False,True,0.37581875920295715,0.39824193716049194
2648,True,RIGHT_SHOULDER,0.35745278000831604,0.38658472895622253,0.49101561307907104,0.9991369247436523,0.9956052899360657,True,False,True,0.35745278000831604,0.38658472895622253
2649,True,RIGHT_SHOULDER,0.35601553320884705,0.3828924298286438,0.5120401382446289,0.9991452693939209,0.9999129772186279,True,False,True,0.35601553320884705,0.3828924298286438
2650,True,RIGHT_SHOULDER,0.34671029448509216,0.366616427898407,0.4609855115413666,0.9992200136184692,0.9999732971191406,True,False,True,0.34671029448509216,0.366616427898407
2651,True,RIGHT_SHOULDER,0.335176944732666,0.3446650207042694,0.312358558177948,0.9992811679840088,0.9999837875366211,True,False,True,0.335176944732666,0.3446650207042694
2652,True,RIGHT_SHOULDER,0.3397318422794342,0.3253951370716095,0.29370054602622986,0.9993442893028259,0.9999942779541016,True,False,True,0.3397318422794342,0.3253951370716095
2653,True,RIGHT_SHOULDER,0.3382126986980438,0.3133593797683716,0.19909413158893585,0.9993964433670044,0.9999734163284302,True,False,True,0.3382126986980438,0.3133593797683716
2654,True,RIGHT_SHOULDER,0.3404020071029663,0.31148919463157654,0.12265127152204514,0.9994261264801025,0.9998464584350586,True,False,True,0.3404020071029663,0.31148919463157654
2655,True,RIGHT_SHOULDER,0.3535894751548767,0.2922787368297577,0.12316892296075821,0.9992007613182068,0.9954804182052612,True,False,True,0.3535894751548767,0.2922787368297577
2656,True,RIGHT_SHOULDER,0.3751394748687744,0.2854519188404083,0.1546705663204193,0.9988293051719666,0.9975422620773315,True,False,True,0.3751394748687744,0.2854519188404083
2657,True,RIGHT_SHOULDER,0.38870689272880554,0.2866773009300232,0.09838850051164627,0.9988012909889221,0.9997159838676453,True,False,True,0.38870689272880554,0.2866773009300232
2658,True,RIGHT_SHOULDER,0.4001525044441223,0.2968009412288666,0.10567237436771393,0.9988589286804199,0.9999691247940063,True,False,True,0.4001525044441223,0.2968009412288666
2659,True,RIGHT_SHOULDER,0.4092060923576355,0.30367234349250793,0.09149572998285294,0.9988346099853516,0.9999232292175293,True,False,True,0.4092060923576355,0.30367234349250793
2660,True,RIGHT_SHOULDER,0.4212399423122406,0.3105473220348358,0.08204740285873413,0.9987854957580566,0.9999340772628784,True,False,True,0.4212399423122406,0.3105473220348358
2661,True,RIGHT_SHOULDER,0.4186728000640869,0.3218427300453186,0.05967524275183678,0.9987654089927673,0.9999215602874756,True,False,True,0.4186728000640869,0.3218427300453186
2662,True,RIGHT_SHOULDER,0.419433057308197,0.33234986662864685,0.09905897080898285,0.9987720251083374,0.999927282333374,True,False,True,0.419433057308197,0.33234986662864685
2663,True,RIGHT_SHOULDER,0.4141980707645416,0.3450981676578522,0.19744229316711426,0.9987672567367554,0.99988853931427,True,False,True,0.4141980707645416,0.3450981676578522
2664,True,RIGHT_SHOULDER,0.4115545451641083,0.35395362973213196,0.26256078481674194,0.9988134503364563,0.9999120235443115,True,False,True,0.4115545451641083,0.35395362973213196
2665,True,RIGHT_SHOULDER,0.4043053984642029,0.36082392930984497,0.2198360413312912,0.9987115859985352,0.9996449947357178,True,False,True,0.4043053984642029,0.36082392930984497
2666,True,RIGHT_SHOULDER,0.34317368268966675,0.37840935587882996,0.14911746978759766,0.9988266825675964,0.9999220371246338,True,False,True,0.34317368268966675,0.37840935587882996
2667,True,RIGHT_SHOULDER,0.3195037245750427,0.37686654925346375,0.0382230170071125,0.9989346861839294,0.9999583959579468,True,False,True,0.3195037245750427,0.37686654925346375
2668,True,RIGHT_SHOULDER,0.3003562390804291,0.37560537457466125,0.036078840494155884,0.9990398287773132,0.9999946355819702,True,False,True,0.3003562390804291,0.37560537457466125
2669,True,RIGHT_SHOULDER,0.2845411002635956,0.36989152431488037,-0.002857423620298505,0.9991350173950195,0.9999961853027344,True,False,True,0.2845411002635956,0.36989152431488037
2670,True,RIGHT_SHOULDER,0.26886725425720215,0.3691959083080292,-0.0113266846165061,0.9992207288742065,0.9999959468841553,True,False,True,0.26886725425720215,0.3691959083080292
2671,True,RIGHT_SHOULDER,0.2582457959651947,0.3615763485431671,-0.0574498288333416,0.9992978572845459,0.9999977350234985,True,False,True,0.2582457959651947,0.3615763485431671
2672,True,RIGHT_SHOULDER,0.25001826882362366,0.349111407995224,-0.011550822295248508,0.9993672966957092,0.9999977350234985,True,False,True,0.25001826882362366,0.349111407995224
2673,True,RIGHT_SHOULDER,0.2433871179819107,0.33963024616241455,-0.011958811432123184,0.9994295835494995,0.9999971389770508,True,False,True,0.2433871179819107,0.33963024616241455
2674,True,RIGHT_SHOULDER,0.238490030169487,0.3310786485671997,-0.04512226954102516,0.9994853138923645,0.9999970197677612,True,False,True,0.238490030169487,0.3310786485671997
2675,True,RIGHT_SHOULDER,0.23113083839416504,0.32346585392951965,-0.04812290892004967,0.999535858631134,0.9999974966049194,True,False,True,0.23113083839416504,0.32346585392951965
2676,True,RIGHT_SHOULDER,0.22646507620811462,0.31845974922180176,-0.06077791377902031,0.9995808005332947,0.9999963045120239,True,False,True,0.22646507620811462,0.31845974922180176
2677,True,RIGHT_SHOULDER,0.21985428035259247,0.31432199478149414,-0.03901652991771698,0.9996200203895569,0.9999849796295166,True,False,True,0.21985428035259247,0.31432199478149414
2678,True,RIGHT_SHOULDER,0.21641646325588226,0.31063297390937805,0.006346820387989283,0.9996547102928162,0.9999849796295166,True,False,True,0.21641646325588226,0.31063297390937805
2679,True,RIGHT_SHOULDER,0.20971465110778809,0.3114030063152313,-0.009881504811346531,0.9996854662895203,0.9999867677688599,True,False,True,0.20971465110778809,0.3114030063152313
2680,True,RIGHT_SHOULDER,0.20543800294399261,0.3098739981651306,-0.041436370462179184,0.9997117519378662,0.9999781847000122,True,False,True,0.20543800294399261,0.3098739981651306
2681,True,RIGHT_SHOULDER,0.20146910846233368,0.30757156014442444,-0.008575169369578362,0.9997338056564331,0.9999731779098511,True,False,True,0.20146910846233368,0.30757156014442444
2682,True,RIGHT_SHOULDER,0.19608692824840546,0.3048314154148102,-0.009663412347435951,0.999755859375,0.9999896287918091,True,False,True,0.19608692824840546,0.3048314154148102
2683,True,RIGHT_SHOULDER,0.19029977917671204,0.30611875653266907,0.025146516039967537,0.999778151512146,0.9999945163726807,True,False,True,0.19029977917671204,0.30611875653266907
2684,True,RIGHT_SHOULDER,0.18582935631275177,0.3054211437702179,0.07082439213991165,0.9997963905334473,0.999985933303833,True,False,True,0.18582935631275177,0.3054211437702179
2685,True,RIGHT_SHOULDER,0.18038076162338257,0.30654969811439514,0.07321169972419739,0.9998124241828918,0.9999868869781494,True,False,True,0.18038076162338257,0.30654969811439514
2686,True,RIGHT_SHOULDER,0.1765720397233963,0.30690741539001465,0.07219163328409195,0.9998259544372559,0.9999825954437256,True,False,True,0.1765720397233963,0.30690741539001465
2687,True,RIGHT_SHOULDER,0.17062222957611084,0.3073206841945648,0.05147424712777138,0.9998385310173035,0.9999860525131226,True,False,True,0.17062222957611084,0.3073206841945648
2688,True,RIGHT_SHOULDER,0.16525977849960327,0.3076656758785248,0.0523386187851429,0.9998517036437988,0.9999864101409912,True,False,True,0.16525977849960327,0.3076656758785248
2689,True,RIGHT_SHOULDER,0.15810099244117737,0.307902455329895,0.038162712007761,0.9998641014099121,0.9999890327453613,True,False,True,0.15810099244117737,0.307902455329895
2690,True,RIGHT_SHOULDER,0.150407075881958,0.30807870626449585,0.037258464843034744,0.9998758435249329,0.9999929666519165,True,False,True,0.150407075881958,0.30807870626449585
2691,True,RIGHT_SHOULDER,0.1423971951007843,0.3081851303577423,0.03859984874725342,0.999886691570282,0.9999909400939941,True,False,True,0.1423971951007843,0.3081851303577423
2692,True,RIGHT_SHOULDER,0.1373554915189743,0.30828604102134705,-0.00967416912317276,0.9998964071273804,0.9999939203262329,True,False,True,0.1373554915189743,0.30828604102134705
2693,True,RIGHT_SHOULDER,0.13271105289459229,0.3082343637943268,-0.005406130570918322,0.999904215335846,0.9999868869781494,True,False,True,0.13271105289459229,0.3082343637943268
2694,True,RIGHT_SHOULDER,0.12865415215492249,0.306976854801178,-0.02885672077536583,0.9999114871025085,0.9999901056289673,True,False,True,0.12865415215492249,0.306976854801178
2695,True,RIGHT_SHOULDER,0.12335996329784393,0.30486536026000977,-0.09199294447898865,0.9999173879623413,0.9999849796295166,True,False,True,0.12335996329784393,0.30486536026000977
2696,True,RIGHT_SHOULDER,0.12067951261997223,0.3023533225059509,-0.08066458255052567,0.9999231100082397,0.9999821186065674,True,False,True,0.12067951261997223,0.3023533225059509
2697,True,RIGHT_SHOULDER,0.11843448877334595,0.298776775598526,-0.18281638622283936,0.9999285340309143,0.9999792575836182,True,False,True,0.11843448877334595,0.298776775598526
2698,True,RIGHT_SHOULDER,0.11854255944490433,0.2946661710739136,-0.10618095844984055,0.9999333620071411,0.9999761581420898,True,False,True,0.11854255944490433,0.2946661710739136
2699,True,RIGHT_SHOULDER,0.11812537908554077,0.29065045714378357,-0.09696143120527267,0.9999369978904724,0.9999678134918213,True,False,True,0.11812537908554077,0.29065045714378357
2700,True,RIGHT_SHOULDER,0.11774381250143051,0.28826311230659485,-0.0793294832110405,0.9999391436576843,0.999922513961792,True,False,True,0.11774381250143051,0.28826311230659485
2701,True,RIGHT_SHOULDER,0.11784343421459198,0.28801172971725464,-0.02681046351790428,0.999941349029541,0.999933123588562,True,False,True,0.11784343421459198,0.28801172971725464
2702,True,RIGHT_SHOULDER,0.11714021116495132,0.2873309254646301,-0.045176587998867035,0.9999449253082275,0.9999485015869141,True,False,True,0.11714021116495132,0.2873309254646301
2703,True,RIGHT_SHOULDER,0.1179470419883728,0.28767484426498413,-0.03222854062914848,0.9999485015869141,0.9999639987945557,True,False,True,0.1179470419883728,0.28767484426498413
2704,True,RIGHT_SHOULDER,0.11838548630475998,0.28809696435928345,-0.026531275361776352,0.9999516010284424,0.9999731779098511,True,False,True,0.11838548630475998,0.28809696435928345
2705,True,RIGHT_SHOULDER,0.11898042261600494,0.28786423802375793,0.03233952447772026,0.9999536871910095,0.9999783039093018,True,False,True,0.11898042261600494,0.28786423802375793
2706,True,RIGHT_SHOULDER,0.11937455832958221,0.28775060176849365,0.0547039695084095,0.999955415725708,0.9999775886535645,True,False,True,0.11937455832958221,0.28775060176849365
2707,True,RIGHT_SHOULDER,0.11963903158903122,0.2878488600254059,0.035867840051651,0.9999566078186035,0.9999750852584839,True,False,True,0.11963903158903122,0.2878488600254059
2708,True,RIGHT_SHOULDER,0.12115596979856491,0.2879556119441986,0.05666246637701988,0.9999591112136841,0.9999862909317017,True,False,True,0.12115596979856491,0.2879556119441986
2709,True,RIGHT_SHOULDER,0.12261518836021423,0.2896775007247925,0.03595105558633804,0.9999598264694214,0.9999592304229736,True,False,True,0.12261518836021423,0.2896775007247925
2604,True,RIGHT_THUMB,0.333636999130249,0.26609379053115845,-0.20554763078689575,0.9515703320503235,0.9997162222862244,True,False,True,0.333636999130249,0.26609379053115845
2605,True,RIGHT_THUMB,0.3290584981441498,0.25091081857681274,-0.2838517129421234,0.9520711302757263,0.9997095465660095,True,False,True,0.3290584981441498,0.25091081857681274
2606,True,RIGHT_THUMB,0.32091569900512695,0.2392592877149582,-0.16936790943145752,0.9470860958099365,0.999650239944458,True,False,True,0.32091569900512695,0.2392592877149582
2607,True,RIGHT_THUMB,0.3148247301578522,0.22752822935581207,-0.5192463397979736,0.9446675181388855,0.9997829794883728,True,False,True,0.3148247301578522,0.22752822935581207
2608,True,RIGHT_THUMB,0.3136298954486847,0.21976104378700256,-0.4602580964565277,0.9434195756912231,0.999760091304779,True,False,True,0.3136298954486847,0.21976104378700256
2609,True,RIGHT_THUMB,0.3102148771286011,0.2207731455564499,-0.4825422763824463,0.944258987903595,0.9997854828834534,True,False,True,0.3102148771286011,0.2207731455564499
2610,True,RIGHT_THUMB,0.30674925446510315,0.22211141884326935,-0.4790765941143036,0.9411716461181641,0.9995388984680176,True,False,True,0.30674925446510315,0.22211141884326935
2611,True,RIGHT_THUMB,0.30342695116996765,0.22295023500919342,-0.5341305732727051,0.941077470779419,0.9996553659439087,True,False,True,0.30342695116996765,0.22295023500919342
2612,True,RIGHT_THUMB,0.3024693727493286,0.22552485764026642,-0.6267586946487427,0.94106525182724,0.9994937181472778,True,False,True,0.3024693727493286,0.22552485764026642
2613,True,RIGHT_THUMB,0.29383209347724915,0.23597624897956848,-0.5394700169563293,0.9400826692581177,0.9989198446273804,True,False,True,0.29383209347724915,0.23597624897956848
2614,True,RIGHT_THUMB,0.2949608862400055,0.24826203286647797,-0.49452176690101624,0.9400476813316345,0.9993352293968201,True,False,True,0.2949608862400055,0.24826203286647797
2615,True,RIGHT_THUMB,0.29855474829673767,0.2676466107368469,-0.4260264039039612,0.941251277923584,0.99947589635849,True,False,True,0.29855474829673767,0.2676466107368469
2616,True,RIGHT_THUMB,0.3053407073020935,0.28346097469329834,-0.39232751727104187,0.9433274269104004,0.9996495246887207,True,False,True,0.3053407073020935,0.28346097469329834
2617,True,RIGHT_THUMB,0.30411437153816223,0.2844749093055725,-0.3726537525653839,0.9444197416305542,0.9996016621589661,True,False,True,0.30411437153816223,0.2844749093055725
2618,True,RIGHT_THUMB,0.3046923875808716,0.3127821087837219,-0.3680334687232971,0.9472765326499939,0.9997696280479431,True,False,True,0.3046923875808716,0.3127821087837219
2619,True,RIGHT_THUMB,0.3051096498966217,0.34092119336128235,-0.3228193521499634,0.9402298927307129,0.9982460737228394,True,False,True,0.3051096498966217,0.34092119336128235
2620,True,RIGHT_THUMB,0.3088054656982422,0.34439733624458313,-0.2578417956829071,0.9310648441314697,0.9979941844940186,True,False,True,0.3088054656982422,0.34439733624458313
2621,True,RIGHT_THUMB,0.31792834401130676,0.3525775969028473,-0.28149011731147766,0.9276425242424011,0.9993783235549927,True,False,True,0.31792834401130676,0.3525775969028473
2622,True,RIGHT_THUMB,0.3254453241825104,0.3740125894546509,-0.466713547706604,0.9268985390663147,0.9996497631072998,True,False,True,0.3254453241825104,0.3740125894546509
2623,True,RIGHT_THUMB,0.3254612684249878,0.3940497934818268,-0.5645428895950317,0.9254567623138428,0.999685525894165,True,False,True,0.3254612684249878,0.3940497934818268
2624,True,RIGHT_THUMB,0.32917430996894836,0.435920774936676,-0.4851941764354706,0.9273071885108948,0.999833345413208,True,False,True,0.32917430996894836,0.435920774936676
2625,True,RIGHT_THUMB,0.33303138613700867,0.4645439386367798,-0.4043574035167694,0.930117666721344,0.9999033212661743,True,False,True,0.33303138613700867,0.4645439386367798
2626,True,RIGHT_THUMB,0.3436753451824188,0.4877910017967224,-0.42761367559432983,0.9294453859329224,0.9998148083686829,True,False,True,0.3436753451824188,0.4877910017967224
2627,True,RIGHT_THUMB,0.33967483043670654,0.5157940983772278,-0.4867880940437317,0.9277746081352234,0.9998193383216858,True,False,True,0.33967483043670654,0.5157940983772278
2628,True,RIGHT_THUMB,0.32723966240882874,0.5456995368003845,-0.5068528056144714,0.9264883995056152,0.9997169375419617,True,False,True,0.32723966240882874,0.5456995368003845
2629,True,RIGHT_THUMB,0.3132491409778595,0.5792475342750549,-0.5877063274383545,0.9235455989837646,0.9992688298225403,True,False,True,0.3132491409778595,0.5792475342750549
2630,True,RIGHT_THUMB,0.29351213574409485,0.599769115447998,-0.6910055875778198,0.9178733229637146,0.9990083575248718,True,False,True,0.29351213574409485,0.599769115447998
2631,True,RIGHT_THUMB,0.268252432346344,0.6158652305603027,-0.6907235383987427,0.9166472554206848,0.9992625117301941,True,False,True,0.268252432346344,0.6158652305603027
2632,True,RIGHT_THUMB,0.24693024158477783,0.6239032745361328,-0.7217034697532654,0.914300799369812,0.9993265867233276,True,False,True,0.24693024158477783,0.6239032745361328
2633,True,RIGHT_THUMB,0.22826705873012543,0.623434841632843,-0.7368331551551819,0.91489577293396,0.9989640712738037,True,False,True,0.22826705873012543,0.623434841632843
2634,True,RIGHT_THUMB,0.21972091495990753,0.6144522428512573,-0.7638342380523682,0.9147414565086365,0.9989915490150452,True,False,True,0.21972091495990753,0.6144522428512573
2635,True,RIGHT_THUMB,0.22783775627613068,0.5954957008361816,-0.4665154218673706,0.9069602489471436,0.9984214305877686,True,False,True,0.22783775627613068,0.5954957008361816
2636,True,RIGHT_THUMB,0.23819708824157715,0.5622962117195129,-0.32874795794487,0.9032156467437744,0.9996387958526611,True,False,True,0.23819708824157715,0.5622962117195129
2637,True,RIGHT_THUMB,0.289126455783844,0.47204330563545227,-0.13306719064712524,0.8482579588890076,0.991916835308075,True,False,True,0.289126455783844,0.47204330563545227
2638,True,RIGHT_THUMB,0.4117783308029175,0.470884770154953,-0.2965935170650482,0.8196964859962463,0.998347282409668,True,False,True,0.4117783308029175,0.470884770154953
2639,True,RIGHT_THUMB,0.3485948443412781,0.36533409357070923,-1.03555166721344,0.8014692664146423,0.997722327709198,True,False,True,0.3485948443412781,0.36533409357070923
2640,True,RIGHT_THUMB,0.34919917583465576,0.3648497462272644,-0.035797759890556335,0.7621135115623474,0.9998784065246582,True,False,True,0.34919917583465576,0.3648497462272644
2641,True,RIGHT_THUMB,0.4128815531730652,0.3868069648742676,0.16832531988620758,0.7338069677352905,0.9997605681419373,True,False,True,0.4128815531730652,0.3868069648742676
2642,True,RIGHT_THUMB,0.5980792045593262,0.30582982301712036,-0.21849289536476135,0.7588697671890259,0.9984269142150879,True,False,True,0.5980792045593262,0.30582982301712036
2643,True,RIGHT_THUMB,0.46924707293510437,0.3473524749279022,0.22470055520534515,0.7171542644500732,0.9980708956718445,True,False,True,0.46924707293510437,0.3473524749279022
2644,True,RIGHT_THUMB,0.4435079097747803,0.5888214111328125,0.41295957565307617,0.655471920967102,0.9992577433586121,True,False,True,0.4435079097747803,0.5888214111328125
2645,True,RIGHT_THUMB,0.36595049500465393,0.5409912467002869,0.5847967863082886,0.5922017097473145,0.9964733719825745,True,False,True,0.36595049500465393,0.5409912467002869
2646,True,RIGHT_THUMB,0.34777334332466125,0.5547497272491455,0.2796274721622467,0.543836236000061,0.9946523904800415,True,False,True,0.34777334332466125,0.5547497272491455
2647,True,RIGHT_THUMB,0.2876536548137665,0.5289753675460815,0.37588199973106384,0.503555953502655,0.9996570348739624,True,False,True,0.2876536548137665,0.5289753675460815
2648,True,RIGHT_THUMB,0.25948700308799744,0.4980168044567108,0.7838613986968994,0.45990046858787537,0.9947081804275513,False,False,False,,
2649,True,RIGHT_THUMB,0.2575986683368683,0.4761062264442444,0.4427748918533325,0.4655385911464691,0.9998306035995483,False,False,False,,
2650,True,RIGHT_THUMB,0.270810067653656,0.47236117720603943,0.6219565272331238,0.4559863209724426,0.9999078512191772,False,False,False,,
2651,True,RIGHT_THUMB,0.27984434366226196,0.4739469289779663,0.9763961434364319,0.4684297740459442,0.9999877214431763,False,False,False,,
2652,True,RIGHT_THUMB,0.24123089015483856,0.4869304597377777,0.543906033039093,0.4968593716621399,0.9999256134033203,False,False,False,,
2653,True,RIGHT_THUMB,0.22792743146419525,0.4939599335193634,0.4364047050476074,0.5174392461776733,0.9996015429496765,True,False,True,0.22792743146419525,0.4939599335193634
2654,True,RIGHT_THUMB,0.24050822854042053,0.48462966084480286,0.19176602363586426,0.5336453318595886,0.998543381690979,True,False,True,0.24050822854042053,0.48462966084480286
2655,True,RIGHT_THUMB,0.2536318004131317,0.4188639223575592,0.40292397141456604,0.492446631193161,0.9929244518280029,False,False,False,,
2656,True,RIGHT_THUMB,0.2919239103794098,0.37831512093544006,0.45039597153663635,0.44757431745529175,0.9903665781021118,False,False,False,,
2657,True,RIGHT_THUMB,0.3088890612125397,0.3922242820262909,0.42520448565483093,0.4110310971736908,0.9957308173179626,False,False,False,,
2658,True,RIGHT_THUMB,0.3479215204715729,0.39775389432907104,0.1639164835214615,0.3774149417877197,0.9985748529434204,False,False,False,,
2659,True,RIGHT_THUMB,0.37037599086761475,0.4130226671695709,0.2617495059967041,0.34584686160087585,0.9980341792106628,False,False,False,,
2660,True,RIGHT_THUMB,0.4055604338645935,0.41359806060791016,0.4494051933288574,0.31831976771354675,0.9995805621147156,False,False,False,,
2661,True,RIGHT_THUMB,0.4026755094528198,0.409417986869812,0.499828964471817,0.2895694375038147,0.9995809197425842,False,False,False,,
2662,True,RIGHT_THUMB,0.386641263961792,0.38084718585014343,0.6885606646537781,0.26925161480903625,0.9998821020126343,False,False,False,,
2663,True,RIGHT_THUMB,0.3994665741920471,0.392232745885849,0.7769736051559448,0.2456214725971222,0.9996272325515747,False,False,False,,
2664,True,RIGHT_THUMB,0.3847317099571228,0.3995567262172699,0.7671443819999695,0.22757482528686523,0.9998264908790588,False,False,False,,
2665,True,RIGHT_THUMB,0.3778664171695709,0.40579184889793396,0.6381036043167114,0.206265389919281,0.9986366629600525,False,False,False,,
2666,True,RIGHT_THUMB,0.30152007937431335,0.4841872453689575,-0.08879232406616211,0.20409342646598816,0.99943608045578,False,False,False,,
2667,True,RIGHT_THUMB,0.27818161249160767,0.5078147053718567,-0.2121202051639557,0.20994605123996735,0.9996451139450073,False,False,False,,
2668,True,RIGHT_THUMB,0.26215848326683044,0.5014723539352417,-0.28424161672592163,0.23590128123760223,0.999901294708252,False,False,False,,
2669,True,RIGHT_THUMB,0.2586161494255066,0.4986075460910797,-0.25219905376434326,0.27405038475990295,0.9999227523803711,False,False,False,,
2670,True,RIGHT_THUMB,0.25130942463874817,0.5005423426628113,-0.29863324761390686,0.3279876708984375,0.9999500513076782,False,False,False,,
2671,True,RIGHT_THUMB,0.2315758466720581,0.49689432978630066,-0.18742984533309937,0.38073405623435974,0.9999200105667114,False,False,False,,
2672,True,RIGHT_THUMB,0.18817587196826935,0.5076160430908203,-0.05739256739616394,0.43399283289909363,0.9999085664749146,False,False,False,,
2673,True,RIGHT_THUMB,0.16233284771442413,0.5031611919403076,-0.03989391773939133,0.4826379120349884,0.999789297580719,False,False,False,,
2674,True,RIGHT_THUMB,0.1517125815153122,0.5021594762802124,-0.06178326532244682,0.5264102220535278,0.9996694326400757,True,False,True,0.1517125815153122,0.5021594762802124
2675,True,RIGHT_THUMB,0.1396135836839676,0.4875202476978302,-0.07755450904369354,0.5685217976570129,0.9998214840888977,True,False,True,0.1396135836839676,0.4875202476978302
2676,True,RIGHT_THUMB,0.13450001180171967,0.4712626338005066,-0.08795620501041412,0.6068022847175598,0.9997524619102478,True,False,True,0.13450001180171967,0.4712626338005066
2677,True,RIGHT_THUMB,0.13509394228458405,0.45928388833999634,-0.17995814979076385,0.6418548822402954,0.999582827091217,True,False,True,0.13509394228458405,0.45928388833999634
2678,True,RIGHT_THUMB,0.1339082419872284,0.4491431713104248,-0.275491327047348,0.6733240485191345,0.9996238946914673,True,False,True,0.1339082419872284,0.4491431713104248
2679,True,RIGHT_THUMB,0.1343621015548706,0.4430111050605774,-0.40607255697250366,0.702173113822937,0.9997187256813049,True,False,True,0.1343621015548706,0.4430111050605774
2680,True,RIGHT_THUMB,0.1344810426235199,0.43892228603363037,-0.39096885919570923,0.7282772660255432,0.9996880292892456,True,False,True,0.1344810426235199,0.43892228603363037
2681,True,RIGHT_THUMB,0.13804741203784943,0.43614909052848816,-0.2807314097881317,0.7498490810394287,0.9996833801269531,True,False,True,0.13804741203784943,0.43614909052848816
2682,True,RIGHT_THUMB,0.14073874056339264,0.4345013201236725,-0.2549765706062317,0.7688090801239014,0.9998893737792969,True,False,True,0.14073874056339264,0.4345013201236725
2683,True,RIGHT_THUMB,0.14005614817142487,0.4356228709220886,-0.2380077838897705,0.7870396375656128,0.9999479055404663,True,False,True,0.14005614817142487,0.4356228709220886
2684,True,RIGHT_THUMB,0.1395348310470581,0.43759313225746155,-0.16593609750270844,0.7993164658546448,0.9998136162757874,True,False,True,0.1395348310470581,0.43759313225746155
2685,True,RIGHT_THUMB,0.1376582682132721,0.4392138123512268,-0.12367206811904907,0.8096145391464233,0.9998569488525391,True,False,True,0.1376582682132721,0.4392138123512268
2686,True,RIGHT_THUMB,0.13810545206069946,0.439801961183548,0.03689439222216606,0.8163096904754639,0.9998394250869751,True,False,True,0.13810545206069946,0.439801961183548
2687,True,RIGHT_THUMB,0.13937827944755554,0.4428981840610504,-0.01829054392874241,0.8233374953269958,0.9998273253440857,True,False,True,0.13937827944755554,0.4428981840610504
2688,True,RIGHT_THUMB,0.13986584544181824,0.45582830905914307,-0.0402681827545166,0.833330512046814,0.9998970031738281,True,False,True,0.13986584544181824,0.45582830905914307
2689,True,RIGHT_THUMB,0.13941696286201477,0.46557265520095825,-0.05085531622171402,0.8440108895301819,0.9999148845672607,True,False,True,0.13941696286201477,0.46557265520095825
2690,True,RIGHT_THUMB,0.13824255764484406,0.4695698320865631,-0.07027792930603027,0.8543094992637634,0.9999434947967529,True,False,True,0.13824255764484406,0.4695698320865631
2691,True,RIGHT_THUMB,0.1365083009004593,0.47343748807907104,-0.07030173391103745,0.8644163012504578,0.9999343156814575,True,False,True,0.1365083009004593,0.47343748807907104
2692,True,RIGHT_THUMB,0.13382138311862946,0.4760127365589142,-0.07624542713165283,0.8735223412513733,0.9999442100524902,True,False,True,0.13382138311862946,0.4760127365589142
2693,True,RIGHT_THUMB,0.1313934624195099,0.4772718846797943,-0.06017092615365982,0.879867434501648,0.999880313873291,True,False,True,0.1313934624195099,0.4772718846797943
2694,True,RIGHT_THUMB,0.12803915143013,0.47808030247688293,-0.06749037653207779,0.8864384293556213,0.9998925924301147,True,False,True,0.12803915143013,0.47808030247688293
2695,True,RIGHT_THUMB,0.12239827960729599,0.47759661078453064,-0.1238398551940918,0.8918216228485107,0.9998323917388916,True,False,True,0.12239827960729599,0.47759661078453064
2696,True,RIGHT_THUMB,0.11808998137712479,0.4801892042160034,-0.1528138816356659,0.897162139415741,0.9997952580451965,True,False,True,0.11808998137712479,0.4801892042160034
2697,True,RIGHT_THUMB,0.11335952579975128,0.4811713695526123,-0.26270726323127747,0.9022730588912964,0.9996658563613892,True,False,True,0.11335952579975128,0.4811713695526123
2698,True,RIGHT_THUMB,0.1085205078125,0.4799913167953491,-0.19052451848983765,0.9071707129478455,0.9997383952140808,True,False,True,0.1085205078125,0.4799913167953491
2699,True,RIGHT_THUMB,0.10395018011331558,0.4792065918445587,-0.19244174659252167,0.9114602208137512,0.9995593428611755,True,False,True,0.10395018011331558,0.4792065918445587
2700,True,RIGHT_THUMB,0.09679485857486725,0.4801996350288391,-0.15859176218509674,0.912804126739502,0.9990940093994141,True,False,True,0.09679485857486725,0.4801996350288391
2701,True,RIGHT_THUMB,0.09158949553966522,0.4828450381755829,-0.1277693659067154,0.9153275489807129,0.9993749260902405,True,False,True,0.09158949553966522,0.4828450381755829
2702,True,RIGHT_THUMB,0.08824559301137924,0.4859248995780945,-0.12963566184043884,0.9197343587875366,0.9995408058166504,True,False,True,0.08824559301137924,0.4859248995780945
2703,True,RIGHT_THUMB,0.08544211089611053,0.4878831207752228,-0.10569991916418076,0.923181414604187,0.9997664093971252,True,False,True,0.08544211089611053,0.4878831207752228
2704,True,RIGHT_THUMB,0.08170677721500397,0.4885890781879425,-0.08913484960794449,0.9277994632720947,0.9998586177825928,True,False,True,0.08170677721500397,0.4885890781879425
2705,True,RIGHT_THUMB,0.07937848567962646,0.4878496527671814,-0.01438749860972166,0.9305350184440613,0.9998347759246826,True,False,True,0.07937848567962646,0.4878496527671814
2706,True,RIGHT_THUMB,0.07725793123245239,0.4873400330543518,0.0046858713030815125,0.9320419430732727,0.9997935891151428,True,False,True,0.07725793123245239,0.4873400330543518
2707,True,RIGHT_THUMB,0.07600380480289459,0.48831599950790405,-0.017663540318608284,0.9314874410629272,0.9997592568397522,True,False,True,0.07600380480289459,0.48831599950790405
2708,True,RIGHT_THUMB,0.07406578212976456,0.4906288981437683,0.0055616507306694984,0.9329828023910522,0.9998267292976379,True,False,True,0.07406578212976456,0.4906288981437683
2709,True,RIGHT_THUMB,0.07258065789937973,0.4925091564655304,-0.0204942524433136,0.9332953691482544,0.9997074007987976,True,False,True,0.07258065789937973,0.4925091564655304
2604,True,RIGHT_WRIST,0.3304232954978943,0.276455283164978,-0.20885826647281647,0.9878348708152771,0.9997588992118835,True,False,True,0.3304232954978943,0.276455283164978
2605,True,RIGHT_WRIST,0.32346111536026,0.26630768179893494,-0.28825703263282776,0.9881626963615417,0.9997332692146301,True,False,True,0.32346111536026,0.26630768179893494
2606,True,RIGHT_WRIST,0.320281445980072,0.2527332305908203,-0.17474335432052612,0.9870268106460571,0.9997146725654602,True,False,True,0.320281445980072,0.2527332305908203
2607,True,RIGHT_WRIST,0.31440311670303345,0.23993806540966034,-0.5266125798225403,0.9870204925537109,0.9998094439506531,True,False,True,0.31440311670303345,0.23993806540966034
2608,True,RIGHT_WRIST,0.31428995728492737,0.2341570258140564,-0.468386173248291,0.9871780276298523,0.9997900128364563,True,False,True,0.31428995728492737,0.2341570258140564
2609,True,RIGHT_WRIST,0.3109327554702759,0.23635689914226532,-0.48997727036476135,0.9876916408538818,0.9998223185539246,True,False,True,0.3109327554702759,0.23635689914226532
2610,True,RIGHT_WRIST,0.30711784958839417,0.23888374865055084,-0.48546019196510315,0.9870942234992981,0.9995961785316467,True,False,True,0.30711784958839417,0.23888374865055084
2611,True,RIGHT_WRIST,0.3024822175502777,0.23893064260482788,-0.5394575595855713,0.9872641563415527,0.9996894598007202,True,False,True,0.3024822175502777,0.23893064260482788
2612,True,RIGHT_WRIST,0.2979918122291565,0.24299713969230652,-0.6322855949401855,0.9873812198638916,0.9994839429855347,True,False,True,0.2979918122291565,0.24299713969230652
2613,True,RIGHT_WRIST,0.2871714234352112,0.25604596734046936,-0.5445202589035034,0.9871112108230591,0.9987934827804565,True,False,True,0.2871714234352112,0.25604596734046936
2614,True,RIGHT_WRIST,0.2887705862522125,0.26852312684059143,-0.5004321336746216,0.9872530698776245,0.9992289543151855,True,False,True,0.2887705862522125,0.26852312684059143
2615,True,RIGHT_WRIST,0.2906060814857483,0.28226330876350403,-0.43488433957099915,0.9875898361206055,0.9994070529937744,True,False,True,0.2906060814857483,0.28226330876350403
2616,True,RIGHT_WRIST,0.2921566963195801,0.3056667149066925,-0.4003107249736786,0.9880226850509644,0.9996269941329956,True,False,True,0.2921566963195801,0.3056667149066925
2617,True,RIGHT_WRIST,0.2932898700237274,0.3100276291370392,-0.3796786069869995,0.9882771968841553,0.9995294809341431,True,False,True,0.2932898700237274,0.3100276291370392
2618,True,RIGHT_WRIST,0.2933792173862457,0.3291415870189667,-0.37391397356987,0.988936722278595,0.9997349381446838,True,False,True,0.2933792173862457,0.3291415870189667
2619,True,RIGHT_WRIST,0.2939593493938446,0.35384273529052734,-0.3241821229457855,0.9858033061027527,0.9976840019226074,True,False,True,0.2939593493938446,0.35384273529052734
2620,True,RIGHT_WRIST,0.2957451641559601,0.36348584294319153,-0.25859734416007996,0.9817861914634705,0.9971818923950195,True,False,True,0.2957451641559601,0.36348584294319153
2621,True,RIGHT_WRIST,0.3040681779384613,0.3711854815483093,-0.2830686569213867,0.980635404586792,0.999083399772644,True,False,True,0.3040681779384613,0.3711854815483093
2622,True,RIGHT_WRIST,0.30861538648605347,0.3891831934452057,-0.46435585618019104,0.9800833463668823,0.9994713664054871,True,False,True,0.30861538648605347,0.3891831934452057
2623,True,RIGHT_WRIST,0.30838143825531006,0.4085255265235901,-0.5594685077667236,0.9790273904800415,0.9994760155677795,True,False,True,0.30838143825531006,0.4085255265235901
2624,True,RIGHT_WRIST,0.31016120314598083,0.4397282302379608,-0.495587557554245,0.9795077443122864,0.999765932559967,True,False,True,0.31016120314598083,0.4397282302379608
2625,True,RIGHT_WRIST,0.3123014271259308,0.46211743354797363,-0.40295886993408203,0.9803973436355591,0.9998779296875,True,False,True,0.3123014271259308,0.46211743354797363
2626,True,RIGHT_WRIST,0.31822890043258667,0.48498958349227905,-0.4245520234107971,0.9801834225654602,0.9997592568397522,True,False,True,0.31822890043258667,0.48498958349227905
2627,True,RIGHT_WRIST,0.31540200114250183,0.5104245543479919,-0.48558518290519714,0.9795518517494202,0.9997634291648865,True,False,True,0.31540200114250183,0.5104245543479919
2628,True,RIGHT_WRIST,0.3062919080257416,0.532156229019165,-0.5034745931625366,0.9787800908088684,0.9996645450592041,True,False,True,0.3062919080257416,0.532156229019165
2629,True,RIGHT_WRIST,0.29564133286476135,0.5641140937805176,-0.5824010372161865,0.9769616723060608,0.9990376234054565,True,False,True,0.29564133286476135,0.5641140937805176
2630,True,RIGHT_WRIST,0.2724347710609436,0.5847809314727783,-0.6811895370483398,0.9740325212478638,0.9985767602920532,True,False,True,0.2724347710609436,0.5847809314727783
2631,True,RIGHT_WRIST,0.25125229358673096,0.5994932651519775,-0.6788327097892761,0.9733460545539856,0.9988172650337219,True,False,True,0.25125229358673096,0.5994932651519775
2632,True,RIGHT_WRIST,0.23347912728786469,0.6058951616287231,-0.7106743454933167,0.9718276262283325,0.9990284442901611,True,False,True,0.23347912728786469,0.6058951616287231
2633,True,RIGHT_WRIST,0.21428504586219788,0.6039831042289734,-0.7240203022956848,0.9723423719406128,0.9985116124153137,True,False,True,0.21428504586219788,0.6039831042289734
2634,True,RIGHT_WRIST,0.2053016573190689,0.5993854403495789,-0.7534862160682678,0.9726744294166565,0.998584508895874,True,False,True,0.2053016573190689,0.5993854403495789
2635,True,RIGHT_WRIST,0.21357204020023346,0.581099271774292,-0.46534857153892517,0.9700862765312195,0.9982931017875671,True,False,True,0.21357204020023346,0.581099271774292
2636,True,RIGHT_WRIST,0.22477780282497406,0.5535098314285278,-0.33792492747306824,0.9698572158813477,0.9996483325958252,True,False,True,0.22477780282497406,0.5535098314285278
2637,True,RIGHT_WRIST,0.27887117862701416,0.47746923565864563,-0.14221034944057465,0.9253681898117065,0.990199863910675,True,False,True,0.27887117862701416,0.47746923565864563
2638,True,RIGHT_WRIST,0.41312599182128906,0.4787794351577759,-0.3072018027305603,0.8968158960342407,0.9980505704879761,True,False,True,0.41312599182128906,0.4787794351577759
2639,True,RIGHT_WRIST,0.34930849075317383,0.37099653482437134,-1.0334123373031616,0.8784765601158142,0.9974883794784546,True,False,True,0.34930849075317383,0.37099653482437134
2640,True,RIGHT_WRIST,0.3597317636013031,0.362751841545105,-0.045879896730184555,0.8455809354782104,0.9998776912689209,True,False,True,0.3597317636013031,0.362751841545105
2641,True,RIGHT_WRIST,0.43426984548568726,0.3778945505619049,0.16118590533733368,0.8317276835441589,0.9997788071632385,True,False,True,0.43426984548568726,0.3778945505619049
2642,True,RIGHT_WRIST,0.5820279717445374,0.32329100370407104,-0.20436736941337585,0.8482843041419983,0.999092698097229,True,False,True,0.5820279717445374,0.32329100370407104
2643,True,RIGHT_WRIST,0.477724552154541,0.3784632086753845,0.21154682338237762,0.8076942563056946,0.9981922507286072,True,False,True,0.477724552154541,0.3784632086753845
2644,True,RIGHT_WRIST,0.45445212721824646,0.578093409538269,0.4061179757118225,0.7397269606590271,0.9992948770523071,True,False,True,0.45445212721824646,0.578093409538269
2645,True,RIGHT_WRIST,0.3920355439186096,0.5366523861885071,0.582937479019165,0.6673829555511475,0.9957205653190613,True,False,True,0.3920355439186096,0.5366523861885071
2646,True,RIGHT_WRIST,0.37000492215156555,0.5436296463012695,0.28112637996673584,0.6116778254508972,0.9936182498931885,True,False,True,0.37000492215156555,0.5436296463012695
2647,True,RIGHT_WRIST,0.3038773834705353,0.5156999826431274,0.37743690609931946,0.5607289671897888,0.999693751335144,True,False,True,0.3038773834705353,0.5156999826431274
2648,True,RIGHT_WRIST,0.2765595018863678,0.5005987882614136,0.7872726321220398,0.5079692602157593,0.9962742328643799,True,False,True,0.2765595018863678,0.5005987882614136
2649,True,RIGHT_WRIST,0.2738751769065857,0.4818101227283478,0.44729188084602356,0.4936903119087219,0.9998899698257446,False,False,False,,
2650,True,RIGHT_WRIST,0.2819288372993469,0.4694522023200989,0.6264024972915649,0.47123202681541443,0.9999426603317261,False,False,False,,
2651,True,RIGHT_WRIST,0.2875700294971466,0.4712408781051636,0.9721188545227051,0.47394701838493347,0.9999916553497314,False,False,False,,
2652,True,RIGHT_WRIST,0.2532736659049988,0.4767328202724457,0.5467462539672852,0.4980354905128479,0.9999656677246094,False,False,False,,
2653,True,RIGHT_WRIST,0.24019703269004822,0.4809046983718872,0.4597737193107605,0.5203772187232971,0.9997890591621399,True,False,True,0.24019703269004822,0.4809046983718872
2654,True,RIGHT_WRIST,0.2514832615852356,0.4727681577205658,0.20386375486850739,0.5333322882652283,0.9990038275718689,True,False,True,0.2514832615852356,0.4727681577205658
2655,True,RIGHT_WRIST,0.2666371464729309,0.4045446217060089,0.40144431591033936,0.4868820309638977,0.9940164089202881,False,False,False,,
2656,True,RIGHT_WRIST,0.31174153089523315,0.3759972155094147,0.44840049743652344,0.4404180347919464,0.9904282093048096,False,False,False,,
2657,True,RIGHT_WRIST,0.3300274908542633,0.39208364486694336,0.42781591415405273,0.4003767669200897,0.9956669807434082,False,False,False,,
2658,True,RIGHT_WRIST,0.36691728234291077,0.40025994181632996,0.1803654283285141,0.364579439163208,0.998586893081665,False,False,False,,
2659,True,RIGHT_WRIST,0.388121634721756,0.41260504722595215,0.2742343842983246,0.3322269916534424,0.9980536699295044,False,False,False,,
2660,True,RIGHT_WRIST,0.4249922037124634,0.40900981426239014,0.45209047198295593,0.30560654401779175,0.9996090531349182,False,False,False,,
2661,True,RIGHT_WRIST,0.4179283678531647,0.4005182385444641,0.49803292751312256,0.2773738205432892,0.9995847344398499,False,False,False,,
2662,True,RIGHT_WRIST,0.40406110882759094,0.3776874840259552,0.6842427253723145,0.25733858346939087,0.9998923540115356,False,False,False,,
2663,True,RIGHT_WRIST,0.41095060110092163,0.38849061727523804,0.775009036064148,0.2342158854007721,0.9996531009674072,False,False,False,,
2664,True,RIGHT_WRIST,0.39793580770492554,0.3956398069858551,0.7671648859977722,0.2165983021259308,0.9998326301574707,False,False,False,,
2665,True,RIGHT_WRIST,0.39249199628829956,0.4094773828983307,0.6415582299232483,0.19612674415111542,0.9986403584480286,False,False,False,,
2666,True,RIGHT_WRIST,0.31334230303764343,0.4809357821941376,-0.06693817675113678,0.19392430782318115,0.9994353652000427,False,False,False,,
2667,True,RIGHT_WRIST,0.29312947392463684,0.496827632188797,-0.18530333042144775,0.19867046177387238,0.999671220779419,False,False,False,,
2668,True,RIGHT_WRIST,0.27042415738105774,0.5015602111816406,-0.2573471963405609,0.23339267075061798,0.9999006986618042,False,False,False,,
2669,True,RIGHT_WRIST,0.26200005412101746,0.49286386370658875,-0.22431568801403046,0.2765143811702728,0.9999302625656128,False,False,False,,
2670,True,RIGHT_WRIST,0.24874141812324524,0.49528709053993225,-0.27187567949295044,0.33456525206565857,0.9999586343765259,False,False,False,,
2671,True,RIGHT_WRIST,0.22576145827770233,0.49078842997550964,-0.16133511066436768,0.392230361700058,0.99993896484375,False,False,False,,
2672,True,RIGHT_WRIST,0.1885046660900116,0.49421435594558716,-0.03133903071284294,0.4482518136501312,0.9999372959136963,False,False,False,,
2673,True,RIGHT_WRIST,0.16663028299808502,0.48869240283966064,-0.010690269991755486,0.4987504780292511,0.9998579025268555,False,False,False,,
2674,True,RIGHT_WRIST,0.15563862025737762,0.48128753900527954,-0.031426802277565,0.5441381335258484,0.9997712969779968,True,False,True,0.15563862025737762,0.48128753900527954
2675,True,RIGHT_WRIST,0.1470077633857727,0.46875131130218506,-0.04679708182811737,0.5870251059532166,0.9998722076416016,True,False,True,0.1470077633857727,0.46875131130218506
2676,True,RIGHT_WRIST,0.14370988309383392,0.4562099575996399,-0.05811544135212898,0.6258153915405273,0.9998194575309753,True,False,True,0.14370988309383392,0.4562099575996399
2677,True,RIGHT_WRIST,0.14329352974891663,0.4466181695461273,-0.1524682641029358,0.6606180667877197,0.99970942735672,True,False,True,0.14329352974891663,0.4466181695461273
2678,True,RIGHT_WRIST,0.1415824145078659,0.4373617172241211,-0.2490229308605194,0.6916410326957703,0.999717652797699,True,False,True,0.1415824145078659,0.4373617172241211
2679,True,RIGHT_WRIST,0.14057348668575287,0.43181112408638,-0.3782525062561035,0.7198843359947205,0.9997803568840027,True,False,True,0.14057348668575287,0.43181112408638
2680,True,RIGHT_WRIST,0.1390228271484375,0.4288293123245239,-0.36328035593032837,0.7454690337181091,0.999758780002594,True,False,True,0.1390228271484375,0.4288293123245239
2681,True,RIGHT_WRIST,0.13874971866607666,0.4256726801395416,-0.25306859612464905,0.7672520875930786,0.9997397065162659,True,False,True,0.13874971866607666,0.4256726801395416
2682,True,RIGHT_WRIST,0.14069649577140808,0.4240643084049225,-0.22746136784553528,0.7867911458015442,0.9999088048934937,True,False,True,0.14069649577140808,0.4240643084049225
2683,True,RIGHT_WRIST,0.13751648366451263,0.4253443777561188,-0.210783451795578,0.8050832748413086,0.9999574422836304,True,False,True,0.13751648366451263,0.4253443777561188
2684,True,RIGHT_WRIST,0.13468755781650543,0.4262467920780182,-0.13830497860908508,0.8182886242866516,0.9998645782470703,True,False,True,0.13468755781650543,0.4262467920780182
2685,True,RIGHT_WRIST,0.13401752710342407,0.42800965905189514,-0.09608195722103119,0.8296905159950256,0.9998931884765625,True,False,True,0.13401752710342407,0.42800965905189514
2686,True,RIGHT_WRIST,0.1340017020702362,0.4290776252746582,0.06304729729890823,0.8383567929267883,0.9998929500579834,True,False,True,0.1340017020702362,0.4290776252746582
2687,True,RIGHT_WRIST,0.13432541489601135,0.43139031529426575,0.008279773406684399,0.846610963344574,0.9998800754547119,True,False,True,0.13432541489601135,0.43139031529426575
2688,True,RIGHT_WRIST,0.1344299465417862,0.44404593110084534,-0.015334377065300941,0.8573706746101379,0.9999268054962158,True,False,True,0.1344299465417862,0.44404593110084534
2689,True,RIGHT_WRIST,0.13270913064479828,0.4541914761066437,-0.026217831298708916,0.8685495853424072,0.9999390840530396,True,False,True,0.13270913064479828,0.4541914761066437
2690,True,RIGHT_WRIST,0.1293288767337799,0.45890021324157715,-0.04546310752630234,0.8790640830993652,0.9999575614929199,True,False,True,0.1293288767337799,0.45890021324157715
2691,True,RIGHT_WRIST,0.12583239376544952,0.46382936835289,-0.04689112305641174,0.8892197012901306,0.999950647354126,True,False,True,0.12583239376544952,0.46382936835289
2692,True,RIGHT_WRIST,0.12250813096761703,0.46543189883232117,-0.05218590795993805,0.8982852101325989,0.9999589920043945,True,False,True,0.12250813096761703,0.46543189883232117
2693,True,RIGHT_WRIST,0.1210014745593071,0.4660114347934723,-0.03666730597615242,0.9054096341133118,0.9999120235443115,True,False,True,0.1210014745593071,0.4660114347934723
2694,True,RIGHT_WRIST,0.1162378266453743,0.4655430018901825,-0.043422553688287735,0.9122259020805359,0.9999243021011353,True,False,True,0.1162378266453743,0.4655430018901825
2695,True,RIGHT_WRIST,0.11053702980279922,0.4647861421108246,-0.09868931025266647,0.918127715587616,0.9998770952224731,True,False,True,0.11053702980279922,0.4647861421108246
2696,True,RIGHT_WRIST,0.1075146347284317,0.46742209792137146,-0.12762326002120972,0.9236657023429871,0.9998476505279541,True,False,True,0.1075146347284317,0.46742209792137146
2697,True,RIGHT_WRIST,0.10297752171754837,0.4679909348487854,-0.2375992089509964,0.9290213584899902,0.9997512698173523,True,False,True,0.10297752171754837,0.4679909348487854
2698,True,RIGHT_WRIST,0.09943296015262604,0.46734797954559326,-0.1653093546628952,0.9339016079902649,0.9998125433921814,True,False,True,0.09943296015262604,0.46734797954559326
2699,True,RIGHT_WRIST,0.0940394476056099,0.4666121006011963,-0.1674494445323944,0.9383596181869507,0.9996933937072754,True,False,True,0.0940394476056099,0.4666121006011963
2700,True,RIGHT_WRIST,0.08909042179584503,0.4664117991924286,-0.1315011978149414,0.9409229755401611,0.999333918094635,True,False,True,0.08909042179584503,0.4664117991924286
2701,True,RIGHT_WRIST,0.08626053482294083,0.4671962857246399,-0.10001953691244125,0.9438894391059875,0.99952232837677,True,False,True,0.08626053482294083,0.4671962857246399
2702,True,RIGHT_WRIST,0.08329042047262192,0.46899035573005676,-0.1025911495089531,0.947823703289032,0.9996544122695923,True,False,True,0.08329042047262192,0.46899035573005676
2703,True,RIGHT_WRIST,0.08219952136278152,0.469697505235672,-0.0773748829960823,0.9510324597358704,0.9998206496238708,True,False,True,0.08219952136278152,0.469697505235672
2704,True,RIGHT_WRIST,0.079612135887146,0.4694623351097107,-0.05984805151820183,0.9545772671699524,0.9998952150344849,True,False,True,0.079612135887146,0.4694623351097107
2705,True,RIGHT_WRIST,0.07719746977090836,0.46888697147369385,0.015172116458415985,0.9569541811943054,0.9998817443847656,True,False,True,0.07719746977090836,0.46888697147369385
2706,True,RIGHT_WRIST,0.07471472769975662,0.4686063528060913,0.034053780138492584,0.9584373235702515,0.9998527765274048,True,False,True,0.07471472769975662,0.4686063528060913
2707,True,RIGHT_WRIST,0.07321249693632126,0.46886366605758667,0.012137392535805702,0.958499014377594,0.9998152852058411,True,False,True,0.07321249693632126,0.46886366605758667
2708,True,RIGHT_WRIST,0.07279164344072342,0.4699990153312683,0.0354902409017086,0.9598733186721802,0.9998757839202881,True,False,True,0.07279164344072342,0.4699990153312683
2709,True,RIGHT_WRIST,0.07159695774316788,0.4718092679977417,0.007691806647926569,0.960334300994873,0.9997772574424744,True,False,True,0.07159695774316788,0.4718092679977417
