frame,timestamp_ms,landmark,x,y,z,visibility,presence
162,5400,NOSE,0.3006218373775482,0.0861588716506958,-1.9487223625183105,0.9959415793418884,0.9556014537811279
162,5400,LEFT_EYE_INNER,0.33653244376182556,0.04096114635467529,-1.8426854610443115,0.9964001178741455,0.9420716166496277
162,5400,LEFT_EYE,0.36436474323272705,0.04109758138656616,-1.8434869050979614,0.9963667392730713,0.9443858861923218
162,5400,LEFT_EYE_OUTER,0.3916047215461731,0.04018527269363403,-1.8441020250320435,0.9965695142745972,0.9462726712226868
162,5400,RIGHT_EYE_INNER,0.2560001015663147,0.03741562366485596,-1.8599263429641724,0.9949383735656738,0.9226887226104736
162,5400,RIGHT_EYE,0.22460788488388062,0.036490559577941895,-1.8603652715682983,0.9944267272949219,0.904245913028717
162,5400,RIGHT_EYE_OUTER,0.19594794511795044,0.036538898944854736,-1.860878825187683,0.9942538142204285,0.8785301446914673
162,5400,LEFT_EAR,0.4303067922592163,0.05589264631271362,-1.2314503192901611,0.9963579773902893,0.9628409147262573
162,5400,RIGHT_EAR,0.1487049013376236,0.05701935663819313,-1.3028688430786133,0.9947478175163269,0.8633540868759155
162,5400,MOUTH_LEFT,0.3389090299606323,0.1391279697418213,-1.716038465499878,0.9977694749832153,0.9366663694381714
162,5400,MOUTH_RIGHT,0.2510558068752289,0.13758856058120728,-1.7363877296447754,0.9979209303855896,0.9172440767288208
162,5400,LEFT_SHOULDER,0.5730613470077515,0.2827988862991333,-0.853908360004425,0.9961701035499573,0.9606790542602539
162,5400,RIGHT_SHOULDER,0.010647594928741455,0.29297250509262085,-0.9019878506660461,0.9778255820274353,0.6829695701599121
162,5400,LEFT_ELBOW,0.6170830726623535,0.5723688006401062,-0.6679702997207642,0.6681633591651917,0.8327802419662476
162,5400,RIGHT_ELBOW,-0.04699742794036865,0.6656738519668579,-0.8161408305168152,0.7615739107131958,0.3024062514305115
162,5400,LEFT_WRIST,0.6345001459121704,0.7450227737426758,-1.2225455045700073,0.24776291847229004,0.3136489689350128
162,5400,RIGHT_WRIST,0.1498798280954361,0.813646674156189,-1.215446949005127,0.24201366305351257,0.14856448769569397
162,5400,LEFT_PINKY,0.6465355157852173,0.8133657574653625,-1.3907266855239868,0.22356896102428436,0.21115833520889282
162,5400,RIGHT_PINKY,0.2089442014694214,0.8783425688743591,-1.3484498262405396,0.19483640789985657,0.12619654834270477
162,5400,LEFT_INDEX,0.6199510097503662,0.7774276733398438,-1.4818631410598755,0.244947612285614,0.25049352645874023
162,5400,RIGHT_INDEX,0.21937565505504608,0.8311610817909241,-1.4224374294281006,0.21419553458690643,0.16329599916934967
162,5400,LEFT_THUMB,0.5892765522003174,0.7534930109977722,-1.2719032764434814,0.2732948362827301,0.2817350924015045
162,5400,RIGHT_THUMB,0.21402516961097717,0.8056026101112366,-1.25162935256958,0.22231003642082214,0.16972918808460236
162,5400,LEFT_HIP,0.4392436444759369,0.7750880718231201,-0.007040997035801411,0.9565828442573547,0.8978598713874817
162,5400,RIGHT_HIP,0.13173063099384308,0.8003970384597778,0.008788147941231728,0.8830235600471497,0.674950897693634
162,5400,LEFT_KNEE,0.7384976744651794,0.8549399375915527,-0.7561678886413574,0.4632871150970459,0.17021162807941437
162,5400,RIGHT_KNEE,0.06345827877521515,0.9532613158226013,-0.3296891152858734,0.3614285886287689,0.058472584933042526
162,5400,LEFT_ANKLE,0.5373048782348633,1.115488886833191,0.7749553918838501,0.13957005739212036,0.13487474620342255
162,5400,RIGHT_ANKLE,0.26736608147621155,1.1637705564498901,0.8308197259902954,0.11959009617567062,0.06659907847642899
162,5400,LEFT_HEEL,0.4995979368686676,1.136005163192749,0.9183720946311951,0.22239479422569275,0.16427528858184814
162,5400,RIGHT_HEEL,0.2972126603126526,1.1771175861358643,0.9404995441436768,0.16324482858181,0.08760452270507812
162,5400,LEFT_FOOT_INDEX,0.5195849537849426,1.2696797847747803,0.5874897241592407,0.09216681122779846,0.08270484954118729
162,5400,RIGHT_FOOT_INDEX,0.3369220197200775,1.305151343345642,0.5401763916015625,0.07496996223926544,0.04435383901000023
163,5433,NOSE,0.30003902316093445,0.08615148067474365,-1.2950750589370728,0.9949143528938293,0.812494158744812
163,5433,LEFT_EYE_INNER,0.3360744118690491,0.041003428399562836,-1.202277660369873,0.9951565265655518,0.758898138999939
163,5433,LEFT_EYE,0.3637489974498749,0.0411360003054142,-1.2032124996185303,0.9950666427612305,0.7570464611053467
163,5433,LEFT_EYE_OUTER,0.39080101251602173,0.04035148769617081,-1.2040069103240967,0.9953409433364868,0.7597305774688721
163,5433,RIGHT_EYE_INNER,0.2560350298881531,0.03779353201389313,-1.229311466217041,0.993871808052063,0.7564640045166016
163,5433,RIGHT_EYE,0.22477605938911438,0.03696860000491142,-1.2296334505081177,0.9932523965835571,0.7388476729393005
163,5433,RIGHT_EYE_OUTER,0.1962399184703827,0.037154071033000946,-1.2305185794830322,0.9931942224502563,0.7251501083374023
163,5433,LEFT_EAR,0.4257014989852905,0.05608229711651802,-0.662132740020752,0.9952436089515686,0.8123831748962402
163,5433,RIGHT_EAR,0.14895085990428925,0.05701848119497299,-0.7703888416290283,0.9942814111709595,0.7511569857597351
163,5433,MOUTH_LEFT,0.33837321400642395,0.13893911242485046,-1.0850703716278076,0.9973323345184326,0.8199651837348938
163,5433,MOUTH_RIGHT,0.2502742409706116,0.13748431205749512,-1.1162701845169067,0.9977555274963379,0.8535147905349731
163,5433,LEFT_SHOULDER,0.5707124471664429,0.28110429644584656,-0.3460753262042999,0.9958904385566711,0.878399670124054
163,5433,RIGHT_SHOULDER,0.013598054647445679,0.29278963804244995,-0.44043347239494324,0.9790970683097839,0.8034486174583435
163,5433,LEFT_ELBOW,0.6049579977989197,0.5709170699119568,-0.20086131989955902,0.6584233045578003,0.6944704055786133
163,5433,RIGHT_ELBOW,-0.04760739952325821,0.6583883762359619,-0.3307551145553589,0.7579787969589233,0.5057216286659241
163,5433,LEFT_WRIST,0.5899794101715088,0.7200151681900024,-0.673646092414856,0.2379448115825653,0.2529038190841675
163,5433,RIGHT_WRIST,0.14533528685569763,0.807124674320221,-0.646125078201294,0.23881790041923523,0.1828620284795761
163,5433,LEFT_PINKY,0.5827367305755615,0.7825798988342285,-0.8242164254188538,0.21533000469207764,0.1595849245786667
163,5433,RIGHT_PINKY,0.20251569151878357,0.8741593360900879,-0.7555058002471924,0.1919802725315094,0.11962701380252838
163,5433,LEFT_INDEX,0.5627672076225281,0.744469165802002,-0.8940879106521606,0.23624715209007263,0.19252681732177734
163,5433,RIGHT_INDEX,0.2162487655878067,0.828491747379303,-0.8446402549743652,0.2116967886686325,0.15979577600955963
163,5433,LEFT_THUMB,0.5431007146835327,0.7239077687263489,-0.7153613567352295,0.2635461091995239,0.22279292345046997
163,5433,RIGHT_THUMB,0.2100505381822586,0.8024258017539978,-0.6860479712486267,0.22138790786266327,0.17223547399044037
163,5433,LEFT_HIP,0.44146794080734253,0.7803295254707336,0.0020482358522713184,0.9399986863136292,0.7303575277328491
163,5433,RIGHT_HIP,0.14652155339717865,0.8202466368675232,-7.525155524490401e-05,0.8736708164215088,0.6521056890487671
163,5433,LEFT_KNEE,0.7350766658782959,1.036606788635254,-0.383217990398407,0.45196470618247986,0.04405083879828453
163,5433,RIGHT_KNEE,0.16463755071163177,1.116613745689392,-0.305357962846756,0.3515136241912842,0.04737607017159462
163,5433,LEFT_ANKLE,0.5689781904220581,1.3760610818862915,0.7821506261825562,0.13256536424160004,0.02063717320561409
163,5433,RIGHT_ANKLE,0.3115115165710449,1.463516354560852,0.5767738223075867,0.1177709698677063,0.022582489997148514
163,5433,LEFT_HEEL,0.5332511067390442,1.4129846096038818,0.9055179953575134,0.21028238534927368,0.023825522512197495
163,5433,RIGHT_HEEL,0.3344006836414337,1.50771963596344,0.6444470882415771,0.1615024209022522,0.019948860630393028
163,5433,LEFT_FOOT_INDEX,0.5782434344291687,1.5398510694503784,0.5303188562393188,0.08656778931617737,0.01084051001816988
163,5433,RIGHT_FOOT_INDEX,0.3522615134716034,1.6128909587860107,0.18180018663406372,0.07305517792701721,0.007656485307961702
164,5467,NOSE,0.30282139778137207,0.08628688752651215,-1.3481999635696411,0.9951124787330627,0.9552517533302307
164,5467,LEFT_EYE_INNER,0.3376785218715668,0.04189720377326012,-1.2632396221160889,0.9952077269554138,0.9374942779541016
164,5467,LEFT_EYE,0.36466315388679504,0.042069729417562485,-1.2639710903167725,0.9950937628746033,0.9342702627182007
164,5467,LEFT_EYE_OUTER,0.390952467918396,0.041326288133859634,-1.264794945716858,0.9953466057777405,0.9298567771911621
164,5467,RIGHT_EYE_INNER,0.2604255676269531,0.03911354020237923,-1.2974767684936523,0.9941359758377075,0.9457607269287109
164,5467,RIGHT_EYE,0.22971200942993164,0.03844156488776207,-1.2976762056350708,0.9935639500617981,0.9438860416412354
164,5467,RIGHT_EYE_OUTER,0.19947318732738495,0.03846288472414017,-1.2982959747314453,0.9935314655303955,0.9419606328010559
164,5467,LEFT_EAR,0.4229814112186432,0.05618772283196449,-0.7206873893737793,0.9952211380004883,0.9400131702423096
164,5467,RIGHT_EAR,0.1488790512084961,0.05740952491760254,-0.870851993560791,0.994661271572113,0.9478458166122437
164,5467,MOUTH_LEFT,0.3392834961414337,0.13892197608947754,-1.1310003995895386,0.9974135756492615,0.9325005412101746
164,5467,MOUTH_RIGHT,0.25445756316185,0.1375139355659485,-1.175079107284546,0.9978868365287781,0.957390546798706
164,5467,LEFT_SHOULDER,0.5506356358528137,0.2737298309803009,-0.3157564699649811,0.9960325956344604,0.9488518834114075
164,5467,RIGHT_SHOULDER,0.013681361451745033,0.28753358125686646,-0.5157909393310547,0.980965793132782,0.9532671570777893
164,5467,LEFT_ELBOW,0.5949010848999023,0.5301934480667114,0.0894649401307106,0.6512904167175293,0.8366543650627136
164,5467,RIGHT_ELBOW,-0.03823072090744972,0.634506106376648,-0.20903022587299347,0.7590131759643555,0.7350285649299622
164,5467,LEFT_WRIST,0.5756181478500366,0.7085111141204834,-0.1733565777540207,0.23531918227672577,0.4365871250629425
164,5467,RIGHT_WRIST,0.14801451563835144,0.7809131145477295,-0.312961220741272,0.24843080341815948,0.5609943270683289
164,5467,LEFT_PINKY,0.5717398524284363,0.7769251465797424,-0.29340025782585144,0.2140965610742569,0.2904541492462158
164,5467,RIGHT_PINKY,0.20379148423671722,0.8430483341217041,-0.4091959595680237,0.2004784643650055,0.43356049060821533
164,5467,LEFT_INDEX,0.5511377453804016,0.7446097135543823,-0.3832933306694031,0.2349168211221695,0.3175608813762665
164,5467,RIGHT_INDEX,0.2195790410041809,0.8027287721633911,-0.5086435675621033,0.22048726677894592,0.5099310874938965
164,5467,LEFT_THUMB,0.531246542930603,0.722827136516571,-0.21981985867023468,0.2600204646587372,0.3697817921638489
164,5467,RIGHT_THUMB,0.21341535449028015,0.7782859206199646,-0.35173848271369934,0.23002830147743225,0.5525802969932556
164,5467,LEFT_HIP,0.44478127360343933,0.7726964354515076,0.0476461797952652,0.9401507377624512,0.7995274066925049
164,5467,RIGHT_HIP,0.1669178605079651,0.818966269493103,-0.045829322189092636,0.8803814053535461,0.7599717974662781
164,5467,LEFT_KNEE,0.6759639978408813,1.0281404256820679,0.30274277925491333,0.45459017157554626,0.1154167652130127
164,5467,RIGHT_KNEE,0.25390389561653137,1.113772988319397,0.19153277575969696,0.3594551384449005,0.17443887889385223
164,5467,LEFT_ANKLE,0.5833871960639954,1.3463579416275024,1.5385513305664062,0.131140798330307,0.041200414299964905
164,5467,RIGHT_ANKLE,0.35691970586776733,1.4380015134811401,1.176211953163147,0.12549008429050446,0.044096291065216064
164,5467,LEFT_HEEL,0.55377596616745,1.386368751525879,1.6446952819824219,0.20393867790699005,0.04410696402192116
164,5467,RIGHT_HEEL,0.36443275213241577,1.4839510917663574,1.2595690488815308,0.16903913021087646,0.03376025706529617
164,5467,LEFT_FOOT_INDEX,0.6278495192527771,1.4963723421096802,1.283525824546814,0.0847935602068901,0.019127825275063515
164,5467,RIGHT_FOOT_INDEX,0.4115726053714752,1.5725884437561035,0.7760359048843384,0.07785356044769287,0.013244029134511948
165,5500,NOSE,0.30210158228874207,0.08635649085044861,-1.5552891492843628,0.9949916005134583,0.9009028077125549
165,5500,LEFT_EYE_INNER,0.3368337154388428,0.04198233038187027,-1.4700661897659302,0.9949354529380798,0.877441942691803
165,5500,LEFT_EYE,0.36407598853111267,0.0420711487531662,-1.4708141088485718,0.9948142766952515,0.8778931498527527
165,5500,LEFT_EYE_OUTER,0.39009833335876465,0.04132349416613579,-1.471581220626831,0.9950862526893616,0.8733136057853699
165,5500,RIGHT_EYE_INNER,0.2601870894432068,0.04016636684536934,-1.4936782121658325,0.9940469861030579,0.875495195388794
165,5500,RIGHT_EYE,0.22967346012592316,0.039994675666093826,-1.4939600229263306,0.9934684634208679,0.8674305081367493
165,5500,RIGHT_EYE_OUTER,0.19963742792606354,0.040501851588487625,-1.4944833517074585,0.9934212565422058,0.855589747428894
165,5500,LEFT_EAR,0.42032283544540405,0.056176669895648956,-0.8655120134353638,0.9949545860290527,0.8884541392326355
165,5500,RIGHT_EAR,0.14887072145938873,0.058568354696035385,-0.9969848394393921,0.9946909546852112,0.8564435839653015
165,5500,MOUTH_LEFT,0.3387760519981384,0.13918358087539673,-1.3384368419647217,0.9972912073135376,0.857693612575531
165,5500,MOUTH_RIGHT,0.2544199824333191,0.1384369283914566,-1.3679132461547852,0.9978391528129578,0.8866515755653381
165,5500,LEFT_SHOULDER,0.5516208410263062,0.27010199427604675,-0.4898330271244049,0.9960471391677856,0.941824734210968
165,5500,RIGHT_SHOULDER,0.014136810787022114,0.28751590847969055,-0.6100366115570068,0.9824389219284058,0.9199756979942322
165,5500,LEFT_ELBOW,0.5983558297157288,0.5231366753578186,-0.14300237596035004,0.6430560946464539,0.807732343673706
165,5500,RIGHT_ELBOW,-0.021360548213124275,0.6284527778625488,-0.1387699693441391,0.7377873659133911,0.6788657307624817
165,5500,LEFT_WRIST,0.5822712182998657,0.6950019001960754,-0.296437531709671,0.22904075682163239,0.35451099276542664
165,5500,RIGHT_WRIST,0.14033940434455872,0.7827975749969482,-0.14801597595214844,0.23704178631305695,0.3074943721294403
165,5500,LEFT_PINKY,0.5818063616752625,0.7574447393417358,-0.39723989367485046,0.2084619104862213,0.23659765720367432
165,5500,RIGHT_PINKY,0.18387562036514282,0.8439474701881409,-0.22092022001743317,0.1921236366033554,0.2325364202260971
165,5500,LEFT_INDEX,0.5583792328834534,0.726807177066803,-0.4963362514972687,0.22879905998706818,0.24667517840862274
165,5500,RIGHT_INDEX,0.19239291548728943,0.8052997589111328,-0.33089926838874817,0.21134983003139496,0.26183390617370605
165,5500,LEFT_THUMB,0.5355148315429688,0.7068482041358948,-0.3408452272415161,0.2524261176586151,0.2887798249721527
165,5500,RIGHT_THUMB,0.19320055842399597,0.7806276082992554,-0.1927586942911148,0.221391960978508,0.28822460770606995
165,5500,LEFT_HIP,0.4522697627544403,0.7813611030578613,0.029614916071295738,0.940757691860199,0.7089414596557617
165,5500,RIGHT_HIP,0.1774754822254181,0.8198403120040894,-0.02787337638437748,0.8855525255203247,0.6343030333518982
165,5500,LEFT_KNEE,0.6078479290008545,1.0657668113708496,0.5852765440940857,0.448752760887146,0.10356655716896057
165,5500,RIGHT_KNEE,0.26383090019226074,1.1350157260894775,0.6397432684898376,0.35284191370010376,0.12133646011352539
165,5500,LEFT_ANKLE,0.5798327326774597,1.3680295944213867,1.9290392398834229,0.1247243583202362,0.024377385154366493
165,5500,RIGHT_ANKLE,0.3493799567222595,1.445512294769287,1.755259394645691,0.12408429384231567,0.026744192466139793
165,5500,LEFT_HEEL,0.5587455630302429,1.4081165790557861,2.0492215156555176,0.1933557242155075,0.025886788964271545
165,5500,RIGHT_HEEL,0.36065909266471863,1.4903606176376343,1.853173017501831,0.16673606634140015,0.022038403898477554
165,5500,LEFT_FOOT_INDEX,0.6101422309875488,1.5160183906555176,1.6678487062454224,0.08079440146684647,0.012473666109144688
165,5500,RIGHT_FOOT_INDEX,0.3997005224227905,1.5806012153625488,1.352496862411499,0.07777755707502365,0.009600729681551456
166,5533,NOSE,0.3032604455947876,0.08597960323095322,-1.4866846799850464,0.9951302409172058,0.9431779980659485
166,5533,LEFT_EYE_INNER,0.33697709441185,0.04161999374628067,-1.4155597686767578,0.9949702024459839,0.9240084290504456
166,5533,LEFT_EYE,0.36421912908554077,0.04145049303770065,-1.4161289930343628,0.994854211807251,0.9237937331199646
166,5533,LEFT_EYE_OUTER,0.3901001214981079,0.04043908789753914,-1.4170234203338623,0.9951221346855164,0.9206598401069641
166,5533,RIGHT_EYE_INNER,0.2603461742401123,0.0402071475982666,-1.4455486536026,0.9942222237586975,0.9254903793334961
166,5533,RIGHT_EYE,0.22976045310497284,0.040174439549446106,-1.4457677602767944,0.9936803579330444,0.9192429184913635
166,5533,RIGHT_EYE_OUTER,0.19963862001895905,0.040749385952949524,-1.4462924003601074,0.9936521649360657,0.9112976789474487
166,5533,LEFT_EAR,0.4198569059371948,0.05467058718204498,-0.8858007788658142,0.994941771030426,0.9291179180145264
166,5533,RIGHT_EAR,0.14836132526397705,0.05890090763568878,-1.0196205377578735,0.9949350953102112,0.9079107046127319
166,5533,MOUTH_LEFT,0.3399122357368469,0.13776962459087372,-1.274397611618042,0.997372567653656,0.9110766649246216
166,5533,MOUTH_RIGHT,0.2562548816204071,0.13829170167446136,-1.3133968114852905,0.9979415535926819,0.9317325353622437
166,5533,LEFT_SHOULDER,0.5496366620063782,0.26741597056388855,-0.4835025370121002,0.9961671829223633,0.963668942451477
166,5533,RIGHT_SHOULDER,0.013985413126647472,0.28726428747177124,-0.6193541884422302,0.9838151335716248,0.9357914924621582
166,5533,LEFT_ELBOW,0.5983940958976746,0.5276014804840088,-0.0389702282845974,0.6471374034881592,0.9103302955627441
166,5533,RIGHT_ELBOW,-0.022327084094285965,0.6236109137535095,-0.2476353794336319,0.7349242568016052,0.7498501539230347
166,5533,LEFT_WRIST,0.5840193629264832,0.69786536693573,-0.19890639185905457,0.23641152679920197,0.6063926219940186
166,5533,RIGHT_WRIST,0.1285993456840515,0.7822685837745667,-0.3263922929763794,0.23033764958381653,0.34540438652038574
166,5533,LEFT_PINKY,0.585649847984314,0.7624141573905945,-0.3054834306240082,0.2116972655057907,0.41468754410743713
166,5533,RIGHT_PINKY,0.1705588549375534,0.8447847366333008,-0.4181666374206543,0.18618376553058624,0.23584342002868652
166,5533,LEFT_INDEX,0.563666820526123,0.7315865159034729,-0.40666425228118896,0.2317080944776535,0.4392366409301758
166,5533,RIGHT_INDEX,0.1814175695180893,0.8067195415496826,-0.5268909931182861,0.20480278134346008,0.2781189978122711
166,5533,LEFT_THUMB,0.5402138829231262,0.7110488414764404,-0.24556943774223328,0.25528568029403687,0.4963521957397461
166,5533,RIGHT_THUMB,0.18068218231201172,0.7817968130111694,-0.3704659938812256,0.2159395068883896,0.2979429364204407
166,5533,LEFT_HIP,0.452077716588974,0.7780662178993225,0.031366895884275436,0.9415864944458008,0.7176490426063538
166,5533,RIGHT_HIP,0.18360252678394318,0.8206011056900024,-0.029615171253681183,0.8904569149017334,0.6115941405296326
166,5533,LEFT_KNEE,0.5781638026237488,1.1378296613693237,0.5849976539611816,0.44074714183807373,0.07391241192817688
166,5533,RIGHT_KNEE,0.26137831807136536,1.1936601400375366,0.5338461399078369,0.35045403242111206,0.057021740823984146
166,5533,LEFT_ANKLE,0.5824114680290222,1.4700913429260254,1.8825745582580566,0.11646930873394012,0.011358757503330708
166,5533,RIGHT_ANKLE,0.3397986888885498,1.5429521799087524,1.5871013402938843,0.12110339850187302,0.010285038501024246
166,5533,LEFT_HEEL,0.5736567378044128,1.515707015991211,1.9943917989730835,0.17936158180236816,0.011767158284783363
166,5533,RIGHT_HEEL,0.35733160376548767,1.5953446626663208,1.678282618522644,0.16108623147010803,0.00897944811731577
166,5533,LEFT_FOOT_INDEX,0.6014018058776855,1.61741042137146,1.5343152284622192,0.07629531621932983,0.005508330650627613
166,5533,RIGHT_FOOT_INDEX,0.3936525881290436,1.6753994226455688,1.1085882186889648,0.07544168084859848,0.0038638701662421227
167,5567,NOSE,0.3032359182834625,0.08638104051351547,-1.0784515142440796,0.9955084323883057,0.9509760141372681
167,5567,LEFT_EYE_INNER,0.3368226885795593,0.0416439063847065,-1.0305979251861572,0.995314359664917,0.9190549850463867
167,5567,LEFT_EYE,0.3641297519207001,0.041436661034822464,-1.0309991836547852,0.9951965808868408,0.9107156991958618
167,5567,LEFT_EYE_OUTER,0.39000585675239563,0.04038349539041519,-1.03193998336792,0.9954400062561035,0.8986703753471375
167,5567,RIGHT_EYE_INNER,0.2603815793991089,0.040534812957048416,-1.0640947818756104,0.9946991801261902,0.9441907405853271
167,5567,RIGHT_EYE,0.23034679889678955,0.04057401418685913,-1.0642609596252441,0.9942192435264587,0.9449817538261414
167,5567,RIGHT_EYE_OUTER,0.2007511854171753,0.04137091711163521,-1.0647529363632202,0.994205892086029,0.9452922940254211
167,5567,LEFT_EAR,0.4189918339252472,0.05447065830230713,-0.6458592414855957,0.9952548146247864,0.9115179181098938
167,5567,RIGHT_EAR,0.14835460484027863,0.0590982511639595,-0.7951140403747559,0.9953930377960205,0.958816647529602
167,5567,MOUTH_LEFT,0.33993056416511536,0.13823147118091583,-0.9151478409767151,0.9975596070289612,0.9284672737121582
167,5567,MOUTH_RIGHT,0.2566213309764862,0.13902859389781952,-0.9591488838195801,0.9981144666671753,0.9672641754150391
167,5567,LEFT_SHOULDER,0.5497868061065674,0.2677265703678131,-0.2677118480205536,0.9961671233177185,0.9533495903015137
167,5567,RIGHT_SHOULDER,0.010405697859823704,0.2894977927207947,-0.5250800251960754,0.9853416085243225,0.9810450077056885
167,5567,LEFT_ELBOW,0.5869386196136475,0.5125410556793213,0.4908224046230316,0.6196536421775818,0.8361755013465881
167,5567,RIGHT_ELBOW,-0.019256360828876495,0.6243640184402466,-0.15475840866565704,0.7359557747840881,0.8576058149337769
167,5567,LEFT_WRIST,0.5852832198143005,0.6633586287498474,0.8945367932319641,0.2242881953716278,0.46840882301330566
167,5567,RIGHT_WRIST,0.1348806470632553,0.7527583241462708,0.052355002611875534,0.224490225315094,0.5520351529121399
167,5567,LEFT_PINKY,0.5893645882606506,0.7159565091133118,0.9258456826210022,0.2017059028148651,0.32092130184173584
167,5567,RIGHT_PINKY,0.18001648783683777,0.8069246411323547,0.032249994575977325,0.18204469978809357,0.36974456906318665
167,5567,LEFT_INDEX,0.571281373500824,0.6906677484512329,0.8468274474143982,0.22024832665920258,0.3312106430530548
167,5567,RIGHT_INDEX,0.18710927665233612,0.7634786367416382,-0.03344688564538956,0.19982098042964935,0.4347148835659027
167,5567,LEFT_THUMB,0.5455803275108337,0.6747737526893616,0.8728466033935547,0.24260500073432922,0.38840171694755554
167,5567,RIGHT_THUMB,0.18369026482105255,0.74040687084198,0.03581570088863373,0.21114608645439148,0.4725356698036194
167,5567,LEFT_HIP,0.451906681060791,0.782416045665741,0.050036460161209106,0.9380416870117188,0.6764405369758606
167,5567,RIGHT_HIP,0.18810026347637177,0.8200658559799194,-0.049184054136276245,0.8910961151123047,0.6399661302566528
167,5567,LEFT_KNEE,0.5434255003929138,1.1507705450057983,0.5550330281257629,0.44485846161842346,0.09973256289958954
167,5567,RIGHT_KNEE,0.28535178303718567,1.2115838527679443,0.4381588101387024,0.3573206067085266,0.10946054756641388
167,5567,LEFT_ANKLE,0.5831384658813477,1.495291829109192,1.5207709074020386,0.11426026374101639,0.00971519947052002
167,5567,RIGHT_ANKLE,0.353223979473114,1.5700280666351318,1.338673710823059,0.12627528607845306,0.01156938262283802
167,5567,LEFT_HEEL,0.5791038274765015,1.545480728149414,1.6128085851669312,0.1683993935585022,0.008821575902402401
167,5567,RIGHT_HEEL,0.35833078622817993,1.6253538131713867,1.5622742176055908,0.16330645978450775,0.007995782420039177
167,5567,LEFT_FOOT_INDEX,0.6097832322120667,1.6217939853668213,1.2304424047470093,0.07733578234910965,0.0038735452108085155
167,5567,RIGHT_FOOT_INDEX,0.4238193929195404,1.6859865188598633,1.068385362625122,0.07898858189582825,0.0035536028444767
168,5600,NOSE,0.3030868470668793,0.08655641227960587,-1.3534220457077026,0.9957442879676819,0.9465788006782532
168,5600,LEFT_EYE_INNER,0.33668217062950134,0.04191724210977554,-1.2832210063934326,0.9954944252967834,0.9241527915000916
168,5600,LEFT_EYE,0.363900363445282,0.041586462408304214,-1.2838160991668701,0.9953908324241638,0.9217369556427002
168,5600,LEFT_EYE_OUTER,0.3894314169883728,0.040561843663454056,-1.284671664237976,0.9956029653549194,0.9168916940689087
168,5600,RIGHT_EYE_INNER,0.2604832351207733,0.04137520119547844,-1.3118351697921753,0.9949936270713806,0.9311641454696655
168,5600,RIGHT_EYE,0.23093929886817932,0.04165565222501755,-1.312066912651062,0.9945688843727112,0.9282060265541077
168,5600,RIGHT_EYE_OUTER,0.2017175406217575,0.04266171157360077,-1.312598466873169,0.9945534467697144,0.9238293766975403
168,5600,LEFT_EAR,0.41656985878944397,0.05472386255860329,-0.7956929802894592,0.9953819513320923,0.9232245087623596
168,5600,RIGHT_EAR,0.148379385471344,0.05978110060095787,-0.9215307235717773,0.9957271218299866,0.9264757633209229
168,5600,MOUTH_LEFT,0.3394090533256531,0.1387079507112503,-1.1533337831497192,0.9976639151573181,0.9188671112060547
168,5600,MOUTH_RIGHT,0.2566264271736145,0.13916726410388947,-1.1912422180175781,0.998225212097168,0.9448415040969849
168,5600,LEFT_SHOULDER,0.5442483425140381,0.26663491129875183,-0.3984801471233368,0.9962165355682373,0.9387544989585876
168,5600,RIGHT_SHOULDER,0.010730190202593803,0.28665634989738464,-0.5708597898483276,0.9865347743034363,0.9379050731658936
168,5600,LEFT_ELBOW,0.5856605768203735,0.5149181485176086,0.12114831060171127,0.6084323525428772,0.842686653137207
168,5600,RIGHT_ELBOW,-0.010566084645688534,0.6249968409538269,-0.1737104207277298,0.7287281155586243,0.7743094563484192
168,5600,LEFT_WRIST,0.5868624448776245,0.6692044734954834,0.030271144583821297,0.21624988317489624,0.37194380164146423
168,5600,RIGHT_WRIST,0.14791801571846008,0.756928026676178,-0.14137881994247437,0.21874898672103882,0.5035364031791687
168,5600,LEFT_PINKY,0.5913263559341431,0.7259193062782288,-0.048938728868961334,0.19570012390613556,0.25068747997283936
168,5600,RIGHT_PINKY,0.1950463503599167,0.8132619857788086,-0.2079552412033081,0.17813646793365479,0.3835259974002838
168,5600,LEFT_INDEX,0.5774602293968201,0.698050856590271,-0.1492791622877121,0.21434736251831055,0.2635654807090759
168,5600,RIGHT_INDEX,0.19991502165794373,0.7716665267944336,-0.3013005554676056,0.19564253091812134,0.441315233707428
168,5600,LEFT_THUMB,0.5526551604270935,0.6800149083137512,-0.01423570141196251,0.23511892557144165,0.30745625495910645
168,5600,RIGHT_THUMB,0.19569124281406403,0.7477040886878967,-0.17459523677825928,0.20686054229736328,0.4702945351600647
168,5600,LEFT_HIP,0.45182278752326965,0.784942626953125,0.046335965394973755,0.937106728553772,0.728239119052887
168,5600,RIGHT_HIP,0.18607215583324432,0.8194900155067444,-0.0453622080385685,0.893796980381012,0.6792243123054504
168,5600,LEFT_KNEE,0.5443387627601624,1.1165345907211304,0.39103633165359497,0.4467945992946625,0.1018466204404831
168,5600,RIGHT_KNEE,0.2542809844017029,1.1760437488555908,0.3853603005409241,0.35553163290023804,0.11186705529689789
168,5600,LEFT_ANKLE,0.5573045611381531,1.440671443939209,1.5625,0.11336928606033325,0.016363613307476044
168,5600,RIGHT_ANKLE,0.3249497711658478,1.507906198501587,1.3906867504119873,0.1276160180568695,0.02084396965801716
168,5600,LEFT_HEEL,0.559458315372467,1.4823588132858276,1.6641018390655518,0.16513799130916595,0.015859555453062057
168,5600,RIGHT_HEEL,0.3288067579269409,1.5527008771896362,1.4960757493972778,0.16635943949222565,0.016145940870046616
168,5600,LEFT_FOOT_INDEX,0.5675730109214783,1.5825164318084717,1.256949782371521,0.07526085525751114,0.007400407921522856
168,5600,RIGHT_FOOT_INDEX,0.3624933362007141,1.6403300762176514,0.9899789690971375,0.07914012670516968,0.0072271134704351425
169,5633,NOSE,0.3047062158584595,0.08764821290969849,-1.462258219718933,0.995552659034729,0.8894302248954773
169,5633,LEFT_EYE_INNER,0.3378370404243469,0.042861394584178925,-1.3989229202270508,0.9951133131980896,0.8469347357749939
169,5633,LEFT_EYE,0.3649490177631378,0.04210865870118141,-1.399674892425537,0.9950240254402161,0.8456642627716064
169,5633,LEFT_EYE_OUTER,0.3901767432689667,0.04091054946184158,-1.4007649421691895,0.9952450394630432,0.8427551984786987
169,5633,RIGHT_EYE_INNER,0.2617839574813843,0.04373712092638016,-1.4297679662704468,0.9946958422660828,0.839615523815155
169,5633,RIGHT_EYE,0.23223468661308289,0.04425777867436409,-1.4299424886703491,0.9943000078201294,0.8245230913162231
169,5633,RIGHT_EYE_OUTER,0.20263728499412537,0.04523006081581116,-1.430635690689087,0.9942435622215271,0.806980550289154
169,5633,LEFT_EAR,0.4166097044944763,0.054745785892009735,-0.8627213835716248,0.9949919581413269,0.8617945909500122
169,5633,RIGHT_EAR,0.14829117059707642,0.06107756122946739,-1.0009230375289917,0.9956015348434448,0.7954524159431458
169,5633,MOUTH_LEFT,0.34067824482917786,0.13918648660182953,-1.2318406105041504,0.9976507425308228,0.8843246102333069
169,5633,MOUTH_RIGHT,0.26050060987472534,0.14062345027923584,-1.2749139070510864,0.9982309341430664,0.9032938480377197
169,5633,LEFT_SHOULDER,0.5466421246528625,0.26676684617996216,-0.4242972135543823,0.9963188767433167,0.9495961666107178
169,5633,RIGHT_SHOULDER,0.01210787333548069,0.286136269569397,-0.6017119288444519,0.9874702095985413,0.8879427313804626
169,5633,LEFT_ELBOW,0.5842258334159851,0.5197200775146484,-0.07511628419160843,0.6164716482162476,0.8123476505279541
169,5633,RIGHT_ELBOW,-0.009258921258151531,0.6263516545295715,-0.22425441443920135,0.7238163948059082,0.6474164128303528
169,5633,LEFT_WRIST,0.563508927822113,0.6750025153160095,-0.40508797764778137,0.21870778501033783,0.4251585304737091
169,5633,RIGHT_WRIST,0.144838348031044,0.7655534148216248,-0.579367458820343,0.21389253437519073,0.208403542637825
169,5633,LEFT_PINKY,0.5519589781761169,0.7335151433944702,-0.5491946935653687,0.1959787756204605,0.28332528471946716
169,5633,RIGHT_PINKY,0.18704774975776672,0.8266286849975586,-0.7183403968811035,0.1739063411951065,0.13955317437648773
169,5633,LEFT_INDEX,0.5413469672203064,0.7052414417266846,-0.6328773498535156,0.21501222252845764,0.3036269247531891
169,5633,RIGHT_INDEX,0.1922147572040558,0.7920271754264832,-0.8409491181373596,0.19144780933856964,0.16728608310222626
169,5633,LEFT_THUMB,0.524319589138031,0.6861922144889832,-0.4482629597187042,0.2344743311405182,0.3554081618785858
169,5633,RIGHT_THUMB,0.18954497575759888,0.7647156119346619,-0.6396263241767883,0.20315209031105042,0.185625359416008
169,5633,LEFT_HIP,0.44912809133529663,0.7705145478248596,0.043826766312122345,0.9347986578941345,0.5780813097953796
169,5633,RIGHT_HIP,0.18378309905529022,0.8126832842826843,-0.04272443801164627,0.894309937953949,0.42696210741996765
169,5633,LEFT_KNEE,0.5438821911811829,1.1012223958969116,0.47262445092201233,0.43928688764572144,0.08397955447435379
169,5633,RIGHT_KNEE,0.25129345059394836,1.156905174255371,0.4223528504371643,0.3486591875553131,0.06480567902326584
169,5633,LEFT_ANKLE,0.5562929511070251,1.4201394319534302,1.6676994562149048,0.1100679561495781,0.016307013109326363
169,5633,RIGHT_ANKLE,0.3242861330509186,1.485316514968872,1.350502371788025,0.12847886979579926,0.017295345664024353
169,5633,LEFT_HEEL,0.5581133961677551,1.463164210319519,1.7699729204177856,0.15851105749607086,0.015569593757390976
169,5633,RIGHT_HEEL,0.3281422555446625,1.5331155061721802,1.4326999187469482,0.16873209178447723,0.013442532159388065
169,5633,LEFT_FOOT_INDEX,0.5688353180885315,1.5593619346618652,1.3552736043930054,0.07259758561849594,0.008457726798951626
169,5633,RIGHT_FOOT_INDEX,0.37126460671424866,1.6138124465942383,0.9168177843093872,0.08014083653688431,0.006123661063611507
170,5667,NOSE,0.3012905716896057,0.08765067905187607,-1.2158037424087524,0.9958307147026062,0.9462385177612305
170,5667,LEFT_EYE_INNER,0.33598917722702026,0.04289478808641434,-1.159377932548523,0.9953582286834717,0.9164389967918396
170,5667,LEFT_EYE,0.3631427586078644,0.04217289760708809,-1.1599735021591187,0.9952842593193054,0.911613404750824
170,5667,LEFT_EYE_OUTER,0.38895466923713684,0.04109681770205498,-1.1608314514160156,0.9954732060432434,0.9031776189804077
170,5667,RIGHT_EYE_INNER,0.2608858644962311,0.04377737268805504,-1.18845534324646,0.9950545430183411,0.9329332113265991
170,5667,RIGHT_EYE,0.23162178695201874,0.044329214841127396,-1.1886523962020874,0.994707465171814,0.9315195083618164
170,5667,RIGHT_EYE_OUTER,0.20245972275733948,0.04539861902594566,-1.189286470413208,0.994659423828125,0.9295879602432251
170,5667,LEFT_EAR,0.4155343472957611,0.05491894856095314,-0.7076470255851746,0.9952014088630676,0.9104928374290466
170,5667,RIGHT_EAR,0.1485925167798996,0.06110980734229088,-0.837257981300354,0.9959515333175659,0.9393650889396667
170,5667,MOUTH_LEFT,0.33825504779815674,0.1391877382993698,-1.02532958984375,0.9977665543556213,0.920811653137207
170,5667,MOUTH_RIGHT,0.2565055191516876,0.14057880640029907,-1.063481092453003,0.9983526468276978,0.9559944868087769
170,5667,LEFT_SHOULDER,0.5465936064720154,0.268492728471756,-0.3167997896671295,0.9963820576667786,0.9498860239982605
170,5667,RIGHT_SHOULDER,0.012432713061571121,0.28627321124076843,-0.5075534582138062,0.988577663898468,0.9700990915298462
170,5667,LEFT_ELBOW,0.5805209875106812,0.5215718746185303,0.18557941913604736,0.6062016487121582,0.875744104385376
170,5667,RIGHT_ELBOW,-0.010519905015826225,0.6267443299293518,-0.13613492250442505,0.7218413352966309,0.8406445384025574
170,5667,LEFT_WRIST,0.568014919757843,0.6763769388198853,0.17280781269073486,0.21676351130008698,0.5186354517936707
170,5667,RIGHT_WRIST,0.14658114314079285,0.7675192356109619,-0.09822504967451096,0.20992395281791687,0.5207279920578003
170,5667,LEFT_PINKY,0.5573123097419739,0.7335410714149475,0.10928168892860413,0.1954273134469986,0.3673413395881653
170,5667,RIGHT_PINKY,0.19109095633029938,0.8286094069480896,-0.1579284369945526,0.17131297290325165,0.3578394651412964
170,5667,LEFT_INDEX,0.5493903160095215,0.7043557167053223,0.009673300199210644,0.21408791840076447,0.39298170804977417
170,5667,RIGHT_INDEX,0.19673296809196472,0.7931535840034485,-0.25445374846458435,0.18848907947540283,0.4316396713256836
170,5667,LEFT_THUMB,0.5307601094245911,0.6861239671707153,0.13071425259113312,0.23256079852581024,0.4480958580970764
170,5667,RIGHT_THUMB,0.19271434843540192,0.7661059498786926,-0.13187581300735474,0.20071062445640564,0.4645426571369171
170,5667,LEFT_HIP,0.4496442675590515,0.806323766708374,0.04597461596131325,0.9318652749061584,0.6266959309577942
170,5667,RIGHT_HIP,0.18568585813045502,0.8311786651611328,-0.044775959104299545,0.8955933451652527,0.6167063117027283
170,5667,LEFT_KNEE,0.5217587351799011,1.179244041442871,0.5447049140930176,0.440593421459198,0.08093351870775223
170,5667,RIGHT_KNEE,0.26482561230659485,1.2235376834869385,0.4451048672199249,0.3510524332523346,0.09086479991674423
170,5667,LEFT_ANKLE,0.5545762777328491,1.519217610359192,1.5499999523162842,0.10866820812225342,0.009004548192024231
170,5667,RIGHT_ANKLE,0.3237324655056,1.5839850902557373,1.2836748361587524,0.13131923973560333,0.010888775810599327
170,5667,LEFT_HEEL,0.556719958782196,1.5688633918762207,1.6405996084213257,0.1520811766386032,0.007697689812630415
170,5667,RIGHT_HEEL,0.3268928527832031,1.6404237747192383,1.3732722997665405,0.17215295135974884,0.007657558191567659
170,5667,LEFT_FOOT_INDEX,0.5666180849075317,1.6450750827789307,1.2352240085601807,0.07253655046224594,0.0038256882689893246
170,5667,RIGHT_FOOT_INDEX,0.371257483959198,1.700250506401062,0.912263035774231,0.08137598633766174,0.003768370021134615
171,5700,NOSE,0.3012676239013672,0.08770614862442017,-1.2405623197555542,0.9961152076721191,0.954177975654602
171,5700,LEFT_EYE_INNER,0.3357672393321991,0.04270409792661667,-1.2595058679580688,0.9956384897232056,0.9331095218658447
171,5700,LEFT_EYE,0.36294975876808167,0.04175857454538345,-1.259808897972107,0.9955760836601257,0.9309207797050476
171,5700,LEFT_EYE_OUTER,0.3887549042701721,0.040517356246709824,-1.2612714767456055,0.9957401156425476,0.9266244769096375
171,5700,RIGHT_EYE_INNER,0.2607138454914093,0.04378599673509598,-1.2863638401031494,0.9953908920288086,0.9369907975196838
171,5700,RIGHT_EYE,0.23125948011875153,0.04436622932553291,-1.2862008810043335,0.9950867295265198,0.9310646057128906
171,5700,RIGHT_EYE_OUTER,0.20182350277900696,0.04542260617017746,-1.2863709926605225,0.9950329661369324,0.9243502616882324
171,5700,LEFT_EAR,0.4154500663280487,0.05395935848355293,-0.8479892611503601,0.9954952597618103,0.9369120001792908
171,5700,RIGHT_EAR,0.1468835026025772,0.061101995408535004,-0.9693636298179626,0.9962641000747681,0.9265264272689819
171,5700,MOUTH_LEFT,0.33810994029045105,0.1390753984451294,-1.0699522495269775,0.997922420501709,0.9432371854782104
171,5700,MOUTH_RIGHT,0.2566215693950653,0.14075055718421936,-1.108790397644043,0.9984742999076843,0.9596392512321472
171,5700,LEFT_SHOULDER,0.5450842976570129,0.26438000798225403,-0.37730643153190613,0.9965540170669556,0.9725664258003235
171,5700,RIGHT_SHOULDER,0.012066725641489029,0.2861239016056061,-0.530523419380188,0.9895136952400208,0.9465926885604858
171,5700,LEFT_ELBOW,0.5730945467948914,0.5139239430427551,0.08879205584526062,0.6077383160591125,0.8983202576637268
171,5700,RIGHT_ELBOW,-0.01147761382162571,0.62678462266922,-0.21952493488788605,0.7188209295272827,0.7672258615493774
171,5700,LEFT_WRIST,0.5700438022613525,0.6735181212425232,0.12274836748838425,0.21745042502880096,0.5148534178733826
171,5700,RIGHT_WRIST,0.13298973441123962,0.7684962749481201,-0.2555502653121948,0.2036973088979721,0.31224679946899414
171,5700,LEFT_PINKY,0.5577769875526428,0.7358037233352661,0.06444957852363586,0.19492073357105255,0.3311525881290436
171,5700,RIGHT_PINKY,0.17304784059524536,0.8295996189117432,-0.33020633459091187,0.16647399961948395,0.19947069883346558
171,5700,LEFT_INDEX,0.5589409470558167,0.7071911692619324,-0.04717106744647026,0.2134481817483902,0.34201475977897644
171,5700,RIGHT_INDEX,0.17768962681293488,0.793392539024353,-0.43440377712249756,0.1833191066980362,0.23449115455150604
171,5700,LEFT_THUMB,0.5377252697944641,0.688420295715332,0.07869084924459457,0.2311200648546219,0.40944620966911316
171,5700,RIGHT_THUMB,0.1753205806016922,0.7665942907333374,-0.2961614727973938,0.19572113454341888,0.25588545203208923
171,5700,LEFT_HIP,0.44652438163757324,0.7627076506614685,0.040411196649074554,0.9306212663650513,0.6505813002586365
171,5700,RIGHT_HIP,0.18452924489974976,0.8168484568595886,-0.03961364924907684,0.8957821726799011,0.5266624689102173
171,5700,LEFT_KNEE,0.5066554546356201,1.1544698476791382,0.5249312520027161,0.43785372376441956,0.08461804687976837
171,5700,RIGHT_KNEE,0.26015204191207886,1.1985660791397095,0.4614386260509491,0.34947410225868225,0.06654747575521469
171,5700,LEFT_ANKLE,0.5508543848991394,1.4941188097000122,1.6665531396865845,0.10591132193803787,0.009027482010424137
171,5700,RIGHT_ANKLE,0.32320135831832886,1.556082010269165,1.3214523792266846,0.1328262984752655,0.010761436074972153
171,5700,LEFT_HEEL,0.5561689138412476,1.5426251888275146,1.762861728668213,0.14429183304309845,0.00808896217495203
171,5700,RIGHT_HEEL,0.3267136514186859,1.6106672286987305,1.398565411567688,0.17276206612586975,0.00779193127527833
171,5700,LEFT_FOOT_INDEX,0.5625328421592712,1.6249265670776367,1.3347333669662476,0.07075239717960358,0.004066208377480507
171,5700,RIGHT_FOOT_INDEX,0.3711402714252472,1.6792901754379272,0.8800430297851562,0.08225996792316437,0.0036397234071046114
172,5733,NOSE,0.3030826449394226,0.08839109539985657,-1.2128257751464844,0.996164083480835,0.9004438519477844
172,5733,LEFT_EYE_INNER,0.33626309037208557,0.044498201459646225,-1.158207654953003,0.9956670999526978,0.8620599508285522
172,5733,LEFT_EYE,0.3634399473667145,0.043280232697725296,-1.1588902473449707,0.9956052303314209,0.8614065647125244
172,5733,LEFT_EYE_OUTER,0.38921505212783813,0.04166329279541969,-1.1600295305252075,0.9957587718963623,0.8581083416938782
172,5733,RIGHT_EYE_INNER,0.26153796911239624,0.045128822326660156,-1.1903491020202637,0.9955148696899414,0.8668088912963867
172,5733,RIGHT_EYE,0.23233260214328766,0.04535720497369766,-1.1903072595596313,0.9952172636985779,0.8586941361427307
172,5733,RIGHT_EYE_OUTER,0.20272663235664368,0.04595780745148659,-1.190909504890442,0.9951923489570618,0.852153480052948
172,5733,LEFT_EAR,0.4151938259601593,0.053991496562957764,-0.6686297655105591,0.9955276250839233,0.8809981346130371
172,5733,RIGHT_EAR,0.14686211943626404,0.06106472760438919,-0.8111712336540222,0.9964513182640076,0.8702002167701721
172,5733,MOUTH_LEFT,0.34142664074897766,0.13909198343753815,-1.0088385343551636,0.9979844093322754,0.8924342393875122
172,5733,MOUTH_RIGHT,0.2589704394340515,0.14101757109165192,-1.0501232147216797,0.9985550045967102,0.9238392114639282
172,5733,LEFT_SHOULDER,0.5453456044197083,0.2659650444984436,-0.28381475806236267,0.996524453163147,0.9253634810447693
172,5733,RIGHT_SHOULDER,0.011887192726135254,0.28713560104370117,-0.42505255341529846,0.9902588725090027,0.916022777557373
172,5733,LEFT_ELBOW,0.5917691588401794,0.523193359375,0.030074959620833397,0.6043555736541748,0.7400844097137451
172,5733,RIGHT_ELBOW,-0.030519412830471992,0.6267947554588318,-0.2091578245162964,0.7208486199378967,0.6634005308151245
172,5733,LEFT_WRIST,0.577296793460846,0.6695087552070618,-0.2438686639070511,0.2089385837316513,0.2905956506729126
172,5733,RIGHT_WRIST,0.13298086822032928,0.7564760446548462,-0.33241626620292664,0.20043863356113434,0.2745809853076935
172,5733,LEFT_PINKY,0.5596392750740051,0.7246106863021851,-0.36955881118774414,0.1876867115497589,0.18867625296115875
172,5733,RIGHT_PINKY,0.17436666786670685,0.8146159052848816,-0.41393423080444336,0.16325129568576813,0.17573152482509613
172,5733,LEFT_INDEX,0.5640111565589905,0.6921705007553101,-0.4495674669742584,0.20588187873363495,0.21383772790431976
172,5733,RIGHT_INDEX,0.18007051944732666,0.7715306282043457,-0.5128586292266846,0.17999370396137238,0.2295045703649521
172,5733,LEFT_THUMB,0.5447683334350586,0.6760497093200684,-0.2890443801879883,0.22259044647216797,0.24925804138183594
172,5733,RIGHT_THUMB,0.1762668937444687,0.747863233089447,-0.3709591329097748,0.19225114583969116,0.24622872471809387
172,5733,LEFT_HIP,0.4465656578540802,0.7699481248855591,0.04012744501233101,0.9224923849105835,0.6604526042938232
172,5733,RIGHT_HIP,0.18078888952732086,0.8262271881103516,-0.03929455578327179,0.8888698816299438,0.5576901435852051
172,5733,LEFT_KNEE,0.5089951157569885,1.172436237335205,0.32060128450393677,0.4522029161453247,0.0690402090549469
172,5733,RIGHT_KNEE,0.2581062316894531,1.238545536994934,0.37395787239074707,0.34955108165740967,0.06065485253930092
172,5733,LEFT_ANKLE,0.5517984628677368,1.530614972114563,1.2288384437561035,0.10871229320764542,0.011010740883648396
172,5733,RIGHT_ANKLE,0.3095526099205017,1.6088374853134155,1.0995064973831177,0.13633933663368225,0.01015906035900116
172,5733,LEFT_HEEL,0.5554671287536621,1.5770063400268555,1.3069206476211548,0.14496499300003052,0.00946782249957323
172,5733,RIGHT_HEEL,0.31813013553619385,1.661683201789856,1.1629759073257446,0.17442241311073303,0.007241064682602882
172,5733,LEFT_FOOT_INDEX,0.562546968460083,1.685395359992981,0.8416849970817566,0.06991409510374069,0.003976463805884123
172,5733,RIGHT_FOOT_INDEX,0.3390239477157593,1.7461826801300049,0.5894821286201477,0.08209121227264404,0.0031452421098947525
173,5767,NOSE,0.3030315041542053,0.08660223335027695,-1.415020227432251,0.9960265159606934,0.9276537895202637
173,5767,LEFT_EYE_INNER,0.3361665904521942,0.04326418787240982,-1.328596591949463,0.99542635679245,0.9045661091804504
173,5767,LEFT_EYE,0.3631812036037445,0.04233614355325699,-1.3294838666915894,0.9953721761703491,0.9031282067298889
173,5767,LEFT_EYE_OUTER,0.388921320438385,0.04103100672364235,-1.3305199146270752,0.9955272078514099,0.9009102582931519
173,5767,RIGHT_EYE_INNER,0.26152920722961426,0.043914828449487686,-1.3563227653503418,0.99533611536026,0.901441216468811
173,5767,RIGHT_EYE,0.23224179446697235,0.044263917952775955,-1.356371521949768,0.9950476884841919,0.891707181930542
173,5767,RIGHT_EYE_OUTER,0.20247118175029755,0.044941361993551254,-1.356990933418274,0.994990885257721,0.8808870315551758
173,5767,LEFT_EAR,0.41519254446029663,0.053725823760032654,-0.7537034153938293,0.9952734708786011,0.9143441915512085
173,5767,RIGHT_EAR,0.14688044786453247,0.06055476516485214,-0.8783358931541443,0.9963712692260742,0.8758533596992493
173,5767,MOUTH_LEFT,0.3412591516971588,0.1363999843597412,-1.1929134130477905,0.9979512095451355,0.9099851250648499
173,5767,MOUTH_RIGHT,0.2588110566139221,0.1392354518175125,-1.2282809019088745,0.9985491037368774,0.9272428154945374
173,5767,LEFT_SHOULDER,0.5447666645050049,0.26605671644210815,-0.3707592785358429,0.996531069278717,0.9478585720062256
173,5767,RIGHT_SHOULDER,0.011855426244437695,0.284957617521286,-0.4680633544921875,0.9907385110855103,0.8856099247932434
173,5767,LEFT_ELBOW,0.5901986956596375,0.5234951376914978,-0.08491580933332443,0.6058745980262756,0.7933158874511719
173,5767,RIGHT_ELBOW,-0.03419509902596474,0.626879870891571,-0.22069306671619415,0.7192350029945374,0.5612832307815552
173,5767,LEFT_WRIST,0.5783227682113647,0.6702648997306824,-0.39514920115470886,0.20740529894828796,0.31699857115745544
173,5767,RIGHT_WRIST,0.1106572225689888,0.7746650576591492,-0.5292449593544006,0.19849461317062378,0.19872994720935822
173,5767,LEFT_PINKY,0.5660852789878845,0.7274259924888611,-0.5296804308891296,0.18602705001831055,0.20413851737976074
173,5767,RIGHT_PINKY,0.14944201707839966,0.8372087478637695,-0.647641658782959,0.1612744778394699,0.14013995230197906
173,5767,LEFT_INDEX,0.5668231844902039,0.6970493197441101,-0.6257981657981873,0.2045145034790039,0.21914853155612946
173,5767,RIGHT_INDEX,0.1577579826116562,0.8010931611061096,-0.7677689790725708,0.17815342545509338,0.17161133885383606
173,5767,LEFT_THUMB,0.5465685129165649,0.6793352961540222,-0.445370078086853,0.22090132534503937,0.26199090480804443
173,5767,RIGHT_THUMB,0.1564955860376358,0.7751152515411377,-0.5845782160758972,0.19107955694198608,0.19006827473640442
173,5767,LEFT_HIP,0.4392867088317871,0.763249397277832,0.038897670805454254,0.9193064570426941,0.576653778553009
173,5767,RIGHT_HIP,0.1763162612915039,0.8164716362953186,-0.03794069588184357,0.8866207599639893,0.4289667308330536
173,5767,LEFT_KNEE,0.5287690162658691,1.141779899597168,0.3383347690105438,0.4407505989074707,0.06561344116926193
173,5767,RIGHT_KNEE,0.2528560161590576,1.2074371576309204,0.34770113229751587,0.34303218126296997,0.059142064303159714
173,5767,LEFT_ANKLE,0.5419454574584961,1.4874049425125122,1.5348607301712036,0.10405892133712769,0.014479098841547966
173,5767,RIGHT_ANKLE,0.30560725927352905,1.572011947631836,1.2000622749328613,0.13441023230552673,0.013818193227052689
173,5767,LEFT_HEEL,0.5376542210578918,1.5324727296829224,1.6366546154022217,0.13866841793060303,0.013985933735966682
173,5767,RIGHT_HEEL,0.3103787899017334,1.631505012512207,1.2698603868484497,0.17400971055030823,0.010600103065371513
173,5767,LEFT_FOOT_INDEX,0.559518039226532,1.6426984071731567,1.2106505632400513,0.06634815782308578,0.007174452766776085
173,5767,RIGHT_FOOT_INDEX,0.3413504958152771,1.7054674625396729,0.6807353496551514,0.08103064447641373,0.004908497910946608
174,5800,NOSE,0.3034180998802185,0.08999940007925034,-1.3659002780914307,0.9959226250648499,0.9113532900810242
174,5800,LEFT_EYE_INNER,0.33674514293670654,0.045330360531806946,-1.277878999710083,0.9952192902565002,0.8684113621711731
174,5800,LEFT_EYE,0.36406660079956055,0.044359996914863586,-1.2786686420440674,0.995094895362854,0.8606361150741577
174,5800,LEFT_EYE_OUTER,0.38979572057724,0.04286744073033333,-1.2794839143753052,0.9952658414840698,0.855425238609314
174,5800,RIGHT_EYE_INNER,0.26200202107429504,0.04498199373483658,-1.3003039360046387,0.9952592253684998,0.8800926208496094
174,5800,RIGHT_EYE,0.23348866403102875,0.044820431619882584,-1.300567626953125,0.9949277639389038,0.8741009831428528
174,5800,RIGHT_EYE_OUTER,0.2044256627559662,0.04517946392297745,-1.301133632659912,0.994924783706665,0.8696507215499878
174,5800,LEFT_EAR,0.416707843542099,0.054219719022512436,-0.7467825412750244,0.9949802160263062,0.8727059960365295
174,5800,RIGHT_EAR,0.14763177931308746,0.060191426426172256,-0.8452837467193604,0.9963434338569641,0.8826596140861511
174,5800,MOUTH_LEFT,0.3415859341621399,0.13875091075897217,-1.1586251258850098,0.9978024959564209,0.859521210193634
174,5800,MOUTH_RIGHT,0.2594248652458191,0.1414407342672348,-1.1864075660705566,0.9985150098800659,0.9055311679840088
174,5800,LEFT_SHOULDER,0.5490339994430542,0.26624488830566406,-0.38335612416267395,0.9962383508682251,0.8488556742668152
174,5800,RIGHT_SHOULDER,0.012025359086692333,0.28468993306159973,-0.46291089057922363,0.9910185933113098,0.8652437329292297
174,5800,LEFT_ELBOW,0.6239302158355713,0.5241854190826416,-0.2792209982872009,0.6101884245872498,0.6131448745727539
174,5800,RIGHT_ELBOW,-0.03528348729014397,0.6291061043739319,-0.26399409770965576,0.7229484915733337,0.5382971167564392
174,5800,LEFT_WRIST,0.5792960524559021,0.6722944974899292,-0.6893378496170044,0.2074085921049118,0.22655075788497925
174,5800,RIGHT_WRIST,0.11731477826833725,0.7943570017814636,-0.6471088528633118,0.21060515940189362,0.26890742778778076
174,5800,LEFT_PINKY,0.5700992941856384,0.7312971353530884,-0.8248611092567444,0.18676985800266266,0.13629542291164398
174,5800,RIGHT_PINKY,0.1569806933403015,0.8641257286071777,-0.7605893611907959,0.17138157784938812,0.1787824183702469
174,5800,LEFT_INDEX,0.5623348951339722,0.6977773904800415,-0.8943458795547485,0.20492352545261383,0.16813777387142181
174,5800,RIGHT_INDEX,0.18303844332695007,0.8259495496749878,-0.8369724154472351,0.18892580270767212,0.23348639905452728
174,5800,LEFT_THUMB,0.5431115031242371,0.6800442934036255,-0.7269943952560425,0.22163450717926025,0.20055755972862244
174,5800,RIGHT_THUMB,0.1831328123807907,0.7982091307640076,-0.683276355266571,0.2029416263103485,0.2617398798465729
174,5800,LEFT_HIP,0.45807233452796936,0.7679508924484253,-0.000790003570728004,0.9079123139381409,0.7843278646469116
174,5800,RIGHT_HIP,0.1834203600883484,0.8163626790046692,0.0023798912297934294,0.880780041217804,0.801739513874054
174,5800,LEFT_KNEE,0.7333056926727295,0.978020191192627,-0.42060285806655884,0.44648560881614685,0.08074294030666351
174,5800,RIGHT_KNEE,0.2112441211938858,1.063109278678894,-0.33651280403137207,0.3565848171710968,0.146040141582489
174,5800,LEFT_ANKLE,0.5715373158454895,1.286393165588379,0.6805275678634644,0.10756604373455048,0.05590691417455673
174,5800,RIGHT_ANKLE,0.3512386083602905,1.3805131912231445,0.5051316618919373,0.1435069441795349,0.08667702972888947
174,5800,LEFT_HEEL,0.5432819724082947,1.319632887840271,0.7741666436195374,0.14236904680728912,0.06848537921905518
174,5800,RIGHT_HEEL,0.3914669454097748,1.4187161922454834,0.574429988861084,0.1839449405670166,0.07344968616962433
174,5800,LEFT_FOOT_INDEX,0.5829660296440125,1.4462120532989502,0.48287737369537354,0.06744840741157532,0.02731476165354252
174,5800,RIGHT_FOOT_INDEX,0.3528296649456024,1.5367634296417236,0.20090308785438538,0.08522075414657593,0.021916218101978302
175,5833,NOSE,0.3037564754486084,0.0899769738316536,-1.6137919425964355,0.9961990714073181,0.9818729758262634
175,5833,LEFT_EYE_INNER,0.33709701895713806,0.04531132057309151,-1.5292903184890747,0.9954776763916016,0.9689813256263733
175,5833,LEFT_EYE,0.3643014430999756,0.04433887451887131,-1.5297579765319824,0.9953460693359375,0.9667238593101501
175,5833,LEFT_EYE_OUTER,0.3898150324821472,0.042855605483055115,-1.5302436351776123,0.995482861995697,0.9625803828239441
175,5833,RIGHT_EYE_INNER,0.2620692551136017,0.044992368668317795,-1.5707969665527344,0.9955553412437439,0.9718464016914368
175,5833,RIGHT_EYE,0.23342826962471008,0.04485093429684639,-1.5710444450378418,0.9952595233917236,0.9693525433540344
175,5833,RIGHT_EYE_OUTER,0.20399777591228485,0.04518694803118706,-1.5715426206588745,0.9952496886253357,0.9650939106941223
175,5833,LEFT_EAR,0.4167129397392273,0.054284680634737015,-0.9631529450416565,0.9951812624931335,0.963888943195343
175,5833,RIGHT_EAR,0.1475752741098404,0.06019221618771553,-1.1548751592636108,0.9965901970863342,0.9593908190727234
175,5833,MOUTH_LEFT,0.34158509969711304,0.13862742483615875,-1.3868316411972046,0.9979047775268555,0.9551399350166321
175,5833,MOUTH_RIGHT,0.25951263308525085,0.1414317637681961,-1.4419183731079102,0.9986029267311096,0.9724248051643372
175,5833,LEFT_SHOULDER,0.5470119714736938,0.26632171869277954,-0.47188013792037964,0.99638432264328,0.9793246388435364
175,5833,RIGHT_SHOULDER,0.008376192301511765,0.28586679697036743,-0.7646421790122986,0.9917104840278625,0.9680419564247131
175,5833,LEFT_ELBOW,0.6229145526885986,0.5192397832870483,-0.04397547245025635,0.619644284248352,0.9142575263977051
175,5833,RIGHT_ELBOW,-0.054961543530225754,0.6295970678329468,-0.47832685708999634,0.7397680878639221,0.7476096153259277
175,5833,LEFT_WRIST,0.595683753490448,0.6737939119338989,-0.207007497549057,0.2310989797115326,0.6309993863105774
175,5833,RIGHT_WRIST,0.08494247496128082,0.8104353547096252,-0.6962248086929321,0.22711393237113953,0.2932896912097931
175,5833,LEFT_PINKY,0.603106677532196,0.7334853410720825,-0.30908703804016113,0.2039652317762375,0.45267894864082336
175,5833,RIGHT_PINKY,0.12150122225284576,0.8797459602355957,-0.8185281157493591,0.18143880367279053,0.19426733255386353
175,5833,LEFT_INDEX,0.5980365872383118,0.6996657252311707,-0.4110397696495056,0.22157058119773865,0.4741061329841614
175,5833,RIGHT_INDEX,0.1460360288619995,0.8479912281036377,-0.9330499172210693,0.19869625568389893,0.23089465498924255
175,5833,LEFT_THUMB,0.571137011051178,0.6844119429588318,-0.25696152448654175,0.23983228206634521,0.5270310044288635
175,5833,RIGHT_THUMB,0.14771194756031036,0.8214669823646545,-0.7466145157814026,0.214448019862175,0.25887855887413025
175,5833,LEFT_HIP,0.46019798517227173,0.778919517993927,0.03574952483177185,0.9113232493400574,0.6666508913040161
175,5833,RIGHT_HIP,0.18466928601264954,0.8186270594596863,-0.0337611623108387,0.8857800364494324,0.5748991966247559
175,5833,LEFT_KNEE,0.6725872159004211,1.0519894361495972,0.6747491359710693,0.4516581892967224,0.07581784576177597
175,5833,RIGHT_KNEE,0.2530519366264343,1.1226222515106201,0.5438539385795593,0.3678164780139923,0.058531008660793304
175,5833,LEFT_ANKLE,0.5752938985824585,1.357147216796875,2.072106122970581,0.10550708323717117,0.015919579192996025
175,5833,RIGHT_ANKLE,0.34729576110839844,1.45639967918396,1.689951777458191,0.1474129855632782,0.013688679784536362
175,5833,LEFT_HEEL,0.5558334589004517,1.4010593891143799,2.191721200942993,0.13891558349132538,0.016910789534449577
175,5833,RIGHT_HEEL,0.37847191095352173,1.5076147317886353,1.7857329845428467,0.18803375959396362,0.01212057564407587
175,5833,LEFT_FOOT_INDEX,0.598600447177887,1.5055584907531738,1.774202585220337,0.06905446201562881,0.008068476803600788
175,5833,RIGHT_FOOT_INDEX,0.3917236924171448,1.5937461853027344,1.225691556930542,0.08955655992031097,0.00514918752014637
176,5867,NOSE,0.30400678515434265,0.09071443974971771,-1.5687347650527954,0.9962834119796753,0.926586925983429
176,5867,LEFT_EYE_INNER,0.3374161720275879,0.04562242701649666,-1.4972738027572632,0.9955701231956482,0.9008389711380005
176,5867,LEFT_EYE,0.36492860317230225,0.04448452964425087,-1.497614860534668,0.995459258556366,0.8974794745445251
176,5867,LEFT_EYE_OUTER,0.3904615342617035,0.042993683367967606,-1.4984692335128784,0.9955688714981079,0.891124427318573
176,5867,RIGHT_EYE_INNER,0.2621607482433319,0.04589633643627167,-1.5464756488800049,0.9957035183906555,0.9111222624778748
176,5867,RIGHT_EYE,0.23377685248851776,0.046060942113399506,-1.5471360683441162,0.9954552054405212,0.9086796641349792
176,5867,RIGHT_EYE_OUTER,0.2046235352754593,0.04688031226396561,-1.5475815534591675,0.9954407811164856,0.9039297103881836
176,5867,LEFT_EAR,0.4169066250324249,0.054602209478616714,-0.9498875141143799,0.9952594637870789,0.902971088886261
176,5867,RIGHT_EAR,0.1477183997631073,0.06199626997113228,-1.114310622215271,0.9967889785766602,0.91291344165802
176,5867,MOUTH_LEFT,0.34225401282310486,0.14106978476047516,-1.3424460887908936,0.997948408126831,0.8941622972488403
176,5867,MOUTH_RIGHT,0.2603902518749237,0.14383243024349213,-1.4078677892684937,0.9986588358879089,0.9323683977127075
176,5867,LEFT_SHOULDER,0.54900723695755,0.2683090567588806,-0.4632749557495117,0.9964190125465393,0.9352527260780334
176,5867,RIGHT_SHOULDER,0.008673354052007198,0.2877795696258545,-0.7273319959640503,0.9922846555709839,0.9437929391860962
176,5867,LEFT_ELBOW,0.6217960119247437,0.5201930403709412,0.010406690649688244,0.6146548390388489,0.8105813264846802
176,5867,RIGHT_ELBOW,-0.03948327898979187,0.6298612952232361,-0.18575866520404816,0.7327232360839844,0.6996298432350159
176,5867,LEFT_WRIST,0.5991623401641846,0.6747361421585083,-0.119643434882164,0.22375164926052094,0.3006851375102997
176,5867,RIGHT_WRIST,0.11133448034524918,0.7971619367599487,-0.12288028001785278,0.2185312658548355,0.2975591719150543
176,5867,LEFT_PINKY,0.6048020124435425,0.7347325086593628,-0.2103811353445053,0.19779472053050995,0.17556187510490417
176,5867,RIGHT_PINKY,0.1554420292377472,0.8595691919326782,-0.18980397284030914,0.1747526079416275,0.19673317670822144
176,5867,LEFT_INDEX,0.5977760553359985,0.7016101479530334,-0.31132277846336365,0.2152290791273117,0.19144855439662933
176,5867,RIGHT_INDEX,0.17081238329410553,0.8268994688987732,-0.2899992763996124,0.19159145653247833,0.24290163815021515
176,5867,LEFT_THUMB,0.5722216367721558,0.6851440668106079,-0.16599082946777344,0.23251456022262573,0.22845591604709625
176,5867,RIGHT_THUMB,0.16844870150089264,0.8022828102111816,-0.15851560235023499,0.20711147785186768,0.2653198540210724
176,5867,LEFT_HIP,0.472749799489975,0.7932856678962708,0.0359986387193203,0.9118707776069641,0.610504150390625
176,5867,RIGHT_HIP,0.19714272022247314,0.8255190849304199,-0.03403636813163757,0.8866692185401917,0.5242496728897095
176,5867,LEFT_KNEE,0.6652268767356873,1.102191686630249,0.5289487242698669,0.45012903213500977,0.05435584485530853
176,5867,RIGHT_KNEE,0.27067437767982483,1.1657562255859375,0.48121610283851624,0.360207200050354,0.04714280739426613
176,5867,LEFT_ANKLE,0.5956642031669617,1.418846845626831,1.766769528388977,0.1020127534866333,0.009014833718538284
176,5867,RIGHT_ANKLE,0.36162933707237244,1.4940255880355835,1.510257363319397,0.14275971055030823,0.009258993901312351
176,5867,LEFT_HEEL,0.5870834589004517,1.4674214124679565,1.8745187520980835,0.13478171825408936,0.009003390558063984
176,5867,RIGHT_HEEL,0.3783433735370636,1.544571042060852,1.5982160568237305,0.1832101047039032,0.007735999766737223
176,5867,LEFT_FOOT_INDEX,0.6192836165428162,1.5566134452819824,1.4590160846710205,0.06680616736412048,0.004512876272201538
176,5867,RIGHT_FOOT_INDEX,0.4233100116252899,1.6234912872314453,1.065855860710144,0.08682607859373093,0.00369486422277987
177,5900,NOSE,0.30490806698799133,0.09057030826807022,-1.5477817058563232,0.9963356852531433,0.926677405834198
177,5900,LEFT_EYE_INNER,0.3375021815299988,0.045477788895368576,-1.4784326553344727,0.9956332445144653,0.9100989699363708
177,5900,LEFT_EYE,0.3650074899196625,0.044360145926475525,-1.4789522886276245,0.9955454468727112,0.9105521440505981
177,5900,LEFT_EYE_OUTER,0.3905163109302521,0.04292948171496391,-1.4798390865325928,0.9956499934196472,0.9071735143661499
177,5900,RIGHT_EYE_INNER,0.26222822070121765,0.04588751122355461,-1.5140130519866943,0.9957822561264038,0.9085522294044495
177,5900,RIGHT_EYE,0.23376889526844025,0.046071432530879974,-1.5143601894378662,0.995552659034729,0.901104211807251
177,5900,RIGHT_EYE_OUTER,0.2045496702194214,0.04691131412982941,-1.5147922039031982,0.9955172538757324,0.8905056118965149
177,5900,LEFT_EAR,0.4169441759586334,0.054595623165369034,-0.9596704244613647,0.9953799843788147,0.9214692115783691
177,5900,RIGHT_EAR,0.14754727482795715,0.06219378113746643,-1.1006826162338257,0.9968910217285156,0.8910011053085327
177,5900,MOUTH_LEFT,0.34334853291511536,0.14029061794281006,-1.3322771787643433,0.9979692101478577,0.8927302956581116
177,5900,MOUTH_RIGHT,0.2619667947292328,0.14369384944438934,-1.3806895017623901,0.9986719489097595,0.9177192449569702
177,5900,LEFT_SHOULDER,0.5478562712669373,0.2652524411678314,-0.5319644212722778,0.9964911341667175,0.9547622799873352
177,5900,RIGHT_SHOULDER,0.0070616817101836205,0.28713104128837585,-0.6891618967056274,0.9927586317062378,0.92183518409729
177,5900,LEFT_ELBOW,0.5930005311965942,0.512708306312561,-0.00806922186166048,0.6045756340026855,0.8106333017349243
177,5900,RIGHT_ELBOW,-0.025154126808047295,0.6104896068572998,-0.20282839238643646,0.715600848197937,0.5988295674324036
177,5900,LEFT_WRIST,0.5722130537033081,0.6738466024398804,-0.06632458418607712,0.21916571259498596,0.43068626523017883
177,5900,RIGHT_WRIST,0.12012619525194168,0.7601020336151123,-0.1549900770187378,0.20785671472549438,0.25511932373046875
177,5900,LEFT_PINKY,0.57259601354599,0.7343543171882629,-0.14616195857524872,0.19454655051231384,0.3013243079185486
177,5900,RIGHT_PINKY,0.16431328654289246,0.8149905204772949,-0.22550685703754425,0.16746506094932556,0.193745419383049
177,5900,LEFT_INDEX,0.5648458003997803,0.7017602920532227,-0.24174518883228302,0.21167249977588654,0.3120117783546448
177,5900,RIGHT_INDEX,0.1735750287771225,0.7820747494697571,-0.32186251878738403,0.1835792511701584,0.22606001794338226
177,5900,LEFT_THUMB,0.5420709252357483,0.6840435862541199,-0.1075933426618576,0.22750619053840637,0.3584357798099518
177,5900,RIGHT_THUMB,0.1711568385362625,0.7590909600257874,-0.1929115355014801,0.19856300950050354,0.2445099949836731
177,5900,LEFT_HIP,0.4668382406234741,0.7456120252609253,0.03569469600915909,0.9143655300140381,0.6162629127502441
177,5900,RIGHT_HIP,0.19597959518432617,0.8001119494438171,-0.03374972194433212,0.88969886302948,0.46588054299354553
177,5900,LEFT_KNEE,0.5981811881065369,1.0513088703155518,0.7233463525772095,0.43669846653938293,0.11163373291492462
177,5900,RIGHT_KNEE,0.26962611079216003,1.120747447013855,0.6551746129989624,0.3554346561431885,0.08816631138324738
177,5900,LEFT_ANKLE,0.5903493762016296,1.3573660850524902,1.9676872491836548,0.09945929050445557,0.026926230639219284
177,5900,RIGHT_ANKLE,0.3676508963108063,1.4314048290252686,1.6905593872070312,0.14133232831954956,0.02480800449848175
177,5900,LEFT_HEEL,0.5859898924827576,1.4009250402450562,2.0791335105895996,0.13102173805236816,0.026674967259168625
177,5900,RIGHT_HEEL,0.3774055540561676,1.474264144897461,1.7828071117401123,0.1824091672897339,0.01978769712150097
177,5900,LEFT_FOOT_INDEX,0.6136354804039001,1.4887813329696655,1.7049885988235474,0.06627505272626877,0.012363825924694538
177,5900,RIGHT_FOOT_INDEX,0.43898531794548035,1.5587204694747925,1.289178490638733,0.08662456274032593,0.008659695275127888
178,5933,NOSE,0.3060886859893799,0.09149477630853653,-1.265401840209961,0.9961325526237488,0.9278315901756287
178,5933,LEFT_EYE_INNER,0.3379203975200653,0.04747401550412178,-1.1866469383239746,0.9953669905662537,0.8999582529067993
178,5933,LEFT_EYE,0.36527666449546814,0.045919764786958694,-1.1873887777328491,0.9952037930488586,0.894573986530304
178,5933,LEFT_EYE_OUTER,0.39061596989631653,0.04405688866972923,-1.1882020235061646,0.9953379034996033,0.8869987726211548
178,5933,RIGHT_EYE_INNER,0.2631140351295471,0.048638828098773956,-1.217933177947998,0.9956778883934021,0.911212146282196
178,5933,RIGHT_EYE,0.23485463857650757,0.04892687126994133,-1.2181464433670044,0.9953991174697876,0.90696781873703
178,5933,RIGHT_EYE_OUTER,0.20575717091560364,0.049565475434064865,-1.218766689300537,0.995414137840271,0.9027098417282104
178,5933,LEFT_EAR,0.4163671135902405,0.055024653673172,-0.6893341541290283,0.9948671460151672,0.9054497480392456
178,5933,RIGHT_EAR,0.14796879887580872,0.06332726776599884,-0.8238500952720642,0.9968826770782471,0.9161021113395691
178,5933,MOUTH_LEFT,0.3464507758617401,0.1402835100889206,-1.0658042430877686,0.9977408647537231,0.8896662592887878
178,5933,MOUTH_RIGHT,0.26393574476242065,0.14405804872512817,-1.1058751344680786,0.9986132979393005,0.9324201345443726
178,5933,LEFT_SHOULDER,0.5483278036117554,0.2670179307460785,-0.3573944568634033,0.9963266849517822,0.9131020307540894
178,5933,RIGHT_SHOULDER,0.007917266339063644,0.28801578283309937,-0.5017483234405518,0.9931781888008118,0.9440085291862488
178,5933,LEFT_ELBOW,0.587444543838501,0.5317763090133667,0.004479489754885435,0.5963211059570312,0.7570555210113525
178,5933,RIGHT_ELBOW,-0.025430956855416298,0.6109635829925537,-0.2080647200345993,0.7197204828262329,0.6836311221122742
178,5933,LEFT_WRIST,0.5703362226486206,0.6863626837730408,-0.08269933611154556,0.2146546095609665,0.3427737057209015
178,5933,RIGHT_WRIST,0.13299551606178284,0.7867586612701416,-0.2676185965538025,0.2119026929140091,0.3187137246131897
178,5933,LEFT_PINKY,0.5691034197807312,0.7497056126594543,-0.17509578168392181,0.19172275066375732,0.21717093884944916
178,5933,RIGHT_PINKY,0.17856284976005554,0.8531413078308105,-0.3510596752166748,0.16973046958446503,0.2015521228313446
178,5933,LEFT_INDEX,0.5538028478622437,0.7156099677085876,-0.2727202773094177,0.208893820643425,0.2461002916097641
178,5933,RIGHT_INDEX,0.2042427361011505,0.821415901184082,-0.4493827819824219,0.18617376685142517,0.2528122663497925
178,5933,LEFT_THUMB,0.5331414937973022,0.6969545483589172,-0.13319970667362213,0.22462457418441772,0.28691837191581726
178,5933,RIGHT_THUMB,0.20192572474479675,0.7953959107398987,-0.30783089995384216,0.20211684703826904,0.2865525186061859
178,5933,LEFT_HIP,0.4676609933376312,0.7512896060943604,0.035598162561655045,0.9141064882278442,0.7814748883247375
178,5933,RIGHT_HIP,0.19637058675289154,0.8137214183807373,-0.03367188945412636,0.8924548029899597,0.7778506278991699
178,5933,LEFT_KNEE,0.6549803614616394,1.041597604751587,0.31633275747299194,0.43823862075805664,0.057614054530858994
178,5933,RIGHT_KNEE,0.28426089882850647,1.124582052230835,0.44696125388145447,0.3428162932395935,0.10384088009595871
178,5933,LEFT_ANKLE,0.6085766553878784,1.3542660474777222,1.3540401458740234,0.09735722839832306,0.019105369225144386
178,5933,RIGHT_ANKLE,0.3892707824707031,1.43550705909729,1.330324411392212,0.13673655688762665,0.023917322978377342
178,5933,LEFT_HEEL,0.5923421382904053,1.3956562280654907,1.4448357820510864,0.12929408252239227,0.0214565247297287
178,5933,RIGHT_HEEL,0.4077949523925781,1.4790997505187988,1.4076241254806519,0.1771460622549057,0.018740879371762276
178,5933,LEFT_FOOT_INDEX,0.6383511424064636,1.4965007305145264,1.1369438171386719,0.06399301439523697,0.01033984124660492
178,5933,RIGHT_FOOT_INDEX,0.4324871301651001,1.5649110078811646,1.0530285835266113,0.08390539884567261,0.009404439479112625
179,5967,NOSE,0.30600857734680176,0.09148166328668594,-1.2851109504699707,0.9964174032211304,0.97206711769104
179,5967,LEFT_EYE_INNER,0.3378155827522278,0.04746299982070923,-1.214799404144287,0.9956867098808289,0.9557365775108337
179,5967,LEFT_EYE,0.36505216360092163,0.04591623693704605,-1.2154614925384521,0.9955397844314575,0.9539556503295898
179,5967,LEFT_EYE_OUTER,0.39038342237472534,0.044061329215765,-1.2163395881652832,0.9956528544425964,0.9503498673439026
179,5967,RIGHT_EYE_INNER,0.2627696692943573,0.048631537705659866,-1.248645305633545,0.9959945678710938,0.9600613713264465
179,5967,RIGHT_EYE,0.23378951847553253,0.0489099845290184,-1.248825192451477,0.9957504272460938,0.9574460387229919
179,5967,RIGHT_EYE_OUTER,0.20429261028766632,0.04951414465904236,-1.2493524551391602,0.995761513710022,0.9537313580513
179,5967,LEFT_EAR,0.41571179032325745,0.05500519648194313,-0.7150948643684387,0.9952191710472107,0.955884575843811
179,5967,RIGHT_EAR,0.1474294364452362,0.06325032562017441,-0.8654857873916626,0.9971370697021484,0.9559950232505798
179,5967,MOUTH_LEFT,0.34586507081985474,0.14027133584022522,-1.0792582035064697,0.9979069232940674,0.9557952880859375
179,5967,MOUTH_RIGHT,0.26374751329421997,0.14406488835811615,-1.1243213415145874,0.9987194538116455,0.9717740416526794
179,5967,LEFT_SHOULDER,0.5469369888305664,0.26466089487075806,-0.33451807498931885,0.9965285062789917,0.9671507477760315
179,5967,RIGHT_SHOULDER,0.00794711522758007,0.28802022337913513,-0.49865487217903137,0.9936954975128174,0.9586474299430847
179,5967,LEFT_ELBOW,0.582405149936676,0.5155425071716309,0.13161414861679077,0.5994142889976501,0.8962888717651367
179,5967,RIGHT_ELBOW,-0.020087268203496933,0.6123816967010498,-0.15077053010463715,0.7217045426368713,0.7949035167694092
179,5967,LEFT_WRIST,0.5716171860694885,0.6868149638175964,0.04727836325764656,0.21542596817016602,0.5021972060203552
179,5967,RIGHT_WRIST,0.14591476321220398,0.7762981057167053,-0.16291701793670654,0.20983265340328217,0.46915191411972046
179,5967,LEFT_PINKY,0.5694767236709595,0.7496919631958008,-0.03721003606915474,0.1926453560590744,0.32535186409950256
179,5967,RIGHT_PINKY,0.1960071623325348,0.8413980007171631,-0.23748581111431122,0.16887107491493225,0.3238377273082733
179,5967,LEFT_INDEX,0.5555680990219116,0.7161099314689636,-0.13813528418540955,0.2102615088224411,0.3500494658946991
179,5967,RIGHT_INDEX,0.2140391618013382,0.8061554431915283,-0.33728715777397156,0.1854100525379181,0.3941863179206848
179,5967,LEFT_THUMB,0.5342386364936829,0.6971346735954285,0.0019187810830771923,0.22525343298912048,0.4085899293422699
179,5967,RIGHT_THUMB,0.2097933143377304,0.7797223925590515,-0.19951368868350983,0.20105694234371185,0.4230550527572632
179,5967,LEFT_HIP,0.4652644395828247,0.7540526390075684,0.028909098356962204,0.9152499437332153,0.647052526473999
179,5967,RIGHT_HIP,0.19550786912441254,0.8137176632881165,-0.02709367126226425,0.894070029258728,0.5650330185890198
179,5967,LEFT_KNEE,0.5883023142814636,1.0994549989700317,0.3826616704463959,0.4451984465122223,0.08091234415769577
179,5967,RIGHT_KNEE,0.27997758984565735,1.158407211303711,0.4230424165725708,0.3466060757637024,0.07195732742547989
179,5967,LEFT_ANKLE,0.6078553199768066,1.4262789487838745,1.4894084930419922,0.09832166135311127,0.010026038624346256
179,5967,RIGHT_ANKLE,0.3856183588504791,1.494310975074768,1.3171254396438599,0.14070291817188263,0.012145373970270157
179,5967,LEFT_HEEL,0.5890536904335022,1.4688808917999268,1.580642819404602,0.12846888601779938,0.00908026471734047
179,5967,RIGHT_HEEL,0.4047103226184845,1.5406996011734009,1.3913124799728394,0.18236112594604492,0.008967790752649307
179,5967,LEFT_FOOT_INDEX,0.6189568638801575,1.5684067010879517,1.1864575147628784,0.06375496834516525,0.004216969478875399
179,5967,RIGHT_FOOT_INDEX,0.4210508465766907,1.6277716159820557,0.9301766753196716,0.0854688286781311,0.0037274647038429976
180,6000,NOSE,0.30630651116371155,0.09131691604852676,-1.3548874855041504,0.9965224862098694,0.9383425712585449
180,6000,LEFT_EYE_INNER,0.33937543630599976,0.04676111415028572,-1.2933493852615356,0.9957748055458069,0.901715874671936
180,6000,LEFT_EYE,0.3672885596752167,0.04535119608044624,-1.2937449216842651,0.9956194162368774,0.8924579620361328
180,6000,LEFT_EYE_OUTER,0.3926678001880646,0.04373748600482941,-1.2945046424865723,0.995703935623169,0.8774293661117554
180,6000,RIGHT_EYE_INNER,0.2631959915161133,0.04744051396846771,-1.3196208477020264,0.9961562752723694,0.9232038855552673
180,6000,RIGHT_EYE,0.2346223145723343,0.04762598127126694,-1.319987177848816,0.9959520101547241,0.922893762588501
180,6000,RIGHT_EYE_OUTER,0.20560231804847717,0.04833395034074783,-1.320264458656311,0.9959673881530762,0.9190787076950073
180,6000,LEFT_EAR,0.41967347264289856,0.05491900071501732,-0.8332017660140991,0.995229184627533,0.8820857405662537
180,6000,RIGHT_EAR,0.148373082280159,0.062309589236974716,-0.9609096050262451,0.9972921013832092,0.9290721416473389
180,6000,MOUTH_LEFT,0.3461640775203705,0.1404636800289154,-1.166719675064087,0.9979041814804077,0.8812639713287354
180,6000,MOUTH_RIGHT,0.2639222741127014,0.14414305984973907,-1.2044488191604614,0.9987503290176392,0.9407676458358765
180,6000,LEFT_SHOULDER,0.5524994730949402,0.2675180733203888,-0.4544658064842224,0.9963969588279724,0.9278444051742554
180,6000,RIGHT_SHOULDER,0.007482524495571852,0.2880880534648895,-0.5623495578765869,0.9941467642784119,0.9645529389381409
180,6000,LEFT_ELBOW,0.5955763459205627,0.5226399898529053,0.08988127112388611,0.5936944484710693,0.764263927936554
180,6000,RIGHT_ELBOW,-0.019590327516198158,0.6157586574554443,-0.18103845417499542,0.7227019667625427,0.7398881316184998
180,6000,LEFT_WRIST,0.5726785063743591,0.6808452010154724,0.1107659786939621,0.2161734700202942,0.45860880613327026
180,6000,RIGHT_WRIST,0.14633718132972717,0.7775346636772156,-0.18805250525474548,0.20633527636528015,0.36289089918136597
180,6000,LEFT_PINKY,0.5714542865753174,0.7364004254341125,0.044663917273283005,0.19234883785247803,0.317115843296051
180,6000,RIGHT_PINKY,0.19578363001346588,0.8420138955116272,-0.26572543382644653,0.16665668785572052,0.2274267077445984
180,6000,LEFT_INDEX,0.5579556226730347,0.6989501714706421,-0.043926067650318146,0.2091505080461502,0.3413100242614746
180,6000,RIGHT_INDEX,0.21317118406295776,0.8061681389808655,-0.35526561737060547,0.18253999948501587,0.2749482989311218
180,6000,LEFT_THUMB,0.5363247990608215,0.6830843091011047,0.07475385814905167,0.22415626049041748,0.39043983817100525
180,6000,RIGHT_THUMB,0.20910602807998657,0.7797404527664185,-0.22234666347503662,0.19837282598018646,0.30599942803382874
180,6000,LEFT_HIP,0.47197264432907104,0.773895263671875,0.015253190882503986,0.9149037003517151,0.49176084995269775
180,6000,RIGHT_HIP,0.20054708421230316,0.8141570091247559,-0.013564590364694595,0.8951033353805542,0.5075228214263916
180,6000,LEFT_KNEE,0.560075581073761,1.1237571239471436,0.6593393087387085,0.43091925978660583,0.04547553509473801
180,6000,RIGHT_KNEE,0.2836817800998688,1.1612650156021118,0.703512966632843,0.3357192277908325,0.053683992475271225
180,6000,LEFT_ANKLE,0.6038911938667297,1.4415403604507446,1.822068691253662,0.09212122112512589,0.00585291488096118
180,6000,RIGHT_ANKLE,0.38064903020858765,1.4969712495803833,1.7155152559280396,0.13480205833911896,0.008602341637015343
180,6000,LEFT_HEEL,0.5865952968597412,1.4858224391937256,1.9256529808044434,0.11993314325809479,0.005734556820243597
180,6000,RIGHT_HEEL,0.4040972888469696,1.5455379486083984,1.8051064014434814,0.1746235489845276,0.00699829263612628
180,6000,LEFT_FOOT_INDEX,0.6106581091880798,1.5776777267456055,1.542839765548706,0.061263829469680786,0.0030890898779034615
180,6000,RIGHT_FOOT_INDEX,0.4177578389644623,1.6265193223953247,1.3157817125320435,0.082517609000206,0.003222827333956957
181,6033,NOSE,0.3060912489891052,0.09089445322751999,-1.2095861434936523,0.9967573881149292,0.9634768962860107
181,6033,LEFT_EYE_INNER,0.33929428458213806,0.04660765826702118,-1.14954674243927,0.9960346221923828,0.9406836032867432
181,6033,LEFT_EYE,0.3672569692134857,0.04524649679660797,-1.1500738859176636,0.9958823919296265,0.9379804730415344
181,6033,LEFT_EYE_OUTER,0.39265528321266174,0.04366390034556389,-1.1508220434188843,0.9959617257118225,0.930441677570343
181,6033,RIGHT_EYE_INNER,0.2624962031841278,0.047279372811317444,-1.176239013671875,0.9964275360107422,0.9522218704223633
181,6033,RIGHT_EYE,0.23327594995498657,0.047451019287109375,-1.1763813495635986,0.9962448477745056,0.9512861967086792
181,6033,RIGHT_EYE_OUTER,0.20363454520702362,0.04813079908490181,-1.1768873929977417,0.996270477771759,0.9479670524597168
181,6033,LEFT_EAR,0.4201054871082306,0.05484195053577423,-0.7110142707824707,0.9955325126647949,0.9398982524871826
181,6033,RIGHT_EAR,0.147794708609581,0.06210551783442497,-0.8314504027366638,0.9975032806396484,0.9556284546852112
181,6033,MOUTH_LEFT,0.3457072973251343,0.1399775892496109,-1.0262579917907715,0.9980225563049316,0.9328022003173828
181,6033,MOUTH_RIGHT,0.2629498243331909,0.1435258537530899,-1.0629934072494507,0.9988331198692322,0.9667173027992249
181,6033,LEFT_SHOULDER,0.5545841455459595,0.267489492893219,-0.3953816592693329,0.9964441061019897,0.9613351821899414
181,6033,RIGHT_SHOULDER,0.0070837875828146935,0.2880299687385559,-0.4732528328895569,0.9945518374443054,0.9746039509773254
181,6033,LEFT_ELBOW,0.6177364587783813,0.5104423761367798,0.11306115984916687,0.5978206396102905,0.8195040225982666
181,6033,RIGHT_ELBOW,-0.05179635435342789,0.6144062876701355,-0.1483621746301651,0.7333741784095764,0.7285984754562378
181,6033,LEFT_WRIST,0.5971850156784058,0.680138111114502,0.18833540380001068,0.21837946772575378,0.43704187870025635
181,6033,RIGHT_WRIST,0.0746484026312828,0.7746804356575012,-0.1631459891796112,0.20673516392707825,0.24182209372520447
181,6033,LEFT_PINKY,0.6038708686828613,0.7365553975105286,0.13878270983695984,0.1934242695569992,0.2957547605037689
181,6033,RIGHT_PINKY,0.11634223163127899,0.8364912867546082,-0.22434858977794647,0.16612429916858673,0.14817959070205688
181,6033,LEFT_INDEX,0.5861222147941589,0.6996805667877197,0.05976858735084534,0.20908568799495697,0.33701321482658386
181,6033,RIGHT_INDEX,0.1268118917942047,0.8021159768104553,-0.3140055537223816,0.18164590001106262,0.1937934011220932
181,6033,LEFT_THUMB,0.5622453689575195,0.6838275194168091,0.15745912492275238,0.2252742499113083,0.37332838773727417
181,6033,RIGHT_THUMB,0.1272609978914261,0.7778498530387878,-0.19774025678634644,0.19799913465976715,0.20718558132648468
181,6033,LEFT_HIP,0.48175567388534546,0.7733169794082642,-0.010065816342830658,0.9120585918426514,0.48410364985466003
181,6033,RIGHT_HIP,0.20990455150604248,0.8184216022491455,0.011889437213540077,0.891871988773346,0.4500497579574585
181,6033,LEFT_KNEE,0.5382710099220276,1.1719635725021362,0.6146140694618225,0.45163124799728394,0.056855667382478714
181,6033,RIGHT_KNEE,0.3011084198951721,1.1882957220077515,0.6196982860565186,0.3579951524734497,0.0514371320605278
181,6033,LEFT_ANKLE,0.6003937721252441,1.4999032020568848,1.7149595022201538,0.09517557173967361,0.004680229350924492
181,6033,RIGHT_ANKLE,0.38381850719451904,1.5353485345840454,1.545114278793335,0.1446559876203537,0.007970915175974369
181,6033,LEFT_HEEL,0.5941634178161621,1.5485888719558716,1.8272838592529297,0.11905137449502945,0.004392726346850395
181,6033,RIGHT_HEEL,0.40198156237602234,1.5870403051376343,1.6445157527923584,0.18291868269443512,0.006261277943849564
181,6033,LEFT_FOOT_INDEX,0.6024270057678223,1.6187586784362793,1.466841459274292,0.06610321998596191,0.0020840454380959272
181,6033,RIGHT_FOOT_INDEX,0.41992178559303284,1.653429627418518,1.1296340227127075,0.08803436160087585,0.0025607978459447622
182,6067,NOSE,0.43365541100502014,0.7282540798187256,-0.3259980380535126,0.992958664894104,0.9500324726104736
182,6067,LEFT_EYE_INNER,0.4084834158420563,0.7183046340942383,-0.37619417905807495,0.9923661947250366,0.9162532091140747
182,6067,LEFT_EYE,0.407935231924057,0.7143250107765198,-0.3757326304912567,0.9928025603294373,0.9158920049667358
182,6067,LEFT_EYE_OUTER,0.40961939096450806,0.71065354347229,-0.375032901763916,0.9916039705276489,0.9129814505577087
182,6067,RIGHT_EYE_INNER,0.409751832485199,0.7314223051071167,-0.40783917903900146,0.9936103820800781,0.9178204536437988
182,6067,RIGHT_EYE,0.4068562090396881,0.7364602088928223,-0.40742841362953186,0.9934093952178955,0.9117287993431091
182,6067,RIGHT_EYE_OUTER,0.4041236639022827,0.7414278388023376,-0.4078572690486908,0.991813600063324,0.9085950255393982
182,6067,LEFT_EAR,0.4134058356285095,0.7136991024017334,-0.4405097961425781,0.9924973845481873,0.9224121570587158
182,6067,RIGHT_EAR,0.3797367513179779,0.7573390007019043,-0.5893992185592651,0.9937892556190491,0.9227468967437744
182,6067,MOUTH_LEFT,0.4343869090080261,0.7268442511558533,-0.3290325403213501,0.9959447979927063,0.9650797247886658
182,6067,MOUTH_RIGHT,0.4401889145374298,0.7390190362930298,-0.3710964620113373,0.9959546327590942,0.9621416330337524
182,6067,LEFT_SHOULDER,0.49071648716926575,0.6783776879310608,-0.38996610045433044,0.9949411153793335,0.9852398633956909
182,6067,RIGHT_SHOULDER,0.334195077419281,0.7754541635513306,-0.47692760825157166,0.9937037825584412,0.9802559614181519
182,6067,LEFT_ELBOW,0.5555969476699829,0.5958425998687744,-0.20145924389362335,0.5643942952156067,0.9441775679588318
182,6067,RIGHT_ELBOW,0.2657889425754547,0.7988197207450867,-0.5084078907966614,0.7206019163131714,0.9571725726127625
182,6067,LEFT_WRIST,0.6020250916481018,0.6509432792663574,-0.22346176207065582,0.2885744571685791,0.9567304849624634
182,6067,RIGHT_WRIST,0.3177328407764435,0.8278879523277283,-0.4728017747402191,0.2781795561313629,0.9744303822517395
182,6067,LEFT_PINKY,0.6049948334693909,0.6463902592658997,-0.27631261944770813,0.26756551861763,0.9595054388046265
182,6067,RIGHT_PINKY,0.3032313883304596,0.8457196354866028,-0.5424976944923401,0.24160610139369965,0.9693235158920288
182,6067,LEFT_INDEX,0.593636691570282,0.620215117931366,-0.2716361880302429,0.2814157009124756,0.9696099758148193
182,6067,RIGHT_INDEX,0.3045550584793091,0.8252884149551392,-0.5261363387107849,0.2553159296512604,0.9727851152420044
182,6067,LEFT_THUMB,0.5877660512924194,0.6300951242446899,-0.23526334762573242,0.29400208592414856,0.9588016271591187
182,6067,RIGHT_THUMB,0.3118489980697632,0.8208473920822144,-0.48018351197242737,0.2688310146331787,0.9721966981887817
182,6067,LEFT_HIP,0.4811612367630005,0.8763822913169861,0.039414048194885254,0.9039896726608276,0.9835188388824463
182,6067,RIGHT_HIP,0.3820497691631317,0.9473053812980652,-0.03907690569758415,0.8920256495475769,0.9753921031951904
182,6067,LEFT_KNEE,0.4848276972770691,0.7876209020614624,0.8448308706283569,0.41064271330833435,0.8107256889343262
182,6067,RIGHT_KNEE,0.38012683391571045,0.8229959607124329,0.5587513446807861,0.3363812267780304,0.6259223222732544
182,6067,LEFT_ANKLE,0.5995998978614807,0.6004063487052917,1.5910485982894897,0.11856263875961304,0.8668584227561951
182,6067,RIGHT_ANKLE,0.47769924998283386,0.7039042115211487,1.3632328510284424,0.15254275500774384,0.6615169644355774
182,6067,LEFT_HEEL,0.5959330201148987,0.5682070851325989,1.6566269397735596,0.15219055116176605,0.8516637682914734
182,6067,RIGHT_HEEL,0.492305725812912,0.6659134030342102,1.4496195316314697,0.19056794047355652,0.6296615600585938
182,6067,LEFT_FOOT_INDEX,0.591334342956543,0.6274667978286743,1.5524557828903198,0.093638576567173,0.7720309495925903
182,6067,RIGHT_FOOT_INDEX,0.47327327728271484,0.7448064684867859,1.3162140846252441,0.1120530366897583,0.539979875087738
183,6100,NOSE,0.4309062659740448,0.7364504337310791,-0.24466876685619354,0.9145256876945496,0.09253238886594772
183,6100,LEFT_EYE_INNER,0.4167676866054535,0.7149407863616943,-0.28949540853500366,0.9231852889060974,0.09126224368810654
183,6100,LEFT_EYE,0.41495445370674133,0.7120522856712341,-0.2896159887313843,0.9213943481445312,0.09468214213848114
183,6100,LEFT_EYE_OUTER,0.41375917196273804,0.7093761563301086,-0.2898638844490051,0.9247719645500183,0.09443724155426025
183,6100,RIGHT_EYE_INNER,0.4138391315937042,0.7218218445777893,-0.32238054275512695,0.9242356419563293,0.09183944761753082
183,6100,RIGHT_EYE,0.4086726903915405,0.7233846783638,-0.3222273588180542,0.9181036949157715,0.08728735893964767
183,6100,RIGHT_EYE_OUTER,0.4034262001514435,0.7249603271484375,-0.323035329580307,0.9193821549415588,0.08624265342950821
183,6100,LEFT_EAR,0.4063725769519806,0.7072057127952576,-0.3519849181175232,0.9176284670829773,0.09961328655481339
183,6100,RIGHT_EAR,0.370929092168808,0.7312906384468079,-0.5027223825454712,0.9131544232368469,0.10047926753759384
183,6100,MOUTH_LEFT,0.42546114325523376,0.7441935539245605,-0.24096809327602386,0.932823657989502,0.16571518778800964
183,6100,MOUTH_RIGHT,0.4196692109107971,0.7501318454742432,-0.28438326716423035,0.9267145395278931,0.1780337542295456
183,6100,LEFT_SHOULDER,0.45435139536857605,0.7374081611633301,-0.32505130767822266,0.9737666249275208,0.48393094539642334
183,6100,RIGHT_SHOULDER,0.2765914797782898,0.7873150706291199,-0.45194193720817566,0.9705050587654114,0.48293545842170715
183,6100,LEFT_ELBOW,0.5276992321014404,0.7624285817146301,-0.1654646098613739,0.5172632932662964,0.44400256872177124
183,6100,RIGHT_ELBOW,0.3074670433998108,0.869154691696167,-0.4589627981185913,0.6561110019683838,0.4325382113456726
183,6100,LEFT_WRIST,0.6053652167320251,0.7694502472877502,-0.19175343215465546,0.29181742668151855,0.43336454033851624
183,6100,RIGHT_WRIST,0.3912699222564697,0.8858779072761536,-0.43204596638679504,0.26915261149406433,0.33805274963378906
183,6100,LEFT_PINKY,0.6152767539024353,0.7421066761016846,-0.262089341878891,0.2773594260215759,0.49735841155052185
183,6100,RIGHT_PINKY,0.3999786972999573,0.8890183568000793,-0.512354850769043,0.243228942155838,0.3540174663066864
183,6100,LEFT_INDEX,0.6125125288963318,0.7180216908454895,-0.24387703835964203,0.29145336151123047,0.5298961400985718
183,6100,RIGHT_INDEX,0.3964605927467346,0.8773753643035889,-0.43781158328056335,0.2568811774253845,0.3456443250179291
183,6100,LEFT_THUMB,0.6068166494369507,0.7328097820281982,-0.21777549386024475,0.30115753412246704,0.4461079239845276
183,6100,RIGHT_THUMB,0.39919692277908325,0.877342939376831,-0.46686750650405884,0.2686510384082794,0.3120715022087097
183,6100,LEFT_HIP,0.48029181361198425,1.0093985795974731,0.04208165779709816,0.8889287710189819,0.7099011540412903
183,6100,RIGHT_HIP,0.35376834869384766,1.0528820753097534,-0.04200620576739311,0.8748843669891357,0.640236496925354
183,6100,LEFT_KNEE,0.5006623268127441,0.9107378721237183,0.7772801518440247,0.3703436255455017,0.20618648827075958
183,6100,RIGHT_KNEE,0.380465030670166,0.9524285197257996,0.6163317561149597,0.30369317531585693,0.16101880371570587
183,6100,LEFT_ANKLE,0.5927694439888,0.892494261264801,1.6179357767105103,0.10779006779193878,0.25412920117378235
183,6100,RIGHT_ANKLE,0.5075422525405884,0.9443221688270569,1.4597123861312866,0.13864527642726898,0.25091323256492615
183,6100,LEFT_HEEL,0.5925149917602539,0.8695889711380005,1.7039942741394043,0.13850007951259613,0.34949439764022827
183,6100,RIGHT_HEEL,0.5239054560661316,0.9253354072570801,1.5616543292999268,0.17392754554748535,0.3376883566379547
183,6100,LEFT_FOOT_INDEX,0.5840873718261719,0.9489196538925171,1.7037855386734009,0.08859804272651672,0.34721264243125916
183,6100,RIGHT_FOOT_INDEX,0.5098836421966553,0.9928247332572937,1.5594635009765625,0.10431632399559021,0.36045369505882263
184,6133,NOSE,0.4451366066932678,0.713955819606781,-0.10358687490224838,0.9180634617805481,0.9319512844085693
184,6133,LEFT_EYE_INNER,0.4251181483268738,0.7087621092796326,-0.12341651320457458,0.9246748685836792,0.8886778354644775
184,6133,LEFT_EYE,0.42057397961616516,0.7084376811981201,-0.12302134186029434,0.9230883717536926,0.8855936527252197
184,6133,LEFT_EYE_OUTER,0.416401207447052,0.7083789706230164,-0.12256437540054321,0.9258726835250854,0.8811585307121277
184,6133,RIGHT_EYE_INNER,0.4310891628265381,0.7118868827819824,-0.17362439632415771,0.9275756478309631,0.8934780359268188
184,6133,RIGHT_EYE,0.43023210763931274,0.7135328054428101,-0.1730397343635559,0.9209793210029602,0.8841755986213684
184,6133,RIGHT_EYE_OUTER,0.42954903841018677,0.7150226831436157,-0.17338083684444427,0.9212318658828735,0.8775196671485901
184,6133,LEFT_EAR,0.4034331738948822,0.7182917594909668,-0.13067872822284698,0.9202858209609985,0.8807223439216614
184,6133,RIGHT_EAR,0.41163620352745056,0.7280062437057495,-0.36324819922447205,0.9153020977973938,0.891094982624054
184,6133,MOUTH_LEFT,0.4383535385131836,0.7228449583053589,-0.0862790048122406,0.9359671473503113,0.9427272081375122
184,6133,MOUTH_RIGHT,0.44866713881492615,0.7246072888374329,-0.15384429693222046,0.929955244064331,0.9472760558128357
184,6133,LEFT_SHOULDER,0.4212985336780548,0.754145622253418,-0.11799219250679016,0.9749418497085571,0.9653782248497009
184,6133,RIGHT_SHOULDER,0.38128039240837097,0.7670323252677917,-0.3098561763763428,0.9730444550514221,0.9846030473709106
184,6133,LEFT_ELBOW,0.4753073751926422,0.8181760907173157,-0.017253179103136063,0.48220136761665344,0.9438455104827881
184,6133,RIGHT_ELBOW,0.3517233431339264,0.8552346229553223,-0.4235776364803314,0.6491504311561584,0.9829264879226685
184,6133,LEFT_WRIST,0.5663254261016846,0.8330304622650146,-0.014863072894513607,0.3012135326862335,0.949140727519989
184,6133,RIGHT_WRIST,0.43890273571014404,0.9004426002502441,-0.3821028470993042,0.3226465582847595,0.9887892007827759
184,6133,LEFT_PINKY,0.5755667090415955,0.8311469554901123,-0.020020268857479095,0.2931969463825226,0.9404722452163696
184,6133,RIGHT_PINKY,0.4453068971633911,0.8895983099937439,-0.38447895646095276,0.29872506856918335,0.9827821850776672
184,6133,LEFT_INDEX,0.5877129435539246,0.8107474446296692,-0.03806915134191513,0.3071741759777069,0.9479157328605652
184,6133,RIGHT_INDEX,0.445382297039032,0.9099162817001343,-0.3406005799770355,0.3111482560634613,0.9834581613540649
184,6133,LEFT_THUMB,0.5929098129272461,0.8145052790641785,-0.028283432126045227,0.3157291114330292,0.9414543509483337
184,6133,RIGHT_THUMB,0.44437509775161743,0.9038168787956238,-0.3708242177963257,0.3203575015068054,0.984428882598877
184,6133,LEFT_HIP,0.4673535227775574,1.0282398462295532,0.04500387981534004,0.8859921097755432,0.8758947849273682
184,6133,RIGHT_HIP,0.43106794357299805,1.0632132291793823,-0.044669054448604584,0.8816738724708557,0.8986197113990784
184,6133,LEFT_KNEE,0.439403772354126,0.7981453537940979,0.5167155265808105,0.3399963974952698,0.6319534182548523
184,6133,RIGHT_KNEE,0.4631567597389221,0.8316013216972351,0.393953800201416,0.2896343171596527,0.6547929048538208
184,6133,LEFT_ANKLE,0.5307906270027161,0.5500482320785522,1.0122499465942383,0.10583114624023438,0.4906701147556305
184,6133,RIGHT_ANKLE,0.5032252073287964,0.7218143343925476,0.8473983407020569,0.14094573259353638,0.5050954222679138
184,6133,LEFT_HEEL,0.5370454788208008,0.5231230854988098,1.0600898265838623,0.13467390835285187,0.49258920550346375
184,6133,RIGHT_HEEL,0.5056759119033813,0.704797089099884,0.9006326198577881,0.17415757477283478,0.45387664437294006
184,6133,LEFT_FOOT_INDEX,0.5168637633323669,0.4848335385322571,1.0484124422073364,0.09530326724052429,0.44316551089286804
184,6133,RIGHT_FOOT_INDEX,0.49191808700561523,0.6981590390205383,0.9013928174972534,0.1234515830874443,0.3921705484390259
185,6167,NOSE,0.4432981610298157,0.7082325220108032,-0.12475892901420593,0.924910843372345,0.9715062975883484
185,6167,LEFT_EYE_INNER,0.4203362464904785,0.7060449719429016,-0.15247580409049988,0.9306132197380066,0.9484058618545532
185,6167,LEFT_EYE,0.4171336889266968,0.7045602202415466,-0.15190793573856354,0.9293709397315979,0.9470735192298889
185,6167,LEFT_EYE_OUTER,0.4144086539745331,0.7033600211143494,-0.15123555064201355,0.9315146207809448,0.9446406960487366
185,6167,RIGHT_EYE_INNER,0.4285925626754761,0.7141942977905273,-0.19408047199249268,0.9338759779930115,0.9521873593330383
185,6167,RIGHT_EYE,0.4303905963897705,0.7179775238037109,-0.19360755383968353,0.9278208017349243,0.9489681720733643
185,6167,RIGHT_EYE_OUTER,0.43251150846481323,0.7215286493301392,-0.19379299879074097,0.9276877045631409,0.948809802532196
185,6167,LEFT_EAR,0.3924216330051422,0.7185585498809814,-0.1552453637123108,0.9269894957542419,0.9387794137001038
185,6167,RIGHT_EAR,0.42562568187713623,0.7427635192871094,-0.3548743724822998,0.9223902225494385,0.9494436383247375
185,6167,MOUTH_LEFT,0.44102710485458374,0.7173871397972107,-0.1115606427192688,0.9415786266326904,0.9842011332511902
185,6167,MOUTH_RIGHT,0.4605711102485657,0.7245771884918213,-0.168777197599411,0.9361424446105957,0.9838805794715881
185,6167,LEFT_SHOULDER,0.4064546823501587,0.7528106570243835,-0.060243356972932816,0.9770453572273254,0.995598554611206
185,6167,RIGHT_SHOULDER,0.4493063986301422,0.8014722466468811,-0.2749508321285248,0.9754914045333862,0.9962563514709473
185,6167,LEFT_ELBOW,0.48181378841400146,0.8220351338386536,0.1372397541999817,0.48367953300476074,0.9965221881866455
185,6167,RIGHT_ELBOW,0.37321963906288147,0.8969417214393616,-0.299221009016037,0.6725771427154541,0.9982611536979675
185,6167,LEFT_WRIST,0.5427703857421875,0.8440419435501099,0.22352458536624908,0.3508855998516083,0.9979075193405151
185,6167,RIGHT_WRIST,0.3941850960254669,0.933598518371582,-0.209206223487854,0.3874566853046417,0.9993100166320801
185,6167,LEFT_PINKY,0.5147280097007751,0.8723616600036621,0.24955055117607117,0.3426505923271179,0.9970013499259949
185,6167,RIGHT_PINKY,0.4052283763885498,0.8907697200775146,-0.2204211950302124,0.36448848247528076,0.9988595247268677
185,6167,LEFT_INDEX,0.5173750519752502,0.8608841300010681,0.2111862599849701,0.35528793931007385,0.9974356293678284
185,6167,RIGHT_INDEX,0.3855552077293396,0.937359094619751,-0.21422646939754486,0.37555891275405884,0.998848557472229
185,6167,LEFT_THUMB,0.5302596092224121,0.8626225590705872,0.21442922949790955,0.36322489380836487,0.9973852038383484
185,6167,RIGHT_THUMB,0.3888140320777893,0.9329053163528442,-0.20748372375965118,0.3831980228424072,0.9990288019180298
185,6167,LEFT_HIP,0.45262759923934937,1.0244711637496948,0.13695023953914642,0.8950700759887695,0.9893510937690735
185,6167,RIGHT_HIP,0.4845103919506073,1.0740668773651123,-0.13650855422019958,0.8920705318450928,0.9901570081710815
185,6167,LEFT_KNEE,0.417654812335968,0.7557205557823181,0.41516244411468506,0.3395910859107971,0.9447420239448547
185,6167,RIGHT_KNEE,0.5154222249984741,0.794926643371582,0.07211518287658691,0.34870702028274536,0.947070300579071
185,6167,LEFT_ANKLE,0.5329481959342957,0.3832901418209076,0.571533739566803,0.16431713104248047,0.9601077437400818
185,6167,RIGHT_ANKLE,0.5389783978462219,0.4639114439487457,0.37629765272140503,0.2082478404045105,0.9479885101318359
185,6167,LEFT_HEEL,0.5588582754135132,0.4114556610584259,0.5779545903205872,0.19001825153827667,0.955393373966217
185,6167,RIGHT_HEEL,0.5868434906005859,0.451397567987442,0.40762975811958313,0.23356886208057404,0.92889004945755
185,6167,LEFT_FOOT_INDEX,0.5206850171089172,0.29063594341278076,0.40219634771347046,0.1627073585987091,0.9196024537086487
185,6167,RIGHT_FOOT_INDEX,0.5193354487419128,0.3980960547924042,0.2503935396671295,0.1998182237148285,0.8874440789222717
186,6200,NOSE,0.48308059573173523,0.6930475234985352,-0.15456603467464447,0.9311883449554443,0.9929320812225342
186,6200,LEFT_EYE_INNER,0.4673430919647217,0.6856073141098022,-0.16214381158351898,0.9360970854759216,0.9883175492286682
186,6200,LEFT_EYE,0.4634879231452942,0.6854876279830933,-0.16171392798423767,0.9351006150245667,0.9881212711334229
186,6200,LEFT_EYE_OUTER,0.4595538377761841,0.685588002204895,-0.1612149178981781,0.936766505241394,0.9877128601074219
186,6200,RIGHT_EYE_INNER,0.47230038046836853,0.6878675222396851,-0.19837597012519836,0.9393330216407776,0.9887288808822632
186,6200,RIGHT_EYE,0.4724956154823303,0.6888711452484131,-0.1978480964899063,0.9337073564529419,0.9876732230186462
186,6200,RIGHT_EYE_OUTER,0.47273188829421997,0.6897256374359131,-0.1980593502521515,0.9331782460212708,0.9867464900016785
186,6200,LEFT_EAR,0.4396555423736572,0.6962634921073914,-0.12480565905570984,0.9332309365272522,0.9876077771186829
186,6200,RIGHT_EAR,0.4650643765926361,0.7014902234077454,-0.2897820472717285,0.9285624027252197,0.9881229996681213
186,6200,MOUTH_LEFT,0.4803614020347595,0.7057660818099976,-0.1278088092803955,0.9462769031524658,0.9935916066169739
186,6200,MOUTH_RIGHT,0.49077102541923523,0.707024872303009,-0.17524926364421844,0.9414081573486328,0.9938270449638367
186,6200,LEFT_SHOULDER,0.4150323271751404,0.7451287508010864,-0.09729692339897156,0.978947103023529,0.9952072501182556
186,6200,RIGHT_SHOULDER,0.46900343894958496,0.7480405569076538,-0.21335943043231964,0.9777786731719971,0.9972469806671143
186,6200,LEFT_ELBOW,0.4677126705646515,0.7810965180397034,-0.027733832597732544,0.48554757237434387,0.9933730363845825
186,6200,RIGHT_ELBOW,0.3765924870967865,0.8470833897590637,-0.286358505487442,0.6833688616752625,0.9971875548362732
186,6200,LEFT_WRIST,0.5226444602012634,0.8106654286384583,-0.0517292283475399,0.38383132219314575,0.9867424964904785
186,6200,RIGHT_WRIST,0.4067504405975342,0.8593648076057434,-0.2482949048280716,0.443471223115921,0.9980849027633667
186,6200,LEFT_PINKY,0.5205560326576233,0.8416687250137329,-0.06326961517333984,0.376221239566803,0.9776991605758667
186,6200,RIGHT_PINKY,0.41017821431159973,0.8472998142242432,-0.27249687910079956,0.4215843975543976,0.9961766004562378
186,6200,LEFT_INDEX,0.5229886174201965,0.8203489780426025,-0.03381938859820366,0.3868741989135742,0.9813005924224854
186,6200,RIGHT_INDEX,0.3967258930206299,0.8605833649635315,-0.29351410269737244,0.43162521719932556,0.9964613318443298
186,6200,LEFT_THUMB,0.5288646221160889,0.8179444074630737,-0.05533868446946144,0.3954954743385315,0.9815681576728821
186,6200,RIGHT_THUMB,0.397017240524292,0.8670743107795715,-0.22873568534851074,0.4382181465625763,0.9969565868377686
186,6200,LEFT_HIP,0.4779167175292969,1.0117682218551636,0.06539322435855865,0.9015626907348633,0.981138288974762
186,6200,RIGHT_HIP,0.5073834657669067,1.0440328121185303,-0.06469806283712387,0.9010007977485657,0.9838384389877319
186,6200,LEFT_KNEE,0.44173377752304077,0.776421844959259,0.16280174255371094,0.33448106050491333,0.8512869477272034
186,6200,RIGHT_KNEE,0.5143380165100098,0.7980297207832336,0.21524907648563385,0.3547320067882538,0.8636190295219421
186,6200,LEFT_ANKLE,0.5365487933158875,0.5319100022315979,0.46757468581199646,0.16686289012432098,0.676397442817688
186,6200,RIGHT_ANKLE,0.5282568335533142,0.7050257921218872,0.3979446291923523,0.22100801765918732,0.6604440212249756
186,6200,LEFT_HEEL,0.5536931157112122,0.512008547782898,0.49181312322616577,0.18961748480796814,0.6484536528587341
186,6200,RIGHT_HEEL,0.5469785332679749,0.6966812014579773,0.4186338186264038,0.24560609459877014,0.592868447303772
186,6200,LEFT_FOOT_INDEX,0.5273329019546509,0.4551493525505066,0.4825252592563629,0.17494384944438934,0.6205867528915405
186,6200,RIGHT_FOOT_INDEX,0.5125978589057922,0.6810440421104431,0.4070899188518524,0.2294214814901352,0.5524478554725647
187,6233,NOSE,0.48694679141044617,0.6109117865562439,-0.37770482897758484,0.9311019778251648,0.9590131640434265
187,6233,LEFT_EYE_INNER,0.4964519143104553,0.5953612327575684,-0.3410784602165222,0.936025857925415,0.944769024848938
187,6233,LEFT_EYE,0.4982610046863556,0.594796895980835,-0.34088632464408875,0.9355779886245728,0.9471119046211243
187,6233,LEFT_EYE_OUTER,0.4999829828739166,0.5944153070449829,-0.3404402434825897,0.9368958473205566,0.9487459659576416
187,6233,RIGHT_EYE_INNER,0.490527480840683,0.5979031324386597,-0.4121171832084656,0.9375820159912109,0.9426230192184448
187,6233,RIGHT_EYE,0.4878987967967987,0.598970353603363,-0.41176486015319824,0.9313597679138184,0.9385828971862793
187,6233,RIGHT_EYE_OUTER,0.48531752824783325,0.6000877022743225,-0.412080854177475,0.9293677806854248,0.9349845051765442
187,6233,LEFT_EAR,0.49901390075683594,0.6031832695007324,-0.4319685399532318,0.9336643815040588,0.9588282108306885
187,6233,RIGHT_EAR,0.4830811023712158,0.6143320798873901,-0.42187294363975525,0.9268214702606201,0.9535229802131653
187,6233,MOUTH_LEFT,0.4859243929386139,0.6285480260848999,-0.2436971515417099,0.9456873536109924,0.9786596894264221
187,6233,MOUTH_RIGHT,0.48075926303863525,0.6308018565177917,-0.3647693991661072,0.9403867125511169,0.9766530990600586
187,6233,LEFT_SHOULDER,0.4821889102458954,0.6766950488090515,-0.45164334774017334,0.9807158708572388,0.996535062789917
187,6233,RIGHT_SHOULDER,0.45913469791412354,0.6955708861351013,-0.2745745778083801,0.9792839884757996,0.9942756295204163
187,6233,LEFT_ELBOW,0.4794517457485199,0.7725983262062073,-0.43190738558769226,0.5017685294151306,0.9854501485824585
187,6233,RIGHT_ELBOW,0.4010298252105713,0.7068887948989868,-0.2867751121520996,0.6580208539962769,0.9837188124656677
187,6233,LEFT_WRIST,0.5250669121742249,0.8530590534210205,-0.4636293351650238,0.42407119274139404,0.9477795362472534
187,6233,RIGHT_WRIST,0.43513089418411255,0.6823732256889343,-0.28619804978370667,0.48145368695259094,0.9707127213478088
187,6233,LEFT_PINKY,0.5401903986930847,0.894809901714325,-0.5130815505981445,0.4156102240085602,0.9036777019500732
187,6233,RIGHT_PINKY,0.44778281450271606,0.6792296767234802,-0.297012060880661,0.4594448506832123,0.9463456869125366
187,6233,LEFT_INDEX,0.5413172841072083,0.8852713108062744,-0.5261342525482178,0.4259369969367981,0.9183530807495117
187,6233,RIGHT_INDEX,0.4333533048629761,0.6710057854652405,-0.3175971508026123,0.46989575028419495,0.951916515827179
187,6233,LEFT_THUMB,0.5310367345809937,0.8715799450874329,-0.47361624240875244,0.4356444180011749,0.9233280420303345
187,6233,RIGHT_THUMB,0.4282243847846985,0.6789383292198181,-0.2830318510532379,0.47569525241851807,0.9573264122009277
187,6233,LEFT_HIP,0.5337522029876709,1.0101045370101929,-0.05617222934961319,0.9091277718544006,0.9917355179786682
187,6233,RIGHT_HIP,0.5021061301231384,0.9626473784446716,0.05653827637434006,0.9089525938034058,0.9936402440071106
187,6233,LEFT_KNEE,0.426162451505661,0.8078303933143616,0.1233755424618721,0.33731094002723694,0.6823878288269043
187,6233,RIGHT_KNEE,0.45329350233078003,0.7861199975013733,0.4252103567123413,0.33502450585365295,0.8121572136878967
187,6233,LEFT_ANKLE,0.5009663701057434,0.7601780295372009,0.6270133256912231,0.1593172699213028,0.34692007303237915
187,6233,RIGHT_ANKLE,0.4526926875114441,0.8285210132598877,0.6730019450187683,0.2096850723028183,0.4688074588775635
187,6233,LEFT_HEEL,0.521289587020874,0.7129430770874023,0.6810426115989685,0.17949077486991882,0.3657531440258026
187,6233,RIGHT_HEEL,0.4798817038536072,0.8286660313606262,0.7066785097122192,0.23745886981487274,0.4268193244934082
187,6233,LEFT_FOOT_INDEX,0.5015648007392883,0.7591820955276489,0.7448135018348694,0.16943371295928955,0.33352234959602356
187,6233,RIGHT_FOOT_INDEX,0.3945986330509186,0.819568932056427,0.6026472449302673,0.2250642478466034,0.3584361672401428
188,6267,NOSE,0.4795196056365967,0.319747656583786,-0.4301275312900543,0.9379581809043884,0.9997662901878357
188,6267,LEFT_EYE_INNER,0.4906809628009796,0.30934515595436096,-0.43214425444602966,0.9424059391021729,0.9996762275695801
188,6267,LEFT_EYE,0.49393895268440247,0.3105452358722687,-0.43202608823776245,0.9420005083084106,0.9996600151062012
188,6267,LEFT_EYE_OUTER,0.4959969222545624,0.31116318702697754,-0.431849867105484,0.9431892037391663,0.9996370077133179
188,6267,RIGHT_EYE_INNER,0.4839467704296112,0.3051016926765442,-0.43492045998573303,0.9437850713729858,0.9996691942214966
188,6267,RIGHT_EYE,0.48289287090301514,0.30403757095336914,-0.43493837118148804,0.9381780028343201,0.9996544122695923
188,6267,RIGHT_EYE_OUTER,0.48120343685150146,0.30282270908355713,-0.43511146306991577,0.9363858699798584,0.9995976090431213
188,6267,LEFT_EAR,0.5145626068115234,0.3114404082298279,-0.5245422124862671,0.9402675032615662,0.9996892213821411
188,6267,RIGHT_EAR,0.4893229901790619,0.3038683533668518,-0.37770670652389526,0.934100866317749,0.9996868371963501
188,6267,MOUTH_LEFT,0.4886183738708496,0.3370208144187927,-0.2830044627189636,0.9510855674743652,0.9997792840003967
188,6267,MOUTH_RIGHT,0.47676604986190796,0.3664351999759674,-0.39893266558647156,0.9462910294532776,0.9997264742851257
188,6267,LEFT_SHOULDER,0.5492014288902283,0.46300092339515686,-0.5298429727554321,0.9826125502586365,0.9996434450149536
188,6267,RIGHT_SHOULDER,0.5652517676353455,0.3667256832122803,-0.22501111030578613,0.9812282919883728,0.9996967315673828
188,6267,LEFT_ELBOW,0.5188963413238525,0.675046980381012,-0.5670890808105469,0.5457209944725037,0.9968519806861877
188,6267,RIGHT_ELBOW,0.5006633400917053,0.20620958507061005,-0.14284230768680573,0.6699285507202148,0.9982267022132874
188,6267,LEFT_WRIST,0.5314382910728455,0.8429279923439026,-0.522104799747467,0.47006529569625854,0.9943424463272095
188,6267,RIGHT_WRIST,0.4287140369415283,0.03887021541595459,-0.11723902076482773,0.5203770995140076,0.9796631932258606
188,6267,LEFT_PINKY,0.5409725904464722,0.8818015456199646,-0.5464497208595276,0.4574350416660309,0.9889926314353943
188,6267,RIGHT_PINKY,0.4401911795139313,0.009549284353852272,-0.1138167604804039,0.49574676156044006,0.9575297832489014
188,6267,LEFT_INDEX,0.5274707078933716,0.8832729458808899,-0.5520037412643433,0.4669310748577118,0.9902673363685608
188,6267,RIGHT_INDEX,0.4376404285430908,0.005375983193516731,-0.14715690910816193,0.5053234100341797,0.962175726890564
188,6267,LEFT_THUMB,0.5257778763771057,0.8734188079833984,-0.5202247500419617,0.4753616452217102,0.9921098351478577
188,6267,RIGHT_THUMB,0.43522635102272034,0.027444999665021896,-0.13408182561397552,0.5117301344871521,0.9708594083786011
188,6267,LEFT_HIP,0.5845773220062256,0.6853681802749634,-0.12484554201364517,0.9181663990020752,0.9998282194137573
188,6267,RIGHT_HIP,0.5508784651756287,0.6241710782051086,0.12476947903633118,0.9180206060409546,0.9999245405197144
188,6267,LEFT_KNEE,0.4318176507949829,0.6976610422134399,0.05801486596465111,0.3966481387615204,0.987011194229126
188,6267,RIGHT_KNEE,0.3759251534938812,0.5652763843536377,0.20730850100517273,0.3718748092651367,0.9967464208602905
188,6267,LEFT_ANKLE,0.5011079907417297,0.7847520112991333,0.38389134407043457,0.2309964895248413,0.9659019112586975
188,6267,RIGHT_ANKLE,0.33829259872436523,0.7357321977615356,0.49870190024375916,0.2460431009531021,0.9884717464447021
188,6267,LEFT_HEEL,0.5220471620559692,0.7309741377830505,0.41882219910621643,0.24492216110229492,0.9649229645729065
188,6267,RIGHT_HEEL,0.3466385304927826,0.7564620971679688,0.5237588286399841,0.2725178897380829,0.9836313724517822
188,6267,LEFT_FOOT_INDEX,0.49501311779022217,0.8069794178009033,0.43193042278289795,0.2395973801612854,0.9533148407936096
188,6267,RIGHT_FOOT_INDEX,0.31009992957115173,0.8356569409370422,0.53902667760849,0.26767683029174805,0.9729703664779663
189,6300,NOSE,0.4784878194332123,0.28973615169525146,0.010392227210104465,0.9440781474113464,0.9998811483383179
189,6300,LEFT_EYE_INNER,0.4879812002182007,0.27782145142555237,-0.0007587716681882739,0.9481091499328613,0.9998525381088257
189,6300,LEFT_EYE,0.491120308637619,0.2775702476501465,-0.0008646119385957718,0.9477421045303345,0.999868631362915
189,6300,LEFT_EYE_OUTER,0.49317991733551025,0.2762436270713806,-0.0012972706463187933,0.9488089084625244,0.9998658895492554
189,6300,RIGHT_EYE_INNER,0.48430877923965454,0.2750571370124817,0.03685766085982323,0.9493281841278076,0.9998233914375305
189,6300,RIGHT_EYE,0.48569217324256897,0.273125559091568,0.03716549649834633,0.9442681670188904,0.9998044371604919
189,6300,RIGHT_EYE_OUTER,0.4866805672645569,0.270095556974411,0.03695903718471527,0.9426285028457642,0.9997567534446716
189,6300,LEFT_EAR,0.5166926383972168,0.2730019688606262,-0.011026546359062195,0.9461966156959534,0.9998961687088013
189,6300,RIGHT_EAR,0.5044282078742981,0.2662408947944641,0.1662556529045105,0.9406185746192932,0.9997850060462952
189,6300,MOUTH_LEFT,0.4915101230144501,0.2976986765861511,0.014120407402515411,0.955906867980957,0.9997674822807312
189,6300,MOUTH_RIGHT,0.485095351934433,0.29820942878723145,0.05782037973403931,0.9515568017959595,0.9997445940971375
189,6300,LEFT_SHOULDER,0.5489199161529541,0.3334323465824127,-0.06965209543704987,0.9843157529830933,0.9997428059577942
189,6300,RIGHT_SHOULDER,0.5536550283432007,0.3004691004753113,0.24986964464187622,0.9827895164489746,0.9989259839057922
189,6300,LEFT_ELBOW,0.5226669311523438,0.361947238445282,0.046047914773225784,0.5867109298706055,0.9979677796363831
189,6300,RIGHT_ELBOW,0.5368384122848511,0.27707353234291077,0.4370349645614624,0.6417737603187561,0.9972324967384338
189,6300,LEFT_WRIST,0.515285849571228,0.29909008741378784,0.4380236864089966,0.504240095615387,0.993457019329071
189,6300,RIGHT_WRIST,0.5108942985534668,0.22709296643733978,0.572307288646698,0.5016939043998718,0.988775372505188
189,6300,LEFT_PINKY,0.5243415832519531,0.2911036014556885,0.4836480915546417,0.48685142397880554,0.9896826148033142
189,6300,RIGHT_PINKY,0.5128230452537537,0.20197825133800507,0.6265051364898682,0.4809713363647461,0.9811592102050781
189,6300,LEFT_INDEX,0.5195600390434265,0.28250476717948914,0.5145412087440491,0.49479442834854126,0.9908182621002197
189,6300,RIGHT_INDEX,0.5134783387184143,0.20328426361083984,0.6072649955749512,0.48907673358917236,0.9838628172874451
189,6300,LEFT_THUMB,0.5194604396820068,0.2856312692165375,0.46356162428855896,0.5028579235076904,0.9916048049926758
189,6300,RIGHT_THUMB,0.5116648077964783,0.2061004787683487,0.5705940127372742,0.49736228585243225,0.9849697351455688
189,6300,LEFT_HIP,0.5706301927566528,0.5619328618049622,-0.1445416957139969,0.9263320565223694,0.9998695850372314
189,6300,RIGHT_HIP,0.5596681237220764,0.5285820364952087,0.14441199600696564,0.9261574149131775,0.999813973903656
189,6300,LEFT_KNEE,0.4456714987754822,0.6907172799110413,-0.23451024293899536,0.4569154381752014,0.9970518350601196
189,6300,RIGHT_KNEE,0.36126065254211426,0.5164254307746887,0.1651373952627182,0.43022483587265015,0.994952917098999
189,6300,LEFT_ANKLE,0.513568639755249,0.8473495841026306,-0.35456758737564087,0.30742838978767395,0.9409174919128418
189,6300,RIGHT_ANKLE,0.2834343910217285,0.6788809895515442,0.12695814669132233,0.31255462765693665,0.9640533328056335
189,6300,LEFT_HEEL,0.5454119443893433,0.8679543137550354,-0.3607088029384613,0.31977424025535583,0.9013397693634033
189,6300,RIGHT_HEEL,0.28180620074272156,0.7225213646888733,0.123768649995327,0.34037819504737854,0.9481123685836792
189,6300,LEFT_FOOT_INDEX,0.4465254843235016,0.8816742897033691,-0.3734839856624603,0.3142012059688568,0.8053117394447327
189,6300,RIGHT_FOOT_INDEX,0.18165116012096405,0.7188061475753784,0.18781955540180206,0.32940801978111267,0.8993396162986755
190,6333,NOSE,0.48944202065467834,0.27913981676101685,0.06419350951910019,0.9496458172798157,0.9999436140060425
190,6333,LEFT_EYE_INNER,0.49870097637176514,0.2664877772331238,0.047207582741975784,0.9532808661460876,0.9999338388442993
190,6333,LEFT_EYE,0.5010107159614563,0.26557493209838867,0.04717450961470604,0.952949583530426,0.9999407529830933
190,6333,LEFT_EYE_OUTER,0.5026673674583435,0.2639685869216919,0.04691442474722862,0.9539113640785217,0.9999382495880127
190,6333,RIGHT_EYE_INNER,0.4980049133300781,0.26538538932800293,0.08924179524183273,0.9543733596801758,0.9999233484268188
190,6333,RIGHT_EYE,0.5002363324165344,0.26398003101348877,0.08939744532108307,0.949813723564148,0.9999179840087891
190,6333,RIGHT_EYE_OUTER,0.5020010471343994,0.26199501752853394,0.08928166329860687,0.9483328461647034,0.9998968839645386
190,6333,LEFT_EAR,0.5244771838188171,0.2597600817680359,0.017079472541809082,0.9515611529350281,0.9999498128890991
190,6333,RIGHT_EAR,0.5197049975395203,0.2593294382095337,0.20741213858127594,0.9465283751487732,0.9999037981033325
190,6333,MOUTH_LEFT,0.5006622672080994,0.2866964042186737,0.0514749251306057,0.9602830410003662,0.9998800754547119
190,6333,MOUTH_RIGHT,0.49773895740509033,0.28638920187950134,0.10608124732971191,0.9563592076301575,0.9998766183853149
190,6333,LEFT_SHOULDER,0.5525211095809937,0.31138330698013306,-0.08932146430015564,0.9858618974685669,0.9998335838317871
190,6333,RIGHT_SHOULDER,0.5498461723327637,0.304600328207016,0.2995530068874359,0.9841557145118713,0.9994086027145386
190,6333,LEFT_ELBOW,0.502165675163269,0.3333496153354645,0.012516765855252743,0.626654326915741,0.9991104006767273
190,6333,RIGHT_ELBOW,0.5101067423820496,0.32776764035224915,0.5225264430046082,0.6076735854148865,0.9986268281936646
190,6333,LEFT_WRIST,0.4898355007171631,0.2788483500480652,0.40196898579597473,0.537807822227478,0.9978920817375183
190,6333,RIGHT_WRIST,0.5039447546005249,0.2741812765598297,0.6229068040847778,0.4808271825313568,0.9975484013557434
190,6333,LEFT_PINKY,0.502090334892273,0.26253563165664673,0.43937328457832336,0.513967752456665,0.996957540512085
190,6333,RIGHT_PINKY,0.5133127570152283,0.2559521794319153,0.6700108051300049,0.4633016288280487,0.9963887929916382
190,6333,LEFT_INDEX,0.504207193851471,0.2587575912475586,0.4538837671279907,0.5199731588363647,0.9972004890441895
190,6333,RIGHT_INDEX,0.5126721262931824,0.2556098401546478,0.6519033312797546,0.47051548957824707,0.9968017339706421
190,6333,LEFT_THUMB,0.5027220249176025,0.26219049096107483,0.42013785243034363,0.528323769569397,0.9975177049636841
190,6333,RIGHT_THUMB,0.5120375752449036,0.25996798276901245,0.6212538480758667,0.4799797236919403,0.9970076680183411
190,6333,LEFT_HIP,0.5664427280426025,0.5442728996276855,-0.16507837176322937,0.9336837530136108,0.9998645782470703
190,6333,RIGHT_HIP,0.5520071983337402,0.5138263702392578,0.16518020629882812,0.9334844350814819,0.9998276233673096
190,6333,LEFT_KNEE,0.49034371972084045,0.6785439252853394,-0.29250630736351013,0.5112027525901794,0.9993891716003418
190,6333,RIGHT_KNEE,0.34346193075180054,0.483144611120224,0.161203533411026,0.4836776554584503,0.9989332556724548
190,6333,LEFT_ANKLE,0.5259153246879578,0.8601154685020447,-0.4382229447364807,0.376531183719635,0.9776037931442261
190,6333,RIGHT_ANKLE,0.2669120728969574,0.6475657820701599,0.1251392811536789,0.3759145140647888,0.993281364440918
190,6333,LEFT_HEEL,0.5570570826530457,0.8989541530609131,-0.45046550035476685,0.3873017430305481,0.9619392156600952
190,6333,RIGHT_HEEL,0.2656139135360718,0.6887027025222778,0.12057451158761978,0.40277332067489624,0.9903186559677124
190,6333,LEFT_FOOT_INDEX,0.43917256593704224,0.9093825817108154,-0.5271254181861877,0.3822801411151886,0.9331691861152649
190,6333,RIGHT_FOOT_INDEX,0.1466801017522812,0.6717020869255066,0.1587122231721878,0.39123085141181946,0.9806283712387085
191,6367,NOSE,0.49440306425094604,0.2848109006881714,0.06828728318214417,0.9546765685081482,0.9999738931655884
191,6367,LEFT_EYE_INNER,0.5004662275314331,0.27096956968307495,0.03924127668142319,0.9579491019248962,0.9999680519104004
191,6367,LEFT_EYE,0.5032410621643066,0.2702271342277527,0.03922300413250923,0.9576504826545715,0.9999706745147705
191,6367,LEFT_EYE_OUTER,0.5049160122871399,0.26928526163101196,0.039072148501873016,0.9585171341896057,0.9999693632125854
191,6367,RIGHT_EYE_INNER,0.4991152584552765,0.27025043964385986,0.0906529575586319,0.9589311480522156,0.9999613761901855
191,6367,RIGHT_EYE,0.5004745721817017,0.26919618248939514,0.09072522073984146,0.9548248648643494,0.9999566078186035
191,6367,RIGHT_EYE_OUTER,0.5012009739875793,0.26800087094306946,0.0906551405787468,0.9534915685653687,0.9999443292617798
191,6367,LEFT_EAR,0.5247063040733337,0.26528722047805786,-0.023972036316990852,0.9564012289047241,0.9999743700027466
191,6367,RIGHT_EAR,0.5165917277336121,0.26454684138298035,0.2060849666595459,0.9518671631813049,0.9999449253082275
191,6367,MOUTH_LEFT,0.505954921245575,0.29329413175582886,0.045725032687187195,0.9642465710639954,0.9999423027038574
191,6367,MOUTH_RIGHT,0.5024940371513367,0.29387107491493225,0.11251020431518555,0.9607117176055908,0.9999256134033203
191,6367,LEFT_SHOULDER,0.5634156465530396,0.3111639618873596,-0.15309025347232819,0.9872713685035706,0.9999459981918335
191,6367,RIGHT_SHOULDER,0.5486332178115845,0.31455981731414795,0.32822513580322266,0.9856054782867432,0.9996877908706665
191,6367,LEFT_ELBOW,0.49939626455307007,0.36179089546203613,-0.1472289115190506,0.6632981300354004,0.9997115731239319
191,6367,RIGHT_ELBOW,0.5036429762840271,0.3542340397834778,0.5842241644859314,0.5693478584289551,0.9991807341575623
191,6367,LEFT_WRIST,0.4745030701160431,0.2960594892501831,0.32429981231689453,0.5791270732879639,0.9997439980506897
191,6367,RIGHT_WRIST,0.49439001083374023,0.29262158274650574,0.724748969078064,0.4594484865665436,0.9993680119514465
191,6367,LEFT_PINKY,0.47873878479003906,0.281777948141098,0.25387629866600037,0.5537649989128113,0.9995388984680176
191,6367,RIGHT_PINKY,0.4992658793926239,0.28891369700431824,0.7656393051147461,0.44147706031799316,0.999107301235199
191,6367,LEFT_INDEX,0.48765435814857483,0.27802571654319763,0.23446498811244965,0.5588207244873047,0.9995880722999573
191,6367,RIGHT_INDEX,0.5003494024276733,0.2763866186141968,0.7589125037193298,0.4476187527179718,0.9992020726203918
191,6367,LEFT_THUMB,0.48815566301345825,0.28048011660575867,0.27422165870666504,0.5655742883682251,0.9996837377548218
191,6367,RIGHT_THUMB,0.5000270009040833,0.2795342803001404,0.7250244617462158,0.4568696618080139,0.9992890357971191
191,6367,LEFT_HIP,0.5643889904022217,0.529428243637085,-0.17992131412029266,0.9403092265129089,0.9999523162841797
191,6367,RIGHT_HIP,0.5482851266860962,0.5092451572418213,0.18016892671585083,0.9401105046272278,0.9999278783798218
191,6367,LEFT_KNEE,0.5104401111602783,0.6914017796516418,-0.30481722950935364,0.5600590705871582,0.9998797178268433
191,6367,RIGHT_KNEE,0.3430475890636444,0.4618304967880249,0.18172772228717804,0.5304497480392456,0.9996556043624878
191,6367,LEFT_ANKLE,0.5325865745544434,0.869825005531311,-0.41527730226516724,0.4387921094894409,0.9922605156898499
191,6367,RIGHT_ANKLE,0.25350221991539,0.6313713788986206,0.21364066004753113,0.43394890427589417,0.9977124929428101
191,6367,LEFT_HEEL,0.565072774887085,0.9012762308120728,-0.42421701550483704,0.44802922010421753,0.984528124332428
191,6367,RIGHT_HEEL,0.2586311101913452,0.6715555191040039,0.21182335913181305,0.45757734775543213,0.9966316819190979
191,6367,LEFT_FOOT_INDEX,0.43960335850715637,0.9127500653266907,-0.5357628464698792,0.4437364935874939,0.9699730277061462
191,6367,RIGHT_FOOT_INDEX,0.12768340110778809,0.6284169554710388,0.21911372244358063,0.4474561810493469,0.9921016097068787
192,6400,NOSE,0.49059590697288513,0.27165570855140686,-0.05120208486914635,0.9592057466506958,0.9999810457229614
192,6400,LEFT_EYE_INNER,0.4969554543495178,0.2590184509754181,-0.0808131992816925,0.962151825428009,0.9999768733978271
192,6400,LEFT_EYE,0.4998549520969391,0.2585870921611786,-0.0808161124587059,0.9618828296661377,0.9999791383743286
192,6400,LEFT_EYE_OUTER,0.5018752217292786,0.2580120861530304,-0.08097990602254868,0.9626634120941162,0.9999788999557495
192,6400,RIGHT_EYE_INNER,0.4942393898963928,0.2574765682220459,-0.037137676030397415,0.9630348086357117,0.9999711513519287
192,6400,RIGHT_EYE,0.4950697124004364,0.2560363709926605,-0.03704558685421944,0.9593375325202942,0.9999672174453735
192,6400,RIGHT_EYE_OUTER,0.49533316493034363,0.254513144493103,-0.03711715340614319,0.9581373929977417,0.9999593496322632
192,6400,LEFT_EAR,0.5209954977035522,0.25739389657974243,-0.043797921389341354,0.9607585072517395,0.999984622001648
192,6400,RIGHT_EAR,0.5085130333900452,0.254373162984848,0.0893135741353035,0.9566755890846252,0.9999674558639526
192,6400,MOUTH_LEFT,0.5024213790893555,0.2812725603580475,-0.05846721678972244,0.9678176045417786,0.999969482421875
192,6400,MOUTH_RIGHT,0.4982494115829468,0.27998122572898865,0.002177137415856123,0.9646345376968384,0.9999591112136841
192,6400,LEFT_SHOULDER,0.5686805844306946,0.3110198974609375,-0.2385362684726715,0.9885421991348267,0.9999580383300781
192,6400,RIGHT_SHOULDER,0.531631350517273,0.3025912642478943,0.29253730177879333,0.9870107769966125,0.9999017715454102
192,6400,LEFT_ELBOW,0.5012165904045105,0.37930452823638916,-0.28672274947166443,0.6957501173019409,0.9996863603591919
192,6400,RIGHT_ELBOW,0.4846799969673157,0.34898802638053894,0.6232131719589233,0.5466660857200623,0.9996135830879211
192,6400,LEFT_WRIST,0.4610986113548279,0.30715498328208923,-0.07657424360513687,0.6161273121833801,0.9998641014099121
192,6400,RIGHT_WRIST,0.4858887493610382,0.30328938364982605,0.8627201318740845,0.4455861449241638,0.9998262524604797
192,6400,LEFT_PINKY,0.449451208114624,0.29266682267189026,-0.0805547758936882,0.5895102620124817,0.9998015761375427
192,6400,RIGHT_PINKY,0.49371790885925293,0.30821582674980164,0.9161177277565002,0.42304110527038574,0.9997512698173523
192,6400,LEFT_INDEX,0.4680878221988678,0.28088319301605225,-0.07780750840902328,0.5936519503593445,0.999805748462677
192,6400,RIGHT_INDEX,0.5022901892662048,0.30228856205940247,0.91302090883255,0.42757683992385864,0.9997770190238953
192,6400,LEFT_THUMB,0.47617220878601074,0.28774353861808777,-0.06948398053646088,0.5970897674560547,0.9998503923416138
192,6400,RIGHT_THUMB,0.5004594922065735,0.30570390820503235,0.8669342994689941,0.43621957302093506,0.9998142123222351
192,6400,LEFT_HIP,0.563722550868988,0.5312296152114868,-0.193304643034935,0.9462745785713196,0.9999549388885498
192,6400,RIGHT_HIP,0.5387645363807678,0.5113392472267151,0.19377557933330536,0.9460809826850891,0.9999408721923828
192,6400,LEFT_KNEE,0.5158991813659668,0.6936820149421692,-0.3201998770236969,0.6040265560150146,0.9999521970748901
192,6400,RIGHT_KNEE,0.3445737659931183,0.45508673787117004,0.19224831461906433,0.5729106664657593,0.9998787641525269
192,6400,LEFT_ANKLE,0.5351288318634033,0.8725654482841492,-0.3782268166542053,0.4948572516441345,0.9980379939079285
192,6400,RIGHT_ANKLE,0.24715544283390045,0.610260546207428,0.2616608738899231,0.4876400828361511,0.9993082284927368
192,6400,LEFT_HEEL,0.565619707107544,0.9052983522415161,-0.3851160407066345,0.5027136206626892,0.9957691431045532
192,6400,RIGHT_HEEL,0.2507597506046295,0.6529675722122192,0.2620197534561157,0.5072267055511475,0.9989762306213379
192,6400,LEFT_FOOT_INDEX,0.43811678886413574,0.9115076065063477,-0.5418275594711304,0.49915000796318054,0.9919762015342712
192,6400,RIGHT_FOOT_INDEX,0.14383570849895477,0.5914808511734009,0.21350283920764923,0.4991237223148346,0.9974250793457031
193,6433,NOSE,0.4907459020614624,0.27413856983184814,-0.11222019046545029,0.9632842540740967,0.9999966621398926
193,6433,LEFT_EYE_INNER,0.4974748492240906,0.25852033495903015,-0.150424987077713,0.9659361839294434,0.9999951124191284
193,6433,LEFT_EYE,0.5011507272720337,0.2579513490200043,-0.15066112577915192,0.965694010257721,0.9999955892562866
193,6433,LEFT_EYE_OUTER,0.5044320225715637,0.25722217559814453,-0.15089529752731323,0.9663967490196228,0.9999954700469971
193,6433,RIGHT_EYE_INNER,0.4928617477416992,0.2576041519641876,-0.07871217280626297,0.9667307138442993,0.9999936819076538
193,6433,RIGHT_EYE,0.4930245280265808,0.25649091601371765,-0.0788889080286026,0.9634027481079102,0.9999926090240479
193,6433,RIGHT_EYE_OUTER,0.4926893413066864,0.2552667558193207,-0.07864607870578766,0.9623227119445801,0.9999908208847046
193,6433,LEFT_EAR,0.5255244374275208,0.25524309277534485,-0.11366335302591324,0.9646820425987244,0.9999967813491821
193,6433,RIGHT_EAR,0.5036260485649109,0.2543907165527344,0.049668218940496445,0.9610070586204529,0.9999926090240479
193,6433,MOUTH_LEFT,0.5026589632034302,0.28546342253685,-0.09341662377119064,0.9710347056388855,0.9999949932098389
193,6433,MOUTH_RIGHT,0.4964233934879303,0.2849474847316742,-0.03671008348464966,0.968169629573822,0.9999921321868896
193,6433,LEFT_SHOULDER,0.5851670503616333,0.3069961369037628,-0.2579771876335144,0.9896876215934753,0.9999911785125732
193,6433,RIGHT_SHOULDER,0.5216341018676758,0.31063592433929443,0.31928572058677673,0.9883002638816833,0.9999784231185913
193,6433,LEFT_ELBOW,0.48956039547920227,0.377721905708313,-0.3614788055419922,0.724582850933075,0.9999041557312012
193,6433,RIGHT_ELBOW,0.46320241689682007,0.37140440940856934,0.6769958734512329,0.5313387513160706,0.9998844861984253
193,6433,LEFT_WRIST,0.44508031010627747,0.29617536067962646,-0.25866571068763733,0.6525653600692749,0.9999799728393555
193,6433,RIGHT_WRIST,0.448822557926178,0.3182184398174286,0.8822067975997925,0.45124608278274536,0.9999682903289795
193,6433,LEFT_PINKY,0.4336310029029846,0.2789096534252167,-0.2784687876701355,0.6272537708282471,0.9999709129333496
193,6433,RIGHT_PINKY,0.44038254022598267,0.3132527470588684,0.9295114278793335,0.42320340871810913,0.9999493360519409
193,6433,LEFT_INDEX,0.44616377353668213,0.26923489570617676,-0.28003770112991333,0.6306398510932922,0.9999703168869019
193,6433,RIGHT_INDEX,0.4795093238353729,0.31470975279808044,0.9154855608940125,0.4264165461063385,0.9999562501907349
193,6433,LEFT_THUMB,0.4562619626522064,0.2774435877799988,-0.2527071535587311,0.6313176155090332,0.9999781847000122
193,6433,RIGHT_THUMB,0.48291832208633423,0.31923049688339233,0.8810872435569763,0.4348205626010895,0.999968409538269
193,6433,LEFT_HIP,0.5607830286026001,0.5325772166252136,-0.2069675326347351,0.9516463279724121,0.9999927282333374
193,6433,RIGHT_HIP,0.5154693126678467,0.5024613738059998,0.2076702117919922,0.9514679312705994,0.9999902248382568
193,6433,LEFT_KNEE,0.5133363604545593,0.6941506862640381,-0.34214866161346436,0.6435391902923584,0.9999842643737793
193,6433,RIGHT_KNEE,0.3459024429321289,0.4274744987487793,0.04507256671786308,0.6099995374679565,0.9999674558639526
193,6433,LEFT_ANKLE,0.5364589691162109,0.8748616576194763,-0.4191383123397827,0.5452691316604614,0.9992908239364624
193,6433,RIGHT_ANKLE,0.253256618976593,0.5838697552680969,0.111485056579113,0.5338955521583557,0.9998723268508911
193,6433,LEFT_HEEL,0.5671746134757996,0.9119648933410645,-0.43149304389953613,0.551612377166748,0.9984793066978455
193,6433,RIGHT_HEEL,0.255374550819397,0.6238967776298523,0.11257043480873108,0.5516573190689087,0.9998213648796082
193,6433,LEFT_FOOT_INDEX,0.43594852089881897,0.9141302704811096,-0.651293158531189,0.5489911437034607,0.9977990984916687
193,6433,RIGHT_FOOT_INDEX,0.1520509421825409,0.564764678478241,0.017949052155017853,0.5451624393463135,0.9995007514953613
194,6467,NOSE,0.49084213376045227,0.2709757685661316,-0.19210226833820343,0.9669550657272339,0.9999982118606567
194,6467,LEFT_EYE_INNER,0.4984714686870575,0.25613948702812195,-0.21288669109344482,0.9693422317504883,0.9999971389770508
194,6467,LEFT_EYE,0.5026720762252808,0.2556150555610657,-0.21311692893505096,0.9691241979598999,0.9999972581863403
194,6467,LEFT_EYE_OUTER,0.5066636800765991,0.2549270689487457,-0.21337081491947174,0.9697567820549011,0.9999970197677612
194,6467,RIGHT_EYE_INNER,0.4923372268676758,0.2553184926509857,-0.15555226802825928,0.9700571894645691,0.9999963045120239
194,6467,RIGHT_EYE,0.4919965863227844,0.2543012201786041,-0.15565073490142822,0.9670617580413818,0.9999957084655762
194,6467,RIGHT_EYE_OUTER,0.49118202924728394,0.2531125247478485,-0.1555822342634201,0.9660898447036743,0.9999947547912598
194,6467,LEFT_EAR,0.5284915566444397,0.2538630962371826,-0.13194645941257477,0.9682133197784424,0.9999982118606567
194,6467,RIGHT_EAR,0.5006669163703918,0.2516040503978729,0.04588502272963524,0.9649057388305664,0.9999967813491821
194,6467,MOUTH_LEFT,0.5025151968002319,0.282734751701355,-0.15891897678375244,0.9739301800727844,0.9999977350234985
194,6467,MOUTH_RIGHT,0.4951160252094269,0.2819236218929291,-0.08845306187868118,0.9713515639305115,0.9999967813491821
194,6467,LEFT_SHOULDER,0.5902637243270874,0.30920684337615967,-0.2503429055213928,0.9907182455062866,0.9999910593032837
194,6467,RIGHT_SHOULDER,0.509524941444397,0.3097386658191681,0.35370779037475586,0.9894631505012512,0.9999910593032837
194,6467,LEFT_ELBOW,0.4872170388698578,0.38419654965400696,-0.3577781021595001,0.7492408752441406,0.9997853636741638
194,6467,RIGHT_ELBOW,0.45267754793167114,0.3682537078857422,0.7489641904830933,0.5079917907714844,0.9998664855957031
194,6467,LEFT_WRIST,0.4428938031196594,0.29944664239883423,-0.26176512241363525,0.6840821504592896,0.9999653100967407
194,6467,RIGHT_WRIST,0.44184061884880066,0.3200652301311493,1.0040171146392822,0.4360600709915161,0.9999440908432007
194,6467,LEFT_PINKY,0.43402594327926636,0.27850228548049927,-0.2822044789791107,0.6592352986335754,0.9999579191207886
194,6467,RIGHT_PINKY,0.44289183616638184,0.32741764187812805,1.0610417127609253,0.40657293796539307,0.9999102354049683
194,6467,LEFT_INDEX,0.44794023036956787,0.27324801683425903,-0.2823643982410431,0.6615938544273376,0.9999521970748901
194,6467,RIGHT_INDEX,0.4796977639198303,0.3246678411960602,1.0418809652328491,0.4088278114795685,0.999923825263977
194,6467,LEFT_THUMB,0.4539679288864136,0.2811291217803955,-0.25545206665992737,0.658225953578949,0.9999631643295288
194,6467,RIGHT_THUMB,0.4818078279495239,0.32830309867858887,1.002945065498352,0.4181038439273834,0.9999438524246216
194,6467,LEFT_HIP,0.5588433146476746,0.5367772579193115,-0.21065273880958557,0.9564806222915649,0.9999922513961792
194,6467,RIGHT_HIP,0.5027446746826172,0.5033423900604248,0.21130196750164032,0.9563184380531311,0.9999927282333374
194,6467,LEFT_KNEE,0.5126128196716309,0.6959109902381897,-0.29226812720298767,0.6789842247962952,0.9999817609786987
194,6467,RIGHT_KNEE,0.34645378589630127,0.42493167519569397,-0.20267096161842346,0.6444224119186401,0.9999768733978271
194,6467,LEFT_ANKLE,0.5385169982910156,0.8748918771743774,-0.2850109338760376,0.5904971361160278,0.9991967082023621
194,6467,RIGHT_ANKLE,0.25242552161216736,0.5828139185905457,-0.24866758286952972,0.5749039053916931,0.9998700618743896
194,6467,LEFT_HEEL,0.5673335194587708,0.910487949848175,-0.28992369771003723,0.5944831371307373,0.998390793800354
194,6467,RIGHT_HEEL,0.2551436424255371,0.6226640939712524,-0.26017457246780396,0.5914678573608398,0.9998087286949158
194,6467,LEFT_FOOT_INDEX,0.43818235397338867,0.9142709970474243,-0.5245336890220642,0.5935906171798706,0.998267412185669
194,6467,RIGHT_FOOT_INDEX,0.15439534187316895,0.5651193857192993,-0.4158335030078888,0.5869946479797363,0.9994106292724609
195,6500,NOSE,0.4901220500469208,0.27163922786712646,-0.1983935385942459,0.9702587127685547,0.9999980926513672
195,6500,LEFT_EYE_INNER,0.49784326553344727,0.25787094235420227,-0.22378508746623993,0.9724076390266418,0.9999970197677612
195,6500,LEFT_EYE,0.5017333030700684,0.257462739944458,-0.22398784756660461,0.9722113609313965,0.9999972581863403
195,6500,LEFT_EYE_OUTER,0.5056695342063904,0.25666308403015137,-0.22425252199172974,0.9727807641029358,0.9999972581863403
195,6500,RIGHT_EYE_INNER,0.492080420255661,0.2568764090538025,-0.17091865837574005,0.9730509519577026,0.9999959468841553
195,6500,RIGHT_EYE,0.49172741174697876,0.25589001178741455,-0.17093440890312195,0.9703547954559326,0.9999953508377075
195,6500,RIGHT_EYE_OUTER,0.4906887710094452,0.2547496259212494,-0.17091326415538788,0.9694801568984985,0.9999943971633911
195,6500,LEFT_EAR,0.5272188186645508,0.2557947635650635,-0.19799205660820007,0.971391499042511,0.9999985694885254
195,6500,RIGHT_EAR,0.5003470778465271,0.25280988216400146,0.028366781771183014,0.9684143662452698,0.9999963045120239
195,6500,MOUTH_LEFT,0.5010458827018738,0.2827426493167877,-0.17974533140659332,0.9765361547470093,0.9999973773956299
195,6500,MOUTH_RIGHT,0.4945170283317566,0.2817453145980835,-0.11019871383905411,0.9742153286933899,0.9999958276748657
195,6500,LEFT_SHOULDER,0.5851593613624573,0.3102512061595917,-0.2752178907394409,0.9916460514068604,0.9999920129776001
195,6500,RIGHT_SHOULDER,0.5043845176696777,0.30540895462036133,0.3177408277988434,0.9905076622962952,0.9999879598617554
195,6500,LEFT_ELBOW,0.4766736626625061,0.38418781757354736,-0.29617100954055786,0.770393431186676,0.9997645020484924
195,6500,RIGHT_ELBOW,0.4436395466327667,0.35157299041748047,0.7204189896583557,0.4819639027118683,0.9998108744621277
195,6500,LEFT_WRIST,0.4395136833190918,0.29440152645111084,-0.07623805105686188,0.7099719047546387,0.999964714050293
195,6500,RIGHT_WRIST,0.4408247768878937,0.3005792498588562,1.0025299787521362,0.41581806540489197,0.9999488592147827
195,6500,LEFT_PINKY,0.4264864921569824,0.2790236473083496,-0.06766003370285034,0.6840447783470154,0.9999570846557617
195,6500,RIGHT_PINKY,0.43753960728645325,0.29108402132987976,1.0648343563079834,0.38777974247932434,0.9999229907989502
195,6500,LEFT_INDEX,0.4421459138393402,0.27068695425987244,-0.08434810489416122,0.6850311160087585,0.999954104423523
195,6500,RIGHT_INDEX,0.4663739800453186,0.28851306438446045,1.0552761554718018,0.38880324363708496,0.9999344348907471
195,6500,LEFT_THUMB,0.447131872177124,0.277908593416214,-0.0682239830493927,0.6764035820960999,0.9999654293060303
195,6500,RIGHT_THUMB,0.4707812964916229,0.2934662103652954,1.0055432319641113,0.3989526331424713,0.999954342842102
195,6500,LEFT_HIP,0.5579255223274231,0.5345410108566284,-0.2131454050540924,0.9608319401741028,0.9999959468841553
195,6500,RIGHT_HIP,0.4995118975639343,0.49716630578041077,0.2138865888118744,0.9606848955154419,0.9999960660934448
195,6500,LEFT_KNEE,0.5109018087387085,0.6953305006027222,-0.28585726022720337,0.710939884185791,0.999994158744812
195,6500,RIGHT_KNEE,0.3583888113498688,0.408245712518692,-0.12222960591316223,0.6752568483352661,0.99998939037323
195,6500,LEFT_ANKLE,0.5396339297294617,0.8757364153862,-0.2899714410305023,0.6313332319259644,0.9996229410171509
195,6500,RIGHT_ANKLE,0.2608870267868042,0.56678307056427,-0.17161759734153748,0.6127033233642578,0.9999357461929321
195,6500,LEFT_HEEL,0.5682740211486816,0.9106806516647339,-0.2954745292663574,0.6340453028678894,0.9991374015808105
195,6500,RIGHT_HEEL,0.26368582248687744,0.6071279644966125,-0.18421810865402222,0.6282944083213806,0.9999018907546997
195,6500,LEFT_FOOT_INDEX,0.44013291597366333,0.9138476848602295,-0.5244265794754028,0.634006142616272,0.9988969564437866
195,6500,RIGHT_FOOT_INDEX,0.16877402365207672,0.5545216798782349,-0.31394481658935547,0.6248392462730408,0.9996009469032288
196,6533,NOSE,0.48080483078956604,0.27053943276405334,-0.18719817698001862,0.97323077917099,0.9999959468841553
196,6533,LEFT_EYE_INNER,0.4891068637371063,0.25655850768089294,-0.21281981468200684,0.9751659631729126,0.9999934434890747
196,6533,LEFT_EYE,0.49250274896621704,0.25608089566230774,-0.21299588680267334,0.974989116191864,0.9999940395355225
196,6533,LEFT_EYE_OUTER,0.4962882101535797,0.2553911805152893,-0.21322950720787048,0.9755018949508667,0.9999939203262329
196,6533,RIGHT_EYE_INNER,0.4848859906196594,0.2559073865413666,-0.16488425433635712,0.9757444858551025,0.9999918937683105
196,6533,RIGHT_EYE,0.48545700311660767,0.2548847794532776,-0.1648460030555725,0.9733173847198486,0.9999910593032837
196,6533,RIGHT_EYE_OUTER,0.48560023307800293,0.2536129951477051,-0.16487272083759308,0.9725304245948792,0.9999897480010986
196,6533,LEFT_EAR,0.5191521644592285,0.2545943558216095,-0.22943928837776184,0.9742510318756104,0.9999966621398926
196,6533,RIGHT_EAR,0.49889156222343445,0.2516692876815796,0.019998619332909584,0.9715709090232849,0.999993085861206
196,6533,MOUTH_LEFT,0.4925267696380615,0.28193557262420654,-0.1755112111568451,0.9788803458213806,0.9999955892562866
196,6533,MOUTH_RIGHT,0.4881398379802704,0.2809755504131317,-0.10894595831632614,0.976791262626648,0.9999929666519165
196,6533,LEFT_SHOULDER,0.5813787579536438,0.3100571930408478,-0.3195332884788513,0.9924808144569397,0.9999862909317017
196,6533,RIGHT_SHOULDER,0.4989543557167053,0.30765384435653687,0.2949290871620178,0.9914431571960449,0.9999802112579346
196,6533,LEFT_ELBOW,0.4716128706932068,0.38651251792907715,-0.362493634223938,0.7896208763122559,0.9996683597564697
196,6533,RIGHT_ELBOW,0.4396671652793884,0.3566933572292328,0.6567415595054626,0.45888715982437134,0.9997288584709167
196,6533,LEFT_WRIST,0.4349513649940491,0.3035018742084503,-0.13815714418888092,0.7345295548439026,0.9999479055404663
196,6533,RIGHT_WRIST,0.4262060225009918,0.30718564987182617,0.8844811320304871,0.4045315086841583,0.9999243021011353
196,6533,LEFT_PINKY,0.42362940311431885,0.28465700149536133,-0.1382531076669693,0.7084460854530334,0.9999414682388306
196,6533,RIGHT_PINKY,0.404436320066452,0.2921239137649536,0.9377820491790771,0.3775724172592163,0.9998922348022461
196,6533,LEFT_INDEX,0.43697527050971985,0.27939778566360474,-0.14737792313098907,0.7084652185440063,0.9999372959136963
196,6533,RIGHT_INDEX,0.424577921628952,0.2890489399433136,0.9256606101989746,0.377740740776062,0.9999090433120728
196,6533,LEFT_THUMB,0.4423304796218872,0.28336581587791443,-0.1302734613418579,0.6957449316978455,0.9999502897262573
196,6533,RIGHT_THUMB,0.43841353058815,0.2928074598312378,0.8837620615959167,0.38858562707901,0.999936580657959
196,6533,LEFT_HIP,0.5577073097229004,0.534502387046814,-0.21379384398460388,0.9647474884986877,0.9999921321868896
196,6533,RIGHT_HIP,0.4989381730556488,0.49774667620658875,0.21453535556793213,0.9646123647689819,0.9999924898147583
196,6533,LEFT_KNEE,0.509792149066925,0.6954742670059204,-0.28110554814338684,0.7396479845046997,0.9999896287918091
196,6533,RIGHT_KNEE,0.36550259590148926,0.4085612893104553,-0.07774476706981659,0.7013054490089417,0.9999808073043823
196,6533,LEFT_ANKLE,0.5400301814079285,0.8762767314910889,-0.2864988148212433,0.668078601360321,0.9994528889656067
196,6533,RIGHT_ANKLE,0.2852018475532532,0.5641408562660217,-0.09829188138246536,0.6453250646591187,0.9999065399169922
196,6533,LEFT_HEEL,0.5680894255638123,0.9098061919212341,-0.29196175932884216,0.6697689294815063,0.998789370059967
196,6533,RIGHT_HEEL,0.2906859219074249,0.6062811613082886,-0.10748340934515,0.6604903340339661,0.9998599290847778
196,6533,LEFT_FOOT_INDEX,0.44173315167427063,0.9131344556808472,-0.5037581920623779,0.6703808903694153,0.9986485838890076
196,6533,RIGHT_FOOT_INDEX,0.17795208096504211,0.5579979419708252,-0.2128160297870636,0.6577906012535095,0.9995569586753845
197,6567,NOSE,0.47119635343551636,0.2715378403663635,-0.23645977675914764,0.9759023785591125,0.9999889135360718
197,6567,LEFT_EYE_INNER,0.48065048456192017,0.25751519203186035,-0.2675848603248596,0.9776464700698853,0.999984860420227
197,6567,LEFT_EYE,0.4840652644634247,0.25725749135017395,-0.2677978575229645,0.9774870276451111,0.9999865293502808
197,6567,LEFT_EYE_OUTER,0.4875745475292206,0.25681498646736145,-0.2680323123931885,0.9779493808746338,0.9999868869781494
197,6567,RIGHT_EYE_INNER,0.47590863704681396,0.25635167956352234,-0.21393734216690063,0.9781659841537476,0.9999805688858032
197,6567,RIGHT_EYE,0.47646990418434143,0.25535476207733154,-0.21391190588474274,0.9759798049926758,0.9999785423278809
197,6567,RIGHT_EYE_OUTER,0.4766841232776642,0.25424081087112427,-0.21396446228027344,0.9752717614173889,0.9999756813049316
197,6567,LEFT_EAR,0.5091010332107544,0.25651639699935913,-0.28682440519332886,0.9768221378326416,0.9999926090240479
197,6567,RIGHT_EAR,0.48976266384124756,0.25294387340545654,-0.039694126695394516,0.9744077324867249,0.9999831914901733
197,6567,MOUTH_LEFT,0.4839898943901062,0.28416377305984497,-0.23322215676307678,0.9809870719909668,0.9999889135360718
197,6567,MOUTH_RIGHT,0.48023033142089844,0.2827220559120178,-0.16304442286491394,0.979105532169342,0.9999816417694092
197,6567,LEFT_SHOULDER,0.5802415013313293,0.31366413831710815,-0.3668106198310852,0.9932315945625305,0.9999680519104004
197,6567,RIGHT_SHOULDER,0.5028494000434875,0.30934563279151917,0.28104373812675476,0.9922701120376587,0.9999529123306274
197,6567,LEFT_ELBOW,0.4674387276172638,0.38974690437316895,-0.4258780777454376,0.8068777918815613,0.9993754029273987
197,6567,RIGHT_ELBOW,0.43420565128326416,0.36058375239372253,0.5900185108184814,0.43855854868888855,0.9994999170303345
197,6567,LEFT_WRIST,0.4352923631668091,0.30567848682403564,-0.2376471310853958,0.7558170557022095,0.9999113082885742
197,6567,RIGHT_WRIST,0.4114772081375122,0.3126184642314911,0.7903932929039001,0.39339861273765564,0.9998588562011719
197,6567,LEFT_PINKY,0.42399945855140686,0.2847785949707031,-0.24786695837974548,0.7295154333114624,0.9999086856842041
197,6567,RIGHT_PINKY,0.38599589467048645,0.29865267872810364,0.8384385704994202,0.36799901723861694,0.9998207688331604
197,6567,LEFT_INDEX,0.43835940957069397,0.27686652541160583,-0.2572058439254761,0.7287635207176208,0.9999046325683594
197,6567,RIGHT_INDEX,0.4039281904697418,0.29631277918815613,0.8225719928741455,0.3676297664642334,0.9998453855514526
197,6567,LEFT_THUMB,0.44214606285095215,0.2847963571548462,-0.23206833004951477,0.7116937041282654,0.9999194145202637
197,6567,RIGHT_THUMB,0.4130220115184784,0.30165547132492065,0.7898616790771484,0.37884631752967834,0.9998853206634521
197,6567,LEFT_HIP,0.5574902892112732,0.534733772277832,-0.2124454826116562,0.9682706594467163,0.999987006187439
197,6567,RIGHT_HIP,0.49925875663757324,0.4994713366031647,0.2132468968629837,0.9681426286697388,0.9999871253967285
197,6567,LEFT_KNEE,0.5091884732246399,0.696017861366272,-0.3070168197154999,0.7654352188110352,0.9999874830245972
197,6567,RIGHT_KNEE,0.3673153519630432,0.412611186504364,-0.03198794275522232,0.7232093811035156,0.9999693632125854
197,6567,LEFT_ANKLE,0.5400874018669128,0.8780025839805603,-0.3193610608577728,0.7011655569076538,0.9993647933006287
197,6567,RIGHT_ANKLE,0.3152950406074524,0.5717654824256897,0.010753287002444267,0.673793613910675,0.9999034404754639
197,6567,LEFT_HEEL,0.5682898759841919,0.9097504615783691,-0.3263481855392456,0.7020902037620544,0.9985665678977966
197,6567,RIGHT_HEEL,0.32663479447364807,0.6119502186775208,0.00828489102423191,0.6888052821159363,0.9998623132705688
197,6567,LEFT_FOOT_INDEX,0.44254499673843384,0.913856565952301,-0.5346636772155762,0.7031379342079163,0.9982306361198425
197,6567,RIGHT_FOOT_INDEX,0.20804660022258759,0.5728222131729126,-0.07952991127967834,0.6861822605133057,0.9995927214622498
198,6600,NOSE,0.46265023946762085,0.2731062173843384,-0.20238374173641205,0.978309154510498,0.9999960660934448
198,6600,LEFT_EYE_INNER,0.47098252177238464,0.25929540395736694,-0.25411170721054077,0.9798803329467773,0.9999947547912598
198,6600,LEFT_EYE,0.47432562708854675,0.2588600218296051,-0.2545415461063385,0.9797367453575134,0.999995231628418
198,6600,LEFT_EYE_OUTER,0.4775804281234741,0.25811150670051575,-0.25484704971313477,0.9801533222198486,0.9999953508377075
198,6600,RIGHT_EYE_INNER,0.46725016832351685,0.25842714309692383,-0.17751194536685944,0.9803473353385925,0.9999935626983643
198,6600,RIGHT_EYE,0.4683055579662323,0.2574866712093353,-0.17752104997634888,0.97837895154953,0.999993085861206
198,6600,RIGHT_EYE_OUTER,0.4690014719963074,0.2564651668071747,-0.1775464564561844,0.9777419567108154,0.9999922513961792
198,6600,LEFT_EAR,0.49936237931251526,0.2570561468601227,-0.25511935353279114,0.9791379570960999,0.9999974966049194
198,6600,RIGHT_EAR,0.48300325870513916,0.2547517716884613,-0.008690991438925266,0.9769641757011414,0.9999951124191284
198,6600,MOUTH_LEFT,0.47640588879585266,0.28500065207481384,-0.2311331182718277,0.9828848838806152,0.9999961853027344
198,6600,MOUTH_RIGHT,0.47346898913383484,0.28421318531036377,-0.12864424288272858,0.9811909794807434,0.9999940395355225
198,6600,LEFT_SHOULDER,0.5800493955612183,0.31028616428375244,-0.34065985679626465,0.9939078688621521,0.9999891519546509
198,6600,RIGHT_SHOULDER,0.5042175650596619,0.3106546700000763,0.28485605120658875,0.9930282235145569,0.9999861717224121
198,6600,LEFT_ELBOW,0.4662252962589264,0.39050543308258057,-0.39068490266799927,0.822273850440979,0.9997147917747498
198,6600,RIGHT_ELBOW,0.43237894773483276,0.363506555557251,0.6308581233024597,0.41346433758735657,0.9997642636299133
198,6600,LEFT_WRIST,0.42429816722869873,0.3098409175872803,-0.18724820017814636,0.7737563252449036,0.9999438524246216
198,6600,RIGHT_WRIST,0.4079478681087494,0.3175012171268463,0.8444101214408875,0.3755432069301605,0.9999229907989502
198,6600,LEFT_PINKY,0.4129210412502289,0.2895526885986328,-0.19262026250362396,0.7465339303016663,0.9999406337738037
198,6600,RIGHT_PINKY,0.396507203578949,0.3000166118144989,0.8939411044120789,0.3520795404911041,0.9998995065689087
198,6600,LEFT_INDEX,0.4262104034423828,0.2841496169567108,-0.2003459483385086,0.744799792766571,0.9999371767044067
198,6600,RIGHT_INDEX,0.40883636474609375,0.2986167371273041,0.8831823468208313,0.3512521982192993,0.999914288520813
198,6600,LEFT_THUMB,0.4311731159687042,0.28971707820892334,-0.18069030344486237,0.7227525115013123,0.9999483823776245
198,6600,RIGHT_THUMB,0.41842323541641235,0.3031291663646698,0.8431574106216431,0.36229798197746277,0.9999381303787231
198,6600,LEFT_HIP,0.5578895807266235,0.5331445336341858,-0.21458496153354645,0.971442699432373,0.9999966621398926
198,6600,RIGHT_HIP,0.4973337948322296,0.5009865164756775,0.21533501148223877,0.9713252782821655,0.9999969005584717
198,6600,LEFT_KNEE,0.5086961388587952,0.6960747838020325,-0.29546263813972473,0.7885510325431824,0.9999957084655762
198,6600,RIGHT_KNEE,0.36857277154922485,0.4205136001110077,-0.058904897421598434,0.741163432598114,0.9999909400939941
198,6600,LEFT_ANKLE,0.5401176810264587,0.8774815201759338,-0.30069512128829956,0.7308967709541321,0.9997674822807312
198,6600,RIGHT_ANKLE,0.3401458263397217,0.5849087834358215,-0.0457640141248703,0.697111189365387,0.9999737739562988
198,6600,LEFT_HEEL,0.568211555480957,0.9087921977043152,-0.3064723014831543,0.7309182286262512,0.9994776844978333
198,6600,RIGHT_HEEL,0.3570783734321594,0.6238622665405273,-0.05219938978552818,0.7126303911209106,0.9999595880508423
198,6600,LEFT_FOOT_INDEX,0.44282153248786926,0.9131882786750793,-0.5102590918540955,0.7325695157051086,0.999268114566803
198,6600,RIGHT_FOOT_INDEX,0.24201224744319916,0.5895763635635376,-0.14354704320430756,0.7112649083137512,0.9998453855514526
199,6633,NOSE,0.4573201537132263,0.2747704088687897,-0.1855149120092392,0.980474591255188,0.9999841451644897
199,6633,LEFT_EYE_INNER,0.46455901861190796,0.26117584109306335,-0.24593061208724976,0.9818904995918274,0.9999834299087524
199,6633,LEFT_EYE,0.46769052743911743,0.2607358992099762,-0.24615173041820526,0.9817613363265991,0.9999854564666748
199,6633,LEFT_EYE_OUTER,0.4706929922103882,0.2601356506347656,-0.2464219182729721,0.9821367263793945,0.9999864101409912
199,6633,RIGHT_EYE_INNER,0.4615984261035919,0.2603248953819275,-0.1623934954404831,0.9823101162910461,0.9999793767929077
199,6633,RIGHT_EYE,0.4628732204437256,0.25940001010894775,-0.1624288260936737,0.9805375933647156,0.9999779462814331
199,6633,RIGHT_EYE_OUTER,0.46385693550109863,0.25844940543174744,-0.16245442628860474,0.9799642562866211,0.9999756813049316
199,6633,LEFT_EAR,0.4926559627056122,0.2593199610710144,-0.26784005761146545,0.9812225103378296,0.9999939203262329
199,6633,RIGHT_EAR,0.47990289330482483,0.25677934288978577,-0.004328148905187845,0.9792647361755371,0.9999855756759644
199,6633,MOUTH_LEFT,0.4720709025859833,0.28679174184799194,-0.2114439308643341,0.9845927953720093,0.9999879598617554
199,6633,MOUTH_RIGHT,0.4699341952800751,0.28624406456947327,-0.11650640517473221,0.9830671548843384,0.9999797344207764
199,6633,LEFT_SHOULDER,0.5713822245597839,0.31258538365364075,-0.3809848725795746,0.9945164322853088,0.9999816417694092
199,6633,RIGHT_SHOULDER,0.5106219053268433,0.31050020456314087,0.2879437506198883,0.9937015175819397,0.9999632835388184
199,6633,LEFT_ELBOW,0.45892930030822754,0.3944171369075775,-0.40822380781173706,0.8360885381698608,0.9995278120040894
199,6633,RIGHT_ELBOW,0.4396785795688629,0.365860253572464,0.6710227727890015,0.3843604624271393,0.9994468092918396
199,6633,LEFT_WRIST,0.4169483780860901,0.3203657865524292,-0.15981686115264893,0.7903734445571899,0.9998970031738281
199,6633,RIGHT_WRIST,0.4127010703086853,0.31845104694366455,0.9334192276000977,0.35193783044815063,0.9998078942298889
199,6633,LEFT_PINKY,0.4073573350906372,0.30256450176239014,-0.16222898662090302,0.7635394334793091,0.9998838901519775
199,6633,RIGHT_PINKY,0.4035341143608093,0.3057190775871277,0.9942979216575623,0.3317054212093353,0.9997578263282776
199,6633,LEFT_INDEX,0.4209955632686615,0.2948204278945923,-0.1722451150417328,0.7613545060157776,0.9998779296875
199,6633,RIGHT_INDEX,0.4181911051273346,0.3036816418170929,0.9834790825843811,0.33073699474334717,0.9997915625572205
199,6633,LEFT_THUMB,0.4281276762485504,0.3011489510536194,-0.15353474020957947,0.7358646988868713,0.9999021291732788
199,6633,RIGHT_THUMB,0.4256651997566223,0.3080664575099945,0.9329915642738342,0.34176069498062134,0.9998414516448975
199,6633,LEFT_HIP,0.5578338503837585,0.5383416414260864,-0.2253541499376297,0.9742971062660217,0.9999935626983643
199,6633,RIGHT_HIP,0.4976024925708771,0.508823812007904,0.22617775201797485,0.9741876721382141,0.9999929666519165
199,6633,LEFT_KNEE,0.5077308416366577,0.6977970600128174,-0.3060137629508972,0.8094179034233093,0.999991774559021
199,6633,RIGHT_KNEE,0.3682689964771271,0.4358796775341034,0.01830148696899414,0.7582023739814758,0.999974250793457
199,6633,LEFT_ANKLE,0.5402538776397705,0.8784534931182861,-0.3024825155735016,0.7576828598976135,0.999544084072113
199,6633,RIGHT_ANKLE,0.35890907049179077,0.587323009967804,0.10252005606889725,0.7187864184379578,0.9999405145645142
199,6633,LEFT_HEEL,0.5683290958404541,0.9081655144691467,-0.3068912625312805,0.7570554614067078,0.9990060925483704
199,6633,RIGHT_HEEL,0.38554856181144714,0.6308709383010864,0.10184179991483688,0.733860194683075,0.999910831451416
199,6633,LEFT_FOOT_INDEX,0.44051551818847656,0.9127079844474792,-0.4954945743083954,0.7591018080711365,0.9983816146850586
199,6633,RIGHT_FOOT_INDEX,0.26283419132232666,0.6079279184341431,0.028532344847917557,0.7335365414619446,0.9996806383132935
200,6667,NOSE,0.4533565938472748,0.2752591073513031,-0.17545290291309357,0.9824215173721313,0.9999527931213379
200,6667,LEFT_EYE_INNER,0.4590672254562378,0.2613079249858856,-0.2378290742635727,0.9836979508399963,0.9999549388885498
200,6667,LEFT_EYE,0.46137291193008423,0.2608117461204529,-0.23795834183692932,0.9835820198059082,0.9999591112136841
200,6667,LEFT_EYE_OUTER,0.46385329961776733,0.2599733769893646,-0.2382480651140213,0.9839207530021667,0.9999611377716064
200,6667,RIGHT_EYE_INNER,0.45796218514442444,0.2604163885116577,-0.15286585688591003,0.9840741753578186,0.9999480247497559
200,6667,RIGHT_EYE,0.4596477150917053,0.25942251086235046,-0.15292076766490936,0.9824772477149963,0.999945878982544
200,6667,RIGHT_EYE_OUTER,0.46106183528900146,0.2582249343395233,-0.1529652625322342,0.9819614291191101,0.9999436140060425
200,6667,LEFT_EAR,0.48479557037353516,0.25977471470832825,-0.27747467160224915,0.9830969572067261,0.9999786615371704
200,6667,RIGHT_EAR,0.477822870016098,0.25728264451026917,0.0026587864849716425,0.9813320636749268,0.9999631643295288
200,6667,MOUTH_LEFT,0.4682817757129669,0.28729739785194397,-0.19967368245124817,0.9861274361610413,0.9999690055847168
200,6667,MOUTH_RIGHT,0.4669477641582489,0.2866775393486023,-0.10729411244392395,0.9847515821456909,0.9999507665634155
200,6667,LEFT_SHOULDER,0.5626384019851685,0.31523364782333374,-0.39807412028312683,0.995063304901123,0.999946117401123
200,6667,RIGHT_SHOULDER,0.5103670358657837,0.31297069787979126,0.3018898367881775,0.994289755821228,0.9999161958694458
200,6667,LEFT_ELBOW,0.4593065679073334,0.3968130648136139,-0.4144698977470398,0.8472757339477539,0.9991151690483093
200,6667,RIGHT_ELBOW,0.4499475359916687,0.367654025554657,0.7165391445159912,0.3544808030128479,0.9991346001625061
200,6667,LEFT_WRIST,0.41516876220703125,0.32341790199279785,-0.14998702704906464,0.803462028503418,0.9998010993003845
200,6667,RIGHT_WRIST,0.41529956459999084,0.3271673619747162,0.9879010319709778,0.32791996002197266,0.9997171759605408
200,6667,LEFT_PINKY,0.4065224528312683,0.3092763423919678,-0.15037181973457336,0.7772529125213623,0.9997965693473816
200,6667,RIGHT_PINKY,0.40815338492393494,0.3108046352863312,1.0485543012619019,0.3114245533943176,0.9996782541275024
200,6667,LEFT_INDEX,0.41921576857566833,0.2987461984157562,-0.16570185124874115,0.774578332901001,0.999776303768158
200,6667,RIGHT_INDEX,0.4205268621444702,0.30826589465141296,1.032319188117981,0.3105785548686981,0.9997128844261169
200,6667,LEFT_THUMB,0.42356744408607483,0.3069098889827728,-0.1449396014213562,0.7451050877571106,0.9998164772987366
200,6667,RIGHT_THUMB,0.42906394600868225,0.3100335896015167,0.9843292832374573,0.3217664957046509,0.9997747540473938
200,6667,LEFT_HIP,0.55780428647995,0.5429685711860657,-0.22847852110862732,0.976863443851471,0.99997878074646
200,6667,RIGHT_HIP,0.49800747632980347,0.5149669051170349,0.2293655127286911,0.9767585396766663,0.9999797344207764
200,6667,LEFT_KNEE,0.5020836591720581,0.6989431977272034,-0.2890932261943817,0.8281258344650269,0.9999915361404419
200,6667,RIGHT_KNEE,0.3632635176181793,0.4539809226989746,0.011480188928544521,0.7771563529968262,0.9999748468399048
200,6667,LEFT_ANKLE,0.5390051603317261,0.8789705038070679,-0.29232946038246155,0.7817879319190979,0.9996091723442078
200,6667,RIGHT_ANKLE,0.37109676003456116,0.6302742958068848,0.10541597753763199,0.7406995892524719,0.9999562501907349
200,6667,LEFT_HEEL,0.5680509805679321,0.9085055589675903,-0.29583626985549927,0.7804223895072937,0.9991952776908875
200,6667,RIGHT_HEEL,0.4001390337944031,0.6611937880516052,0.10697252303361893,0.7540897727012634,0.9999328851699829
200,6667,LEFT_FOOT_INDEX,0.4388231337070465,0.9124851822853088,-0.4681362807750702,0.7829883098602295,0.9987406134605408
200,6667,RIGHT_FOOT_INDEX,0.27847620844841003,0.6582695841789246,0.026910213753581047,0.7555623650550842,0.9997798800468445
201,6700,NOSE,0.4554172456264496,0.27508968114852905,-0.11740836501121521,0.9841710329055786,0.9998562335968018
201,6700,LEFT_EYE_INNER,0.46090689301490784,0.26186925172805786,-0.1759006530046463,0.9853212833404541,0.9998536109924316
201,6700,LEFT_EYE,0.4628244638442993,0.2613281309604645,-0.17603689432144165,0.9852180480957031,0.9998621940612793
201,6700,LEFT_EYE_OUTER,0.46484023332595825,0.26059412956237793,-0.17618732154369354,0.9855239391326904,0.9998667240142822
201,6700,RIGHT_EYE_INNER,0.45956552028656006,0.26110729575157166,-0.1009523943066597,0.9856587648391724,0.999848484992981
201,6700,RIGHT_EYE,0.46085602045059204,0.26015129685401917,-0.1009664461016655,0.984220027923584,0.9998502731323242
201,6700,RIGHT_EYE_OUTER,0.46181198954582214,0.25906917452812195,-0.10105805099010468,0.9837549924850464,0.9998488426208496
201,6700,LEFT_EAR,0.48294347524642944,0.2610383629798889,-0.26850372552871704,0.984780490398407,0.9999260902404785
201,6700,RIGHT_EAR,0.479288250207901,0.25872722268104553,0.028640758246183395,0.983186662197113,0.999897837638855
201,6700,MOUTH_LEFT,0.46958643198013306,0.28741902112960815,-0.15331211686134338,0.9875032901763916,0.999897837638855
201,6700,MOUTH_RIGHT,0.46778368949890137,0.2869383990764618,-0.060271088033914566,0.9862574338912964,0.9998582601547241
201,6700,LEFT_SHOULDER,0.5540337562561035,0.31752607226371765,-0.4101422429084778,0.9955549240112305,0.9999256134033203
201,6700,RIGHT_SHOULDER,0.5150907635688782,0.31477272510528564,0.30735090374946594,0.9947955012321472,0.9998534917831421
201,6700,LEFT_ELBOW,0.461500883102417,0.4008116126060486,-0.3889380991458893,0.8568445444107056,0.9991267323493958
201,6700,RIGHT_ELBOW,0.4640663266181946,0.377573162317276,0.6607279777526855,0.33112844824790955,0.9992786049842834
201,6700,LEFT_WRIST,0.4115126430988312,0.3433452844619751,-0.060244765132665634,0.8125091195106506,0.9997709393501282
201,6700,RIGHT_WRIST,0.41629356145858765,0.3435443043708801,0.8912075757980347,0.3099316656589508,0.9997265934944153
201,6700,LEFT_PINKY,0.40244048833847046,0.33146700263023376,-0.04952782765030861,0.7869566679000854,0.9997697472572327
201,6700,RIGHT_PINKY,0.4063296318054199,0.32959404587745667,0.943536102771759,0.29715803265571594,0.99968421459198
201,6700,LEFT_INDEX,0.41338038444519043,0.32451048493385315,-0.07043658941984177,0.7840777039527893,0.9997578263282776
201,6700,RIGHT_INDEX,0.4183753728866577,0.3245168626308441,0.9287238121032715,0.29637259244918823,0.9996998310089111
201,6700,LEFT_THUMB,0.41702473163604736,0.32790607213974,-0.05386926606297493,0.751565158367157,0.9997897744178772
201,6700,RIGHT_THUMB,0.4243154525756836,0.3257554769515991,0.889937162399292,0.3074401319026947,0.9997546076774597
201,6700,LEFT_HIP,0.5577866435050964,0.5457835793495178,-0.23772965371608734,0.9791750311851501,0.9999940395355225
201,6700,RIGHT_HIP,0.5011541247367859,0.5211281776428223,0.23838484287261963,0.9790703058242798,0.9999905824661255
201,6700,LEFT_KNEE,0.4975243806838989,0.6996311545372009,-0.3181842267513275,0.8452610373497009,0.9999971389770508
201,6700,RIGHT_KNEE,0.35332122445106506,0.48758935928344727,0.3190571367740631,0.7949967384338379,0.9999756813049316
201,6700,LEFT_ANKLE,0.538607120513916,0.8792774677276611,-0.3360220193862915,0.8035877346992493,0.9998281002044678
201,6700,RIGHT_ANKLE,0.3737364113330841,0.6615768074989319,0.5910273194313049,0.7625253200531006,0.999971866607666
201,6700,LEFT_HEEL,0.5680615305900574,0.9082034826278687,-0.33943697810173035,0.8022194504737854,0.9996259212493896
201,6700,RIGHT_HEEL,0.407314658164978,0.6873300671577454,0.6117214560508728,0.7738028764724731,0.9999650716781616
201,6700,LEFT_FOOT_INDEX,0.43870115280151367,0.9131878018379211,-0.4913276731967926,0.8046364188194275,0.9989546537399292
201,6700,RIGHT_FOOT_INDEX,0.2912461459636688,0.6942581534385681,0.5967147350311279,0.7755398750305176,0.9998849630355835
202,6733,NOSE,0.4550851583480835,0.27528685331344604,-0.07624100148677826,0.9857523441314697,0.9999542236328125
202,6733,LEFT_EYE_INNER,0.4600352346897125,0.2625724673271179,-0.1315436065196991,0.9867877960205078,0.9999290704727173
202,6733,LEFT_EYE,0.4616502821445465,0.26199692487716675,-0.13158705830574036,0.9866950511932373,0.999923825263977
202,6733,LEFT_EYE_OUTER,0.46310263872146606,0.26139378547668457,-0.13164766132831573,0.9869704246520996,0.9999148845672607
202,6733,RIGHT_EYE_INNER,0.45951807498931885,0.26181432604789734,-0.05950137972831726,0.9870914816856384,0.999941349029541
202,6733,RIGHT_EYE,0.4610624611377716,0.26080986857414246,-0.05953077971935272,0.9857965707778931,0.9999445676803589
202,6733,RIGHT_EYE_OUTER,0.462238073348999,0.25965195894241333,-0.05959127098321915,0.9853779673576355,0.9999457597732544
202,6733,LEFT_EAR,0.48036980628967285,0.2630572021007538,-0.26174396276474,0.9863011837005615,0.9999479055404663
202,6733,RIGHT_EAR,0.4793812036514282,0.25951239466667175,0.06439165771007538,0.9848658442497253,0.9999656677246094
202,6733,MOUTH_LEFT,0.46834468841552734,0.28759288787841797,-0.11398249119520187,0.9887502789497375,0.999955415725708
202,6733,MOUTH_RIGHT,0.46705639362335205,0.2875852584838867,-0.022670933976769447,0.9876271486282349,0.9999556541442871
202,6733,LEFT_SHOULDER,0.5501033663749695,0.3231900632381439,-0.4001861810684204,0.9959980249404907,0.9999393224716187
202,6733,RIGHT_SHOULDER,0.5158704519271851,0.31628739833831787,0.31600263714790344,0.9952927231788635,0.9999648332595825
202,6733,LEFT_ELBOW,0.46980810165405273,0.4238136410713196,-0.37738877534866333,0.8680696487426758,0.9992510676383972
202,6733,RIGHT_ELBOW,0.46612444519996643,0.40453773736953735,0.4135684370994568,0.31727853417396545,0.9997286200523376
202,6733,LEFT_WRIST,0.4145272672176361,0.37484434247016907,0.04655091464519501,0.8224430680274963,0.9998273253440857
202,6733,RIGHT_WRIST,0.4173221290111542,0.3741481304168701,0.34057557582855225,0.29537343978881836,0.9998843669891357
202,6733,LEFT_PINKY,0.4033731520175934,0.3659936785697937,0.06739939004182816,0.7949594259262085,0.999832272529602
202,6733,RIGHT_PINKY,0.40750908851623535,0.3653917610645294,0.3592783510684967,0.2833046615123749,0.9998655319213867
202,6733,LEFT_INDEX,0.4148775041103363,0.35677435994148254,0.06144677847623825,0.7915729880332947,0.9998279809951782
202,6733,RIGHT_INDEX,0.41690361499786377,0.3580578863620758,0.3623158633708954,0.2819250822067261,0.9998706579208374
202,6733,LEFT_THUMB,0.419066846370697,0.3604423403739929,0.06097881868481636,0.7562285661697388,0.9998530149459839
202,6733,RIGHT_THUMB,0.42460572719573975,0.35927721858024597,0.33501365780830383,0.2927461266517639,0.9998924732208252
202,6733,LEFT_HIP,0.5611336827278137,0.5537012815475464,-0.23642322421073914,0.9812548756599426,0.9999911785125732
202,6733,RIGHT_HIP,0.5100559592247009,0.5373322367668152,0.23677365481853485,0.981153130531311,0.9999936819076538
202,6733,LEFT_KNEE,0.48672932386398315,0.7001115679740906,-0.31889820098876953,0.860697865486145,0.9999971389770508
202,6733,RIGHT_KNEE,0.34655359387397766,0.5468799471855164,0.32761019468307495,0.8119181990623474,0.9999849796295166
202,6733,LEFT_ANKLE,0.537839412689209,0.879115104675293,-0.3388732671737671,0.8232058882713318,0.9998164772987366
202,6733,RIGHT_ANKLE,0.37164270877838135,0.718282163143158,0.5783995389938354,0.7836024761199951,0.9999796152114868
202,6733,LEFT_HEEL,0.5680269598960876,0.9079583883285522,-0.3426610827445984,0.8217928409576416,0.9996013045310974
202,6733,RIGHT_HEEL,0.400353342294693,0.7460450530052185,0.5971397161483765,0.7923476696014404,0.9999707937240601
202,6733,LEFT_FOOT_INDEX,0.4377240240573883,0.9138602018356323,-0.48311418294906616,0.8241236209869385,0.9989297986030579
202,6733,RIGHT_FOOT_INDEX,0.283663272857666,0.7506842017173767,0.5814341306686401,0.7952799201011658,0.9998983144760132
203,6767,NOSE,0.45205098390579224,0.27636831998825073,-0.06382572650909424,0.9871754050254822,0.9999245405197144
203,6767,LEFT_EYE_INNER,0.45621246099472046,0.2635221481323242,-0.11697155982255936,0.9881075024604797,0.9998973608016968
203,6767,LEFT_EYE,0.4573085308074951,0.2629566788673401,-0.11702524125576019,0.9880242943763733,0.9998949766159058
203,6767,LEFT_EYE_OUTER,0.4582021236419678,0.26229047775268555,-0.1171189472079277,0.9882722496986389,0.9998887777328491
203,6767,RIGHT_EYE_INNER,0.4573763608932495,0.2627163231372833,-0.04741857573390007,0.9883808493614197,0.999904990196228
203,6767,RIGHT_EYE,0.4595515727996826,0.26168930530548096,-0.04739930480718613,0.9872152805328369,0.9999074935913086
203,6767,RIGHT_EYE_OUTER,0.4614700675010681,0.2605033814907074,-0.04744648560881615,0.9868384003639221,0.9999070167541504
203,6767,LEFT_EAR,0.47554126381874084,0.26392537355422974,-0.24781298637390137,0.9876697659492493,0.9999344348907471
203,6767,RIGHT_EAR,0.4793316721916199,0.2597986161708832,0.07183666527271271,0.9863767623901367,0.9999381303787231
203,6767,MOUTH_LEFT,0.4633985161781311,0.2888332009315491,-0.10103680193424225,0.989872395992279,0.9999178647994995
203,6767,MOUTH_RIGHT,0.46385782957077026,0.2887013852596283,-0.0123862624168396,0.9888592958450317,0.9999054670333862
203,6767,LEFT_SHOULDER,0.5467522740364075,0.32570880651474,-0.3887809216976166,0.9963962435722351,0.9999033212661743
203,6767,RIGHT_SHOULDER,0.5150755047798157,0.31764328479766846,0.32319432497024536,0.9957159757614136,0.999901533126831
203,6767,LEFT_ELBOW,0.48275768756866455,0.4301532208919525,-0.32188019156455994,0.8779186010360718,0.9989582300186157
203,6767,RIGHT_ELBOW,0.46742507815361023,0.40134453773498535,0.501086950302124,0.30379143357276917,0.9995416402816772
203,6767,LEFT_WRIST,0.41799432039260864,0.3882006108760834,0.10634022206068039,0.83022141456604,0.9998050332069397
203,6767,RIGHT_WRIST,0.41757965087890625,0.3731481432914734,0.6021034717559814,0.2796497344970703,0.9997989535331726
203,6767,LEFT_PINKY,0.40736567974090576,0.3807549774646759,0.1303967982530594,0.8004202246665955,0.9998055100440979
203,6767,RIGHT_PINKY,0.40573936700820923,0.3683711886405945,0.6399807929992676,0.2682945728302002,0.9997527003288269
203,6767,LEFT_INDEX,0.4184974730014801,0.3713023066520691,0.11847399175167084,0.7965235114097595,0.9998070597648621
203,6767,RIGHT_INDEX,0.4161229729652405,0.3599109351634979,0.6337087750434875,0.26653772592544556,0.9997655749320984
203,6767,LEFT_THUMB,0.4225930869579315,0.37276703119277954,0.11893841624259949,0.7583697438240051,0.9998329877853394
203,6767,RIGHT_THUMB,0.42183899879455566,0.36455628275871277,0.5979955792427063,0.2772587835788727,0.9998103976249695
203,6767,LEFT_HIP,0.5646111369132996,0.5538898706436157,-0.23528581857681274,0.9831261038780212,0.9999880790710449
203,6767,RIGHT_HIP,0.5172873735427856,0.5404319763183594,0.2356550544500351,0.9830242991447449,0.9999898672103882
203,6767,LEFT_KNEE,0.4840939939022064,0.6996852159500122,-0.3264165222644806,0.8745968341827393,0.9999958276748657
203,6767,RIGHT_KNEE,0.3461558520793915,0.552964448928833,0.3295559585094452,0.8277137875556946,0.9999779462814331
203,6767,LEFT_ANKLE,0.537528932094574,0.8754040598869324,-0.3519395887851715,0.8408670425415039,0.999756395816803
203,6767,RIGHT_ANKLE,0.3758670389652252,0.7242447733879089,0.5708344578742981,0.8030213713645935,0.9999637603759766
203,6767,LEFT_HEEL,0.56805419921875,0.907669723033905,-0.3561410903930664,0.8394767045974731,0.9994615912437439
203,6767,RIGHT_HEEL,0.39898309111595154,0.756018340587616,0.5877957940101624,0.8095079660415649,0.9999456405639648
203,6767,LEFT_FOOT_INDEX,0.4379796087741852,0.9137308597564697,-0.4908173084259033,0.8416703343391418,0.9984667897224426
203,6767,RIGHT_FOOT_INDEX,0.28139373660087585,0.7585363388061523,0.5651088953018188,0.8132622241973877,0.9998130202293396
204,6800,NOSE,0.45093828439712524,0.2795756757259369,-0.026986567303538322,0.9884568452835083,0.9999300241470337
204,6800,LEFT_EYE_INNER,0.4556311070919037,0.26720714569091797,-0.07778215408325195,0.9892958402633667,0.9998986721038818
204,6800,LEFT_EYE,0.45698070526123047,0.26674842834472656,-0.0778195858001709,0.9892210364341736,0.9998910427093506
204,6800,LEFT_EYE_OUTER,0.45815765857696533,0.26625901460647583,-0.0779079720377922,0.9894443154335022,0.9998766183853149
204,6800,RIGHT_EYE_INNER,0.4564834535121918,0.2665126621723175,-0.005306737031787634,0.9895419478416443,0.9999152421951294
204,6800,RIGHT_EYE,0.4586760997772217,0.26558834314346313,-0.005331277381628752,0.9884929060935974,0.999920129776001
204,6800,RIGHT_EYE_OUTER,0.4607410728931427,0.26449501514434814,-0.005384762305766344,0.9881536960601807,0.9999232292175293
204,6800,LEFT_EAR,0.4765060245990753,0.2708020806312561,-0.19531884789466858,0.9889020919799805,0.9999294281005859
204,6800,RIGHT_EAR,0.479275107383728,0.2657248377799988,0.1280193030834198,0.9877375364303589,0.9999532699584961
204,6800,MOUTH_LEFT,0.4625774621963501,0.29164648056030273,-0.0634697750210762,0.9908831715583801,0.9999284744262695
204,6800,MOUTH_RIGHT,0.4622603952884674,0.2914077043533325,0.028465287759900093,0.9899695515632629,0.9999279975891113
204,6800,LEFT_SHOULDER,0.5451909303665161,0.33609145879745483,-0.38276204466819763,0.9967548847198486,0.999896764755249
204,6800,RIGHT_SHOULDER,0.5145547986030579,0.3240323066711426,0.37524259090423584,0.9961062073707581,0.9999364614486694
204,6800,LEFT_ELBOW,0.4911605417728424,0.4409298002719879,-0.3094562590122223,0.8880089521408081,0.9989885687828064
204,6800,RIGHT_ELBOW,0.474590539932251,0.41505691409111023,0.43988555669784546,0.28721919655799866,0.9995707869529724
204,6800,LEFT_WRIST,0.4191824495792389,0.40087273716926575,0.1247616708278656,0.8391554355621338,0.9997814297676086
204,6800,RIGHT_WRIST,0.41973403096199036,0.39071473479270935,0.33129173517227173,0.2618137001991272,0.9997938275337219
204,6800,LEFT_PINKY,0.405593603849411,0.3943346440792084,0.14865636825561523,0.8068971037864685,0.9997677206993103
204,6800,RIGHT_PINKY,0.40641915798187256,0.3861229121685028,0.3454292416572571,0.25154682993888855,0.9997631907463074
204,6800,LEFT_INDEX,0.41606584191322327,0.38449305295944214,0.14478568732738495,0.802439272403717,0.9997794032096863
204,6800,RIGHT_INDEX,0.4172106087207794,0.3765427768230438,0.34655967354774475,0.24947765469551086,0.9997696280479431
204,6800,LEFT_THUMB,0.42217013239860535,0.38633450865745544,0.14148187637329102,0.7611055970191956,0.9998132586479187
204,6800,RIGHT_THUMB,0.4225453734397888,0.3813187777996063,0.3230883479118347,0.2596855163574219,0.9998069405555725
204,6800,LEFT_HIP,0.5675992965698242,0.5594648122787476,-0.23642104864120483,0.984809160232544,0.9999814033508301
204,6800,RIGHT_HIP,0.5190465450286865,0.5466744899749756,0.23670004308223724,0.9847094416618347,0.9999896287918091
204,6800,LEFT_KNEE,0.4779307246208191,0.6999613642692566,-0.3501213788986206,0.8870875835418701,0.9999936819076538
204,6800,RIGHT_KNEE,0.34689727425575256,0.584084153175354,0.2813655138015747,0.8415970802307129,0.9999746084213257
204,6800,LEFT_ANKLE,0.5366691946983337,0.8754498362541199,-0.3936503231525421,0.8567449450492859,0.9997345805168152
204,6800,RIGHT_ANKLE,0.36871540546417236,0.7580016851425171,0.47953593730926514,0.8207336664199829,0.999967098236084
204,6800,LEFT_HEEL,0.5678602457046509,0.9065421223640442,-0.40154537558555603,0.8551968932151794,0.9994279742240906
204,6800,RIGHT_HEEL,0.39043980836868286,0.7905941605567932,0.49073901772499084,0.8248305320739746,0.999946117401123
204,6800,LEFT_FOOT_INDEX,0.43806856870651245,0.9135739803314209,-0.5497970581054688,0.8574459552764893,0.9986091256141663
204,6800,RIGHT_FOOT_INDEX,0.2771162986755371,0.7885820269584656,0.4496282935142517,0.830065131187439,0.9998169541358948
205,6833,NOSE,0.45107296109199524,0.2854500710964203,-0.045038364827632904,0.9896106123924255,0.9999613761901855
205,6833,LEFT_EYE_INNER,0.45581695437431335,0.2730759084224701,-0.09186844527721405,0.9903658032417297,0.9999328851699829
205,6833,LEFT_EYE,0.45715075731277466,0.27279746532440186,-0.09189996123313904,0.9902984499931335,0.9999256134033203
205,6833,LEFT_EYE_OUTER,0.45825210213661194,0.2725338041782379,-0.09198597073554993,0.9904994964599609,0.9999117851257324
205,6833,RIGHT_EYE_INNER,0.4567629396915436,0.27241000533103943,-0.021135063841938972,0.9905872941017151,0.9999451637268066
205,6833,RIGHT_EYE,0.4589970111846924,0.2716274857521057,-0.02117510512471199,0.9896432161331177,0.999948263168335
205,6833,RIGHT_EYE_OUTER,0.46104031801223755,0.27070295810699463,-0.021214010193943977,0.9893379211425781,0.9999492168426514
205,6833,LEFT_EAR,0.47620630264282227,0.2787809371948242,-0.19252920150756836,0.9900115728378296,0.9999500513076782
205,6833,RIGHT_EAR,0.4792904555797577,0.2737390995025635,0.12114806473255157,0.9889630079269409,0.9999693632125854
205,6833,MOUTH_LEFT,0.46252816915512085,0.2978869378566742,-0.07639503479003906,0.9917941093444824,0.9999604225158691
205,6833,MOUTH_RIGHT,0.46212613582611084,0.29762697219848633,0.013182822614908218,0.9909709692001343,0.999962329864502
205,6833,LEFT_SHOULDER,0.5420027375221252,0.34776660799980164,-0.38188889622688293,0.9970783591270447,0.9999223947525024
205,6833,RIGHT_SHOULDER,0.5141607522964478,0.3384896218776703,0.361661434173584,0.9964738488197327,0.9999586343765259
205,6833,LEFT_ELBOW,0.5034180283546448,0.4568657875061035,-0.3017965853214264,0.897987961769104,0.9991759657859802
205,6833,RIGHT_ELBOW,0.4777163863182068,0.44098830223083496,0.2803754210472107,0.27209287881851196,0.9996128678321838
205,6833,LEFT_WRIST,0.4199342131614685,0.42307940125465393,0.1127527728676796,0.8476017117500305,0.999790608882904
205,6833,RIGHT_WRIST,0.4211617708206177,0.4226084053516388,-0.02794530987739563,0.24629276990890503,0.9997245669364929
205,6833,LEFT_PINKY,0.4048697054386139,0.4196780025959015,0.12891842424869537,0.8120128512382507,0.9997863173484802
205,6833,RIGHT_PINKY,0.4074714481830597,0.41685253381729126,-0.041782546788454056,0.23705102503299713,0.9997153878211975
205,6833,LEFT_INDEX,0.4151156544685364,0.40875062346458435,0.13476820290088654,0.8071719408035278,0.9998049139976501
205,6833,RIGHT_INDEX,0.416353315114975,0.41044607758522034,-0.04419131577014923,0.2347695231437683,0.9997292160987854
205,6833,LEFT_THUMB,0.42249274253845215,0.4091326892375946,0.13319964706897736,0.7630404829978943,0.9998375177383423
205,6833,RIGHT_THUMB,0.42354854941368103,0.4110925793647766,-0.04207853600382805,0.24435068666934967,0.999758780002594
205,6833,LEFT_HIP,0.5709224939346313,0.5658901929855347,-0.23377828299999237,0.9863238334655762,0.9999740123748779
205,6833,RIGHT_HIP,0.5249680876731873,0.5558632016181946,0.23407453298568726,0.9862267374992371,0.9999842643737793
205,6833,LEFT_KNEE,0.4702306389808655,0.7000291347503662,-0.34993815422058105,0.8983287811279297,0.999994158744812
205,6833,RIGHT_KNEE,0.3485451936721802,0.6200680732727051,0.28425687551498413,0.8524972796440125,0.9999697208404541
205,6833,LEFT_ANKLE,0.5357900261878967,0.8752419948577881,-0.3878631293773651,0.8710247874259949,0.9998113512992859
205,6833,RIGHT_ANKLE,0.3478725254535675,0.7898007035255432,0.4573194682598114,0.8367934823036194,0.9999583959579468
205,6833,LEFT_HEEL,0.5680641531944275,0.9061470627784729,-0.39638659358024597,0.8692083954811096,0.9995877146720886
205,6833,RIGHT_HEEL,0.36450356245040894,0.8236593008041382,0.4654127359390259,0.8383476138114929,0.9999306201934814
205,6833,LEFT_FOOT_INDEX,0.4386059045791626,0.9134826064109802,-0.5509749054908752,0.8716242909431458,0.9990113973617554
205,6833,RIGHT_FOOT_INDEX,0.24532070755958557,0.8163604140281677,0.41062965989112854,0.845201313495636,0.9997995495796204
206,6867,NOSE,0.4545500874519348,0.2973650097846985,-0.03255234658718109,0.9906453490257263,0.9999264478683472
206,6867,LEFT_EYE_INNER,0.457864910364151,0.2847357392311096,-0.07008408010005951,0.9913244843482971,0.9998927116394043
206,6867,LEFT_EYE,0.45837637782096863,0.28433093428611755,-0.07018400728702545,0.9912638664245605,0.9998806715011597
206,6867,LEFT_EYE_OUTER,0.4584352374076843,0.2839581370353699,-0.07029642909765244,0.9914458394050598,0.9998601675033569
206,6867,RIGHT_EYE_INNER,0.4584595859050751,0.2846967577934265,-0.00583871454000473,0.991524338722229,0.9999154806137085
206,6867,RIGHT_EYE,0.4612129330635071,0.28420355916023254,-0.005856590811163187,0.9906744956970215,0.9999203681945801
206,6867,RIGHT_EYE_OUTER,0.46289965510368347,0.28365471959114075,-0.0059659965336322784,0.9904002547264099,0.999921441078186
206,6867,LEFT_EAR,0.4769878089427948,0.2895032465457916,-0.1426485925912857,0.99100661277771,0.9998946189880371
206,6867,RIGHT_EAR,0.47942328453063965,0.28674572706222534,0.14218370616436005,0.9900597333908081,0.9999397993087769
206,6867,MOUTH_LEFT,0.4626661539077759,0.3080333173274994,-0.054274801164865494,0.9926093220710754,0.9999245405197144
206,6867,MOUTH_RIGHT,0.46237313747406006,0.30802857875823975,0.02780004031956196,0.9918618202209473,0.9999310970306396
206,6867,LEFT_SHOULDER,0.5417472124099731,0.3614148199558258,-0.30649012327194214,0.9973693490028381,0.9998922348022461
206,6867,RIGHT_SHOULDER,0.5039181113243103,0.36596930027008057,0.36758631467819214,0.9967935085296631,0.9999274015426636
206,6867,LEFT_ELBOW,0.5144993662834167,0.47773346304893494,-0.3229687809944153,0.9073121547698975,0.9994065761566162
206,6867,RIGHT_ELBOW,0.49421069025993347,0.4830371141433716,0.35934093594551086,0.2534705698490143,0.9996371269226074
206,6867,LEFT_WRIST,0.41318586468696594,0.45904943346977234,-0.16645728051662445,0.8596604466438293,0.9998451471328735
206,6867,RIGHT_WRIST,0.4506279528141022,0.5228468775749207,0.09227059781551361,0.2346297651529312,0.9993646740913391
206,6867,LEFT_PINKY,0.38747307658195496,0.4615582823753357,-0.19643191993236542,0.8247693777084351,0.9998464584350586
206,6867,RIGHT_PINKY,0.4384680390357971,0.5365888476371765,0.07278459519147873,0.22685648500919342,0.9993663430213928
206,6867,LEFT_INDEX,0.3920508623123169,0.44337281584739685,-0.17983873188495636,0.8198959231376648,0.9998621940612793
206,6867,RIGHT_INDEX,0.43569931387901306,0.5259127616882324,0.03426848724484444,0.2248578518629074,0.9994198083877563
206,6867,LEFT_THUMB,0.40166714787483215,0.44253259897232056,-0.1501646190881729,0.7750756740570068,0.9998799562454224
206,6867,RIGHT_THUMB,0.4403555989265442,0.5205559134483337,0.06578771770000458,0.23340120911598206,0.9994714856147766
206,6867,LEFT_HIP,0.575509250164032,0.573113203048706,-0.22521153092384338,0.9876856803894043,0.9999288320541382
206,6867,RIGHT_HIP,0.5235035419464111,0.5684184432029724,0.22533148527145386,0.9875860810279846,0.999947190284729
206,6867,LEFT_KNEE,0.46245020627975464,0.701276421546936,-0.39179283380508423,0.9084354043006897,0.9999922513961792
206,6867,RIGHT_KNEE,0.35709166526794434,0.6538448333740234,0.2119067758321762,0.8612533807754517,0.9999551773071289
206,6867,LEFT_ANKLE,0.5344784259796143,0.8752355575561523,-0.44308632612228394,0.8838584423065186,0.9999204874038696
206,6867,RIGHT_ANKLE,0.3152751922607422,0.8145337104797363,0.28852781653404236,0.8516525030136108,0.9999691247940063
206,6867,LEFT_HEEL,0.5680525302886963,0.906139075756073,-0.4554075300693512,0.8816084265708923,0.9998119473457336
206,6867,RIGHT_HEEL,0.3296906650066376,0.852541983127594,0.28628483414649963,0.8512648344039917,0.9999501705169678
206,6867,LEFT_FOOT_INDEX,0.4395434856414795,0.9134868383407593,-0.6360182762145996,0.8843257427215576,0.9995070695877075
206,6867,RIGHT_FOOT_INDEX,0.21628369390964508,0.8348584771156311,0.19330362975597382,0.8592010140419006,0.9998413324356079
207,6900,NOSE,0.4534732699394226,0.3098944127559662,-0.051610659807920456,0.9915480017662048,0.9997920393943787
207,6900,LEFT_EYE_INNER,0.45778077840805054,0.29541176557540894,-0.08921733498573303,0.9921596050262451,0.9997435212135315
207,6900,LEFT_EYE,0.4584895670413971,0.29502788186073303,-0.08933298289775848,0.9921047687530518,0.9997387528419495
207,6900,LEFT_EYE_OUTER,0.4587825536727905,0.2947261333465576,-0.08943497389554977,0.9922764301300049,0.9997288584709167
207,6900,RIGHT_EYE_INNER,0.4584924876689911,0.29542696475982666,-0.024713465943932533,0.992339551448822,0.9997557997703552
207,6900,RIGHT_EYE,0.4611515700817108,0.29501408338546753,-0.024713845923542976,0.9915732145309448,0.9997557997703552
207,6900,RIGHT_EYE_OUTER,0.46291911602020264,0.29452064633369446,-0.024842020124197006,0.991331160068512,0.9997523427009583
207,6900,LEFT_EAR,0.4771307110786438,0.3016689717769623,-0.1624389886856079,0.9918793439865112,0.9998152852058411
207,6900,RIGHT_EAR,0.47988659143447876,0.2989676892757416,0.1262442171573639,0.9909967184066772,0.9997894167900085
207,6900,MOUTH_LEFT,0.46151742339134216,0.3219396770000458,-0.07340280711650848,0.9933250546455383,0.9998844861984253
207,6900,MOUTH_RIGHT,0.4611731469631195,0.3222814202308655,0.009130535647273064,0.9926170110702515,0.9998652935028076
207,6900,LEFT_SHOULDER,0.5411148071289062,0.37791797518730164,-0.31809553503990173,0.997631311416626,0.9999305009841919
207,6900,RIGHT_SHOULDER,0.49909329414367676,0.3813782036304474,0.3604426681995392,0.9970612525939941,0.9998863935470581
207,6900,LEFT_ELBOW,0.520793080329895,0.49311935901641846,-0.45498305559158325,0.9162020087242126,0.9995383024215698
207,6900,RIGHT_ELBOW,0.48938190937042236,0.49236348271369934,0.40788349509239197,0.23750224709510803,0.999583899974823
207,6900,LEFT_WRIST,0.40492305159568787,0.49156075716018677,-0.45692068338394165,0.872787356376648,0.9999016523361206
207,6900,RIGHT_WRIST,0.44748860597610474,0.5425838828086853,0.1887066513299942,0.22684283554553986,0.9989588260650635
207,6900,LEFT_PINKY,0.3726457953453064,0.49972110986709595,-0.5187799334526062,0.840264618396759,0.9998903274536133
207,6900,RIGHT_PINKY,0.4358024001121521,0.5555884838104248,0.17073401808738708,0.21953940391540527,0.9989331364631653
207,6900,LEFT_INDEX,0.37286314368247986,0.4841102063655853,-0.49277669191360474,0.8357093334197998,0.9999064207077026
207,6900,RIGHT_INDEX,0.4231690466403961,0.5462353229522705,0.12002107501029968,0.21791546046733856,0.9990070462226868
207,6900,LEFT_THUMB,0.38422897458076477,0.48565998673439026,-0.4419313073158264,0.792628288269043,0.9999170303344727
207,6900,RIGHT_THUMB,0.42828020453453064,0.5412572622299194,0.15858659148216248,0.22529172897338867,0.999108612537384
207,6900,LEFT_HIP,0.5768000483512878,0.5822767615318298,-0.2250746786594391,0.988900899887085,0.9997654557228088
207,6900,RIGHT_HIP,0.5238192677497864,0.5789322853088379,0.22528880834579468,0.9887838363647461,0.9997816681861877
207,6900,LEFT_KNEE,0.45040422677993774,0.7062026858329773,-0.36014047265052795,0.9173914194107056,0.9999592304229736
207,6900,RIGHT_KNEE,0.369845986366272,0.6820735931396484,0.12241894751787186,0.8629369139671326,0.9998000264167786
207,6900,LEFT_ANKLE,0.530180811882019,0.8753520250320435,-0.3120880424976349,0.8952932357788086,0.9998494386672974
207,6900,RIGHT_ANKLE,0.28446364402770996,0.8322522044181824,0.15774336457252502,0.8636162281036377,0.9999028444290161
207,6900,LEFT_HEEL,0.5673995614051819,0.906078040599823,-0.31495901942253113,0.8921811580657959,0.9997201561927795
207,6900,RIGHT_HEEL,0.29668498039245605,0.8730601072311401,0.15238207578659058,0.8613569736480713,0.9998533725738525
207,6900,LEFT_FOOT_INDEX,0.43965765833854675,0.9140467643737793,-0.47023114562034607,0.8955069780349731,0.9994683861732483
207,6900,RIGHT_FOOT_INDEX,0.18282856047153473,0.844329833984375,0.04909418150782585,0.8706931471824646,0.9996423721313477
208,6933,NOSE,0.45210257172584534,0.3270595073699951,-0.07891303300857544,0.9923785924911499,0.9999161958694458
208,6933,LEFT_EYE_INNER,0.4576420783996582,0.31238436698913574,-0.11377575993537903,0.9929284453392029,0.9998834133148193
208,6933,LEFT_EYE,0.45838475227355957,0.31212854385375977,-0.1138264387845993,0.9928775429725647,0.9998781681060791
208,6933,LEFT_EYE_OUTER,0.4588547348976135,0.3118450343608856,-0.11372002214193344,0.9930363893508911,0.999874472618103
208,6933,RIGHT_EYE_INNER,0.4585654139518738,0.31196150183677673,-0.04371008649468422,0.9930890798568726,0.9998946189880371
208,6933,RIGHT_EYE,0.4611319303512573,0.3114466071128845,-0.04375605285167694,0.9923989176750183,0.9998990297317505
208,6933,RIGHT_EYE_OUTER,0.46298322081565857,0.31062695384025574,-0.04394089803099632,0.9921849370002747,0.9999009370803833
208,6933,LEFT_EAR,0.47683480381965637,0.3187199532985687,-0.20185759663581848,0.9926778674125671,0.9999126195907593
208,6933,RIGHT_EAR,0.48108845949172974,0.3159622848033905,0.11272034794092178,0.991875171661377,0.9999306201934814
208,6933,MOUTH_LEFT,0.46078163385391235,0.3404271900653839,-0.10829988121986389,0.9939860105514526,0.9999737739562988
208,6933,MOUTH_RIGHT,0.46083343029022217,0.3404240906238556,-0.01921183057129383,0.993340253829956,0.9999719858169556
208,6933,LEFT_SHOULDER,0.5416110754013062,0.3991026282310486,-0.3781488239765167,0.9978676438331604,0.9999812841415405
208,6933,RIGHT_SHOULDER,0.4993951618671417,0.3969206213951111,0.35709863901138306,0.9973450303077698,0.9999836683273315
208,6933,LEFT_ELBOW,0.524081289768219,0.5129771828651428,-0.5340115427970886,0.9243412613868713,0.9998345375061035
208,6933,RIGHT_ELBOW,0.4751625955104828,0.48615890741348267,0.46172720193862915,0.24074968695640564,0.9999470710754395
208,6933,LEFT_WRIST,0.40015295147895813,0.5296996831893921,-0.5833307504653931,0.8852121233940125,0.9999271631240845
208,6933,RIGHT_WRIST,0.3765266537666321,0.5163596272468567,0.3083387017250061,0.2563081681728363,0.9998237490653992
208,6933,LEFT_PINKY,0.36298707127571106,0.5407868027687073,-0.6567651629447937,0.8555966019630432,0.9998997449874878
208,6933,RIGHT_PINKY,0.34364646673202515,0.5242332220077515,0.3126033842563629,0.2460913062095642,0.9997510313987732
208,6933,LEFT_INDEX,0.3584572374820709,0.5354897379875183,-0.6371369957923889,0.8514413237571716,0.9999120235443115
208,6933,RIGHT_INDEX,0.3400964140892029,0.5142768025398254,0.26593640446662903,0.2462620735168457,0.9997684359550476
208,6933,LEFT_THUMB,0.3728732168674469,0.5271298885345459,-0.5731082558631897,0.8116273880004883,0.9999268054962158
208,6933,RIGHT_THUMB,0.3483489155769348,0.5169936418533325,0.2877449691295624,0.25267595052719116,0.9998142123222351
208,6933,LEFT_HIP,0.5758451223373413,0.5986781120300293,-0.2239084243774414,0.9899985790252686,0.9998353719711304
208,6933,RIGHT_HIP,0.5345240831375122,0.5919823050498962,0.22390718758106232,0.9898791909217834,0.9998888969421387
208,6933,LEFT_KNEE,0.43372422456741333,0.7140986919403076,-0.2833346426486969,0.9253763556480408,0.9999302625656128
208,6933,RIGHT_KNEE,0.38166338205337524,0.7087533473968506,0.11860921233892441,0.8660163283348083,0.999805748462677
208,6933,LEFT_ANKLE,0.5278642177581787,0.8771231770515442,-0.16409793496131897,0.9055199027061462,0.9996856451034546
208,6933,RIGHT_ANKLE,0.2648540139198303,0.8397049903869629,0.17415501177310944,0.8732891082763672,0.9998072981834412
208,6933,LEFT_HEEL,0.5636850595474243,0.9074029922485352,-0.1584259271621704,0.9015270471572876,0.999445378780365
208,6933,RIGHT_HEEL,0.2725650370121002,0.8777363896369934,0.17182351648807526,0.8689558506011963,0.9997020363807678
208,6933,LEFT_FOOT_INDEX,0.4394189119338989,0.9150573015213013,-0.28922516107559204,0.9054178595542908,0.9992456436157227
208,6933,RIGHT_FOOT_INDEX,0.1629696637392044,0.8451811075210571,0.07659866660833359,0.8804419636726379,0.999434769153595
209,6967,NOSE,0.4500516951084137,0.3401387333869934,-0.11177252233028412,0.9931357502937317,0.9999465942382812
209,6967,LEFT_EYE_INNER,0.45703616738319397,0.32692551612854004,-0.14062277972698212,0.9936287999153137,0.9999171495437622
209,6967,LEFT_EYE,0.4582105278968811,0.32687848806381226,-0.14065901935100555,0.9935827255249023,0.9999140501022339
209,6967,LEFT_EYE_OUTER,0.459016889333725,0.326908141374588,-0.1405521035194397,0.9937272667884827,0.9999113082885742
209,6967,RIGHT_EYE_INNER,0.4574263393878937,0.32635733485221863,-0.07577313482761383,0.9937722086906433,0.9999229907989502
209,6967,RIGHT_EYE,0.4598032534122467,0.3258931040763855,-0.07584130018949509,0.9931507110595703,0.9999268054962158
209,6967,RIGHT_EYE_OUTER,0.4616086184978485,0.32537201046943665,-0.07598744332790375,0.9929597973823547,0.9999287128448486
209,6967,LEFT_EAR,0.4772108197212219,0.3341180384159088,-0.21580307185649872,0.9934038519859314,0.9999418258666992
209,6967,RIGHT_EAR,0.48055583238601685,0.3305678963661194,0.07354070991277695,0.9926764965057373,0.999951958656311
209,6967,MOUTH_LEFT,0.45954176783561707,0.3539600670337677,-0.1379041224718094,0.9945845603942871,0.999982476234436
209,6967,MOUTH_RIGHT,0.45897340774536133,0.35422080755233765,-0.055285610258579254,0.9939994812011719,0.9999799728393555
209,6967,LEFT_SHOULDER,0.5420241355895996,0.4183056950569153,-0.3922731578350067,0.9980805516242981,0.9999856948852539
209,6967,RIGHT_SHOULDER,0.48463600873947144,0.41086339950561523,0.2989252209663391,0.9976062178611755,0.9999935626983643
209,6967,LEFT_ELBOW,0.5281847715377808,0.5228034853935242,-0.5327833294868469,0.9317793846130371,0.9998805522918701
209,6967,RIGHT_ELBOW,0.4324114918708801,0.49147775769233704,0.45873314142227173,0.27085942029953003,0.9999731779098511
209,6967,LEFT_WRIST,0.4031382203102112,0.5816593766212463,-0.5705569386482239,0.8965238928794861,0.9999567270278931
209,6967,RIGHT_WRIST,0.3200300335884094,0.5329300165176392,0.33916109800338745,0.30581170320510864,0.9998353719711304
209,6967,LEFT_PINKY,0.3724454939365387,0.6076743006706238,-0.6414156556129456,0.8696245551109314,0.9999136924743652
209,6967,RIGHT_PINKY,0.2896580398082733,0.5455785393714905,0.3408656418323517,0.2894189953804016,0.9996955394744873
209,6967,LEFT_INDEX,0.3651915490627289,0.5988560914993286,-0.6384121775627136,0.8658517599105835,0.9999275207519531
209,6967,RIGHT_INDEX,0.28741654753685,0.543260395526886,0.28240448236465454,0.2915635406970978,0.9997159838676453
209,6967,LEFT_THUMB,0.3759472370147705,0.5886738300323486,-0.566754162311554,0.8294039368629456,0.9999477863311768
209,6967,RIGHT_THUMB,0.29958900809288025,0.5392488837242126,0.31266576051712036,0.2977181375026703,0.9997943043708801
209,6967,LEFT_HIP,0.5783451199531555,0.6039673686027527,-0.2088150680065155,0.9909927845001221,0.9998840093612671
209,6967,RIGHT_HIP,0.5327215790748596,0.5955654382705688,0.20864558219909668,0.9908859729766846,0.9999692440032959
209,6967,LEFT_KNEE,0.4343855679035187,0.7199854254722595,-0.24120771884918213,0.9324058294296265,0.9998906850814819
209,6967,RIGHT_KNEE,0.3613613247871399,0.7054620385169983,0.0193182285875082,0.8700768947601318,0.9998897314071655
209,6967,LEFT_ANKLE,0.5265980958938599,0.8777490258216858,-0.10315244644880295,0.9144026637077332,0.9994552731513977
209,6967,RIGHT_ANKLE,0.2602686583995819,0.8437175154685974,0.05578777566552162,0.8813843727111816,0.9998086094856262
209,6967,LEFT_HEEL,0.55767822265625,0.9073363542556763,-0.09448982030153275,0.9085142016410828,0.9990180730819702
209,6967,RIGHT_HEEL,0.27302342653274536,0.8826754689216614,0.05051211267709732,0.8740636706352234,0.9996439218521118
209,6967,LEFT_FOOT_INDEX,0.4394786059856415,0.9165236949920654,-0.22078894078731537,0.9138330817222595,0.9988178610801697
209,6967,RIGHT_FOOT_INDEX,0.1584388166666031,0.8493888974189758,-0.059746868908405304,0.8887245655059814,0.9991231560707092
210,7000,NOSE,0.44720178842544556,0.3573527932167053,-0.21622851490974426,0.9937865734100342,0.9998196959495544
210,7000,LEFT_EYE_INNER,0.4559345245361328,0.34387704730033875,-0.24641570448875427,0.9941914677619934,0.9997349381446838
210,7000,LEFT_EYE,0.4577333331108093,0.3438064157962799,-0.24643275141716003,0.9941590428352356,0.9997178912162781
210,7000,LEFT_EYE_OUTER,0.4590195417404175,0.34391486644744873,-0.24638047814369202,0.9943027496337891,0.9996991157531738
210,7000,RIGHT_EYE_INNER,0.45545631647109985,0.3430418372154236,-0.1846945881843567,0.9943109154701233,0.9997836947441101
210,7000,RIGHT_EYE,0.45750680565834045,0.34237611293792725,-0.18478485941886902,0.9937443733215332,0.9998071789741516
210,7000,RIGHT_EYE_OUTER,0.45910680294036865,0.3416388928890228,-0.18493226170539856,0.9935937523841858,0.9998268485069275
210,7000,LEFT_EAR,0.47744590044021606,0.34981459379196167,-0.3119254410266876,0.9940008521080017,0.9997621178627014
210,7000,RIGHT_EAR,0.4789111316204071,0.34600117802619934,-0.03902531787753105,0.9933146238327026,0.99988853931427
210,7000,MOUTH_LEFT,0.45712974667549133,0.3708448112010956,-0.23740240931510925,0.9950973987579346,0.9998995065689087
210,7000,MOUTH_RIGHT,0.4551294445991516,0.37109240889549255,-0.15811848640441895,0.9945399761199951,0.9999107122421265
210,7000,LEFT_SHOULDER,0.5423322319984436,0.43654897809028625,-0.46073687076568604,0.9982683062553406,0.9998546838760376
210,7000,RIGHT_SHOULDER,0.46789705753326416,0.42469969391822815,0.1766253113746643,0.9978348016738892,0.9999881982803345
210,7000,LEFT_ELBOW,0.5235656499862671,0.5445687174797058,-0.5916489362716675,0.9379148483276367,0.9992269277572632
210,7000,RIGHT_ELBOW,0.3917737305164337,0.49776530265808105,0.29509085416793823,0.3244175612926483,0.9999749660491943
210,7000,LEFT_WRIST,0.4465042054653168,0.6331878900527954,-0.5974301695823669,0.9052412509918213,0.9997039437294006
210,7000,RIGHT_WRIST,0.2866895794868469,0.5394006967544556,0.16337735950946808,0.36490756273269653,0.9998903274536133
210,7000,LEFT_PINKY,0.43188145756721497,0.6538088321685791,-0.6629008650779724,0.8793238997459412,0.9994984865188599
210,7000,RIGHT_PINKY,0.255432665348053,0.5498626828193665,0.1517201066017151,0.343989759683609,0.9997113347053528
210,7000,LEFT_INDEX,0.41566669940948486,0.6534260511398315,-0.6674532890319824,0.8756558299064636,0.9995260238647461
210,7000,RIGHT_INDEX,0.25268879532814026,0.5478982329368591,0.08957097679376602,0.34734204411506653,0.999725878238678
210,7000,LEFT_THUMB,0.42192837595939636,0.6447508931159973,-0.5988063812255859,0.8406157493591309,0.9996576309204102
210,7000,RIGHT_THUMB,0.26415979862213135,0.5448667407035828,0.12916962802410126,0.35372447967529297,0.9998290538787842
210,7000,LEFT_HIP,0.5807766318321228,0.6138063669204712,-0.2012224644422531,0.9918246269226074,0.9994286894798279
210,7000,RIGHT_HIP,0.5327102541923523,0.6054375171661377,0.20118184387683868,0.9917680025100708,0.9999109506607056
210,7000,LEFT_KNEE,0.4295703172683716,0.7205449342727661,-0.26156798005104065,0.9346279501914978,0.9996590614318848
210,7000,RIGHT_KNEE,0.419078528881073,0.7201723456382751,-0.04596709832549095,0.864213228225708,0.9999042749404907
210,7000,LEFT_ANKLE,0.39907798171043396,0.8680933713912964,-0.18336673080921173,0.9207187294960022,0.9985836744308472
210,7000,RIGHT_ANKLE,0.43083104491233826,0.8628968000411987,0.030916376039385796,0.8806766271591187,0.9997294545173645
210,7000,LEFT_HEEL,0.41496890783309937,0.8973883986473083,-0.1808902621269226,0.9115282893180847,0.9973670840263367
210,7000,RIGHT_HEEL,0.45473381876945496,0.8917645215988159,0.031035784631967545,0.8733125329017639,0.9993991851806641
210,7000,LEFT_FOOT_INDEX,0.30341753363609314,0.8962437510490417,-0.31941360235214233,0.9194979667663574,0.9964801669120789
210,7000,RIGHT_FOOT_INDEX,0.33822521567344666,0.8900359272956848,-0.07487672567367554,0.8905995488166809,0.998519241809845
211,7033,NOSE,0.4476306736469269,0.3708503842353821,-0.3078255355358124,0.9943479895591736,0.9996585845947266
211,7033,LEFT_EYE_INNER,0.4561091661453247,0.35623177886009216,-0.3431597352027893,0.9946827292442322,0.9995880722999573
211,7033,LEFT_EYE,0.4579123854637146,0.35624149441719055,-0.34317252039909363,0.9946691989898682,0.9996198415756226
211,7033,LEFT_EYE_OUTER,0.45921754837036133,0.3563369810581207,-0.34319695830345154,0.9948033094406128,0.9996414184570312
211,7033,RIGHT_EYE_INNER,0.45547497272491455,0.355602502822876,-0.28240737318992615,0.9947213530540466,0.9995536208152771
211,7033,RIGHT_EYE,0.45731478929519653,0.35511845350265503,-0.28250694274902344,0.9942251443862915,0.9995855689048767
211,7033,RIGHT_EYE_OUTER,0.45865368843078613,0.3546029031276703,-0.28264281153678894,0.9941036105155945,0.9995942711830139
211,7033,LEFT_EAR,0.4776522219181061,0.36269834637641907,-0.4132143557071686,0.9945324659347534,0.9997968077659607
211,7033,RIGHT_EAR,0.47781476378440857,0.3586522936820984,-0.14308542013168335,0.9938192367553711,0.999742329120636
211,7033,MOUTH_LEFT,0.4570312798023224,0.38385313749313354,-0.329007089138031,0.9955510497093201,0.9999123811721802
211,7033,MOUTH_RIGHT,0.45487746596336365,0.3841637074947357,-0.25054746866226196,0.9949945211410522,0.9998918771743774
211,7033,LEFT_SHOULDER,0.5418329238891602,0.44810017943382263,-0.5233360528945923,0.9984399080276489,0.9999587535858154
211,7033,RIGHT_SHOULDER,0.4621991813182831,0.4354567527770996,0.08085106313228607,0.9980410933494568,0.9999909400939941
211,7033,LEFT_ELBOW,0.5292733311653137,0.563483476638794,-0.6116882562637329,0.9429847002029419,0.999584972858429
211,7033,RIGHT_ELBOW,0.37335366010665894,0.4949103891849518,0.22301827371120453,0.38498654961586,0.9999841451644897
211,7033,LEFT_WRIST,0.49117153882980347,0.6669535636901855,-0.6400830745697021,0.9128981232643127,0.999796450138092
211,7033,RIGHT_WRIST,0.2604425847530365,0.5287061333656311,0.13677428662776947,0.42488494515419006,0.9999159574508667
211,7033,LEFT_PINKY,0.49603110551834106,0.6961913108825684,-0.7099120020866394,0.8881430625915527,0.9996803998947144
211,7033,RIGHT_PINKY,0.22697459161281586,0.5350152254104614,0.1422947645187378,0.40293172001838684,0.9997636675834656
211,7033,LEFT_INDEX,0.48099851608276367,0.6938725709915161,-0.7172746062278748,0.8847452998161316,0.9996606111526489
211,7033,RIGHT_INDEX,0.22214272618293762,0.532169759273529,0.07438959181308746,0.40671399235725403,0.9997759461402893
211,7033,LEFT_THUMB,0.478976845741272,0.6844124794006348,-0.6433894038200378,0.8510801196098328,0.999745786190033
211,7033,RIGHT_THUMB,0.23364222049713135,0.532426655292511,0.10351745039224625,0.41263318061828613,0.9998586177825928
211,7033,LEFT_HIP,0.5830277800559998,0.6275032162666321,-0.19501416385173798,0.9926318526268005,0.9998542070388794
211,7033,RIGHT_HIP,0.5339712500572205,0.616658091545105,0.19496051967144012,0.9925691485404968,0.9999431371688843
211,7033,LEFT_KNEE,0.4310026466846466,0.7306585311889648,-0.31114089488983154,0.9408465623855591,0.9998539686203003
211,7033,RIGHT_KNEE,0.4119330644607544,0.7330096364021301,0.15233048796653748,0.8585888743400574,0.9998064637184143
211,7033,LEFT_ANKLE,0.4729287624359131,0.8732326626777649,-0.16213852167129517,0.9283009767532349,0.9993857145309448
211,7033,RIGHT_ANKLE,0.35122641921043396,0.850572943687439,0.34170588850975037,0.8826239109039307,0.999496340751648
211,7033,LEFT_HEEL,0.5026329755783081,0.9010624289512634,-0.15076962113380432,0.9188477396965027,0.998843789100647
211,7033,RIGHT_HEEL,0.3693372905254364,0.8837046027183533,0.3539504408836365,0.8705893158912659,0.9992926120758057
211,7033,LEFT_FOOT_INDEX,0.39088675379753113,0.9063022136688232,-0.2611517012119293,0.9267709851264954,0.998414158821106
211,7033,RIGHT_FOOT_INDEX,0.26324084401130676,0.8680055141448975,0.2728042006492615,0.8927738666534424,0.9987952709197998
212,7067,NOSE,0.44782906770706177,0.37942540645599365,-0.2963011562824249,0.9948840737342834,0.9996647834777832
212,7067,LEFT_EYE_INNER,0.45618462562561035,0.36584216356277466,-0.3157517611980438,0.9951494932174683,0.9995567202568054
212,7067,LEFT_EYE,0.45796188712120056,0.3657889664173126,-0.31576117873191833,0.995155394077301,0.9995847344398499
212,7067,LEFT_EYE_OUTER,0.4595632255077362,0.36574772000312805,-0.31578338146209717,0.9952794313430786,0.999600350856781
212,7067,RIGHT_EYE_INNER,0.4555905759334564,0.36537620425224304,-0.26676201820373535,0.9951260685920715,0.9994884729385376
212,7067,RIGHT_EYE,0.4574534595012665,0.3650193214416504,-0.2668698728084564,0.9946931004524231,0.9994957447052002
212,7067,RIGHT_EYE_OUTER,0.4587687849998474,0.36478883028030396,-0.26703330874443054,0.9945783615112305,0.9994650483131409
212,7067,LEFT_EAR,0.47777605056762695,0.3713977038860321,-0.33613723516464233,0.9950379133224487,0.9997653365135193
212,7067,RIGHT_EAR,0.47650548815727234,0.3692232370376587,-0.11300210654735565,0.9942626953125,0.9996169805526733
212,7067,MOUTH_LEFT,0.45743104815483093,0.3926115334033966,-0.29868969321250916,0.9959664344787598,0.9998762607574463
212,7067,MOUTH_RIGHT,0.4550783038139343,0.3935847580432892,-0.23579786717891693,0.9953837990760803,0.9997898936271667
212,7067,LEFT_SHOULDER,0.5468289852142334,0.450417160987854,-0.47902825474739075,0.9985934495925903,0.9999262094497681
212,7067,RIGHT_SHOULDER,0.4478510916233063,0.44097238779067993,0.08527778834104538,0.9981774091720581,0.9999383687973022
212,7067,LEFT_ELBOW,0.57571941614151,0.5522080063819885,-0.5436709523200989,0.9473050236701965,0.9992815852165222
212,7067,RIGHT_ELBOW,0.35822004079818726,0.4862443506717682,0.1751324087381363,0.4387548565864563,0.9999326467514038
212,7067,LEFT_WRIST,0.5896750688552856,0.6534411311149597,-0.5885629653930664,0.9167759418487549,0.9992303848266602
212,7067,RIGHT_WRIST,0.24620991945266724,0.5155503153800964,0.0577901154756546,0.4753066897392273,0.9993168115615845
212,7067,LEFT_PINKY,0.5986048579216003,0.6841219067573547,-0.6490695476531982,0.8907836675643921,0.9987186193466187
212,7067,RIGHT_PINKY,0.2100256234407425,0.521796464920044,0.0478045828640461,0.4487738013267517,0.9982622265815735
212,7067,LEFT_INDEX,0.5811017155647278,0.6822887063026428,-0.6746549010276794,0.8879092335700989,0.9985987544059753
212,7067,RIGHT_INDEX,0.20774462819099426,0.5223893523216248,-0.013038281351327896,0.4540531039237976,0.9983628392219543
212,7067,LEFT_THUMB,0.5760140419006348,0.6720284819602966,-0.6006423830986023,0.8553733229637146,0.9989249110221863
212,7067,RIGHT_THUMB,0.22272898256778717,0.5225344300270081,0.02418617345392704,0.4601866602897644,0.9988709092140198
212,7067,LEFT_HIP,0.58237224817276,0.6289914846420288,-0.1779823750257492,0.9933612942695618,0.9998599290847778
212,7067,RIGHT_HIP,0.5262261629104614,0.6220802664756775,0.17797492444515228,0.9932910203933716,0.9999221563339233
212,7067,LEFT_KNEE,0.4355325698852539,0.7324902415275574,-0.5140561461448669,0.9463608860969543,0.999964714050293
212,7067,RIGHT_KNEE,0.40398716926574707,0.7371229529380798,0.08036994189023972,0.8641777634620667,0.9998807907104492
212,7067,LEFT_ANKLE,0.5072141885757446,0.8812036514282227,-0.40477025508880615,0.935163140296936,0.9995868802070618
212,7067,RIGHT_ANKLE,0.3450639545917511,0.8512184023857117,0.28878119587898254,0.8886178731918335,0.9998310804367065
212,7067,LEFT_HEEL,0.5402438044548035,0.9070257544517517,-0.40174588561058044,0.9252620935440063,0.9991326928138733
212,7067,RIGHT_HEEL,0.36481499671936035,0.8807580471038818,0.29907238483428955,0.8743245005607605,0.9997852444648743
212,7067,LEFT_FOOT_INDEX,0.4225165843963623,0.9155484437942505,-0.5795323848724365,0.9335863590240479,0.9984833598136902
212,7067,RIGHT_FOOT_INDEX,0.2545839846134186,0.8755948543548584,0.20686756074428558,0.8990799188613892,0.9994069337844849
213,7100,NOSE,0.4481012225151062,0.3826100826263428,-0.33896616101264954,0.9952973127365112,0.9997761845588684
213,7100,LEFT_EYE_INNER,0.45632830262184143,0.3715479373931885,-0.3623083531856537,0.9954156875610352,0.9997803568840027
213,7100,LEFT_EYE,0.458341509103775,0.37161898612976074,-0.3623772859573364,0.9955064654350281,0.9997990727424622
213,7100,LEFT_EYE_OUTER,0.4601304233074188,0.371744304895401,-0.36245784163475037,0.9956215620040894,0.9998076558113098
213,7100,RIGHT_EYE_INNER,0.4556936025619507,0.3706919550895691,-0.3074016571044922,0.9952548742294312,0.9997575879096985
213,7100,RIGHT_EYE,0.4574090838432312,0.37023770809173584,-0.3074693977832794,0.9949443936347961,0.9997618794441223
213,7100,RIGHT_EYE_OUTER,0.45856088399887085,0.36985471844673157,-0.3075540065765381,0.9948307275772095,0.9997574687004089
213,7100,LEFT_EAR,0.4785502851009369,0.3769807815551758,-0.38594961166381836,0.9954649806022644,0.9999216794967651
213,7100,RIGHT_EAR,0.47489261627197266,0.3740461766719818,-0.14299361407756805,0.9946247935295105,0.9998787641525269
213,7100,MOUTH_LEFT,0.45717716217041016,0.39590051770210266,-0.34398552775382996,0.9962970018386841,0.9999622106552124
213,7100,MOUTH_RIGHT,0.4541744589805603,0.3961315155029297,-0.2733994126319885,0.9956413507461548,0.9999384880065918
213,7100,LEFT_SHOULDER,0.5508952140808105,0.4505566358566284,-0.46848630905151367,0.9987329244613647,0.9999804496765137
213,7100,RIGHT_SHOULDER,0.440533310174942,0.43902018666267395,0.09227948635816574,0.9983288645744324,0.9999856948852539
213,7100,LEFT_ELBOW,0.6185697913169861,0.5355672240257263,-0.5647869110107422,0.9522765278816223,0.9995633959770203
213,7100,RIGHT_ELBOW,0.35502874851226807,0.46670079231262207,0.27967706322669983,0.4836938977241516,0.9999374151229858
213,7100,LEFT_WRIST,0.6523056030273438,0.6340383291244507,-0.6187015771865845,0.9232192635536194,0.9983088970184326
213,7100,RIGHT_WRIST,0.26327788829803467,0.496377557516098,0.29743289947509766,0.5217450261116028,0.9993639588356018
213,7100,LEFT_PINKY,0.6744579672813416,0.6559780240058899,-0.6712667942047119,0.8966836929321289,0.9967703819274902
213,7100,RIGHT_PINKY,0.2338666468858719,0.5113949775695801,0.3156357407569885,0.49050629138946533,0.998390793800354
213,7100,LEFT_INDEX,0.6572828888893127,0.6585415601730347,-0.7044422626495361,0.8942005038261414,0.9969581365585327
213,7100,RIGHT_INDEX,0.23575839400291443,0.5217449069023132,0.25468704104423523,0.49730369448661804,0.9986292123794556
213,7100,LEFT_THUMB,0.646468460559845,0.6515350937843323,-0.6340903639793396,0.8632535338401794,0.9976212382316589
213,7100,RIGHT_THUMB,0.24585911631584167,0.5169965624809265,0.2674584984779358,0.5043364763259888,0.9989466071128845
213,7100,LEFT_HIP,0.5780748128890991,0.6276655793190002,-0.18286117911338806,0.9940028786659241,0.9997872710227966
213,7100,RIGHT_HIP,0.5161135792732239,0.6230996251106262,0.1830509901046753,0.9939315915107727,0.9998773336410522
213,7100,LEFT_KNEE,0.4414294362068176,0.7417471408843994,-0.4186694920063019,0.9507659077644348,0.9999202489852905
213,7100,RIGHT_KNEE,0.4213811159133911,0.7373781800270081,-0.03679203614592552,0.8663299679756165,0.9998812675476074
213,7100,LEFT_ANKLE,0.5112298727035522,0.8824825286865234,-0.35708147287368774,0.940960705280304,0.9994025230407715
213,7100,RIGHT_ANKLE,0.38803645968437195,0.8525937795639038,0.0851743072271347,0.8930723667144775,0.9997782111167908
213,7100,LEFT_HEEL,0.5482877492904663,0.9083159565925598,-0.36145254969596863,0.9271920919418335,0.9987928867340088
213,7100,RIGHT_HEEL,0.42901313304901123,0.8894127607345581,0.08512168377637863,0.8778418898582458,0.999619722366333
213,7100,LEFT_FOOT_INDEX,0.4326244294643402,0.9161795973777771,-0.5529680252075195,0.9392209649085999,0.9982196688652039
213,7100,RIGHT_FOOT_INDEX,0.2986546456813812,0.8790740370750427,-0.05139320343732834,0.905236542224884,0.9992362260818481
214,7133,NOSE,0.4557799696922302,0.4002038836479187,-0.5282296538352966,0.995604932308197,0.9994266033172607
214,7133,LEFT_EYE_INNER,0.4668606221675873,0.3891838490962982,-0.5445451736450195,0.9954702258110046,0.9995173215866089
214,7133,LEFT_EYE,0.47004732489585876,0.3885634243488312,-0.5446127653121948,0.9956866502761841,0.9996320009231567
214,7133,LEFT_EYE_OUTER,0.47278547286987305,0.38779178261756897,-0.5448297262191772,0.995817244052887,0.999695897102356
214,7133,RIGHT_EYE_INNER,0.46135279536247253,0.38714006543159485,-0.502712070941925,0.9950663447380066,0.9991455078125
214,7133,RIGHT_EYE,0.4618508815765381,0.3861418664455414,-0.5027711987495422,0.9947950839996338,0.9989521503448486
214,7133,RIGHT_EYE_OUTER,0.46185487508773804,0.3848975598812103,-0.5027876496315002,0.9945333003997803,0.9987686276435852
214,7133,LEFT_EAR,0.4922941327095032,0.38703715801239014,-0.5004066824913025,0.9957605004310608,0.9998766183853149
214,7133,RIGHT_EAR,0.47558996081352234,0.3833516538143158,-0.31404051184654236,0.9943612217903137,0.9991745352745056
214,7133,MOUTH_LEFT,0.4661616384983063,0.410984069108963,-0.5031825304031372,0.9965708255767822,0.9998998641967773
214,7133,MOUTH_RIGHT,0.45867469906806946,0.40900981426239014,-0.4492669403553009,0.9956092834472656,0.9997331500053406
214,7133,LEFT_SHOULDER,0.5633912682533264,0.4539079964160919,-0.4974617660045624,0.9988590478897095,0.9999924898147583
214,7133,RIGHT_SHOULDER,0.4404183328151703,0.43594273924827576,-0.04774977266788483,0.9984230399131775,0.999923586845398
214,7133,LEFT_ELBOW,0.6766542792320251,0.5243672132492065,-0.5506335496902466,0.9570021033287048,0.9998739957809448
214,7133,RIGHT_ELBOW,0.35254958271980286,0.4526382386684418,0.205234095454216,0.5044742226600647,0.9998421669006348
214,7133,LEFT_WRIST,0.6986128091812134,0.6088257431983948,-0.5960389971733093,0.9303175806999207,0.9991845488548279
214,7133,RIGHT_WRIST,0.2888108789920807,0.4949437975883484,0.2788223624229431,0.5363434553146362,0.9985266923904419
214,7133,LEFT_PINKY,0.7100407481193542,0.6291742324829102,-0.6410465240478516,0.9051109552383423,0.9980447292327881
214,7133,RIGHT_PINKY,0.261444091796875,0.5084103345870972,0.3064045011997223,0.49775660037994385,0.9974839687347412
214,7133,LEFT_INDEX,0.6927915811538696,0.6300123333930969,-0.6698373556137085,0.9030251502990723,0.9981583952903748
214,7133,RIGHT_INDEX,0.254946231842041,0.5115755796432495,0.25245922803878784,0.5074669718742371,0.9974645376205444
214,7133,LEFT_THUMB,0.6857923269271851,0.6247787475585938,-0.6064164042472839,0.8744310736656189,0.9985653758049011
214,7133,RIGHT_THUMB,0.26510533690452576,0.5089573264122009,0.2583557963371277,0.5187382698059082,0.9976699948310852
214,7133,LEFT_HIP,0.5722968578338623,0.635229766368866,-0.1740589290857315,0.9945871829986572,0.9999469518661499
214,7133,RIGHT_HIP,0.5086180567741394,0.6287767291069031,0.17424829304218292,0.9944900274276733,0.9999178647994995
214,7133,LEFT_KNEE,0.4416375458240509,0.7600349187850952,-0.2731040418148041,0.9540130496025085,0.9999254941940308
214,7133,RIGHT_KNEE,0.42447134852409363,0.7537856698036194,0.03159738704562187,0.8487236499786377,0.9996060729026794
214,7133,LEFT_ANKLE,0.5166935324668884,0.8854172825813293,-0.07484935224056244,0.9458281397819519,0.9996825456619263
214,7133,RIGHT_ANKLE,0.46460413932800293,0.8607398867607117,0.40847596526145935,0.8838892579078674,0.9997904896736145
214,7133,LEFT_HEEL,0.5559211373329163,0.9083340764045715,-0.06105535849928856,0.9307361841201782,0.9995397329330444
214,7133,RIGHT_HEEL,0.4859204888343811,0.8838682770729065,0.4332908093929291,0.8679351806640625,0.9997300505638123
214,7133,LEFT_FOOT_INDEX,0.44788607954978943,0.9227277040481567,-0.20042097568511963,0.9434399604797363,0.9988003969192505
214,7133,RIGHT_FOOT_INDEX,0.3895048201084137,0.897261917591095,0.3282434046268463,0.8990200161933899,0.9994348883628845
215,7167,NOSE,0.466467022895813,0.40227454900741577,-0.3681299388408661,0.9959647059440613,0.9995941519737244
215,7167,LEFT_EYE_INNER,0.47411635518074036,0.38954880833625793,-0.38958311080932617,0.9957542419433594,0.9995154142379761
215,7167,LEFT_EYE,0.47646036744117737,0.3889992833137512,-0.38962793350219727,0.995979905128479,0.9995679259300232
215,7167,LEFT_EYE_OUTER,0.47807663679122925,0.3883770704269409,-0.3897663950920105,0.9960975050926208,0.9995630383491516
215,7167,RIGHT_EYE_INNER,0.4720059633255005,0.38856902718544006,-0.3444617688655853,0.9953544735908508,0.9993539452552795
215,7167,RIGHT_EYE,0.47290804982185364,0.3876042664051056,-0.3445218503475189,0.9951022267341614,0.9992119073867798
215,7167,RIGHT_EYE_OUTER,0.473215252161026,0.3865591883659363,-0.3445280194282532,0.9948564171791077,0.9990097284317017
215,7167,LEFT_EAR,0.4951106309890747,0.3883853256702423,-0.4089074730873108,0.9960987567901611,0.9996824264526367
215,7167,RIGHT_EAR,0.4859101474285126,0.3854333460330963,-0.17943178117275238,0.9947075247764587,0.9991617202758789
215,7167,MOUTH_LEFT,0.4722650945186615,0.41068601608276367,-0.35859471559524536,0.9968173503875732,0.9996028542518616
215,7167,MOUTH_RIGHT,0.4693445861339569,0.4099922180175781,-0.2990622818470001,0.9957974553108215,0.9992857575416565
215,7167,LEFT_SHOULDER,0.5648952126502991,0.44991037249565125,-0.3744945824146271,0.9989708065986633,0.9999369382858276
215,7167,RIGHT_SHOULDER,0.4473588168621063,0.43802693486213684,0.06863544136285782,0.998406708240509,0.9993941783905029
215,7167,LEFT_ELBOW,0.6939398050308228,0.4717666506767273,-0.38400623202323914,0.9612658023834229,0.999765932559967
215,7167,RIGHT_ELBOW,0.36947762966156006,0.45407834649086,0.21640895307064056,0.5276263356208801,0.9995961785316467
215,7167,LEFT_WRIST,0.7140571475028992,0.5659224390983582,-0.4082426428794861,0.9361384510993958,0.9969468712806702
215,7167,RIGHT_WRIST,0.36241671442985535,0.466774046421051,0.3830879032611847,0.541636049747467,0.99894779920578
215,7167,LEFT_PINKY,0.7287269234657288,0.6040834188461304,-0.4391663670539856,0.9099796414375305,0.9923587441444397
215,7167,RIGHT_PINKY,0.3698929250240326,0.471389502286911,0.4069198668003082,0.49394696950912476,0.9982821941375732
215,7167,LEFT_INDEX,0.7079405188560486,0.6256136298179626,-0.4572125971317291,0.908439040184021,0.9931815266609192
215,7167,RIGHT_INDEX,0.37332242727279663,0.47340765595436096,0.37732598185539246,0.5036770105361938,0.9981774091720581
215,7167,LEFT_THUMB,0.6997265219688416,0.6155493855476379,-0.412898987531662,0.8819313645362854,0.9944624304771423
215,7167,RIGHT_THUMB,0.3754568099975586,0.4760529398918152,0.3718459904193878,0.5157063007354736,0.9985913634300232
215,7167,LEFT_HIP,0.5435073375701904,0.6435898542404175,-0.1782611757516861,0.9949905872344971,0.9993045330047607
215,7167,RIGHT_HIP,0.5099571943283081,0.6394190192222595,0.1784009486436844,0.9945757985115051,0.9986715316772461
215,7167,LEFT_KNEE,0.44268956780433655,0.771142303943634,-0.20215044915676117,0.9547243714332581,0.9988021850585938
215,7167,RIGHT_KNEE,0.4436494708061218,0.7622355818748474,0.19683369994163513,0.7962250709533691,0.9953125715255737
215,7167,LEFT_ANKLE,0.5157229900360107,0.8848880529403687,-0.042878828942775726,0.9477166533470154,0.9977157115936279
215,7167,RIGHT_ANKLE,0.49191245436668396,0.8699864745140076,0.42573362588882446,0.8372160196304321,0.9959949254989624
215,7167,LEFT_HEEL,0.5549036860466003,0.904839813709259,-0.02824769914150238,0.9353167414665222,0.9973069429397583
215,7167,RIGHT_HEEL,0.5200204849243164,0.8916696906089783,0.44102054834365845,0.8393035531044006,0.9950135350227356
215,7167,LEFT_FOOT_INDEX,0.4519273340702057,0.9220755696296692,-0.11190541088581085,0.9442429542541504,0.9936468601226807
215,7167,RIGHT_FOOT_INDEX,0.43257471919059753,0.9115694761276245,0.3597560524940491,0.8592522740364075,0.9921215772628784
216,7200,NOSE,0.4697403311729431,0.3953360617160797,-0.2340656965970993,0.9872981905937195,0.9748356342315674
216,7200,LEFT_EYE_INNER,0.47993117570877075,0.3819284439086914,-0.2635453939437866,0.989625871181488,0.9814305901527405
216,7200,LEFT_EYE,0.48291918635368347,0.3817265033721924,-0.26370781660079956,0.9919365644454956,0.983428418636322
216,7200,LEFT_EYE_OUTER,0.48566192388534546,0.38155698776245117,-0.26385775208473206,0.9916403293609619,0.9833346009254456
216,7200,RIGHT_EYE_INNER,0.476978063583374,0.3810356557369232,-0.20886161923408508,0.9877316355705261,0.9826886653900146
216,7200,RIGHT_EYE,0.4778028726577759,0.3802657127380371,-0.20892567932605743,0.9872469902038574,0.9829868078231812
216,7200,RIGHT_EYE_OUTER,0.4783543348312378,0.37945568561553955,-0.20904146134853363,0.9874531030654907,0.98387211561203
216,7200,LEFT_EAR,0.5081443190574646,0.38681837916374207,-0.2997328042984009,0.9924338459968567,0.9930198788642883
216,7200,RIGHT_EAR,0.49630972743034363,0.3826381266117096,-0.050940681248903275,0.9889111518859863,0.9936965107917786
216,7200,MOUTH_LEFT,0.4758088290691376,0.40655049681663513,-0.24020597338676453,0.9911943078041077,0.9948639273643494
216,7200,MOUTH_RIGHT,0.47182610630989075,0.4058162271976471,-0.1684776246547699,0.9842323660850525,0.9924800395965576
216,7200,LEFT_SHOULDER,0.5687584280967712,0.44846731424331665,-0.3457551598548889,0.9989908337593079,0.9990284442901611
216,7200,RIGHT_SHOULDER,0.4605202376842499,0.43902936577796936,0.11469745635986328,0.9974836111068726,0.9988293051719666
216,7200,LEFT_ELBOW,0.6640977263450623,0.4675370454788208,-0.6364154815673828,0.9636704921722412,0.9954696893692017
216,7200,RIGHT_ELBOW,0.4349600374698639,0.47105205059051514,0.46094825863838196,0.48599478602409363,0.997077226638794
216,7200,LEFT_WRIST,0.681458592414856,0.5127711296081543,-0.9392246007919312,0.9333238005638123,0.9798754453659058
216,7200,RIGHT_WRIST,0.4333242177963257,0.4781407117843628,0.7176075577735901,0.5107752084732056,0.9944944977760315
216,7200,LEFT_PINKY,0.6942039728164673,0.5219795107841492,-1.0142461061477661,0.9017259478569031,0.9769920110702515
216,7200,RIGHT_PINKY,0.4317088723182678,0.481973797082901,0.770689845085144,0.4677916467189789,0.9924111366271973
216,7200,LEFT_INDEX,0.6778380870819092,0.518291175365448,-1.0198113918304443,0.9008525013923645,0.9775515198707581
216,7200,RIGHT_INDEX,0.4371149241924286,0.47738733887672424,0.7494971752166748,0.4777928590774536,0.9934377074241638
216,7200,LEFT_THUMB,0.6691325306892395,0.5164057016372681,-0.9485520720481873,0.8720865249633789,0.9774755239486694
216,7200,RIGHT_THUMB,0.43556129932403564,0.4786745309829712,0.7161461710929871,0.4878316819667816,0.9941728711128235
216,7200,LEFT_HIP,0.5401765704154968,0.6473562717437744,-0.16245774924755096,0.9953588843345642,0.999340832233429
216,7200,RIGHT_HIP,0.5020480751991272,0.643431544303894,0.1628940850496292,0.9947379231452942,0.9989557266235352
216,7200,LEFT_KNEE,0.4683830142021179,0.7598610520362854,-0.42055878043174744,0.9390071034431458,0.9970353841781616
216,7200,RIGHT_KNEE,0.4808945655822754,0.7564226984977722,0.1917647421360016,0.7391024827957153,0.9939424395561218
216,7200,LEFT_ANKLE,0.5068148374557495,0.8771633505821228,-0.4517644941806793,0.928254246711731,0.9973884224891663
216,7200,RIGHT_ANKLE,0.5004050731658936,0.8727353811264038,0.3472190499305725,0.7745663523674011,0.9900609254837036
216,7200,LEFT_HEEL,0.5350733995437622,0.8940446972846985,-0.45580771565437317,0.9321609735488892,0.9962445497512817
216,7200,RIGHT_HEEL,0.5285799503326416,0.8965475559234619,0.36695900559425354,0.7914527058601379,0.9891930222511292
216,7200,LEFT_FOOT_INDEX,0.46700912714004517,0.8917835354804993,-0.5888459086418152,0.9302538633346558,0.9960426092147827
216,7200,RIGHT_FOOT_INDEX,0.44770851731300354,0.9090290069580078,0.3103616237640381,0.8022543787956238,0.9947677850723267
217,7233,NOSE,0.4779220223426819,0.3887632191181183,-0.03334241732954979,0.9854803085327148,0.9888340830802917
217,7233,LEFT_EYE_INNER,0.488559365272522,0.37636762857437134,-0.07226388901472092,0.9891932606697083,0.9928513765335083
217,7233,LEFT_EYE,0.4906546175479889,0.3763904571533203,-0.07239648699760437,0.9917747378349304,0.9937100410461426
217,7233,LEFT_EYE_OUTER,0.4924722909927368,0.37643393874168396,-0.0724920779466629,0.9914519786834717,0.9939306974411011
217,7233,RIGHT_EYE_INNER,0.48760297894477844,0.3754158020019531,-0.017960324883461,0.9871997833251953,0.9933138489723206
217,7233,RIGHT_EYE,0.48916900157928467,0.3748099207878113,-0.01800844818353653,0.9866395592689514,0.9937068819999695
217,7233,RIGHT_EYE_OUTER,0.4906274676322937,0.37416720390319824,-0.018179314211010933,0.9867087006568909,0.9939397573471069
217,7233,LEFT_EAR,0.5112316608428955,0.38263052701950073,-0.1827719807624817,0.9922877550125122,0.9974629878997803
217,7233,RIGHT_EAR,0.5110849738121033,0.3793209493160248,0.05966529995203018,0.9888857007026672,0.9976801872253418
217,7233,MOUTH_LEFT,0.48408249020576477,0.4005564749240875,-0.06996387988328934,0.989690899848938,0.9963998794555664
217,7233,MOUTH_RIGHT,0.482123464345932,0.3998691439628601,0.000576722901314497,0.981687605381012,0.9951131939888
217,7233,LEFT_SHOULDER,0.5592023730278015,0.44865456223487854,-0.28869640827178955,0.9990274906158447,0.9983856678009033
217,7233,RIGHT_SHOULDER,0.5179683566093445,0.44540929794311523,0.14329957962036133,0.9963598251342773,0.9976375102996826
217,7233,LEFT_ELBOW,0.6397067308425903,0.4597093164920807,-0.6237790584564209,0.9630205035209656,0.9951701760292053
217,7233,RIGHT_ELBOW,0.5473628640174866,0.4982548654079437,0.4554247260093689,0.44073486328125,0.9891519546508789
217,7233,LEFT_WRIST,0.6668528318405151,0.43610435724258423,-0.9219804406166077,0.9291139245033264,0.9838520884513855
217,7233,RIGHT_WRIST,0.5750702619552612,0.4937966465950012,0.7264581322669983,0.4635081887245178,0.981391191482544
217,7233,LEFT_PINKY,0.6726168394088745,0.42654725909233093,-0.9918479323387146,0.8977451920509338,0.9834137558937073
217,7233,RIGHT_PINKY,0.5844853520393372,0.491457462310791,0.7755120396614075,0.42619213461875916,0.9811611771583557
217,7233,LEFT_INDEX,0.665440022945404,0.4256380498409271,-0.9859225749969482,0.8965165615081787,0.9796590805053711
217,7233,RIGHT_INDEX,0.5808152556419373,0.48631516098976135,0.7603033185005188,0.43546074628829956,0.982190728187561
217,7233,LEFT_THUMB,0.6616241335868835,0.42727231979370117,-0.9267305731773376,0.8640568256378174,0.9788020849227905
217,7233,RIGHT_THUMB,0.5752502679824829,0.4874253273010254,0.7255428433418274,0.44449248909950256,0.9836291670799255
217,7233,LEFT_HIP,0.5132917165756226,0.653494656085968,-0.1373472809791565,0.9958044290542603,0.9998366832733154
217,7233,RIGHT_HIP,0.5075016617774963,0.6453016400337219,0.13766984641551971,0.9950732588768005,0.9994787573814392
217,7233,LEFT_KNEE,0.46937793493270874,0.7568110227584839,-0.45330023765563965,0.9186031222343445,0.9987925291061401
217,7233,RIGHT_KNEE,0.49624380469322205,0.7600702047348022,0.2237682193517685,0.6796672344207764,0.9931215643882751
217,7233,LEFT_ANKLE,0.4992382824420929,0.8772889971733093,-0.5990662574768066,0.9104255437850952,0.9976709485054016
217,7233,RIGHT_ANKLE,0.5025859475135803,0.8711374998092651,0.28121206164360046,0.7090025544166565,0.9930845499038696
217,7233,LEFT_HEEL,0.5176610350608826,0.8946047425270081,-0.614550769329071,0.9295805096626282,0.9957042336463928
217,7233,RIGHT_HEEL,0.5196436047554016,0.8919898867607117,0.2765187621116638,0.7390664219856262,0.9921299815177917
217,7233,LEFT_FOOT_INDEX,0.4597548544406891,0.895649790763855,-0.7672717571258545,0.9196019768714905,0.9962840676307678
217,7233,RIGHT_FOOT_INDEX,0.4722823202610016,0.898871660232544,0.19497744739055634,0.7402217388153076,0.9964060187339783
218,7267,NOSE,0.5065160393714905,0.38667646050453186,0.21136847138404846,0.9868409633636475,0.9999711513519287
218,7267,LEFT_EYE_INNER,0.5143979787826538,0.37506523728370667,0.16637249290943146,0.9901746511459351,0.9999642372131348
218,7267,LEFT_EYE,0.5148749947547913,0.3751293420791626,0.16632911562919617,0.9925258159637451,0.999962568283081
218,7267,LEFT_EYE_OUTER,0.515097975730896,0.3751675486564636,0.16629312932491302,0.9922192692756653,0.9999583959579468
218,7267,RIGHT_EYE_INNER,0.5178560614585876,0.37466514110565186,0.2178107500076294,0.9883630871772766,0.9999696016311646
218,7267,RIGHT_EYE,0.5205104947090149,0.37461718916893005,0.21783018112182617,0.9878721237182617,0.9999675750732422
218,7267,RIGHT_EYE_OUTER,0.5230870842933655,0.37463292479515076,0.21777842938899994,0.987908124923706,0.9999644756317139
218,7267,LEFT_EAR,0.5272637009620667,0.38216182589530945,-0.0039051685016602278,0.9929492473602295,0.9999724626541138
218,7267,RIGHT_EAR,0.5447325706481934,0.3827477991580963,0.23138843476772308,0.9899278879165649,0.9999796152114868
218,7267,MOUTH_LEFT,0.5095731616020203,0.39794692397117615,0.15527722239494324,0.9904667139053345,0.9999361038208008
218,7267,MOUTH_RIGHT,0.5120198130607605,0.39809536933898926,0.2231789231300354,0.9832861423492432,0.9999397993087769
218,7267,LEFT_SHOULDER,0.5302510857582092,0.4522303640842438,-0.15367989242076874,0.9991098046302795,0.9995900988578796
218,7267,RIGHT_SHOULDER,0.5908240079879761,0.4636435806751251,0.2902379035949707,0.996614933013916,0.9996836185455322
218,7267,LEFT_ELBOW,0.6298499703407288,0.46069106459617615,-0.49138957262039185,0.9608703255653381,0.9990856647491455
218,7267,RIGHT_ELBOW,0.6240209937095642,0.5426129102706909,0.48630791902542114,0.4051254391670227,0.9976516366004944
218,7267,LEFT_WRIST,0.6456032991409302,0.37806710600852966,-0.7224787473678589,0.9337460398674011,0.9992775321006775
218,7267,RIGHT_WRIST,0.5935467481613159,0.5611354112625122,0.5880487561225891,0.4283999502658844,0.9982966780662537
218,7267,LEFT_PINKY,0.6418070197105408,0.35887256264686584,-0.7768391370773315,0.9045228958129883,0.9991484880447388
218,7267,RIGHT_PINKY,0.5931075215339661,0.5618755221366882,0.6255061030387878,0.3989381492137909,0.9982985854148865
218,7267,LEFT_INDEX,0.6472744345664978,0.34987887740135193,-0.7762994170188904,0.9029812216758728,0.998765230178833
218,7267,RIGHT_INDEX,0.5786053538322449,0.5587120056152344,0.5923097729682922,0.40701842308044434,0.9980789422988892
218,7267,LEFT_THUMB,0.6420049071311951,0.360585480928421,-0.7198346853256226,0.8704707026481628,0.9989963173866272
218,7267,RIGHT_THUMB,0.5761899352073669,0.5588564872741699,0.575859785079956,0.41682204604148865,0.9985480904579163
218,7267,LEFT_HIP,0.4784984886646271,0.6528852581977844,-0.1497582197189331,0.9962225556373596,0.999992847442627
218,7267,RIGHT_HIP,0.5505660176277161,0.6500768661499023,0.14967244863510132,0.9955588579177856,0.999981164932251
218,7267,LEFT_KNEE,0.4629093110561371,0.7678284049034119,-0.039265021681785583,0.9175208210945129,0.9997467398643494
218,7267,RIGHT_KNEE,0.519438624382019,0.7673631906509399,0.2783013880252838,0.646221399307251,0.9995740056037903
218,7267,LEFT_ANKLE,0.48918527364730835,0.8737890720367432,-0.427081435918808,0.9163879156112671,0.9999070167541504
218,7267,RIGHT_ANKLE,0.5321426391601562,0.8776885867118835,-0.15640921890735626,0.7171949744224548,0.9997441172599792
218,7267,LEFT_HEEL,0.5032168030738831,0.885881781578064,-0.4574993848800659,0.9356231689453125,0.9998530149459839
218,7267,RIGHT_HEEL,0.5296158194541931,0.8929834961891174,-0.20575843751430511,0.7511280179023743,0.9995357990264893
218,7267,LEFT_FOOT_INDEX,0.455963134765625,0.9079492092132568,-0.5709443092346191,0.9256585836410522,0.9995007514953613
218,7267,RIGHT_FOOT_INDEX,0.4815045893192291,0.9098109006881714,-0.3099554181098938,0.7553126811981201,0.9991127848625183
219,7300,NOSE,0.563724935054779,0.4013326168060303,0.7828069925308228,0.9873768091201782,0.9999876022338867
219,7300,LEFT_EYE_INNER,0.5635955929756165,0.3888830840587616,0.7490877509117126,0.9902576804161072,0.999983549118042
219,7300,LEFT_EYE,0.5620691776275635,0.3884015679359436,0.7490962743759155,0.992481529712677,0.9999809265136719
219,7300,LEFT_EYE_OUTER,0.559978187084198,0.3880692720413208,0.749152421951294,0.9919746518135071,0.9999721050262451
219,7300,RIGHT_EYE_INNER,0.5738785862922668,0.39037805795669556,0.7537512183189392,0.9885348677635193,0.9999887943267822
219,7300,RIGHT_EYE,0.5800197720527649,0.3911457061767578,0.7536864280700684,0.9883279204368591,0.9999885559082031
219,7300,RIGHT_EYE_OUTER,0.5825267434120178,0.3919391930103302,0.7534732222557068,0.988365650177002,0.9999866485595703
219,7300,LEFT_EAR,0.553687572479248,0.39733147621154785,0.5782127976417542,0.9924706220626831,0.9999755620956421
219,7300,RIGHT_EAR,0.5899361968040466,0.4016178548336029,0.6060068011283875,0.9904564023017883,0.999991774559021
219,7300,MOUTH_LEFT,0.5546097159385681,0.4110965430736542,0.7251161336898804,0.9898667931556702,0.999988317489624
219,7300,MOUTH_RIGHT,0.5658493041992188,0.4134359061717987,0.7323561906814575,0.9834710359573364,0.9999929666519165
219,7300,LEFT_SHOULDER,0.5135021805763245,0.455507755279541,0.40448737144470215,0.9987578988075256,0.999478280544281
219,7300,RIGHT_SHOULDER,0.6200783848762512,0.48145896196365356,0.4268980026245117,0.9968215823173523,0.9998769760131836
219,7300,LEFT_ELBOW,0.5601453185081482,0.4655311405658722,0.056678492575883865,0.8923669457435608,0.9931360483169556
219,7300,RIGHT_ELBOW,0.6594070196151733,0.5666753053665161,0.3031623661518097,0.37993764877319336,0.9980387091636658
219,7300,LEFT_WRIST,0.5998988747596741,0.42095744609832764,-0.2106819897890091,0.8751093745231628,0.9845916032791138
219,7300,RIGHT_WRIST,0.6028026342391968,0.5923410058021545,0.15734249353408813,0.39483582973480225,0.9982299208641052
219,7300,LEFT_PINKY,0.5963478088378906,0.4096771776676178,-0.2550004720687866,0.8487731218338013,0.9853025674819946
219,7300,RIGHT_PINKY,0.5898293256759644,0.6132858395576477,0.14606218039989471,0.371244877576828,0.9980753660202026
219,7300,LEFT_INDEX,0.6318363547325134,0.40481576323509216,-0.22797048091888428,0.8469807505607605,0.9851472973823547
219,7300,RIGHT_INDEX,0.5757566094398499,0.6106652617454529,0.1350005865097046,0.3784737288951874,0.997582197189331
219,7300,LEFT_THUMB,0.6336513757705688,0.41184988617897034,-0.2075962871313095,0.813940703868866,0.9862244129180908
219,7300,RIGHT_THUMB,0.5759941935539246,0.5948595404624939,0.15189245343208313,0.3877161145210266,0.9982054233551025
219,7300,LEFT_HIP,0.4650229513645172,0.6472676992416382,-0.03973779082298279,0.9965870976448059,0.999980092048645
219,7300,RIGHT_HIP,0.5573322772979736,0.6480594277381897,0.03879113122820854,0.9959708452224731,0.9999755620956421
219,7300,LEFT_KNEE,0.46191880106925964,0.7627015113830566,0.12367217987775803,0.9146477580070496,0.9973575472831726
219,7300,RIGHT_KNEE,0.5278945565223694,0.7575969696044922,0.22369225323200226,0.6651832461357117,0.9989251494407654
219,7300,LEFT_ANKLE,0.4826267957687378,0.8639147877693176,-0.47644537687301636,0.919806182384491,0.9995737671852112
219,7300,RIGHT_ANKLE,0.5235469937324524,0.8706772327423096,-0.4264509081840515,0.7379471659660339,0.9998732805252075
219,7300,LEFT_HEEL,0.48740649223327637,0.8847587704658508,-0.5515081882476807,0.9411711692810059,0.9995285272598267
219,7300,RIGHT_HEEL,0.5218128561973572,0.889096200466156,-0.4981621205806732,0.7739577889442444,0.9998034834861755
219,7300,LEFT_FOOT_INDEX,0.45827716588974,0.9080702662467957,-0.6704844236373901,0.9253966212272644,0.9992030262947083
219,7300,RIGHT_FOOT_INDEX,0.5025930404663086,0.9047151207923889,-0.6132016777992249,0.7703352570533752,0.9996594190597534
220,7333,NOSE,0.6353864073753357,0.4138042628765106,1.013271689414978,0.9882963299751282,0.9999982118606567
220,7333,LEFT_EYE_INNER,0.6340362429618835,0.4009634256362915,0.9721571803092957,0.9908782243728638,0.9999980926513672
220,7333,LEFT_EYE,0.6291529536247253,0.39895033836364746,0.972166121006012,0.9930127859115601,0.9999982118606567
220,7333,LEFT_EYE_OUTER,0.6241028904914856,0.3972141742706299,0.9721906781196594,0.992479681968689,0.999997615814209
220,7333,RIGHT_EYE_INNER,0.6469469666481018,0.4055790603160858,0.9699848890304565,0.9890955686569214,0.9999972581863403
220,7333,RIGHT_EYE,0.651009738445282,0.40695708990097046,0.9700360298156738,0.9890314340591431,0.999996542930603
220,7333,RIGHT_EYE_OUTER,0.6543706655502319,0.40836378931999207,0.9700308442115784,0.9889718890190125,0.999994158744812
220,7333,LEFT_EAR,0.610924243927002,0.4008588194847107,0.751119077205658,0.9929367899894714,0.9999984502792358
220,7333,RIGHT_EAR,0.6530249714851379,0.4168795347213745,0.7500908374786377,0.9911056756973267,0.9999939203262329
220,7333,MOUTH_LEFT,0.6209829449653625,0.4196814000606537,0.9381204843521118,0.9897836446762085,0.9999985694885254
220,7333,MOUTH_RIGHT,0.6346209049224854,0.4267682433128357,0.9368356466293335,0.9834557771682739,0.9999977350234985
220,7333,LEFT_SHOULDER,0.5084609985351562,0.44440197944641113,0.5092578530311584,0.9988470673561096,0.9999808073043823
220,7333,RIGHT_SHOULDER,0.6520338654518127,0.5056421756744385,0.5302820801734924,0.9970473051071167,0.9998358488082886
220,7333,LEFT_ELBOW,0.4447944164276123,0.38127902150154114,0.34949275851249695,0.9011032581329346,0.9995867609977722
220,7333,RIGHT_ELBOW,0.6780868172645569,0.6006779670715332,0.47064876556396484,0.40220317244529724,0.9975097179412842
220,7333,LEFT_WRIST,0.49224236607551575,0.38743677735328674,0.3931317925453186,0.8578773140907288,0.9989573955535889
220,7333,RIGHT_WRIST,0.6155709624290466,0.600989818572998,0.49277085065841675,0.3733018636703491,0.9984846711158752
220,7333,LEFT_PINKY,0.4873064458370209,0.38004928827285767,0.384517103433609,0.8179170489311218,0.9987132549285889
220,7333,RIGHT_PINKY,0.5964786410331726,0.6248683929443359,0.4831582009792328,0.3512178659439087,0.9986962676048279
220,7333,LEFT_INDEX,0.5128629207611084,0.38716602325439453,0.3908875286579132,0.8164437413215637,0.9987030029296875
220,7333,RIGHT_INDEX,0.5823231935501099,0.6215537786483765,0.49900001287460327,0.35837796330451965,0.9985332489013672
220,7333,LEFT_THUMB,0.5142091512680054,0.3936799466609955,0.3942192792892456,0.7867627143859863,0.9989250302314758
220,7333,RIGHT_THUMB,0.5820921063423157,0.6180282235145569,0.5016130805015564,0.3670881986618042,0.9988269209861755
220,7333,LEFT_HIP,0.45532894134521484,0.6432961821556091,-0.04175874590873718,0.9969260096549988,0.9999935626983643
220,7333,RIGHT_HIP,0.55654376745224,0.6513521075248718,0.040964275598526,0.9963666200637817,0.9999769926071167
220,7333,LEFT_KNEE,0.4431321322917938,0.7599745988845825,0.20715436339378357,0.9205178618431091,0.9994921684265137
220,7333,RIGHT_KNEE,0.5337082147598267,0.754279613494873,0.3436778485774994,0.695091962814331,0.9994764924049377
220,7333,LEFT_ANKLE,0.47796431183815,0.8638644814491272,-0.22602616250514984,0.9260061979293823,0.9997438788414001
220,7333,RIGHT_ANKLE,0.5238025188446045,0.872231125831604,-0.09061846137046814,0.7611458897590637,0.9998996257781982
220,7333,LEFT_HEEL,0.49087369441986084,0.8869388699531555,-0.2829534411430359,0.9467434883117676,0.9996300935745239
220,7333,RIGHT_HEEL,0.5293468236923218,0.8893252015113831,-0.13476619124412537,0.7952623963356018,0.9998424053192139
220,7333,LEFT_FOOT_INDEX,0.4650798439979553,0.9037091732025146,-0.31014227867126465,0.9290761351585388,0.9995580315589905
220,7333,RIGHT_FOOT_INDEX,0.514131486415863,0.9036508202552795,-0.184884175658226,0.7885032892227173,0.9998052716255188
221,7367,NOSE,0.6623139381408691,0.43382856249809265,0.790132999420166,0.9884287714958191,0.999944806098938
221,7367,LEFT_EYE_INNER,0.6649340391159058,0.42320388555526733,0.7626938819885254,0.9909717440605164,0.9999376535415649
221,7367,LEFT_EYE,0.6611210107803345,0.42098134756088257,0.7626156210899353,0.9930309057235718,0.9999396800994873
221,7367,LEFT_EYE_OUTER,0.6565918922424316,0.4185110926628113,0.7626696228981018,0.9924048185348511,0.9999281167984009
221,7367,RIGHT_EYE_INNER,0.6753844022750854,0.42840200662612915,0.7647366523742676,0.9892085194587708,0.9999294281005859
221,7367,RIGHT_EYE,0.6786264181137085,0.4299108386039734,0.7647343873977661,0.989233136177063,0.9999122619628906
221,7367,RIGHT_EYE_OUTER,0.6816701889038086,0.43167996406555176,0.7646670341491699,0.9890907406806946,0.9998775720596313
221,7367,LEFT_EAR,0.6420313715934753,0.41839906573295593,0.5957324504852295,0.9927082061767578,0.9999508857727051
221,7367,RIGHT_EAR,0.6790769696235657,0.43982988595962524,0.6103242039680481,0.9913781881332397,0.9998993873596191
221,7367,MOUTH_LEFT,0.6484214663505554,0.43719926476478577,0.7320134043693542,0.9875600337982178,0.9999432563781738
221,7367,MOUTH_RIGHT,0.6592795848846436,0.4447908103466034,0.735236406326294,0.9820826649665833,0.9999234676361084
221,7367,LEFT_SHOULDER,0.5169292092323303,0.44362181425094604,0.39594095945358276,0.9989063739776611,0.9999436140060425
221,7367,RIGHT_SHOULDER,0.655207633972168,0.5158641934394836,0.4677155911922455,0.9972476363182068,0.9992011189460754
221,7367,LEFT_ELBOW,0.4300351142883301,0.35997164249420166,0.276187926530838,0.9109290242195129,0.9997616410255432
221,7367,RIGHT_ELBOW,0.6704388856887817,0.6168510317802429,0.5376574993133545,0.4044390320777893,0.9875507950782776
221,7367,LEFT_WRIST,0.38004931807518005,0.27920764684677124,0.32573187351226807,0.8719407916069031,0.9974498152732849
221,7367,RIGHT_WRIST,0.6417474746704102,0.6244267225265503,0.7303577065467834,0.355014830827713,0.9889459013938904
221,7367,LEFT_PINKY,0.357338011264801,0.2537693679332733,0.3134683668613434,0.8356444835662842,0.9952947497367859
221,7367,RIGHT_PINKY,0.6350627541542053,0.6383830308914185,0.7568848133087158,0.3334082365036011,0.9918047189712524
221,7367,LEFT_INDEX,0.3680388927459717,0.2494758665561676,0.3400226831436157,0.8342753052711487,0.9941439032554626
221,7367,RIGHT_INDEX,0.6204016208648682,0.6256982088088989,0.7579832077026367,0.33916133642196655,0.9909387826919556
221,7367,LEFT_THUMB,0.376553475856781,0.2580011785030365,0.3377005159854889,0.8069358468055725,0.9956474900245667
221,7367,RIGHT_THUMB,0.6213311553001404,0.6228128671646118,0.7385720610618591,0.3474434018135071,0.9920257925987244
221,7367,LEFT_HIP,0.4530525207519531,0.6362947225570679,-0.028780875727534294,0.9972245097160339,0.9999555349349976
221,7367,RIGHT_HIP,0.550807774066925,0.651078999042511,0.02807268500328064,0.9967061281204224,0.9998157620429993
221,7367,LEFT_KNEE,0.4297890067100525,0.7618608474731445,0.0486617386341095,0.9199086427688599,0.9986296892166138
221,7367,RIGHT_KNEE,0.5353245139122009,0.759711503982544,0.19739215075969696,0.7144148945808411,0.9968931674957275
221,7367,LEFT_ANKLE,0.4776109457015991,0.8689401149749756,-0.25403010845184326,0.920874297618866,0.9991652965545654
221,7367,RIGHT_ANKLE,0.5233731269836426,0.8803754448890686,-0.18698590993881226,0.7650108933448792,0.9992165565490723
221,7367,LEFT_HEEL,0.49151721596717834,0.9040731191635132,-0.3330673575401306,0.9491442441940308,0.9989292025566101
221,7367,RIGHT_HEEL,0.5236086249351501,0.8936049342155457,-0.22603029012680054,0.8061447739601135,0.9989701509475708
221,7367,LEFT_FOOT_INDEX,0.48320525884628296,0.909508466720581,-0.3959334194660187,0.9256146550178528,0.9984429478645325
221,7367,RIGHT_FOOT_INDEX,0.5235195159912109,0.9094133377075195,-0.29219990968704224,0.7938772439956665,0.9986787438392639
222,7400,NOSE,0.6824032068252563,0.4583892822265625,0.7967443466186523,0.988680362701416,0.9999221563339233
222,7400,LEFT_EYE_INNER,0.6851925849914551,0.4477103650569916,0.7669374942779541,0.9912699460983276,0.9999196529388428
222,7400,LEFT_EYE,0.6810986399650574,0.4443938136100769,0.7668948769569397,0.9932511448860168,0.9999257326126099
222,7400,LEFT_EYE_OUTER,0.6771144866943359,0.44137150049209595,0.7669196724891663,0.9925830960273743,0.9999111890792847
222,7400,RIGHT_EYE_INNER,0.6948752999305725,0.45475128293037415,0.768054187297821,0.9893752336502075,0.9999090433120728
222,7400,RIGHT_EYE,0.6976486444473267,0.45671141147613525,0.7680320739746094,0.9894893169403076,0.99988853931427
222,7400,RIGHT_EYE_OUTER,0.7001445293426514,0.4582638740539551,0.7679890990257263,0.9893031716346741,0.9998514652252197
222,7400,LEFT_EAR,0.662810206413269,0.43734806776046753,0.5891299843788147,0.992895781993866,0.9999520778656006
222,7400,RIGHT_EAR,0.6938827037811279,0.4615234434604645,0.5983891487121582,0.9916475415229797,0.9999006986618042
222,7400,MOUTH_LEFT,0.6676055192947388,0.45736944675445557,0.7335506677627563,0.9874067306518555,0.999945878982544
222,7400,MOUTH_RIGHT,0.6771791577339172,0.4660724401473999,0.7344948649406433,0.9820160269737244,0.9999264478683472
222,7400,LEFT_SHOULDER,0.5276631116867065,0.4409301280975342,0.40263622999191284,0.998941957950592,0.9999343156814575
222,7400,RIGHT_SHOULDER,0.6689276099205017,0.5202454328536987,0.4608285129070282,0.9974286556243896,0.9995417594909668
222,7400,LEFT_ELBOW,0.4683154225349426,0.3812568783760071,0.39939019083976746,0.9181623458862305,0.9993835687637329
222,7400,RIGHT_ELBOW,0.6601356267929077,0.621046781539917,0.5885722637176514,0.39107364416122437,0.9947417974472046
222,7400,LEFT_WRIST,0.42880579829216003,0.3235798180103302,0.5961441397666931,0.8821660876274109,0.9962224960327148
222,7400,RIGHT_WRIST,0.6400619745254517,0.6083813309669495,0.8796401619911194,0.3293628394603729,0.990452766418457
222,7400,LEFT_PINKY,0.40780535340309143,0.3011034429073334,0.623009443283081,0.8468489646911621,0.9937511086463928
222,7400,RIGHT_PINKY,0.6430287957191467,0.6122240424156189,0.9296309947967529,0.31258881092071533,0.990994393825531
222,7400,LEFT_INDEX,0.42480340600013733,0.3043031692504883,0.6408793926239014,0.8457421064376831,0.9928959012031555
222,7400,RIGHT_INDEX,0.6326713562011719,0.6029585599899292,0.932172954082489,0.318026602268219,0.9901633262634277
222,7400,LEFT_THUMB,0.4337204396724701,0.3151019811630249,0.6110709309577942,0.817724883556366,0.9948263764381409
222,7400,RIGHT_THUMB,0.6269745826721191,0.6005751490592957,0.892585039138794,0.3265380561351776,0.991797924041748
222,7400,LEFT_HIP,0.44894957542419434,0.6201587915420532,-0.026173856109380722,0.9974901080131531,0.9999672174453735
222,7400,RIGHT_HIP,0.548034131526947,0.6478468775749207,0.025473300367593765,0.9970160722732544,0.9999165534973145
222,7400,LEFT_KNEE,0.4191439151763916,0.755669116973877,-0.0015355850337073207,0.9260286688804626,0.9987767338752747
222,7400,RIGHT_KNEE,0.5245173573493958,0.7590692639350891,0.10038969665765762,0.7400932908058167,0.9984928369522095
222,7400,LEFT_ANKLE,0.4593983590602875,0.8669344782829285,-0.4407271146774292,0.9248645901679993,0.9989038705825806
222,7400,RIGHT_ANKLE,0.5219167470932007,0.8890171647071838,-0.34357917308807373,0.7819384932518005,0.9993624091148376
222,7400,LEFT_HEEL,0.4818321764469147,0.902045488357544,-0.49626055359840393,0.9534924030303955,0.9983739852905273
222,7400,RIGHT_HEEL,0.5223305225372314,0.9074733853340149,-0.3894733488559723,0.8226725459098816,0.9989513158798218
222,7400,LEFT_FOOT_INDEX,0.4819321036338806,0.9095245599746704,-0.5506028532981873,0.9246950149536133,0.9961177110671997
222,7400,RIGHT_FOOT_INDEX,0.5191089510917664,0.9305623173713684,-0.4431649148464203,0.8015921711921692,0.9972814321517944
223,7433,NOSE,0.688862681388855,0.45996782183647156,0.5145102143287659,0.9897671937942505,0.9999479055404663
223,7433,LEFT_EYE_INNER,0.6900326013565063,0.44860923290252686,0.48800963163375854,0.9921091794967651,0.9998989105224609
223,7433,LEFT_EYE,0.6863370537757874,0.44546815752983093,0.4879818558692932,0.9938907623291016,0.999890923500061
223,7433,LEFT_EYE_OUTER,0.6827941536903381,0.442554771900177,0.4879722595214844,0.993291437625885,0.9998704195022583
223,7433,RIGHT_EYE_INNER,0.6992028951644897,0.45492976903915405,0.4927687644958496,0.9903942346572876,0.9999136924743652
223,7433,RIGHT_EYE,0.701904296875,0.4563373327255249,0.4927375912666321,0.9904912710189819,0.9999001026153564
223,7433,RIGHT_EYE_OUTER,0.7046694159507751,0.4578077495098114,0.4926547408103943,0.9903351664543152,0.999886155128479
223,7433,LEFT_EAR,0.6699622273445129,0.4376710057258606,0.3568997085094452,0.9935495853424072,0.9999014139175415
223,7433,RIGHT_EAR,0.699422299861908,0.4580540359020233,0.308718204498291,0.9924490451812744,0.9999148845672607
223,7433,MOUTH_LEFT,0.6750952005386353,0.45958539843559265,0.4718555212020874,0.98860102891922,0.9999071359634399
223,7433,MOUTH_RIGHT,0.6851338148117065,0.4675721228122711,0.48571816086769104,0.9837294220924377,0.9999198913574219
223,7433,LEFT_SHOULDER,0.5383537411689758,0.4405912160873413,0.26062944531440735,0.9990247488021851,0.9997039437294006
223,7433,RIGHT_SHOULDER,0.6821008324623108,0.5100834369659424,0.15017050504684448,0.9976797699928284,0.9997829794883728
223,7433,LEFT_ELBOW,0.47807130217552185,0.5005085468292236,0.27724477648735046,0.8800353407859802,0.9982094764709473
223,7433,RIGHT_ELBOW,0.6661678552627563,0.6035455465316772,0.23748187720775604,0.44520148634910583,0.9992289543151855
223,7433,LEFT_WRIST,0.4617338180541992,0.5744882822036743,0.3356621563434601,0.8092015981674194,0.9984660148620605
223,7433,RIGHT_WRIST,0.6779863238334656,0.6035268902778625,0.5282412767410278,0.34313827753067017,0.999411940574646
223,7433,LEFT_PINKY,0.4384393095970154,0.581579864025116,0.36099371314048767,0.7748649716377258,0.998036801815033
223,7433,RIGHT_PINKY,0.69032883644104,0.6096835732460022,0.5820668935775757,0.3222573399543762,0.9991315007209778
223,7433,LEFT_INDEX,0.46639779210090637,0.5896707773208618,0.36390602588653564,0.7736692428588867,0.998042106628418
223,7433,RIGHT_INDEX,0.6853070855140686,0.5964306592941284,0.6245843172073364,0.3264937698841095,0.9992266893386841
223,7433,LEFT_THUMB,0.4707687795162201,0.5859613418579102,0.33963072299957275,0.7487574815750122,0.9984877109527588
223,7433,RIGHT_THUMB,0.6783711314201355,0.5974302887916565,0.5538197159767151,0.3310256898403168,0.9994500279426575
223,7433,LEFT_HIP,0.43940889835357666,0.6027916669845581,0.020711449906229973,0.9977267384529114,0.9999028444290161
223,7433,RIGHT_HIP,0.54164719581604,0.6334790587425232,-0.021354706957936287,0.9972996711730957,0.9998749494552612
223,7433,LEFT_KNEE,0.3989056646823883,0.7368067502975464,0.11136927455663681,0.9273463487625122,0.9990334510803223
223,7433,RIGHT_KNEE,0.5166214108467102,0.7572986483573914,0.06607936322689056,0.7600557804107666,0.9994109869003296
223,7433,LEFT_ANKLE,0.4379488527774811,0.8561743497848511,-0.2805344760417938,0.9291011095046997,0.9982951283454895
223,7433,RIGHT_ANKLE,0.5195177793502808,0.8957408666610718,-0.2931004464626312,0.7986921668052673,0.9990587830543518
223,7433,LEFT_HEEL,0.4450572729110718,0.8871306777000427,-0.32294026017189026,0.95667964220047,0.9972907900810242
223,7433,RIGHT_HEEL,0.5176658034324646,0.915978729724884,-0.3269352912902832,0.8355222940444946,0.998216450214386
223,7433,LEFT_FOOT_INDEX,0.47087377309799194,0.9048388600349426,-0.35551387071609497,0.9271180033683777,0.9942130446434021
223,7433,RIGHT_FOOT_INDEX,0.5225979685783386,0.9258397817611694,-0.3672216832637787,0.8132829666137695,0.9946141839027405
224,7467,NOSE,0.6849239468574524,0.4509989619255066,0.5206154584884644,0.9905327558517456,0.9998151659965515
224,7467,LEFT_EYE_INNER,0.6846724152565002,0.44005030393600464,0.4924663007259369,0.9927119612693787,0.9996190071105957
224,7467,LEFT_EYE,0.6806020140647888,0.43720540404319763,0.4924311339855194,0.9942657351493835,0.9995337724685669
224,7467,LEFT_EYE_OUTER,0.6767311096191406,0.43463069200515747,0.49230340123176575,0.9937383532524109,0.9993816614151001
224,7467,RIGHT_EYE_INNER,0.6960229873657227,0.44621315598487854,0.4873870313167572,0.991165041923523,0.9997572302818298
224,7467,RIGHT_EYE,0.7001094818115234,0.44780397415161133,0.4873396158218384,0.9912257194519043,0.9997547268867493
224,7467,RIGHT_EYE_OUTER,0.703997015953064,0.44919079542160034,0.48720625042915344,0.9911683201789856,0.9997459053993225
224,7467,LEFT_EAR,0.6663511395454407,0.4320279657840729,0.353471577167511,0.9939540028572083,0.9993444085121155
224,7467,RIGHT_EAR,0.7022686004638672,0.45152631402015686,0.3104313910007477,0.9930969476699829,0.9998149275779724
224,7467,MOUTH_LEFT,0.6724709272384644,0.4523724913597107,0.4755270481109619,0.9895084500312805,0.9994328618049622
224,7467,MOUTH_RIGHT,0.6842520833015442,0.4594961404800415,0.47015056014060974,0.9851323366165161,0.9996706247329712
224,7467,LEFT_SHOULDER,0.5631982088088989,0.44482728838920593,0.27590325474739075,0.9990122318267822,0.9947955012321472
224,7467,RIGHT_SHOULDER,0.688544511795044,0.4997243583202362,0.18516883254051208,0.9978830218315125,0.9994627833366394
224,7467,LEFT_ELBOW,0.5617660284042358,0.5305029153823853,0.32223036885261536,0.8031864762306213,0.9820630550384521
224,7467,RIGHT_ELBOW,0.685127854347229,0.5919374823570251,0.2717266380786896,0.48109257221221924,0.9984108209609985
224,7467,LEFT_WRIST,0.6091982126235962,0.5840149521827698,0.3914150595664978,0.7337312698364258,0.9801455736160278
224,7467,RIGHT_WRIST,0.693534791469574,0.6087697148323059,0.5043734908103943,0.33703628182411194,0.995461642742157
224,7467,LEFT_PINKY,0.615848183631897,0.595324695110321,0.40533486008644104,0.7033061981201172,0.9837771654129028
224,7467,RIGHT_PINKY,0.7063885927200317,0.6180447340011597,0.5350933074951172,0.3164524734020233,0.993444561958313
224,7467,LEFT_INDEX,0.631112277507782,0.5929696559906006,0.40282395482063293,0.7021450996398926,0.9827387928962708
224,7467,RIGHT_INDEX,0.7119093537330627,0.6077619194984436,0.5466926693916321,0.3195127248764038,0.9942466616630554
224,7467,LEFT_THUMB,0.6301743984222412,0.5904496908187866,0.3908938765525818,0.6803815960884094,0.9836244583129883
224,7467,RIGHT_THUMB,0.7012141346931458,0.6018455624580383,0.5149927139282227,0.32495471835136414,0.9954892992973328
224,7467,LEFT_HIP,0.43476247787475586,0.5832682847976685,0.0008343284134753048,0.9979261159896851,0.999642014503479
224,7467,RIGHT_HIP,0.5378139615058899,0.6136730909347534,-0.0012369772884994745,0.9975386261940002,0.9998010993003845
224,7467,LEFT_KNEE,0.3938094973564148,0.7201591730117798,0.058208223432302475,0.9281573295593262,0.9962632060050964
224,7467,RIGHT_KNEE,0.5126957893371582,0.7540944814682007,0.0562840960919857,0.7685320377349854,0.9982831478118896
224,7467,LEFT_ANKLE,0.4261073172092438,0.8311188220977783,-0.21038669347763062,0.931653618812561,0.9923263788223267
224,7467,RIGHT_ANKLE,0.5228232145309448,0.8939753770828247,-0.19375137984752655,0.8104119300842285,0.9947296380996704
224,7467,LEFT_HEEL,0.42519742250442505,0.8565236330032349,-0.23600251972675323,0.958705484867096,0.9901963472366333
224,7467,RIGHT_HEEL,0.523310661315918,0.9153748154640198,-0.21799533069133759,0.843244194984436,0.9917410612106323
224,7467,LEFT_FOOT_INDEX,0.4314015507698059,0.8872691988945007,-0.27064424753189087,0.9245399236679077,0.9791387915611267
224,7467,RIGHT_FOOT_INDEX,0.5206760168075562,0.9194309711456299,-0.26953330636024475,0.8148587942123413,0.9785364270210266
225,7500,NOSE,0.6839580535888672,0.44353166222572327,0.6184325218200684,0.9911659955978394,0.9999483823776245
225,7500,LEFT_EYE_INNER,0.6841118931770325,0.43364429473876953,0.6028257608413696,0.9932126402854919,0.9998961687088013
225,7500,LEFT_EYE,0.680271327495575,0.4314085841178894,0.6028168797492981,0.9945667386054993,0.999871015548706
225,7500,LEFT_EYE_OUTER,0.6762661933898926,0.4293171763420105,0.6026414036750793,0.9940636157989502,0.9998321533203125
225,7500,RIGHT_EYE_INNER,0.6965987682342529,0.4399093687534332,0.5990508198738098,0.9918398857116699,0.9999377727508545
225,7500,RIGHT_EYE,0.7009774446487427,0.44181573390960693,0.599020779132843,0.9918900728225708,0.9999374151229858
225,7500,RIGHT_EYE_OUTER,0.7050439715385437,0.4434913098812103,0.5989162921905518,0.991889476776123,0.9999377727508545
225,7500,LEFT_EAR,0.6675825715065002,0.4294337332248688,0.4891468286514282,0.9943692088127136,0.9998518228530884
225,7500,RIGHT_EAR,0.7038834691047668,0.44701898097991943,0.4727460443973541,0.9936854243278503,0.9999618530273438
225,7500,MOUTH_LEFT,0.6717268228530884,0.446723610162735,0.5765601396560669,0.9903868436813354,0.9998496770858765
225,7500,MOUTH_RIGHT,0.6843973994255066,0.4544218182563782,0.5722216367721558,0.9864344000816345,0.9999057054519653
225,7500,LEFT_SHOULDER,0.5810693502426147,0.4546607434749603,0.37861061096191406,0.999060869216919,0.999264657497406
225,7500,RIGHT_SHOULDER,0.691026508808136,0.49561384320259094,0.3029424846172333,0.9980689287185669,0.9997666478157043
225,7500,LEFT_ELBOW,0.6339226365089417,0.5647184252738953,0.326187402009964,0.7321715950965881,0.9940581321716309
225,7500,RIGHT_ELBOW,0.7024605870246887,0.5875198245048523,0.26650068163871765,0.4735855162143707,0.9984557628631592
225,7500,LEFT_WRIST,0.6905062198638916,0.6399891376495361,0.28286013007164,0.6776637434959412,0.9729941487312317
225,7500,RIGHT_WRIST,0.6928970813751221,0.6105239391326904,0.31047767400741577,0.31877949833869934,0.9906236529350281
225,7500,LEFT_PINKY,0.6950814723968506,0.6471124291419983,0.27295082807540894,0.6516284942626953,0.9733152389526367
225,7500,RIGHT_PINKY,0.6952893137931824,0.6168150901794434,0.30948710441589355,0.30287981033325195,0.986992597579956
225,7500,LEFT_INDEX,0.7136348485946655,0.6572584509849548,0.2723310589790344,0.6504846811294556,0.9678887724876404
225,7500,RIGHT_INDEX,0.6940115094184875,0.6136971712112427,0.3045121133327484,0.30500590801239014,0.9869831800460815
225,7500,LEFT_THUMB,0.7010306715965271,0.6466339230537415,0.27822795510292053,0.6317826509475708,0.9740095138549805
225,7500,RIGHT_THUMB,0.6903797388076782,0.610145628452301,0.30656898021698,0.3114318251609802,0.990555465221405
225,7500,LEFT_HIP,0.43915286660194397,0.562963604927063,-0.014076330699026585,0.9981275796890259,0.9999550580978394
225,7500,RIGHT_HIP,0.5300686955451965,0.5881384611129761,0.013488009572029114,0.9977729320526123,0.9999538660049438
225,7500,LEFT_KNEE,0.3738342821598053,0.7099760174751282,-0.008461189456284046,0.929631233215332,0.9973426461219788
225,7500,RIGHT_KNEE,0.5097643136978149,0.7405702471733093,0.014305813238024712,0.7462435364723206,0.9981974959373474
225,7500,LEFT_ANKLE,0.414232462644577,0.8141212463378906,-0.41095536947250366,0.9317309856414795,0.9949453473091125
225,7500,RIGHT_ANKLE,0.519692063331604,0.8898125886917114,-0.3955649435520172,0.812946617603302,0.9948704242706299
225,7500,LEFT_HEEL,0.41608697175979614,0.8229811787605286,-0.44957491755485535,0.9596618413925171,0.9947488903999329
225,7500,RIGHT_HEEL,0.5199472904205322,0.9117200970649719,-0.43855583667755127,0.8417466878890991,0.9929083585739136
225,7500,LEFT_FOOT_INDEX,0.42759940028190613,0.872341513633728,-0.5152171850204468,0.9229843616485596,0.9851709008216858
225,7500,RIGHT_FOOT_INDEX,0.5148049592971802,0.9206575751304626,-0.5430984497070312,0.8107730746269226,0.9817875623703003
226,7533,NOSE,0.6869993805885315,0.4499022960662842,0.6565287709236145,0.990751326084137,0.9999322891235352
226,7533,LEFT_EYE_INNER,0.6883476376533508,0.43884381651878357,0.643753707408905,0.9930773377418518,0.9998854398727417
226,7533,LEFT_EYE,0.6848270297050476,0.43668821454048157,0.6437360048294067,0.9939291477203369,0.9998595714569092
226,7533,LEFT_EYE_OUTER,0.6812593936920166,0.43474918603897095,0.6436033248901367,0.9936293959617615,0.999817430973053
226,7533,RIGHT_EYE_INNER,0.6997134685516357,0.4441415071487427,0.6386933326721191,0.9919829964637756,0.9999362230300903
226,7533,RIGHT_EYE,0.7035243511199951,0.4456292688846588,0.6385995745658875,0.9918996095657349,0.9999414682388306
226,7533,RIGHT_EYE_OUTER,0.7072769999504089,0.4472111463546753,0.6384653449058533,0.9921663999557495,0.9999463558197021
226,7533,LEFT_EAR,0.6727843284606934,0.4351896643638611,0.5317796468734741,0.9939305186271667,0.9998526573181152
226,7533,RIGHT_EAR,0.7041146159172058,0.45171236991882324,0.5130391120910645,0.9937778115272522,0.9999738931655884
226,7533,MOUTH_LEFT,0.6736233234405518,0.4533842206001282,0.6147639155387878,0.9905775189399719,0.9998254179954529
226,7533,MOUTH_RIGHT,0.685300350189209,0.4594108462333679,0.6093859672546387,0.9871119260787964,0.9999110698699951
226,7533,LEFT_SHOULDER,0.5892423987388611,0.4656178057193756,0.4338451623916626,0.9987969994544983,0.998765230178833
226,7533,RIGHT_SHOULDER,0.6914547681808472,0.4973513185977936,0.3293154835700989,0.998216450214386,0.9997701048851013
226,7533,LEFT_ELBOW,0.6400516629219055,0.5675932168960571,0.3610352873802185,0.6652277708053589,0.9953946471214294
226,7533,RIGHT_ELBOW,0.7199901938438416,0.5827734470367432,0.2884543538093567,0.45705756545066833,0.9990164041519165
226,7533,LEFT_WRIST,0.6735373139381409,0.6370595693588257,0.31984496116638184,0.6224253177642822,0.9912501573562622
226,7533,RIGHT_WRIST,0.7108901143074036,0.5666640400886536,0.41049426794052124,0.29669925570487976,0.9977853298187256
226,7533,LEFT_PINKY,0.6813033223152161,0.6483168005943298,0.3216440677642822,0.6020854711532593,0.9920765161514282
226,7533,RIGHT_PINKY,0.717878520488739,0.5567716360092163,0.4289197027683258,0.28420570492744446,0.9967071413993835
226,7533,LEFT_INDEX,0.6863821744918823,0.6480209231376648,0.3256852626800537,0.6017022132873535,0.9907283782958984
226,7533,RIGHT_INDEX,0.7068984508514404,0.5558512806892395,0.42544499039649963,0.2857016921043396,0.9964634776115417
226,7533,LEFT_THUMB,0.6805804967880249,0.6393721103668213,0.3188076913356781,0.5846791863441467,0.9927312731742859
226,7533,RIGHT_THUMB,0.7023440599441528,0.5594227910041809,0.41114798188209534,0.29400867223739624,0.9976465106010437
226,7533,LEFT_HIP,0.44328930974006653,0.5569090843200684,0.03874562308192253,0.998305082321167,0.9999809265136719
226,7533,RIGHT_HIP,0.5300397276878357,0.5812816619873047,-0.039727307856082916,0.9979873895645142,0.9999864101409912
226,7533,LEFT_KNEE,0.3714810013771057,0.6795118451118469,0.09366830438375473,0.9064266085624695,0.9966807961463928
226,7533,RIGHT_KNEE,0.5153759717941284,0.7312244176864624,0.01212350744754076,0.7432642579078674,0.9993199110031128
226,7533,LEFT_ANKLE,0.3644225597381592,0.7497548460960388,-0.38237544894218445,0.9133865833282471,0.9976140260696411
226,7533,RIGHT_ANKLE,0.5203220844268799,0.8895696997642517,-0.5208951830863953,0.8229997754096985,0.9980056881904602
226,7533,LEFT_HEEL,0.3625916540622711,0.7555364966392517,-0.41549351811408997,0.9516359567642212,0.9975977540016174
226,7533,RIGHT_HEEL,0.5186960697174072,0.9137613773345947,-0.5776780843734741,0.8497865796089172,0.9967055916786194
226,7533,LEFT_FOOT_INDEX,0.3669370710849762,0.792267382144928,-0.48982730507850647,0.9066985845565796,0.9953979849815369
226,7533,RIGHT_FOOT_INDEX,0.5409162044525146,0.9223451018333435,-0.6866827607154846,0.8160382509231567,0.9931517839431763
227,7567,NOSE,0.7061464786529541,0.4581492841243744,0.581081211566925,0.9913029670715332,0.9998854398727417
227,7567,LEFT_EYE_INNER,0.7073931097984314,0.44693925976753235,0.5779915452003479,0.9936187267303467,0.9998118281364441
227,7567,LEFT_EYE,0.7047115564346313,0.44516900181770325,0.5779538154602051,0.9943609833717346,0.9997928738594055
227,7567,LEFT_EYE_OUTER,0.7019294500350952,0.44363319873809814,0.5777551531791687,0.9940888285636902,0.9997554421424866
227,7567,RIGHT_EYE_INNER,0.7142921686172485,0.4510044753551483,0.5600544214248657,0.9926519989967346,0.9998587369918823
227,7567,RIGHT_EYE,0.7159983515739441,0.451522558927536,0.5599904656410217,0.992566704750061,0.9998621940612793
227,7567,RIGHT_EYE_OUTER,0.7173908948898315,0.4521976709365845,0.5598600506782532,0.9928387403488159,0.999861478805542
227,7567,LEFT_EAR,0.6918803453445435,0.4432247579097748,0.5290517807006836,0.994394838809967,0.9998235106468201
227,7567,RIGHT_EAR,0.7102305889129639,0.45317721366882324,0.44519761204719543,0.9943287372589111,0.9999278783798218
227,7567,MOUTH_LEFT,0.6934459805488586,0.46287107467651367,0.5619074702262878,0.9912406206130981,0.999763548374176
227,7567,MOUTH_RIGHT,0.6991996765136719,0.4667859375476837,0.5381990075111389,0.98817378282547,0.999841570854187
227,7567,LEFT_SHOULDER,0.5984511971473694,0.4714585840702057,0.47252216935157776,0.9987507462501526,0.9983212351799011
227,7567,RIGHT_SHOULDER,0.6814928650856018,0.4961616098880768,0.2839893102645874,0.9983682036399841,0.9997144341468811
227,7567,LEFT_ELBOW,0.6356077790260315,0.5601747632026672,0.36796334385871887,0.6050641536712646,0.9921695590019226
227,7567,RIGHT_ELBOW,0.7006832957267761,0.5766502618789673,0.17383936047554016,0.4681869447231293,0.9989733695983887
227,7567,LEFT_WRIST,0.6917463541030884,0.5846837759017944,0.23747168481349945,0.575279712677002,0.9947920441627502
227,7567,RIGHT_WRIST,0.7368988990783691,0.5632494688034058,0.2312188595533371,0.29748570919036865,0.9977173805236816
227,7567,LEFT_PINKY,0.706940770149231,0.5866129994392395,0.2176506072282791,0.5592321157455444,0.9954419136047363
227,7567,RIGHT_PINKY,0.748167097568512,0.5603593587875366,0.23027685284614563,0.2887759804725647,0.9967470169067383
227,7567,LEFT_INDEX,0.7125807404518127,0.584751307964325,0.23685124516487122,0.5587949156761169,0.9950605034828186
227,7567,RIGHT_INDEX,0.7437120079994202,0.5587126016616821,0.24392859637737274,0.2884816825389862,0.9968515038490295
227,7567,LEFT_THUMB,0.7074068188667297,0.5836146473884583,0.23949949443340302,0.5434564352035522,0.9958997368812561
227,7567,RIGHT_THUMB,0.7365370988845825,0.5602966547012329,0.23890864849090576,0.29662296175956726,0.9976412057876587
227,7567,LEFT_HIP,0.44501104950904846,0.550366222858429,0.0535796694457531,0.9984703063964844,0.9999713897705078
227,7567,RIGHT_HIP,0.5274855494499207,0.5671048164367676,-0.054264750331640244,0.9981851577758789,0.999985933303833
227,7567,LEFT_KNEE,0.3419758081436157,0.6588625907897949,0.08125819265842438,0.9125613570213318,0.9958546757698059
227,7567,RIGHT_KNEE,0.5160196423530579,0.7316188812255859,0.011692790314555168,0.7615374326705933,0.9989546537399292
227,7567,LEFT_ANKLE,0.32472214102745056,0.7009419798851013,-0.013471105135977268,0.9104433059692383,0.9873690009117126
227,7567,RIGHT_ANKLE,0.5229201912879944,0.8932926654815674,-0.2832646071910858,0.835146427154541,0.9902045726776123
227,7567,LEFT_HEEL,0.32228970527648926,0.7081167101860046,-0.019583646208047867,0.9479610919952393,0.9874206185340881
227,7567,RIGHT_HEEL,0.5342219471931458,0.9120729565620422,-0.2863112986087799,0.8561734557151794,0.9867599010467529
227,7567,LEFT_FOOT_INDEX,0.3213905692100525,0.7160587906837463,-0.04364568740129471,0.8846922516822815,0.9801294207572937
227,7567,RIGHT_FOOT_INDEX,0.5504257082939148,0.9205976128578186,-0.3540530800819397,0.8114116787910461,0.970578134059906
228,7600,NOSE,0.720653772354126,0.4689607322216034,0.612604022026062,0.9919598698616028,0.9999692440032959
228,7600,LEFT_EYE_INNER,0.7209855318069458,0.4574587941169739,0.6282928586006165,0.994121789932251,0.9999583959579468
228,7600,LEFT_EYE,0.7179394960403442,0.4553547203540802,0.6282987594604492,0.9947299361228943,0.999956488609314
228,7600,LEFT_EYE_OUTER,0.7147907018661499,0.45304757356643677,0.6281989216804504,0.994533121585846,0.9999489784240723
228,7600,RIGHT_EYE_INNER,0.7277851700782776,0.4603123962879181,0.5836284160614014,0.9932660460472107,0.9999624490737915
228,7600,RIGHT_EYE,0.7294936776161194,0.4602002799510956,0.5835372805595398,0.9931558966636658,0.9999614953994751
228,7600,RIGHT_EYE_OUTER,0.7310478091239929,0.4601186215877533,0.5833914875984192,0.9934636950492859,0.9999585151672363
228,7600,LEFT_EAR,0.7009447813034058,0.44715791940689087,0.6312782764434814,0.9948081374168396,0.99996018409729
228,7600,RIGHT_EAR,0.7220959067344666,0.45749446749687195,0.4322803318500519,0.9947832822799683,0.999968409538269
228,7600,MOUTH_LEFT,0.7058718800544739,0.47348350286483765,0.6132944822311401,0.9919844269752502,0.9999443292617798
228,7600,MOUTH_RIGHT,0.7120210528373718,0.47723427414894104,0.5542988777160645,0.9892404675483704,0.9999516010284424
228,7600,LEFT_SHOULDER,0.5974239706993103,0.46866753697395325,0.6231650114059448,0.9986192584037781,0.9994933605194092
228,7600,RIGHT_SHOULDER,0.6921724677085876,0.48735907673835754,0.22428637742996216,0.9985040426254272,0.9998202919960022
228,7600,LEFT_ELBOW,0.6194252371788025,0.5485748648643494,0.6308296918869019,0.5476352572441101,0.9975134134292603
228,7600,RIGHT_ELBOW,0.7156760692596436,0.5602902173995972,0.1157526895403862,0.5044108033180237,0.9996767044067383
228,7600,LEFT_WRIST,0.669031023979187,0.575249195098877,0.5752312541007996,0.5250123739242554,0.9983225464820862
228,7600,RIGHT_WRIST,0.7557847499847412,0.5645761489868164,0.24718806147575378,0.3208055794239044,0.9994533658027649
228,7600,LEFT_PINKY,0.6790099740028381,0.5780715942382812,0.5700775980949402,0.5132242441177368,0.9978710412979126
228,7600,RIGHT_PINKY,0.7671290636062622,0.5639106631278992,0.2510037124156952,0.31329360604286194,0.9988715052604675
228,7600,LEFT_INDEX,0.6881498694419861,0.5761477947235107,0.5802454352378845,0.5129331946372986,0.9978039860725403
228,7600,RIGHT_INDEX,0.7606788873672485,0.5613324046134949,0.26602500677108765,0.31110450625419617,0.9989173412322998
228,7600,LEFT_THUMB,0.6855729222297668,0.575878918170929,0.5731953978538513,0.49974116683006287,0.9984126091003418
228,7600,RIGHT_THUMB,0.7545993328094482,0.5619258880615234,0.2592180669307709,0.317065954208374,0.9993343949317932
228,7600,LEFT_HIP,0.43963074684143066,0.5456548929214478,0.10264546424150467,0.9986083507537842,0.9999773502349854
228,7600,RIGHT_HIP,0.527628481388092,0.5619928240776062,-0.10307637602090836,0.9983466863632202,0.9999841451644897
228,7600,LEFT_KNEE,0.33329540491104126,0.648603618144989,0.0524764247238636,0.918781578540802,0.9982526898384094
228,7600,RIGHT_KNEE,0.5146492719650269,0.7329195141792297,-0.07095269113779068,0.7805749773979187,0.9984799027442932
228,7600,LEFT_ANKLE,0.2667856812477112,0.6295016407966614,-0.16704405844211578,0.9128444790840149,0.9928430318832397
228,7600,RIGHT_ANKLE,0.5212419629096985,0.893280029296875,-0.34711480140686035,0.848564863204956,0.9848245978355408
228,7600,LEFT_HEEL,0.26284873485565186,0.6280357837677002,-0.18890026211738586,0.9495938420295715,0.9909340143203735
228,7600,RIGHT_HEEL,0.5293543338775635,0.9117379188537598,-0.37396150827407837,0.8674547076225281,0.9831327795982361
228,7600,LEFT_FOOT_INDEX,0.23898477852344513,0.6267513632774353,-0.24667713046073914,0.8707307577133179,0.9829443097114563
228,7600,RIGHT_FOOT_INDEX,0.5555448532104492,0.9211253523826599,-0.46819666028022766,0.816705584526062,0.9617229104042053
229,7633,NOSE,0.7271549105644226,0.47062721848487854,0.6419954299926758,0.9927224516868591,0.9999887943267822
229,7633,LEFT_EYE_INNER,0.7297541499137878,0.45729947090148926,0.656967043876648,0.9946876168251038,0.9999819993972778
229,7633,LEFT_EYE,0.7272009253501892,0.455070436000824,0.6570100784301758,0.995226263999939,0.9999804496765137
229,7633,LEFT_EYE_OUTER,0.7246887683868408,0.4529394805431366,0.6569938063621521,0.995058536529541,0.9999762773513794
229,7633,RIGHT_EYE_INNER,0.7360180020332336,0.4590657651424408,0.6041676998138428,0.9939217567443848,0.9999839067459106
229,7633,RIGHT_EYE,0.7373908162117004,0.45885059237480164,0.6040192246437073,0.993817150592804,0.9999833106994629
229,7633,RIGHT_EYE_OUTER,0.7387301921844482,0.45855772495269775,0.6038457751274109,0.994102954864502,0.9999821186065674
229,7633,LEFT_EAR,0.7132014036178589,0.4469106197357178,0.6613651514053345,0.9953024387359619,0.9999775886535645
229,7633,RIGHT_EAR,0.7303731441497803,0.45530515909194946,0.42726463079452515,0.9952836036682129,0.999983549118042
229,7633,MOUTH_LEFT,0.7131127119064331,0.4735756814479828,0.6452181339263916,0.9927611947059631,0.9999727010726929
229,7633,MOUTH_RIGHT,0.7191948890686035,0.47645577788352966,0.575674831867218,0.9902957081794739,0.9999771118164062
229,7633,LEFT_SHOULDER,0.6039432287216187,0.4657566547393799,0.6791602969169617,0.9986572265625,0.9998020529747009
229,7633,RIGHT_SHOULDER,0.6971931457519531,0.47891560196876526,0.18260729312896729,0.9986467361450195,0.9999505281448364
229,7633,LEFT_ELBOW,0.6097526550292969,0.536544144153595,0.6665440797805786,0.4951867461204529,0.9993984699249268
229,7633,RIGHT_ELBOW,0.7160958647727966,0.5500339269638062,0.07125809788703918,0.5457037091255188,0.9999370574951172
229,7633,LEFT_WRIST,0.6528415679931641,0.5656346678733826,0.5481149554252625,0.48000407218933105,0.999737560749054
229,7633,RIGHT_WRIST,0.7497875690460205,0.562676727771759,0.2360737919807434,0.35234883427619934,0.9999346733093262
229,7633,LEFT_PINKY,0.660118818283081,0.5704826712608337,0.5387621521949768,0.4740683436393738,0.9996459484100342
229,7633,RIGHT_PINKY,0.7615973949432373,0.5650004744529724,0.23965924978256226,0.3436323404312134,0.999860405921936
229,7633,LEFT_INDEX,0.6698912382125854,0.567521870136261,0.5440415740013123,0.4740038812160492,0.9996418952941895
229,7633,RIGHT_INDEX,0.7585932016372681,0.5623461008071899,0.264277845621109,0.3386261463165283,0.9998637437820435
229,7633,LEFT_THUMB,0.6688778400421143,0.5666882395744324,0.541541576385498,0.4621208608150482,0.9997487664222717
229,7633,RIGHT_THUMB,0.7528508901596069,0.561267614364624,0.25339818000793457,0.3419284522533417,0.9999191761016846
229,7633,LEFT_HIP,0.43963611125946045,0.5395311713218689,0.1561921089887619,0.9987451434135437,0.9999958276748657
229,7633,RIGHT_HIP,0.5261818766593933,0.5573047399520874,-0.15662412345409393,0.9985103011131287,0.9999979734420776
229,7633,LEFT_KNEE,0.3361785113811493,0.626786470413208,0.04087565466761589,0.9258894920349121,0.9998557567596436
229,7633,RIGHT_KNEE,0.5153287649154663,0.7334234118461609,-0.1434193104505539,0.8019264936447144,0.9998985528945923
229,7633,LEFT_ANKLE,0.2688226103782654,0.577717661857605,-0.02487294189631939,0.9201438426971436,0.999785840511322
229,7633,RIGHT_ANKLE,0.520341157913208,0.8920971751213074,-0.2951107323169708,0.863422155380249,0.9992990493774414
229,7633,LEFT_HEEL,0.26761025190353394,0.5558295845985413,-0.03015386313199997,0.9537297487258911,0.9997373223304749
229,7633,RIGHT_HEEL,0.5288601517677307,0.910114586353302,-0.3417166471481323,0.880244791507721,0.9991955161094666
229,7633,LEFT_FOOT_INDEX,0.21915297210216522,0.5509108304977417,-0.09728213399648666,0.8748593926429749,0.9992621541023254
229,7633,RIGHT_FOOT_INDEX,0.573750913143158,0.9246334433555603,-0.41760265827178955,0.8324511051177979,0.9971368312835693
230,7667,NOSE,0.738985002040863,0.4658293128013611,0.6085389256477356,0.9934402108192444,0.9999961853027344
230,7667,LEFT_EYE_INNER,0.7421618103981018,0.4523865282535553,0.6241480708122253,0.9952142834663391,0.9999933242797852
230,7667,LEFT_EYE,0.7400085926055908,0.45033639669418335,0.6242104768753052,0.9956970810890198,0.9999926090240479
230,7667,LEFT_EYE_OUTER,0.7375921607017517,0.4481695294380188,0.6242165565490723,0.9955480694770813,0.999990701675415
230,7667,RIGHT_EYE_INNER,0.7466670870780945,0.4542063772678375,0.5721179246902466,0.9945262670516968,0.999994158744812
230,7667,RIGHT_EYE,0.7476849555969238,0.45399045944213867,0.5720025897026062,0.9944313168525696,0.999994158744812
230,7667,RIGHT_EYE_OUTER,0.7484963536262512,0.45379647612571716,0.5718576312065125,0.9946901798248291,0.9999938011169434
230,7667,LEFT_EAR,0.7243143916130066,0.4427124559879303,0.6541213989257812,0.9957670569419861,0.9999915361404419
230,7667,RIGHT_EAR,0.7376816272735596,0.452645868062973,0.4099448621273041,0.9957522749900818,0.9999947547912598
230,7667,MOUTH_LEFT,0.7236698269844055,0.46963223814964294,0.6192135810852051,0.9934788346290588,0.9999914169311523
230,7667,MOUTH_RIGHT,0.7289941906929016,0.4724503755569458,0.5490099191665649,0.991260826587677,0.999992847442627
230,7667,LEFT_SHOULDER,0.6146883964538574,0.45959174633026123,0.6930400133132935,0.9987597465515137,0.9999269247055054
230,7667,RIGHT_SHOULDER,0.6979352831840515,0.47287172079086304,0.16936422884464264,0.9987784624099731,0.9999812841415405
230,7667,LEFT_ELBOW,0.613699734210968,0.538844883441925,0.6565157771110535,0.44967472553253174,0.9995629191398621
230,7667,RIGHT_ELBOW,0.7254911661148071,0.5509989857673645,0.08288212865591049,0.5844296813011169,0.9999551773071289
230,7667,LEFT_WRIST,0.675316572189331,0.5612032413482666,0.5028178691864014,0.44289326667785645,0.999859094619751
230,7667,RIGHT_WRIST,0.7546309232711792,0.5557212233543396,0.2885560989379883,0.39250245690345764,0.9999610185623169
230,7667,LEFT_PINKY,0.6935286521911621,0.5630041360855103,0.4841446876525879,0.44018101692199707,0.9997989535331726
230,7667,RIGHT_PINKY,0.7774534225463867,0.5514921545982361,0.29383033514022827,0.3800745904445648,0.9999055862426758
230,7667,LEFT_INDEX,0.6965705752372742,0.5610201954841614,0.4999065697193146,0.44007614254951477,0.9998013377189636
230,7667,RIGHT_INDEX,0.76629239320755,0.5463907122612,0.31546953320503235,0.37178751826286316,0.9999070167541504
230,7667,LEFT_THUMB,0.6930283308029175,0.560116171836853,0.4986039996147156,0.430486798286438,0.9998584985733032
230,7667,RIGHT_THUMB,0.7622883319854736,0.548786997795105,0.30539190769195557,0.3717624247074127,0.9999492168426514
230,7667,LEFT_HIP,0.4417574107646942,0.53307044506073,0.15703468024730682,0.9988694190979004,0.9999979734420776
230,7667,RIGHT_HIP,0.5240189433097839,0.5497459769248962,-0.1572105437517166,0.9986581206321716,0.9999991655349731
230,7667,LEFT_KNEE,0.3077419698238373,0.6221968531608582,-0.012676406651735306,0.9328890442848206,0.9999246597290039
230,7667,RIGHT_KNEE,0.5144732594490051,0.7340183258056641,-0.19692961871623993,0.8213458061218262,0.9999408721923828
230,7667,LEFT_ANKLE,0.22170430421829224,0.5340500473976135,-0.027119453996419907,0.9274956583976746,0.9996908903121948
230,7667,RIGHT_ANKLE,0.5207628607749939,0.8912330269813538,-0.2374604493379593,0.8768720030784607,0.9992470741271973
230,7667,LEFT_HEEL,0.22908635437488556,0.512563169002533,-0.02528267167508602,0.9578447937965393,0.9995597004890442
230,7667,RIGHT_HEEL,0.5286056399345398,0.9093106389045715,-0.24160513281822205,0.8917343020439148,0.9991574287414551
230,7667,LEFT_FOOT_INDEX,0.14783161878585815,0.5180192589759827,-0.10625685006380081,0.8825023174285889,0.9985658526420593
230,7667,RIGHT_FOOT_INDEX,0.5774827599525452,0.9244559407234192,-0.3621824383735657,0.847220242023468,0.9962867498397827
231,7700,NOSE,0.7463432550430298,0.46225324273109436,0.5656460523605347,0.9940913319587708,0.9999895095825195
231,7700,LEFT_EYE_INNER,0.749361515045166,0.4510662257671356,0.599761962890625,0.9956905245780945,0.9999827146530151
231,7700,LEFT_EYE,0.7477599382400513,0.44931432604789734,0.5996736884117126,0.9961240887641907,0.9999828338623047
231,7700,LEFT_EYE_OUTER,0.7457721829414368,0.4473530650138855,0.5995104908943176,0.9959914088249207,0.9999796152114868
231,7700,RIGHT_EYE_INNER,0.7521675229072571,0.44864267110824585,0.5227607488632202,0.9950718283653259,0.9999802112579346
231,7700,RIGHT_EYE,0.7525428533554077,0.44622084498405457,0.5226057171821594,0.9949859380722046,0.9999794960021973
231,7700,RIGHT_EYE_OUTER,0.7526467442512512,0.4440135955810547,0.5224207043647766,0.9952197670936584,0.9999774694442749
231,7700,LEFT_EAR,0.7303680181503296,0.4364441931247711,0.6235560774803162,0.9961875677108765,0.9999849796295166
231,7700,RIGHT_EAR,0.7388767600059509,0.4392632842063904,0.3598545491695404,0.9961744546890259,0.9999796152114868
231,7700,MOUTH_LEFT,0.7258740663528442,0.4663386344909668,0.5831733345985413,0.9941266775131226,0.9999855756759644
231,7700,MOUTH_RIGHT,0.7337686419487,0.4697028398513794,0.5029149651527405,0.9921289682388306,0.9999815225601196
231,7700,LEFT_SHOULDER,0.617447018623352,0.45976707339286804,0.6838836073875427,0.9988620281219482,0.9999607801437378
231,7700,RIGHT_SHOULDER,0.695931613445282,0.463550865650177,0.14713364839553833,0.9988949298858643,0.9999687671661377
231,7700,LEFT_ELBOW,0.6100139617919922,0.5610362887382507,0.7261601686477661,0.41345566511154175,0.9998224377632141
231,7700,RIGHT_ELBOW,0.7203396558761597,0.5476019978523254,0.04874956235289574,0.6090623140335083,0.9999518394470215
231,7700,LEFT_WRIST,0.658933699131012,0.6102532148361206,0.6788896918296814,0.4256327748298645,0.999922513961792
231,7700,RIGHT_WRIST,0.7485899925231934,0.5324770212173462,0.1933683305978775,0.43506377935409546,0.999972939491272
231,7700,LEFT_PINKY,0.6700363755226135,0.613754153251648,0.6820183396339417,0.42172783613204956,0.9998472929000854
231,7700,RIGHT_PINKY,0.766983151435852,0.5237362384796143,0.1924130618572235,0.4233938157558441,0.9999353885650635
231,7700,LEFT_INDEX,0.6761741638183594,0.6082077026367188,0.68072110414505,0.4227393567562103,0.9998691082000732
231,7700,RIGHT_INDEX,0.7559754252433777,0.5211575627326965,0.2239523082971573,0.4121086001396179,0.9999349117279053
231,7700,LEFT_THUMB,0.6733576655387878,0.6073412299156189,0.6719284057617188,0.41659975051879883,0.9999138116836548
231,7700,RIGHT_THUMB,0.7515829205513,0.5291734933853149,0.21348339319229126,0.40784117579460144,0.9999690055847168
231,7700,LEFT_HIP,0.4430997669696808,0.5307064056396484,0.15150967240333557,0.9989805817604065,0.9999983310699463
231,7700,RIGHT_HIP,0.5236380100250244,0.5477975606918335,-0.15169501304626465,0.9987905621528625,0.9999992847442627
231,7700,LEFT_KNEE,0.2888179421424866,0.6084778904914856,-0.01748710311949253,0.9391435980796814,0.9999147653579712
231,7700,RIGHT_KNEE,0.5139999389648438,0.7317376732826233,-0.17537567019462585,0.83847975730896,0.9998854398727417
231,7700,LEFT_ANKLE,0.19170692563056946,0.49549129605293274,-0.06496114283800125,0.9343262910842896,0.9994483590126038
231,7700,RIGHT_ANKLE,0.5203805565834045,0.8908395767211914,-0.22660401463508606,0.8886661529541016,0.9979952573776245
231,7700,LEFT_HEEL,0.19760683178901672,0.47373154759407043,-0.06596487760543823,0.9616897106170654,0.9991951584815979
231,7700,RIGHT_HEEL,0.5248723030090332,0.9087741374969482,-0.2316206991672516,0.9015002846717834,0.9978904128074646
231,7700,LEFT_FOOT_INDEX,0.10764797031879425,0.47198402881622314,-0.15279048681259155,0.890536904335022,0.9972111582756042
231,7700,RIGHT_FOOT_INDEX,0.5617533326148987,0.9315795302391052,-0.3477201461791992,0.8572027683258057,0.9908083081245422
232,7733,NOSE,0.7490228414535522,0.45292794704437256,0.5245932340621948,0.994680643081665,0.9999957084655762
232,7733,LEFT_EYE_INNER,0.7530905604362488,0.4360812306404114,0.5608853101730347,0.9961206912994385,0.9999899864196777
232,7733,LEFT_EYE,0.751538097858429,0.43429794907569885,0.5609892010688782,0.99651038646698,0.9999902248382568
232,7733,LEFT_EYE_OUTER,0.7495582103729248,0.43236154317855835,0.5610273480415344,0.9963915944099426,0.9999881982803345
232,7733,RIGHT_EYE_INNER,0.7554538249969482,0.4342949688434601,0.4874494671821594,0.9955640435218811,0.9999884366989136
232,7733,RIGHT_EYE,0.7556338906288147,0.4311031103134155,0.4873080551624298,0.9954864978790283,0.9999876022338867
232,7733,RIGHT_EYE_OUTER,0.7554817795753479,0.42871007323265076,0.487130343914032,0.9956972599029541,0.9999860525131226
232,7733,LEFT_EAR,0.7325247526168823,0.42171359062194824,0.5965499877929688,0.9965676069259644,0.9999921321868896
232,7733,RIGHT_EAR,0.7414875030517578,0.4232975244522095,0.3320252299308777,0.9965558648109436,0.999988317489624
232,7733,MOUTH_LEFT,0.7332483530044556,0.4590751826763153,0.560761570930481,0.9947121143341064,0.9999924898147583
232,7733,MOUTH_RIGHT,0.7366074919700623,0.4596370458602905,0.46732762455940247,0.9929131865501404,0.9999895095825195
232,7733,LEFT_SHOULDER,0.6180852055549622,0.4552985429763794,0.6588813066482544,0.9989653825759888,0.9999834299087524
232,7733,RIGHT_SHOULDER,0.6987336874008179,0.452077716588974,0.12086043506860733,0.9990013241767883,0.999975323677063
232,7733,LEFT_ELBOW,0.6187770962715149,0.561927318572998,0.7012021541595459,0.3838905990123749,0.9999176263809204
232,7733,RIGHT_ELBOW,0.7224024534225464,0.5382946729660034,-0.008983377367258072,0.6322250962257385,0.9999511241912842
232,7733,LEFT_WRIST,0.6485832929611206,0.6273701786994934,0.6346233487129211,0.4176177382469177,0.999911904335022
232,7733,RIGHT_WRIST,0.7586139440536499,0.5121854543685913,0.10010796040296555,0.46998924016952515,0.9999779462814331
232,7733,LEFT_PINKY,0.6533205509185791,0.6389623284339905,0.6331179141998291,0.410732239484787,0.9997742772102356
232,7733,RIGHT_PINKY,0.7716783881187439,0.5016274452209473,0.0925116240978241,0.45795875787734985,0.9999511241912842
232,7733,LEFT_INDEX,0.6516247987747192,0.6325932741165161,0.6233659982681274,0.4132728576660156,0.9997959733009338
232,7733,RIGHT_INDEX,0.7601897716522217,0.4987277686595917,0.12632405757904053,0.44276517629623413,0.9999451637268066
232,7733,LEFT_THUMB,0.6517000794410706,0.6285369992256165,0.6229384541511536,0.4107716977596283,0.9998786449432373
232,7733,RIGHT_THUMB,0.7564015984535217,0.5073496699333191,0.11929089576005936,0.4356496334075928,0.9999737739562988
232,7733,LEFT_HIP,0.4435412585735321,0.5322118997573853,0.1568087488412857,0.9990816116333008,0.9999991655349731
232,7733,RIGHT_HIP,0.5237234830856323,0.5487361550331116,-0.1572525054216385,0.998910665512085,0.9999996423721313
232,7733,LEFT_KNEE,0.2766489088535309,0.5959559679031372,0.013937725685536861,0.9436845183372498,0.9999405145645142
232,7733,RIGHT_KNEE,0.5163251757621765,0.7430569529533386,-0.16480042040348053,0.8534020185470581,0.9999299049377441
232,7733,LEFT_ANKLE,0.16032688319683075,0.47920188307762146,0.006666979286819696,0.9400224685668945,0.9993903636932373
232,7733,RIGHT_ANKLE,0.5202949643135071,0.8971141576766968,-0.17978158593177795,0.899337112903595,0.9978224039077759
232,7733,LEFT_HEEL,0.1615847498178482,0.46059343218803406,0.009360247291624546,0.9645258784294128,0.9990986585617065
232,7733,RIGHT_HEEL,0.51899653673172,0.9191560745239258,-0.1834305226802826,0.9099639654159546,0.9973843693733215
232,7733,LEFT_FOOT_INDEX,0.07000024616718292,0.45855116844177246,-0.08121676743030548,0.8963572382926941,0.9967807531356812
232,7733,RIGHT_FOOT_INDEX,0.5581008791923523,0.952508270740509,-0.3066861927509308,0.8678199648857117,0.9878565073013306
233,7767,NOSE,0.7516013979911804,0.433719664812088,0.5208591222763062,0.995211660861969,0.9999978542327881
233,7767,LEFT_EYE_INNER,0.7518244385719299,0.4162847399711609,0.5460100173950195,0.9965081810951233,0.9999938011169434
233,7767,LEFT_EYE,0.749021589756012,0.41353902220726013,0.5461674928665161,0.9968582987785339,0.9999935626983643
233,7767,LEFT_EYE_OUTER,0.7456386685371399,0.4105833172798157,0.5462730526924133,0.9967520236968994,0.999991774559021
233,7767,RIGHT_EYE_INNER,0.7566083669662476,0.41810885071754456,0.4840472340583801,0.9960073828697205,0.999994158744812
233,7767,RIGHT_EYE,0.757536768913269,0.4165433347225189,0.4839302897453308,0.9959372878074646,0.9999940395355225
233,7767,RIGHT_EYE_OUTER,0.7578977942466736,0.41529080271720886,0.48375269770622253,0.9961272478103638,0.9999932050704956
233,7767,LEFT_EAR,0.728411853313446,0.4050407111644745,0.5698854923248291,0.9969097971916199,0.9999938011169434
233,7767,RIGHT_EAR,0.743378758430481,0.4122173488140106,0.3171900808811188,0.9968995451927185,0.9999949932098389
233,7767,MOUTH_LEFT,0.734592616558075,0.4370822608470917,0.5431437492370605,0.995239794254303,0.9999933242797852
233,7767,MOUTH_RIGHT,0.740742564201355,0.4412480294704437,0.4611530303955078,0.9936203956604004,0.9999932050704956
233,7767,LEFT_SHOULDER,0.6146915555000305,0.439445436000824,0.6081333160400391,0.9990538954734802,0.9999864101409912
233,7767,RIGHT_SHOULDER,0.7049034833908081,0.44629424810409546,0.1225605234503746,0.9990968108177185,0.9999803304672241
233,7767,LEFT_ELBOW,0.6153780817985535,0.5526434183120728,0.6938812136650085,0.35532817244529724,0.9999477863311768
233,7767,RIGHT_ELBOW,0.7480167150497437,0.5390354990959167,0.07411853224039078,0.6551989316940308,0.9999427795410156
233,7767,LEFT_WRIST,0.5922998189926147,0.641593337059021,0.6738273501396179,0.40049856901168823,0.9999148845672607
233,7767,RIGHT_WRIST,0.7685965299606323,0.5097972750663757,0.479299396276474,0.47847315669059753,0.9999781847000122
233,7767,LEFT_PINKY,0.5979068875312805,0.6598080992698669,0.6790403723716736,0.3914666473865509,0.999735414981842
233,7767,RIGHT_PINKY,0.7769551873207092,0.4998319447040558,0.5151054859161377,0.4603630602359772,0.9999428987503052
233,7767,LEFT_INDEX,0.5990566611289978,0.6619404554367065,0.6714718341827393,0.3949017822742462,0.9997105002403259
233,7767,RIGHT_INDEX,0.7682371735572815,0.4939095079898834,0.525520384311676,0.4410272538661957,0.9999353885650635
233,7767,LEFT_THUMB,0.5962117910385132,0.6454448103904724,0.6634935736656189,0.3963099718093872,0.9998466968536377
233,7767,RIGHT_THUMB,0.7626174688339233,0.4993068277835846,0.4959668219089508,0.43517330288887024,0.9999687671661377
233,7767,LEFT_HIP,0.44425246119499207,0.5318947434425354,0.14054150879383087,0.9991723895072937,0.9999995231628418
233,7767,RIGHT_HIP,0.5256282091140747,0.5484064221382141,-0.14113642275333405,0.9990187287330627,0.9999997615814209
233,7767,LEFT_KNEE,0.26020577549934387,0.5882920026779175,0.007944341748952866,0.9483966827392578,0.99993896484375
233,7767,RIGHT_KNEE,0.5165750980377197,0.7481649518013,-0.14120781421661377,0.8667945265769958,0.9999314546585083
233,7767,LEFT_ANKLE,0.13164888322353363,0.4666851758956909,-0.07131444662809372,0.9454569816589355,0.9990968704223633
233,7767,RIGHT_ANKLE,0.5199917554855347,0.9012835621833801,-0.18101166188716888,0.9088283777236938,0.9973474740982056
233,7767,LEFT_HEEL,0.13416844606399536,0.44669249653816223,-0.07828126102685928,0.9670650362968445,0.9985332489013672
233,7767,RIGHT_HEEL,0.5145717859268188,0.9216773509979248,-0.19010350108146667,0.9168518781661987,0.9961963891983032
233,7767,LEFT_FOOT_INDEX,0.04332714155316353,0.45486319065093994,-0.1653919517993927,0.9040052890777588,0.9937735199928284
233,7767,RIGHT_FOOT_INDEX,0.5527292490005493,0.9545554518699646,-0.31481754779815674,0.8778932094573975,0.9809995889663696
234,7800,NOSE,0.7567694783210754,0.4064047038555145,0.4092499911785126,0.995689868927002,0.9999945163726807
234,7800,LEFT_EYE_INNER,0.7547930479049683,0.39173147082328796,0.40824204683303833,0.9968571066856384,0.9999880790710449
234,7800,LEFT_EYE,0.7511241436004639,0.3893865644931793,0.4082754850387573,0.9971719980239868,0.9999868869781494
234,7800,LEFT_EYE_OUTER,0.7472108602523804,0.38713642954826355,0.40822187066078186,0.9970765709877014,0.9999827146530151
234,7800,RIGHT_EYE_INNER,0.7612670063972473,0.3947207033634186,0.3594065010547638,0.9964064955711365,0.9999903440475464
234,7800,RIGHT_EYE,0.7622565031051636,0.3944011926651001,0.35934126377105713,0.9963433146476746,0.9999909400939941
234,7800,RIGHT_EYE_OUTER,0.7627318501472473,0.3940841257572174,0.35922613739967346,0.9965143799781799,0.999990701675415
234,7800,LEFT_EAR,0.7304173707962036,0.38459843397140503,0.3955923318862915,0.9972184896469116,0.9999876022338867
234,7800,RIGHT_EAR,0.7492632865905762,0.3933146595954895,0.17549099028110504,0.997209370136261,0.9999940395355225
234,7800,MOUTH_LEFT,0.7411928176879883,0.409212589263916,0.4127500355243683,0.9957150816917419,0.9999853372573853
234,7800,MOUTH_RIGHT,0.7485954761505127,0.4144062399864197,0.34796983003616333,0.9942575693130493,0.9999866485595703
234,7800,LEFT_SHOULDER,0.6245995759963989,0.4136299788951874,0.5188736915588379,0.9991103410720825,0.9999362230300903
234,7800,RIGHT_SHOULDER,0.7205842733383179,0.43992555141448975,-0.009339283220469952,0.9991827011108398,0.9999698400497437
234,7800,LEFT_ELBOW,0.64313143491745,0.5172070264816284,0.6888467669487,0.32272282242774963,0.9998927116394043
234,7800,RIGHT_ELBOW,0.7527549266815186,0.5351075530052185,-0.00932061206549406,0.6762121319770813,0.9999035596847534
234,7800,LEFT_WRIST,0.6966410875320435,0.5473202466964722,0.8696656227111816,0.369946151971817,0.9999104738235474
234,7800,RIGHT_WRIST,0.7655054926872253,0.5224885940551758,0.30261150002479553,0.47537800669670105,0.9999417066574097
234,7800,LEFT_PINKY,0.7142300009727478,0.5493854284286499,0.9110987782478333,0.3633938431739807,0.9998281002044678
234,7800,RIGHT_PINKY,0.7756534814834595,0.5151042938232422,0.33836039900779724,0.45673298835754395,0.9998841285705566
234,7800,LEFT_INDEX,0.7218037247657776,0.5447500348091125,0.9108948111534119,0.36652886867523193,0.9998200535774231
234,7800,RIGHT_INDEX,0.7685208320617676,0.5096344947814941,0.3565172553062439,0.4344523549079895,0.9998776912689209
234,7800,LEFT_THUMB,0.7163180708885193,0.5449777841567993,0.8707174062728882,0.3690633773803711,0.9998770952224731
234,7800,RIGHT_THUMB,0.7620423436164856,0.512816309928894,0.3229360580444336,0.42948317527770996,0.9999295473098755
234,7800,LEFT_HIP,0.4500601589679718,0.5244724750518799,0.1397150754928589,0.9992542862892151,0.9999998807907104
234,7800,RIGHT_HIP,0.5305382609367371,0.5460643172264099,-0.1398981362581253,0.999116063117981,0.9999998807907104
234,7800,LEFT_KNEE,0.26484254002571106,0.585168719291687,0.008392732590436935,0.9534311294555664,0.9999858140945435
234,7800,RIGHT_KNEE,0.5188586711883545,0.7453683018684387,-0.04338902235031128,0.8796249032020569,0.9999840259552002
234,7800,LEFT_ANKLE,0.12125984579324722,0.47709572315216064,-0.0896645188331604,0.9507151246070862,0.9998403787612915
234,7800,RIGHT_ANKLE,0.5198286771774292,0.900829017162323,-0.08555103838443756,0.9177621603012085,0.9993602633476257
234,7800,LEFT_HEEL,0.11254598200321198,0.45834246277809143,-0.09269827604293823,0.9701409339904785,0.9996787309646606
234,7800,RIGHT_HEEL,0.5117493867874146,0.926243007183075,-0.09312073141336441,0.924597442150116,0.9990147352218628
234,7800,LEFT_FOOT_INDEX,0.03333568200469017,0.465170681476593,-0.20052023231983185,0.9123260378837585,0.9981309771537781
234,7800,RIGHT_FOOT_INDEX,0.5869709253311157,0.9574562311172485,-0.1871010661125183,0.8887112736701965,0.9938388466835022
235,7833,NOSE,0.7500136494636536,0.37832891941070557,0.5995631814002991,0.9961028695106506,0.9999624490737915
235,7833,LEFT_EYE_INNER,0.7482553720474243,0.3659220039844513,0.583728551864624,0.9971609115600586,0.9999390840530396
235,7833,LEFT_EYE,0.7443548440933228,0.3635430335998535,0.5837915539741516,0.9974396824836731,0.9999343156814575
235,7833,LEFT_EYE_OUTER,0.7404410243034363,0.3612510561943054,0.583769679069519,0.9973595142364502,0.9999186992645264
235,7833,RIGHT_EYE_INNER,0.7570438981056213,0.3705021142959595,0.5425962805747986,0.996758222579956,0.9999494552612305
235,7833,RIGHT_EYE,0.7590929865837097,0.3712092936038971,0.5425060987472534,0.9966996312141418,0.999953031539917
235,7833,RIGHT_EYE_OUTER,0.7606340646743774,0.3718239963054657,0.5423439741134644,0.9968574047088623,0.9999521970748901
235,7833,LEFT_EAR,0.7269048094749451,0.3610660135746002,0.4674609899520874,0.9974868893623352,0.9999361038208008
235,7833,RIGHT_EAR,0.7531257271766663,0.3760353922843933,0.23922164738178253,0.9974783062934875,0.9999634027481079
235,7833,MOUTH_LEFT,0.7356169819831848,0.3804168999195099,0.5723320841789246,0.9961192607879639,0.9999198913574219
235,7833,MOUTH_RIGHT,0.7460681796073914,0.3873554766178131,0.51873779296875,0.9948063492774963,0.9999287128448486
235,7833,LEFT_SHOULDER,0.6288153529167175,0.3939782977104187,0.5706022381782532,0.9989796280860901,0.9997406601905823
235,7833,RIGHT_SHOULDER,0.7398368120193481,0.4364463984966278,0.08855893462896347,0.9992430210113525,0.9998887777328491
235,7833,LEFT_ELBOW,0.6351054906845093,0.4882948100566864,0.7651320695877075,0.2913815975189209,0.9996968507766724
235,7833,RIGHT_ELBOW,0.753105640411377,0.5317296385765076,0.03811467066407204,0.6974249482154846,0.9998396635055542
235,7833,LEFT_WRIST,0.6773533225059509,0.5414314866065979,0.9720813632011414,0.3358241021633148,0.9996678829193115
235,7833,RIGHT_WRIST,0.7557552456855774,0.5205153226852417,0.43027639389038086,0.4690447449684143,0.9999076128005981
235,7833,LEFT_PINKY,0.6888887882232666,0.5495685338973999,1.0144094228744507,0.33169540762901306,0.9994766116142273
235,7833,RIGHT_PINKY,0.7646437287330627,0.5152000188827515,0.46093112230300903,0.4506208002567291,0.9998281002044678
235,7833,LEFT_INDEX,0.6971960663795471,0.5454779267311096,1.009812593460083,0.3346914052963257,0.999446451663971
235,7833,RIGHT_INDEX,0.7582055926322937,0.509128749370575,0.4757726192474365,0.42699310183525085,0.9998124241828918
235,7833,LEFT_THUMB,0.6946588158607483,0.544087827205658,0.9713298082351685,0.3374364376068115,0.9995911717414856
235,7833,RIGHT_THUMB,0.7521376013755798,0.5100767612457275,0.447112113237381,0.4223300516605377,0.9998902082443237
235,7833,LEFT_HIP,0.4577487111091614,0.5195509195327759,0.13486170768737793,0.9993231296539307,0.9999986886978149
235,7833,RIGHT_HIP,0.5370218753814697,0.5506839752197266,-0.13504399359226227,0.9991995096206665,0.9999988079071045
235,7833,LEFT_KNEE,0.27939528226852417,0.5822059512138367,0.055378757417201996,0.9579033255577087,0.9999724626541138
235,7833,RIGHT_KNEE,0.5207055807113647,0.739311695098877,0.0044564371928572655,0.8912819027900696,0.999954342842102
235,7833,LEFT_ANKLE,0.11714774370193481,0.49756184220314026,-0.1290176808834076,0.9554480314254761,0.9998689889907837
235,7833,RIGHT_ANKLE,0.5197821855545044,0.9010166525840759,-0.12857359647750854,0.9258192181587219,0.9993384480476379
235,7833,LEFT_HEEL,0.10092519223690033,0.47911155223846436,-0.14915871620178223,0.9729531407356262,0.9997761845588684
235,7833,RIGHT_HEEL,0.5111198425292969,0.929053783416748,-0.14466814696788788,0.931768000125885,0.999143123626709
235,7833,LEFT_FOOT_INDEX,0.0465664342045784,0.4806913733482361,-0.2342587113380432,0.9191355109214783,0.9991753697395325
235,7833,RIGHT_FOOT_INDEX,0.5865771174430847,0.9571807980537415,-0.2347494512796402,0.8980609774589539,0.9966024160385132
236,7867,NOSE,0.7478550672531128,0.35925108194351196,0.6659162044525146,0.9964759349822998,0.9999862909317017
236,7867,LEFT_EYE_INNER,0.7459081411361694,0.34860438108444214,0.6535956263542175,0.9974306225776672,0.9999755620956421
236,7867,LEFT_EYE,0.7420230507850647,0.3467200696468353,0.6536624431610107,0.9976751804351807,0.9999725818634033
236,7867,LEFT_EYE_OUTER,0.7382359504699707,0.3450172245502472,0.6536607146263123,0.9976103901863098,0.9999649524688721
236,7867,RIGHT_EYE_INNER,0.7561097145080566,0.3530222177505493,0.613987922668457,0.9970722794532776,0.9999818801879883
236,7867,RIGHT_EYE,0.7588813304901123,0.3539551794528961,0.6138816475868225,0.997016966342926,0.9999830722808838
236,7867,RIGHT_EYE_OUTER,0.7612864971160889,0.3547062873840332,0.6136873960494995,0.9971645474433899,0.9999831914901733
236,7867,LEFT_EAR,0.7263249754905701,0.3471158742904663,0.5629854798316956,0.9977210760116577,0.9999692440032959
236,7867,RIGHT_EAR,0.7565040588378906,0.3609113097190857,0.3771832585334778,0.9977179169654846,0.9999872446060181
236,7867,MOUTH_LEFT,0.7336605787277222,0.3626444339752197,0.6409574151039124,0.9964821934700012,0.9999628067016602
236,7867,MOUTH_RIGHT,0.7456607818603516,0.36876124143600464,0.5901453495025635,0.9953023195266724,0.9999722242355347
236,7867,LEFT_SHOULDER,0.632713794708252,0.3790655732154846,0.6279030442237854,0.9989432096481323,0.9998024106025696
236,7867,RIGHT_SHOULDER,0.7514095306396484,0.42459607124328613,0.11785237491130829,0.999309241771698,0.9999505281448364
236,7867,LEFT_ELBOW,0.6312490105628967,0.47897058725357056,0.7961183190345764,0.26344624161720276,0.9996190071105957
236,7867,RIGHT_ELBOW,0.7634637355804443,0.519829273223877,0.16170528531074524,0.7255960702896118,0.9998617172241211
236,7867,LEFT_WRIST,0.666942834854126,0.5326686501502991,0.9455796480178833,0.3049716353416443,0.9994028806686401
236,7867,RIGHT_WRIST,0.7653927206993103,0.5253267884254456,0.5487998127937317,0.4789503216743469,0.9998791217803955
236,7867,LEFT_PINKY,0.6772725582122803,0.5463283061981201,0.9777568578720093,0.3030853271484375,0.9991239905357361
236,7867,RIGHT_PINKY,0.7764569520950317,0.5162695050239563,0.580660879611969,0.4543759524822235,0.9997548460960388
236,7867,LEFT_INDEX,0.684924840927124,0.5420064926147461,0.970106303691864,0.3059328496456146,0.9990239143371582
236,7867,RIGHT_INDEX,0.7715447545051575,0.511211097240448,0.5916666984558105,0.42888113856315613,0.999742329120636
236,7867,LEFT_THUMB,0.6821631789207458,0.5386164784431458,0.9410160183906555,0.30884408950805664,0.9992662072181702
236,7867,RIGHT_THUMB,0.7636953592300415,0.5166081786155701,0.5654788017272949,0.42540931701660156,0.9998446702957153
236,7867,LEFT_HIP,0.46717724204063416,0.514780580997467,0.13905204832553864,0.9993781447410583,0.9999959468841553
236,7867,RIGHT_HIP,0.5398101806640625,0.5502395033836365,-0.1392124444246292,0.9992682933807373,0.9999966621398926
236,7867,LEFT_KNEE,0.28974786400794983,0.583731472492218,0.06720873713493347,0.9616115689277649,0.9999574422836304
236,7867,RIGHT_KNEE,0.5232159495353699,0.7268075346946716,-0.016407083719968796,0.9017010927200317,0.9999489784240723
236,7867,LEFT_ANKLE,0.11378198862075806,0.5167268514633179,-0.14530354738235474,0.9595932960510254,0.9997506737709045
236,7867,RIGHT_ANKLE,0.5214040279388428,0.9000023603439331,-0.16502252221107483,0.9330394864082336,0.9985907673835754
236,7867,LEFT_HEEL,0.09720534086227417,0.5012255311012268,-0.17058846354484558,0.97536700963974,0.9995290040969849
236,7867,RIGHT_HEEL,0.5111344456672668,0.926231861114502,-0.191864013671875,0.9381768107414246,0.9977691173553467
236,7867,LEFT_FOOT_INDEX,0.03769819065928459,0.5151166915893555,-0.24943749606609344,0.92540043592453,0.9984227418899536
236,7867,RIGHT_FOOT_INDEX,0.5980400443077087,0.9524125456809998,-0.28380605578422546,0.9068628549575806,0.9921857714653015
237,7900,NOSE,0.7428113222122192,0.34673643112182617,0.7191149592399597,0.9968063831329346,0.9999895095825195
237,7900,LEFT_EYE_INNER,0.7417452335357666,0.33537977933883667,0.6969109177589417,0.9976713061332703,0.999983549118042
237,7900,LEFT_EYE,0.7381207942962646,0.33357760310173035,0.6969605684280396,0.997887372970581,0.9999827146530151
237,7900,LEFT_EYE_OUTER,0.7345439791679382,0.3321130871772766,0.6969535946846008,0.997835099697113,0.9999796152114868
237,7900,RIGHT_EYE_INNER,0.7517656683921814,0.34041494131088257,0.6728939414024353,0.9973448514938354,0.9999841451644897
237,7900,RIGHT_EYE,0.7549214959144592,0.341738224029541,0.6727766990661621,0.9972900748252869,0.9999839067459106
237,7900,RIGHT_EYE_OUTER,0.7577932476997375,0.34299999475479126,0.6725301146507263,0.9974307417869568,0.9999817609786987
237,7900,LEFT_EAR,0.7233988046646118,0.335450679063797,0.5726723670959473,0.9979305863380432,0.9999834299087524
237,7900,RIGHT_EAR,0.7553633451461792,0.3504529595375061,0.4599793553352356,0.9979200959205627,0.9999847412109375
237,7900,MOUTH_LEFT,0.7291886806488037,0.3509926497936249,0.6790990829467773,0.9968002438545227,0.9999651908874512
237,7900,MOUTH_RIGHT,0.7410131692886353,0.35745322704315186,0.6476776599884033,0.9957315325737,0.999966025352478
237,7900,LEFT_SHOULDER,0.6292274594306946,0.370990514755249,0.5910164713859558,0.9989760518074036,0.9998453855514526
237,7900,RIGHT_SHOULDER,0.7569499015808105,0.41602039337158203,0.1946474015712738,0.999367356300354,0.9998904466629028
237,7900,LEFT_ELBOW,0.5718396902084351,0.4578348994255066,0.7531688809394836,0.240631103515625,0.9994553923606873
237,7900,RIGHT_ELBOW,0.7720643281936646,0.5116631388664246,0.19606997072696686,0.7501631379127502,0.9997186064720154
237,7900,LEFT_WRIST,0.5534259080886841,0.5185341835021973,0.7518830299377441,0.27830663323402405,0.9991756081581116
237,7900,RIGHT_WRIST,0.7643076181411743,0.5140071511268616,0.4584938883781433,0.4888683259487152,0.9997484087944031
237,7900,LEFT_PINKY,0.5472162365913391,0.5376518964767456,0.767541766166687,0.2781285345554352,0.9986829161643982
237,7900,RIGHT_PINKY,0.775676429271698,0.5129360556602478,0.47782474756240845,0.4581405520439148,0.9994845390319824
237,7900,LEFT_INDEX,0.5529995560646057,0.5359477400779724,0.7664536833763123,0.28056734800338745,0.9983558058738708
237,7900,RIGHT_INDEX,0.7700647115707397,0.507957398891449,0.4918139576911926,0.43115273118019104,0.9994584918022156
237,7900,LEFT_THUMB,0.5582278966903687,0.5292569994926453,0.7484338879585266,0.28377172350883484,0.9988546371459961
237,7900,RIGHT_THUMB,0.7625117897987366,0.5074489116668701,0.4718870222568512,0.4297217130661011,0.9996463060379028
237,7900,LEFT_HIP,0.47257670760154724,0.5095086097717285,0.13183344900608063,0.9994266033172607,0.9999854564666748
237,7900,RIGHT_HIP,0.5451852679252625,0.548250675201416,-0.1320299506187439,0.9993272423744202,0.9999827146530151
237,7900,LEFT_KNEE,0.2920435965061188,0.5846922993659973,0.04657890275120735,0.9627777338027954,0.9998236298561096
237,7900,RIGHT_KNEE,0.5245590209960938,0.7163106203079224,-0.07835061103105545,0.9100680351257324,0.9997920393943787
237,7900,LEFT_ANKLE,0.10323689132928848,0.5391871929168701,-0.14017844200134277,0.962289035320282,0.9989566802978516
237,7900,RIGHT_ANKLE,0.5212826132774353,0.898486316204071,-0.24054530262947083,0.938946545124054,0.9959889054298401
237,7900,LEFT_HEEL,0.08120768517255783,0.5266295075416565,-0.1622844636440277,0.9765621423721313,0.9980701804161072
237,7900,RIGHT_HEEL,0.5095716714859009,0.9246824383735657,-0.26216232776641846,0.9430360794067383,0.9936196208000183
237,7900,LEFT_FOOT_INDEX,0.04369839280843735,0.5315415859222412,-0.23582907021045685,0.9275040626525879,0.9953061938285828
237,7900,RIGHT_FOOT_INDEX,0.5873268842697144,0.9387772679328918,-0.3615667223930359,0.9125025868415833,0.9839358329772949
238,7933,NOSE,0.7405393719673157,0.3396413028240204,0.7158352732658386,0.9971188306808472,0.9999960660934448
238,7933,LEFT_EYE_INNER,0.7397887706756592,0.3276779353618622,0.6950090527534485,0.9978975057601929,0.9999932050704956
238,7933,LEFT_EYE,0.7361633777618408,0.32566940784454346,0.6950395107269287,0.9980912804603577,0.9999932050704956
238,7933,LEFT_EYE_OUTER,0.7326240539550781,0.32402274012565613,0.6950495839118958,0.9980458617210388,0.9999926090240479
238,7933,RIGHT_EYE_INNER,0.7506470084190369,0.33319389820098877,0.6746919751167297,0.9976003170013428,0.9999915361404419
238,7933,RIGHT_EYE,0.7543413639068604,0.33466994762420654,0.6746057271957397,0.9975480437278748,0.9999901056289673
238,7933,RIGHT_EYE_OUTER,0.7576733827590942,0.3359702229499817,0.6743717789649963,0.9976769089698792,0.9999878406524658
238,7933,LEFT_EAR,0.7219985723495483,0.32698962092399597,0.573125958442688,0.9981299042701721,0.9999948740005493
238,7933,RIGHT_EAR,0.7571461796760559,0.3432846963405609,0.4776090681552887,0.9981133937835693,0.9999890327453613
238,7933,MOUTH_LEFT,0.7277428507804871,0.3434660732746124,0.6768632531166077,0.9971063137054443,0.9999884366989136
238,7933,MOUTH_RIGHT,0.7400916218757629,0.35032710433006287,0.6496197581291199,0.9961408972740173,0.9999855756759644
238,7933,LEFT_SHOULDER,0.6262889504432678,0.36546850204467773,0.5270041227340698,0.9990665316581726,0.9999712705612183
238,7933,RIGHT_SHOULDER,0.7620909214019775,0.41123369336128235,0.2243581861257553,0.9994269609451294,0.9999268054962158
238,7933,LEFT_ELBOW,0.512531042098999,0.420558899641037,0.47040796279907227,0.2581857144832611,0.9998016953468323
238,7933,RIGHT_ELBOW,0.7746869921684265,0.5038508176803589,0.1640542894601822,0.7739593386650085,0.9997263550758362
238,7933,LEFT_WRIST,0.4618789851665497,0.5019910931587219,0.4448414742946625,0.27283379435539246,0.9997047781944275
238,7933,RIGHT_WRIST,0.7634315490722656,0.5070979595184326,0.2681341767311096,0.512147068977356,0.9997658133506775
238,7933,LEFT_PINKY,0.44737887382507324,0.5222533941268921,0.444084495306015,0.2718002200126648,0.9993820190429688
238,7933,RIGHT_PINKY,0.7760322690010071,0.5107834339141846,0.27234387397766113,0.47111254930496216,0.9995052814483643
238,7933,LEFT_INDEX,0.4563687741756439,0.5259265303611755,0.44563302397727966,0.27274268865585327,0.999279797077179
238,7933,RIGHT_INDEX,0.7703855037689209,0.5055468678474426,0.2976796627044678,0.44354957342147827,0.9995232820510864
238,7933,LEFT_THUMB,0.4604816436767578,0.5193942189216614,0.4411974847316742,0.27609825134277344,0.999552309513092
238,7933,RIGHT_THUMB,0.761975109577179,0.5047181844711304,0.28058022260665894,0.4429413080215454,0.9996962547302246
238,7933,LEFT_HIP,0.4806663393974304,0.5053502321243286,0.12891633808612823,0.9994734525680542,0.9999765157699585
238,7933,RIGHT_HIP,0.5515981912612915,0.5468369722366333,-0.12954527139663696,0.9993829131126404,0.9999549388885498
238,7933,LEFT_KNEE,0.32904618978500366,0.5901561975479126,0.056011732667684555,0.9620308876037598,0.999786913394928
238,7933,RIGHT_KNEE,0.5271224975585938,0.7097897529602051,-0.0962616577744484,0.916934072971344,0.9997214674949646
238,7933,LEFT_ANKLE,0.1244540736079216,0.5850467085838318,-0.11071990430355072,0.9640567898750305,0.9987584352493286
238,7933,RIGHT_ANKLE,0.5211257934570312,0.8951411843299866,-0.27515193819999695,0.9438332915306091,0.996229350566864
238,7933,LEFT_HEEL,0.10009398311376572,0.5748615860939026,-0.1299728900194168,0.9768701195716858,0.9974345564842224
238,7933,RIGHT_HEEL,0.5090969800949097,0.9228912591934204,-0.29480263590812683,0.94696444272995,0.9933512806892395
238,7933,LEFT_FOOT_INDEX,0.06778377294540405,0.6058344841003418,-0.19180415570735931,0.9272182583808899,0.9954637885093689
238,7933,RIGHT_FOOT_INDEX,0.5805398225784302,0.9282549023628235,-0.38327932357788086,0.916524350643158,0.9866377115249634
239,7967,NOSE,0.7389270067214966,0.328931987285614,0.675403356552124,0.9974026679992676,0.9999978542327881
239,7967,LEFT_EYE_INNER,0.7385783195495605,0.3160758912563324,0.6500779390335083,0.9981027245521545,0.9999966621398926
239,7967,LEFT_EYE,0.7349507212638855,0.31408315896987915,0.6501235365867615,0.9982775449752808,0.9999967813491821
239,7967,LEFT_EYE_OUTER,0.7314228415489197,0.3123943507671356,0.6501172780990601,0.998237133026123,0.9999966621398926
239,7967,RIGHT_EYE_INNER,0.7502681016921997,0.321973979473114,0.6299040913581848,0.997832715511322,0.9999958276748657
239,7967,RIGHT_EYE,0.7544195055961609,0.3237057328224182,0.6298335194587708,0.9977848529815674,0.9999949932098389
239,7967,RIGHT_EYE_OUTER,0.7582746744155884,0.32537442445755005,0.6296291947364807,0.9979007840156555,0.9999940395355225
239,7967,LEFT_EAR,0.7214745879173279,0.31564855575561523,0.4482060372829437,0.9983106851577759,0.9999979734420776
239,7967,RIGHT_EAR,0.7602688074111938,0.33406034111976624,0.4409065544605255,0.9982901811599731,0.9999953508377075
239,7967,MOUTH_LEFT,0.7262375950813293,0.33330461382865906,0.6386581063270569,0.9973863959312439,0.9999943971633911
239,7967,MOUTH_RIGHT,0.7393181920051575,0.34080934524536133,0.6070252656936646,0.9965146780014038,0.9999926090240479
239,7967,LEFT_SHOULDER,0.6248199939727783,0.3598523736000061,0.3409530520439148,0.9991547465324402,0.9999910593032837
239,7967,RIGHT_SHOULDER,0.7659236192703247,0.40934687852859497,0.21336030960083008,0.9994808435440063,0.9999542236328125
239,7967,LEFT_ELBOW,0.5047531723976135,0.39441829919815063,0.28823643922805786,0.326259583234787,0.9999326467514038
239,7967,RIGHT_ELBOW,0.769878089427948,0.5031847953796387,0.2551584243774414,0.7942202091217041,0.9997813105583191
239,7967,LEFT_WRIST,0.4234007000923157,0.46343734860420227,0.3374936282634735,0.32553520798683167,0.999901533126831
239,7967,RIGHT_WRIST,0.7645495533943176,0.4896745979785919,0.49752360582351685,0.5277276635169983,0.9998811483383179
239,7967,LEFT_PINKY,0.40464845299720764,0.480049192905426,0.3446783125400543,0.31340235471725464,0.9997871518135071
239,7967,RIGHT_PINKY,0.7720894813537598,0.4866739809513092,0.5297926068305969,0.47575950622558594,0.9997606873512268
239,7967,LEFT_INDEX,0.41197288036346436,0.4832936227321625,0.35044679045677185,0.3123846650123596,0.9997488856315613
239,7967,RIGHT_INDEX,0.7655280232429504,0.4779777228832245,0.5480062365531921,0.4483869671821594,0.9997684359550476
239,7967,LEFT_THUMB,0.4212678074836731,0.47957661747932434,0.3397637903690338,0.3103565573692322,0.9998488426208496
239,7967,RIGHT_THUMB,0.7579070925712585,0.47766363620758057,0.5100576281547546,0.4478699266910553,0.9998520612716675
239,7967,LEFT_HIP,0.48849526047706604,0.5074095726013184,0.09351452440023422,0.9995203614234924,0.9999904632568359
239,7967,RIGHT_HIP,0.5598436594009399,0.5480430722236633,-0.09447810798883438,0.9994398355484009,0.9999794960021973
239,7967,LEFT_KNEE,0.36699748039245605,0.5911313891410828,0.14696404337882996,0.9591604471206665,0.9999018907546997
239,7967,RIGHT_KNEE,0.5312032699584961,0.7125105857849121,-0.07386189699172974,0.923554539680481,0.9999154806137085
239,7967,LEFT_ANKLE,0.1463434100151062,0.643242597579956,-0.06274494528770447,0.9660386443138123,0.9997115731239319
239,7967,RIGHT_ANKLE,0.5218707323074341,0.8918479681015015,-0.34208211302757263,0.948621392250061,0.9994434714317322
239,7967,LEFT_HEEL,0.12711894512176514,0.6368355751037598,-0.08430355042219162,0.9775863289833069,0.9994107484817505
239,7967,RIGHT_HEEL,0.5090145468711853,0.9197894930839539,-0.37209728360176086,0.9510694742202759,0.9988246560096741
239,7967,LEFT_FOOT_INDEX,0.08771014213562012,0.6783335208892822,-0.14383921027183533,0.930044412612915,0.9989261031150818
239,7967,RIGHT_FOOT_INDEX,0.579452395439148,0.9322497844696045,-0.45998990535736084,0.9223327040672302,0.9972094893455505
240,8000,NOSE,0.7385152578353882,0.32338520884513855,0.7357751727104187,0.9976385831832886,0.999992847442627
240,8000,LEFT_EYE_INNER,0.7378179430961609,0.3102717697620392,0.6951769590377808,0.9982666373252869,0.9999896287918091
240,8000,LEFT_EYE,0.7341002225875854,0.30836838483810425,0.6951169967651367,0.9984265565872192,0.9999896287918091
240,8000,LEFT_EYE_OUTER,0.7305839657783508,0.30685538053512573,0.6951030492782593,0.9983914494514465,0.9999896287918091
240,8000,RIGHT_EYE_INNER,0.7502205967903137,0.31572073698043823,0.688109815120697,0.9980121850967407,0.9999868869781494
240,8000,RIGHT_EYE,0.7546058297157288,0.31735435128211975,0.6880343556404114,0.9979658722877502,0.9999841451644897
240,8000,RIGHT_EYE_OUTER,0.7587490677833557,0.31904029846191406,0.6878315806388855,0.9980694055557251,0.9999808073043823
240,8000,LEFT_EAR,0.7204900979995728,0.3098512887954712,0.4768894910812378,0.9984546303749084,0.9999939203262329
240,8000,RIGHT_EAR,0.7611081004142761,0.32783937454223633,0.4695150852203369,0.9984092116355896,0.999984860420227
240,8000,MOUTH_LEFT,0.7258172631263733,0.3285627067089081,0.6727389097213745,0.9976102709770203,0.999985933303833
240,8000,MOUTH_RIGHT,0.7395991683006287,0.3361484408378601,0.6619344353675842,0.9968148469924927,0.9999806880950928
240,8000,LEFT_SHOULDER,0.6224107146263123,0.3520723581314087,0.36686843633651733,0.999233067035675,0.9999921321868896
240,8000,RIGHT_SHOULDER,0.7688032388687134,0.4036097824573517,0.2737579941749573,0.9995275735855103,0.9999403953552246
240,8000,LEFT_ELBOW,0.499362051486969,0.38347581028938293,0.2929956614971161,0.39188352227211,0.9999445676803589
240,8000,RIGHT_ELBOW,0.7739235758781433,0.4995560646057129,0.33452263474464417,0.8118345141410828,0.9997232556343079
240,8000,LEFT_WRIST,0.41105613112449646,0.43744128942489624,0.33346790075302124,0.3873535394668579,0.9998935461044312
240,8000,RIGHT_WRIST,0.7624236345291138,0.48377031087875366,0.5967229008674622,0.5428181290626526,0.9998307228088379
240,8000,LEFT_PINKY,0.38977131247520447,0.4472225606441498,0.3344404995441437,0.36964118480682373,0.9997639060020447
240,8000,RIGHT_PINKY,0.7698379158973694,0.4847351014614105,0.6299752593040466,0.47872108221054077,0.9997147917747498
240,8000,LEFT_INDEX,0.3942378759384155,0.4495905935764313,0.34662285447120667,0.3677920997142792,0.9997358918190002
240,8000,RIGHT_INDEX,0.7644256949424744,0.4733690023422241,0.6484473347663879,0.45200401544570923,0.9997254014015198
240,8000,LEFT_THUMB,0.40240246057510376,0.44862863421440125,0.33804652094841003,0.3609752953052521,0.9998350143432617
240,8000,RIGHT_THUMB,0.7569792866706848,0.4715074300765991,0.6099570989608765,0.45034685730934143,0.9998144507408142
240,8000,LEFT_HIP,0.49771514534950256,0.5113315582275391,0.08068587630987167,0.9995583891868591,0.9999717473983765
240,8000,RIGHT_HIP,0.5732703804969788,0.5490475296974182,-0.08138283342123032,0.9994879961013794,0.9999464750289917
240,8000,LEFT_KNEE,0.39195823669433594,0.614495575428009,0.11721636354923248,0.9569119215011597,0.9998857975006104
240,8000,RIGHT_KNEE,0.5416619777679443,0.7102181911468506,-0.12539508938789368,0.9301192760467529,0.9998763799667358
240,8000,LEFT_ANKLE,0.1940132975578308,0.6988739967346191,-0.013108986429870129,0.9671111702919006,0.9997296929359436
240,8000,RIGHT_ANKLE,0.523568332195282,0.8847448825836182,-0.3753490447998047,0.9527955055236816,0.9995715022087097
240,8000,LEFT_HEEL,0.15501973032951355,0.7056794166564941,-0.028578436002135277,0.977784276008606,0.9994310736656189
240,8000,RIGHT_HEEL,0.5099716186523438,0.9131552577018738,-0.40293464064598083,0.9546889662742615,0.9991495609283447
240,8000,LEFT_FOOT_INDEX,0.17898714542388916,0.7363713383674622,-0.10802696645259857,0.9292365312576294,0.9993187189102173
240,8000,RIGHT_FOOT_INDEX,0.571812629699707,0.9132217764854431,-0.5084478855133057,0.9263582229614258,0.9983729124069214
241,8033,NOSE,0.7385442852973938,0.3175445795059204,0.6502017378807068,0.9978524446487427,0.9999547004699707
241,8033,LEFT_EYE_INNER,0.7374083399772644,0.3036041855812073,0.5807145833969116,0.9984241724014282,0.9999392032623291
241,8033,LEFT_EYE,0.7335155010223389,0.30159613490104675,0.5806041955947876,0.9985702037811279,0.9999386072158813
241,8033,LEFT_EYE_OUTER,0.7300733923912048,0.30007311701774597,0.5805911421775818,0.9985384345054626,0.9999393224716187
241,8033,RIGHT_EYE_INNER,0.7504943013191223,0.30886542797088623,0.5853361487388611,0.9981876015663147,0.9999239444732666
241,8033,RIGHT_EYE,0.7549619674682617,0.31042447686195374,0.5852324962615967,0.9981464743614197,0.9999122619628906
241,8033,RIGHT_EYE_OUTER,0.7590465545654297,0.3119862675666809,0.5850776433944702,0.9982367157936096,0.999896764755249
241,8033,LEFT_EAR,0.7199366092681885,0.30298754572868347,0.3530002534389496,0.9985951781272888,0.9999682903289795
241,8033,RIGHT_EAR,0.7610147595405579,0.3202371895313263,0.3480529189109802,0.9985455274581909,0.9999244213104248
241,8033,MOUTH_LEFT,0.7257348299026489,0.32285502552986145,0.5652342438697815,0.9978249073028564,0.9999393224716187
241,8033,MOUTH_RIGHT,0.7399061322212219,0.33074048161506653,0.5708049535751343,0.9971026182174683,0.9999179840087891
241,8033,LEFT_SHOULDER,0.6149410605430603,0.3456764221191406,0.23096920549869537,0.999303936958313,0.9999816417694092
241,8033,RIGHT_SHOULDER,0.7697296142578125,0.3993246257305145,0.19118478894233704,0.9995633959770203,0.9997866749763489
241,8033,LEFT_ELBOW,0.49286285042762756,0.3745487332344055,0.19899092614650726,0.45251038670539856,0.9998956918716431
241,8033,RIGHT_ELBOW,0.7755076885223389,0.499804824590683,0.34024858474731445,0.8275908827781677,0.9992232322692871
241,8033,LEFT_WRIST,0.40582019090652466,0.41748112440109253,0.3202534317970276,0.44472676515579224,0.9997723698616028
241,8033,RIGHT_WRIST,0.7334279417991638,0.47706207633018494,0.7464898824691772,0.5190314650535583,0.9992663264274597
241,8033,LEFT_PINKY,0.38396114110946655,0.43023020029067993,0.32837918400764465,0.42191657423973083,0.9995457530021667
241,8033,RIGHT_PINKY,0.7289666533470154,0.47991761565208435,0.8038508892059326,0.4501148760318756,0.9988917708396912
241,8033,LEFT_INDEX,0.3886117935180664,0.43317216634750366,0.3402012884616852,0.41957515478134155,0.9995412826538086
241,8033,RIGHT_INDEX,0.7227550148963928,0.4701334834098816,0.8065074682235718,0.425209105014801,0.9990043044090271
241,8033,LEFT_THUMB,0.39741790294647217,0.4308682680130005,0.3270944356918335,0.4080392122268677,0.9996721744537354
241,8033,RIGHT_THUMB,0.7216786742210388,0.46867719292640686,0.7580365538597107,0.42567071318626404,0.9992495179176331
241,8033,LEFT_HIP,0.5040321350097656,0.5125203132629395,0.08001963794231415,0.9995905160903931,0.9999130964279175
241,8033,RIGHT_HIP,0.5811412930488586,0.5492674708366394,-0.0805433988571167,0.9995285868644714,0.9998438358306885
241,8033,LEFT_KNEE,0.41695407032966614,0.6397924423217773,0.0984891727566719,0.9583994746208191,0.9997150301933289
241,8033,RIGHT_KNEE,0.5469126105308533,0.7120078206062317,-0.11060074716806412,0.9368579387664795,0.9996360540390015
241,8033,LEFT_ANKLE,0.2616879343986511,0.747634768486023,0.05857723206281662,0.9673439860343933,0.9993835687637329
241,8033,RIGHT_ANKLE,0.5238634347915649,0.8851433396339417,-0.23743358254432678,0.9568697214126587,0.9988991022109985
241,8033,LEFT_HEEL,0.23175762593746185,0.7614204287528992,0.0568915493786335,0.9776203632354736,0.9987199306488037
241,8033,RIGHT_HEEL,0.5100535154342651,0.9131960868835449,-0.2509672939777374,0.958435595035553,0.9979425072669983
241,8033,LEFT_FOOT_INDEX,0.2721308171749115,0.7801665663719177,0.006162173114717007,0.9206362962722778,0.998491644859314
241,8033,RIGHT_FOOT_INDEX,0.5683168172836304,0.9098262786865234,-0.3159366250038147,0.9278162717819214,0.9960135221481323
242,8067,NOSE,0.7369080781936646,0.30313053727149963,0.5792734026908875,0.9980356097221375,0.999901294708252
242,8067,LEFT_EYE_INNER,0.7344401478767395,0.28978025913238525,0.5174800753593445,0.9985577464103699,0.9998632669448853
242,8067,LEFT_EYE,0.7298434376716614,0.2880758047103882,0.517408549785614,0.9986923933029175,0.9998636245727539
242,8067,LEFT_EYE_OUTER,0.7254266142845154,0.2866288125514984,0.5174306035041809,0.9986612200737,0.9998688697814941
242,8067,RIGHT_EYE_INNER,0.7498178482055664,0.29445841908454895,0.5168895721435547,0.9983351826667786,0.9998356103897095
242,8067,RIGHT_EYE,0.7545939683914185,0.2958170771598816,0.5167430639266968,0.9982985854148865,0.9998078942298889
242,8067,RIGHT_EYE_OUTER,0.7579801082611084,0.29727569222450256,0.5165815353393555,0.9983721375465393,0.9997771382331848
242,8067,LEFT_EAR,0.7137494087219238,0.2905125021934509,0.29077818989753723,0.9987083673477173,0.999932050704956
242,8067,RIGHT_EAR,0.7590979337692261,0.3069448471069336,0.2794632613658905,0.9986595511436462,0.9998396635055542
242,8067,MOUTH_LEFT,0.7239118218421936,0.3092290759086609,0.5036284923553467,0.9980053901672363,0.9998852014541626
242,8067,MOUTH_RIGHT,0.739321231842041,0.31644728779792786,0.5023043751716614,0.9973469972610474,0.9998428821563721
242,8067,LEFT_SHOULDER,0.6070260405540466,0.3377402126789093,0.17840956151485443,0.9993624687194824,0.9999675750732422
242,8067,RIGHT_SHOULDER,0.7683066129684448,0.39083653688430786,0.13002994656562805,0.9995845556259155,0.9994999170303345
242,8067,LEFT_ELBOW,0.4911665916442871,0.3695549964904785,0.14341166615486145,0.5071585178375244,0.9998902082443237
242,8067,RIGHT_ELBOW,0.7757886052131653,0.4905027151107788,0.3275563716888428,0.8398614525794983,0.9988524913787842
242,8067,LEFT_WRIST,0.3944362699985504,0.40101486444473267,0.26861777901649475,0.4979013502597809,0.9997254014015198
242,8067,RIGHT_WRIST,0.7307088375091553,0.46957895159721375,0.7952284812927246,0.4872352182865143,0.9990991353988647
242,8067,LEFT_PINKY,0.3724636733531952,0.4107377231121063,0.28591394424438477,0.4728354215621948,0.9994671940803528
242,8067,RIGHT_PINKY,0.7267891764640808,0.46343880891799927,0.8663387298583984,0.4192999303340912,0.9988445043563843
242,8067,LEFT_INDEX,0.3749726414680481,0.41240745782852173,0.2996431887149811,0.47035232186317444,0.9994775652885437
242,8067,RIGHT_INDEX,0.720182478427887,0.45332419872283936,0.8745243549346924,0.39638423919677734,0.9988862872123718
242,8067,LEFT_THUMB,0.3827040195465088,0.4103339910507202,0.2782253921031952,0.4552668333053589,0.9996145963668823
242,8067,RIGHT_THUMB,0.7186487317085266,0.4521148204803467,0.8113293647766113,0.39799538254737854,0.9991399049758911
242,8067,LEFT_HIP,0.5071979761123657,0.5150051712989807,0.0827111005783081,0.9996174573898315,0.9999197721481323
242,8067,RIGHT_HIP,0.5858638882637024,0.5497951507568359,-0.08304229378700256,0.999565064907074,0.9998421669006348
242,8067,LEFT_KNEE,0.4490719437599182,0.6554063558578491,0.21690286695957184,0.9582300186157227,0.9997105002403259
242,8067,RIGHT_KNEE,0.5516658425331116,0.7114217877388,-0.021779263392090797,0.9429335594177246,0.9996463060379028
242,8067,LEFT_ANKLE,0.3418063819408417,0.7785728573799133,0.12019557505846024,0.9677304625511169,0.9995335340499878
242,8067,RIGHT_ANKLE,0.5237659215927124,0.8829557299613953,-0.19742535054683685,0.9606173634529114,0.9994602799415588
242,8067,LEFT_HEEL,0.3138340711593628,0.7969884276390076,0.11223264783620834,0.9781326651573181,0.9991337656974792
242,8067,RIGHT_HEEL,0.5099339485168457,0.9064112901687622,-0.21416103839874268,0.9619569182395935,0.9990003705024719
242,8067,LEFT_FOOT_INDEX,0.37357398867607117,0.8176931142807007,0.06411484628915787,0.9133456349372864,0.9987350106239319
242,8067,RIGHT_FOOT_INDEX,0.5624302625656128,0.9110037684440613,-0.27866536378860474,0.9289326667785645,0.9976523518562317
243,8100,NOSE,0.7326805591583252,0.2900492548942566,0.4867395758628845,0.9981760382652283,0.9995025396347046
243,8100,LEFT_EYE_INNER,0.7304936051368713,0.27700352668762207,0.42474302649497986,0.9986668229103088,0.9993791580200195
243,8100,LEFT_EYE,0.7256025671958923,0.2755007743835449,0.42465242743492126,0.9987900257110596,0.9993830919265747
243,8100,LEFT_EYE_OUTER,0.7207688689231873,0.27428674697875977,0.4246193468570709,0.9987634420394897,0.9994004964828491
243,8100,RIGHT_EYE_INNER,0.7467978596687317,0.2811756432056427,0.422179251909256,0.9984592795372009,0.9993276596069336
243,8100,RIGHT_EYE,0.7522249817848206,0.28258684277534485,0.4220014214515686,0.9984221458435059,0.9992484450340271
243,8100,RIGHT_EYE_OUTER,0.7565973401069641,0.2841692566871643,0.421815425157547,0.9984833002090454,0.9991747736930847
243,8100,LEFT_EAR,0.7075924277305603,0.27997130155563354,0.20141386985778809,0.998793363571167,0.9996514320373535
243,8100,RIGHT_EAR,0.7578588128089905,0.2956978380680084,0.18927505612373352,0.998755156993866,0.9994045495986938
243,8100,MOUTH_LEFT,0.7195282578468323,0.2967027425765991,0.41733911633491516,0.998152494430542,0.9994971752166748
243,8100,MOUTH_RIGHT,0.7366963624954224,0.3032536804676056,0.41334161162376404,0.9975510239601135,0.9993581175804138
243,8100,LEFT_SHOULDER,0.5989940762519836,0.33081236481666565,0.10046792030334473,0.9993953704833984,0.9998217225074768
243,8100,RIGHT_SHOULDER,0.7640518546104431,0.37920671701431274,0.07512380182743073,0.9995566010475159,0.9976414442062378
243,8100,LEFT_ELBOW,0.4854263663291931,0.3675168752670288,0.07790952175855637,0.5563463568687439,0.9993730187416077
243,8100,RIGHT_ELBOW,0.7727259993553162,0.4859747588634491,0.3079650104045868,0.8514228463172913,0.9959491491317749
243,8100,LEFT_WRIST,0.389901727437973,0.390257328748703,0.18765249848365784,0.5444463491439819,0.9980508089065552
243,8100,RIGHT_WRIST,0.7251038551330566,0.46118056774139404,0.7675521969795227,0.4579196870326996,0.9972817897796631
243,8100,LEFT_PINKY,0.3685647249221802,0.39325326681137085,0.2047392874956131,0.515540361404419,0.9968630075454712
243,8100,RIGHT_PINKY,0.7230468988418579,0.4529082775115967,0.8307252526283264,0.39177241921424866,0.9968728423118591
243,8100,LEFT_INDEX,0.3693675696849823,0.39326468110084534,0.2090974599123001,0.5128499269485474,0.9970452189445496
243,8100,RIGHT_INDEX,0.7162790298461914,0.43955448269844055,0.8368216156959534,0.37072432041168213,0.9970207810401917
243,8100,LEFT_THUMB,0.37774327397346497,0.39432528614997864,0.19337870180606842,0.49297034740448,0.9975417852401733
243,8100,RIGHT_THUMB,0.7146700620651245,0.4383258819580078,0.782128095626831,0.3720651865005493,0.997511625289917
243,8100,LEFT_HIP,0.5109196305274963,0.5161117911338806,0.08088428527116776,0.999538779258728,0.9990134239196777
243,8100,RIGHT_HIP,0.5914223194122314,0.5486624240875244,-0.08139247447252274,0.9995222687721252,0.9981858134269714
243,8100,LEFT_KNEE,0.48602670431137085,0.669495165348053,0.16938461363315582,0.9486938714981079,0.9959873557090759
243,8100,RIGHT_KNEE,0.553985595703125,0.7083061337471008,-0.017061661928892136,0.9482115507125854,0.9968529343605042
243,8100,LEFT_ANKLE,0.4372189939022064,0.8149440884590149,0.13345317542552948,0.9571771025657654,0.9943267703056335
243,8100,RIGHT_ANKLE,0.5253967642784119,0.8817345499992371,-0.11044780164957047,0.962546706199646,0.9961903095245361
243,8100,LEFT_HEEL,0.43992704153060913,0.8534277081489563,0.13109435141086578,0.9723725914955139,0.9909532070159912
243,8100,RIGHT_HEEL,0.5123682618141174,0.9038533568382263,-0.1205601915717125,0.9640069603919983,0.9929159879684448
243,8100,LEFT_FOOT_INDEX,0.47740206122398376,0.8535692095756531,0.07180465757846832,0.8854240775108337,0.9890568852424622
243,8100,RIGHT_FOOT_INDEX,0.5440176129341125,0.903857946395874,-0.19390441477298737,0.918816328048706,0.9874416589736938
244,8133,NOSE,0.7317748069763184,0.28307852149009705,0.5119112730026245,0.9981811046600342,0.9986664056777954
244,8133,LEFT_EYE_INNER,0.7290692925453186,0.27023810148239136,0.4521201252937317,0.9986903071403503,0.9983565211296082
244,8133,LEFT_EYE,0.7237840294837952,0.26872357726097107,0.45198747515678406,0.9988002777099609,0.9983888864517212
244,8133,LEFT_EYE_OUTER,0.7183666825294495,0.26740118861198425,0.45193585753440857,0.9987884759902954,0.9984073042869568
244,8133,RIGHT_EYE_INNER,0.7459478974342346,0.27429521083831787,0.4477193355560303,0.9984913468360901,0.9983073472976685
244,8133,RIGHT_EYE,0.7515131831169128,0.27560698986053467,0.44754454493522644,0.9984339475631714,0.9981566071510315
244,8133,RIGHT_EYE_OUTER,0.7562879323959351,0.2770878076553345,0.4472845792770386,0.9984855651855469,0.9979762434959412
244,8133,LEFT_EAR,0.7051695585250854,0.27259019017219543,0.2273789793252945,0.9987916350364685,0.9989504814147949
244,8133,RIGHT_EAR,0.7569851875305176,0.2874975800514221,0.20995230972766876,0.9987585544586182,0.9984277486801147
244,8133,MOUTH_LEFT,0.7185958623886108,0.2901127338409424,0.4431162476539612,0.9981949925422668,0.9986006617546082
244,8133,MOUTH_RIGHT,0.7365085482597351,0.29551467299461365,0.436615914106369,0.9976417422294617,0.9982319474220276
244,8133,LEFT_SHOULDER,0.5981387495994568,0.3288384974002838,0.09730669111013412,0.9993976354598999,0.9996680021286011
244,8133,RIGHT_SHOULDER,0.7633181810379028,0.3716972768306732,0.09646742045879364,0.9994721412658691,0.9957202076911926
244,8133,LEFT_ELBOW,0.4859680235385895,0.36709684133529663,0.0392116904258728,0.6006402969360352,0.9987704157829285
244,8133,RIGHT_ELBOW,0.7707909345626831,0.48044463992118835,0.32137760519981384,0.8629504442214966,0.9933998584747314
244,8133,LEFT_WRIST,0.38913771510124207,0.38727203011512756,0.10332892835140228,0.5878574252128601,0.9943364262580872
244,8133,RIGHT_WRIST,0.7387298345565796,0.4620157778263092,0.7619457840919495,0.44061222672462463,0.9924567937850952
244,8133,LEFT_PINKY,0.3695801794528961,0.38932323455810547,0.10757814347743988,0.5575675368309021,0.9915116429328918
244,8133,RIGHT_PINKY,0.73312908411026,0.4609476923942566,0.8198305368423462,0.3730457127094269,0.9913211464881897
244,8133,LEFT_INDEX,0.3706296384334564,0.3878811001777649,0.11155759543180466,0.5549609661102295,0.9917318820953369
244,8133,RIGHT_INDEX,0.7283037900924683,0.44747868180274963,0.8264403343200684,0.353420615196228,0.99177086353302
244,8133,LEFT_THUMB,0.3782295882701874,0.38936060667037964,0.10707394033670425,0.5323790907859802,0.9928145408630371
244,8133,RIGHT_THUMB,0.7260208129882812,0.44462329149246216,0.7756173610687256,0.3539576232433319,0.9928648471832275
244,8133,LEFT_HIP,0.5198176503181458,0.5164709091186523,0.06582716852426529,0.9989225268363953,0.9956217408180237
244,8133,RIGHT_HIP,0.5993863940238953,0.5477295517921448,-0.06639237701892853,0.9991742968559265,0.993416428565979
244,8133,LEFT_KNEE,0.5211544632911682,0.6765740513801575,0.14343824982643127,0.9211642742156982,0.9783233404159546
244,8133,RIGHT_KNEE,0.5640023946762085,0.7070974111557007,-0.016232823953032494,0.9520712494850159,0.9883084297180176
244,8133,LEFT_ANKLE,0.5201795101165771,0.8448231220245361,0.16716443002223969,0.9261988997459412,0.9818127155303955
244,8133,RIGHT_ANKLE,0.531922459602356,0.8794715404510498,0.02195633575320244,0.959839940071106,0.990198016166687
244,8133,LEFT_HEEL,0.5157508254051208,0.8725239038467407,0.17367485165596008,0.9552781581878662,0.9774682521820068
244,8133,RIGHT_HEEL,0.5178712606430054,0.9010242223739624,0.02319817617535591,0.9632878303527832,0.9833648800849915
244,8133,LEFT_FOOT_INDEX,0.5203109383583069,0.8635311126708984,0.10146372020244598,0.8417214751243591,0.9765369892120361
244,8133,RIGHT_FOOT_INDEX,0.5399819016456604,0.8960932493209839,-0.06800734251737595,0.8940119743347168,0.9768848419189453
245,8167,NOSE,0.730866014957428,0.28259721398353577,0.4754292666912079,0.9983033537864685,0.9994528889656067
245,8167,LEFT_EYE_INNER,0.7277836203575134,0.26979365944862366,0.4158177673816681,0.9987746477127075,0.9993977546691895
245,8167,LEFT_EYE,0.7223042249679565,0.26830267906188965,0.41569384932518005,0.9988763332366943,0.9994018077850342
245,8167,LEFT_EYE_OUTER,0.716693639755249,0.2670469284057617,0.4157162606716156,0.9988613724708557,0.9994176626205444
245,8167,RIGHT_EYE_INNER,0.7448569536209106,0.27351099252700806,0.41234323382377625,0.9985916018486023,0.9994491934776306
245,8167,RIGHT_EYE,0.7504238486289978,0.27458879351615906,0.4121337831020355,0.998533308506012,0.9994341731071472
245,8167,RIGHT_EYE_OUTER,0.7553889155387878,0.27576249837875366,0.41180697083473206,0.9985697865486145,0.9994310736656189
245,8167,LEFT_EAR,0.7039609551429749,0.27164480090141296,0.19245490431785583,0.9988464117050171,0.9996273517608643
245,8167,RIGHT_EAR,0.7566226720809937,0.28515031933784485,0.17874395847320557,0.9988246560096741,0.9996688365936279
245,8167,MOUTH_LEFT,0.7176111936569214,0.2901865243911743,0.4049204885959625,0.9983161091804504,0.9995655417442322
245,8167,MOUTH_RIGHT,0.7359074950218201,0.2951066792011261,0.3999124765396118,0.9978221654891968,0.99956876039505
245,8167,LEFT_SHOULDER,0.5987347364425659,0.3286917805671692,0.10770271718502045,0.9994298219680786,0.9999231100082397
245,8167,RIGHT_SHOULDER,0.7636382579803467,0.3689144551753998,0.027353458106517792,0.9995100498199463,0.9996888637542725
245,8167,LEFT_ELBOW,0.4906969964504242,0.37245291471481323,0.02226303517818451,0.6404168009757996,0.999427080154419
245,8167,RIGHT_ELBOW,0.7694628238677979,0.47326797246932983,0.2668858468532562,0.8737227916717529,0.9966950416564941
245,8167,LEFT_WRIST,0.3979519009590149,0.39036405086517334,0.016334623098373413,0.6271549463272095,0.9982728958129883
245,8167,RIGHT_WRIST,0.7557991743087769,0.4555392563343048,0.7046168446540833,0.43233922123908997,0.9947456121444702
245,8167,LEFT_PINKY,0.3745211660861969,0.3894919455051422,0.023825664073228836,0.5969989895820618,0.9974542260169983
245,8167,RIGHT_PINKY,0.7533366084098816,0.4556209146976471,0.7632659077644348,0.3629998564720154,0.9948105812072754
245,8167,LEFT_INDEX,0.3765069246292114,0.3868466019630432,0.02917354367673397,0.5944420695304871,0.9973617196083069
245,8167,RIGHT_INDEX,0.7445618510246277,0.4417237341403961,0.7692318558692932,0.34420567750930786,0.9943130016326904
245,8167,LEFT_THUMB,0.38496559858322144,0.38948854804039,0.020210960879921913,0.5699779391288757,0.997794508934021
245,8167,RIGHT_THUMB,0.7401080131530762,0.44010284543037415,0.7184765934944153,0.3452606201171875,0.9951601624488831
245,8167,LEFT_HIP,0.5365790724754333,0.5170303583145142,0.12187480926513672,0.9988998174667358,0.9994373917579651
245,8167,RIGHT_HIP,0.6053018569946289,0.5479760766029358,-0.1225208193063736,0.9992319345474243,0.9996180534362793
245,8167,LEFT_KNEE,0.5700438618659973,0.672878623008728,0.31171974539756775,0.8960709571838379,0.9988260865211487
245,8167,RIGHT_KNEE,0.5720381140708923,0.7081387042999268,-0.11810062825679779,0.9567222595214844,0.9997313618659973
245,8167,LEFT_ANKLE,0.5662585496902466,0.8136913776397705,0.47686487436294556,0.916487991809845,0.9989722967147827
245,8167,RIGHT_ANKLE,0.5351725816726685,0.8716264963150024,-0.07401324063539505,0.9632726907730103,0.9993775486946106
245,8167,LEFT_HEEL,0.5535956621170044,0.8397524356842041,0.49283045530319214,0.9466313719749451,0.9987117052078247
245,8167,RIGHT_HEEL,0.5183988213539124,0.8969858884811401,-0.0572296679019928,0.9660005569458008,0.9983755350112915
245,8167,LEFT_FOOT_INDEX,0.6253979802131653,0.8273388147354126,0.47817370295524597,0.8350949287414551,0.9984742999076843
245,8167,RIGHT_FOOT_INDEX,0.5851376056671143,0.8955605626106262,-0.20079787075519562,0.9005842208862305,0.9960470795631409
246,8200,NOSE,0.7308385968208313,0.2812342047691345,0.5115582346916199,0.9984463453292847,0.9997696280479431
246,8200,LEFT_EYE_INNER,0.7276376485824585,0.2685340344905853,0.45702460408210754,0.9988783001899719,0.9997238516807556
246,8200,LEFT_EYE,0.7220637798309326,0.2671917676925659,0.4569176733493805,0.9989705085754395,0.9997209906578064
246,8200,LEFT_EYE_OUTER,0.7164199352264404,0.26608744263648987,0.45693743228912354,0.9989545941352844,0.9997206330299377
246,8200,RIGHT_EYE_INNER,0.7448093295097351,0.27167490124702454,0.44986414909362793,0.9987125992774963,0.9997506737709045
246,8200,RIGHT_EYE,0.7503618001937866,0.27256566286087036,0.4496784806251526,0.9986566305160522,0.9997469782829285
246,8200,RIGHT_EYE_OUTER,0.7552011013031006,0.2735501527786255,0.4493789076805115,0.9986854791641235,0.9997437596321106
246,8200,LEFT_EAR,0.7033743858337402,0.2705664336681366,0.244073286652565,0.9989395141601562,0.9998199343681335
246,8200,RIGHT_EAR,0.7561442255973816,0.2822894752025604,0.21445615589618683,0.9989219903945923,0.9998663663864136
246,8200,MOUTH_LEFT,0.7174498438835144,0.28906410932540894,0.4454033672809601,0.9984588027000427,0.9997969269752502
246,8200,MOUTH_RIGHT,0.7357682585716248,0.2932966649532318,0.4356088936328888,0.9980166554450989,0.9998151659965515
246,8200,LEFT_SHOULDER,0.599452793598175,0.32840487360954285,0.15483887493610382,0.9994745254516602,0.9999624490737915
246,8200,RIGHT_SHOULDER,0.762651801109314,0.36579930782318115,0.05235955864191055,0.9995549321174622,0.9999079704284668
246,8200,LEFT_ELBOW,0.4929301142692566,0.3813827931880951,0.07721322029829025,0.676222026348114,0.9995673298835754
246,8200,RIGHT_ELBOW,0.7660385370254517,0.4692065417766571,0.27417755126953125,0.8832663297653198,0.9983038902282715
246,8200,LEFT_WRIST,0.399656742811203,0.40378856658935547,0.09274861961603165,0.6624763011932373,0.9986020922660828
246,8200,RIGHT_WRIST,0.7603145837783813,0.4635257124900818,0.7552167177200317,0.429129958152771,0.9959398508071899
246,8200,LEFT_PINKY,0.3756522536277771,0.40306735038757324,0.10051243007183075,0.6321152448654175,0.9980297684669495
246,8200,RIGHT_PINKY,0.7591469287872314,0.46312612295150757,0.819722592830658,0.3563053011894226,0.9958176016807556
246,8200,LEFT_INDEX,0.3784593343734741,0.4010368883609772,0.10712717473506927,0.6295713186264038,0.9979068040847778
246,8200,RIGHT_INDEX,0.7496627569198608,0.4511374235153198,0.8239664435386658,0.33818188309669495,0.9954625964164734
246,8200,LEFT_THUMB,0.38581588864326477,0.4032036364078522,0.09662920981645584,0.6035333871841431,0.998315691947937
246,8200,RIGHT_THUMB,0.7445831894874573,0.4495908319950104,0.7693011164665222,0.3397987484931946,0.9963147044181824
246,8200,LEFT_HIP,0.5519521832466125,0.5211775302886963,0.13722194731235504,0.9989297389984131,0.9995344877243042
246,8200,RIGHT_HIP,0.6146075129508972,0.5483102202415466,-0.1378432810306549,0.9992985725402832,0.9997907280921936
246,8200,LEFT_KNEE,0.5991586446762085,0.6725845336914062,0.33598893880844116,0.8773874640464783,0.9990960359573364
246,8200,RIGHT_KNEE,0.587005078792572,0.7106543779373169,-0.14238354563713074,0.9609299898147583,0.9998607635498047
246,8200,LEFT_ANKLE,0.6175707578659058,0.7938775420188904,0.5317336320877075,0.9079713821411133,0.9993898868560791
246,8200,RIGHT_ANKLE,0.5354196429252625,0.8732200264930725,-0.11159668862819672,0.9666109681129456,0.9996417760848999
246,8200,LEFT_HEEL,0.6032744646072388,0.8294124603271484,0.5507476329803467,0.939296305179596,0.9992682337760925
246,8200,RIGHT_HEEL,0.5172706842422485,0.8977261781692505,-0.08090776205062866,0.9687002897262573,0.9990365505218506
246,8200,LEFT_FOOT_INDEX,0.681864321231842,0.8154813647270203,0.5471082925796509,0.8315975666046143,0.9992173910140991
246,8200,RIGHT_FOOT_INDEX,0.5847366452217102,0.8993037343025208,-0.25556647777557373,0.9081872701644897,0.9975548386573792
247,8233,NOSE,0.7299889922142029,0.28020384907722473,0.5283268094062805,0.998581051826477,0.9998959302902222
247,8233,LEFT_EYE_INNER,0.726705014705658,0.2676366865634918,0.47793346643447876,0.9989737868309021,0.9998692274093628
247,8233,LEFT_EYE,0.720987856388092,0.26630011200904846,0.4778258502483368,0.9990578889846802,0.9998699426651001
247,8233,LEFT_EYE_OUTER,0.7152774930000305,0.26517727971076965,0.4778364300727844,0.9990421533584595,0.9998661279678345
247,8233,RIGHT_EYE_INNER,0.7436075806617737,0.27033013105392456,0.46877485513687134,0.9988209009170532,0.9998693466186523
247,8233,RIGHT_EYE,0.749006986618042,0.27104732394218445,0.46861207485198975,0.9987668395042419,0.9998573064804077
247,8233,RIGHT_EYE_OUTER,0.7540817260742188,0.27196207642555237,0.46833565831184387,0.9987872838973999,0.9998394250869751
247,8233,LEFT_EAR,0.7016372680664062,0.26969051361083984,0.2739430069923401,0.9990294575691223,0.9999178647994995
247,8233,RIGHT_EAR,0.7552093267440796,0.28041040897369385,0.23477384448051453,0.9990105628967285,0.9999027252197266
247,8233,MOUTH_LEFT,0.7166809439659119,0.2883044481277466,0.4655494689941406,0.9985911250114441,0.9998883008956909
247,8233,MOUTH_RIGHT,0.7348523736000061,0.2919338047504425,0.45319151878356934,0.998191237449646,0.9998725652694702
247,8233,LEFT_SHOULDER,0.599734902381897,0.33054113388061523,0.17536813020706177,0.9995216131210327,0.9999790191650391
247,8233,RIGHT_SHOULDER,0.7619096636772156,0.3635798990726471,0.06913238763809204,0.9995954632759094,0.9998499155044556
247,8233,LEFT_ELBOW,0.4946010410785675,0.38569772243499756,0.1011945903301239,0.7083978652954102,0.9997701048851013
247,8233,RIGHT_ELBOW,0.7647358775138855,0.4647170901298523,0.300473153591156,0.8891221880912781,0.9981947541236877
247,8233,LEFT_WRIST,0.4004189670085907,0.412786066532135,0.13132230937480927,0.6945537328720093,0.9991768002510071
247,8233,RIGHT_WRIST,0.7698153853416443,0.46643632650375366,0.8229087591171265,0.43365374207496643,0.9961754083633423
247,8233,LEFT_PINKY,0.3772273063659668,0.4148395359516144,0.13733290135860443,0.6642686128616333,0.998552143573761
247,8233,RIGHT_PINKY,0.7710962295532227,0.4680464565753937,0.889992356300354,0.35686585307121277,0.9955599308013916
247,8233,LEFT_INDEX,0.377241313457489,0.4134405255317688,0.14314359426498413,0.6618432402610779,0.9984039664268494
247,8233,RIGHT_INDEX,0.7652533650398254,0.45447292923927307,0.8938046097755432,0.33939874172210693,0.995375394821167
247,8233,LEFT_THUMB,0.385222464799881,0.41455116868019104,0.13461221754550934,0.6349679231643677,0.9987866282463074
247,8233,RIGHT_THUMB,0.7550277709960938,0.45264604687690735,0.8372847437858582,0.3418901562690735,0.9963704347610474
247,8233,LEFT_HIP,0.5664564371109009,0.5287327766418457,0.1347888857126236,0.9989917874336243,0.9996583461761475
247,8233,RIGHT_HIP,0.6219994425773621,0.5514203310012817,-0.13548649847507477,0.9993517994880676,0.9995635151863098
247,8233,LEFT_KNEE,0.6503686308860779,0.6822108030319214,0.2801028788089752,0.8613876700401306,0.9995111227035522
247,8233,RIGHT_KNEE,0.5963869094848633,0.7162392139434814,-0.12744221091270447,0.9642883539199829,0.9997425675392151
247,8233,LEFT_ANKLE,0.6686705350875854,0.8316023349761963,0.3125138282775879,0.9033088684082031,0.9994975328445435
247,8233,RIGHT_ANKLE,0.5348711013793945,0.8771110773086548,-0.06374404579401016,0.968994677066803,0.9995587468147278
247,8233,LEFT_HEEL,0.6570044755935669,0.8589124083518982,0.3209073543548584,0.9328429698944092,0.9993901252746582
247,8233,RIGHT_HEEL,0.5113834142684937,0.9032388925552368,-0.05863513424992561,0.9692907333374023,0.9990200996398926
247,8233,LEFT_FOOT_INDEX,0.7670214772224426,0.843132495880127,0.28245460987091064,0.8342755436897278,0.9992187023162842
247,8233,RIGHT_FOOT_INDEX,0.5792272686958313,0.9135401844978333,-0.18064305186271667,0.9130299687385559,0.9983003735542297
248,8267,NOSE,0.7299573421478271,0.27558282017707825,0.53395676612854,0.998720109462738,0.9999781847000122
248,8267,LEFT_EYE_INNER,0.7265756130218506,0.2629220187664032,0.4857935607433319,0.9990738034248352,0.9999698400497437
248,8267,LEFT_EYE,0.7208778858184814,0.26181986927986145,0.48569798469543457,0.9991495609283447,0.9999700784683228
248,8267,LEFT_EYE_OUTER,0.7151667475700378,0.2609065771102905,0.4857103228569031,0.9991350769996643,0.999969482421875
248,8267,RIGHT_EYE_INNER,0.7432324886322021,0.2652572691440582,0.4703105688095093,0.9989357590675354,0.9999690055847168
248,8267,RIGHT_EYE,0.748632550239563,0.2660696804523468,0.4701623320579529,0.9988866448402405,0.9999644756317139
248,8267,RIGHT_EYE_OUTER,0.7539606094360352,0.26700013875961304,0.4699022173881531,0.9989041090011597,0.9999597072601318
248,8267,LEFT_EAR,0.7005084753036499,0.26612183451652527,0.29107415676116943,0.9991232752799988,0.9999797344207764
248,8267,RIGHT_EAR,0.7549490928649902,0.2756735682487488,0.21559642255306244,0.9991065263748169,0.9999713897705078
248,8267,MOUTH_LEFT,0.716720461845398,0.2847630977630615,0.47271376848220825,0.9987287521362305,0.9999662637710571
248,8267,MOUTH_RIGHT,0.734574556350708,0.2879593074321747,0.4513181746006012,0.9983687400817871,0.9999629259109497
248,8267,LEFT_SHOULDER,0.5998722314834595,0.330828994512558,0.19124680757522583,0.9995668530464172,0.9999923706054688
248,8267,RIGHT_SHOULDER,0.7606977820396423,0.35927632451057434,0.010335451923310757,0.999634325504303,0.9999537467956543
248,8267,LEFT_ELBOW,0.496524453163147,0.40178436040878296,0.14075340330600739,0.7372959852218628,0.9999402761459351
248,8267,RIGHT_ELBOW,0.748160183429718,0.4559294283390045,0.17871350049972534,0.8988616466522217,0.9993823766708374
248,8267,LEFT_WRIST,0.4080798029899597,0.44467952847480774,0.11762620508670807,0.7239603400230408,0.9998297691345215
248,8267,RIGHT_WRIST,0.7808778285980225,0.4893081784248352,0.6238114833831787,0.4693121314048767,0.9987359642982483
248,8267,LEFT_PINKY,0.38229507207870483,0.4475581645965576,0.11472554504871368,0.694481372833252,0.9996370077133179
248,8267,RIGHT_PINKY,0.7945572137832642,0.505362331867218,0.6627728343009949,0.38723960518836975,0.9984361529350281
248,8267,LEFT_INDEX,0.382413774728775,0.4449461102485657,0.11263890564441681,0.6921526193618774,0.9996083378791809
248,8267,RIGHT_INDEX,0.7982065677642822,0.4987242817878723,0.676999032497406,0.36970454454421997,0.9983668923377991
248,8267,LEFT_THUMB,0.39280495047569275,0.4463149607181549,0.11510474979877472,0.6649703979492188,0.9997242093086243
248,8267,RIGHT_THUMB,0.787582278251648,0.49176064133644104,0.6410467624664307,0.368002325296402,0.9987303614616394
248,8267,LEFT_HIP,0.5842905044555664,0.5381174683570862,0.15779073536396027,0.999076247215271,0.9998854398727417
248,8267,RIGHT_HIP,0.6351039409637451,0.5559649467468262,-0.15856942534446716,0.9994093179702759,0.999843955039978
248,8267,LEFT_KNEE,0.6508061289787292,0.7013390064239502,0.23878677189350128,0.8609305620193481,0.9998817443847656
248,8267,RIGHT_KNEE,0.6091177463531494,0.7219992280006409,-0.1543704718351364,0.9676342606544495,0.999920129776001
248,8267,LEFT_ANKLE,0.6966127753257751,0.8638724684715271,0.35582852363586426,0.9075201749801636,0.9999040365219116
248,8267,RIGHT_ANKLE,0.534278929233551,0.879833459854126,-0.08131030946969986,0.9717347621917725,0.9998983144760132
248,8267,LEFT_HEEL,0.6790065169334412,0.8934271931648254,0.36466649174690247,0.9334758520126343,0.9998742341995239
248,8267,RIGHT_HEEL,0.5007585287094116,0.9034229516983032,-0.07939189672470093,0.9709198474884033,0.9997817873954773
248,8267,LEFT_FOOT_INDEX,0.7715502977371216,0.8956097364425659,0.2969862222671509,0.8438064455986023,0.9997681975364685
248,8267,RIGHT_FOOT_INDEX,0.5718285441398621,0.9183552861213684,-0.21310248970985413,0.9198139309883118,0.9994847774505615
249,8300,NOSE,0.7321720719337463,0.2756657004356384,0.48624396324157715,0.9988446235656738,0.9999778270721436
249,8300,LEFT_EYE_INNER,0.7280123829841614,0.26263609528541565,0.44763901829719543,0.9991627335548401,0.9999679327011108
249,8300,LEFT_EYE,0.7225672006607056,0.26139938831329346,0.44760823249816895,0.9992309212684631,0.9999680519104004
249,8300,LEFT_EYE_OUTER,0.7170319557189941,0.2603926658630371,0.4476780295372009,0.9992170929908752,0.9999673366546631
249,8300,RIGHT_EYE_INNER,0.7440176010131836,0.26541727781295776,0.41979527473449707,0.99903804063797,0.9999678134918213
249,8300,RIGHT_EYE,0.7492634654045105,0.2662478983402252,0.41963842511177063,0.9989933967590332,0.9999631643295288
249,8300,RIGHT_EYE_OUTER,0.7544934153556824,0.26708242297172546,0.4193686544895172,0.9990078806877136,0.9999595880508423
249,8300,LEFT_EAR,0.7013018727302551,0.26524242758750916,0.28455957770347595,0.9992052316665649,0.9999783039093018
249,8300,RIGHT_EAR,0.7548708319664001,0.2745160460472107,0.16254547238349915,0.99919193983078,0.9999727010726929
249,8300,MOUTH_LEFT,0.7202852368354797,0.2847646474838257,0.43541184067726135,0.998851478099823,0.999970555305481
249,8300,MOUTH_RIGHT,0.7366121411323547,0.28795841336250305,0.3984474837779999,0.9985277652740479,0.9999711513519287
249,8300,LEFT_SHOULDER,0.602414071559906,0.33155056834220886,0.20545119047164917,0.9996068477630615,0.9999912977218628
249,8300,RIGHT_SHOULDER,0.7605576515197754,0.3552468717098236,-0.06263033300638199,0.9996698498725891,0.999976396560669
249,8300,LEFT_ELBOW,0.5116133689880371,0.41660276055336,0.1557946354150772,0.7631511092185974,0.9999299049377441
249,8300,RIGHT_ELBOW,0.7422469258308411,0.44889742136001587,0.06040741130709648,0.908228874206543,0.9995049238204956
249,8300,LEFT_WRIST,0.4211742579936981,0.47727441787719727,0.10395880788564682,0.7491289377212524,0.9998117089271545
249,8300,RIGHT_WRIST,0.7904902696609497,0.5023701786994934,0.46013107895851135,0.5047966241836548,0.9989684820175171
249,8300,LEFT_PINKY,0.38946548104286194,0.48940300941467285,0.09933038800954819,0.718309760093689,0.9996285438537598
249,8300,RIGHT_PINKY,0.8070763349533081,0.5208752155303955,0.4929449260234833,0.4174060523509979,0.9987154006958008
249,8300,LEFT_INDEX,0.3857564330101013,0.4891401529312134,0.09562301635742188,0.7159505486488342,0.9995982050895691
249,8300,RIGHT_INDEX,0.8115019202232361,0.5124400854110718,0.5109167695045471,0.3999045491218567,0.9986823201179504
249,8300,LEFT_THUMB,0.400642991065979,0.4865986406803131,0.09894465655088425,0.6867832541465759,0.9997127652168274
249,8300,RIGHT_THUMB,0.8017250299453735,0.5069549083709717,0.4789682626724243,0.392978310585022,0.9989629983901978
249,8300,LEFT_HIP,0.604584276676178,0.5461354851722717,0.17250928282737732,0.9991536140441895,0.9998834133148193
249,8300,RIGHT_HIP,0.6577752232551575,0.5596441030502319,-0.17325012385845184,0.9994625449180603,0.999884843826294
249,8300,LEFT_KNEE,0.6667203903198242,0.7047429084777832,0.2900208830833435,0.8627135157585144,0.9999024868011475
249,8300,RIGHT_KNEE,0.625829815864563,0.7263049483299255,-0.16939710080623627,0.9706899523735046,0.9999414682388306
249,8300,LEFT_ANKLE,0.7073915004730225,0.8603742718696594,0.44494161009788513,0.9120372533798218,0.9999042749404907
249,8300,RIGHT_ANKLE,0.5314592719078064,0.880054771900177,-0.10520912706851959,0.9742212295532227,0.9999096393585205
249,8300,LEFT_HEEL,0.6965561509132385,0.8916211724281311,0.4560343027114868,0.934434711933136,0.9998666048049927
249,8300,RIGHT_HEEL,0.4972941279411316,0.9015735387802124,-0.10665271431207657,0.9724542498588562,0.9997984766960144
249,8300,LEFT_FOOT_INDEX,0.775088906288147,0.8993861675262451,0.390224814414978,0.8520369529724121,0.9997760653495789
249,8300,RIGHT_FOOT_INDEX,0.5722289085388184,0.9281108975410461,-0.21429623663425446,0.9258565902709961,0.9994789958000183
250,8333,NOSE,0.7378357648849487,0.2764004170894623,0.3832138478755951,0.9989580512046814,0.9999877214431763
250,8333,LEFT_EYE_INNER,0.7312971949577332,0.26323390007019043,0.3563694357872009,0.999243438243866,0.9999806880950928
250,8333,LEFT_EYE,0.725658118724823,0.2620273530483246,0.3563728630542755,0.9993047714233398,0.999981164932251
250,8333,LEFT_EYE_OUTER,0.7203697562217712,0.2610938847064972,0.35647517442703247,0.999291718006134,0.999981164932251
250,8333,RIGHT_EYE_INNER,0.746943473815918,0.2655270993709564,0.3169236183166504,0.9991309642791748,0.9999785423278809
250,8333,RIGHT_EYE,0.7520087361335754,0.265995055437088,0.31678545475006104,0.9990904927253723,0.999974250793457
250,8333,RIGHT_EYE_OUTER,0.7569730281829834,0.26640522480010986,0.31651541590690613,0.9991025924682617,0.9999704360961914
250,8333,LEFT_EAR,0.7036543488502502,0.26563501358032227,0.24493706226348877,0.9992777109146118,0.9999868869781494
250,8333,RIGHT_EAR,0.755804717540741,0.2726757526397705,0.0670880377292633,0.9992693066596985,0.9999774694442749
250,8333,MOUTH_LEFT,0.7255585789680481,0.28570589423179626,0.35060176253318787,0.9989625811576843,0.9999840259552002
250,8333,MOUTH_RIGHT,0.7409787178039551,0.2883700430393219,0.2980038523674011,0.9986716508865356,0.9999827146530151
250,8333,LEFT_SHOULDER,0.6066039204597473,0.3334096074104309,0.2146034985780716,0.999643087387085,0.9999947547912598
250,8333,RIGHT_SHOULDER,0.7605373859405518,0.35330629348754883,-0.1675882488489151,0.9997022747993469,0.9999815225601196
250,8333,LEFT_ELBOW,0.5248657464981079,0.42906853556632996,0.16414524614810944,0.7858843803405762,0.9999537467956543
250,8333,RIGHT_ELBOW,0.7426797747612,0.4495750963687897,-0.13294370472431183,0.9169272780418396,0.9995608925819397
250,8333,LEFT_WRIST,0.4581027925014496,0.4997450113296509,0.09944653511047363,0.7687184810638428,0.9999020099639893
250,8333,RIGHT_WRIST,0.8040781617164612,0.5161728858947754,0.1526859998703003,0.5446147322654724,0.9992585778236389
250,8333,LEFT_PINKY,0.43655937910079956,0.5181597471237183,0.09300491958856583,0.7337119579315186,0.9997872710227966
250,8333,RIGHT_PINKY,0.8196230530738831,0.533461332321167,0.15841342508792877,0.4571577310562134,0.9991303086280823
250,8333,LEFT_INDEX,0.43911638855934143,0.5201942324638367,0.0783044844865799,0.731065571308136,0.999775230884552
250,8333,RIGHT_INDEX,0.8230443000793457,0.5257512331008911,0.1777905821800232,0.4401102662086487,0.9990910291671753
250,8333,LEFT_THUMB,0.44841063022613525,0.515110433101654,0.08905966579914093,0.6990211606025696,0.9998432397842407
250,8333,RIGHT_THUMB,0.8145211935043335,0.5197560787200928,0.17002171277999878,0.42729806900024414,0.9992662072181702
250,8333,LEFT_HIP,0.6192154884338379,0.5516998171806335,0.18893006443977356,0.999225914478302,0.999923586845398
250,8333,RIGHT_HIP,0.6798701882362366,0.5622819066047668,-0.18968966603279114,0.9995105266571045,0.9998990297317505
250,8333,LEFT_KNEE,0.6715278029441833,0.7076305747032166,0.3187130391597748,0.8666223883628845,0.9999548196792603
250,8333,RIGHT_KNEE,0.6471121311187744,0.7275083661079407,-0.17348921298980713,0.9734519124031067,0.9999496936798096
250,8333,LEFT_ANKLE,0.709226131439209,0.8691821098327637,0.4674718379974365,0.9175958037376404,0.9999046325683594
250,8333,RIGHT_ANKLE,0.5330862998962402,0.8798918724060059,-0.10045111179351807,0.9764413833618164,0.9998817443847656
250,8333,LEFT_HEEL,0.6927622556686401,0.9000110030174255,0.47667741775512695,0.9367383122444153,0.999835729598999
250,8333,RIGHT_HEEL,0.49834561347961426,0.9004013538360596,-0.0973963513970375,0.973302960395813,0.9997232556343079
250,8333,LEFT_FOOT_INDEX,0.7780436873435974,0.9019352793693542,0.40779969096183777,0.8617070913314819,0.9996535778045654
250,8333,RIGHT_FOOT_INDEX,0.583172082901001,0.927106499671936,-0.22518377006053925,0.9315769076347351,0.999337375164032
251,8367,NOSE,0.7407032251358032,0.2759028673171997,0.3302971124649048,0.999046266078949,0.9999439716339111
251,8367,LEFT_EYE_INNER,0.732498049736023,0.2627390921115875,0.3132537305355072,0.9992964863777161,0.9999256134033203
251,8367,LEFT_EYE,0.7266638875007629,0.2617623209953308,0.3132026195526123,0.999350905418396,0.9999297857284546
251,8367,LEFT_EYE_OUTER,0.7212978601455688,0.2610540986061096,0.3132111430168152,0.9993391036987305,0.9999324083328247
251,8367,RIGHT_EYE_INNER,0.748056173324585,0.26418694853782654,0.2678666412830353,0.9991929531097412,0.9999058246612549
251,8367,RIGHT_EYE,0.7529685497283936,0.2643491327762604,0.2678018808364868,0.9991536140441895,0.9998825788497925
251,8367,RIGHT_EYE_OUTER,0.7576412558555603,0.264544814825058,0.2675478458404541,0.9991583824157715,0.9998617172241211
251,8367,LEFT_EAR,0.7045281529426575,0.2654285132884979,0.23928141593933105,0.999299943447113,0.9999502897262573
251,8367,RIGHT_EAR,0.7560735940933228,0.2701219618320465,0.03627511486411095,0.9993149638175964,0.9998753070831299
251,8367,MOUTH_LEFT,0.7287762761116028,0.28518176078796387,0.31131064891815186,0.9990408420562744,0.999929666519165
251,8367,MOUTH_RIGHT,0.743960440158844,0.28687241673469543,0.25154006481170654,0.9987801313400269,0.9999148845672607
251,8367,LEFT_SHOULDER,0.6174479722976685,0.33611682057380676,0.26371681690216064,0.9996688365936279,0.9999850988388062
251,8367,RIGHT_SHOULDER,0.7604135274887085,0.3528602123260498,-0.1967691034078598,0.9997302293777466,0.999923586845398
251,8367,LEFT_ELBOW,0.5491050481796265,0.43820720911026,0.26165488362312317,0.8036918640136719,0.9999210834503174
251,8367,RIGHT_ELBOW,0.7418376207351685,0.45005518198013306,-0.21446482837200165,0.9244545102119446,0.9991883635520935
251,8367,LEFT_WRIST,0.5039541125297546,0.5190726518630981,0.19985757768154144,0.7793455123901367,0.9997832179069519
251,8367,RIGHT_WRIST,0.8038161993026733,0.5269597768783569,-0.05584949627518654,0.5823151469230652,0.9983009696006775
251,8367,LEFT_PINKY,0.48469972610473633,0.5355114936828613,0.19379915297031403,0.7376422882080078,0.9995471835136414
251,8367,RIGHT_PINKY,0.8134974837303162,0.5477181077003479,-0.07294072955846786,0.49673864245414734,0.9979501366615295
251,8367,LEFT_INDEX,0.49299946427345276,0.5397133827209473,0.15050649642944336,0.7346261143684387,0.9994907379150391
251,8367,RIGHT_INDEX,0.8163302540779114,0.538944661617279,-0.059139396995306015,0.4803228974342346,0.9977524876594543
251,8367,LEFT_THUMB,0.5019657611846924,0.5355218648910522,0.17919857800006866,0.6987059116363525,0.9996383190155029
251,8367,RIGHT_THUMB,0.8102282285690308,0.533970832824707,-0.04464102163910866,0.46198564767837524,0.9981689453125
251,8367,LEFT_HIP,0.6392986178398132,0.5518395304679871,0.19688443839550018,0.9992814660072327,0.9998836517333984
251,8367,RIGHT_HIP,0.7022776007652283,0.5621126294136047,-0.19755834341049194,0.9995354413986206,0.9997005462646484
251,8367,LEFT_KNEE,0.6909770369529724,0.7070109844207764,0.27425870299339294,0.8621450066566467,0.9998689889907837
251,8367,RIGHT_KNEE,0.6720479726791382,0.7272147536277771,-0.16182413697242737,0.9754951000213623,0.9997350573539734
251,8367,LEFT_ANKLE,0.7068179249763489,0.8728604912757874,0.37285614013671875,0.9185876250267029,0.9996365308761597
251,8367,RIGHT_ANKLE,0.544354259967804,0.8774888515472412,-0.03184646740555763,0.9776262640953064,0.9994699358940125
251,8367,LEFT_HEEL,0.6941301822662354,0.9034108519554138,0.3781253695487976,0.9347546696662903,0.9993458390235901
251,8367,RIGHT_HEEL,0.5096767544746399,0.8956559896469116,-0.020477568730711937,0.9706777930259705,0.9989973902702332
251,8367,LEFT_FOOT_INDEX,0.7848340272903442,0.904445469379425,0.3245774209499359,0.8652744293212891,0.998562753200531
251,8367,RIGHT_FOOT_INDEX,0.6052750945091248,0.9262288212776184,-0.150547593832016,0.9346228837966919,0.9982941746711731
252,8400,NOSE,0.7425713539123535,0.2759076654911041,0.33126893639564514,0.9991208910942078,0.9999547004699707
252,8400,LEFT_EYE_INNER,0.733372151851654,0.26300862431526184,0.3158740699291229,0.9993374347686768,0.9999433755874634
252,8400,LEFT_EYE,0.7275794744491577,0.26226094365119934,0.3158261775970459,0.9993862509727478,0.9999473094940186
252,8400,LEFT_EYE_OUTER,0.7222816348075867,0.2617078423500061,0.3158153295516968,0.999379575252533,0.9999490976333618
252,8400,RIGHT_EYE_INNER,0.7485027313232422,0.26355254650115967,0.270232617855072,0.999237060546875,0.9999206066131592
252,8400,RIGHT_EYE,0.753211259841919,0.2633114457130432,0.2701847553253174,0.9991976618766785,0.9998970031738281
252,8400,RIGHT_EYE_OUTER,0.7577083706855774,0.26309704780578613,0.2699151933193207,0.9991928339004517,0.9998743534088135
252,8400,LEFT_EAR,0.7057040333747864,0.26590803265571594,0.2428962141275406,0.9993152022361755,0.999963641166687
252,8400,RIGHT_EAR,0.7560561299324036,0.2683158814907074,0.037847887724637985,0.9993364214897156,0.9998835325241089
252,8400,MOUTH_LEFT,0.7317773699760437,0.28577232360839844,0.3121241629123688,0.9991041421890259,0.9999364614486694
252,8400,MOUTH_RIGHT,0.746235191822052,0.28667327761650085,0.25196367502212524,0.9988672733306885,0.9999163150787354
252,8400,LEFT_SHOULDER,0.6264850497245789,0.3423471748828888,0.28331121802330017,0.99969083070755,0.9999862909317017
252,8400,RIGHT_SHOULDER,0.7603622674942017,0.3500605523586273,-0.20225706696510315,0.9997543096542358,0.999904990196228
252,8400,LEFT_ELBOW,0.5818246006965637,0.45592206716537476,0.2787266671657562,0.8040958642959595,0.9999086856842041
252,8400,RIGHT_ELBOW,0.7420722246170044,0.45266225934028625,-0.25835341215133667,0.9301957488059998,0.9989494681358337
252,8400,LEFT_WRIST,0.5694539546966553,0.5506754517555237,0.2297552525997162,0.7639504075050354,0.9997448325157166
252,8400,RIGHT_WRIST,0.8044268488883972,0.5272347927093506,-0.16608098149299622,0.6070659756660461,0.9976707100868225
252,8400,LEFT_PINKY,0.5609760880470276,0.5724657773971558,0.23012712597846985,0.7148808836936951,0.9994620680809021
252,8400,RIGHT_PINKY,0.8170215487480164,0.5500463247299194,-0.190857395529747,0.5210615396499634,0.997248113155365
252,8400,LEFT_INDEX,0.573165237903595,0.5739132761955261,0.19119684398174286,0.7108869552612305,0.9993853569030762
252,8400,RIGHT_INDEX,0.819464921951294,0.5441073775291443,-0.17585234344005585,0.504230797290802,0.9969513416290283
252,8400,LEFT_THUMB,0.578179657459259,0.5661965608596802,0.2105315923690796,0.671791672706604,0.9995771050453186
252,8400,RIGHT_THUMB,0.8111609816551208,0.5361924767494202,-0.15732941031455994,0.47816285490989685,0.9974750876426697
252,8400,LEFT_HIP,0.6528672575950623,0.5533033013343811,0.20491591095924377,0.9993373155593872,0.9999188184738159
252,8400,RIGHT_HIP,0.7163565754890442,0.5605095028877258,-0.20551221072673798,0.999556839466095,0.9997382760047913
252,8400,LEFT_KNEE,0.7039704322814941,0.7081573009490967,0.17682747542858124,0.8419946432113647,0.999862790107727
252,8400,RIGHT_KNEE,0.7010100483894348,0.7254464626312256,-0.21603159606456757,0.9767557382583618,0.9997143149375916
252,8400,LEFT_ANKLE,0.6959090232849121,0.8717228770256042,0.22996221482753754,0.9121862053871155,0.9996777772903442
252,8400,RIGHT_ANKLE,0.5610098838806152,0.8730664253234863,-0.11360616981983185,0.9777874946594238,0.9995754361152649
252,8400,LEFT_HEEL,0.6802818775177002,0.9050356149673462,0.22706425189971924,0.9289515614509583,0.9993402361869812
252,8400,RIGHT_HEEL,0.5234708786010742,0.8879814743995667,-0.10054390132427216,0.9680662751197815,0.9992401599884033
252,8400,LEFT_FOOT_INDEX,0.7758310437202454,0.904167652130127,0.12691250443458557,0.8624825477600098,0.9986661672592163
252,8400,RIGHT_FOOT_INDEX,0.6389434933662415,0.9260122776031494,-0.23427867889404297,0.9361546039581299,0.9986458420753479
253,8433,NOSE,0.7496151328086853,0.2730097472667694,0.3370903730392456,0.9991753697395325,0.9999643564224243
253,8433,LEFT_EYE_INNER,0.7379418015480042,0.25976890325546265,0.3227461874485016,0.9993570446968079,0.9999591112136841
253,8433,LEFT_EYE,0.7320148944854736,0.2592276334762573,0.32269272208213806,0.9994051456451416,0.9999629259109497
253,8433,LEFT_EYE_OUTER,0.726260244846344,0.2588488757610321,0.32265374064445496,0.9994053244590759,0.9999642372131348
253,8433,RIGHT_EYE_INNER,0.7529900074005127,0.260026752948761,0.2766264081001282,0.9992595911026001,0.9999420642852783
253,8433,RIGHT_EYE,0.7568714022636414,0.2597903311252594,0.27658170461654663,0.9992247819900513,0.9999260902404785
253,8433,RIGHT_EYE_OUTER,0.7605733275413513,0.25962093472480774,0.276329904794693,0.999207615852356,0.9999103546142578
253,8433,LEFT_EAR,0.7097892761230469,0.2638012170791626,0.24665410816669464,0.9993184804916382,0.9999747276306152
253,8433,RIGHT_EAR,0.7579995393753052,0.2648528218269348,0.03949170932173729,0.9993449449539185,0.9999198913574219
253,8433,MOUTH_LEFT,0.7383547425270081,0.2838172912597656,0.3168710172176361,0.9991403222084045,0.9999521970748901
253,8433,MOUTH_RIGHT,0.75266033411026,0.28430864214897156,0.2559370696544647,0.9989259243011475,0.9999325275421143
253,8433,LEFT_SHOULDER,0.6397728323936462,0.3446056842803955,0.3062174320220947,0.9997101426124573,0.9999886751174927
253,8433,RIGHT_SHOULDER,0.7633774876594543,0.3489660620689392,-0.2154962420463562,0.9997758865356445,0.999932050704956
253,8433,LEFT_ELBOW,0.6119908094406128,0.4614962935447693,0.31891384720802307,0.7768492698669434,0.9999158382415771
253,8433,RIGHT_ELBOW,0.7444367408752441,0.45375627279281616,-0.30668696761131287,0.936107873916626,0.9991769194602966
253,8433,LEFT_WRIST,0.622147798538208,0.5533528327941895,0.28254932165145874,0.7218723893165588,0.9997015595436096
253,8433,RIGHT_WRIST,0.8154520392417908,0.5360634326934814,-0.2880043685436249,0.6347168684005737,0.9979829788208008
253,8433,LEFT_PINKY,0.6278666853904724,0.5766915678977966,0.2912472188472748,0.6716355085372925,0.9994713664054871
253,8433,RIGHT_PINKY,0.8367645740509033,0.5530630946159363,-0.3282011151313782,0.5509634613990784,0.9979057312011719
253,8433,LEFT_INDEX,0.6387158632278442,0.5769299864768982,0.255368173122406,0.666915774345398,0.9994068145751953
253,8433,RIGHT_INDEX,0.8447109460830688,0.5440497398376465,-0.30574312806129456,0.5342387557029724,0.9976662397384644
253,8433,LEFT_THUMB,0.6376217007637024,0.5705589652061462,0.2642263174057007,0.6275118589401245,0.9995643496513367
253,8433,RIGHT_THUMB,0.8340463638305664,0.5382910966873169,-0.278883695602417,0.5015805959701538,0.9980291724205017
253,8433,LEFT_HIP,0.6592994332313538,0.5546507239341736,0.21674199402332306,0.9993901252746582,0.999942421913147
253,8433,RIGHT_HIP,0.7236616611480713,0.5605765581130981,-0.21721382439136505,0.999573826789856,0.9997971653938293
253,8433,LEFT_KNEE,0.7187983989715576,0.7057858109474182,0.10733426362276077,0.8124380707740784,0.9998867511749268
253,8433,RIGHT_KNEE,0.7243541479110718,0.7251364588737488,-0.29379895329475403,0.9780963659286499,0.9997765421867371
253,8433,LEFT_ANKLE,0.6986215710639954,0.8774264454841614,0.1303403526544571,0.8998161554336548,0.9996224641799927
253,8433,RIGHT_ANKLE,0.5789391994476318,0.8625206351280212,-0.23544953763484955,0.9782098531723022,0.9996387958526611
253,8433,LEFT_HEEL,0.6846818327903748,0.9096858501434326,0.12314112484455109,0.9186004996299744,0.9991644620895386
253,8433,RIGHT_HEEL,0.5329339504241943,0.8746717572212219,-0.23099835216999054,0.9669190049171448,0.9994101524353027
253,8433,LEFT_FOOT_INDEX,0.7799400687217712,0.9103873372077942,0.004323167726397514,0.8546290397644043,0.9985049962997437
253,8433,RIGHT_FOOT_INDEX,0.6203485131263733,0.9222666025161743,-0.36259764432907104,0.9387109279632568,0.9989938139915466
254,8467,NOSE,0.762273907661438,0.27292177081108093,0.2594606280326843,0.9990883469581604,0.9997648596763611
254,8467,LEFT_EYE_INNER,0.7500514388084412,0.25949540734291077,0.2509555518627167,0.9991557598114014,0.9997662901878357
254,8467,LEFT_EYE,0.7444466352462769,0.2589137554168701,0.25089770555496216,0.9991821050643921,0.9997788071632385
254,8467,LEFT_EYE_OUTER,0.7389609813690186,0.2584991753101349,0.2508401870727539,0.9992462396621704,0.9997784495353699
254,8467,RIGHT_EYE_INNER,0.762890100479126,0.2600434422492981,0.20116938650608063,0.9990907907485962,0.9997286200523376
254,8467,RIGHT_EYE,0.7655413746833801,0.2598368525505066,0.20113889873027802,0.9990426301956177,0.9996844530105591
254,8467,RIGHT_EYE_OUTER,0.767961323261261,0.2596369683742523,0.2008855938911438,0.9990198612213135,0.9996492862701416
254,8467,LEFT_EAR,0.7226845026016235,0.26334652304649353,0.20716725289821625,0.9988747835159302,0.9998078942298889
254,8467,RIGHT_EAR,0.7633029818534851,0.264228880405426,-0.01649128645658493,0.9991284608840942,0.9997251629829407
254,8467,MOUTH_LEFT,0.7515836358070374,0.2836155295372009,0.25069937109947205,0.9988971948623657,0.9996821880340576
254,8467,MOUTH_RIGHT,0.7636141180992126,0.28433871269226074,0.18563726544380188,0.9987640380859375,0.9996652603149414
254,8467,LEFT_SHOULDER,0.65667724609375,0.3441045880317688,0.3033008277416229,0.9996684789657593,0.999933123588562
254,8467,RIGHT_SHOULDER,0.764401376247406,0.34761640429496765,-0.25758281350135803,0.999792754650116,0.9998844861984253
254,8467,LEFT_ELBOW,0.64796382188797,0.4578933119773865,0.3616666793823242,0.7091193795204163,0.9996144771575928
254,8467,RIGHT_ELBOW,0.7448988556861877,0.45562732219696045,-0.285567045211792,0.9396851062774658,0.9989466071128845
254,8467,LEFT_WRIST,0.6840278506278992,0.5298117995262146,0.37500429153442383,0.6541093587875366,0.9985972046852112
254,8467,RIGHT_WRIST,0.8104722499847412,0.5446728467941284,-0.1712317317724228,0.6536604762077332,0.9974271655082703
254,8467,LEFT_PINKY,0.6885125041007996,0.5481301546096802,0.39500337839126587,0.6089619994163513,0.9981980919837952
254,8467,RIGHT_PINKY,0.8336582183837891,0.564226508140564,-0.19638019800186157,0.5716865658760071,0.9974377155303955
254,8467,LEFT_INDEX,0.7023940682411194,0.5474270582199097,0.3625403344631195,0.6046105623245239,0.9980217218399048
254,8467,RIGHT_INDEX,0.8395681381225586,0.5561575293540955,-0.17805610597133636,0.5552057027816772,0.9968621730804443
254,8467,LEFT_THUMB,0.7032648324966431,0.5420445799827576,0.35818690061569214,0.5690664052963257,0.9982578158378601
254,8467,RIGHT_THUMB,0.8305986523628235,0.5500267148017883,-0.1607884019613266,0.5161086320877075,0.9973228573799133
254,8467,LEFT_HIP,0.6768661737442017,0.5548802018165588,0.2174699306488037,0.9994173049926758,0.9999322891235352
254,8467,RIGHT_HIP,0.7272658944129944,0.5604298114776611,-0.2178002893924713,0.9995601773262024,0.9998036026954651
254,8467,LEFT_KNEE,0.7362314462661743,0.7056289911270142,0.11342599242925644,0.770361602306366,0.9999200105667114
254,8467,RIGHT_KNEE,0.740821123123169,0.7230278253555298,-0.2913391888141632,0.9781432747840881,0.9998587369918823
254,8467,LEFT_ANKLE,0.7013422846794128,0.874121367931366,0.14903651177883148,0.8856652975082397,0.999810516834259
254,8467,RIGHT_ANKLE,0.5953282713890076,0.855507493019104,-0.21146759390830994,0.9779736399650574,0.9998025298118591
254,8467,LEFT_HEEL,0.6862025856971741,0.902503490447998,0.14380568265914917,0.9068318009376526,0.9995905756950378
254,8467,RIGHT_HEEL,0.5522885918617249,0.8619774580001831,-0.20506900548934937,0.9639102220535278,0.9997121691703796
254,8467,LEFT_FOOT_INDEX,0.7882445454597473,0.9136177897453308,0.037998948246240616,0.8481574058532715,0.9991493225097656
254,8467,RIGHT_FOOT_INDEX,0.629054069519043,0.922110915184021,-0.3198286294937134,0.9413266777992249,0.9994768500328064
255,8500,NOSE,0.7740300297737122,0.2720099687576294,0.1695447415113449,0.9987704753875732,0.9995211362838745
255,8500,LEFT_EYE_INNER,0.7621994018554688,0.25811171531677246,0.17186161875724792,0.9985480308532715,0.9995457530021667
255,8500,LEFT_EYE,0.756557285785675,0.25741297006607056,0.17178580164909363,0.9985365867614746,0.9995712637901306
255,8500,LEFT_EYE_OUTER,0.7512310743331909,0.25684210658073425,0.17172370851039886,0.9987719655036926,0.9995729327201843
255,8500,RIGHT_EYE_INNER,0.773755669593811,0.2585013806819916,0.1139625683426857,0.9985601305961609,0.9994789958000183
255,8500,RIGHT_EYE,0.7758627533912659,0.2582055628299713,0.11396382749080658,0.9984980225563049,0.9994024038314819
255,8500,RIGHT_EYE_OUTER,0.7777196168899536,0.25790342688560486,0.11374498158693314,0.998491108417511,0.9993472695350647
255,8500,LEFT_EAR,0.7347394824028015,0.2613263428211212,0.1739933341741562,0.9976699352264404,0.999618411064148
255,8500,RIGHT_EAR,0.7708396315574646,0.2621637284755707,-0.08400663733482361,0.9985266923904419,0.9994975328445435
255,8500,MOUTH_LEFT,0.7627586722373962,0.28324517607688904,0.1782519370317459,0.9981412291526794,0.9994630217552185
255,8500,MOUTH_RIGHT,0.7736096382141113,0.28401368856430054,0.10318677127361298,0.9982476234436035,0.9993985891342163
255,8500,LEFT_SHOULDER,0.6727030277252197,0.3426753282546997,0.3044886589050293,0.9995955228805542,0.9998719692230225
255,8500,RIGHT_SHOULDER,0.766537606716156,0.3464241325855255,-0.31213000416755676,0.9998051524162292,0.9998503923416138
255,8500,LEFT_ELBOW,0.6879366040229797,0.4551932215690613,0.34484127163887024,0.6408298015594482,0.9992617964744568
255,8500,RIGHT_ELBOW,0.751603364944458,0.45675426721572876,-0.3610231280326843,0.9421767592430115,0.9987584352493286
255,8500,LEFT_WRIST,0.734474778175354,0.5291411876678467,0.30827710032463074,0.5914918184280396,0.997234046459198
255,8500,RIGHT_WRIST,0.8076595664024353,0.5563066601753235,-0.2741730809211731,0.6760494112968445,0.9966450333595276
255,8500,LEFT_PINKY,0.7468850612640381,0.5504119992256165,0.3209918141365051,0.5515479445457458,0.9967605471611023
255,8500,RIGHT_PINKY,0.827293872833252,0.5799601078033447,-0.31088003516197205,0.5980826616287231,0.9967833757400513
255,8500,LEFT_INDEX,0.7595044374465942,0.549075186252594,0.2960922420024872,0.547531008720398,0.9964916110038757
255,8500,RIGHT_INDEX,0.831932008266449,0.5767885446548462,-0.2902904152870178,0.581793487071991,0.9960099458694458
255,8500,LEFT_THUMB,0.758103609085083,0.5427160859107971,0.2950773537158966,0.5156927108764648,0.9966991543769836
255,8500,RIGHT_THUMB,0.8244414329528809,0.5701072812080383,-0.26364991068840027,0.5384277105331421,0.9965755343437195
255,8500,LEFT_HIP,0.6843084096908569,0.5551592111587524,0.21584033966064453,0.9994001984596252,0.9998675584793091
255,8500,RIGHT_HIP,0.7307946085929871,0.5602960586547852,-0.21609799563884735,0.999457061290741,0.9996674060821533
255,8500,LEFT_KNEE,0.7281330227851868,0.7047914862632751,0.13098004460334778,0.7095458507537842,0.9996627569198608
255,8500,RIGHT_KNEE,0.7718150615692139,0.7169904112815857,-0.26770874857902527,0.9718020558357239,0.9994440674781799
255,8500,LEFT_ANKLE,0.6872507333755493,0.864654541015625,0.15853603184223175,0.8400939702987671,0.998820960521698
255,8500,RIGHT_ANKLE,0.6299044489860535,0.8455211520195007,-0.2000558227300644,0.9692600965499878,0.9989368319511414
255,8500,LEFT_HEEL,0.6705935001373291,0.894756019115448,0.15224964916706085,0.8705824017524719,0.9976902008056641
255,8500,RIGHT_HEEL,0.5877431035041809,0.8565414547920227,-0.1954830139875412,0.9492267966270447,0.9985415935516357
255,8500,LEFT_FOOT_INDEX,0.775209903717041,0.9059037566184998,0.05452503636479378,0.8208669424057007,0.9971242547035217
255,8500,RIGHT_FOOT_INDEX,0.6692047119140625,0.9066841006278992,-0.3057737946510315,0.9358558654785156,0.9982454776763916
256,8533,NOSE,0.7806901335716248,0.27086326479911804,0.13452264666557312,0.9979937076568604,0.9977744221687317
256,8533,LEFT_EYE_INNER,0.769178032875061,0.2569025158882141,0.14135242998600006,0.9970107078552246,0.9980702996253967
256,8533,LEFT_EYE,0.764054000377655,0.2562863528728485,0.1412815898656845,0.9969756603240967,0.9981820583343506
256,8533,LEFT_EYE_OUTER,0.7591207027435303,0.25579318404197693,0.14124849438667297,0.9976004362106323,0.9981880784034729
256,8533,RIGHT_EYE_INNER,0.7796617150306702,0.2572879195213318,0.07757297158241272,0.9973156452178955,0.9979694485664368
256,8533,RIGHT_EYE,0.7816855907440186,0.25705650448799133,0.07755879312753677,0.9974117279052734,0.9978275895118713
256,8533,RIGHT_EYE_OUTER,0.7834663987159729,0.2568475604057312,0.07727248966693878,0.9974475502967834,0.9977935552597046
256,8533,LEFT_EAR,0.7425147891044617,0.2603282928466797,0.17059434950351715,0.9949718117713928,0.9983293414115906
256,8533,RIGHT_EAR,0.7759668231010437,0.2614437937736511,-0.11259806901216507,0.9973859190940857,0.9983910322189331
256,8533,MOUTH_LEFT,0.7705380916595459,0.2824938893318176,0.1539088785648346,0.9963995218276978,0.9980124235153198
256,8533,MOUTH_RIGHT,0.7801732420921326,0.2831496000289917,0.07126522064208984,0.9971732497215271,0.99793541431427
256,8533,LEFT_SHOULDER,0.6865819692611694,0.3406820297241211,0.33171558380126953,0.9994004368782043,0.9996991157531738
256,8533,RIGHT_SHOULDER,0.7671635150909424,0.3459649085998535,-0.3435825705528259,0.9998155832290649,0.9997715353965759
256,8533,LEFT_ELBOW,0.7092901468276978,0.45554253458976746,0.37779688835144043,0.5783963203430176,0.9987117052078247
256,8533,RIGHT_ELBOW,0.756292998790741,0.4573691785335541,-0.45058751106262207,0.9441582560539246,0.9984625577926636
256,8533,LEFT_WRIST,0.7495520710945129,0.5366942286491394,0.3222512900829315,0.5349395275115967,0.9946236610412598
256,8533,RIGHT_WRIST,0.8053883910179138,0.5577006340026855,-0.45095527172088623,0.700577437877655,0.9949889779090881
256,8533,LEFT_PINKY,0.7547776103019714,0.5554786920547485,0.34205693006515503,0.4997212886810303,0.994242250919342
256,8533,RIGHT_PINKY,0.8245220184326172,0.5853159427642822,-0.5062034726142883,0.6278331279754639,0.9954303503036499
256,8533,LEFT_INDEX,0.7675410509109497,0.5549935102462769,0.29991117119789124,0.49598854780197144,0.9935837388038635
256,8533,RIGHT_INDEX,0.8314539790153503,0.5849557518959045,-0.4778231382369995,0.6116375923156738,0.9942218661308289
256,8533,LEFT_THUMB,0.7665784955024719,0.5477914810180664,0.3001648187637329,0.4675128161907196,0.9937564134597778
256,8533,RIGHT_THUMB,0.8204929828643799,0.5786716341972351,-0.43946948647499084,0.5655727386474609,0.9949914813041687
256,8533,LEFT_HIP,0.6955367922782898,0.5566644072532654,0.22192157804965973,0.9992856383323669,0.9997262358665466
256,8533,RIGHT_HIP,0.7316257953643799,0.5597178339958191,-0.2220716029405594,0.9992443323135376,0.9995027780532837
256,8533,LEFT_KNEE,0.7350634336471558,0.7046405673027039,0.12179303914308548,0.6557061076164246,0.9990161657333374
256,8533,RIGHT_KNEE,0.795891523361206,0.7070863842964172,-0.30789312720298767,0.9683038592338562,0.9987847208976746
256,8533,LEFT_ANKLE,0.6912638545036316,0.8605670928955078,0.16035600006580353,0.795055627822876,0.9967901110649109
256,8533,RIGHT_ANKLE,0.6696186065673828,0.8426318168640137,-0.23315060138702393,0.9615007638931274,0.9972700476646423
256,8533,LEFT_HEEL,0.6720952391624451,0.8903759121894836,0.1546226143836975,0.8338747620582581,0.9943589568138123
256,8533,RIGHT_HEEL,0.6210432052612305,0.8573654294013977,-0.2296721488237381,0.9346935153007507,0.9965804219245911
256,8533,LEFT_FOOT_INDEX,0.7749107480049133,0.9020770192146301,0.05666142702102661,0.7949008345603943,0.9930663108825684
256,8533,RIGHT_FOOT_INDEX,0.7287208437919617,0.9047327637672424,-0.34285396337509155,0.9305140376091003,0.9960715770721436
257,8567,NOSE,0.7888638377189636,0.2706577777862549,0.02450503595173359,0.9978821277618408,0.9960415363311768
257,8567,LEFT_EYE_INNER,0.7786286473274231,0.25683778524398804,0.039048369973897934,0.9965932369232178,0.9961426854133606
257,8567,LEFT_EYE,0.774358332157135,0.2562504708766937,0.038986071944236755,0.9965310096740723,0.9963904023170471
257,8567,LEFT_EYE_OUTER,0.770348846912384,0.2557552754878998,0.038964930921792984,0.997279703617096,0.9963678121566772
257,8567,RIGHT_EYE_INNER,0.7870893478393555,0.25721678137779236,-0.032094795256853104,0.9970957636833191,0.9962558746337891
257,8567,RIGHT_EYE,0.7885920405387878,0.2570168673992157,-0.03209816291928291,0.9972772002220154,0.9961957931518555
257,8567,RIGHT_EYE_OUTER,0.7898900508880615,0.256828635931015,-0.03234028071165085,0.9973606467247009,0.9963377714157104
257,8567,LEFT_EAR,0.7557417154312134,0.2600618898868561,0.1232190728187561,0.9942487478256226,0.996307373046875
257,8567,RIGHT_EAR,0.7801384329795837,0.26123741269111633,-0.1937071532011032,0.9972848892211914,0.9972335696220398
257,8567,MOUTH_LEFT,0.7801112532615662,0.28255611658096313,0.0652349591255188,0.9959977269172668,0.9965325593948364
257,8567,MOUTH_RIGHT,0.7873175740242004,0.2830398678779602,-0.026669004932045937,0.9970992207527161,0.9967758059501648
257,8567,LEFT_SHOULDER,0.7098678350448608,0.33858487010002136,0.33792844414711,0.999272882938385,0.9995651841163635
257,8567,RIGHT_SHOULDER,0.7656650543212891,0.3428855538368225,-0.3971828818321228,0.9998267292976379,0.9997095465660095
257,8567,LEFT_ELBOW,0.7513415813446045,0.4531015157699585,0.42150574922561646,0.5238544940948486,0.99843829870224
257,8567,RIGHT_ELBOW,0.7522271275520325,0.45714178681373596,-0.5333070755004883,0.9462345242500305,0.9985144734382629
257,8567,LEFT_WRIST,0.8305413126945496,0.52851802110672,0.35439997911453247,0.4887179434299469,0.9947494864463806
257,8567,RIGHT_WRIST,0.7996755838394165,0.5599831938743591,-0.5891231894493103,0.7267031669616699,0.9969332218170166
257,8567,LEFT_PINKY,0.8512330651283264,0.528268039226532,0.37527692317962646,0.4588705003261566,0.9946843981742859
257,8567,RIGHT_PINKY,0.8001211285591125,0.5850476026535034,-0.6606690287590027,0.660099983215332,0.9971916079521179
257,8567,LEFT_INDEX,0.8642280697822571,0.5313616394996643,0.3154013156890869,0.45555582642555237,0.9946278929710388
257,8567,RIGHT_INDEX,0.817574679851532,0.5842471718788147,-0.6311372518539429,0.644591212272644,0.9967023730278015
257,8567,LEFT_THUMB,0.8592548966407776,0.5306947827339172,0.32409149408340454,0.4301699697971344,0.9948135614395142
257,8567,RIGHT_THUMB,0.8146927356719971,0.5776190161705017,-0.57826167345047,0.5992593169212341,0.9972336888313293
257,8567,LEFT_HIP,0.7033693194389343,0.5564932227134705,0.2267438918352127,0.9989352226257324,0.9990912675857544
257,8567,RIGHT_HIP,0.7334879040718079,0.5571384429931641,-0.22667855024337769,0.9987918734550476,0.99874347448349
257,8567,LEFT_KNEE,0.7368183732032776,0.7028887867927551,0.16377036273479462,0.6237332820892334,0.998034656047821
257,8567,RIGHT_KNEE,0.8289157152175903,0.6965312361717224,-0.30954357981681824,0.9696277379989624,0.9981308579444885
257,8567,LEFT_ANKLE,0.6947646737098694,0.8579061031341553,0.231331005692482,0.774279773235321,0.9945112466812134
257,8567,RIGHT_ANKLE,0.6997835636138916,0.8427029848098755,-0.2189391851425171,0.9621052742004395,0.9956854581832886
257,8567,LEFT_HEEL,0.667544960975647,0.8872022032737732,0.22565515339374542,0.8151001930236816,0.9910262227058411
257,8567,RIGHT_HEEL,0.6589944958686829,0.8606951236724854,-0.21425314247608185,0.933061420917511,0.9943925738334656
257,8567,LEFT_FOOT_INDEX,0.7745179533958435,0.9045417904853821,0.13536781072616577,0.7841319441795349,0.9885936975479126
257,8567,RIGHT_FOOT_INDEX,0.7698372602462769,0.904903769493103,-0.32085731625556946,0.9324820637702942,0.9930477738380432
258,8600,NOSE,0.8026671409606934,0.2695935070514679,-0.07210353016853333,0.9979662299156189,0.9958611130714417
258,8600,LEFT_EYE_INNER,0.7932881712913513,0.2554863393306732,-0.05169377475976944,0.9966216683387756,0.9951584935188293
258,8600,LEFT_EYE,0.7897472381591797,0.25476884841918945,-0.05180253088474274,0.996504008769989,0.995482325553894
258,8600,LEFT_EYE_OUTER,0.7863369584083557,0.25419336557388306,-0.05185617879033089,0.9972934126853943,0.9954190254211426
258,8600,RIGHT_EYE_INNER,0.7985145449638367,0.2559933066368103,-0.12185610830783844,0.9972134232521057,0.9956166744232178
258,8600,RIGHT_EYE,0.7988156676292419,0.25575733184814453,-0.12179262191057205,0.9973806142807007,0.9956095814704895
258,8600,RIGHT_EYE_OUTER,0.7988975644111633,0.25559642910957336,-0.12199445813894272,0.9974938631057739,0.9956839084625244
258,8600,LEFT_EAR,0.7711208462715149,0.2583225667476654,0.07003022730350494,0.9943121671676636,0.9958535432815552
258,8600,RIGHT_EAR,0.7864489555358887,0.2597934305667877,-0.24316571652889252,0.9974331855773926,0.9967183470726013
258,8600,MOUTH_LEFT,0.7935035228729248,0.28198719024658203,-0.01694084145128727,0.9961320161819458,0.9968296885490417
258,8600,MOUTH_RIGHT,0.7975242733955383,0.28243252635002136,-0.10753954946994781,0.9972490072250366,0.9971039891242981
258,8600,LEFT_SHOULDER,0.7366667985916138,0.33828070759773254,0.3245524764060974,0.9992619752883911,0.9996700286865234
258,8600,RIGHT_SHOULDER,0.7622328400611877,0.3414340913295746,-0.4137119650840759,0.9998363256454468,0.9996002316474915
258,8600,LEFT_ELBOW,0.7940187454223633,0.44735831022262573,0.4550056755542755,0.4789639115333557,0.9976403713226318
258,8600,RIGHT_ELBOW,0.7500461339950562,0.45608076453208923,-0.5169816017150879,0.9497799277305603,0.9964690208435059
258,8600,LEFT_WRIST,0.8904082775115967,0.4979283809661865,0.37575823068618774,0.4642353355884552,0.9936314225196838
258,8600,RIGHT_WRIST,0.7995550036430359,0.5621848106384277,-0.524595320224762,0.7507331967353821,0.9945937991142273
258,8600,LEFT_PINKY,0.9127269983291626,0.49796614050865173,0.39107203483581543,0.4400574862957001,0.992351233959198
258,8600,RIGHT_PINKY,0.7947940826416016,0.5870489478111267,-0.5927190184593201,0.6888821721076965,0.9944201111793518
258,8600,LEFT_INDEX,0.9172317385673523,0.5003829598426819,0.3221477270126343,0.4378582537174225,0.9930515289306641
258,8600,RIGHT_INDEX,0.8147245645523071,0.5859794020652771,-0.5764389038085938,0.6740890741348267,0.9939915537834167
258,8600,LEFT_THUMB,0.9104705452919006,0.5010828375816345,0.34237828850746155,0.41443830728530884,0.9934367537498474
258,8600,RIGHT_THUMB,0.8136916756629944,0.5777150392532349,-0.5162904262542725,0.6294665336608887,0.995091438293457
258,8600,LEFT_HIP,0.7155823111534119,0.5563076734542847,0.22086969017982483,0.9988374710083008,0.9987679123878479
258,8600,RIGHT_HIP,0.7358896732330322,0.5551227331161499,-0.22080528736114502,0.9984420537948608,0.9974707365036011
258,8600,LEFT_KNEE,0.7335194945335388,0.7026323676109314,0.16118161380290985,0.6301522850990295,0.9967890977859497
258,8600,RIGHT_KNEE,0.851179838180542,0.6827273964881897,-0.28149449825286865,0.9712339639663696,0.992407500743866
258,8600,LEFT_ANKLE,0.7081246972084045,0.8643113970756531,0.21547305583953857,0.7684072852134705,0.9741569757461548
258,8600,RIGHT_ANKLE,0.737705409526825,0.8115202188491821,-0.04736853763461113,0.9520858526229858,0.9772734045982361
258,8600,LEFT_HEEL,0.6801376938819885,0.8978523015975952,0.21025218069553375,0.8084872961044312,0.953501284122467
258,8600,RIGHT_HEEL,0.6960574984550476,0.8236130475997925,-0.025653056800365448,0.9171760678291321,0.9745989441871643
258,8600,LEFT_FOOT_INDEX,0.7894050478935242,0.9103414416313171,0.12712213397026062,0.7816404104232788,0.9442560076713562
258,8600,RIGHT_FOOT_INDEX,0.7944614887237549,0.8596398830413818,-0.06114212051033974,0.9233366250991821,0.9732110500335693
259,8633,NOSE,0.8212088346481323,0.2693657875061035,-0.0846560150384903,0.9981409907341003,0.9959900975227356
259,8633,LEFT_EYE_INNER,0.8118016123771667,0.2549685835838318,-0.06328434497117996,0.9968845248222351,0.9943364262580872
259,8633,LEFT_EYE,0.8088392019271851,0.254150927066803,-0.06334500014781952,0.9967703819274902,0.9948311448097229
259,8633,LEFT_EYE_OUTER,0.8058270215988159,0.25348100066185,-0.06334537267684937,0.9975059628486633,0.9947913885116577
259,8633,RIGHT_EYE_INNER,0.814123272895813,0.25547072291374207,-0.13319332897663116,0.9974483251571655,0.9944968819618225
259,8633,RIGHT_EYE,0.8130894303321838,0.2551476061344147,-0.1331751048564911,0.9976045489311218,0.9943773150444031
259,8633,RIGHT_EYE_OUTER,0.8119208216667175,0.2549220621585846,-0.13334211707115173,0.9977129697799683,0.9942699670791626
259,8633,LEFT_EAR,0.7878682613372803,0.25755369663238525,0.06321828067302704,0.994773805141449,0.9955191612243652
259,8633,RIGHT_EAR,0.7953112125396729,0.2591089904308319,-0.24799498915672302,0.9976548552513123,0.9955322742462158
259,8633,MOUTH_LEFT,0.8119471073150635,0.2819654047489166,-0.02742167003452778,0.9964543581008911,0.9975600242614746
259,8633,MOUTH_RIGHT,0.813191294670105,0.2823309004306793,-0.11756773293018341,0.9974877834320068,0.9975357055664062
259,8633,LEFT_SHOULDER,0.7581180930137634,0.3383668065071106,0.31814372539520264,0.9992991089820862,0.9997947812080383
259,8633,RIGHT_SHOULDER,0.7616384625434875,0.34144794940948486,-0.39778003096580505,0.999847412109375,0.9995676875114441
259,8633,LEFT_ELBOW,0.8293033838272095,0.4431038796901703,0.43546250462532043,0.45934951305389404,0.9991425275802612
259,8633,RIGHT_ELBOW,0.7503752112388611,0.45631757378578186,-0.5016664862632751,0.9531531929969788,0.9978824257850647
259,8633,LEFT_WRIST,0.9441397190093994,0.4841161072254181,0.34881824254989624,0.4791595935821533,0.9978755712509155
259,8633,RIGHT_WRIST,0.800269365310669,0.5679941773414612,-0.5359919667243958,0.7735863924026489,0.9963397979736328
259,8633,LEFT_PINKY,0.9678620100021362,0.49246832728385925,0.36162394285202026,0.4546409547328949,0.9967024922370911
259,8633,RIGHT_PINKY,0.7951668500900269,0.5910526514053345,-0.6046144962310791,0.7168409824371338,0.9959235191345215
259,8633,LEFT_INDEX,0.9741835594177246,0.4930869936943054,0.30569857358932495,0.4542340040206909,0.9971959590911865
259,8633,RIGHT_INDEX,0.8153043389320374,0.5899816155433655,-0.587856113910675,0.702986478805542,0.9956117272377014
259,8633,LEFT_THUMB,0.963090717792511,0.4910115897655487,0.3188084363937378,0.43117865920066833,0.9976123571395874
259,8633,RIGHT_THUMB,0.8135921955108643,0.5830830931663513,-0.5277115702629089,0.6604738235473633,0.996566653251648
259,8633,LEFT_HIP,0.726294755935669,0.5577741265296936,0.2166854739189148,0.9985954761505127,0.9980949759483337
259,8633,RIGHT_HIP,0.7458989024162292,0.5558895468711853,-0.21670059859752655,0.9980836510658264,0.9968841671943665
259,8633,LEFT_KNEE,0.7295079827308655,0.7059623003005981,0.20355726778507233,0.6187363266944885,0.9952257871627808
259,8633,RIGHT_KNEE,0.8679303526878357,0.6832373142242432,-0.22839443385601044,0.9729472398757935,0.9933990240097046
259,8633,LEFT_ANKLE,0.711755633354187,0.8705967664718628,0.2734518349170685,0.7481498718261719,0.9674612879753113
259,8633,RIGHT_ANKLE,0.7703142762184143,0.8125961422920227,-0.04117240756750107,0.9508727788925171,0.9742756485939026
259,8633,LEFT_HEEL,0.6900327205657959,0.9031059145927429,0.27304309606552124,0.792255163192749,0.9443424344062805
259,8633,RIGHT_HEEL,0.7322617769241333,0.8513275384902954,-0.026314612478017807,0.9138813614845276,0.9657676815986633
259,8633,LEFT_FOOT_INDEX,0.796902596950531,0.9070023894309998,0.21320687234401703,0.7705444693565369,0.9519694447517395
259,8633,RIGHT_FOOT_INDEX,0.8448893427848816,0.871262788772583,-0.07310275733470917,0.9216369986534119,0.9631487727165222
260,8667,NOSE,0.8376417756080627,0.27021029591560364,-0.06898251920938492,0.9983140826225281,0.9981688261032104
260,8667,LEFT_EYE_INNER,0.8292181491851807,0.2552565336227417,-0.047068048268556595,0.9971598386764526,0.9972816705703735
260,8667,LEFT_EYE,0.8268471956253052,0.2545957863330841,-0.04710027202963829,0.9970514178276062,0.9975330829620361
260,8667,LEFT_EYE_OUTER,0.8240909576416016,0.25390109419822693,-0.04708259552717209,0.9977238774299622,0.9974285960197449
260,8667,RIGHT_EYE_INNER,0.8292112946510315,0.25568026304244995,-0.11535875499248505,0.997683048248291,0.9973663687705994
260,8667,RIGHT_EYE,0.8273706436157227,0.25541621446609497,-0.11531566083431244,0.9978272914886475,0.9972670078277588
260,8667,RIGHT_EYE_OUTER,0.8252720832824707,0.2553098201751709,-0.11544933170080185,0.9979280233383179,0.9971060156822205
260,8667,LEFT_EAR,0.8031330704689026,0.25804513692855835,0.07794348150491714,0.9952433109283447,0.9979094862937927
260,8667,RIGHT_EAR,0.8060826659202576,0.26003724336624146,-0.2262088805437088,0.9978753328323364,0.9978686571121216
260,8667,MOUTH_LEFT,0.8295889496803284,0.28342586755752563,-0.012975042685866356,0.9967769980430603,0.9988740086555481
260,8667,MOUTH_RIGHT,0.8284381031990051,0.28319841623306274,-0.10125770419836044,0.9977229237556458,0.99896240234375
260,8667,LEFT_SHOULDER,0.7692136764526367,0.33962273597717285,0.31618955731391907,0.9993393421173096,0.9998434782028198
260,8667,RIGHT_SHOULDER,0.7620659470558167,0.34230154752731323,-0.3687669038772583,0.9998584389686584,0.9996646642684937
260,8667,LEFT_ELBOW,0.8694403767585754,0.4347425103187561,0.4448778033256531,0.4471859931945801,0.9987553358078003
260,8667,RIGHT_ELBOW,0.7513502240180969,0.4591105878353119,-0.47206276655197144,0.9556369185447693,0.9972545504570007
260,8667,LEFT_WRIST,0.9893544316291809,0.46665069460868835,0.3767068684101105,0.491548627614975,0.9970459342002869
260,8667,RIGHT_WRIST,0.8003910779953003,0.5701761841773987,-0.4974786043167114,0.7931084036827087,0.9960615038871765
260,8667,LEFT_PINKY,1.0086572170257568,0.46918779611587524,0.3938809335231781,0.46266913414001465,0.9955780506134033
260,8667,RIGHT_PINKY,0.7956607341766357,0.5953930020332336,-0.5534384250640869,0.7405565977096558,0.995713472366333
260,8667,LEFT_INDEX,1.0172243118286133,0.4657759964466095,0.336002379655838,0.4635697305202484,0.9962522387504578
260,8667,RIGHT_INDEX,0.8150604367256165,0.5925554633140564,-0.5434988737106323,0.7272862195968628,0.9951261281967163
260,8667,LEFT_THUMB,1.001765251159668,0.4700514078140259,0.34836459159851074,0.4415910243988037,0.9967489242553711
260,8667,RIGHT_THUMB,0.8131386637687683,0.5852411985397339,-0.49091991782188416,0.6859536170959473,0.9962994456291199
260,8667,LEFT_HIP,0.7329139113426208,0.5585684776306152,0.21418116986751556,0.998194694519043,0.9973419308662415
260,8667,RIGHT_HIP,0.7568575739860535,0.5568854808807373,-0.21406786143779755,0.9976056218147278,0.9959828853607178
260,8667,LEFT_KNEE,0.7296823859214783,0.7101961374282837,0.21634069085121155,0.6014703512191772,0.9962783455848694
260,8667,RIGHT_KNEE,0.8813846111297607,0.6833212971687317,-0.2290908843278885,0.9747328758239746,0.99594646692276
260,8667,LEFT_ANKLE,0.7145497798919678,0.8713058829307556,0.28260537981987,0.7335527539253235,0.9820975661277771
260,8667,RIGHT_ANKLE,0.8074206113815308,0.838972806930542,-0.0859362930059433,0.9529784917831421,0.9851009249687195
260,8667,LEFT_HEEL,0.6943666338920593,0.9035869240760803,0.2823055684566498,0.7841686606407166,0.9677831530570984
260,8667,RIGHT_HEEL,0.7710509300231934,0.889007568359375,-0.07618863135576248,0.9166410565376282,0.9767779111862183
260,8667,LEFT_FOOT_INDEX,0.7996666431427002,0.9042385220527649,0.22816020250320435,0.7632583379745483,0.9687007069587708
260,8667,RIGHT_FOOT_INDEX,0.8875081539154053,0.8892533779144287,-0.1458062380552292,0.9240625500679016,0.9638855457305908
261,8700,NOSE,0.8557921648025513,0.2711601257324219,-0.0405752956867218,0.9984778761863708,0.9993714690208435
261,8700,LEFT_EYE_INNER,0.8480733036994934,0.25612685084342957,-0.013835215009748936,0.9974302649497986,0.9989750385284424
261,8700,LEFT_EYE,0.845941424369812,0.2557501792907715,-0.013869096525013447,0.9973288178443909,0.9990983009338379
261,8700,LEFT_EYE_OUTER,0.843302845954895,0.25519973039627075,-0.013841532170772552,0.9979392290115356,0.9990736246109009
261,8700,RIGHT_EYE_INNER,0.8462408781051636,0.25599855184555054,-0.0846313014626503,0.9979075789451599,0.9988808035850525
261,8700,RIGHT_EYE,0.8433895111083984,0.25562596321105957,-0.0845867395401001,0.9980379343032837,0.9988058805465698
261,8700,RIGHT_EYE_OUTER,0.8401220440864563,0.25542083382606506,-0.08471643924713135,0.9981300830841064,0.9986567497253418
261,8700,LEFT_EAR,0.8208490014076233,0.2591966986656189,0.10815994441509247,0.9956952929496765,0.9993230104446411
261,8700,RIGHT_EAR,0.8175856471061707,0.2604755461215973,-0.19761152565479279,0.9980820417404175,0.9989839196205139
261,8700,MOUTH_LEFT,0.8474546074867249,0.28572535514831543,0.016969265416264534,0.997087299823761,0.9996459484100342
261,8700,MOUTH_RIGHT,0.8444488048553467,0.28501397371292114,-0.07497894763946533,0.9979446530342102,0.9996356964111328
261,8700,LEFT_SHOULDER,0.794384777545929,0.34483838081359863,0.3406294584274292,0.9993906021118164,0.9999579191207886
261,8700,RIGHT_SHOULDER,0.768639862537384,0.3426576256752014,-0.3480606973171234,0.9998681545257568,0.9997112154960632
261,8700,LEFT_ELBOW,0.920082151889801,0.42545515298843384,0.4635421931743622,0.45785632729530334,0.999543309211731
261,8700,RIGHT_ELBOW,0.7558467984199524,0.4597591459751129,-0.44530758261680603,0.957737922668457,0.9970558881759644
261,8700,LEFT_WRIST,1.0328725576400757,0.45006105303764343,0.372192919254303,0.5201612710952759,0.9982420206069946
261,8700,RIGHT_WRIST,0.8000361323356628,0.5711302757263184,-0.45004910230636597,0.8092053532600403,0.9957429766654968
261,8700,LEFT_PINKY,1.0730074644088745,0.446511447429657,0.3815171420574188,0.48398858308792114,0.9964655637741089
261,8700,RIGHT_PINKY,0.7937354445457458,0.5970214009284973,-0.4997602701187134,0.7596457004547119,0.9952074885368347
261,8700,LEFT_INDEX,1.0784752368927002,0.44061189889907837,0.3252958357334137,0.4864799380302429,0.9970728158950806
261,8700,RIGHT_INDEX,0.8136758804321289,0.5939042568206787,-0.5031630396842957,0.7467823028564453,0.9944363832473755
261,8700,LEFT_THUMB,1.0643317699432373,0.4437767267227173,0.3427797853946686,0.46576377749443054,0.9976481795310974
261,8700,RIGHT_THUMB,0.812759518623352,0.5860818028450012,-0.44793370366096497,0.7056165933609009,0.9958186745643616
261,8700,LEFT_HIP,0.7490553259849548,0.5586425065994263,0.21265839040279388,0.9981406927108765,0.9991994500160217
261,8700,RIGHT_HIP,0.7660508751869202,0.5566741228103638,-0.21263912320137024,0.9974415898323059,0.9980663657188416
261,8700,LEFT_KNEE,0.7319447994232178,0.71393883228302,0.20947691798210144,0.6046692728996277,0.9990973472595215
261,8700,RIGHT_KNEE,0.8955650925636292,0.6811302900314331,-0.24448686838150024,0.976514995098114,0.9983733892440796
261,8700,LEFT_ANKLE,0.7136442065238953,0.8790736794471741,0.23581014573574066,0.7358289361000061,0.9954942464828491
261,8700,RIGHT_ANKLE,0.8474865555763245,0.8494372367858887,-0.13257355988025665,0.9561018943786621,0.9949023723602295
261,8700,LEFT_HEEL,0.6904764771461487,0.9111781716346741,0.23089644312858582,0.7892271280288696,0.9909681677818298
261,8700,RIGHT_HEEL,0.8097637295722961,0.889869213104248,-0.12591809034347534,0.920895516872406,0.9919850826263428
261,8700,LEFT_FOOT_INDEX,0.7945927977561951,0.9108017683029175,0.16571643948554993,0.768183708190918,0.9885473251342773
261,8700,RIGHT_FOOT_INDEX,0.9322900772094727,0.891933262348175,-0.18386903405189514,0.9286212921142578,0.9845805764198303
262,8733,NOSE,0.8709009289741516,0.27136698365211487,-0.0832643061876297,0.9986244440078735,0.9992790818214417
262,8733,LEFT_EYE_INNER,0.8627561926841736,0.25659745931625366,-0.05781339481472969,0.9976707696914673,0.998761773109436
262,8733,LEFT_EYE,0.8598235845565796,0.25613880157470703,-0.057825006544589996,0.9975747466087341,0.998908519744873
262,8733,LEFT_EYE_OUTER,0.8565276861190796,0.25554323196411133,-0.05777772143483162,0.9981288313865662,0.9988710284233093
262,8733,RIGHT_EYE_INNER,0.8622034788131714,0.25665366649627686,-0.12738308310508728,0.998108446598053,0.9986565113067627
262,8733,RIGHT_EYE,0.8593938946723938,0.25634437799453735,-0.12733326852321625,0.9982263445854187,0.9985685348510742
262,8733,RIGHT_EYE_OUTER,0.856157124042511,0.25618016719818115,-0.12744595110416412,0.9983106851577759,0.9983691573143005
262,8733,LEFT_EAR,0.8311508893966675,0.2595156729221344,0.08024292439222336,0.9960950613021851,0.9991492033004761
262,8733,RIGHT_EAR,0.8292348384857178,0.2611444592475891,-0.23410755395889282,0.9982671141624451,0.9987543821334839
262,8733,MOUTH_LEFT,0.8604010343551636,0.2863796055316925,-0.02378973737359047,0.9973633289337158,0.99955815076828
262,8733,MOUTH_RIGHT,0.859368085861206,0.2855451703071594,-0.11463374644517899,0.9981433749198914,0.9995598196983337
262,8733,LEFT_SHOULDER,0.8045699596405029,0.3448179364204407,0.310781329870224,0.9994298815727234,0.9999518394470215
262,8733,RIGHT_SHOULDER,0.7835384607315063,0.3430444002151489,-0.3636445701122284,0.9998756647109985,0.9996142387390137
262,8733,LEFT_ELBOW,0.9413710236549377,0.4106105864048004,0.43651583790779114,0.4640693664550781,0.9996827840805054
262,8733,RIGHT_ELBOW,0.7717527151107788,0.459798663854599,-0.4609591066837311,0.9577915072441101,0.997448205947876
262,8733,LEFT_WRIST,1.0455827713012695,0.43008556962013245,0.34848758578300476,0.543639063835144,0.9985799789428711
262,8733,RIGHT_WRIST,0.7998683452606201,0.5737209320068359,-0.45143523812294006,0.8208860158920288,0.9957193732261658
262,8733,LEFT_PINKY,1.0943142175674438,0.43279972672462463,0.3562643527984619,0.5004775524139404,0.9971277117729187
262,8733,RIGHT_PINKY,0.7942352294921875,0.6013105511665344,-0.49644705653190613,0.7737537026405334,0.9952484965324402
262,8733,LEFT_INDEX,1.1009883880615234,0.42959558963775635,0.2938964366912842,0.5045002102851868,0.9975482821464539
262,8733,RIGHT_INDEX,0.8136315941810608,0.5997254848480225,-0.5016900897026062,0.7610604166984558,0.9944896697998047
262,8733,LEFT_THUMB,1.0868089199066162,0.43370625376701355,0.31462085247039795,0.48564016819000244,0.9979572296142578
262,8733,RIGHT_THUMB,0.8131200075149536,0.5888683795928955,-0.4499823749065399,0.719551146030426,0.9958206415176392
262,8733,LEFT_HIP,0.7589961886405945,0.5601729154586792,0.21047374606132507,0.9981817603111267,0.9996558427810669
262,8733,RIGHT_HIP,0.7852960824966431,0.5570541024208069,-0.21059603989124298,0.9974823594093323,0.9990373849868774
262,8733,LEFT_KNEE,0.7411901354789734,0.7186300158500671,0.21189609169960022,0.6281244158744812,0.9997319579124451
262,8733,RIGHT_KNEE,0.9065139889717102,0.6822428703308105,-0.2170117050409317,0.978446364402771,0.9992066025733948
262,8733,LEFT_ANKLE,0.7136366963386536,0.8807412981987,0.2584848999977112,0.7541204690933228,0.9987297654151917
262,8733,RIGHT_ANKLE,0.8953709006309509,0.8563762307167053,-0.09234259277582169,0.9598716497421265,0.9978098273277283
262,8733,LEFT_HEEL,0.6911519169807434,0.9107325673103333,0.257006973028183,0.8044494390487671,0.9970594048500061
262,8733,RIGHT_HEEL,0.8746255040168762,0.8897554874420166,-0.0844760611653328,0.9266067147254944,0.9964519739151001
262,8733,LEFT_FOOT_INDEX,0.793937623500824,0.9099372029304504,0.19427703320980072,0.7825620770454407,0.9954864382743835
262,8733,RIGHT_FOOT_INDEX,0.9765787124633789,0.8938525915145874,-0.14323724806308746,0.9341853857040405,0.9916239380836487
263,8767,NOSE,0.8838189840316772,0.2731477916240692,-0.12149634212255478,0.9987587928771973,0.9996160268783569
263,8767,LEFT_EYE_INNER,0.8772318959236145,0.2578887641429901,-0.09329761564731598,0.997894287109375,0.9993320107460022
263,8767,LEFT_EYE,0.8748745918273926,0.2575797438621521,-0.09330690652132034,0.9978041052818298,0.9993925094604492
263,8767,LEFT_EYE_OUTER,0.8718889951705933,0.25711676478385925,-0.09327487647533417,0.9983063340187073,0.9993590712547302
263,8767,RIGHT_EYE_INNER,0.8754101395606995,0.25765958428382874,-0.16446450352668762,0.9982932806015015,0.9993234872817993
263,8767,RIGHT_EYE,0.8720962405204773,0.257231205701828,-0.16444458067417145,0.9983993768692017,0.9992974996566772
263,8767,RIGHT_EYE_OUTER,0.8681607842445374,0.25689977407455444,-0.16455429792404175,0.9984764456748962,0.9992121458053589
263,8767,LEFT_EAR,0.8452117443084717,0.2610674798488617,0.05561627075076103,0.9964653849601746,0.9995356798171997
263,8767,RIGHT_EAR,0.8401139378547668,0.26167213916778564,-0.26666995882987976,0.9984371066093445,0.9994158744812012
263,8767,MOUTH_LEFT,0.8741523623466492,0.28896260261535645,-0.05878835543990135,0.9976189732551575,0.9997197985649109
263,8767,MOUTH_RIGHT,0.8718115091323853,0.2882484793663025,-0.15163744986057281,0.9983258247375488,0.9997356534004211
263,8767,LEFT_SHOULDER,0.8359567523002625,0.34565216302871704,0.2786310017108917,0.9994674921035767,0.9999589920043945
263,8767,RIGHT_SHOULDER,0.8017555475234985,0.34764426946640015,-0.38550233840942383,0.9998828172683716,0.9997076392173767
263,8767,LEFT_ELBOW,0.9552285075187683,0.4024713933467865,0.4301692843437195,0.4738750457763672,0.9997710585594177
263,8767,RIGHT_ELBOW,0.7788441181182861,0.4607485234737396,-0.48350465297698975,0.9591150283813477,0.9980728626251221
263,8767,LEFT_WRIST,1.0521459579467773,0.4115050733089447,0.34487825632095337,0.5676443576812744,0.9990781545639038
263,8767,RIGHT_WRIST,0.8007286787033081,0.5772865414619446,-0.4745049774646759,0.832048237323761,0.9975529313087463
263,8767,LEFT_PINKY,1.101250171661377,0.41566064953804016,0.3503902852535248,0.5179089307785034,0.9978122711181641
263,8767,RIGHT_PINKY,0.7946752905845642,0.6069179773330688,-0.5175815224647522,0.7868004441261292,0.9968144297599792
263,8767,LEFT_INDEX,1.1061508655548096,0.41311585903167725,0.29076501727104187,0.5232446193695068,0.9980792999267578
263,8767,RIGHT_INDEX,0.8147449493408203,0.6070911884307861,-0.5314438939094543,0.7744781374931335,0.9963443875312805
263,8767,LEFT_THUMB,1.0921262502670288,0.41793450713157654,0.31028592586517334,0.5060628056526184,0.9985432624816895
263,8767,RIGHT_THUMB,0.8150489330291748,0.5954235792160034,-0.4760001301765442,0.7331148982048035,0.9973090887069702
263,8767,LEFT_HIP,0.7907796502113342,0.5624575018882751,0.2072010040283203,0.9981836676597595,0.999754011631012
263,8767,RIGHT_HIP,0.8033937811851501,0.5598360300064087,-0.2073448747396469,0.9974935054779053,0.9993081092834473
263,8767,LEFT_KNEE,0.751562774181366,0.7222775220870972,0.20633363723754883,0.6430668234825134,0.9996891021728516
263,8767,RIGHT_KNEE,0.913184642791748,0.6842831969261169,-0.20687167346477509,0.9797912240028381,0.9991618394851685
263,8767,LEFT_ANKLE,0.7146837115287781,0.88182532787323,0.25812143087387085,0.767021656036377,0.9984246492385864
263,8767,RIGHT_ANKLE,0.9370519518852234,0.8661560416221619,-0.10367824882268906,0.962860643863678,0.9967496395111084
263,8767,LEFT_HEEL,0.6918091773986816,0.910534143447876,0.25601333379745483,0.8148424625396729,0.9963167905807495
263,8767,RIGHT_HEEL,0.9163428544998169,0.8997859954833984,-0.09628839045763016,0.9308575391769409,0.9942521452903748
263,8767,LEFT_FOOT_INDEX,0.8013296723365784,0.9111009240150452,0.18223053216934204,0.793336033821106,0.9936362504959106
263,8767,RIGHT_FOOT_INDEX,1.0299493074417114,0.8954322338104248,-0.15014471113681793,0.9384823441505432,0.9863873720169067
264,8800,NOSE,0.8985623121261597,0.27582958340644836,-0.13866578042507172,0.9988805055618286,0.9994364380836487
264,8800,LEFT_EYE_INNER,0.8904703259468079,0.26022082567214966,-0.11035456508398056,0.9980977177619934,0.9990680813789368
264,8800,LEFT_EYE,0.888274073600769,0.2599448263645172,-0.11038535088300705,0.9980139136314392,0.999142050743103
264,8800,LEFT_EYE_OUTER,0.8857406973838806,0.2595251798629761,-0.11038769036531448,0.9984683394432068,0.9990875720977783
264,8800,RIGHT_EYE_INNER,0.8861835598945618,0.26005804538726807,-0.17589180171489716,0.9984607696533203,0.9990862607955933
264,8800,RIGHT_EYE,0.8815939426422119,0.2596559524536133,-0.17586639523506165,0.9985564351081848,0.9990643858909607
264,8800,RIGHT_EYE_OUTER,0.8765943050384521,0.25929394364356995,-0.17593221366405487,0.9986266493797302,0.9989802241325378
264,8800,LEFT_EAR,0.8599071502685547,0.26356565952301025,0.03473600372672081,0.9968054890632629,0.9993933439254761
264,8800,RIGHT_EAR,0.8499073386192322,0.2640255093574524,-0.26178061962127686,0.9985912442207336,0.9992877840995789
264,8800,MOUTH_LEFT,0.8895369172096252,0.2915084958076477,-0.07854911684989929,0.9978516101837158,0.9995610117912292
264,8800,MOUTH_RIGHT,0.8845797777175903,0.29105210304260254,-0.1635953187942505,0.9984910488128662,0.9995934367179871
264,8800,LEFT_SHOULDER,0.8609547019004822,0.34571734070777893,0.2353050708770752,0.9994903802871704,0.9999216794967651
264,8800,RIGHT_SHOULDER,0.8048462271690369,0.3535749614238739,-0.37227022647857666,0.9998889565467834,0.9996380805969238
264,8800,LEFT_ELBOW,0.9636568427085876,0.3971686363220215,0.4078073799610138,0.47600847482681274,0.9996633529663086
264,8800,RIGHT_ELBOW,0.7803872227668762,0.4646109640598297,-0.4760475158691406,0.9613918662071228,0.9972598552703857
264,8800,LEFT_WRIST,1.0563042163848877,0.4063739776611328,0.35231849551200867,0.5814443230628967,0.9980854988098145
264,8800,RIGHT_WRIST,0.8000116944313049,0.5804228782653809,-0.5079372525215149,0.8427118062973022,0.9960151314735413
264,8800,LEFT_PINKY,1.1055915355682373,0.41310927271842957,0.36164265871047974,0.5251979231834412,0.9953346848487854
264,8800,RIGHT_PINKY,0.7946804165840149,0.6115432977676392,-0.5532520413398743,0.7990038394927979,0.9946274161338806
264,8800,LEFT_INDEX,1.10869562625885,0.41178175806999207,0.3064101040363312,0.5319070219993591,0.9958499670028687
264,8800,RIGHT_INDEX,0.8162301778793335,0.6106545925140381,-0.5721868276596069,0.7870623469352722,0.9938754439353943
264,8800,LEFT_THUMB,1.0951300859451294,0.4155755043029785,0.3228437602519989,0.517156183719635,0.9968822002410889
264,8800,RIGHT_THUMB,0.8184459805488586,0.5998314619064331,-0.5126616954803467,0.7460771799087524,0.9955379962921143
264,8800,LEFT_HIP,0.8235993385314941,0.5622609853744507,0.18325769901275635,0.9981250762939453,0.9996398687362671
264,8800,RIGHT_HIP,0.8206603527069092,0.5607405304908752,-0.18329770863056183,0.9974865913391113,0.9990838766098022
264,8800,LEFT_KNEE,0.75949627161026,0.7244985699653625,0.15250824391841888,0.6534261107444763,0.9993826150894165
264,8800,RIGHT_KNEE,0.9166532158851624,0.6875799894332886,-0.19107569754123688,0.9806320667266846,0.9983996748924255
264,8800,LEFT_ANKLE,0.7186798453330994,0.8817023634910583,0.18745917081832886,0.7763832807540894,0.9954413175582886
264,8800,RIGHT_ANKLE,0.967963695526123,0.873091995716095,-0.13864333927631378,0.9646641612052917,0.9865856170654297
264,8800,LEFT_HEEL,0.6954741477966309,0.9106730818748474,0.18308579921722412,0.8226527571678162,0.9884464740753174
264,8800,RIGHT_HEEL,0.9525385499000549,0.9038146734237671,-0.1444176286458969,0.9330298900604248,0.9751498103141785
264,8800,LEFT_FOOT_INDEX,0.8040755987167358,0.9122009873390198,0.08259950578212738,0.8009056448936462,0.9777860045433044
264,8800,RIGHT_FOOT_INDEX,1.0664997100830078,0.899187445640564,-0.26990631222724915,0.94037926197052,0.9402819871902466
265,8833,NOSE,0.9102786779403687,0.278214693069458,-0.19051113724708557,0.9989905953407288,0.9997020363807678
265,8833,LEFT_EYE_INNER,0.9035632610321045,0.26304706931114197,-0.16116350889205933,0.9982821345329285,0.9994767308235168
265,8833,LEFT_EYE,0.9019747972488403,0.262715607881546,-0.16117817163467407,0.9982044696807861,0.9995089769363403
265,8833,LEFT_EYE_OUTER,0.899971067905426,0.26218071579933167,-0.16119015216827393,0.9986152648925781,0.999467670917511
265,8833,RIGHT_EYE_INNER,0.8980271816253662,0.263140469789505,-0.2252746969461441,0.9986124038696289,0.9995317459106445
265,8833,RIGHT_EYE,0.892909824848175,0.26284319162368774,-0.22526465356349945,0.9986985921859741,0.9995392560958862
265,8833,RIGHT_EYE_OUTER,0.8873454332351685,0.2624708414077759,-0.2252870351076126,0.9987624883651733,0.9995154142379761
265,8833,LEFT_EAR,0.8758278489112854,0.2661638557910919,-0.012361984699964523,0.9971126317977905,0.9996291399002075
265,8833,RIGHT_EAR,0.8601811528205872,0.26764580607414246,-0.302010178565979,0.9987307786941528,0.9996942281723022
265,8833,MOUTH_LEFT,0.9032513499259949,0.29274749755859375,-0.12949199974536896,0.9980629086494446,0.9997515082359314
265,8833,MOUTH_RIGHT,0.897119402885437,0.29244229197502136,-0.21278078854084015,0.9986406564712524,0.9998142123222351
265,8833,LEFT_SHOULDER,0.8815608024597168,0.3459939956665039,0.18741770088672638,0.9995170831680298,0.9999333620071411
265,8833,RIGHT_SHOULDER,0.810703456401825,0.35940468311309814,-0.39577460289001465,0.9998975396156311,0.9998645782470703
265,8833,LEFT_ELBOW,0.973511815071106,0.39514753222465515,0.35592198371887207,0.48558440804481506,0.9995774626731873
265,8833,RIGHT_ELBOW,0.7804107666015625,0.472643107175827,-0.5001811385154724,0.9645161628723145,0.9979642629623413
265,8833,LEFT_WRIST,1.075844168663025,0.4078957140445709,0.328659325838089,0.5914787650108337,0.9973520040512085
265,8833,RIGHT_WRIST,0.7963100075721741,0.5875716805458069,-0.5368230938911438,0.8541988730430603,0.9966551065444946
265,8833,LEFT_PINKY,1.119283676147461,0.4143374562263489,0.33975282311439514,0.528609037399292,0.9939591884613037
265,8833,RIGHT_PINKY,0.7940123081207275,0.6176480054855347,-0.580310046672821,0.8115867376327515,0.9954081177711487
265,8833,LEFT_INDEX,1.1218783855438232,0.4128972887992859,0.28856635093688965,0.5366585850715637,0.9946600794792175
265,8833,RIGHT_INDEX,0.8166633248329163,0.6167118549346924,-0.5998890399932861,0.8002279996871948,0.9947758913040161
265,8833,LEFT_THUMB,1.1088411808013916,0.416959285736084,0.30164211988449097,0.5245427489280701,0.9959511756896973
265,8833,RIGHT_THUMB,0.8182063102722168,0.6053277254104614,-0.5417138338088989,0.7601906657218933,0.9962527751922607
265,8833,LEFT_HIP,0.8417986631393433,0.5619871020317078,0.17799995839595795,0.9980109333992004,0.9994619488716125
265,8833,RIGHT_HIP,0.831685483455658,0.5608811378479004,-0.17805233597755432,0.9975122809410095,0.9990406632423401
265,8833,LEFT_KNEE,0.77015620470047,0.7244100570678711,0.17853687703609467,0.6599644422531128,0.9995005130767822
265,8833,RIGHT_KNEE,0.9223085641860962,0.6890119314193726,-0.19570784270763397,0.9817401766777039,0.9991670846939087
265,8833,LEFT_ANKLE,0.7225398421287537,0.8801592588424683,0.2546078562736511,0.7868493795394897,0.9961676001548767
265,8833,RIGHT_ANKLE,0.9841073751449585,0.8730635643005371,-0.16637875139713287,0.9669110178947449,0.9911900758743286
265,8833,LEFT_HEEL,0.6981563568115234,0.9098716378211975,0.2535902261734009,0.8296767473220825,0.990097165107727
265,8833,RIGHT_HEEL,0.9738608598709106,0.9041628837585449,-0.17404736578464508,0.9362151622772217,0.9817968606948853
265,8833,LEFT_FOOT_INDEX,0.8039921522140503,0.9111348986625671,0.1437019407749176,0.8086028099060059,0.9798153638839722
265,8833,RIGHT_FOOT_INDEX,1.0854389667510986,0.8996326923370361,-0.3216225504875183,0.9432076215744019,0.9509894847869873
266,8867,NOSE,0.9226056337356567,0.28065764904022217,-0.16815119981765747,0.9990876913070679,0.9994804263114929
266,8867,LEFT_EYE_INNER,0.9174259305000305,0.2667868435382843,-0.13826638460159302,0.9984433054924011,0.999068558216095
266,8867,LEFT_EYE,0.9163056015968323,0.26651978492736816,-0.13830463588237762,0.9983680248260498,0.9991063475608826
266,8867,LEFT_EYE_OUTER,0.9145845770835876,0.26605042815208435,-0.13833452761173248,0.9987413287162781,0.9990171194076538
266,8867,RIGHT_EYE_INNER,0.9115287661552429,0.26708465814590454,-0.20113115012645721,0.9987470507621765,0.9992187023162842
266,8867,RIGHT_EYE,0.9061679840087891,0.26688939332962036,-0.20112042129039764,0.9988246560096741,0.9992477893829346
266,8867,RIGHT_EYE_OUTER,0.900031328201294,0.26656535267829895,-0.20119649171829224,0.9988836646080017,0.9992343187332153
266,8867,LEFT_EAR,0.8886510133743286,0.26922646164894104,0.009696448221802711,0.997372031211853,0.9993299245834351
266,8867,RIGHT_EAR,0.8719707131385803,0.2713790833950043,-0.274441659450531,0.9988555312156677,0.9995579123497009
266,8867,MOUTH_LEFT,0.9166375994682312,0.29426151514053345,-0.10724989324808121,0.9982490539550781,0.9995856881141663
266,8867,MOUTH_RIGHT,0.9098280668258667,0.2940109372138977,-0.18894127011299133,0.9987741112709045,0.9997227787971497
266,8867,LEFT_SHOULDER,0.8999831080436707,0.3475176990032196,0.20633341372013092,0.9995244145393372,0.9998712539672852
266,8867,RIGHT_SHOULDER,0.8207416534423828,0.3600473999977112,-0.3769570291042328,0.999904215335846,0.9998400211334229
266,8867,LEFT_ELBOW,0.9852909445762634,0.3984215557575226,0.3555756211280823,0.4845598340034485,0.9990866184234619
266,8867,RIGHT_ELBOW,0.7830036878585815,0.47280353307724,-0.4717511236667633,0.9670223593711853,0.9972405433654785
266,8867,LEFT_WRIST,1.0934339761734009,0.40335479378700256,0.3244248926639557,0.5940804481506348,0.993300199508667
266,8867,RIGHT_WRIST,0.7943404316902161,0.58684903383255,-0.4920850992202759,0.8633208870887756,0.9946672916412354
266,8867,LEFT_PINKY,1.1241711378097534,0.4020282030105591,0.33528366684913635,0.5239703059196472,0.9859247803688049
266,8867,RIGHT_PINKY,0.7918984293937683,0.6168158650398254,-0.5297777056694031,0.8209316730499268,0.9923807978630066
266,8867,LEFT_INDEX,1.1268305778503418,0.4003147780895233,0.2886403799057007,0.5330101847648621,0.9868157505989075
266,8867,RIGHT_INDEX,0.8145274519920349,0.6164169311523438,-0.548899233341217,0.8101352453231812,0.9913161993026733
266,8867,LEFT_THUMB,1.1141436100006104,0.4050321877002716,0.29968440532684326,0.5234125256538391,0.989791214466095
266,8867,RIGHT_THUMB,0.8175919055938721,0.6052719354629517,-0.4962475001811981,0.770586371421814,0.9938992261886597
266,8867,LEFT_HIP,0.8561489582061768,0.5617895126342773,0.17032179236412048,0.9977696537971497,0.9989857077598572
266,8867,RIGHT_HIP,0.839148759841919,0.560785174369812,-0.1704307347536087,0.9974564909934998,0.99853515625
266,8867,LEFT_KNEE,0.7824362516403198,0.7230791449546814,0.17870759963989258,0.6623178720474243,0.9990450739860535
266,8867,RIGHT_KNEE,0.9215075373649597,0.6963255405426025,-0.20028726756572723,0.9817270040512085,0.9987590312957764
266,8867,LEFT_ANKLE,0.7266568541526794,0.8792621493339539,0.25738584995269775,0.7947007417678833,0.9934139847755432
266,8867,RIGHT_ANKLE,0.9920715093612671,0.8714249730110168,-0.19786758720874786,0.9678623676300049,0.9879382252693176
266,8867,LEFT_HEEL,0.69865483045578,0.9101648330688477,0.25631633400917053,0.8319087028503418,0.9840023517608643
266,8867,RIGHT_HEEL,0.9812145233154297,0.9018450975418091,-0.20660996437072754,0.9374392032623291,0.9747071862220764
266,8867,LEFT_FOOT_INDEX,0.8054887652397156,0.9128390550613403,0.14402595162391663,0.8129185438156128,0.9653270244598389
266,8867,RIGHT_FOOT_INDEX,1.0808964967727661,0.9028091430664062,-0.37421414256095886,0.9444222450256348,0.9285054206848145
267,8900,NOSE,0.9351049661636353,0.2829511761665344,-0.22935153543949127,0.999176561832428,0.9993438124656677
267,8900,LEFT_EYE_INNER,0.9287146925926208,0.27026498317718506,-0.19697415828704834,0.9985933899879456,0.9988828301429749
267,8900,LEFT_EYE,0.9271243810653687,0.26999813318252563,-0.19699610769748688,0.998521625995636,0.9987643957138062
267,8900,LEFT_EYE_OUTER,0.9249845743179321,0.26948872208595276,-0.19703973829746246,0.9988595843315125,0.998490571975708
267,8900,RIGHT_EYE_INNER,0.9235566258430481,0.27039146423339844,-0.2585623860359192,0.9988705515861511,0.9993253946304321
267,8900,RIGHT_EYE,0.91841059923172,0.2700480818748474,-0.25858283042907715,0.9989404082298279,0.9994068145751953
267,8900,RIGHT_EYE_OUTER,0.912621259689331,0.2694914937019348,-0.2586973309516907,0.9989942908287048,0.999450147151947
267,8900,LEFT_EAR,0.8994288444519043,0.27328628301620483,-0.03218323364853859,0.9976183772087097,0.9988377690315247
267,8900,RIGHT_EAR,0.883191704750061,0.27513182163238525,-0.3094133734703064,0.998969316482544,0.9997385144233704
267,8900,MOUTH_LEFT,0.9280164241790771,0.29631486535072327,-0.1627136617898941,0.9984198808670044,0.9991318583488464
267,8900,MOUTH_RIGHT,0.9219487309455872,0.2961869537830353,-0.24257124960422516,0.9988956451416016,0.9996291399002075
267,8900,LEFT_SHOULDER,0.9108471870422363,0.3508085608482361,0.1888055056333542,0.9994609951972961,0.9989742040634155
267,8900,RIGHT_SHOULDER,0.8316628932952881,0.36377277970314026,-0.3903488516807556,0.9999106526374817,0.9998123049736023
267,8900,LEFT_ELBOW,0.99667888879776,0.4013141095638275,0.3430560529232025,0.46272924542427063,0.9936553239822388
267,8900,RIGHT_ELBOW,0.7941607236862183,0.47493404150009155,-0.474202960729599,0.9690282940864563,0.9951399564743042
267,8900,LEFT_WRIST,1.0596904754638672,0.3746454119682312,0.33000555634498596,0.5617531538009644,0.9818650484085083
267,8900,RIGHT_WRIST,0.7943615913391113,0.593810498714447,-0.48922106623649597,0.8681179285049438,0.990764856338501
267,8900,LEFT_PINKY,1.0782361030578613,0.3657050132751465,0.344436913728714,0.49063894152641296,0.9739631414413452
267,8900,RIGHT_PINKY,0.7913662195205688,0.624956488609314,-0.5240017175674438,0.8240506649017334,0.9871931672096252
267,8900,LEFT_INDEX,1.0788294076919556,0.3635123670101166,0.3200277090072632,0.49855417013168335,0.974115788936615
267,8900,RIGHT_INDEX,0.8140451312065125,0.6247453689575195,-0.5437742471694946,0.8133099675178528,0.9852755069732666
267,8900,LEFT_THUMB,1.0707637071609497,0.3696247935295105,0.31395986676216125,0.4905703365802765,0.9773014187812805
267,8900,RIGHT_THUMB,0.8171926140785217,0.6132650971412659,-0.492904394865036,0.7732571959495544,0.9894089698791504
267,8900,LEFT_HIP,0.8673821091651917,0.5622643828392029,0.17112940549850464,0.997423529624939,0.9976084232330322
267,8900,RIGHT_HIP,0.8505167961120605,0.5614023804664612,-0.17126551270484924,0.9974143505096436,0.9979884624481201
267,8900,LEFT_KNEE,0.7924612164497375,0.7235345840454102,0.18365459144115448,0.6583376526832581,0.997156023979187
267,8900,RIGHT_KNEE,0.9241953492164612,0.7093690633773804,-0.20011763274669647,0.9804145097732544,0.9973739385604858
267,8900,LEFT_ANKLE,0.7294081449508667,0.8788024187088013,0.2837190330028534,0.7998369336128235,0.9853060245513916
267,8900,RIGHT_ANKLE,0.9980584383010864,0.8747439980506897,-0.18145039677619934,0.9672559499740601,0.9766339659690857
267,8900,LEFT_HEEL,0.7001193165779114,0.9093633890151978,0.2837871015071869,0.8310153484344482,0.9652180671691895
267,8900,RIGHT_HEEL,0.9890657663345337,0.910503625869751,-0.1869572550058365,0.9373968839645386,0.9506255388259888
267,8900,LEFT_FOOT_INDEX,0.8080204725265503,0.913394570350647,0.1608143001794815,0.8154880404472351,0.9283875226974487
267,8900,RIGHT_FOOT_INDEX,1.0813281536102295,0.9177466630935669,-0.3558151423931122,0.9430468678474426,0.8807409405708313
268,8933,NOSE,0.9418327212333679,0.28726616501808167,-0.2602280378341675,0.9992573857307434,0.9996786117553711
268,8933,LEFT_EYE_INNER,0.9361910223960876,0.27563509345054626,-0.22361238300800323,0.9987305998802185,0.9993734955787659
268,8933,LEFT_EYE,0.9352214336395264,0.27553901076316833,-0.22360090911388397,0.9986628890037537,0.9992192983627319
268,8933,LEFT_EYE_OUTER,0.9338241219520569,0.27525192499160767,-0.2236165553331375,0.9989681243896484,0.9989452958106995
268,8933,RIGHT_EYE_INNER,0.9301410913467407,0.27538177371025085,-0.2788870930671692,0.9989824295043945,0.99970942735672
268,8933,RIGHT_EYE,0.9250710606575012,0.27502310276031494,-0.27891021966934204,0.9990452527999878,0.9997590184211731
268,8933,RIGHT_EYE_OUTER,0.9194304347038269,0.2745133936405182,-0.27905794978141785,0.9990943074226379,0.9997861981391907
268,8933,LEFT_EAR,0.9124085903167725,0.27911093831062317,-0.0377584844827652,0.9978431463241577,0.9990662932395935
268,8933,RIGHT_EAR,0.892313539981842,0.28076839447021484,-0.29001376032829285,0.9990720152854919,0.9998998641967773
268,8933,MOUTH_LEFT,0.935670018196106,0.3003043234348297,-0.1861686408519745,0.9985743165016174,0.999355137348175
268,8933,MOUTH_RIGHT,0.9283542037010193,0.30016595125198364,-0.25778648257255554,0.9990053176879883,0.9997995495796204
268,8933,LEFT_SHOULDER,0.921899676322937,0.3548259735107422,0.20337717235088348,0.9993785619735718,0.9980986714363098
268,8933,RIGHT_SHOULDER,0.8430455327033997,0.36727917194366455,-0.37821224331855774,0.9999176859855652,0.9999141693115234
268,8933,LEFT_ELBOW,0.9951291084289551,0.40290048718452454,0.3504418730735779,0.43863168358802795,0.9914699196815491
268,8933,RIGHT_ELBOW,0.801652729511261,0.4773099720478058,-0.45481911301612854,0.9710263013839722,0.9982215762138367
268,8933,LEFT_WRIST,1.0349793434143066,0.35735270380973816,0.3498326241970062,0.534412682056427,0.9900581240653992
268,8933,RIGHT_WRIST,0.7938143014907837,0.5965655446052551,-0.4750618040561676,0.8757774829864502,0.9969032406806946
268,8933,LEFT_PINKY,1.0530389547348022,0.34326332807540894,0.36711975932121277,0.4623127281665802,0.9873126149177551
268,8933,RIGHT_PINKY,0.7878992557525635,0.6254717111587524,-0.5091956257820129,0.831367015838623,0.994543194770813
268,8933,LEFT_INDEX,1.0567758083343506,0.3398933708667755,0.3604661822319031,0.4683133363723755,0.9870911836624146
268,8933,RIGHT_INDEX,0.8094264268875122,0.6284831166267395,-0.5285263061523438,0.8209018707275391,0.9940487146377563
268,8933,LEFT_THUMB,1.0465881824493408,0.3474482595920563,0.34257638454437256,0.46067699790000916,0.9887024164199829
268,8933,RIGHT_THUMB,0.8149456977844238,0.6170771718025208,-0.4785955548286438,0.7817755937576294,0.9960544109344482
268,8933,LEFT_HIP,0.8749760389328003,0.5661612749099731,0.17062990367412567,0.9972692728042603,0.9979202151298523
268,8933,RIGHT_HIP,0.8558216094970703,0.5651823282241821,-0.17082816362380981,0.9975058436393738,0.9989782571792603
268,8933,LEFT_KNEE,0.8057637214660645,0.7228189706802368,0.1825345903635025,0.6447508931159973,0.9967533946037292
268,8933,RIGHT_KNEE,0.9274951815605164,0.7136746644973755,-0.19955949485301971,0.976202130317688,0.998272180557251
268,8933,LEFT_ANKLE,0.7312052249908447,0.8787089586257935,0.27562862634658813,0.8007978200912476,0.9891140460968018
268,8933,RIGHT_ANKLE,0.9977399110794067,0.8788366317749023,-0.17372329533100128,0.964695155620575,0.9849486947059631
268,8933,LEFT_HEEL,0.6994814872741699,0.9076213240623474,0.2750242054462433,0.8277884125709534,0.9754584431648254
268,8933,RIGHT_HEEL,0.9826957583427429,0.9155689477920532,-0.17726537585258484,0.936079204082489,0.9673956632614136
268,8933,LEFT_FOOT_INDEX,0.8089945316314697,0.9128385186195374,0.15889622271060944,0.8160654902458191,0.9498875737190247
268,8933,RIGHT_FOOT_INDEX,1.075175404548645,0.9254231452941895,-0.3442157804965973,0.9399740099906921,0.9272684454917908
269,8967,NOSE,0.9557980895042419,0.2903824746608734,-0.28455621004104614,0.9993029832839966,0.998666524887085
269,8967,LEFT_EYE_INNER,0.9485002160072327,0.27807095646858215,-0.25599178671836853,0.9988042712211609,0.998116135597229
269,8967,LEFT_EYE,0.9474196434020996,0.2777153551578522,-0.256069540977478,0.9987208247184753,0.9979979395866394
269,8967,LEFT_EYE_OUTER,0.9459449052810669,0.2771306037902832,-0.2560882866382599,0.9990200996398926,0.9977715611457825
269,8967,RIGHT_EYE_INNER,0.9426256418228149,0.27835220098495483,-0.3153326213359833,0.999055802822113,0.9986498951911926
269,8967,RIGHT_EYE,0.9374977946281433,0.2781514823436737,-0.3153811991214752,0.9991106390953064,0.9987819790840149
269,8967,RIGHT_EYE_OUTER,0.9317889213562012,0.27780404686927795,-0.31549662351608276,0.9991676211357117,0.9988638162612915
269,8967,LEFT_EAR,0.9229732751846313,0.2807498872280121,-0.09939669817686081,0.997944176197052,0.9980255365371704
269,8967,RIGHT_EAR,0.9038681387901306,0.28471580147743225,-0.3646612763404846,0.9991452097892761,0.9991825222969055
269,8967,MOUTH_LEFT,0.949859082698822,0.303315669298172,-0.22037628293037415,0.9986922144889832,0.9986401200294495
269,8967,MOUTH_RIGHT,0.942314863204956,0.3039873540401459,-0.29662883281707764,0.9990929961204529,0.9991196990013123
269,8967,LEFT_SHOULDER,0.9328848123550415,0.3553690016269684,0.1196349635720253,0.9993025660514832,0.999153733253479
269,8967,RIGHT_SHOULDER,0.8564845323562622,0.37373220920562744,-0.43879827857017517,0.9999223947525024,0.9998606443405151
269,8967,LEFT_ELBOW,0.9630886316299438,0.44740715622901917,0.25755587220191956,0.4029610753059387,0.9973593354225159
269,8967,RIGHT_ELBOW,0.8091694116592407,0.48046618700027466,-0.5084242820739746,0.9730886816978455,0.9989925026893616
269,8967,LEFT_WRIST,0.9983338713645935,0.506679117679596,0.18916654586791992,0.49718666076660156,0.9941046833992004
269,8967,RIGHT_WRIST,0.791234016418457,0.5949334502220154,-0.5572775602340698,0.8837751150131226,0.9965633749961853
269,8967,LEFT_PINKY,1.0035771131515503,0.5258165597915649,0.19137348234653473,0.4329097867012024,0.9926128387451172
269,8967,RIGHT_PINKY,0.7799907922744751,0.623928427696228,-0.6132464408874512,0.8399031162261963,0.994652271270752
269,8967,LEFT_INDEX,1.0065230131149292,0.5240845084190369,0.14344589412212372,0.4389633238315582,0.9928183555603027
269,8967,RIGHT_INDEX,0.7978546619415283,0.6259382367134094,-0.6257550716400146,0.8299553990364075,0.9943196773529053
269,8967,LEFT_THUMB,1.0008174180984497,0.5178346633911133,0.164694681763649,0.43172988295555115,0.9938795566558838
269,8967,RIGHT_THUMB,0.8070729374885559,0.6151723265647888,-0.5611375570297241,0.7919633984565735,0.9958820343017578
269,8967,LEFT_HIP,0.8856489658355713,0.5659501552581787,0.16948139667510986,0.9969025254249573,0.9982169270515442
269,8967,RIGHT_HIP,0.8606180548667908,0.5656381249427795,-0.16947641968727112,0.9975342750549316,0.999029278755188
269,8967,LEFT_KNEE,0.818426251411438,0.7211983799934387,0.16756866872310638,0.6221815943717957,0.9973235726356506
269,8967,RIGHT_KNEE,0.9277861714363098,0.7148964405059814,-0.20480677485466003,0.9737635850906372,0.9988223910331726
269,8967,LEFT_ANKLE,0.7327529191970825,0.8781231045722961,0.27359846234321594,0.7981085777282715,0.9921635389328003
269,8967,RIGHT_ANKLE,1.0003269910812378,0.8866541981697083,-0.18621943891048431,0.9631940126419067,0.9897493720054626
269,8967,LEFT_HEEL,0.6992183923721313,0.906262218952179,0.27176904678344727,0.8160004615783691,0.9840500950813293
269,8967,RIGHT_HEEL,0.9826936721801758,0.9198971390724182,-0.19370868802070618,0.9331203103065491,0.9794616103172302
269,8967,LEFT_FOOT_INDEX,0.8068693280220032,0.9127337336540222,0.13408273458480835,0.812976598739624,0.9728702902793884
269,8967,RIGHT_FOOT_INDEX,1.072929859161377,0.9312297105789185,-0.3826295733451843,0.938222348690033,0.9574888944625854
270,9000,NOSE,0.9670866131782532,0.2911345958709717,-0.3350798189640045,0.9993401765823364,0.9977153539657593
270,9000,LEFT_EYE_INNER,0.9597662687301636,0.2785401940345764,-0.3076706826686859,0.9988638758659363,0.9964714050292969
270,9000,LEFT_EYE,0.9590235948562622,0.2781643867492676,-0.30773013830184937,0.9987647533416748,0.9962880611419678
270,9000,LEFT_EYE_OUTER,0.9580293893814087,0.2775684893131256,-0.3077412247657776,0.9990569949150085,0.9959326386451721
270,9000,RIGHT_EYE_INNER,0.9536543488502502,0.279019296169281,-0.3664358854293823,0.9991177320480347,0.9974935054779053
270,9000,RIGHT_EYE,0.9481646418571472,0.27899789810180664,-0.3665037751197815,0.9991661310195923,0.9977961778640747
270,9000,RIGHT_EYE_OUTER,0.9424256682395935,0.27887213230133057,-0.36661529541015625,0.9992305040359497,0.9980138540267944
270,9000,LEFT_EAR,0.9372418522834778,0.2815556526184082,-0.15226204693317413,0.9979990124702454,0.9962711334228516
270,9000,RIGHT_EAR,0.9143030643463135,0.28645431995391846,-0.4144671857357025,0.9992114901542664,0.9986435770988464
270,9000,MOUTH_LEFT,0.9614537358283997,0.3040797710418701,-0.27071717381477356,0.9987985491752625,0.9979181885719299
270,9000,MOUTH_RIGHT,0.9532134532928467,0.30520328879356384,-0.3459702134132385,0.9991727471351624,0.9987253546714783
270,9000,LEFT_SHOULDER,0.9518694877624512,0.355701744556427,0.06851214915513992,0.9992268681526184,0.9987305998802185
270,9000,RIGHT_SHOULDER,0.8653749227523804,0.3769187033176422,-0.48354941606521606,0.9999275803565979,0.9998776912689209
270,9000,LEFT_ELBOW,0.9525580406188965,0.4616187512874603,0.1812753826379776,0.3716777563095093,0.9970253109931946
270,9000,RIGHT_ELBOW,0.8159840106964111,0.4817717671394348,-0.5417116284370422,0.9751802682876587,0.9991207718849182
270,9000,LEFT_WRIST,0.9665480852127075,0.5430784225463867,0.08476898819208145,0.4621654450893402,0.9935123324394226
270,9000,RIGHT_WRIST,0.790904700756073,0.5960286855697632,-0.5821755528450012,0.892320990562439,0.9966451525688171
270,9000,LEFT_PINKY,0.9677156805992126,0.5674533247947693,0.07892105728387833,0.4054289758205414,0.9918075203895569
270,9000,RIGHT_PINKY,0.7775916457176208,0.6248053312301636,-0.6402055025100708,0.8499590158462524,0.9945822358131409
270,9000,LEFT_INDEX,0.9681012034416199,0.5687845349311829,0.03072980046272278,0.4111293852329254,0.9916315674781799
270,9000,RIGHT_INDEX,0.7947245836257935,0.6262012720108032,-0.6538923382759094,0.8406863212585449,0.9941593408584595
270,9000,LEFT_THUMB,0.9636883735656738,0.5601195096969604,0.05949418246746063,0.4048616290092468,0.9930190443992615
270,9000,RIGHT_THUMB,0.8030538558959961,0.6152863502502441,-0.5865816473960876,0.8045070767402649,0.9958848357200623
270,9000,LEFT_HIP,0.8994747400283813,0.5669974684715271,0.16921715438365936,0.996494710445404,0.9972450733184814
270,9000,RIGHT_HIP,0.8686530590057373,0.5658442974090576,-0.16917110979557037,0.9975931644439697,0.9989216327667236
270,9000,LEFT_KNEE,0.8232114911079407,0.7204629778862,0.20953400433063507,0.6151626110076904,0.995822548866272
270,9000,RIGHT_KNEE,0.9363681077957153,0.7164870500564575,-0.22728024423122406,0.9714074730873108,0.9986201524734497
270,9000,LEFT_ANKLE,0.736029863357544,0.8697041273117065,0.36435121297836304,0.8011485934257507,0.9808810949325562
270,9000,RIGHT_ANKLE,0.995551347732544,0.8864353895187378,-0.1847982555627823,0.9610064625740051,0.982492208480835
270,9000,LEFT_HEEL,0.6989037394523621,0.8974413275718689,0.3690302073955536,0.810379683971405,0.9635554552078247
270,9000,RIGHT_HEEL,0.974773645401001,0.9161748886108398,-0.1898769587278366,0.926533043384552,0.9654164910316467
270,9000,LEFT_FOOT_INDEX,0.8055809140205383,0.9123005270957947,0.24294641613960266,0.8110024333000183,0.9403780698776245
270,9000,RIGHT_FOOT_INDEX,1.063032627105713,0.9371090531349182,-0.3789840638637543,0.9350388646125793,0.9320684671401978
271,9033,NOSE,0.978144109249115,0.2937804162502289,-0.35330700874328613,0.999387800693512,0.9988282322883606
271,9033,LEFT_EYE_INNER,0.9712168574333191,0.2797940671443939,-0.32237616181373596,0.9989474415779114,0.9982501864433289
271,9033,LEFT_EYE,0.9710497260093689,0.27921754121780396,-0.3224585950374603,0.9988468289375305,0.9980905652046204
271,9033,LEFT_EYE_OUTER,0.9706152081489563,0.2784448266029358,-0.32248249650001526,0.9991182088851929,0.9978589415550232
271,9033,RIGHT_EYE_INNER,0.9641635417938232,0.2805022895336151,-0.37733888626098633,0.9991877675056458,0.9988148212432861
271,9033,RIGHT_EYE,0.9586287140846252,0.2805207073688507,-0.37740829586982727,0.9992309212684631,0.998954176902771
271,9033,RIGHT_EYE_OUTER,0.9528380036354065,0.2805229425430298,-0.37748557329177856,0.9992957711219788,0.9990411400794983
271,9033,LEFT_EAR,0.9513955116271973,0.2827909290790558,-0.15579691529273987,0.9981181621551514,0.9981039762496948
271,9033,RIGHT_EAR,0.9255698323249817,0.28817006945610046,-0.40077081322669983,0.9992793202400208,0.9993483424186707
271,9033,MOUTH_LEFT,0.9737311005592346,0.3061736524105072,-0.28558120131492615,0.9989023208618164,0.9986141920089722
271,9033,MOUTH_RIGHT,0.9644584655761719,0.3075677156448364,-0.3556288778781891,0.9992479085922241,0.9991545677185059
271,9033,LEFT_SHOULDER,0.9533462524414062,0.35979247093200684,0.07323460280895233,0.9991393685340881,0.9986201524734497
271,9033,RIGHT_SHOULDER,0.8767781257629395,0.3783666491508484,-0.46971839666366577,0.999932050704956,0.999902606010437
271,9033,LEFT_ELBOW,0.9467368125915527,0.4701501727104187,0.17501527070999146,0.3413042426109314,0.9961137771606445
271,9033,RIGHT_ELBOW,0.8244897127151489,0.48354649543762207,-0.5281196236610413,0.9769459962844849,0.9991196990013123
271,9033,LEFT_WRIST,0.9433666467666626,0.553041398525238,0.07561789453029633,0.4249827563762665,0.9927560687065125
271,9033,RIGHT_WRIST,0.7914530634880066,0.5947770476341248,-0.5706965923309326,0.8986279368400574,0.9954688549041748
271,9033,LEFT_PINKY,0.9433437585830688,0.5777121186256409,0.06748586893081665,0.3750981390476227,0.9918243288993835
271,9033,RIGHT_PINKY,0.7771711945533752,0.6229550838470459,-0.6282867789268494,0.8565235137939453,0.9927961230278015
271,9033,LEFT_INDEX,0.9433090090751648,0.5787011981010437,0.021832935512065887,0.38030895590782166,0.9914913773536682
271,9033,RIGHT_INDEX,0.7933087348937988,0.6248952150344849,-0.6396394968032837,0.8477658033370972,0.9921309351921082
271,9033,LEFT_THUMB,0.9405530691146851,0.5695274472236633,0.05084560438990593,0.37481558322906494,0.9925680160522461
271,9033,RIGHT_THUMB,0.8028515577316284,0.6139051914215088,-0.574720561504364,0.8131164908409119,0.9941973686218262
271,9033,LEFT_HIP,0.9074503183364868,0.5706333518028259,0.16905167698860168,0.9962415099143982,0.9979400038719177
271,9033,RIGHT_HIP,0.878047525882721,0.5673025250434875,-0.16898036003112793,0.9977176785469055,0.9993374943733215
271,9033,LEFT_KNEE,0.8284999132156372,0.7201961278915405,0.2288651019334793,0.606734573841095,0.9965039491653442
271,9033,RIGHT_KNEE,0.9480316638946533,0.722650945186615,-0.24262337386608124,0.9706476330757141,0.999142050743103
271,9033,LEFT_ANKLE,0.7446489930152893,0.8660654425621033,0.39441192150115967,0.8043496012687683,0.9866498112678528
271,9033,RIGHT_ANKLE,1.0029246807098389,0.888806164264679,-0.22095763683319092,0.9612749814987183,0.9883964657783508
271,9033,LEFT_HEEL,0.700156033039093,0.8941003084182739,0.40026864409446716,0.8036837577819824,0.9736827611923218
271,9033,RIGHT_HEEL,0.9818748831748962,0.9197055101394653,-0.22912153601646423,0.925102174282074,0.9744875431060791
271,9033,LEFT_FOOT_INDEX,0.807589054107666,0.9121347069740295,0.2787838578224182,0.8110100030899048,0.9581360816955566
271,9033,RIGHT_FOOT_INDEX,1.0817312002182007,0.9447023272514343,-0.4276188611984253,0.9353092908859253,0.943665623664856
272,9067,NOSE,0.996552050113678,0.29366397857666016,-0.2890535295009613,0.9993601441383362,0.9953516721725464
272,9067,LEFT_EYE_INNER,0.9888306856155396,0.27955129742622375,-0.25339576601982117,0.9989404678344727,0.9946969747543335
272,9067,LEFT_EYE,0.9879373908042908,0.27905339002609253,-0.2537969946861267,0.9988241791725159,0.9947119951248169
272,9067,LEFT_EYE_OUTER,0.9865496754646301,0.2784099280834198,-0.25382667779922485,0.9990994930267334,0.9945589900016785
272,9067,RIGHT_EYE_INNER,0.9823116064071655,0.2799586057662964,-0.31872043013572693,0.999190092086792,0.9956229329109192
272,9067,RIGHT_EYE,0.9770194888114929,0.27983352541923523,-0.3189637362957001,0.9992273449897766,0.9961609840393066
272,9067,RIGHT_EYE_OUTER,0.9710190892219543,0.27971184253692627,-0.31926533579826355,0.9993135333061218,0.9965686798095703
272,9067,LEFT_EAR,0.9624404907226562,0.2826451361179352,-0.10241955518722534,0.9980400800704956,0.9960017800331116
272,9067,RIGHT_EAR,0.9426629543304443,0.2869825065135956,-0.3874487280845642,0.9993072748184204,0.9981021285057068
272,9067,MOUTH_LEFT,0.9891802668571472,0.30628710985183716,-0.22775733470916748,0.9989491701126099,0.9958315491676331
272,9067,MOUTH_RIGHT,0.9814385771751404,0.30736663937568665,-0.31042972207069397,0.9992932677268982,0.9972779154777527
272,9067,LEFT_SHOULDER,0.9595905542373657,0.3696598708629608,0.09460337460041046,0.9989110827445984,0.9976825714111328
272,9067,RIGHT_SHOULDER,0.8867946863174438,0.3776909410953522,-0.45423343777656555,0.9999347925186157,0.9998387098312378
272,9067,LEFT_ELBOW,0.9231151938438416,0.47947877645492554,0.22308021783828735,0.30931025743484497,0.9924846291542053
272,9067,RIGHT_ELBOW,0.8330046534538269,0.48470985889434814,-0.4854212999343872,0.9779847264289856,0.9978710412979126
272,9067,LEFT_WRIST,0.9119770526885986,0.5853899121284485,0.12365768104791641,0.38527819514274597,0.983989417552948
272,9067,RIGHT_WRIST,0.7936649322509766,0.5984248518943787,-0.48646557331085205,0.9018027782440186,0.9868338704109192
272,9067,LEFT_PINKY,0.9094368815422058,0.6139457821846008,0.11612600833177567,0.34128984808921814,0.9840609431266785
272,9067,RIGHT_PINKY,0.7780889272689819,0.6285070776939392,-0.541256308555603,0.8589736223220825,0.9806961417198181
272,9067,LEFT_INDEX,0.9084233045578003,0.6163764595985413,0.07730051130056381,0.3459901511669159,0.9819099307060242
272,9067,RIGHT_INDEX,0.7944390177726746,0.6324473023414612,-0.5485480427742004,0.8505054116249084,0.9788371324539185
272,9067,LEFT_THUMB,0.8945229053497314,0.5957609415054321,0.10063260793685913,0.3413369059562683,0.9839686155319214
272,9067,RIGHT_THUMB,0.8030566573143005,0.6194438338279724,-0.48865604400634766,0.8162503242492676,0.9835277199745178
272,9067,LEFT_HIP,0.9246869087219238,0.5736358761787415,0.1708156168460846,0.995913028717041,0.9974557757377625
272,9067,RIGHT_HIP,0.8912829756736755,0.5677810311317444,-0.17058025300502777,0.9978219866752625,0.9991844296455383
272,9067,LEFT_KNEE,0.8435167670249939,0.7204995155334473,0.25691112875938416,0.5855703949928284,0.9933062195777893
272,9067,RIGHT_KNEE,0.9504590630531311,0.722449779510498,-0.30675986409187317,0.9670430421829224,0.9987216591835022
272,9067,LEFT_ANKLE,0.7582949995994568,0.8645852208137512,0.4260733425617218,0.7962750792503357,0.9755764007568359
272,9067,RIGHT_ANKLE,1.0049891471862793,0.8913565278053284,-0.3199094533920288,0.9584347605705261,0.9804232120513916
272,9067,LEFT_HEEL,0.7156233787536621,0.8902110457420349,0.4326542317867279,0.7894720435142517,0.9555224180221558
272,9067,RIGHT_HEEL,0.9840599894523621,0.9213022589683533,-0.33143216371536255,0.9209014773368835,0.9585318565368652
272,9067,LEFT_FOOT_INDEX,0.8163847923278809,0.9136548042297363,0.31762275099754333,0.8048110604286194,0.9409705996513367
272,9067,RIGHT_FOOT_INDEX,1.0861937999725342,0.9479425549507141,-0.5373546481132507,0.9334760308265686,0.9175745844841003
273,9100,NOSE,1.004507064819336,0.29198727011680603,-0.2847744822502136,0.9971977472305298,0.7952558994293213
273,9100,LEFT_EYE_INNER,0.9947184920310974,0.27890467643737793,-0.24724017083644867,0.996497392654419,0.7513675093650818
273,9100,LEFT_EYE,0.9972830414772034,0.27891579270362854,-0.24746081233024597,0.9953644871711731,0.7196714878082275
273,9100,LEFT_EYE_OUTER,0.9972312450408936,0.2781558036804199,-0.2474977821111679,0.9963366389274597,0.6914581656455994
273,9100,RIGHT_EYE_INNER,0.9860782623291016,0.27846068143844604,-0.3042607009410858,0.9978378415107727,0.8560019135475159
273,9100,RIGHT_EYE,0.9812517166137695,0.2783035337924957,-0.3043989837169647,0.9979426860809326,0.8890266418457031
273,9100,RIGHT_EYE_OUTER,0.973173975944519,0.27925437688827515,-0.3047386407852173,0.9986406564712524,0.9150055646896362
273,9100,LEFT_EAR,0.9797158241271973,0.2821318209171295,-0.07835263758897781,0.9893326163291931,0.6858000159263611
273,9100,RIGHT_EAR,0.9522598385810852,0.28538936376571655,-0.3786888122558594,0.998779296875,0.9593278169631958
273,9100,MOUTH_LEFT,0.9956483244895935,0.30338504910469055,-0.21512052416801453,0.9977467656135559,0.8315942287445068
273,9100,MOUTH_RIGHT,0.9844921231269836,0.30350053310394287,-0.2873596251010895,0.9988827109336853,0.9326444268226624
273,9100,LEFT_SHOULDER,0.9971900582313538,0.37015652656555176,0.11463344842195511,0.9946631193161011,0.8844626545906067
273,9100,RIGHT_SHOULDER,0.9013877511024475,0.37319907546043396,-0.43159353733062744,0.999929666519165,0.9989610910415649
273,9100,LEFT_ELBOW,0.9643808007240295,0.4785245656967163,0.2357853353023529,0.2795112431049347,0.8300158977508545
273,9100,RIGHT_ELBOW,0.8417405486106873,0.48251622915267944,-0.4520767331123352,0.9781805276870728,0.9879565834999084
273,9100,LEFT_WRIST,0.9315933585166931,0.5760086178779602,0.0832020565867424,0.3477945923805237,0.6088871359825134
273,9100,RIGHT_WRIST,0.8045409321784973,0.5893267393112183,-0.4995403587818146,0.9054452776908875,0.9680275321006775
273,9100,LEFT_PINKY,0.9318947792053223,0.6067229509353638,0.06680178642272949,0.3087702989578247,0.663300096988678
273,9100,RIGHT_PINKY,0.7815456986427307,0.6215690970420837,-0.5642168521881104,0.8622762560844421,0.9604097008705139
273,9100,LEFT_INDEX,0.9285637736320496,0.606427788734436,0.027419595047831535,0.3130050599575043,0.6302725076675415
273,9100,RIGHT_INDEX,0.7972882390022278,0.626197099685669,-0.576643168926239,0.8539037108421326,0.9570525884628296
273,9100,LEFT_THUMB,0.9235103130340576,0.5934418439865112,0.05895332247018814,0.3089825510978699,0.6392683982849121
273,9100,RIGHT_THUMB,0.8087795972824097,0.6180131435394287,-0.5028611421585083,0.819474458694458,0.9658079743385315
273,9100,LEFT_HIP,0.9409494996070862,0.5669555068016052,0.18467633426189423,0.9919399619102478,0.8970402479171753
273,9100,RIGHT_HIP,0.9007191061973572,0.5603125691413879,-0.18442632257938385,0.9975441694259644,0.9868835806846619
273,9100,LEFT_KNEE,0.8618883490562439,0.7176702618598938,0.2585783302783966,0.5436338782310486,0.8952164649963379
273,9100,RIGHT_KNEE,0.9551052451133728,0.7188989520072937,-0.37407606840133667,0.9597989320755005,0.9942733645439148
273,9100,LEFT_ANKLE,0.7769257426261902,0.861346423625946,0.45013803243637085,0.7619959115982056,0.8907763957977295
273,9100,RIGHT_ANKLE,1.0050981044769287,0.8924585580825806,-0.38132166862487793,0.9536694884300232,0.9504377245903015
273,9100,LEFT_HEEL,0.7338269948959351,0.8780458569526672,0.4576549530029297,0.7545036673545837,0.8532196283340454
273,9100,RIGHT_HEEL,0.9726914763450623,0.9298510551452637,-0.3934166133403778,0.9152172803878784,0.8993629217147827
273,9100,LEFT_FOOT_INDEX,0.8266459703445435,0.9084725379943848,0.32778647541999817,0.7717529535293579,0.8367998600006104
273,9100,RIGHT_FOOT_INDEX,1.1023812294006348,0.9467061161994934,-0.6360060572624207,0.9276832342147827,0.8088910579681396
275,9167,NOSE,0.5657761096954346,0.22628021240234375,-0.07770685851573944,0.9974333047866821,0.9991017580032349
275,9167,LEFT_EYE_INNER,0.5742065906524658,0.20968949794769287,-0.11210280656814575,0.9967923164367676,0.9987927675247192
275,9167,LEFT_EYE,0.5768821835517883,0.20888054370880127,-0.112198606133461,0.9957823753356934,0.998712420463562
275,9167,LEFT_EYE_OUTER,0.5814781188964844,0.20840981602668762,-0.11228304356336594,0.9966577887535095,0.9985610842704773
275,9167,RIGHT_EYE_INNER,0.5695838332176208,0.2097693234682083,-0.0530511736869812,0.9980032444000244,0.99905925989151
275,9167,RIGHT_EYE,0.569447934627533,0.20914901793003082,-0.05302615836262703,0.9980936646461487,0.9991372227668762
275,9167,RIGHT_EYE_OUTER,0.5690463185310364,0.2085692286491394,-0.05319413170218468,0.9987232685089111,0.9991586208343506
275,9167,LEFT_EAR,0.6028149724006653,0.21217960119247437,-0.1693168729543686,0.9903615713119507,0.9989062547683716
275,9167,RIGHT_EAR,0.5839724540710449,0.21039417386054993,0.09582220017910004,0.9988558888435364,0.9995309114456177
275,9167,MOUTH_LEFT,0.5756426453590393,0.23874548077583313,-0.09113557636737823,0.9978935718536377,0.99940025806427
275,9167,MOUTH_RIGHT,0.5692011117935181,0.23896253108978271,-0.015062332153320312,0.9988867044448853,0.9994982481002808
275,9167,LEFT_SHOULDER,0.651039183139801,0.276931494474411,-0.3161551058292389,0.9951844811439514,0.999503493309021
275,9167,RIGHT_SHOULDER,0.5854661464691162,0.28485673666000366,0.31270831823349,0.9998554587364197,0.9998039603233337
275,9167,LEFT_ELBOW,0.5460277795791626,0.34485018253326416,-0.34196558594703674,0.34902116656303406,0.9982865452766418
275,9167,RIGHT_ELBOW,0.5748482346534729,0.39473921060562134,0.447081595659256,0.8933216333389282,0.9993972778320312
275,9167,LEFT_WRIST,0.48610806465148926,0.2755739092826843,-0.1507817655801773,0.40650123357772827,0.9988687634468079
275,9167,RIGHT_WRIST,0.5611610412597656,0.44541338086128235,0.359790176153183,0.8323017954826355,0.9988675117492676
275,9167,LEFT_PINKY,0.46886876225471497,0.26152920722961426,-0.1790870577096939,0.3684231638908386,0.9987579584121704
275,9167,RIGHT_PINKY,0.5535441040992737,0.4650231897830963,0.35314294695854187,0.7944146394729614,0.9987097978591919
275,9167,LEFT_INDEX,0.482217401266098,0.25141528248786926,-0.18782132863998413,0.37171220779418945,0.99854975938797
275,9167,RIGHT_INDEX,0.5568116307258606,0.4565897285938263,0.31360387802124023,0.7877039313316345,0.998621940612793
275,9167,LEFT_THUMB,0.491351842880249,0.25913238525390625,-0.14768370985984802,0.3633529245853424,0.9986728429794312
275,9167,RIGHT_THUMB,0.5604560375213623,0.4486183524131775,0.336811900138855,0.7574115991592407,0.9987102746963501
275,9167,LEFT_HIP,0.627622663974762,0.5029988884925842,-0.20644605159759521,0.992713987827301,0.999782383441925
275,9167,RIGHT_HIP,0.5698868632316589,0.499754399061203,0.20625242590904236,0.9977477192878723,0.9998698234558105
275,9167,LEFT_KNEE,0.5657619833946228,0.6599835753440857,-0.33898335695266724,0.5875937342643738,0.9997856020927429
275,9167,RIGHT_KNEE,0.43331843614578247,0.5918155908584595,0.024277254939079285,0.9492245316505432,0.9993197917938232
275,9167,LEFT_ANKLE,0.5884025692939758,0.8280639052391052,-0.24532000720500946,0.7838267087936401,0.9962181448936462
275,9167,RIGHT_ANKLE,0.49688494205474854,0.7577888369560242,0.16518710553646088,0.9464078545570374,0.9995189905166626
275,9167,LEFT_HEEL,0.6158172488212585,0.8557729125022888,-0.24217984080314636,0.7689759731292725,0.9915221929550171
275,9167,RIGHT_HEEL,0.5208291411399841,0.7865577936172485,0.17342929542064667,0.9069428443908691,0.9991186261177063
275,9167,LEFT_FOOT_INDEX,0.49756306409835815,0.8562735915184021,-0.4092881381511688,0.7922309637069702,0.9836283922195435
275,9167,RIGHT_FOOT_INDEX,0.40329813957214355,0.8028395175933838,0.07568691670894623,0.9255385398864746,0.9971231818199158
276,9200,NOSE,0.5663803219795227,0.2247457504272461,-0.04090382531285286,0.9976829290390015,0.999737560749054
276,9200,LEFT_EYE_INNER,0.5747883915901184,0.2091141641139984,-0.07240419089794159,0.9971015453338623,0.9995493292808533
276,9200,LEFT_EYE,0.577446460723877,0.2084241658449173,-0.07253918051719666,0.9961949586868286,0.9995099306106567
276,9200,LEFT_EYE_OUTER,0.5815194845199585,0.20801621675491333,-0.07264605909585953,0.996983528137207,0.9994341731071472
276,9200,RIGHT_EYE_INNER,0.5698661804199219,0.20880083739757538,-0.016238750889897346,0.9981932640075684,0.9996531009674072
276,9200,RIGHT_EYE,0.569720983505249,0.20805944502353668,-0.016214478760957718,0.9982731938362122,0.99967360496521
276,9200,RIGHT_EYE_OUTER,0.5692432522773743,0.20739027857780457,-0.016407111659646034,0.9988393783569336,0.9996685981750488
276,9200,LEFT_EAR,0.6018889546394348,0.2118104100227356,-0.11413033306598663,0.9913157224655151,0.99954754114151
276,9200,RIGHT_EAR,0.5829660296440125,0.20927102863788605,0.13597266376018524,0.9989603161811829,0.9997996687889099
276,9200,MOUTH_LEFT,0.5756893157958984,0.23554545640945435,-0.04796561598777771,0.9980782270431519,0.9997060894966125
276,9200,MOUTH_RIGHT,0.5693756937980652,0.235359326004982,0.02377239800989628,0.9989607334136963,0.9997609257698059
276,9200,LEFT_SHOULDER,0.6512531042098999,0.2763267159461975,-0.2583286762237549,0.9956607818603516,0.9995552897453308
276,9200,RIGHT_SHOULDER,0.5851694941520691,0.28390970826148987,0.3579513728618622,0.9998207688331604,0.9998786449432373
276,9200,LEFT_ELBOW,0.5459736585617065,0.34432491660118103,-0.27505218982696533,0.41169944405555725,0.9980729818344116
276,9200,RIGHT_ELBOW,0.5731330513954163,0.39245373010635376,0.5007742047309875,0.8212339878082275,0.9995765089988708
276,9200,LEFT_WRIST,0.49020808935165405,0.2750149965286255,-0.05827247351408005,0.4575619399547577,0.9991301894187927
276,9200,RIGHT_WRIST,0.5698013305664062,0.44538620114326477,0.4817477762699127,0.7626643180847168,0.999037504196167
276,9200,LEFT_PINKY,0.4725995659828186,0.26133865118026733,-0.06949674338102341,0.41912567615509033,0.9990856647491455
276,9200,RIGHT_PINKY,0.567852258682251,0.46576884388923645,0.4930664002895355,0.7280292510986328,0.9986405968666077
276,9200,LEFT_INDEX,0.49117782711982727,0.25140291452407837,-0.08012233674526215,0.42135515809059143,0.9989596605300903
276,9200,RIGHT_INDEX,0.571461021900177,0.45726990699768066,0.46168050169944763,0.7221994400024414,0.9986451268196106
276,9200,LEFT_THUMB,0.4972423315048218,0.25935038924217224,-0.05346648022532463,0.408232182264328,0.9990673661231995
276,9200,RIGHT_THUMB,0.572901725769043,0.44899511337280273,0.46443307399749756,0.6954604983329773,0.9988552331924438
276,9200,LEFT_HIP,0.6300515532493591,0.5040037035942078,-0.20530621707439423,0.9934307336807251,0.9998915195465088
276,9200,RIGHT_HIP,0.5692055821418762,0.49991315603256226,0.20517607033252716,0.9979528188705444,0.9999549388885498
276,9200,LEFT_KNEE,0.5666070580482483,0.6623623371124268,-0.33313310146331787,0.6281024217605591,0.9999381303787231
276,9200,RIGHT_KNEE,0.4254835546016693,0.5826901197433472,0.07820052653551102,0.9484109282493591,0.9998732805252075
276,9200,LEFT_ANKLE,0.5885027050971985,0.8407117128372192,-0.304813027381897,0.8048723340034485,0.9987524747848511
276,9200,RIGHT_ANKLE,0.46604567766189575,0.7521824836730957,0.23127828538417816,0.9470392465591431,0.9999021291732788
276,9200,LEFT_HEEL,0.6158201098442078,0.8716305494308472,-0.3108053207397461,0.7887756824493408,0.9969226717948914
276,9200,RIGHT_HEEL,0.49194562435150146,0.7818074226379395,0.2393294721841812,0.9094176292419434,0.9998077750205994
276,9200,LEFT_FOOT_INDEX,0.4934621751308441,0.8725712895393372,-0.4934467673301697,0.8122972249984741,0.9930359721183777
276,9200,RIGHT_FOOT_INDEX,0.36603546142578125,0.7867834568023682,0.1606036126613617,0.9284297227859497,0.999194324016571
277,9233,NOSE,0.5595981478691101,0.22371016442775726,0.010672555305063725,0.9979094862937927,0.9998241066932678
277,9233,LEFT_EYE_INNER,0.56731778383255,0.20880286395549774,-0.03450550138950348,0.997386634349823,0.9997424483299255
277,9233,LEFT_EYE,0.569542407989502,0.20814819633960724,-0.03461479768157005,0.9965711832046509,0.9997257590293884
277,9233,LEFT_EYE_OUTER,0.5726334452629089,0.20770147442817688,-0.03474937006831169,0.9972814917564392,0.9996862411499023
277,9233,RIGHT_EYE_INNER,0.5650272965431213,0.20845116674900055,0.03142915666103363,0.9983694553375244,0.9997860789299011
277,9233,RIGHT_EYE,0.5660088658332825,0.20770512521266937,0.03141684830188751,0.9984406232833862,0.9997958540916443
277,9233,RIGHT_EYE_OUTER,0.5664490461349487,0.2069990485906601,0.03128470480442047,0.9989502429962158,0.9998006224632263
277,9233,LEFT_EAR,0.5919562578201294,0.2112492024898529,-0.1214543804526329,0.992180585861206,0.9997778534889221
277,9233,RIGHT_EAR,0.5811863541603088,0.20891469717025757,0.16647106409072876,0.999056875705719,0.999854564666748
277,9233,MOUTH_LEFT,0.5667815208435059,0.23483248054981232,-0.014668736606836319,0.9982540607452393,0.9997140765190125
277,9233,MOUTH_RIGHT,0.5639051198959351,0.23476241528987885,0.06939811259508133,0.9990387558937073,0.9997188448905945
277,9233,LEFT_SHOULDER,0.6472399234771729,0.2735210061073303,-0.27426210045814514,0.9960882663726807,0.9994327425956726
277,9233,RIGHT_SHOULDER,0.5851858854293823,0.2789960503578186,0.39402052760124207,0.9997484683990479,0.9996899366378784
277,9233,LEFT_ELBOW,0.5467895865440369,0.3443320393562317,-0.2952308654785156,0.4669887125492096,0.9982708692550659
277,9233,RIGHT_ELBOW,0.5495780110359192,0.3575032353401184,0.4810211658477783,0.7581906318664551,0.9986175298690796
277,9233,LEFT_WRIST,0.49670079350471497,0.27511823177337646,-0.0018089411314576864,0.5021576881408691,0.9994345307350159
277,9233,RIGHT_WRIST,0.5076269507408142,0.2989862561225891,0.36539897322654724,0.7068105936050415,0.9994705319404602
277,9233,LEFT_PINKY,0.4782277047634125,0.26128634810447693,0.011587093584239483,0.4628584086894989,0.9994195699691772
277,9233,RIGHT_PINKY,0.508404016494751,0.30002132058143616,0.3857951760292053,0.6731107831001282,0.9994704127311707
277,9233,LEFT_INDEX,0.4983827769756317,0.25153839588165283,0.006134562660008669,0.46371346712112427,0.9993759989738464
277,9233,RIGHT_INDEX,0.5154431462287903,0.2917800545692444,0.4237098693847656,0.6671264171600342,0.9994710087776184
277,9233,LEFT_THUMB,0.5023701786994934,0.2595655024051666,0.010226642712950706,0.4449308216571808,0.9994720816612244
277,9233,RIGHT_THUMB,0.5216187834739685,0.29667654633522034,0.3649689853191376,0.6439271569252014,0.9995575547218323
277,9233,LEFT_HIP,0.6265348196029663,0.5041164755821228,-0.20908261835575104,0.9940773248672485,0.9998703002929688
277,9233,RIGHT_HIP,0.5727505683898926,0.499972939491272,0.20924080908298492,0.9981374144554138,0.999935507774353
277,9233,LEFT_KNEE,0.5666098594665527,0.6644042730331421,-0.33158913254737854,0.6651917099952698,0.9999697208404541
277,9233,RIGHT_KNEE,0.4096519649028778,0.5596050024032593,0.20171219110488892,0.9509429931640625,0.9999419450759888
277,9233,LEFT_ANKLE,0.5881465077400208,0.8419088125228882,-0.3439006507396698,0.824251651763916,0.9989970326423645
277,9233,RIGHT_ANKLE,0.4107755124568939,0.7269626259803772,0.3383852541446686,0.9503230452537537,0.9998791217803955
277,9233,LEFT_HEEL,0.6136953830718994,0.8728711009025574,-0.35240843892097473,0.808720052242279,0.9978445768356323
277,9233,RIGHT_HEEL,0.43190068006515503,0.7658255696296692,0.34317535161972046,0.9138690829277039,0.9997597336769104
277,9233,LEFT_FOOT_INDEX,0.4875486195087433,0.8785442113876343,-0.5194952487945557,0.8308231830596924,0.995526134967804
277,9233,RIGHT_FOOT_INDEX,0.3106153905391693,0.7533961534500122,0.2779114544391632,0.9330463409423828,0.9991530179977417
278,9267,NOSE,0.556406557559967,0.22377526760101318,0.030787216499447823,0.9981156587600708,0.9998798370361328
278,9267,LEFT_EYE_INNER,0.564740002155304,0.20945370197296143,-0.00916285626590252,0.99764484167099,0.9998204112052917
278,9267,LEFT_EYE,0.5673356056213379,0.20884887874126434,-0.009276054799556732,0.9969112277030945,0.9998127818107605
278,9267,LEFT_EYE_OUTER,0.5701214671134949,0.20831041038036346,-0.009477890096604824,0.9975512623786926,0.9997895359992981
278,9267,RIGHT_EYE_INNER,0.5615248084068298,0.2088254690170288,0.051312193274497986,0.9985294938087463,0.9998306035995483
278,9267,RIGHT_EYE,0.5623672008514404,0.20794451236724854,0.051321569830179214,0.9985926151275635,0.9998276233673096
278,9267,RIGHT_EYE_OUTER,0.5626638531684875,0.20705431699752808,0.051206957548856735,0.9990515112876892,0.9998176693916321
278,9267,LEFT_EAR,0.5890524387359619,0.2113475352525711,-0.07940234988927841,0.992958664894104,0.9998437166213989
278,9267,RIGHT_EAR,0.5759308338165283,0.20885871350765228,0.18891841173171997,0.9991459846496582,0.9998685121536255
278,9267,MOUTH_LEFT,0.5633664131164551,0.2349153459072113,0.014890559017658234,0.9984153509140015,0.9997135996818542
278,9267,MOUTH_RIGHT,0.559016227722168,0.23477911949157715,0.09179691970348358,0.9991148114204407,0.9996893405914307
278,9267,LEFT_SHOULDER,0.6464526057243347,0.2735574245452881,-0.21329283714294434,0.9964739084243774,0.9995299577713013
278,9267,RIGHT_SHOULDER,0.566974401473999,0.2750970423221588,0.4310012459754944,0.9997023940086365,0.9996519088745117
278,9267,LEFT_ELBOW,0.546755313873291,0.3435712456703186,-0.17529454827308655,0.5173859596252441,0.9985684156417847
278,9267,RIGHT_ELBOW,0.5288851857185364,0.3390103578567505,0.7063429355621338,0.7090618014335632,0.9990031123161316
278,9267,LEFT_WRIST,0.49729251861572266,0.2747083306312561,0.18674620985984802,0.5422625541687012,0.9996389150619507
278,9267,RIGHT_WRIST,0.5038759112358093,0.30223432183265686,0.8902791738510132,0.6543731689453125,0.9995829463005066
278,9267,LEFT_PINKY,0.4809151589870453,0.26099997758865356,0.21538828313350677,0.5019035935401917,0.999576985836029
278,9267,RIGHT_PINKY,0.4998973608016968,0.29392606019973755,0.9387752413749695,0.6200742125511169,0.9994664788246155
278,9267,LEFT_INDEX,0.49899357557296753,0.2509392201900482,0.20539189875125885,0.5014155507087708,0.9995483756065369
278,9267,RIGHT_INDEX,0.5105189085006714,0.28753092885017395,0.9383904337882996,0.6139905452728271,0.9994890689849854
278,9267,LEFT_THUMB,0.5029733777046204,0.25913816690444946,0.19898533821105957,0.4781203866004944,0.9996366500854492
278,9267,RIGHT_THUMB,0.514794111251831,0.2912213206291199,0.890640377998352,0.5940511226654053,0.9995974898338318
278,9267,LEFT_HIP,0.6258220076560974,0.5040946006774902,-0.2092065066099167,0.994662344455719,0.9998853206634521
278,9267,RIGHT_HIP,0.5639949440956116,0.49508917331695557,0.2094421088695526,0.9983068108558655,0.999930739402771
278,9267,LEFT_KNEE,0.5667867064476013,0.6643564105033875,-0.3886782228946686,0.6984967589378357,0.9999648332595825
278,9267,RIGHT_KNEE,0.3962498903274536,0.5307087898254395,0.12981121242046356,0.9524427652359009,0.9999408721923828
278,9267,LEFT_ANKLE,0.588160514831543,0.8420997858047485,-0.47382852435112,0.8416130542755127,0.9983854293823242
278,9267,RIGHT_ANKLE,0.36836689710617065,0.7007774114608765,0.2697920501232147,0.9522533416748047,0.9998509883880615
278,9267,LEFT_HEEL,0.6133390069007874,0.8745834827423096,-0.4860873520374298,0.8265390992164612,0.9964562058448792
278,9267,RIGHT_HEEL,0.39155375957489014,0.740980863571167,0.2765960097312927,0.9181829690933228,0.999721109867096
278,9267,LEFT_FOOT_INDEX,0.4879622459411621,0.8809612393379211,-0.6615644097328186,0.8473656177520752,0.9929400682449341
278,9267,RIGHT_FOOT_INDEX,0.2639203369617462,0.7128017544746399,0.20020991563796997,0.936434268951416,0.998931348323822
279,9300,NOSE,0.5538991093635559,0.22210188210010529,0.039348527789115906,0.9982981085777283,0.999874472618103
279,9300,LEFT_EYE_INNER,0.5607354044914246,0.20886366069316864,-0.006527327932417393,0.9978739619255066,0.9997957348823547
279,9300,LEFT_EYE,0.5624051094055176,0.20826773345470428,-0.0066192918457090855,0.9972138404846191,0.999777615070343
279,9300,LEFT_EYE_OUTER,0.5636574029922485,0.2076428085565567,-0.006763119250535965,0.9977914690971375,0.9997442364692688
279,9300,RIGHT_EYE_INNER,0.5598813891410828,0.20834219455718994,0.05708783119916916,0.9986705780029297,0.9998314380645752
279,9300,RIGHT_EYE,0.5613606572151184,0.2075190544128418,0.05709940940141678,0.9987260103225708,0.9998364448547363
279,9300,RIGHT_EYE_OUTER,0.5622140765190125,0.20666635036468506,0.056951168924570084,0.9991395473480225,0.9998362064361572
279,9300,LEFT_EAR,0.5806090831756592,0.20991314947605133,-0.09857725352048874,0.9936538338661194,0.999774158000946
279,9300,RIGHT_EAR,0.5754600167274475,0.20834656059741974,0.18008030951023102,0.999221920967102,0.9998683929443359
279,9300,MOUTH_LEFT,0.5602580904960632,0.2326425015926361,0.013187232427299023,0.9985514879226685,0.999680757522583
279,9300,MOUTH_RIGHT,0.5583969950675964,0.232609361410141,0.0942465141415596,0.9991732835769653,0.999687910079956
279,9300,LEFT_SHOULDER,0.6420395374298096,0.2719166576862335,-0.2434072345495224,0.9968172907829285,0.9992805123329163
279,9300,RIGHT_SHOULDER,0.5671643614768982,0.26976197957992554,0.4152412712574005,0.9996396899223328,0.9995173215866089
279,9300,LEFT_ELBOW,0.5455319881439209,0.3419288396835327,-0.21248193085193634,0.5624953508377075,0.9985558390617371
279,9300,RIGHT_ELBOW,0.5273548364639282,0.33187395334243774,0.6930851340293884,0.6642369627952576,0.9991008043289185
279,9300,LEFT_WRIST,0.4971229135990143,0.2736014723777771,0.03922539949417114,0.582777202129364,0.9997091889381409
279,9300,RIGHT_WRIST,0.4828053414821625,0.28451335430145264,0.8719705939292908,0.6176014542579651,0.999670147895813
279,9300,LEFT_PINKY,0.4812855124473572,0.25829753279685974,0.04763926938176155,0.5429454445838928,0.9996668100357056
279,9300,RIGHT_PINKY,0.4666084349155426,0.27466195821762085,0.9191716909408569,0.5811553001403809,0.9995670914649963
279,9300,LEFT_INDEX,0.4986599385738373,0.24942462146282196,0.039056479930877686,0.5415120124816895,0.9996452331542969
279,9300,RIGHT_INDEX,0.4762499928474426,0.2705472707748413,0.91151362657547,0.5748630166053772,0.9995895028114319
279,9300,LEFT_THUMB,0.5037636160850525,0.25816693902015686,0.048065003007650375,0.5152804255485535,0.9997068047523499
279,9300,RIGHT_THUMB,0.4827650189399719,0.2760290205478668,0.8680183291435242,0.5584670901298523,0.9996917247772217
279,9300,LEFT_HIP,0.6180555820465088,0.5039682388305664,-0.20927484333515167,0.9951801896095276,0.9997456669807434
279,9300,RIGHT_HIP,0.5642687082290649,0.4943321645259857,0.20953978598117828,0.9984466433525085,0.9998575448989868
279,9300,LEFT_KNEE,0.56683748960495,0.6642810702323914,-0.37493836879730225,0.7285390496253967,0.9999408721923828
279,9300,RIGHT_KNEE,0.3827183246612549,0.5042210221290588,0.06472498923540115,0.9556418657302856,0.9999183416366577
279,9300,LEFT_ANKLE,0.5883471369743347,0.8437364101409912,-0.4241291284561157,0.8573139905929565,0.9980019927024841
279,9300,RIGHT_ANKLE,0.33833134174346924,0.6741743087768555,0.1756362020969391,0.9552276134490967,0.9998207688331604
279,9300,LEFT_HEEL,0.6132351756095886,0.8756332397460938,-0.43459272384643555,0.842927098274231,0.9957132339477539
279,9300,RIGHT_HEEL,0.3545863628387451,0.7152877449989319,0.18021170794963837,0.9233982563018799,0.9996743202209473
279,9300,LEFT_FOOT_INDEX,0.4881761372089386,0.8807476162910461,-0.6138287782669067,0.8623251914978027,0.9934404492378235
279,9300,RIGHT_FOOT_INDEX,0.2326676994562149,0.6772781610488892,0.11235477030277252,0.9405061602592468,0.9989448189735413
280,9333,NOSE,0.5520517230033875,0.2206924855709076,0.04127706214785576,0.9984602928161621,0.9998424053192139
280,9333,LEFT_EYE_INNER,0.5575027465820312,0.20829807221889496,-0.004215261433273554,0.9980781674385071,0.9997473359107971
280,9333,LEFT_EYE,0.5587223768234253,0.20767398178577423,-0.0043110232800245285,0.9974841475486755,0.9997252821922302
280,9333,LEFT_EYE_OUTER,0.5593662261962891,0.20697443187236786,-0.004443978890776634,0.9980059266090393,0.9996837377548218
280,9333,RIGHT_EYE_INNER,0.557244598865509,0.20788496732711792,0.05792473256587982,0.9987961649894714,0.9997920393943787
280,9333,RIGHT_EYE,0.559872031211853,0.2071174681186676,0.057926639914512634,0.9988442659378052,0.9997978806495667
280,9333,RIGHT_EYE_OUTER,0.5612847208976746,0.20632262527942657,0.05775948613882065,0.9992167353630066,0.9997972846031189
280,9333,LEFT_EAR,0.5746157765388489,0.20862579345703125,-0.09839526563882828,0.9942763447761536,0.9997207522392273
280,9333,RIGHT_EAR,0.5746046304702759,0.20796579122543335,0.1782749742269516,0.9992884397506714,0.9998410940170288
280,9333,MOUTH_LEFT,0.5583562254905701,0.2306845337152481,0.01592239737510681,0.9986663460731506,0.9996352195739746
280,9333,MOUTH_RIGHT,0.5568938255310059,0.23074468970298767,0.09553902596235275,0.9992188811302185,0.9996523857116699
280,9333,LEFT_SHOULDER,0.6393218636512756,0.27159830927848816,-0.24992620944976807,0.9971235394477844,0.9990205764770508
280,9333,RIGHT_SHOULDER,0.5737032890319824,0.27001380920410156,0.4101567268371582,0.9995688796043396,0.9994369149208069
280,9333,LEFT_ELBOW,0.5425292253494263,0.3415631353855133,-0.2726913392543793,0.6025505065917969,0.9978671073913574
280,9333,RIGHT_ELBOW,0.5188999772071838,0.3315791189670563,0.6966442465782166,0.6209169030189514,0.9985945820808411
280,9333,LEFT_WRIST,0.49679142236709595,0.2736055254936218,-0.027373330667614937,0.6190149188041687,0.9996060729026794
280,9333,RIGHT_WRIST,0.48500198125839233,0.2938271462917328,0.8926266431808472,0.5797017812728882,0.9995715022087097
280,9333,LEFT_PINKY,0.4809415936470032,0.25531816482543945,0.01204540766775608,0.5796756744384766,0.9995624423027039
280,9333,RIGHT_PINKY,0.4728119373321533,0.2837056815624237,0.9427933096885681,0.5419233441352844,0.9994713664054871
280,9333,LEFT_INDEX,0.4982002377510071,0.2475033700466156,0.02570357173681259,0.5772500038146973,0.9995244741439819
280,9333,RIGHT_INDEX,0.4822004735469818,0.27877169847488403,0.9368396401405334,0.535420298576355,0.9995027780532837
280,9333,LEFT_THUMB,0.5035369992256165,0.25714465975761414,-0.013231600634753704,0.547997236251831,0.9995980858802795
280,9333,RIGHT_THUMB,0.4876144826412201,0.2839398980140686,0.8904063701629639,0.522140622138977,0.9996203184127808
280,9333,LEFT_HIP,0.6133669018745422,0.5039657354354858,-0.20877662301063538,0.9956439137458801,0.999634861946106
280,9333,RIGHT_HIP,0.5640704035758972,0.4941749572753906,0.2091066539287567,0.9985691905021667,0.9998118281364441
280,9333,LEFT_KNEE,0.5668515563011169,0.6647406220436096,-0.37090903520584106,0.7556092739105225,0.9999189376831055
280,9333,RIGHT_KNEE,0.38032615184783936,0.47715842723846436,0.013504515402019024,0.958800733089447,0.9999052286148071
280,9333,LEFT_ANKLE,0.5883527398109436,0.844814121723175,-0.39850032329559326,0.8714591860771179,0.9971367120742798
280,9333,RIGHT_ANKLE,0.31630370020866394,0.6466071605682373,0.11282287538051605,0.9579772353172302,0.9997591376304626
280,9333,LEFT_HEEL,0.6125873923301697,0.8766077756881714,-0.40833091735839844,0.8576555252075195,0.9942644238471985
280,9333,RIGHT_HEEL,0.3313523530960083,0.6886739134788513,0.11650319397449493,0.9283211827278137,0.9995718598365784
280,9333,LEFT_FOOT_INDEX,0.4868506193161011,0.8809772729873657,-0.5977847576141357,0.8757849931716919,0.9921155571937561
280,9333,RIGHT_FOOT_INDEX,0.21283312141895294,0.6449132561683655,0.03629273176193237,0.9443098902702332,0.9986923336982727
281,9367,NOSE,0.5474136471748352,0.22076770663261414,0.03923206776380539,0.9985994100570679,0.9998598098754883
281,9367,LEFT_EYE_INNER,0.5520932078361511,0.20842458307743073,-0.007858920842409134,0.9982574582099915,0.999783456325531
281,9367,LEFT_EYE,0.5528334975242615,0.2077743262052536,-0.007963711395859718,0.9977217316627502,0.9997722506523132
281,9367,LEFT_EYE_OUTER,0.5529550909996033,0.20703399181365967,-0.008099802769720554,0.9981950521469116,0.9997425675392151
281,9367,RIGHT_EYE_INNER,0.5536718368530273,0.20810598134994507,0.05474967509508133,0.9989053606987,0.9998171925544739
281,9367,RIGHT_EYE,0.5565597414970398,0.20736102759838104,0.05473305657505989,0.9989463090896606,0.999824583530426
281,9367,RIGHT_EYE_OUTER,0.558695912361145,0.20659509301185608,0.05455782637000084,0.9992826581001282,0.9998248219490051
281,9367,LEFT_EAR,0.5669976472854614,0.2084968537092209,-0.10550814121961594,0.9948282837867737,0.9997884631156921
281,9367,RIGHT_EAR,0.5723023414611816,0.2080473005771637,0.1724914312362671,0.9993394017219543,0.9998677968978882
281,9367,MOUTH_LEFT,0.552847146987915,0.23076081275939941,0.011735033243894577,0.998753011226654,0.9997029900550842
281,9367,MOUTH_RIGHT,0.5529109835624695,0.23090991377830505,0.09218903630971909,0.9992462992668152,0.9997283816337585
281,9367,LEFT_SHOULDER,0.6351712346076965,0.2713530361652374,-0.25697562098503113,0.9973965883255005,0.9994298815727234
281,9367,RIGHT_SHOULDER,0.5742596983909607,0.27043548226356506,0.4101771116256714,0.9994993805885315,0.9996465444564819
281,9367,LEFT_ELBOW,0.5408154726028442,0.3419187664985657,-0.280266672372818,0.6356467008590698,0.9985413551330566
281,9367,RIGHT_ELBOW,0.521766722202301,0.3297522962093353,0.7077589631080627,0.5808320045471191,0.9991970658302307
281,9367,LEFT_WRIST,0.5007318258285522,0.27371296286582947,-0.002100306795910001,0.6474844813346863,0.9995917677879333
281,9367,RIGHT_WRIST,0.4832979738712311,0.2812136113643646,0.9098138809204102,0.5479372143745422,0.9997581839561462
281,9367,LEFT_PINKY,0.4863017499446869,0.25533589720726013,0.01945016160607338,0.60658860206604,0.9995684027671814
281,9367,RIGHT_PINKY,0.4706195592880249,0.26766830682754517,0.9696974754333496,0.509200930595398,0.9996768236160278
281,9367,LEFT_INDEX,0.5019106268882751,0.24792715907096863,0.023678919300436974,0.6027500629425049,0.9995307922363281
281,9367,RIGHT_INDEX,0.48275673389434814,0.2639901041984558,0.9638863801956177,0.5024706721305847,0.9996961355209351
281,9367,LEFT_THUMB,0.5061457753181458,0.25601473450660706,0.012423677369952202,0.5690428018569946,0.9996011853218079
281,9367,RIGHT_THUMB,0.4880591928958893,0.2668988108634949,0.9091667532920837,0.491738498210907,0.9997816681861877
281,9367,LEFT_HIP,0.6098468899726868,0.5041715502738953,-0.21173213422298431,0.9960697889328003,0.9999048709869385
281,9367,RIGHT_HIP,0.5635928511619568,0.493478387594223,0.2120542824268341,0.9986891150474548,0.9999276399612427
281,9367,LEFT_KNEE,0.5665027499198914,0.664800226688385,-0.3658275604248047,0.7800154685974121,0.9999641180038452
281,9367,RIGHT_KNEE,0.3806307911872864,0.4483436346054077,0.016206219792366028,0.9616801738739014,0.9999493360519409
281,9367,LEFT_ANKLE,0.5884143710136414,0.8447140455245972,-0.41467520594596863,0.8842657804489136,0.9989801049232483
281,9367,RIGHT_ANKLE,0.3052074611186981,0.6120381951332092,0.13219742476940155,0.9609113335609436,0.999849796295166
281,9367,LEFT_HEEL,0.6125980615615845,0.8776342868804932,-0.4255809187889099,0.8713312149047852,0.9979952573776245
281,9367,RIGHT_HEEL,0.313564658164978,0.6556645631790161,0.13468016684055328,0.9331470131874084,0.9997645020484924
281,9367,LEFT_FOOT_INDEX,0.48562169075012207,0.8828386664390564,-0.6183533668518066,0.8880687952041626,0.9970730543136597
281,9367,RIGHT_FOOT_INDEX,0.19979850947856903,0.6096447706222534,0.05695011839270592,0.9483484029769897,0.9993200302124023
282,9400,NOSE,0.5434415340423584,0.22098837792873383,0.005338229704648256,0.9987303018569946,0.9999544620513916
282,9400,LEFT_EYE_INNER,0.548287570476532,0.2090078741312027,-0.03621106594800949,0.9984255433082581,0.9999294281005859
282,9400,LEFT_EYE,0.5492281913757324,0.20831841230392456,-0.036405883729457855,0.9979426860809326,0.9999295473098755
282,9400,LEFT_EYE_OUTER,0.5496026873588562,0.20751051604747772,-0.03662394732236862,0.998370885848999,0.9999244213104248
282,9400,RIGHT_EYE_INNER,0.5497006773948669,0.20875248312950134,0.0236678346991539,0.9990083575248718,0.9999301433563232
282,9400,RIGHT_EYE,0.5523939728736877,0.20797884464263916,0.02365998737514019,0.9990435242652893,0.9999289512634277
282,9400,RIGHT_EYE_OUTER,0.554644763469696,0.2071845978498459,0.023530414327979088,0.9993469715118408,0.9999253749847412
282,9400,LEFT_EAR,0.5640733242034912,0.20857544243335724,-0.1086864173412323,0.9953356385231018,0.9999450445175171
282,9400,RIGHT_EAR,0.5681627988815308,0.20826199650764465,0.16104231774806976,0.9993926882743835,0.9999459981918335
282,9400,MOUTH_LEFT,0.5492297410964966,0.23085157573223114,-0.010322460904717445,0.9988537430763245,0.9999289512634277
282,9400,MOUTH_RIGHT,0.5497663021087646,0.23094739019870758,0.06678013503551483,0.9992937445640564,0.9999198913574219
282,9400,LEFT_SHOULDER,0.6347099542617798,0.2712477743625641,-0.2575133442878723,0.9976516366004944,0.999869704246521
282,9400,RIGHT_SHOULDER,0.575030505657196,0.2707371413707733,0.4115228056907654,0.9994773268699646,0.9998900890350342
282,9400,LEFT_ELBOW,0.539141833782196,0.3464142382144928,-0.2839684784412384,0.6639954447746277,0.9993112087249756
282,9400,RIGHT_ELBOW,0.5230712294578552,0.33690229058265686,0.7562471628189087,0.5359897017478943,0.9994823932647705
282,9400,LEFT_WRIST,0.4982964098453522,0.27667704224586487,-0.0143239451572299,0.6742363572120667,0.999886155128479
282,9400,RIGHT_WRIST,0.4890250861644745,0.2829126715660095,0.9959266185760498,0.5096913576126099,0.9998779296875
282,9400,LEFT_PINKY,0.4858253598213196,0.2560878098011017,-0.0008853692561388016,0.6328091621398926,0.9998772144317627
282,9400,RIGHT_PINKY,0.4734659492969513,0.26576077938079834,1.0615140199661255,0.47319915890693665,0.9998400211334229
282,9400,LEFT_INDEX,0.5016716718673706,0.24974209070205688,0.00038549426244571805,0.627595841884613,0.9998648166656494
282,9400,RIGHT_INDEX,0.4829082190990448,0.2623918056488037,1.0548555850982666,0.4663723409175873,0.9998499155044556
282,9400,LEFT_THUMB,0.5047544836997986,0.25607001781463623,-0.0018079947913065553,0.5895671844482422,0.9998893737792969
282,9400,RIGHT_THUMB,0.48781460523605347,0.2656605839729309,0.996563732624054,0.45769158005714417,0.9998965263366699
282,9400,LEFT_HIP,0.609474241733551,0.5046696066856384,-0.21305744349956512,0.9964599609375,0.9999836683273315
282,9400,RIGHT_HIP,0.5574263334274292,0.4866471290588379,0.21340616047382355,0.9988138675689697,0.9999872446060181
282,9400,LEFT_KNEE,0.5656673312187195,0.6653998494148254,-0.3185197412967682,0.801906943321228,0.9999876022338867
282,9400,RIGHT_KNEE,0.38347867131233215,0.42696401476860046,-0.0458691343665123,0.9633670449256897,0.9999847412109375
282,9400,LEFT_ANKLE,0.5882685780525208,0.845622181892395,-0.34918829798698425,0.8957251310348511,0.9994838237762451
282,9400,RIGHT_ANKLE,0.2977830767631531,0.5901937484741211,-0.04887853562831879,0.9622789025306702,0.9999433755874634
282,9400,LEFT_HEEL,0.6125422120094299,0.8789171576499939,-0.35807716846466064,0.882976770401001,0.9989607334136963
282,9400,RIGHT_HEEL,0.30293887853622437,0.632500410079956,-0.056775424629449844,0.9363998770713806,0.9999092817306519
282,9400,LEFT_FOOT_INDEX,0.4844517409801483,0.8848081827163696,-0.5992845892906189,0.8990190029144287,0.9987480640411377
282,9400,RIGHT_FOOT_INDEX,0.1963329315185547,0.5769900679588318,-0.15512363612651825,0.9512388110160828,0.9996538162231445
283,9433,NOSE,0.543116569519043,0.2244884967803955,-0.050560690462589264,0.998853325843811,0.9999908208847046
283,9433,LEFT_EYE_INNER,0.5483809113502502,0.21231450140476227,-0.07649705559015274,0.9985805153846741,0.9999868869781494
283,9433,LEFT_EYE,0.5498983263969421,0.21158358454704285,-0.07668431103229523,0.9981456995010376,0.9999879598617554
283,9433,LEFT_EYE_OUTER,0.5510878562927246,0.2106560319662094,-0.07687992602586746,0.9985318779945374,0.9999876022338867
283,9433,RIGHT_EYE_INNER,0.5473924875259399,0.21193623542785645,-0.024381982162594795,0.9991041421890259,0.9999839067459106
283,9433,RIGHT_EYE,0.5487075448036194,0.21107198297977448,-0.024386726319789886,0.99913489818573,0.9999821186065674
283,9433,RIGHT_EYE_OUTER,0.5494560599327087,0.21011149883270264,-0.024457432329654694,0.9994086027145386,0.9999793767929077
283,9433,LEFT_EAR,0.5660947561264038,0.21091143786907196,-0.09876712411642075,0.99579918384552,0.9999934434890747
283,9433,RIGHT_EAR,0.5560286641120911,0.21005037426948547,0.157383531332016,0.9994478821754456,0.9999854564666748
283,9433,MOUTH_LEFT,0.5489913821220398,0.23393508791923523,-0.04150169715285301,0.9989624619483948,0.9999904632568359
283,9433,MOUTH_RIGHT,0.5468294024467468,0.2339373528957367,0.025608448311686516,0.9993571043014526,0.9999866485595703
283,9433,LEFT_SHOULDER,0.6346924901008606,0.2712644636631012,-0.20234307646751404,0.9978852272033691,0.9999876022338867
283,9433,RIGHT_SHOULDER,0.5423036217689514,0.2704988121986389,0.4084514379501343,0.999511182308197,0.9999814033508301
283,9433,LEFT_ELBOW,0.5370089411735535,0.3458611071109772,-0.2060210108757019,0.6923894882202148,0.9998072981834412
283,9433,RIGHT_ELBOW,0.49655279517173767,0.33001312613487244,0.6433396935462952,0.5148138999938965,0.9997208714485168
283,9433,LEFT_WRIST,0.49594011902809143,0.2777792513370514,0.09400099515914917,0.6987185478210449,0.9999587535858154
283,9433,RIGHT_WRIST,0.5017231106758118,0.2967141270637512,0.8418943285942078,0.4830625355243683,0.9999399185180664
283,9433,LEFT_PINKY,0.4852456748485565,0.25670650601387024,0.11158440262079239,0.6568315625190735,0.999948263168335
283,9433,RIGHT_PINKY,0.50733882188797,0.2877231538295746,0.9104029536247253,0.445367693901062,0.9999241828918457
283,9433,LEFT_INDEX,0.4978798031806946,0.25000667572021484,0.1060127392411232,0.6505746245384216,0.999945878982544
283,9433,RIGHT_INDEX,0.5225724577903748,0.28413575887680054,0.9333034753799438,0.4380010962486267,0.9999297857284546
283,9433,LEFT_THUMB,0.5029758214950562,0.2574494183063507,0.10540667921304703,0.609876275062561,0.9999589920043945
283,9433,RIGHT_THUMB,0.5230709314346313,0.28748103976249695,0.9444281458854675,0.43107202649116516,0.9999473094940186
283,9433,LEFT_HIP,0.6081474423408508,0.5055054426193237,-0.20792362093925476,0.9968122839927673,0.9999933242797852
283,9433,RIGHT_HIP,0.5433629751205444,0.4791586697101593,0.20850084722042084,0.9989299178123474,0.9999934434890747
283,9433,LEFT_KNEE,0.5630326271057129,0.6653704047203064,-0.27754122018814087,0.8215310573577881,0.9999929666519165
283,9433,RIGHT_KNEE,0.386087566614151,0.40870222449302673,-0.20483654737472534,0.9646766185760498,0.9999904632568359
283,9433,LEFT_ANKLE,0.5877131223678589,0.8464823365211487,-0.3231353163719177,0.9059378504753113,0.9996597766876221
283,9433,RIGHT_ANKLE,0.29692167043685913,0.5699284076690674,-0.2990841269493103,0.9627490043640137,0.9999595880508423
283,9433,LEFT_HEEL,0.6111602187156677,0.8798468708992004,-0.337887167930603,0.8921403884887695,0.9992546439170837
283,9433,RIGHT_HEEL,0.29744401574134827,0.6118009686470032,-0.3174423277378082,0.9393752217292786,0.9999325275421143
283,9433,LEFT_FOOT_INDEX,0.4836842119693756,0.8853713274002075,-0.5803848505020142,0.9087264537811279,0.9991082549095154
283,9433,RIGHT_FOOT_INDEX,0.2021414041519165,0.5588527321815491,-0.46447208523750305,0.9540491700172424,0.9997344613075256
284,9467,NOSE,0.5351218581199646,0.2313583791255951,-0.15904691815376282,0.9989669919013977,0.9999959468841553
284,9467,LEFT_EYE_INNER,0.5418470501899719,0.21811939775943756,-0.18519996106624603,0.9987220168113708,0.9999945163726807
284,9467,LEFT_EYE,0.5448103547096252,0.21743731200695038,-0.18538616597652435,0.9983305931091309,0.999995231628418
284,9467,LEFT_EYE_OUTER,0.5472865700721741,0.21640384197235107,-0.18564143776893616,0.9986783266067505,0.9999954700469971
284,9467,RIGHT_EYE_INNER,0.5372673869132996,0.21745693683624268,-0.13522928953170776,0.9991930723190308,0.9999926090240479
284,9467,RIGHT_EYE,0.5371796488761902,0.21642541885375977,-0.13517291843891144,0.9992204904556274,0.9999916553497314
284,9467,RIGHT_EYE_OUTER,0.5364966988563538,0.21514762938022614,-0.13520219922065735,0.9994669556617737,0.9999901056289673
284,9467,LEFT_EAR,0.5650527477264404,0.21525956690311432,-0.1748131364583969,0.9962186813354492,0.9999979734420776
284,9467,RIGHT_EAR,0.5431381464004517,0.2132778912782669,0.05280584469437599,0.9995023608207703,0.9999948740005493
284,9467,MOUTH_LEFT,0.5432392358779907,0.24089063704013824,-0.14447975158691406,0.9990652799606323,0.9999972581863403
284,9467,MOUTH_RIGHT,0.5380672216415405,0.24074552953243256,-0.07986890524625778,0.9994204044342041,0.9999957084655762
284,9467,LEFT_SHOULDER,0.6331559419631958,0.2713867127895355,-0.21317040920257568,0.9980964064598083,0.9999957084655762
284,9467,RIGHT_SHOULDER,0.5330959558486938,0.2706683576107025,0.32752174139022827,0.9995550513267517,0.9999938011169434
284,9467,LEFT_ELBOW,0.5358043313026428,0.35476386547088623,-0.22342002391815186,0.7196192145347595,0.999782145023346
284,9467,RIGHT_ELBOW,0.5023856163024902,0.3403467833995819,0.669929563999176,0.48296424746513367,0.9997034668922424
284,9467,LEFT_WRIST,0.4916086494922638,0.2702818810939789,0.07718285173177719,0.722886323928833,0.9999595880508423
284,9467,RIGHT_WRIST,0.5492070317268372,0.3288421630859375,0.9573039412498474,0.44644710421562195,0.9999295473098755
284,9467,LEFT_PINKY,0.48235180974006653,0.25174182653427124,0.08006712794303894,0.6822328567504883,0.9999469518661499
284,9467,RIGHT_PINKY,0.5615237951278687,0.3329540491104126,1.0171093940734863,0.4118492901325226,0.9999068975448608
284,9467,LEFT_INDEX,0.49583280086517334,0.24534118175506592,0.08721254765987396,0.675697922706604,0.9999454021453857
284,9467,RIGHT_INDEX,0.5821563601493835,0.32759544253349304,1.0131863355636597,0.4047074019908905,0.9999244213104248
284,9467,LEFT_THUMB,0.5005226135253906,0.2528400719165802,0.0894809141755104,0.6336178183555603,0.9999585151672363
284,9467,RIGHT_THUMB,0.5793094038963318,0.3266664147377014,0.9683413505554199,0.399146169424057,0.9999401569366455
284,9467,LEFT_HIP,0.6057983040809631,0.5052505731582642,-0.2076660543680191,0.997130274772644,0.9999961853027344
284,9467,RIGHT_HIP,0.538485050201416,0.4698106348514557,0.2083367258310318,0.9990350008010864,0.9999959468841553
284,9467,LEFT_KNEE,0.5606056451797485,0.6651812195777893,-0.2518196403980255,0.8391985297203064,0.9999938011169434
284,9467,RIGHT_KNEE,0.38747069239616394,0.3942495584487915,-0.17083962261676788,0.963850736618042,0.9999891519546509
284,9467,LEFT_ANKLE,0.5875425934791565,0.8461743593215942,-0.24679306149482727,0.9151696562767029,0.9995507597923279
284,9467,RIGHT_ANKLE,0.302573561668396,0.5524720549583435,-0.21917253732681274,0.9614716172218323,0.9999295473098755
284,9467,LEFT_HEEL,0.611171543598175,0.8800101280212402,-0.25300800800323486,0.901096761226654,0.9990200996398926
284,9467,RIGHT_HEEL,0.3067121207714081,0.592678964138031,-0.2309892475605011,0.940760612487793,0.9998898506164551
284,9467,LEFT_FOOT_INDEX,0.48285111784935,0.8859774470329285,-0.49538692831993103,0.9175277352333069,0.9987714886665344
284,9467,RIGHT_FOOT_INDEX,0.20652689039707184,0.5384002327919006,-0.3666974604129791,0.9554635882377625,0.9995697140693665
285,9500,NOSE,0.5312072038650513,0.23243391513824463,-0.14671333134174347,0.9990687370300293,0.9999964237213135
285,9500,LEFT_EYE_INNER,0.5381887555122375,0.21875037252902985,-0.1792842596769333,0.998849093914032,0.9999943971633911
285,9500,LEFT_EYE,0.5415118336677551,0.21819151937961578,-0.1794542670249939,0.9984966516494751,0.9999947547912598
285,9500,LEFT_EYE_OUTER,0.5443774461746216,0.2173372060060501,-0.1796506941318512,0.9988099336624146,0.9999945163726807
285,9500,RIGHT_EYE_INNER,0.5332486033439636,0.21801869571208954,-0.12640319764614105,0.9992728233337402,0.9999934434890747
285,9500,RIGHT_EYE,0.5332432389259338,0.21704339981079102,-0.12637370824813843,0.9992970824241638,0.999992847442627
285,9500,RIGHT_EYE_OUTER,0.5326989889144897,0.21584177017211914,-0.12642383575439453,0.9995191097259521,0.9999920129776001
285,9500,LEFT_EAR,0.5635910034179688,0.21633441746234894,-0.19972626864910126,0.9965957403182983,0.999996542930603
285,9500,RIGHT_EAR,0.5411678552627563,0.21389152109622955,0.03867329657077789,0.9995506405830383,0.9999943971633911
285,9500,MOUTH_LEFT,0.5400933623313904,0.2425917685031891,-0.1444750428199768,0.9991570115089417,0.9999961853027344
285,9500,MOUTH_RIGHT,0.5341020226478577,0.24203374981880188,-0.07590162754058838,0.9994763731956482,0.9999947547912598
285,9500,LEFT_SHOULDER,0.6305444836616516,0.271746963262558,-0.27997255325317383,0.9982861280441284,0.9999873638153076
285,9500,RIGHT_SHOULDER,0.5334591865539551,0.2729669511318207,0.31870970129966736,0.9995877742767334,0.9999828338623047
285,9500,LEFT_ELBOW,0.5248642563819885,0.35451456904411316,-0.3840036392211914,0.7442680597305298,0.999772846698761
285,9500,RIGHT_ELBOW,0.4865216910839081,0.34094634652137756,0.6794394254684448,0.45808786153793335,0.9997461438179016
285,9500,LEFT_WRIST,0.4847937226295471,0.26759055256843567,-0.24759365618228912,0.7470957636833191,0.9999661445617676
285,9500,RIGHT_WRIST,0.47648048400878906,0.2994447648525238,0.9021964073181152,0.4339733421802521,0.9999500513076782
285,9500,LEFT_PINKY,0.4750393331050873,0.24873653054237366,-0.26199355721473694,0.7085158228874207,0.9999617338180542
285,9500,RIGHT_PINKY,0.4873320162296295,0.2820729911327362,0.9533115029335022,0.40004995465278625,0.999934196472168
285,9500,LEFT_INDEX,0.4876440763473511,0.24104942381381989,-0.2623245120048523,0.7018355131149292,0.9999581575393677
285,9500,RIGHT_INDEX,0.5035151839256287,0.2746843993663788,0.9385597705841064,0.3928164839744568,0.9999440908432007
285,9500,LEFT_THUMB,0.49143457412719727,0.2486766278743744,-0.2397538274526596,0.6596385836601257,0.9999672174453735
285,9500,RIGHT_THUMB,0.5064821243286133,0.27996352314949036,0.9009332656860352,0.3888453543186188,0.9999598264694214
285,9500,LEFT_HIP,0.6039143800735474,0.5051546096801758,-0.20874547958374023,0.997416079044342,0.9999918937683105
285,9500,RIGHT_HIP,0.5376552939414978,0.46814972162246704,0.20950284600257874,0.9991277456283569,0.9999912977218628
285,9500,LEFT_KNEE,0.558747410774231,0.6651737093925476,-0.2676212787628174,0.8551133275032043,0.9999911785125732
285,9500,RIGHT_KNEE,0.39226269721984863,0.3882749676704407,-0.11496720463037491,0.962688148021698,0.9999861717224121
285,9500,LEFT_ANKLE,0.5864356160163879,0.8462262749671936,-0.26649895310401917,0.9234957695007324,0.999517560005188
285,9500,RIGHT_ANKLE,0.3108084499835968,0.5428746938705444,-0.13951706886291504,0.9602428078651428,0.9999246597290039
285,9500,LEFT_HEEL,0.6090803742408752,0.8798758387565613,-0.27305904030799866,0.9094268083572388,0.9989959597587585
285,9500,RIGHT_HEEL,0.31298592686653137,0.5851036310195923,-0.1491406410932541,0.9420623779296875,0.9998829364776611
285,9500,LEFT_FOOT_INDEX,0.483047217130661,0.8860012888908386,-0.5039788484573364,0.9254517555236816,0.998885452747345
285,9500,RIGHT_FOOT_INDEX,0.21242867410182953,0.525894045829773,-0.271025151014328,0.9562807083129883,0.9996237754821777
286,9533,NOSE,0.5211682319641113,0.23422183096408844,-0.1333138346672058,0.9991580247879028,0.999992847442627
286,9533,LEFT_EYE_INNER,0.5298303365707397,0.2207164317369461,-0.16778098046779633,0.9989623427391052,0.9999908208847046
286,9533,LEFT_EYE,0.5329405069351196,0.22021116316318512,-0.1679651290178299,0.9986449480056763,0.9999920129776001
286,9533,LEFT_EYE_OUTER,0.5356488227844238,0.21929936110973358,-0.16818128526210785,0.9989274740219116,0.9999922513961792
286,9533,RIGHT_EYE_INNER,0.5253577828407288,0.21980881690979004,-0.11323598027229309,0.9993429780006409,0.9999879598617554
286,9533,RIGHT_EYE,0.5256847143173218,0.2187189906835556,-0.1131959855556488,0.999363899230957,0.9999865293502808
286,9533,RIGHT_EYE_OUTER,0.5253953337669373,0.21753835678100586,-0.11325497925281525,0.9995640516281128,0.9999843835830688
286,9533,LEFT_EAR,0.5557251572608948,0.21819275617599487,-0.20211510360240936,0.9969341158866882,0.999996542930603
286,9533,RIGHT_EAR,0.5353806018829346,0.21534378826618195,0.04391421377658844,0.9995916485786438,0.9999904632568359
286,9533,MOUTH_LEFT,0.5307126045227051,0.2446250170469284,-0.13630764186382294,0.9992373585700989,0.9999938011169434
286,9533,MOUTH_RIGHT,0.5258666276931763,0.2437744289636612,-0.06565564125776291,0.9995238780975342,0.9999899864196777
286,9533,LEFT_SHOULDER,0.6242706179618835,0.2719320058822632,-0.29752036929130554,0.9984568357467651,0.9999904632568359
286,9533,RIGHT_SHOULDER,0.5374043583869934,0.2724817097187042,0.3161673843860626,0.9996075630187988,0.999977707862854
286,9533,LEFT_ELBOW,0.518544614315033,0.35097765922546387,-0.3489682674407959,0.7650744915008545,0.999678373336792
286,9533,RIGHT_ELBOW,0.4913533329963684,0.3372024893760681,0.6765516400337219,0.4251251816749573,0.999271810054779
286,9533,LEFT_WRIST,0.47970983386039734,0.26800328493118286,-0.17158882319927216,0.7642039060592651,0.9999260902404785
286,9533,RIGHT_WRIST,0.48324260115623474,0.2938295602798462,0.9506142139434814,0.3991001546382904,0.9998477697372437
286,9533,LEFT_PINKY,0.46875518560409546,0.24933619797229767,-0.20895369350910187,0.7253198027610779,0.9999125003814697
286,9533,RIGHT_PINKY,0.48770415782928467,0.28272396326065063,1.0126975774765015,0.36852675676345825,0.9998283386230469
286,9533,LEFT_INDEX,0.4793315529823303,0.24213624000549316,-0.19701899588108063,0.7178499102592468,0.9999104738235474
286,9533,RIGHT_INDEX,0.5087173581123352,0.2784753739833832,1.0121967792510986,0.3614962100982666,0.9998526573181152
286,9533,LEFT_THUMB,0.4860633909702301,0.24920986592769623,-0.16355940699577332,0.6728129982948303,0.9999291896820068
286,9533,RIGHT_THUMB,0.5102813839912415,0.28240373730659485,0.9563078880310059,0.3586649000644684,0.9998855590820312
286,9533,LEFT_HIP,0.6045312881469727,0.5048440098762512,-0.20996856689453125,0.9976730346679688,0.9999939203262329
286,9533,RIGHT_HIP,0.5384035110473633,0.46686315536499023,0.2108202427625656,0.9992109537124634,0.9999927282333374
286,9533,LEFT_KNEE,0.5564693212509155,0.6640202403068542,-0.26036083698272705,0.869417667388916,0.9999922513961792
286,9533,RIGHT_KNEE,0.402010440826416,0.38011103868484497,-0.11978094279766083,0.9619486331939697,0.9999842643737793
286,9533,LEFT_ANKLE,0.5853449702262878,0.846161425113678,-0.26291096210479736,0.9309884905815125,0.99954754114151
286,9533,RIGHT_ANKLE,0.3215479850769043,0.5362891554832458,-0.1829039603471756,0.9592366218566895,0.9999333620071411
286,9533,LEFT_HEEL,0.6078947186470032,0.8797286748886108,-0.2696993350982666,0.9169985055923462,0.9989941716194153
286,9533,RIGHT_HEEL,0.32689422369003296,0.5768716931343079,-0.19763648509979248,0.9435845613479614,0.9998942613601685
286,9533,LEFT_FOOT_INDEX,0.4827282130718231,0.8854387998580933,-0.49579519033432007,0.9326131343841553,0.9988178610801697
286,9533,RIGHT_FOOT_INDEX,0.22270186245441437,0.5237279534339905,-0.316129595041275,0.9570810198783875,0.9995997548103333
287,9567,NOSE,0.5123479962348938,0.2384074330329895,-0.12740947306156158,0.9992405772209167,0.9999972581863403
287,9567,LEFT_EYE_INNER,0.5228064060211182,0.22386188805103302,-0.15784858167171478,0.9990652203559875,0.9999958276748657
287,9567,LEFT_EYE,0.5265091061592102,0.22329139709472656,-0.15802228450775146,0.9987794756889343,0.9999961853027344
287,9567,LEFT_EYE_OUTER,0.5297955274581909,0.2224545180797577,-0.1582302749156952,0.99903404712677,0.9999961853027344
287,9567,RIGHT_EYE_INNER,0.5164466500282288,0.22309765219688416,-0.1064695343375206,0.9994074702262878,0.9999948740005493
287,9567,RIGHT_EYE,0.5161161422729492,0.2220565527677536,-0.10644703358411789,0.9994257688522339,0.9999942779541016
287,9567,RIGHT_EYE_OUTER,0.5151820182800293,0.22091704607009888,-0.10649377852678299,0.9996061325073242,0.9999934434890747
287,9567,LEFT_EAR,0.5506953597068787,0.2206091731786728,-0.18613353371620178,0.9972394704818726,0.9999982118606567
287,9567,RIGHT_EAR,0.5250792503356934,0.21768783032894135,0.055527463555336,0.9996308088302612,0.9999963045120239
287,9567,MOUTH_LEFT,0.5229306817054749,0.24857667088508606,-0.12445149570703506,0.9993119835853577,0.9999977350234985
287,9567,MOUTH_RIGHT,0.5160797238349915,0.24783556163311005,-0.057891301810741425,0.9995697140693665,0.999996542930603
287,9567,LEFT_SHOULDER,0.6215857863426208,0.2725618779659271,-0.27149254083633423,0.9986106753349304,0.9999943971633911
287,9567,RIGHT_SHOULDER,0.5202606916427612,0.27255722880363464,0.3256876766681671,0.9996392726898193,0.9999933242797852
287,9567,LEFT_ELBOW,0.5176004767417908,0.3493775427341461,-0.3070056438446045,0.784995973110199,0.999788224697113
287,9567,RIGHT_ELBOW,0.4745635986328125,0.337421715259552,0.6941978335380554,0.4054061770439148,0.9996935129165649
287,9567,LEFT_WRIST,0.47419655323028564,0.2682535648345947,-0.12607668340206146,0.7810080647468567,0.9999592304229736
287,9567,RIGHT_WRIST,0.48733657598495483,0.2963213324546814,0.9604029655456543,0.37502896785736084,0.9999432563781738
287,9567,LEFT_PINKY,0.4610610604286194,0.24974817037582397,-0.13633489608764648,0.7421950697898865,0.9999486207962036
287,9567,RIGHT_PINKY,0.48988077044487,0.2876744270324707,1.0175886154174805,0.34618765115737915,0.9999302625656128
287,9567,LEFT_INDEX,0.4716551601886749,0.24272243678569794,-0.15782858431339264,0.7341396808624268,0.9999469518661499
287,9567,RIGHT_INDEX,0.5091491937637329,0.2832185626029968,1.0170842409133911,0.33905139565467834,0.9999411106109619
287,9567,LEFT_THUMB,0.4774743914604187,0.2496582567691803,-0.12552481889724731,0.6872170567512512,0.9999605417251587
287,9567,RIGHT_THUMB,0.5107901692390442,0.28660812973976135,0.9666727185249329,0.33721908926963806,0.9999558925628662
287,9567,LEFT_HIP,0.6049880981445312,0.5040579438209534,-0.2090877741575241,0.997904360294342,0.9999943971633911
287,9567,RIGHT_HIP,0.5373212695121765,0.46644115447998047,0.20999503135681152,0.9992871284484863,0.9999951124191284
287,9567,LEFT_KNEE,0.5548876523971558,0.6629094481468201,-0.23827534914016724,0.8821114301681519,0.999993085861206
287,9567,RIGHT_KNEE,0.4074171483516693,0.375333696603775,-0.1961272805929184,0.9603164792060852,0.9999904632568359
287,9567,LEFT_ANKLE,0.5850282311439514,0.8461223244667053,-0.24906930327415466,0.9375751614570618,0.9996441602706909
287,9567,RIGHT_ANKLE,0.3395118713378906,0.5339072942733765,-0.32938075065612793,0.9558277130126953,0.9999611377716064
287,9567,LEFT_HEEL,0.6077398061752319,0.8794701099395752,-0.25752100348472595,0.9232089519500732,0.9992096424102783
287,9567,RIGHT_HEEL,0.349050909280777,0.5755093097686768,-0.35129600763320923,0.9440408945083618,0.999934196472168
287,9567,LEFT_FOOT_INDEX,0.4828241169452667,0.8852159380912781,-0.4783823788166046,0.9388967156410217,0.9990873336791992
287,9567,RIGHT_FOOT_INDEX,0.23574312031269073,0.5321999192237854,-0.4809856116771698,0.9571682810783386,0.9997186064720154
288,9600,NOSE,0.5074143409729004,0.2400481104850769,-0.11304211616516113,0.999315083026886,0.9999974966049194
288,9600,LEFT_EYE_INNER,0.5173227190971375,0.22538027167320251,-0.15691006183624268,0.9991578459739685,0.9999964237213135
288,9600,LEFT_EYE,0.5211712121963501,0.22486959397792816,-0.15705348551273346,0.9989005327224731,0.9999969005584717
288,9600,LEFT_EYE_OUTER,0.524587094783783,0.22412124276161194,-0.15712803602218628,0.9991300106048584,0.9999969005584717
288,9600,RIGHT_EYE_INNER,0.5103581547737122,0.22435486316680908,-0.09508903324604034,0.9994656443595886,0.9999955892562866
288,9600,RIGHT_EYE,0.5099430680274963,0.22326608002185822,-0.09510530531406403,0.9994816184043884,0.9999951124191284
288,9600,RIGHT_EYE_OUTER,0.5089101195335388,0.22207894921302795,-0.0952315628528595,0.9996442198753357,0.9999943971633911
288,9600,LEFT_EAR,0.5457359552383423,0.22198203206062317,-0.1318914145231247,0.9975143074989319,0.9999984502792358
288,9600,RIGHT_EAR,0.518142819404602,0.21914486587047577,0.08506329357624054,0.9996663331985474,0.9999972581863403
288,9600,MOUTH_LEFT,0.5183037519454956,0.2504403591156006,-0.11664623767137527,0.99937903881073,0.9999983310699463
288,9600,MOUTH_RIGHT,0.5110318064689636,0.24955227971076965,-0.04932425916194916,0.9996110200881958,0.9999977350234985
288,9600,LEFT_SHOULDER,0.6166212558746338,0.2729306221008301,-0.2159595638513565,0.9987490773200989,0.9999957084655762
288,9600,RIGHT_SHOULDER,0.5104459524154663,0.27400749921798706,0.3335644006729126,0.999668300151825,0.9999964237213135
288,9600,LEFT_ELBOW,0.5119218230247498,0.3479531407356262,-0.23924437165260315,0.8015751838684082,0.9997852444648743
288,9600,RIGHT_ELBOW,0.4804680347442627,0.3569484353065491,0.6498129367828369,0.3757915198802948,0.9996806383132935
288,9600,LEFT_WRIST,0.4700353741645813,0.26835548877716064,0.01573244296014309,0.7920413017272949,0.9999464750289917
288,9600,RIGHT_WRIST,0.5108343362808228,0.3525083661079407,0.8253498673439026,0.34421321749687195,0.9999001026153564
288,9600,LEFT_PINKY,0.4597119390964508,0.24928277730941772,0.017771154642105103,0.7524369955062866,0.9999339580535889
288,9600,RIGHT_PINKY,0.5190468430519104,0.3571661412715912,0.8635592460632324,0.3185872733592987,0.999885082244873
288,9600,LEFT_INDEX,0.4683668315410614,0.24299517273902893,0.004868095740675926,0.7435740232467651,0.9999281167984009
288,9600,RIGHT_INDEX,0.5386468172073364,0.35165369510650635,0.8590556383132935,0.3118942379951477,0.9999034404754639
288,9600,LEFT_THUMB,0.4771781265735626,0.2502077519893646,0.0207276102155447,0.6944106221199036,0.9999454021453857
288,9600,RIGHT_THUMB,0.5377113819122314,0.3500612676143646,0.828436553478241,0.31097912788391113,0.9999231100082397
288,9600,LEFT_HIP,0.6053780317306519,0.503044605255127,-0.20409491658210754,0.9981130361557007,0.9999978542327881
288,9600,RIGHT_HIP,0.5360586643218994,0.4674393832683563,0.20494815707206726,0.9993565678596497,0.9999982118606567
288,9600,LEFT_KNEE,0.5539889931678772,0.6625161170959473,-0.20772573351860046,0.8935556411743164,0.9999960660934448
288,9600,RIGHT_KNEE,0.41168078780174255,0.3791751265525818,-0.21300604939460754,0.9571564793586731,0.9999939203262329
288,9600,LEFT_ANKLE,0.5850301384925842,0.8465534448623657,-0.22487808763980865,0.9434391260147095,0.9997445940971375
288,9600,RIGHT_ANKLE,0.36569562554359436,0.5415819883346558,-0.3816875219345093,0.9503762722015381,0.9999748468399048
288,9600,LEFT_HEEL,0.6089385151863098,0.8793672323226929,-0.23482061922550201,0.9283109307289124,0.9994144439697266
288,9600,RIGHT_HEEL,0.37705546617507935,0.5828433632850647,-0.4070550203323364,0.9421426057815552,0.999956488609314
288,9600,LEFT_FOOT_INDEX,0.4834158420562744,0.8852043747901917,-0.45085322856903076,0.9444628953933716,0.9992043375968933
288,9600,RIGHT_FOOT_INDEX,0.264864057302475,0.5444152355194092,-0.5355441570281982,0.9565618634223938,0.9997840523719788
289,9633,NOSE,0.5039178729057312,0.24260850250720978,-0.10833278298377991,0.9993795156478882,0.9999936819076538
289,9633,LEFT_EYE_INNER,0.5122727155685425,0.2274227887392044,-0.14448444545269012,0.9992399215698242,0.9999926090240479
289,9633,LEFT_EYE,0.5158452987670898,0.2268490493297577,-0.14463722705841064,0.9990081787109375,0.9999936819076538
289,9633,LEFT_EYE_OUTER,0.5194903612136841,0.22612637281417847,-0.14477388560771942,0.9992156028747559,0.999994158744812
289,9633,RIGHT_EYE_INNER,0.5066470503807068,0.2265886664390564,-0.08718891441822052,0.9995161890983582,0.9999897480010986
289,9633,RIGHT_EYE,0.5066338777542114,0.22555489838123322,-0.08718123286962509,0.9995291233062744,0.999988317489624
289,9633,RIGHT_EYE_OUTER,0.5048409104347229,0.22442631423473358,-0.08727610111236572,0.9996761679649353,0.9999862909317017
289,9633,LEFT_EAR,0.5402954816818237,0.22435243427753448,-0.13426987826824188,0.9977602958679199,0.9999973773956299
289,9633,RIGHT_EAR,0.5149440169334412,0.2222335785627365,0.08570453524589539,0.9996957778930664,0.9999922513961792
289,9633,MOUTH_LEFT,0.5154083967208862,0.25325700640678406,-0.10912390798330307,0.9994363188743591,0.9999955892562866
289,9633,MOUTH_RIGHT,0.5087990164756775,0.2527969479560852,-0.04129612073302269,0.9996440410614014,0.9999923706054688
289,9633,LEFT_SHOULDER,0.6121616959571838,0.27315983176231384,-0.2294328510761261,0.9988735318183899,0.9999936819076538
289,9633,RIGHT_SHOULDER,0.516026496887207,0.28075864911079407,0.3292868733406067,0.999684751033783,0.9999880790710449
289,9633,LEFT_ELBOW,0.5075480341911316,0.34742823243141174,-0.2563953101634979,0.8166245222091675,0.9997549653053284
289,9633,RIGHT_ELBOW,0.48519060015678406,0.3599454462528229,0.6399726271629333,0.3548443019390106,0.9995126724243164
289,9633,LEFT_WRIST,0.4604682922363281,0.27245745062828064,-0.004879929590970278,0.8028649091720581,0.9999216794967651
289,9633,RIGHT_WRIST,0.525519847869873,0.3468351364135742,0.8372899293899536,0.319934606552124,0.999859094619751
289,9633,LEFT_PINKY,0.4474385976791382,0.255746990442276,-0.0002544067392591387,0.7635513544082642,0.9999051094055176
289,9633,RIGHT_PINKY,0.5359078049659729,0.347688764333725,0.8778871893882751,0.29638001322746277,0.9998466968536377
289,9633,LEFT_INDEX,0.45869165658950806,0.24718600511550903,-0.006372157949954271,0.7544316649436951,0.9999022483825684
289,9633,RIGHT_INDEX,0.5528741478919983,0.3419468402862549,0.8746399283409119,0.2900700867176056,0.9998712539672852
289,9633,LEFT_THUMB,0.46904081106185913,0.2555277645587921,0.0029328137170523405,0.7033171653747559,0.9999215602874756
289,9633,RIGHT_THUMB,0.550696849822998,0.3417908251285553,0.8406687378883362,0.2898336946964264,0.9998936653137207
289,9633,LEFT_HIP,0.6052165627479553,0.5029925107955933,-0.20384113490581512,0.9983006119728088,0.9999963045120239
289,9633,RIGHT_HIP,0.5359510183334351,0.46857911348342896,0.2046760767698288,0.9994174838066101,0.9999958276748657
289,9633,LEFT_KNEE,0.5520859956741333,0.6625161170959473,-0.23302382230758667,0.9037471413612366,0.9999955892562866
289,9633,RIGHT_KNEE,0.41191333532333374,0.38924065232276917,-0.16622939705848694,0.9511516094207764,0.9999880790710449
289,9633,LEFT_ANKLE,0.5847362279891968,0.8468979001045227,-0.24525821208953857,0.9488108158111572,0.9997014403343201
289,9633,RIGHT_ANKLE,0.38728320598602295,0.5527725219726562,-0.24674448370933533,0.9426394104957581,0.9999675750732422
289,9633,LEFT_HEEL,0.6093016266822815,0.8792992830276489,-0.2538432478904724,0.9335178136825562,0.9993112087249756
289,9633,RIGHT_HEEL,0.4088557958602905,0.5924596786499023,-0.26176008582115173,0.9379229545593262,0.9999474287033081
289,9633,LEFT_FOOT_INDEX,0.4824937582015991,0.8851097822189331,-0.46697908639907837,0.9495779871940613,0.9990414977073669
289,9633,RIGHT_FOOT_INDEX,0.2932780981063843,0.5582920908927917,-0.3753177225589752,0.9541431665420532,0.9997841715812683
290,9667,NOSE,0.5001558661460876,0.24288704991340637,-0.10820110887289047,0.9994332194328308,0.9999570846557617
290,9667,LEFT_EYE_INNER,0.50738924741745,0.22862139344215393,-0.14970263838768005,0.9993114471435547,0.9999552965164185
290,9667,LEFT_EYE,0.5101471543312073,0.22817862033843994,-0.14986279606819153,0.9991031885147095,0.9999605417251587
290,9667,LEFT_EYE_OUTER,0.5127156972885132,0.22763480246067047,-0.1500367373228073,0.999291181564331,0.9999634027481079
290,9667,RIGHT_EYE_INNER,0.504974901676178,0.22772879898548126,-0.08985673636198044,0.9995586276054382,0.999946117401123
290,9667,RIGHT_EYE,0.5061436295509338,0.22680634260177612,-0.08984513580799103,0.9995681047439575,0.9999427795410156
290,9667,RIGHT_EYE_OUTER,0.5063193440437317,0.22575536370277405,-0.0899239256978035,0.999700665473938,0.9999375343322754
290,9667,LEFT_EAR,0.533488392829895,0.22633300721645355,-0.2189435362815857,0.9979801774024963,0.9999828338623047
290,9667,RIGHT_EAR,0.5181926488876343,0.22439250349998474,0.0465504489839077,0.9997180104255676,0.9999613761901855
290,9667,MOUTH_LEFT,0.5130243301391602,0.2539912462234497,-0.12444174289703369,0.9994829297065735,0.9999676942825317
290,9667,MOUTH_RIGHT,0.5097180008888245,0.25353172421455383,-0.048599209636449814,0.9996656179428101,0.9999476671218872
290,9667,LEFT_SHOULDER,0.6029150485992432,0.27492907643318176,-0.3499550521373749,0.9989847540855408,0.9999656677246094
290,9667,RIGHT_SHOULDER,0.5373542904853821,0.2806340157985687,0.29693612456321716,0.9996588230133057,0.9999059438705444
290,9667,LEFT_ELBOW,0.49944692850112915,0.35440337657928467,-0.3475961983203888,0.8293858766555786,0.9993422627449036
290,9667,RIGHT_ELBOW,0.48503345251083374,0.34946513175964355,0.6260929107666016,0.331367164850235,0.9988467693328857
290,9667,LEFT_WRIST,0.45407581329345703,0.28537192940711975,-0.03375063091516495,0.8123624920845032,0.9997853636741638
290,9667,RIGHT_WRIST,0.4772111773490906,0.3099578320980072,0.8404656648635864,0.298856258392334,0.9995835423469543
290,9667,LEFT_PINKY,0.4430506229400635,0.27195367217063904,-0.01910489797592163,0.773825466632843,0.999758780002594
290,9667,RIGHT_PINKY,0.47875210642814636,0.30083203315734863,0.8891312479972839,0.2779625356197357,0.9995061159133911
290,9667,LEFT_INDEX,0.4555395841598511,0.2622826099395752,-0.04148824140429497,0.7646846771240234,0.999744713306427
290,9667,RIGHT_INDEX,0.4917866289615631,0.296245813369751,0.8844648003578186,0.27206116914749146,0.9995648264884949
290,9667,LEFT_THUMB,0.4645761549472809,0.26948583126068115,-0.028990700840950012,0.7122354507446289,0.9997904896736145
290,9667,RIGHT_THUMB,0.4863038957118988,0.2942439615726471,0.841970682144165,0.2726960778236389,0.9996604919433594
290,9667,LEFT_HIP,0.6046149134635925,0.5039438605308533,-0.20943698287010193,0.9984683990478516,0.9999914169311523
290,9667,RIGHT_HIP,0.5361770987510681,0.4736204445362091,0.2102525234222412,0.9994648098945618,0.9999861717224121
290,9667,LEFT_KNEE,0.5494546890258789,0.6647757887840271,-0.27924102544784546,0.9131147861480713,0.9999922513961792
290,9667,RIGHT_KNEE,0.4115827679634094,0.39516469836235046,0.1041218489408493,0.9470483660697937,0.9999606609344482
290,9667,LEFT_ANKLE,0.5845108032226562,0.8478395342826843,-0.30184417963027954,0.9537848830223083,0.9993354678153992
290,9667,RIGHT_ANKLE,0.4079435467720032,0.5545890927314758,0.20302405953407288,0.9375708699226379,0.9999203681945801
290,9667,LEFT_HEEL,0.6093255877494812,0.8792030215263367,-0.30842873454093933,0.9390960931777954,0.9984912872314453
290,9667,RIGHT_HEEL,0.43519097566604614,0.6006138920783997,0.20631948113441467,0.9335615038871765,0.9998843669891357
290,9667,LEFT_FOOT_INDEX,0.4820929169654846,0.8847649097442627,-0.483397513628006,0.9543709754943848,0.997385561466217
290,9667,RIGHT_FOOT_INDEX,0.3152161240577698,0.5799665451049805,0.1623627096414566,0.9507060050964355,0.999599039554596
291,9700,NOSE,0.5008167624473572,0.24410852789878845,-0.16121773421764374,0.9994838237762451,0.9999226331710815
291,9700,LEFT_EYE_INNER,0.5069175362586975,0.22930091619491577,-0.20372965931892395,0.9993765354156494,0.9999279975891113
291,9700,LEFT_EYE,0.5102046132087708,0.22895221412181854,-0.2039240002632141,0.9991894960403442,0.9999366998672485
291,9700,LEFT_EYE_OUTER,0.5127962827682495,0.22851869463920593,-0.2041247934103012,0.9993596076965332,0.9999411106109619
291,9700,RIGHT_EYE_INNER,0.5037161707878113,0.22828161716461182,-0.14343909919261932,0.9995978474617004,0.9999101161956787
291,9700,RIGHT_EYE,0.5041754841804504,0.22732235491275787,-0.14344936609268188,0.999604344367981,0.9999037981033325
291,9700,RIGHT_EYE_OUTER,0.5039982795715332,0.22625447809696198,-0.14352242648601532,0.9997233152389526,0.9998959302902222
291,9700,LEFT_EAR,0.5310590863227844,0.22836801409721375,-0.2625613808631897,0.9981789588928223,0.9999693632125854
291,9700,RIGHT_EAR,0.513941764831543,0.2250547558069229,0.003653951920568943,0.9997388124465942,0.9999288320541382
291,9700,MOUTH_LEFT,0.5133280158042908,0.25582996010780334,-0.1739683449268341,0.9995278716087341,0.9999394416809082
291,9700,MOUTH_RIGHT,0.508903443813324,0.255158931016922,-0.09703277051448822,0.9996886253356934,0.9999004602432251
291,9700,LEFT_SHOULDER,0.5938542485237122,0.2798766493797302,-0.3843437731266022,0.9990846514701843,0.9999356269836426
291,9700,RIGHT_SHOULDER,0.5428800582885742,0.2805335819721222,0.298722505569458,0.9996148943901062,0.9998142123222351
291,9700,LEFT_ELBOW,0.4994204342365265,0.36575183272361755,-0.3712763786315918,0.8409543633460999,0.9990662932395935
291,9700,RIGHT_ELBOW,0.4855490028858185,0.34535515308380127,0.681136429309845,0.3068588674068451,0.9984754920005798
291,9700,LEFT_WRIST,0.4529827833175659,0.3039320707321167,-0.07029463350772858,0.820989191532135,0.999769389629364
291,9700,RIGHT_WRIST,0.4728409945964813,0.3056744337081909,0.9438662528991699,0.27713173627853394,0.9994786381721497
291,9700,LEFT_PINKY,0.4432242214679718,0.2924337089061737,-0.05954788625240326,0.7839701771736145,0.9997501969337463
291,9700,RIGHT_PINKY,0.4674355387687683,0.2976827919483185,1.0032447576522827,0.25960665941238403,0.9994183778762817
291,9700,LEFT_INDEX,0.45585790276527405,0.28257229924201965,-0.08955296874046326,0.7750451564788818,0.9997245669364929
291,9700,RIGHT_INDEX,0.4787347614765167,0.2932378947734833,0.9911396503448486,0.25425782799720764,0.9994693398475647
291,9700,LEFT_THUMB,0.4614531397819519,0.28852128982543945,-0.06815797835588455,0.7211844325065613,0.9997738003730774
291,9700,RIGHT_THUMB,0.48022571206092834,0.29034775495529175,0.9419928193092346,0.25588133931159973,0.9995810389518738
291,9700,LEFT_HIP,0.6039318442344666,0.5095071196556091,-0.22067376971244812,0.998618483543396,0.9999849796295166
291,9700,RIGHT_HIP,0.5401116013526917,0.4854728877544403,0.2215609848499298,0.9995047450065613,0.9999788999557495
291,9700,LEFT_KNEE,0.5447853803634644,0.6683877110481262,-0.2871371805667877,0.9215967655181885,0.999990701675415
291,9700,RIGHT_KNEE,0.40890926122665405,0.42213794589042664,0.1492091417312622,0.945869505405426,0.9999487400054932
291,9700,LEFT_ANKLE,0.5847033262252808,0.8480908274650574,-0.30110234022140503,0.9583175778388977,0.9994660019874573
291,9700,RIGHT_ANKLE,0.4204156994819641,0.5892587900161743,0.2962198257446289,0.9367386102676392,0.9999264478683472
291,9700,LEFT_HEEL,0.609953761100769,0.8791552186012268,-0.3046124577522278,0.9446091055870056,0.9988476037979126
291,9700,RIGHT_HEEL,0.44951480627059937,0.6222063302993774,0.30286845564842224,0.933190107345581,0.9998971223831177
291,9700,LEFT_FOOT_INDEX,0.48212623596191406,0.8846137523651123,-0.47413232922554016,0.9587795734405518,0.9978367686271667
291,9700,RIGHT_FOOT_INDEX,0.32944199442863464,0.6230127215385437,0.24536840617656708,0.9494931101799011,0.9996426105499268
292,9733,NOSE,0.4996974766254425,0.24364812672138214,-0.1437460035085678,0.9995306730270386,0.9998780488967896
292,9733,LEFT_EYE_INNER,0.5044496059417725,0.22921882569789886,-0.1788877695798874,0.9994348883628845,0.9998757839202881
292,9733,LEFT_EYE,0.5066903829574585,0.22875656187534332,-0.17905892431735992,0.9992672801017761,0.9998860359191895
292,9733,LEFT_EYE_OUTER,0.508381187915802,0.22822503745555878,-0.17925101518630981,0.9994210004806519,0.999893069267273
292,9733,RIGHT_EYE_INNER,0.5018873810768127,0.228420227766037,-0.12126258760690689,0.9996336102485657,0.9998619556427002
292,9733,RIGHT_EYE,0.5025603771209717,0.2275046557188034,-0.12126176059246063,0.999638557434082,0.9998594522476196
292,9733,RIGHT_EYE_OUTER,0.5038471817970276,0.22649161517620087,-0.12133032828569412,0.9997449517250061,0.9998550415039062
292,9733,LEFT_EAR,0.5254831314086914,0.22859716415405273,-0.25586333870887756,0.9983577728271484,0.9999475479125977
292,9733,RIGHT_EAR,0.5152704119682312,0.22595086693763733,0.0253713671118021,0.9997585415840149,0.9999097585678101
292,9733,MOUTH_LEFT,0.5115557312965393,0.25547510385513306,-0.15071138739585876,0.9995688199996948,0.9999227523803711
292,9733,MOUTH_RIGHT,0.5083117485046387,0.25490015745162964,-0.07505641877651215,0.9997096061706543,0.99988853931427
292,9733,LEFT_SHOULDER,0.591396689414978,0.2842281758785248,-0.39326128363609314,0.9991748332977295,0.9999556541442871
292,9733,RIGHT_SHOULDER,0.542584240436554,0.28181877732276917,0.3062570095062256,0.9996029734611511,0.9998937845230103
292,9733,LEFT_ELBOW,0.5019451379776001,0.3835497498512268,-0.34981605410575867,0.8517836332321167,0.9993301630020142
292,9733,RIGHT_ELBOW,0.48660311102867126,0.3513062000274658,0.6442305445671082,0.2905455529689789,0.9992291927337646
292,9733,LEFT_WRIST,0.4497019946575165,0.3234209716320038,-0.0044912006705999374,0.8279939889907837,0.999849796295166
292,9733,RIGHT_WRIST,0.46532872319221497,0.3108845055103302,0.8323440551757812,0.2610674202442169,0.9997068047523499
292,9733,LEFT_PINKY,0.4399550259113312,0.31117984652519226,0.011915905401110649,0.7924151420593262,0.9998435974121094
292,9733,RIGHT_PINKY,0.45651668310165405,0.2983906865119934,0.8801695704460144,0.2462807297706604,0.9996740818023682
292,9733,LEFT_INDEX,0.45222386717796326,0.3016220033168793,-0.013824761845171452,0.783742368221283,0.9998388290405273
292,9733,RIGHT_INDEX,0.4707221984863281,0.29718509316444397,0.872749924659729,0.24120403826236725,0.9996955394744873
292,9733,LEFT_THUMB,0.4584870934486389,0.3066091537475586,0.001007885322906077,0.7294015288352966,0.9998618364334106
292,9733,RIGHT_THUMB,0.47377824783325195,0.29460328817367554,0.8292181491851807,0.24327519536018372,0.9997485280036926
292,9733,LEFT_HIP,0.6039669513702393,0.5139659643173218,-0.2293032854795456,0.9987552762031555,0.999996542930603
292,9733,RIGHT_HIP,0.5422945618629456,0.4949684143066406,0.23001985251903534,0.9995458722114563,0.9999938011169434
292,9733,LEFT_KNEE,0.5412735342979431,0.668744683265686,-0.30453476309776306,0.9294047951698303,0.9999982118606567
292,9733,RIGHT_KNEE,0.4006362855434418,0.4558451175689697,0.3226904273033142,0.9478491544723511,0.9999818801879883
292,9733,LEFT_ANKLE,0.584867537021637,0.84812992811203,-0.3274058401584625,0.9624693989753723,0.9998555183410645
292,9733,RIGHT_ANKLE,0.42668479681015015,0.621414065361023,0.5824611186981201,0.9396589994430542,0.9999779462814331
292,9733,LEFT_HEEL,0.6107122302055359,0.8790916204452515,-0.3314525783061981,0.9500113129615784,0.9996651411056519
292,9733,RIGHT_HEEL,0.46232694387435913,0.648884654045105,0.6011701822280884,0.9357200860977173,0.9999716281890869
292,9733,LEFT_FOOT_INDEX,0.4819188714027405,0.8845844864845276,-0.47992461919784546,0.9628564715385437,0.9989184141159058
292,9733,RIGHT_FOOT_INDEX,0.34299424290657043,0.6588555574417114,0.5837016701698303,0.9506761431694031,0.9998844861984253
293,9767,NOSE,0.49602556228637695,0.24350029230117798,-0.0750182643532753,0.9995754957199097,0.9999164342880249
293,9767,LEFT_EYE_INNER,0.5000839233398438,0.22976933419704437,-0.12748703360557556,0.9994895458221436,0.9998879432678223
293,9767,LEFT_EYE,0.5016685724258423,0.22927367687225342,-0.12752923369407654,0.9993389844894409,0.9998881816864014
293,9767,LEFT_EYE_OUTER,0.5030840635299683,0.2287348061800003,-0.12760628759860992,0.9994776248931885,0.9998846054077148
293,9767,RIGHT_EYE_INNER,0.49977320432662964,0.22904227674007416,-0.05804324150085449,0.9996683597564697,0.9998923540115356
293,9767,RIGHT_EYE,0.5013293623924255,0.22813765704631805,-0.05806005746126175,0.999672532081604,0.9998939037322998
293,9767,RIGHT_EYE_OUTER,0.5027841329574585,0.22716520726680756,-0.058130379766225815,0.9997683167457581,0.9998925924301147
293,9767,LEFT_EAR,0.519676923751831,0.23000143468379974,-0.23211683332920074,0.9985204339027405,0.9999382495880127
293,9767,RIGHT_EAR,0.5172287821769714,0.22733329236507416,0.0597275085747242,0.9997793436050415,0.9999305009841919
293,9767,MOUTH_LEFT,0.5066739916801453,0.2551007866859436,-0.11151932179927826,0.9996086359024048,0.9999353885650635
293,9767,MOUTH_RIGHT,0.5054957270622253,0.2545467019081116,-0.022338155657052994,0.9997323751449585,0.9999226331710815
293,9767,LEFT_SHOULDER,0.5879623889923096,0.29099512100219727,-0.388785719871521,0.9992560744285583,0.999953031539917
293,9767,RIGHT_SHOULDER,0.5450268983840942,0.28641003370285034,0.3196605145931244,0.9996035099029541,0.9999297857284546
293,9767,LEFT_ELBOW,0.5038528442382812,0.3950309753417969,-0.3405243456363678,0.8637053370475769,0.9994673132896423
293,9767,RIGHT_ELBOW,0.48748448491096497,0.3701525926589966,0.5003319978713989,0.2794368267059326,0.9995083808898926
293,9767,LEFT_WRIST,0.45214253664016724,0.3381730914115906,0.07058512419462204,0.8389542698860168,0.9998953342437744
293,9767,RIGHT_WRIST,0.45980706810951233,0.32996150851249695,0.5099771618843079,0.2503102421760559,0.9998173117637634
293,9767,LEFT_PINKY,0.44184890389442444,0.3284584581851959,0.09366631507873535,0.8039483428001404,0.9998823404312134
293,9767,RIGHT_PINKY,0.4483778774738312,0.3227105736732483,0.5361066460609436,0.23663581907749176,0.9997920393943787
293,9767,LEFT_INDEX,0.45375779271125793,0.3188651204109192,0.07942169904708862,0.7954873442649841,0.9998824596405029
293,9767,RIGHT_INDEX,0.4604955315589905,0.3132924735546112,0.5387186408042908,0.23138052225112915,0.9998055100440979
293,9767,LEFT_THUMB,0.46024826169013977,0.32286539673805237,0.0820012167096138,0.7423030138015747,0.9999041557312012
293,9767,RIGHT_THUMB,0.46513789892196655,0.31370216608047485,0.5063009262084961,0.23400898277759552,0.9998356103897095
293,9767,LEFT_HIP,0.606760561466217,0.5226373672485352,-0.2348250448703766,0.9988777041435242,0.999994158744812
293,9767,RIGHT_HIP,0.5494833588600159,0.5081703662872314,0.2352478951215744,0.9995814561843872,0.9999929666519165
293,9767,LEFT_KNEE,0.5350942015647888,0.6691473126411438,-0.31186896562576294,0.9364297986030579,0.9999978542327881
293,9767,RIGHT_KNEE,0.39067932963371277,0.494865745306015,0.3356744349002838,0.9484251737594604,0.999981164932251
293,9767,LEFT_ANKLE,0.5847888588905334,0.847955048084259,-0.3379998803138733,0.9662034511566162,0.9997950196266174
293,9767,RIGHT_ANKLE,0.4244547486305237,0.6608560681343079,0.5835136771202087,0.9420985579490662,0.9999741315841675
293,9767,LEFT_HEEL,0.6115756630897522,0.8789215683937073,-0.3423251509666443,0.9548241496086121,0.999529242515564
293,9767,RIGHT_HEEL,0.45968711376190186,0.6878466010093689,0.6018615961074829,0.9373868107795715,0.9999644756317139
293,9767,LEFT_FOOT_INDEX,0.48206132650375366,0.8849565386772156,-0.4821407198905945,0.9665290117263794,0.9986441731452942
293,9767,RIGHT_FOOT_INDEX,0.33905738592147827,0.6994754076004028,0.5977309942245483,0.9524946212768555,0.9998704195022583
294,9800,NOSE,0.49401479959487915,0.24989087879657745,-0.049804117530584335,0.9996170401573181,0.9999455213546753
294,9800,LEFT_EYE_INNER,0.4994202256202698,0.23692044615745544,-0.10114753246307373,0.999539852142334,0.9999150037765503
294,9800,LEFT_EYE,0.501101553440094,0.2364303320646286,-0.10116545110940933,0.9994043707847595,0.9999085664749146
294,9800,LEFT_EYE_OUTER,0.5028120875358582,0.2358386516571045,-0.10121984034776688,0.999529242515564,0.9998953342437744
294,9800,RIGHT_EYE_INNER,0.4990607798099518,0.2363472282886505,-0.030896397307515144,0.9997007846832275,0.9999300241470337
294,9800,RIGHT_EYE,0.5006809234619141,0.2355232536792755,-0.030912406742572784,0.9997044801712036,0.9999337196350098
294,9800,RIGHT_EYE_OUTER,0.5020805597305298,0.2345055192708969,-0.03095940127968788,0.9997907280921936,0.9999349117279053
294,9800,LEFT_EAR,0.5203697085380554,0.2387116253376007,-0.23030680418014526,0.9986677765846252,0.9999369382858276
294,9800,RIGHT_EAR,0.5183728933334351,0.23565883934497833,0.09174080193042755,0.9998001456260681,0.9999593496322632
294,9800,MOUTH_LEFT,0.5059372186660767,0.26180702447891235,-0.0872374102473259,0.9996461272239685,0.9999405145645142
294,9800,MOUTH_RIGHT,0.5044592618942261,0.26147031784057617,0.0025147092528641224,0.9997561573982239,0.9999418258666992
294,9800,LEFT_SHOULDER,0.5866794586181641,0.30266010761260986,-0.3726181089878082,0.9993287324905396,0.9999030828475952
294,9800,RIGHT_SHOULDER,0.545367419719696,0.29565420746803284,0.3297433853149414,0.9996139407157898,0.9999473094940186
294,9800,LEFT_ELBOW,0.5199950337409973,0.40909242630004883,-0.3401378393173218,0.8747618794441223,0.999139666557312
294,9800,RIGHT_ELBOW,0.5027285814285278,0.39100128412246704,0.3881184160709381,0.26602238416671753,0.9995112419128418
294,9800,LEFT_WRIST,0.45284539461135864,0.3573034405708313,0.09152612090110779,0.8472824096679688,0.9998061060905457
294,9800,RIGHT_WRIST,0.4640319347381592,0.3545084297657013,0.27713385224342346,0.23633523285388947,0.9998062252998352
294,9800,LEFT_PINKY,0.44318220019340515,0.3506888151168823,0.11678804457187653,0.8110557198524475,0.9997983574867249
294,9800,RIGHT_PINKY,0.4524030089378357,0.3521970510482788,0.2881789207458496,0.22359728813171387,0.9997950196266174
294,9800,LEFT_INDEX,0.45441684126853943,0.3397365212440491,0.10942526161670685,0.8025036454200745,0.9998016953468323
294,9800,RIGHT_INDEX,0.46262621879577637,0.34074121713638306,0.2971504330635071,0.218194380402565,0.9998065829277039
294,9800,LEFT_THUMB,0.46053194999694824,0.34200599789619446,0.1057644709944725,0.7492325901985168,0.9998366832733154
294,9800,RIGHT_THUMB,0.4668223261833191,0.3413231074810028,0.2722717821598053,0.2212628573179245,0.9998338222503662
294,9800,LEFT_HIP,0.6108949780464172,0.5275561809539795,-0.23254336416721344,0.998987078666687,0.999987006187439
294,9800,RIGHT_HIP,0.557834804058075,0.5148889422416687,0.23316656053066254,0.9996156096458435,0.999992847442627
294,9800,LEFT_KNEE,0.5261337161064148,0.6697011590003967,-0.309872031211853,0.9427490830421448,0.9999959468841553
294,9800,RIGHT_KNEE,0.3887427747249603,0.5356534719467163,0.2732031047344208,0.9510038495063782,0.9999847412109375
294,9800,LEFT_ANKLE,0.5817659497261047,0.8465496897697449,-0.3290313184261322,0.9695541858673096,0.9997531771659851
294,9800,RIGHT_ANKLE,0.4181198179721832,0.7031545639038086,0.4614250063896179,0.9461179971694946,0.9999724626541138
294,9800,LEFT_HEEL,0.6110793352127075,0.8763024210929871,-0.32994887232780457,0.9590274691581726,0.9994580149650574
294,9800,RIGHT_HEEL,0.4463810920715332,0.7375124096870422,0.471841961145401,0.9401509761810303,0.9999547004699707
294,9800,LEFT_FOOT_INDEX,0.4819573760032654,0.8849056959152222,-0.45528244972229004,0.9698246121406555,0.9984692931175232
294,9800,RIGHT_FOOT_INDEX,0.3274444341659546,0.7401729822158813,0.4367945194244385,0.9555559754371643,0.9998013377189636
