frame,source_frame_detected,landmark,x_raw,y_raw,z_raw,visibility,presence,quality_valid,interpolated,usable,x,y
975,True,LEFT_ANKLE,0.5311910510063171,0.7434978485107422,-0.32388126850128174,0.9995754361152649,0.999904990196228,True,False,True,0.5311910510063171,0.7434978485107422
976,True,LEFT_ANKLE,0.5312618017196655,0.7431620955467224,-0.3226690888404846,0.9995596408843994,0.999900221824646,True,False,True,0.5312618017196655,0.7431620955467224
977,True,LEFT_ANKLE,0.5314131379127502,0.7430402040481567,-0.3012879490852356,0.9994947910308838,0.999891996383667,True,False,True,0.5314131379127502,0.7430402040481567
978,True,LEFT_ANKLE,0.5315843224525452,0.7428959012031555,-0.34889376163482666,0.9995059967041016,0.9999160766601562,True,False,True,0.5315843224525452,0.7428959012031555
979,True,LEFT_ANKLE,0.531830370426178,0.7429245710372925,-0.3355725109577179,0.9995012879371643,0.9998923540115356,True,False,True,0.531830370426178,0.7429245710372925
980,True,LEFT_ANKLE,0.5318418741226196,0.7429795861244202,-0.29240426421165466,0.999509334564209,0.999880313873291,True,False,True,0.5318418741226196,0.7429795861244202
981,True,LEFT_ANKLE,0.5323073267936707,0.7432032823562622,-0.2699849605560303,0.9995026588439941,0.9998687505722046,True,False,True,0.5323073267936707,0.7432032823562622
982,True,LEFT_ANKLE,0.5323793292045593,0.7440580725669861,-0.23382218182086945,0.9994838237762451,0.999861478805542,True,False,True,0.5323793292045593,0.7440580725669861
983,True,LEFT_ANKLE,0.5335766077041626,0.7447237372398376,-0.24825146794319153,0.9994509816169739,0.9997686743736267,True,False,True,0.5335766077041626,0.7447237372398376
984,True,LEFT_ANKLE,0.5335744619369507,0.7443060278892517,-0.2445347160100937,0.9994847774505615,0.9999010562896729,True,False,True,0.5335744619369507,0.7443060278892517
985,True,LEFT_ANKLE,0.533551812171936,0.7438844442367554,-0.24974702298641205,0.9995236396789551,0.9999173879623413,True,False,True,0.533551812171936,0.7438844442367554
986,True,LEFT_ANKLE,0.5335487723350525,0.7431228160858154,-0.2563752233982086,0.9995601177215576,0.9999486207962036,True,False,True,0.5335487723350525,0.7431228160858154
987,True,LEFT_ANKLE,0.5329767465591431,0.7408591508865356,-0.25905683636665344,0.9995798468589783,0.9999383687973022,True,False,True,0.5329767465591431,0.7408591508865356
988,True,LEFT_ANKLE,0.5320195555686951,0.7401087880134583,-0.2873920798301697,0.9995942115783691,0.9999651908874512,True,False,True,0.5320195555686951,0.7401087880134583
989,True,LEFT_ANKLE,0.528695821762085,0.7399921417236328,-0.20480264723300934,0.9995741248130798,0.9999240636825562,True,False,True,0.528695821762085,0.7399921417236328
990,True,LEFT_ANKLE,0.5262662768363953,0.7402980923652649,-0.11486303061246872,0.9994898438453674,0.9997983574867249,True,False,True,0.5262662768363953,0.7402980923652649
991,True,LEFT_ANKLE,0.5257920026779175,0.741482675075531,-0.04959939420223236,0.9993318319320679,0.9998996257781982,True,False,True,0.5257920026779175,0.741482675075531
992,True,LEFT_ANKLE,0.5235539674758911,0.7419523596763611,-0.07471034675836563,0.9991445541381836,0.9995864033699036,True,False,True,0.5235539674758911,0.7419523596763611
993,True,LEFT_ANKLE,0.5226516723632812,0.7421122193336487,-0.09031470865011215,0.9990602135658264,0.9996771812438965,True,False,True,0.5226516723632812,0.7421122193336487
994,True,LEFT_ANKLE,0.5228702425956726,0.743148148059845,-0.2120770514011383,0.9990123510360718,0.9997027516365051,True,False,True,0.5228702425956726,0.743148148059845
995,True,LEFT_ANKLE,0.5227057337760925,0.744529128074646,-0.08047004789113998,0.9986297488212585,0.9997065663337708,True,False,True,0.5227057337760925,0.744529128074646
996,True,LEFT_ANKLE,0.5220072269439697,0.7459709644317627,-0.1803923100233078,0.9984866380691528,0.9998875856399536,True,False,True,0.5220072269439697,0.7459709644317627
997,True,LEFT_ANKLE,0.5097667574882507,0.7448133826255798,-0.02128615789115429,0.997219443321228,0.9998069405555725,True,False,True,0.5097667574882507,0.7448133826255798
998,True,LEFT_ANKLE,0.5098447799682617,0.7453365921974182,-0.02268918603658676,0.9931957125663757,0.9993951320648193,True,False,True,0.5098447799682617,0.7453365921974182
999,True,LEFT_ANKLE,0.4995158612728119,0.7467709183692932,-0.22484268248081207,0.9742366671562195,0.9978501796722412,True,False,True,0.4995158612728119,0.7467709183692932
1000,True,LEFT_ANKLE,0.4919217526912689,0.7486244440078735,-0.19678187370300293,0.9534920454025269,0.999269425868988,True,False,True,0.4919217526912689,0.7486244440078735
1001,True,LEFT_ANKLE,0.4864586889743805,0.7437680959701538,-0.23660768568515778,0.9533435106277466,0.9999250173568726,True,False,True,0.4864586889743805,0.7437680959701538
1002,True,LEFT_ANKLE,0.4822092354297638,0.7438072562217712,-0.26752594113349915,0.9539999961853027,0.9998703002929688,True,False,True,0.4822092354297638,0.7438072562217712
1003,True,LEFT_ANKLE,0.477347195148468,0.7317940592765808,-0.1460818499326706,0.944201648235321,0.9998262524604797,True,False,True,0.477347195148468,0.7317940592765808
1004,True,LEFT_ANKLE,0.48079055547714233,0.7323848605155945,-0.1358403116464615,0.9474465250968933,0.9999237060546875,True,False,True,0.48079055547714233,0.7323848605155945
1005,True,LEFT_ANKLE,0.47575533390045166,0.731369137763977,-0.3160572946071625,0.9518533945083618,0.9998300075531006,True,False,True,0.47575533390045166,0.731369137763977
1006,True,LEFT_ANKLE,0.45903122425079346,0.7143571376800537,-0.22433821856975555,0.9546371102333069,0.9987653493881226,True,False,True,0.45903122425079346,0.7143571376800537
1007,True,LEFT_ANKLE,0.440604567527771,0.6872885823249817,-0.2617360055446625,0.9522497057914734,0.9967888593673706,True,False,True,0.440604567527771,0.6872885823249817
1008,True,LEFT_ANKLE,0.42186617851257324,0.6448387503623962,-0.2423877716064453,0.9531438946723938,0.9986546039581299,True,False,True,0.42186617851257324,0.6448387503623962
1009,True,LEFT_ANKLE,0.38929301500320435,0.5915645956993103,-0.06999409943819046,0.9522260427474976,0.9980619549751282,True,False,True,0.38929301500320435,0.5915645956993103
1010,True,LEFT_ANKLE,0.3655291795730591,0.5642881989479065,0.01066044345498085,0.944365382194519,0.9586265087127686,True,False,True,0.3655291795730591,0.5642881989479065
1011,True,LEFT_ANKLE,0.32145559787750244,0.5262765288352966,-0.008079747669398785,0.9482096433639526,0.9987828135490417,True,False,True,0.32145559787750244,0.5262765288352966
1012,True,LEFT_ANKLE,0.30913740396499634,0.48117998242378235,0.008345791138708591,0.9528475403785706,0.9997630715370178,True,False,True,0.30913740396499634,0.48117998242378235
1013,True,LEFT_ANKLE,0.2903735637664795,0.45322826504707336,0.02019347809255123,0.9567320942878723,0.9997538924217224,True,False,True,0.2903735637664795,0.45322826504707336
1014,True,LEFT_ANKLE,0.27162063121795654,0.43826761841773987,-0.03079700469970703,0.9605157375335693,0.9995632767677307,True,False,True,0.27162063121795654,0.43826761841773987
1015,True,LEFT_ANKLE,0.25273197889328003,0.43408167362213135,-0.04698042571544647,0.9640414118766785,0.9998186230659485,True,False,True,0.25273197889328003,0.43408167362213135
1016,True,LEFT_ANKLE,0.2369641810655594,0.4439838230609894,-0.08890794962644577,0.967435896396637,0.9998862743377686,True,False,True,0.2369641810655594,0.4439838230609894
1017,True,LEFT_ANKLE,0.2300502210855484,0.459663450717926,-0.09186947345733643,0.9702593088150024,0.9998735189437866,True,False,True,0.2300502210855484,0.459663450717926
1018,True,LEFT_ANKLE,0.23352566361427307,0.47979244589805603,-0.03528820350766182,0.9724550843238831,0.9998705387115479,True,False,True,0.23352566361427307,0.47979244589805603
1019,True,LEFT_ANKLE,0.22576847672462463,0.4877137243747711,-0.07229900360107422,0.9731874465942383,0.999933123588562,True,False,True,0.22576847672462463,0.4877137243747711
1020,True,LEFT_ANKLE,0.24647343158721924,0.5474345684051514,-0.014131475239992142,0.9722641706466675,0.9998230338096619,True,False,True,0.24647343158721924,0.5474345684051514
1021,True,LEFT_ANKLE,0.2576615512371063,0.5949761867523193,0.024541649967432022,0.9716138243675232,0.9997753500938416,True,False,True,0.2576615512371063,0.5949761867523193
1022,True,LEFT_ANKLE,0.3229026794433594,0.6335270404815674,0.038312867283821106,0.9694291949272156,0.9998652935028076,True,False,True,0.3229026794433594,0.6335270404815674
1023,True,LEFT_ANKLE,0.382229208946228,0.6633628010749817,0.14575499296188354,0.9640169739723206,0.9996609687805176,True,False,True,0.382229208946228,0.6633628010749817
1024,True,LEFT_ANKLE,0.44171231985092163,0.6882140040397644,0.1903151422739029,0.9561744332313538,0.9992831349372864,True,False,True,0.44171231985092163,0.6882140040397644
1025,True,LEFT_ANKLE,0.5268582701683044,0.6896854639053345,0.4183881878852844,0.9069598913192749,0.9967034459114075,True,False,True,0.5268582701683044,0.6896854639053345
1026,True,LEFT_ANKLE,0.5639488697052002,0.6729161143302917,0.5376187562942505,0.8874673247337341,0.99955815076828,True,False,True,0.5639488697052002,0.6729161143302917
1027,True,LEFT_ANKLE,0.6227246522903442,0.6971214413642883,0.44081294536590576,0.8791400790214539,0.9995923638343811,True,False,True,0.6227246522903442,0.6971214413642883
1028,True,LEFT_ANKLE,0.6711715459823608,0.7143605947494507,0.39613792300224304,0.8853077292442322,0.9999001026153564,True,False,True,0.6711715459823608,0.7143605947494507
1029,True,LEFT_ANKLE,0.7030141949653625,0.7178939580917358,0.3532393276691437,0.891121506690979,0.9996511936187744,True,False,True,0.7030141949653625,0.7178939580917358
1030,True,LEFT_ANKLE,0.7253262400627136,0.7227135300636292,0.28378352522850037,0.8991066217422485,0.9999241828918457,True,False,True,0.7253262400627136,0.7227135300636292
1031,True,LEFT_ANKLE,0.7417309880256653,0.7334914803504944,0.26160159707069397,0.9068441987037659,0.9999088048934937,True,False,True,0.7417309880256653,0.7334914803504944
1032,True,LEFT_ANKLE,0.7513999342918396,0.7411264777183533,0.15525293350219727,0.9143502116203308,0.9998651742935181,True,False,True,0.7513999342918396,0.7411264777183533
1033,True,LEFT_ANKLE,0.7486538290977478,0.7394331097602844,0.19557301700115204,0.9212880730628967,0.9998303651809692,True,False,True,0.7486538290977478,0.7394331097602844
1034,True,LEFT_ANKLE,0.747883677482605,0.7385848760604858,0.25892651081085205,0.9264025092124939,0.9997175335884094,True,False,True,0.747883677482605,0.7385848760604858
1035,True,LEFT_ANKLE,0.7486413717269897,0.7374032139778137,0.2529248297214508,0.9289047122001648,0.9997145533561707,True,False,True,0.7486413717269897,0.7374032139778137
1036,True,LEFT_ANKLE,0.7502132058143616,0.7399021983146667,0.21029143035411835,0.9263052940368652,0.9997441172599792,True,False,True,0.7502132058143616,0.7399021983146667
1037,True,LEFT_ANKLE,0.7464302778244019,0.7399833798408508,0.21218055486679077,0.9187800884246826,0.999921441078186,True,False,True,0.7464302778244019,0.7399833798408508
1038,True,LEFT_ANKLE,0.7497293949127197,0.741592288017273,0.2109563648700714,0.9105242490768433,0.9997761845588684,True,False,True,0.7497293949127197,0.741592288017273
1039,True,LEFT_ANKLE,0.7432687282562256,0.741973876953125,0.16509407758712769,0.9025614857673645,0.9997654557228088,True,False,True,0.7432687282562256,0.741973876953125
1040,True,LEFT_ANKLE,0.738107442855835,0.7193951606750488,0.09369705617427826,0.8797516822814941,0.9989336133003235,True,False,True,0.738107442855835,0.7193951606750488
1041,True,LEFT_ANKLE,0.749966561794281,0.727546215057373,0.0772109106183052,0.8543179035186768,0.991027295589447,True,False,True,0.749966561794281,0.727546215057373
1042,True,LEFT_ANKLE,0.7582486867904663,0.7452691793441772,0.05826272442936897,0.8395273685455322,0.9943653345108032,True,False,True,0.7582486867904663,0.7452691793441772
1043,True,LEFT_ANKLE,0.7583345174789429,0.7498157620429993,0.08675388991832733,0.8429778814315796,0.9982454776763916,True,False,True,0.7583345174789429,0.7498157620429993
1044,True,LEFT_ANKLE,0.7561663389205933,0.7502496838569641,0.07041711360216141,0.8513902425765991,0.9985495209693909,True,False,True,0.7561663389205933,0.7502496838569641
1045,True,LEFT_ANKLE,0.7580621838569641,0.7490553259849548,0.06531055271625519,0.8595759868621826,0.9995607733726501,True,False,True,0.7580621838569641,0.7490553259849548
1046,True,LEFT_ANKLE,0.7577319741249084,0.7478760480880737,0.03308197855949402,0.8661336302757263,0.9993937015533447,True,False,True,0.7577319741249084,0.7478760480880737
1047,True,LEFT_ANKLE,0.7567158341407776,0.7466959953308105,0.040479063987731934,0.8628902435302734,0.9904096126556396,True,False,True,0.7567158341407776,0.7466959953308105
1048,True,LEFT_ANKLE,0.7564443945884705,0.7463459968566895,0.023918980732560158,0.8629436492919922,0.9849933385848999,True,False,True,0.7564443945884705,0.7463459968566895
1049,True,LEFT_ANKLE,0.7564987540245056,0.7462261319160461,0.02407476119697094,0.8438071608543396,0.9085587859153748,True,False,True,0.7564987540245056,0.7462261319160461
1050,True,LEFT_ANKLE,0.7612477540969849,0.7418491244316101,0.11315388977527618,0.8128888010978699,0.9306937456130981,True,False,True,0.7612477540969849,0.7418491244316101
1051,True,LEFT_ANKLE,0.7691298127174377,0.7359089255332947,0.1368316113948822,0.7788106203079224,0.9467528462409973,True,False,True,0.7691298127174377,0.7359089255332947
1052,True,LEFT_ANKLE,0.781495213508606,0.7272547483444214,0.06470426917076111,0.7873347401618958,0.9252474308013916,True,False,True,0.781495213508606,0.7272547483444214
1053,True,LEFT_ANKLE,0.8068628907203674,0.7156124114990234,0.06271187961101532,0.7635539174079895,0.9500621557235718,True,False,True,0.8068628907203674,0.7156124114990234
1054,False,LEFT_ANKLE,,,,,,False,True,True,0.8756688833236694,0.5960658490657806
1055,True,LEFT_ANKLE,0.9444748759269714,0.47651928663253784,0.048625264316797256,0.7124032378196716,0.987720787525177,True,False,True,0.9444748759269714,0.47651928663253784
1056,True,LEFT_ANKLE,0.9391544461250305,0.4716520309448242,0.0397648811340332,0.70806485414505,0.9163030982017517,True,False,True,0.9391544461250305,0.4716520309448242
1057,True,LEFT_ANKLE,0.9657527804374695,0.46264782547950745,0.05664793774485588,0.7068857550621033,0.9643945693969727,True,False,True,0.9657527804374695,0.46264782547950745
1058,True,LEFT_ANKLE,0.9710268974304199,0.4567878544330597,0.07543084770441055,0.7298036813735962,0.9937648773193359,True,False,True,0.9710268974304199,0.4567878544330597
1059,True,LEFT_ANKLE,0.9702539443969727,0.4519948959350586,0.143620565533638,0.75504469871521,0.9985654950141907,True,False,True,0.9702539443969727,0.4519948959350586
1060,True,LEFT_ANKLE,0.9735089540481567,0.4542050063610077,0.1102725937962532,0.7775946259498596,0.9987087249755859,True,False,True,0.9735089540481567,0.4542050063610077
1061,True,LEFT_ANKLE,0.9724267721176147,0.45201313495635986,0.12513823807239532,0.7926934957504272,0.9952906370162964,True,False,True,0.9724267721176147,0.45201313495635986
1062,True,LEFT_ANKLE,0.9708470106124878,0.4458155333995819,0.164657860994339,0.8071620464324951,0.9955592155456543,True,False,True,0.9708470106124878,0.4458155333995819
1063,True,LEFT_ANKLE,0.9700943231582642,0.44755277037620544,0.08958431333303452,0.8236638307571411,0.9993056058883667,True,False,True,0.9700943231582642,0.44755277037620544
1064,True,LEFT_ANKLE,0.9713424444198608,0.44823938608169556,0.10386170446872711,0.8394326567649841,0.999064028263092,True,False,True,0.9713424444198608,0.44823938608169556
1065,True,LEFT_ANKLE,0.962701678276062,0.45049116015434265,0.09977346658706665,0.8526974320411682,0.9994710087776184,True,False,True,0.962701678276062,0.45049116015434265
975,True,LEFT_EAR,0.5092199444770813,0.2829627990722656,-0.09555187821388245,0.9999712705612183,0.9999896287918091,True,False,True,0.5092199444770813,0.2829627990722656
976,True,LEFT_EAR,0.5080533027648926,0.28248879313468933,-0.07490414381027222,0.9999735951423645,0.9999961853027344,True,False,True,0.5080533027648926,0.28248879313468933
977,True,LEFT_EAR,0.508527934551239,0.2828097343444824,-0.14276477694511414,0.9999758005142212,0.9999990463256836,True,False,True,0.508527934551239,0.2828097343444824
978,True,LEFT_EAR,0.505646824836731,0.28423407673835754,-0.17834825813770294,0.999977171421051,0.9999974966049194,True,False,True,0.505646824836731,0.28423407673835754
979,True,LEFT_EAR,0.49844685196876526,0.2849418520927429,-0.1573512703180313,0.9999784231185913,0.9999983310699463,True,False,True,0.49844685196876526,0.2849418520927429
980,True,LEFT_EAR,0.49223625659942627,0.28492823243141174,-0.16175982356071472,0.9999797344207764,0.9999980926513672,True,False,True,0.49223625659942627,0.28492823243141174
981,True,LEFT_EAR,0.4887220561504364,0.2850887179374695,-0.1648135781288147,0.9999809265136719,0.9999985694885254,True,False,True,0.4887220561504364,0.2850887179374695
982,True,LEFT_EAR,0.48851248621940613,0.28620967268943787,-0.19785812497138977,0.9999814033508301,0.999996542930603,True,False,True,0.48851248621940613,0.28620967268943787
983,True,LEFT_EAR,0.4862200915813446,0.2864670157432556,-0.19079634547233582,0.9999806880950928,0.9999864101409912,True,False,True,0.4862200915813446,0.2864670157432556
984,True,LEFT_EAR,0.4868704378604889,0.287169486284256,-0.21166618168354034,0.9999791979789734,0.9999620914459229,True,False,True,0.4868704378604889,0.287169486284256
985,True,LEFT_EAR,0.48295217752456665,0.2895989716053009,-0.2022112011909485,0.9999763369560242,0.99993896484375,True,False,True,0.48295217752456665,0.2895989716053009
986,True,LEFT_EAR,0.4812987148761749,0.2948233485221863,-0.19755053520202637,0.9999780654907227,0.9999679327011108,True,False,True,0.4812987148761749,0.2948233485221863
987,True,LEFT_EAR,0.48176082968711853,0.29918336868286133,-0.17711158096790314,0.9999797940254211,0.9999642372131348,True,False,True,0.48176082968711853,0.29918336868286133
988,True,LEFT_EAR,0.4819489121437073,0.3057251572608948,-0.14736884832382202,0.9999732375144958,0.9998495578765869,True,False,True,0.4819489121437073,0.3057251572608948
989,True,LEFT_EAR,0.48197871446609497,0.314593642950058,-0.1664174199104309,0.9999576210975647,0.9998457431793213,True,False,True,0.48197871446609497,0.314593642950058
990,True,LEFT_EAR,0.478820264339447,0.328031063079834,-0.15765319764614105,0.9999501705169678,0.9999274015426636,True,False,True,0.478820264339447,0.328031063079834
991,True,LEFT_EAR,0.47909998893737793,0.34119144082069397,-0.22680601477622986,0.9999470710754395,0.9999687671661377,True,False,True,0.47909998893737793,0.34119144082069397
992,True,LEFT_EAR,0.4793258309364319,0.35110440850257874,-0.23830479383468628,0.9999467730522156,0.9999693632125854,True,False,True,0.4793258309364319,0.35110440850257874
993,True,LEFT_EAR,0.4797002971172333,0.3594987392425537,-0.2934150695800781,0.9999268054962158,0.9999243021011353,True,False,True,0.4797002971172333,0.3594987392425537
994,True,LEFT_EAR,0.4799741208553314,0.3683951199054718,-0.26714518666267395,0.9998962879180908,0.9998821020126343,True,False,True,0.4799741208553314,0.3683951199054718
995,True,LEFT_EAR,0.48283281922340393,0.37874636054039,-0.37729135155677795,0.9998637437820435,0.9999544620513916,True,False,True,0.48283281922340393,0.37874636054039
996,True,LEFT_EAR,0.48850947618484497,0.3810485005378723,-0.39726686477661133,0.9998589754104614,0.9999865293502808,True,False,True,0.48850947618484497,0.3810485005378723
997,True,LEFT_EAR,0.4904981255531311,0.38162344694137573,-0.3776145279407501,0.9997905492782593,0.9999079704284668,True,False,True,0.4904981255531311,0.38162344694137573
998,True,LEFT_EAR,0.5001744031906128,0.3852593004703522,-0.3302115797996521,0.9997209310531616,0.999927282333374,True,False,True,0.5001744031906128,0.3852593004703522
999,True,LEFT_EAR,0.5069239139556885,0.3819219470024109,-0.3152986466884613,0.9989951252937317,0.9994468092918396,True,False,True,0.5069239139556885,0.3819219470024109
1000,True,LEFT_EAR,0.5108250975608826,0.3785797655582428,-0.1903112530708313,0.9987361431121826,0.998823344707489,True,False,True,0.5108250975608826,0.3785797655582428
1001,True,LEFT_EAR,0.5370053648948669,0.3922925293445587,0.4429750442504883,0.9980831742286682,0.9999939203262329,True,False,True,0.5370053648948669,0.3922925293445587
1002,True,LEFT_EAR,0.5439176559448242,0.39056596159935,0.3893429934978485,0.9978296756744385,0.9999887943267822,True,False,True,0.5439176559448242,0.39056596159935
1003,True,LEFT_EAR,0.5941623449325562,0.40502142906188965,0.47638797760009766,0.9900739789009094,0.9999774694442749,True,False,True,0.5941623449325562,0.40502142906188965
1004,True,LEFT_EAR,0.6173400282859802,0.41955432295799255,0.3881363868713379,0.9906940460205078,0.9999903440475464,True,False,True,0.6173400282859802,0.41955432295799255
1005,True,LEFT_EAR,0.6233590245246887,0.4279903173446655,0.385360985994339,0.9916059970855713,0.9999967813491821,True,False,True,0.6233590245246887,0.4279903173446655
1006,True,LEFT_EAR,0.6259852647781372,0.42651790380477905,0.35525867342948914,0.9923818111419678,0.9999805688858032,True,False,True,0.6259852647781372,0.42651790380477905
1007,True,LEFT_EAR,0.6243010759353638,0.4204322397708893,0.39717304706573486,0.9917600750923157,0.9997852444648743,True,False,True,0.6243010759353638,0.4204322397708893
1008,True,LEFT_EAR,0.6262315511703491,0.41749295592308044,0.5014041066169739,0.9923343658447266,0.9998552799224854,True,False,True,0.6262315511703491,0.41749295592308044
1009,True,LEFT_EAR,0.6387344598770142,0.420566201210022,0.4652230739593506,0.9928614497184753,0.9999380111694336,True,False,True,0.6387344598770142,0.420566201210022
1010,True,LEFT_EAR,0.648063063621521,0.4267748296260834,0.5303345918655396,0.9931470155715942,0.9998055100440979,True,False,True,0.648063063621521,0.4267748296260834
1011,True,LEFT_EAR,0.6589341163635254,0.4280740022659302,0.47428762912750244,0.9938189387321472,0.9999840259552002,True,False,True,0.6589341163635254,0.4280740022659302
1012,True,LEFT_EAR,0.6654830574989319,0.42598971724510193,0.49535423517227173,0.9944333434104919,0.9999831914901733,True,False,True,0.6654830574989319,0.42598971724510193
1013,True,LEFT_EAR,0.669946014881134,0.4211578369140625,0.3908579349517822,0.9949811100959778,0.9999628067016602,True,False,True,0.669946014881134,0.4211578369140625
1014,True,LEFT_EAR,0.6757087111473083,0.40752696990966797,0.3559289574623108,0.9954800009727478,0.9999686479568481,True,False,True,0.6757087111473083,0.40752696990966797
1015,True,LEFT_EAR,0.6755069494247437,0.39639562368392944,0.28051525354385376,0.9959291815757751,0.9999700784683228,True,False,True,0.6755069494247437,0.39639562368392944
1016,True,LEFT_EAR,0.6735610365867615,0.38521647453308105,0.32294175028800964,0.996330201625824,0.9999704360961914,True,False,True,0.6735610365867615,0.38521647453308105
1017,True,LEFT_EAR,0.6722640991210938,0.36959609389305115,0.4596765637397766,0.9966447949409485,0.9999499320983887,True,False,True,0.6722640991210938,0.36959609389305115
1018,True,LEFT_EAR,0.6696842312812805,0.35869312286376953,0.5437463521957397,0.9968821406364441,0.999987006187439,True,False,True,0.6696842312812805,0.35869312286376953
1019,True,LEFT_EAR,0.6679015159606934,0.34820160269737244,0.6453563570976257,0.9971617460250854,0.9999986886978149,True,False,True,0.6679015159606934,0.34820160269737244
1020,True,LEFT_EAR,0.6673144698143005,0.3384664058685303,0.5548259019851685,0.997404158115387,0.9999969005584717,True,False,True,0.6673144698143005,0.3384664058685303
1021,True,LEFT_EAR,0.6691964864730835,0.33330100774765015,0.5143143534660339,0.9976593255996704,0.9999982118606567,True,False,True,0.6691964864730835,0.33330100774765015
1022,True,LEFT_EAR,0.6691020131111145,0.3253827691078186,0.47668981552124023,0.9978870153427124,0.9999967813491821,True,False,True,0.6691020131111145,0.3253827691078186
1023,True,LEFT_EAR,0.6681861877441406,0.3230610191822052,0.38579124212265015,0.9980898499488831,0.9999902248382568,True,False,True,0.6681861877441406,0.3230610191822052
1024,True,LEFT_EAR,0.6676560044288635,0.32001152634620667,0.32031482458114624,0.9982549548149109,0.9999650716781616,True,False,True,0.6676560044288635,0.32001152634620667
1025,True,LEFT_EAR,0.66790372133255,0.3142035901546478,0.2345310002565384,0.9983668327331543,0.9998114705085754,True,False,True,0.66790372133255,0.3142035901546478
1026,True,LEFT_EAR,0.6702316403388977,0.31098270416259766,0.14922378957271576,0.9984855651855469,0.9999148845672607,True,False,True,0.6702316403388977,0.31098270416259766
1027,True,LEFT_EAR,0.6727733612060547,0.3092042803764343,0.20256488025188446,0.998597264289856,0.999919056892395,True,False,True,0.6727733612060547,0.3092042803764343
1028,True,LEFT_EAR,0.6764914989471436,0.30942288041114807,0.2545519471168518,0.9987264275550842,0.999984860420227,True,False,True,0.6764914989471436,0.30942288041114807
1029,True,LEFT_EAR,0.6797530651092529,0.3103764057159424,0.2527185380458832,0.9988478422164917,0.999983549118042,True,False,True,0.6797530651092529,0.3103764057159424
1030,True,LEFT_EAR,0.6874131560325623,0.3094950020313263,0.22319667041301727,0.9989609718322754,0.9999964237213135,True,False,True,0.6874131560325623,0.3094950020313263
1031,True,LEFT_EAR,0.6948485374450684,0.31095799803733826,0.2157823145389557,0.9990621209144592,0.999994158744812,True,False,True,0.6948485374450684,0.31095799803733826
1032,True,LEFT_EAR,0.7023892998695374,0.3120974004268646,0.17979741096496582,0.9991545081138611,0.9999929666519165,True,False,True,0.7023892998695374,0.3120974004268646
1033,True,LEFT_EAR,0.7115632891654968,0.3090882897377014,0.1309330016374588,0.9992367625236511,0.9999839067459106,True,False,True,0.7115632891654968,0.3090882897377014
1034,True,LEFT_EAR,0.724684476852417,0.3071761429309845,0.13023032248020172,0.9993082880973816,0.9999743700027466,True,False,True,0.724684476852417,0.3071761429309845
1035,True,LEFT_EAR,0.73447185754776,0.3046102225780487,0.13384348154067993,0.9993680715560913,0.9999673366546631,True,False,True,0.73447185754776,0.3046102225780487
1036,True,LEFT_EAR,0.7446045279502869,0.301891952753067,0.13091440498828888,0.9994125962257385,0.9999521970748901,True,False,True,0.7446045279502869,0.301891952753067
1037,True,LEFT_EAR,0.7541475892066956,0.2983853220939636,0.13446545600891113,0.9993950724601746,0.9998626708984375,True,False,True,0.7541475892066956,0.2983853220939636
1038,True,LEFT_EAR,0.7672584056854248,0.29569682478904724,0.12363941967487335,0.9991672039031982,0.9998171925544739,True,False,True,0.7672584056854248,0.29569682478904724
1039,True,LEFT_EAR,0.7795525789260864,0.29278048872947693,0.12314523011445999,0.9989365339279175,0.9998284578323364,True,False,True,0.7795525789260864,0.29278048872947693
1040,True,LEFT_EAR,0.7873460054397583,0.28985968232154846,0.1313292235136032,0.9988489151000977,0.9996891021728516,True,False,True,0.7873460054397583,0.28985968232154846
1041,True,LEFT_EAR,0.8050402402877808,0.28698524832725525,0.16432327032089233,0.99875807762146,0.9995124340057373,True,False,True,0.8050402402877808,0.28698524832725525
1042,True,LEFT_EAR,0.8219003677368164,0.28393515944480896,0.17634855210781097,0.9987491965293884,0.9994685053825378,True,False,True,0.8219003677368164,0.28393515944480896
1043,True,LEFT_EAR,0.8455933332443237,0.28171613812446594,0.1182394027709961,0.9987924695014954,0.9993442893028259,True,False,True,0.8455933332443237,0.28171613812446594
1044,True,LEFT_EAR,0.8569957613945007,0.28073546290397644,0.12839549779891968,0.9988132119178772,0.9992591738700867,True,False,True,0.8569957613945007,0.28073546290397644
1045,True,LEFT_EAR,0.8576955199241638,0.2827030420303345,0.1359197497367859,0.9988518953323364,0.9996123909950256,True,False,True,0.8576955199241638,0.2827030420303345
1046,True,LEFT_EAR,0.8871328830718994,0.27847713232040405,0.011969473212957382,0.9989482164382935,0.9987900853157043,True,False,True,0.8871328830718994,0.27847713232040405
1047,True,LEFT_EAR,0.9012160301208496,0.2857004702091217,0.11751554906368256,0.9985326528549194,0.9947443008422852,True,False,True,0.9012160301208496,0.2857004702091217
1048,True,LEFT_EAR,0.9147924780845642,0.28492656350135803,0.11572416871786118,0.9978042244911194,0.9781281352043152,True,False,True,0.9147924780845642,0.28492656350135803
1049,True,LEFT_EAR,0.926995038986206,0.298942506313324,0.31699904799461365,0.9707667827606201,0.8602092266082764,True,False,True,0.926995038986206,0.298942506313324
1050,True,LEFT_EAR,0.9445899128913879,0.2912023663520813,0.11944743990898132,0.9612730145454407,0.7424780130386353,True,False,True,0.9445899128913879,0.2912023663520813
1051,True,LEFT_EAR,0.9476661086082458,0.2838576138019562,0.04717475175857544,0.9458432793617249,0.7515066862106323,True,False,True,0.9476661086082458,0.2838576138019562
1052,True,LEFT_EAR,0.9726442694664001,0.29245689511299133,0.16101083159446716,0.9434961676597595,0.9897163510322571,True,False,True,0.9726442694664001,0.29245689511299133
1053,True,LEFT_EAR,0.9802117347717285,0.31240707635879517,0.071329765021801,0.8812941908836365,0.3483159840106964,False,True,True,0.9509832660357157,0.24268178641796112
1054,False,LEFT_EAR,,,,,,False,True,True,0.9293222626050314,0.1929066777229309
1055,True,LEFT_EAR,0.9076612591743469,0.1431315690279007,0.08844061195850372,0.8915933966636658,0.9989290833473206,True,False,True,0.9076612591743469,0.1431315690279007
1056,True,LEFT_EAR,0.9069824814796448,0.14104896783828735,0.04428563266992569,0.8892757296562195,0.9484042525291443,True,False,True,0.9069824814796448,0.14104896783828735
1057,True,LEFT_EAR,0.905883252620697,0.1276032030582428,0.013352795504033566,0.8959687948226929,0.9653511643409729,True,False,True,0.905883252620697,0.1276032030582428
1058,True,LEFT_EAR,0.9003856182098389,0.120027095079422,0.006721599493175745,0.9055406451225281,0.9903351068496704,True,False,True,0.9003856182098389,0.120027095079422
1059,True,LEFT_EAR,0.897942304611206,0.11748833954334259,-0.008270040154457092,0.9147643446922302,0.9968812465667725,True,False,True,0.897942304611206,0.11748833954334259
1060,True,LEFT_EAR,0.8876776099205017,0.11704657971858978,-0.030952174216508865,0.923072099685669,0.9976917505264282,True,False,True,0.8876776099205017,0.11704657971858978
1061,True,LEFT_EAR,0.8796790242195129,0.11809556931257248,-0.022527974098920822,0.9307242631912231,0.999350368976593,True,False,True,0.8796790242195129,0.11809556931257248
1062,True,LEFT_EAR,0.8731053471565247,0.11874990165233612,-0.02661684714257717,0.9376212954521179,0.9995341300964355,True,False,True,0.8731053471565247,0.11874990165233612
1063,True,LEFT_EAR,0.8643953204154968,0.11660821735858917,-0.04562752693891525,0.9438264966011047,0.9997202754020691,True,False,True,0.8643953204154968,0.11660821735858917
1064,True,LEFT_EAR,0.8627609014511108,0.11654282361268997,-0.05120839923620224,0.9493427872657776,0.9986465573310852,True,False,True,0.8627609014511108,0.11654282361268997
1065,True,LEFT_EAR,0.8553798794746399,0.11351029574871063,-0.10055691003799438,0.9543822407722473,0.9997748732566833,True,False,True,0.8553798794746399,0.11351029574871063
975,True,LEFT_ELBOW,0.48883724212646484,0.37293216586112976,-0.20545203983783722,0.9662074446678162,0.9998078942298889,True,False,True,0.48883724212646484,0.37293216586112976
976,True,LEFT_ELBOW,0.4823887050151825,0.37387168407440186,-0.17830216884613037,0.9662821888923645,0.9998370409011841,True,False,True,0.4823887050151825,0.37387168407440186
977,True,LEFT_ELBOW,0.482520192861557,0.3773593306541443,-0.2582186162471771,0.967538058757782,0.9998816251754761,True,False,True,0.482520192861557,0.3773593306541443
978,True,LEFT_ELBOW,0.47905462980270386,0.3824526071548462,-0.2849908173084259,0.9684824347496033,0.9997956156730652,True,False,True,0.47905462980270386,0.3824526071548462
979,True,LEFT_ELBOW,0.4707009792327881,0.38233381509780884,-0.25985094904899597,0.9686182141304016,0.9998136162757874,True,False,True,0.4707009792327881,0.38233381509780884
980,True,LEFT_ELBOW,0.47097447514533997,0.3818818926811218,-0.27062293887138367,0.967818021774292,0.9997732043266296,True,False,True,0.47097447514533997,0.3818818926811218
981,True,LEFT_ELBOW,0.4649536907672882,0.38211455941200256,-0.2824653685092926,0.9672430157661438,0.9997451901435852,True,False,True,0.4649536907672882,0.38211455941200256
982,True,LEFT_ELBOW,0.4650074541568756,0.3870037794113159,-0.3150416612625122,0.9672316908836365,0.9996434450149536,True,False,True,0.4650074541568756,0.3870037794113159
983,True,LEFT_ELBOW,0.4660623073577881,0.3909552991390228,-0.2991793155670166,0.9666661024093628,0.9992470741271973,True,False,True,0.4660623073577881,0.3909552991390228
984,True,LEFT_ELBOW,0.4667101800441742,0.3980180025100708,-0.30553439259529114,0.966175377368927,0.9992973804473877,True,False,True,0.4667101800441742,0.3980180025100708
985,True,LEFT_ELBOW,0.4748266339302063,0.40542611479759216,-0.2693178057670593,0.9656931757926941,0.9992652535438538,True,False,True,0.4748266339302063,0.40542611479759216
986,True,LEFT_ELBOW,0.4923741817474365,0.4167229235172272,-0.26812943816185,0.9674931168556213,0.9995799660682678,True,False,True,0.4923741817474365,0.4167229235172272
987,True,LEFT_ELBOW,0.5067985653877258,0.431087464094162,-0.26966267824172974,0.9696471691131592,0.9995520710945129,True,False,True,0.5067985653877258,0.431087464094162
988,True,LEFT_ELBOW,0.51835697889328,0.44549188017845154,-0.2994076609611511,0.9719573855400085,0.9995008707046509,True,False,True,0.51835697889328,0.44549188017845154
989,True,LEFT_ELBOW,0.5173460841178894,0.4568163752555847,-0.38543304800987244,0.9743658304214478,0.9994524121284485,True,False,True,0.5173460841178894,0.4568163752555847
990,True,LEFT_ELBOW,0.5178098678588867,0.4683776795864105,-0.3959101736545563,0.9766638875007629,0.9998155236244202,True,False,True,0.5178098678588867,0.4683776795864105
991,True,LEFT_ELBOW,0.5200456976890564,0.4797012209892273,-0.46157845854759216,0.9789044260978699,0.9999442100524902,True,False,True,0.5200456976890564,0.4797012209892273
992,True,LEFT_ELBOW,0.5170455574989319,0.4926585853099823,-0.4433740973472595,0.9807071089744568,0.9998574256896973,True,False,True,0.5170455574989319,0.4926585853099823
993,True,LEFT_ELBOW,0.5192058682441711,0.5057968497276306,-0.4610976576805115,0.9811760783195496,0.9996885061264038,True,False,True,0.5192058682441711,0.5057968497276306
994,True,LEFT_ELBOW,0.550481915473938,0.4967444837093353,-0.4257296919822693,0.981921374797821,0.9995245933532715,True,False,True,0.550481915473938,0.4967444837093353
995,True,LEFT_ELBOW,0.6025654673576355,0.4852033853530884,-0.5363625288009644,0.9836443662643433,0.9997653365135193,True,False,True,0.6025654673576355,0.4852033853530884
996,True,LEFT_ELBOW,0.6080580353736877,0.4810962975025177,-0.5785346031188965,0.9852292537689209,0.9999431371688843,True,False,True,0.6080580353736877,0.4810962975025177
997,True,LEFT_ELBOW,0.6311210989952087,0.46216148138046265,-0.42695164680480957,0.986678957939148,0.9999198913574219,True,False,True,0.6311210989952087,0.46216148138046265
998,True,LEFT_ELBOW,0.6442593932151794,0.4305470585823059,-0.5254855751991272,0.9879973530769348,0.9999289512634277,True,False,True,0.6442593932151794,0.4305470585823059
999,True,LEFT_ELBOW,0.6251006126403809,0.44166284799575806,-0.5846984386444092,0.9886692762374878,0.9975374937057495,True,False,True,0.6251006126403809,0.44166284799575806
1000,True,LEFT_ELBOW,0.6077930927276611,0.43928489089012146,-0.5565757751464844,0.9848036766052246,0.9972977042198181,True,False,True,0.6077930927276611,0.43928489089012146
1001,True,LEFT_ELBOW,0.564658522605896,0.4245137870311737,0.021398261189460754,0.9060153961181641,0.9991089701652527,True,False,True,0.564658522605896,0.4245137870311737
1002,True,LEFT_ELBOW,0.5562103390693665,0.43325740098953247,-0.016081757843494415,0.834753692150116,0.9976860284805298,True,False,True,0.5562103390693665,0.43325740098953247
1003,True,LEFT_ELBOW,0.4571055471897125,0.36582064628601074,0.2187284678220749,0.8509987592697144,0.9998992681503296,True,False,True,0.4571055471897125,0.36582064628601074
1004,True,LEFT_ELBOW,0.4696798026561737,0.37731367349624634,0.164872944355011,0.8658240437507629,0.9999222755432129,True,False,True,0.4696798026561737,0.37731367349624634
1005,True,LEFT_ELBOW,0.47198155522346497,0.4717942774295807,0.25783345103263855,0.8592250943183899,0.9996461868286133,True,False,True,0.47198155522346497,0.4717942774295807
1006,True,LEFT_ELBOW,0.49112334847450256,0.4799461364746094,0.2962370216846466,0.8094615936279297,0.9985355138778687,True,False,True,0.49112334847450256,0.4799461364746094
1007,True,LEFT_ELBOW,0.572605311870575,0.4981645941734314,0.28677991032600403,0.7306938171386719,0.9923442006111145,True,False,True,0.572605311870575,0.4981645941734314
1008,True,LEFT_ELBOW,0.5929415225982666,0.5153669714927673,0.2730668783187866,0.661705493927002,0.9949108958244324,True,False,True,0.5929415225982666,0.5153669714927673
1009,True,LEFT_ELBOW,0.5906467437744141,0.4947964549064636,0.3312585949897766,0.5986498594284058,0.9977667331695557,True,False,True,0.5906467437744141,0.4947964549064636
1010,True,LEFT_ELBOW,0.5855324268341064,0.49926048517227173,0.4308934807777405,0.5420670509338379,0.9942479133605957,True,False,True,0.5855324268341064,0.49926048517227173
1011,True,LEFT_ELBOW,0.5892035961151123,0.49372366070747375,0.5098008513450623,0.4929608702659607,0.99934321641922,False,False,False,,
1012,True,LEFT_ELBOW,0.5854529142379761,0.5004047155380249,0.46339482069015503,0.44903168082237244,0.9993579983711243,False,False,False,,
1013,True,LEFT_ELBOW,0.5811573266983032,0.5030525326728821,0.4576697051525116,0.40964505076408386,0.9998155236244202,False,False,False,,
1014,True,LEFT_ELBOW,0.5797010660171509,0.5051138997077942,0.4676017463207245,0.3741799592971802,0.9998575448989868,False,False,False,,
1015,True,LEFT_ELBOW,0.5947719216346741,0.5020126700401306,0.4205608367919922,0.3405822217464447,0.9998530149459839,False,False,False,,
1016,True,LEFT_ELBOW,0.6102908849716187,0.47625425457954407,0.5354650616645813,0.3090108633041382,0.9998794794082642,False,False,False,,
1017,True,LEFT_ELBOW,0.6088503003120422,0.4579910933971405,0.5964481234550476,0.27872204780578613,0.9995878338813782,False,False,False,,
1018,True,LEFT_ELBOW,0.5709815621376038,0.4394811689853668,0.5571380257606506,0.2514883577823639,0.9994373917579651,False,False,False,,
1019,True,LEFT_ELBOW,0.5316150188446045,0.422517865896225,0.5295253992080688,0.22868366539478302,0.999824583530426,False,False,False,,
1020,True,LEFT_ELBOW,0.5076764822006226,0.4047869145870209,0.4552423655986786,0.22898373007774353,0.9998270869255066,False,False,False,,
1021,True,LEFT_ELBOW,0.5049828290939331,0.3921826183795929,0.3751915395259857,0.28985917568206787,0.9999271631240845,False,False,False,,
1022,True,LEFT_ELBOW,0.5025309920310974,0.3859664499759674,0.3517597019672394,0.35941922664642334,0.9999674558639526,False,False,False,,
1023,True,LEFT_ELBOW,0.5001457929611206,0.37888091802597046,0.26007041335105896,0.42322540283203125,0.9999532699584961,False,False,False,,
1024,True,LEFT_ELBOW,0.4996888339519501,0.3756181001663208,0.20194096863269806,0.4807649850845337,0.9999277591705322,False,False,False,,
1025,True,LEFT_ELBOW,0.4986381530761719,0.37643444538116455,0.15607950091362,0.5325713157653809,0.9997523427009583,True,False,True,0.4986381530761719,0.37643444538116455
1026,True,LEFT_ELBOW,0.5036771893501282,0.3782278895378113,0.04988928511738777,0.5792000889778137,0.9997768998146057,True,False,True,0.5036771893501282,0.3782278895378113
1027,True,LEFT_ELBOW,0.5073930621147156,0.3837641775608063,0.09564805030822754,0.6211121082305908,0.9997629523277283,True,False,True,0.5073930621147156,0.3837641775608063
1028,True,LEFT_ELBOW,0.5075745582580566,0.3883599638938904,0.1495915651321411,0.6588252186775208,0.9999451637268066,True,False,True,0.5075745582580566,0.3883599638938904
1029,True,LEFT_ELBOW,0.5199304223060608,0.3947215676307678,0.13534972071647644,0.6926828026771545,0.9999195337295532,True,False,True,0.5199304223060608,0.3947215676307678
1030,True,LEFT_ELBOW,0.5430887937545776,0.40387487411499023,0.11067955195903778,0.7233075499534607,0.9999810457229614,True,False,True,0.5430887937545776,0.40387487411499023
1031,True,LEFT_ELBOW,0.5666816234588623,0.4140240252017975,0.12733080983161926,0.7507763504981995,0.9999793767929077,True,False,True,0.5666816234588623,0.4140240252017975
1032,True,LEFT_ELBOW,0.5835410356521606,0.42464372515678406,0.1347612589597702,0.7747663259506226,0.9999707937240601,True,False,True,0.5835410356521606,0.42464372515678406
1033,True,LEFT_ELBOW,0.6015815734863281,0.4325571060180664,0.13653281331062317,0.7933748960494995,0.9999308586120605,True,False,True,0.6015815734863281,0.4325571060180664
1034,True,LEFT_ELBOW,0.6211695075035095,0.43911367654800415,0.14642904698848724,0.8040467500686646,0.9998650550842285,True,False,True,0.6211695075035095,0.43911367654800415
1035,True,LEFT_ELBOW,0.6421872973442078,0.4431910812854767,0.17131710052490234,0.7922836542129517,0.9998717308044434,True,False,True,0.6421872973442078,0.4431910812854767
1036,True,LEFT_ELBOW,0.6634226441383362,0.4413183629512787,0.2074231654405594,0.7505369186401367,0.9997451901435852,True,False,True,0.6634226441383362,0.4413183629512787
1037,True,LEFT_ELBOW,0.6901419758796692,0.4387897849082947,0.23600135743618011,0.6854879856109619,0.9996904134750366,True,False,True,0.6901419758796692,0.4387897849082947
1038,True,LEFT_ELBOW,0.7278705835342407,0.4365232586860657,0.2538258135318756,0.6214223504066467,0.9997184872627258,True,False,True,0.7278705835342407,0.4365232586860657
1039,True,LEFT_ELBOW,0.7527381777763367,0.4352274239063263,0.26605933904647827,0.5640484094619751,0.9997861981391907,True,False,True,0.7527381777763367,0.4352274239063263
1040,True,LEFT_ELBOW,0.7521088123321533,0.43091657757759094,0.2698194086551666,0.5139520764350891,0.9989606142044067,True,False,True,0.7521088123321533,0.43091657757759094
1041,True,LEFT_ELBOW,0.7693135142326355,0.4283677339553833,0.32122159004211426,0.46690428256988525,0.9986900687217712,False,False,False,,
1042,True,LEFT_ELBOW,0.7822837233543396,0.4260258972644806,0.32910725474357605,0.42477601766586304,0.9984328150749207,False,False,False,,
1043,True,LEFT_ELBOW,0.7902640104293823,0.4220375418663025,0.30410951375961304,0.3870171308517456,0.9985224604606628,False,False,False,,
1044,True,LEFT_ELBOW,0.8113641738891602,0.42156025767326355,0.2901436388492584,0.35294079780578613,0.9991963505744934,False,False,False,,
1045,True,LEFT_ELBOW,0.8273338079452515,0.42178967595100403,0.2562501132488251,0.3249969780445099,0.9996315240859985,False,False,False,,
1046,True,LEFT_ELBOW,0.9134424924850464,0.39496931433677673,0.3450014591217041,0.2976846396923065,0.9972454309463501,False,False,False,,
1047,True,LEFT_ELBOW,0.870121419429779,0.406689316034317,0.26557278633117676,0.2743624150753021,0.9978109002113342,False,False,False,,
1048,True,LEFT_ELBOW,0.9158928990364075,0.4083375632762909,0.2904716730117798,0.25162625312805176,0.998112678527832,False,False,False,,
1049,True,LEFT_ELBOW,0.8917563557624817,0.4121660590171814,0.34985634684562683,0.2327570766210556,0.989858090877533,False,False,False,,
1050,True,LEFT_ELBOW,0.8981929421424866,0.3510337769985199,0.32372480630874634,0.21141615509986877,0.9857454299926758,False,False,False,,
1051,True,LEFT_ELBOW,0.8890178799629211,0.3211914896965027,0.24326902627944946,0.193136528134346,0.9832760095596313,False,False,False,,
1052,True,LEFT_ELBOW,0.8909593224525452,0.397357702255249,0.2753961980342865,0.1765756756067276,0.9846278429031372,False,False,False,,
1053,True,LEFT_ELBOW,0.9204241037368774,0.41620326042175293,0.2247738391160965,0.16003315150737762,0.7594444751739502,False,False,False,,
1054,False,LEFT_ELBOW,,,,,,False,False,False,,
1055,True,LEFT_ELBOW,0.9412322640419006,0.1913648247718811,0.1597251445055008,0.20368894934654236,0.9987057447433472,False,False,False,,
1056,True,LEFT_ELBOW,0.9450716376304626,0.20844365656375885,-0.009667729958891869,0.22510188817977905,0.9582441449165344,False,False,False,,
1057,True,LEFT_ELBOW,0.9449808597564697,0.21352502703666687,0.0018262695521116257,0.22629383206367493,0.9641333222389221,False,False,False,,
1058,True,LEFT_ELBOW,0.9396094679832458,0.21262355148792267,-0.019119570031762123,0.23834939301013947,0.9837904572486877,False,False,False,,
1059,True,LEFT_ELBOW,0.9395508766174316,0.2099212110042572,-0.027864456176757812,0.25588861107826233,0.9869714379310608,False,False,False,,
1060,True,LEFT_ELBOW,0.9336087107658386,0.20539744198322296,-0.05433262512087822,0.27358555793762207,0.9924191236495972,False,False,False,,
1061,True,LEFT_ELBOW,0.9194666743278503,0.20718061923980713,-0.02772417478263378,0.3157230317592621,0.9982252717018127,False,False,False,,
1062,True,LEFT_ELBOW,0.9201115965843201,0.21043261885643005,-0.01859612762928009,0.3622276484966278,0.9984816908836365,False,False,False,,
1063,True,LEFT_ELBOW,0.9151493310928345,0.21235285699367523,-0.021399378776550293,0.39270341396331787,0.9985677003860474,False,False,False,,
1064,True,LEFT_ELBOW,0.9149885177612305,0.21478186547756195,-0.06160861998796463,0.42310789227485657,0.9946039319038391,False,False,False,,
1065,True,LEFT_ELBOW,0.9070904850959778,0.21341417729854584,-0.07244081050157547,0.45717233419418335,0.9987255930900574,False,False,False,,
975,True,LEFT_EYE,0.49545586109161377,0.28635525703430176,-0.075624480843544,0.9999710321426392,0.9999814033508301,True,False,True,0.49545586109161377,0.28635525703430176
976,True,LEFT_EYE,0.49410179257392883,0.2848201394081116,-0.05193299800157547,0.9999733567237854,0.9999932050704956,True,False,True,0.49410179257392883,0.2848201394081116
977,True,LEFT_EYE,0.4939570128917694,0.28509020805358887,-0.17909786105155945,0.9999756217002869,0.9999979734420776,True,False,True,0.4939570128917694,0.28509020805358887
978,True,LEFT_EYE,0.4901444613933563,0.2858653664588928,-0.16424719989299774,0.9999769330024719,0.9999943971633911,True,False,True,0.4901444613933563,0.2858653664588928
979,True,LEFT_EYE,0.48298144340515137,0.28641143441200256,-0.1633409559726715,0.9999780654907227,0.9999953508377075,True,False,True,0.48298144340515137,0.28641143441200256
980,True,LEFT_EYE,0.478006511926651,0.2864355444908142,-0.1544174700975418,0.9999793171882629,0.9999940395355225,True,False,True,0.478006511926651,0.2864355444908142
981,True,LEFT_EYE,0.4751783013343811,0.28653019666671753,-0.13403119146823883,0.9999805092811584,0.9999955892562866,True,False,True,0.4751783013343811,0.28653019666671753
982,True,LEFT_EYE,0.4743601679801941,0.2868513762950897,-0.17068909108638763,0.9999809265136719,0.99998939037323,True,False,True,0.4743601679801941,0.2868513762950897
983,True,LEFT_EYE,0.4735761284828186,0.28683680295944214,-0.15207380056381226,0.9999800324440002,0.9999641180038452,True,False,True,0.4735761284828186,0.28683680295944214
984,True,LEFT_EYE,0.4740201234817505,0.28693312406539917,-0.1615566462278366,0.9999784827232361,0.9999125003814697,True,False,True,0.4740201234817505,0.28693312406539917
985,True,LEFT_EYE,0.4700802266597748,0.2888314425945282,-0.0929126888513565,0.9999762773513794,0.9998863935470581,True,False,True,0.4700802266597748,0.2888314425945282
986,True,LEFT_EYE,0.4687121510505676,0.29270586371421814,-0.08913420885801315,0.9999779462814331,0.9999485015869141,True,False,True,0.4687121510505676,0.29270586371421814
987,True,LEFT_EYE,0.46894127130508423,0.2954944670200348,-0.08367332816123962,0.9999794960021973,0.9999443292617798,True,False,True,0.46894127130508423,0.2954944670200348
988,True,LEFT_EYE,0.4691404402256012,0.3020823001861572,-0.07768084108829498,0.9999693632125854,0.9998016953468323,True,False,True,0.4691404402256012,0.3020823001861572
989,True,LEFT_EYE,0.4690248668193817,0.3106836676597595,-0.11246808618307114,0.9999487400054932,0.999782383441925,True,False,True,0.4690248668193817,0.3106836676597595
990,True,LEFT_EYE,0.4682964086532593,0.32333728671073914,-0.09015496075153351,0.9999405741691589,0.9998964071273804,True,False,True,0.4682964086532593,0.32333728671073914
991,True,LEFT_EYE,0.46814465522766113,0.33698520064353943,-0.16727788746356964,0.9999366998672485,0.9999485015869141,True,False,True,0.46814465522766113,0.33698520064353943
992,True,LEFT_EYE,0.46804919838905334,0.3470422327518463,-0.17558743059635162,0.9999359250068665,0.9999504089355469,True,False,True,0.46804919838905334,0.3470422327518463
993,True,LEFT_EYE,0.4682176411151886,0.3537708520889282,-0.23573534190654755,0.9999131560325623,0.9998449087142944,True,False,True,0.4682176411151886,0.3537708520889282
994,True,LEFT_EYE,0.4678942859172821,0.36393046379089355,-0.22690626978874207,0.9998804330825806,0.9997920393943787,True,False,True,0.4678942859172821,0.36393046379089355
995,True,LEFT_EYE,0.4684431254863739,0.37560582160949707,-0.3630606532096863,0.999811589717865,0.9998651742935181,True,False,True,0.4684431254863739,0.37560582160949707
996,True,LEFT_EYE,0.4735599458217621,0.37707605957984924,-0.3966199457645416,0.9997941255569458,0.9999622106552124,True,False,True,0.4735599458217621,0.37707605957984924
997,True,LEFT_EYE,0.4759092926979065,0.38122814893722534,-0.4075253903865814,0.9996339082717896,0.9997525811195374,True,False,True,0.4759092926979065,0.38122814893722534
998,True,LEFT_EYE,0.48371121287345886,0.3848978877067566,-0.35212498903274536,0.9995102286338806,0.999778687953949,True,False,True,0.48371121287345886,0.3848978877067566
999,True,LEFT_EYE,0.4903991222381592,0.37917089462280273,-0.3144352436065674,0.9987170100212097,0.997783362865448,True,False,True,0.4903991222381592,0.37917089462280273
1000,True,LEFT_EYE,0.49780988693237305,0.37452301383018494,-0.07671072334051132,0.9984993934631348,0.9975073933601379,True,False,True,0.49780988693237305,0.37452301383018494
1001,True,LEFT_EYE,0.5374861359596252,0.38663649559020996,0.5722184181213379,0.9980955719947815,0.9999949932098389,True,False,True,0.5374861359596252,0.38663649559020996
1002,True,LEFT_EYE,0.5431500673294067,0.38525402545928955,0.5256189107894897,0.997923731803894,0.9999903440475464,True,False,True,0.5431500673294067,0.38525402545928955
1003,True,LEFT_EYE,0.6061567664146423,0.40512600541114807,0.6343317031860352,0.9901012182235718,0.9999721050262451,True,False,True,0.6061567664146423,0.40512600541114807
1004,True,LEFT_EYE,0.631096601486206,0.4248734712600708,0.519084095954895,0.9907454252243042,0.999988317489624,True,False,True,0.631096601486206,0.4248734712600708
1005,True,LEFT_EYE,0.6375474333763123,0.4361567497253418,0.4940527081489563,0.9916509389877319,0.9999960660934448,True,False,True,0.6375474333763123,0.4361567497253418
1006,True,LEFT_EYE,0.6380196809768677,0.43260011076927185,0.461642861366272,0.9923992156982422,0.9999781847000122,True,False,True,0.6380196809768677,0.43260011076927185
1007,True,LEFT_EYE,0.6329906582832336,0.4240717887878418,0.4864809215068817,0.991471529006958,0.9998238682746887,True,False,True,0.6329906582832336,0.4240717887878418
1008,True,LEFT_EYE,0.6356379985809326,0.4194920063018799,0.5756652355194092,0.9919313788414001,0.9998315572738647,True,False,True,0.6356379985809326,0.4194920063018799
1009,True,LEFT_EYE,0.6488767266273499,0.42224612832069397,0.5384005308151245,0.9924306273460388,0.9999243021011353,True,False,True,0.6488767266273499,0.42224612832069397
1010,True,LEFT_EYE,0.6571003198623657,0.4295946955680847,0.5876428484916687,0.9927151799201965,0.9998038411140442,True,False,True,0.6571003198623657,0.4295946955680847
1011,True,LEFT_EYE,0.6698969006538391,0.43224915862083435,0.4991281032562256,0.9934262633323669,0.9999834299087524,True,False,True,0.6698969006538391,0.43224915862083435
1012,True,LEFT_EYE,0.675337016582489,0.4307537078857422,0.4772781729698181,0.9940780997276306,0.9999856948852539,True,False,True,0.675337016582489,0.4307537078857422
1013,True,LEFT_EYE,0.6815019845962524,0.4298132061958313,0.3532724380493164,0.9946582913398743,0.9999626874923706,True,False,True,0.6815019845962524,0.4298132061958313
1014,True,LEFT_EYE,0.6884308457374573,0.41597694158554077,0.32149726152420044,0.9951896071434021,0.9999667406082153,True,False,True,0.6884308457374573,0.41597694158554077
1015,True,LEFT_EYE,0.6877335906028748,0.40250810980796814,0.28652605414390564,0.9956679940223694,0.9999738931655884,True,False,True,0.6877335906028748,0.40250810980796814
1016,True,LEFT_EYE,0.6854700446128845,0.3895544111728668,0.36410248279571533,0.9960950016975403,0.9999779462814331,True,False,True,0.6854700446128845,0.3895544111728668
1017,True,LEFT_EYE,0.6817960739135742,0.37148210406303406,0.5221545100212097,0.9964278340339661,0.9999611377716064,True,False,True,0.6817960739135742,0.37148210406303406
1018,True,LEFT_EYE,0.6780617833137512,0.3579498529434204,0.6286960244178772,0.9966688752174377,0.999988317489624,True,False,True,0.6780617833137512,0.3579498529434204
1019,True,LEFT_EYE,0.6761255860328674,0.34640243649482727,0.7134777307510376,0.9969540238380432,0.9999988079071045,True,False,True,0.6761255860328674,0.34640243649482727
1020,True,LEFT_EYE,0.6759649515151978,0.3369351625442505,0.6337811946868896,0.9972093105316162,0.9999966621398926,True,False,True,0.6759649515151978,0.3369351625442505
1021,True,LEFT_EYE,0.6787459850311279,0.3320534825325012,0.6063082814216614,0.9974832534790039,0.9999980926513672,True,False,True,0.6787459850311279,0.3320534825325012
1022,True,LEFT_EYE,0.6798164248466492,0.324198454618454,0.5900772213935852,0.9977275729179382,0.9999955892562866,True,False,True,0.6798164248466492,0.324198454618454
1023,True,LEFT_EYE,0.6788473129272461,0.32240551710128784,0.5524860620498657,0.9979471564292908,0.9999849796295166,True,False,True,0.6788473129272461,0.32240551710128784
1024,True,LEFT_EYE,0.6784104704856873,0.31968986988067627,0.4794398546218872,0.9981313347816467,0.9999462366104126,True,False,True,0.6784104704856873,0.31968986988067627
1025,True,LEFT_EYE,0.6804341077804565,0.3132958710193634,0.3907715976238251,0.998262882232666,0.9997043013572693,True,False,True,0.6804341077804565,0.3132958710193634
1026,True,LEFT_EYE,0.6836485266685486,0.3094559907913208,0.3128669857978821,0.9984052181243896,0.9998489618301392,True,False,True,0.6836485266685486,0.3094559907913208
1027,True,LEFT_EYE,0.6869518756866455,0.30708184838294983,0.3606147766113281,0.9985301494598389,0.9998742341995239,True,False,True,0.6869518756866455,0.30708184838294983
1028,True,LEFT_EYE,0.6910155415534973,0.30691713094711304,0.4072098433971405,0.9986672401428223,0.999976396560669,True,False,True,0.6910155415534973,0.30691713094711304
1029,True,LEFT_EYE,0.6943537592887878,0.30636829137802124,0.40661635994911194,0.9987942576408386,0.9999740123748779,True,False,True,0.6943537592887878,0.30636829137802124
1030,True,LEFT_EYE,0.7024641036987305,0.30431535840034485,0.3788740932941437,0.9989131689071655,0.9999943971633911,True,False,True,0.7024641036987305,0.30431535840034485
1031,True,LEFT_EYE,0.7093574404716492,0.30558815598487854,0.3646887540817261,0.9990195631980896,0.9999908208847046,True,False,True,0.7093574404716492,0.30558815598487854
1032,True,LEFT_EYE,0.7152815461158752,0.30730584263801575,0.3127745985984802,0.9991165399551392,0.9999897480010986,True,False,True,0.7152815461158752,0.30730584263801575
1033,True,LEFT_EYE,0.7263042330741882,0.3042908012866974,0.24796162545681,0.9992035627365112,0.9999804496765137,True,False,True,0.7263042330741882,0.3042908012866974
1034,True,LEFT_EYE,0.7401542067527771,0.30192846059799194,0.23271821439266205,0.9992803335189819,0.999967098236084,True,False,True,0.7401542067527771,0.30192846059799194
1035,True,LEFT_EYE,0.7492541670799255,0.2993766963481903,0.23898634314537048,0.9993470311164856,0.9999635219573975,True,False,True,0.7492541670799255,0.2993766963481903
1036,True,LEFT_EYE,0.7586317658424377,0.29621273279190063,0.23341882228851318,0.9994018077850342,0.9999555349349976,True,False,True,0.7586317658424377,0.29621273279190063
1037,True,LEFT_EYE,0.7680397033691406,0.29237955808639526,0.22738194465637207,0.9994182586669922,0.9998939037322998,True,False,True,0.7680397033691406,0.29237955808639526
1038,True,LEFT_EYE,0.7816407680511475,0.2899352014064789,0.2031652331352234,0.9993380308151245,0.9998475313186646,True,False,True,0.7816407680511475,0.2899352014064789
1039,True,LEFT_EYE,0.7942427396774292,0.2874520421028137,0.19960923492908478,0.999238133430481,0.9998401403427124,True,False,True,0.7942427396774292,0.2874520421028137
1040,True,LEFT_EYE,0.8014035224914551,0.28472957015037537,0.2250043898820877,0.9991887807846069,0.9996789693832397,True,False,True,0.8014035224914551,0.28472957015037537
1041,True,LEFT_EYE,0.8179118633270264,0.28233852982521057,0.23492051661014557,0.9991104602813721,0.9994692206382751,True,False,True,0.8179118633270264,0.28233852982521057
1042,True,LEFT_EYE,0.836574375629425,0.2794491648674011,0.23191502690315247,0.9990869164466858,0.9993835687637329,True,False,True,0.836574375629425,0.2794491648674011
1043,True,LEFT_EYE,0.8599516153335571,0.2786490023136139,0.13862565159797668,0.9991075396537781,0.9991692304611206,True,False,True,0.8599516153335571,0.2786490023136139
1044,True,LEFT_EYE,0.8754107356071472,0.2790021002292633,0.1529395431280136,0.9991225004196167,0.9991564750671387,True,False,True,0.8754107356071472,0.2790021002292633
1045,True,LEFT_EYE,0.8711104393005371,0.2798028886318207,0.17848122119903564,0.9991521239280701,0.9996317625045776,True,False,True,0.8711104393005371,0.2798028886318207
1046,True,LEFT_EYE,0.9145951867103577,0.2692503333091736,-0.08831561356782913,0.9992185831069946,0.9987596273422241,True,False,True,0.9145951867103577,0.2692503333091736
1047,True,LEFT_EYE,0.9219403266906738,0.2821677029132843,0.01606951467692852,0.998875081539154,0.9940032362937927,True,False,True,0.9219403266906738,0.2821677029132843
1048,True,LEFT_EYE,0.9282360076904297,0.28223296999931335,0.04464246332645416,0.9983341097831726,0.970955491065979,True,False,True,0.9282360076904297,0.28223296999931335
1049,True,LEFT_EYE,0.9383075833320618,0.2992498278617859,0.3083720803260803,0.9632672667503357,0.822291374206543,True,False,True,0.9383075833320618,0.2992498278617859
1050,True,LEFT_EYE,0.9617053866386414,0.2876116931438446,0.06883817166090012,0.9527153372764587,0.6852425932884216,True,False,True,0.9617053866386414,0.2876116931438446
1051,True,LEFT_EYE,0.9683823585510254,0.27967917919158936,0.03429112583398819,0.9329786896705627,0.6931071281433105,True,False,True,0.9683823585510254,0.27967917919158936
1052,True,LEFT_EYE,0.9955896139144897,0.2930350601673126,0.06216282770037651,0.9330328106880188,0.9826750159263611,True,False,True,0.9955896139144897,0.2930350601673126
1053,True,LEFT_EYE,0.9969116449356079,0.3064683973789215,0.020833954215049744,0.8710000514984131,0.2806699275970459,False,True,True,0.9675227999687195,0.24297857284545898
1054,False,LEFT_EYE,,,,,,False,True,True,0.9394559860229492,0.19292208552360535
1055,True,LEFT_EYE,0.911389172077179,0.1428655982017517,-0.0017333352006971836,0.882516622543335,0.9988094568252563,True,False,True,0.911389172077179,0.1428655982017517
1056,True,LEFT_EYE,0.908885657787323,0.14191654324531555,-0.06802640110254288,0.887910008430481,0.9518866539001465,True,False,True,0.908885657787323,0.14191654324531555
1057,True,LEFT_EYE,0.908937931060791,0.12569758296012878,-0.09037424623966217,0.8973255157470703,0.9651566743850708,True,False,True,0.908937931060791,0.12569758296012878
1058,True,LEFT_EYE,0.9053806066513062,0.11646819859743118,-0.10558143258094788,0.9072428345680237,0.9906246066093445,True,False,True,0.9053806066513062,0.11646819859743118
1059,True,LEFT_EYE,0.9006418585777283,0.11332632601261139,-0.1361333429813385,0.9164224863052368,0.9964144229888916,True,False,True,0.9006418585777283,0.11332632601261139
1060,True,LEFT_EYE,0.8901485800743103,0.11235307902097702,-0.17266705632209778,0.9246758818626404,0.9969623684883118,True,False,True,0.8901485800743103,0.11235307902097702
1061,True,LEFT_EYE,0.8803420662879944,0.1141963005065918,-0.14353565871715546,0.9321912527084351,0.9992178678512573,True,False,True,0.8803420662879944,0.1141963005065918
1062,True,LEFT_EYE,0.8761947751045227,0.11458445340394974,-0.1456926465034485,0.9389604926109314,0.9994027614593506,True,False,True,0.8761947751045227,0.11458445340394974
1063,True,LEFT_EYE,0.8651685118675232,0.11143314093351364,-0.18244077265262604,0.945056676864624,0.9996845722198486,True,False,True,0.8651685118675232,0.11143314093351364
1064,True,LEFT_EYE,0.8614514470100403,0.11149357259273529,-0.1793650984764099,0.9505223631858826,0.9986969828605652,True,False,True,0.8614514470100403,0.11149357259273529
1065,True,LEFT_EYE,0.8535587787628174,0.10937545448541641,-0.24295677244663239,0.9554640650749207,0.9997422099113464,True,False,True,0.8535587787628174,0.10937545448541641
975,True,LEFT_EYE_INNER,0.4936285614967346,0.2870812714099884,-0.07552172243595123,0.9999731779098511,0.9999786615371704,True,False,True,0.4936285614967346,0.2870812714099884
976,True,LEFT_EYE_INNER,0.49241185188293457,0.2852766513824463,-0.05182577669620514,0.9999753832817078,0.9999922513961792,True,False,True,0.49241185188293457,0.2852766513824463
977,True,LEFT_EYE_INNER,0.4918672740459442,0.28547295928001404,-0.1789873093366623,0.9999775290489197,0.999997615814209,True,False,True,0.4918672740459442,0.28547295928001404
978,True,LEFT_EYE_INNER,0.4881835877895355,0.2860654592514038,-0.16411635279655457,0.9999788403511047,0.9999934434890747,True,False,True,0.4881835877895355,0.2860654592514038
979,True,LEFT_EYE_INNER,0.48091086745262146,0.2865636348724365,-0.16309522092342377,0.9999799132347107,0.9999942779541016,True,False,True,0.48091086745262146,0.2865636348724365
980,True,LEFT_EYE_INNER,0.4766303598880768,0.2865835130214691,-0.15406501293182373,0.9999810457229614,0.9999927282333374,True,False,True,0.4766303598880768,0.2865835130214691
981,True,LEFT_EYE_INNER,0.473816841840744,0.2866740822792053,-0.13381734490394592,0.9999821186065674,0.9999946355819702,True,False,True,0.473816841840744,0.2866740822792053
982,True,LEFT_EYE_INNER,0.47260159254074097,0.2869633436203003,-0.1705099493265152,0.9999821782112122,0.9999874830245972,True,False,True,0.47260159254074097,0.2869633436203003
983,True,LEFT_EYE_INNER,0.4722498953342438,0.28695040941238403,-0.15192386507987976,0.9999808669090271,0.9999589920043945,True,False,True,0.4722498953342438,0.28695040941238403
984,True,LEFT_EYE_INNER,0.47272929549217224,0.28708213567733765,-0.16143403947353363,0.9999784231185913,0.9999005794525146,True,False,True,0.47272929549217224,0.28708213567733765
985,True,LEFT_EYE_INNER,0.4691101610660553,0.28909990191459656,-0.0928528904914856,0.999975323677063,0.9998819828033447,True,False,True,0.4691101610660553,0.28909990191459656
986,True,LEFT_EYE_INNER,0.46781545877456665,0.29293888807296753,-0.08908449113368988,0.9999769330024719,0.9999504089355469,True,False,True,0.46781545877456665,0.29293888807296753
987,True,LEFT_EYE_INNER,0.46801966428756714,0.29568397998809814,-0.08363810181617737,0.9999784827232361,0.9999483823776245,True,False,True,0.46801966428756714,0.29568397998809814
988,True,LEFT_EYE_INNER,0.46920284628868103,0.3023346960544586,-0.0776045173406601,0.9999685883522034,0.9998094439506531,True,False,True,0.46920284628868103,0.3023346960544586
989,True,LEFT_EYE_INNER,0.46856093406677246,0.3110487759113312,-0.11236638575792313,0.9999469518661499,0.999785840511322,True,False,True,0.46856093406677246,0.3110487759113312
990,True,LEFT_EYE_INNER,0.4682554304599762,0.32343342900276184,-0.09011063724756241,0.9999400973320007,0.999901533126831,True,False,True,0.4682554304599762,0.32343342900276184
991,True,LEFT_EYE_INNER,0.4676283001899719,0.33717188239097595,-0.16726335883140564,0.9999366402626038,0.9999479055404663,True,False,True,0.4676283001899719,0.33717188239097595
992,True,LEFT_EYE_INNER,0.4675755798816681,0.347154825925827,-0.1755961924791336,0.999935507774353,0.9999501705169678,True,False,True,0.4675755798816681,0.347154825925827
993,True,LEFT_EYE_INNER,0.4676748216152191,0.3535962998867035,-0.23573413491249084,0.9999085664749146,0.9998297691345215,True,False,True,0.4676748216152191,0.3535962998867035
994,True,LEFT_EYE_INNER,0.46722787618637085,0.36381101608276367,-0.22691550850868225,0.9998632073402405,0.999783456325531,True,False,True,0.46722787618637085,0.36381101608276367
995,True,LEFT_EYE_INNER,0.4673632085323334,0.3756113052368164,-0.3630279004573822,0.9997419714927673,0.9998389482498169,True,False,True,0.4673632085323334,0.3756113052368164
996,True,LEFT_EYE_INNER,0.4711596667766571,0.37677037715911865,-0.3965883255004883,0.9997082948684692,0.9999561309814453,True,False,True,0.4711596667766571,0.37677037715911865
997,True,LEFT_EYE_INNER,0.4738685190677643,0.3815131187438965,-0.40748369693756104,0.9994662404060364,0.999663233757019,True,False,True,0.4738685190677643,0.3815131187438965
998,True,LEFT_EYE_INNER,0.48115935921669006,0.3852389454841614,-0.35203224420547485,0.9992583990097046,0.999708354473114,True,False,True,0.48115935921669006,0.3852389454841614
999,True,LEFT_EYE_INNER,0.4877051115036011,0.37933090329170227,-0.3144330382347107,0.9979586005210876,0.9971672892570496,True,False,True,0.4877051115036011,0.37933090329170227
1000,True,LEFT_EYE_INNER,0.4965185821056366,0.37456631660461426,-0.0766155943274498,0.9975987672805786,0.9972792267799377,True,False,True,0.4965185821056366,0.37456631660461426
1001,True,LEFT_EYE_INNER,0.5385770797729492,0.3871120512485504,0.5722214579582214,0.9971000552177429,0.9999954700469971,True,False,True,0.5385770797729492,0.3871120512485504
1002,True,LEFT_EYE_INNER,0.544131875038147,0.38562098145484924,0.5256289839744568,0.9969115853309631,0.9999915361404419,True,False,True,0.544131875038147,0.38562098145484924
1003,True,LEFT_EYE_INNER,0.6093870997428894,0.4068832993507385,0.6343653798103333,0.986018717288971,0.9999712705612183,True,False,True,0.6093870997428894,0.4068832993507385
1004,True,LEFT_EYE_INNER,0.6340363621711731,0.42724090814590454,0.519136905670166,0.9869300127029419,0.9999877214431763,True,False,True,0.6340363621711731,0.42724090814590454
1005,True,LEFT_EYE_INNER,0.6400026679039001,0.43824344873428345,0.49404919147491455,0.9882143139839172,0.9999961853027344,True,False,True,0.6400026679039001,0.43824344873428345
1006,True,LEFT_EYE_INNER,0.6402854919433594,0.4347848892211914,0.46165117621421814,0.9893127083778381,0.9999796152114868,True,False,True,0.6402854919433594,0.4347848892211914
1007,True,LEFT_EYE_INNER,0.6354711651802063,0.4259919822216034,0.486519992351532,0.9885656833648682,0.9998470544815063,True,False,True,0.6354711651802063,0.4259919822216034
1008,True,LEFT_EYE_INNER,0.638576090335846,0.4212597608566284,0.575652539730072,0.9893617630004883,0.9998495578765869,True,False,True,0.638576090335846,0.4212597608566284
1009,True,LEFT_EYE_INNER,0.6523213982582092,0.4245917499065399,0.538395881652832,0.9901047348976135,0.9999310970306396,True,False,True,0.6523213982582092,0.4245917499065399
1010,True,LEFT_EYE_INNER,0.6598083972930908,0.4316226541996002,0.5875909924507141,0.9905866980552673,0.9998109936714172,True,False,True,0.6598083972930908,0.4316226541996002
1011,True,LEFT_EYE_INNER,0.6725465059280396,0.43423181772232056,0.4991092085838318,0.9915130734443665,0.9999845027923584,True,False,True,0.6725465059280396,0.43423181772232056
1012,True,LEFT_EYE_INNER,0.6770749092102051,0.4322672188282013,0.47723251581192017,0.9923570156097412,0.999987006187439,True,False,True,0.6770749092102051,0.4322672188282013
1013,True,LEFT_EYE_INNER,0.682824969291687,0.43160367012023926,0.35323405265808105,0.9931120872497559,0.9999618530273438,True,False,True,0.682824969291687,0.43160367012023926
1014,True,LEFT_EYE_INNER,0.690087080001831,0.4178447723388672,0.3214316666126251,0.9937989115715027,0.9999678134918213,True,False,True,0.690087080001831,0.4178447723388672
1015,True,LEFT_EYE_INNER,0.6900590062141418,0.4046667218208313,0.28648391366004944,0.994417667388916,0.9999772310256958,True,False,True,0.6900590062141418,0.4046667218208313
1016,True,LEFT_EYE_INNER,0.6884638667106628,0.3920992612838745,0.3639588952064514,0.9949719905853271,0.9999803304672241,True,False,True,0.6884638667106628,0.3920992612838745
1017,True,LEFT_EYE_INNER,0.6847211122512817,0.3735090494155884,0.5220654606819153,0.9954337477684021,0.999964714050293,True,False,True,0.6847211122512817,0.3735090494155884
1018,True,LEFT_EYE_INNER,0.6806087493896484,0.3593551516532898,0.628616988658905,0.9957987666130066,0.9999890327453613,True,False,True,0.6806087493896484,0.3593551516532898
1019,True,LEFT_EYE_INNER,0.6787463426589966,0.3475981652736664,0.7133537530899048,0.9961773753166199,0.999998927116394,True,False,True,0.6787463426589966,0.3475981652736664
1020,True,LEFT_EYE_INNER,0.6786870360374451,0.3381853699684143,0.6337339282035828,0.9965181350708008,0.9999969005584717,True,False,True,0.6786870360374451,0.3381853699684143
1021,True,LEFT_EYE_INNER,0.6817857027053833,0.33355745673179626,0.6062843799591064,0.9968616366386414,0.9999980926513672,True,False,True,0.6817857027053833,0.33355745673179626
1022,True,LEFT_EYE_INNER,0.683220624923706,0.3257221281528473,0.5900824666023254,0.9971674084663391,0.9999958276748657,True,False,True,0.683220624923706,0.3257221281528473
1023,True,LEFT_EYE_INNER,0.68233323097229,0.32398444414138794,0.5525858402252197,0.997441828250885,0.9999853372573853,True,False,True,0.68233323097229,0.32398444414138794
1024,True,LEFT_EYE_INNER,0.6820551753044128,0.32131749391555786,0.47950899600982666,0.9976725578308105,0.9999450445175171,True,False,True,0.6820551753044128,0.32131749391555786
1025,True,LEFT_EYE_INNER,0.6845185160636902,0.31474030017852783,0.390830934047699,0.9978429675102234,0.9996992349624634,True,False,True,0.6845185160636902,0.31474030017852783
1026,True,LEFT_EYE_INNER,0.6877687573432922,0.3106556236743927,0.3129367530345917,0.9980205297470093,0.9998446702957153,True,False,True,0.6877687573432922,0.3106556236743927
1027,True,LEFT_EYE_INNER,0.6912259459495544,0.30820444226264954,0.3606981933116913,0.9981749057769775,0.9998750686645508,True,False,True,0.6912259459495544,0.30820444226264954
1028,True,LEFT_EYE_INNER,0.6952239871025085,0.3078698515892029,0.4072716534137726,0.998343825340271,0.9999761581420898,True,False,True,0.6952239871025085,0.3078698515892029
1029,True,LEFT_EYE_INNER,0.6984310150146484,0.3069639205932617,0.406700074672699,0.998501181602478,0.9999740123748779,True,False,True,0.6984310150146484,0.3069639205932617
1030,True,LEFT_EYE_INNER,0.7064487934112549,0.3047531843185425,0.37896254658699036,0.9986487627029419,0.9999942779541016,True,False,True,0.7064487934112549,0.3047531843185425
1031,True,LEFT_EYE_INNER,0.7134636640548706,0.3059285581111908,0.3647679090499878,0.9987807273864746,0.999990701675415,True,False,True,0.7134636640548706,0.3059285581111908
1032,True,LEFT_EYE_INNER,0.719407856464386,0.3076567053794861,0.312823086977005,0.9989013075828552,0.99998939037323,True,False,True,0.719407856464386,0.3076567053794861
1033,True,LEFT_EYE_INNER,0.730915904045105,0.30449002981185913,0.2479919195175171,0.9990096688270569,0.9999805688858032,True,False,True,0.730915904045105,0.30449002981185913
1034,True,LEFT_EYE_INNER,0.7447740435600281,0.3020567297935486,0.23276467621326447,0.9991057515144348,0.999966025352478,True,False,True,0.7447740435600281,0.3020567297935486
1035,True,LEFT_EYE_INNER,0.7538140416145325,0.2994384765625,0.23901815712451935,0.9991898536682129,0.9999628067016602,True,False,True,0.7538140416145325,0.2994384765625
1036,True,LEFT_EYE_INNER,0.7629690170288086,0.29620906710624695,0.23344801366329193,0.9992615580558777,0.9999563694000244,True,False,True,0.7629690170288086,0.29620906710624695
1037,True,LEFT_EYE_INNER,0.7724831104278564,0.2923191487789154,0.22739990055561066,0.9992990493774414,0.9998990297317505,True,False,True,0.7724831104278564,0.2923191487789154
1038,True,LEFT_EYE_INNER,0.7860743999481201,0.2899247109889984,0.2031862437725067,0.999253511428833,0.9998499155044556,True,False,True,0.7860743999481201,0.2899247109889984
1039,True,LEFT_EYE_INNER,0.7988141775131226,0.28745996952056885,0.19961823523044586,0.9991854429244995,0.9998377561569214,True,False,True,0.7988141775131226,0.28745996952056885
1040,True,LEFT_EYE_INNER,0.8057287931442261,0.28472739458084106,0.22502094507217407,0.9991598129272461,0.9996621608734131,True,False,True,0.8057287931442261,0.28472739458084106
1041,True,LEFT_EYE_INNER,0.82221919298172,0.282505601644516,0.2349405437707901,0.999093234539032,0.9994283318519592,True,False,True,0.82221919298172,0.282505601644516
1042,True,LEFT_EYE_INNER,0.8414198756217957,0.27968236804008484,0.23192733526229858,0.999086856842041,0.999360978603363,True,False,True,0.8414198756217957,0.27968236804008484
1043,True,LEFT_EYE_INNER,0.8647028803825378,0.27931925654411316,0.13863812386989594,0.9991230368614197,0.9991437196731567,True,False,True,0.8647028803825378,0.27931925654411316
1044,True,LEFT_EYE_INNER,0.8804380297660828,0.27984684705734253,0.15294145047664642,0.9991556406021118,0.9991344809532166,True,False,True,0.8804380297660828,0.27984684705734253
1045,True,LEFT_EYE_INNER,0.875557005405426,0.28037551045417786,0.17849382758140564,0.9991946816444397,0.9996442794799805,True,False,True,0.875557005405426,0.28037551045417786
1046,True,LEFT_EYE_INNER,0.9157256484031677,0.2691299319267273,-0.08834892511367798,0.9992641806602478,0.99898761510849,True,False,True,0.9157256484031677,0.2691299319267273
1047,True,LEFT_EYE_INNER,0.9251405000686646,0.28170788288116455,0.016315756365656853,0.999058187007904,0.9940696954727173,True,False,True,0.9251405000686646,0.28170788288116455
1048,True,LEFT_EYE_INNER,0.9432480931282043,0.28154924511909485,0.04471507668495178,0.9987096190452576,0.9705694913864136,True,False,True,0.9432480931282043,0.28154924511909485
1049,True,LEFT_EYE_INNER,0.9410865306854248,0.29905572533607483,0.3084317445755005,0.9679842591285706,0.8175612092018127,True,False,True,0.9410865306854248,0.29905572533607483
1050,True,LEFT_EYE_INNER,0.9637831449508667,0.2875329554080963,0.06882960349321365,0.9609463214874268,0.6962927579879761,True,False,True,0.9637831449508667,0.2875329554080963
1051,True,LEFT_EYE_INNER,0.9714189171791077,0.27986207604408264,0.034301768988370895,0.9440316557884216,0.690646767616272,True,False,True,0.9714189171791077,0.27986207604408264
1052,True,LEFT_EYE_INNER,0.9982003569602966,0.29384809732437134,0.06164674833416939,0.9433414340019226,0.9811269640922546,True,False,True,0.9982003569602966,0.29384809732437134
1053,True,LEFT_EYE_INNER,0.9997513294219971,0.30603882670402527,0.02083238773047924,0.8792247176170349,0.26705417037010193,False,True,True,0.9687004884084066,0.24359341462453207
1054,False,LEFT_EYE_INNER,,,,,,False,True,True,0.9392006198565165,0.1933387319246928
1055,True,LEFT_EYE_INNER,0.9097007513046265,0.14308404922485352,-0.0016804748447611928,0.8903592824935913,0.9987285733222961,True,False,True,0.9097007513046265,0.14308404922485352
1056,True,LEFT_EYE_INNER,0.9078328609466553,0.14211949706077576,-0.06796851009130478,0.8958250880241394,0.9519614577293396,True,False,True,0.9078328609466553,0.14211949706077576
1057,True,LEFT_EYE_INNER,0.9078673124313354,0.12578266859054565,-0.0903184786438942,0.9048095345497131,0.9665296077728271,True,False,True,0.9078673124313354,0.12578266859054565
1058,True,LEFT_EYE_INNER,0.904280424118042,0.11645059287548065,-0.10553845763206482,0.9140413403511047,0.9910666346549988,True,False,True,0.904280424118042,0.11645059287548065
1059,True,LEFT_EYE_INNER,0.8987895846366882,0.11317465454339981,-0.13607880473136902,0.9225548505783081,0.9964973330497742,True,False,True,0.8987895846366882,0.11317465454339981
1060,True,LEFT_EYE_INNER,0.8876079320907593,0.11217308789491653,-0.17259271442890167,0.9302093386650085,0.9969357252120972,True,False,True,0.8876079320907593,0.11217308789491653
1061,True,LEFT_EYE_INNER,0.8776495456695557,0.11406820267438889,-0.14348430931568146,0.937174916267395,0.9992358684539795,True,False,True,0.8776495456695557,0.11406820267438889
1062,True,LEFT_EYE_INNER,0.8740492463111877,0.11437045782804489,-0.1456550657749176,0.9434482455253601,0.9993976354598999,True,False,True,0.8740492463111877,0.11437045782804489
1063,True,LEFT_EYE_INNER,0.8626300692558289,0.11130981892347336,-0.18240220844745636,0.9490966200828552,0.9997023940086365,True,False,True,0.8626300692558289,0.11130981892347336
1064,True,LEFT_EYE_INNER,0.8587954640388489,0.1113317459821701,-0.17933610081672668,0.9541623592376709,0.998799204826355,True,False,True,0.8587954640388489,0.1113317459821701
1065,True,LEFT_EYE_INNER,0.8509034514427185,0.10949745774269104,-0.24290265142917633,0.958740770816803,0.9997579455375671,True,False,True,0.8509034514427185,0.10949745774269104
975,True,LEFT_EYE_OUTER,0.49704623222351074,0.2852821946144104,-0.0757666602730751,0.9999808073043823,0.9999821186065674,True,False,True,0.49704623222351074,0.2852821946144104
976,True,LEFT_EYE_OUTER,0.495510458946228,0.2840558588504791,-0.05209624767303467,0.9999824166297913,0.999993085861206,True,False,True,0.495510458946228,0.2840558588504791
977,True,LEFT_EYE_OUTER,0.4955231249332428,0.28443795442581177,-0.1792697012424469,0.9999839067459106,0.9999979734420776,True,False,True,0.4955231249332428,0.28443795442581177
978,True,LEFT_EYE_OUTER,0.49169331789016724,0.2854495644569397,-0.16441188752651215,0.9999846816062927,0.9999947547912598,True,False,True,0.49169331789016724,0.2854495644569397
979,True,LEFT_EYE_OUTER,0.4843936264514923,0.2860614061355591,-0.16358289122581482,0.99998539686203,0.9999957084655762,True,False,True,0.4843936264514923,0.2860614061355591
980,True,LEFT_EYE_OUTER,0.47902247309684753,0.28606337308883667,-0.1546819806098938,0.9999862313270569,0.9999946355819702,True,False,True,0.47902247309684753,0.28606337308883667
981,True,LEFT_EYE_OUTER,0.47626161575317383,0.28617414832115173,-0.13422980904579163,0.999987006187439,0.9999960660934448,True,False,True,0.47626161575317383,0.28617414832115173
982,True,LEFT_EYE_OUTER,0.47584298253059387,0.28656718134880066,-0.17086516320705414,0.9999870657920837,0.9999902248382568,True,False,True,0.47584298253059387,0.28656718134880066
983,True,LEFT_EYE_OUTER,0.4745667278766632,0.2865627110004425,-0.15223829448223114,0.9999864101409912,0.9999673366546631,True,False,True,0.4745667278766632,0.2865627110004425
984,True,LEFT_EYE_OUTER,0.4749836325645447,0.2866470515727997,-0.16169123351573944,0.9999851584434509,0.9999210834503174,True,False,True,0.4749836325645447,0.2866470515727997
985,True,LEFT_EYE_OUTER,0.47109633684158325,0.2884620130062103,-0.09300432354211807,0.9999833703041077,0.9998887777328491,True,False,True,0.47109633684158325,0.2884620130062103
986,True,LEFT_EYE_OUTER,0.4694806635379791,0.2923986613750458,-0.08920340240001678,0.9999844431877136,0.9999450445175171,True,False,True,0.4694806635379791,0.2923986613750458
987,True,LEFT_EYE_OUTER,0.46986258029937744,0.29528576135635376,-0.08373110741376877,0.99998539686203,0.9999363422393799,True,False,True,0.46986258029937744,0.29528576135635376
988,True,LEFT_EYE_OUTER,0.4704793095588684,0.3018455505371094,-0.07775665819644928,0.9999783039093018,0.9997846484184265,True,False,True,0.4704793095588684,0.3018455505371094
989,True,LEFT_EYE_OUTER,0.47002291679382324,0.3104044198989868,-0.11249687522649765,0.9999616742134094,0.9997778534889221,True,False,True,0.47002291679382324,0.3104044198989868
990,True,LEFT_EYE_OUTER,0.46840834617614746,0.32324182987213135,-0.0901099219918251,0.9999561309814453,0.9998937845230103,True,False,True,0.46840834617614746,0.32324182987213135
991,True,LEFT_EYE_OUTER,0.4685730040073395,0.3368166387081146,-0.16722793877124786,0.9999534487724304,0.9999502897262573,True,False,True,0.4685730040073395,0.3368166387081146
992,True,LEFT_EYE_OUTER,0.4684906005859375,0.3468700349330902,-0.17554277181625366,0.9999526143074036,0.9999502897262573,True,False,True,0.4684906005859375,0.3468700349330902
993,True,LEFT_EYE_OUTER,0.46868324279785156,0.35399627685546875,-0.23574115335941315,0.999931275844574,0.9998540878295898,True,False,True,0.46868324279785156,0.35399627685546875
994,True,LEFT_EYE_OUTER,0.46874505281448364,0.36400818824768066,-0.2268926501274109,0.9998984336853027,0.9997934699058533,True,False,True,0.46874505281448364,0.36400818824768066
995,True,LEFT_EYE_OUTER,0.4696948230266571,0.3755844235420227,-0.3631511926651001,0.9998259544372559,0.9998800754547119,True,False,True,0.4696948230266571,0.3755844235420227
996,True,LEFT_EYE_OUTER,0.47520264983177185,0.3772858679294586,-0.39669859409332275,0.9998051524162292,0.9999650716781616,True,False,True,0.47520264983177185,0.3772858679294586
997,True,LEFT_EYE_OUTER,0.4773730933666229,0.3808879554271698,-0.40769076347351074,0.9996680617332458,0.9997968077659607,True,False,True,0.4773730933666229,0.3808879554271698
998,True,LEFT_EYE_OUTER,0.48638832569122314,0.3845091164112091,-0.3522847890853882,0.9995062947273254,0.9998064637184143,True,False,True,0.48638832569122314,0.3845091164112091
999,True,LEFT_EYE_OUTER,0.4926758408546448,0.3790326714515686,-0.3145196735858917,0.9983487725257874,0.9979956150054932,True,False,True,0.4926758408546448,0.3790326714515686
1000,True,LEFT_EYE_OUTER,0.49880772829055786,0.37449586391448975,-0.07680866867303848,0.9980576634407043,0.9975614547729492,True,False,True,0.49880772829055786,0.37449586391448975
1001,True,LEFT_EYE_OUTER,0.5360069274902344,0.3862517774105072,0.5721949338912964,0.9975074529647827,0.9999929666519165,True,False,True,0.5360069274902344,0.3862517774105072
1002,True,LEFT_EYE_OUTER,0.541916012763977,0.38492849469184875,0.5255727767944336,0.9972661733627319,0.9999867677688599,True,False,True,0.541916012763977,0.38492849469184875
1003,True,LEFT_EYE_OUTER,0.602966845035553,0.4030221104621887,0.6343883872032166,0.9869145154953003,0.9999656677246094,True,False,True,0.602966845035553,0.4030221104621887
1004,True,LEFT_EYE_OUTER,0.6281880736351013,0.42260974645614624,0.5191360712051392,0.9877382516860962,0.9999861717224121,True,False,True,0.6281880736351013,0.42260974645614624
1005,True,LEFT_EYE_OUTER,0.6349270939826965,0.43404433131217957,0.4940323233604431,0.9889419078826904,0.9999953508377075,True,False,True,0.6349270939826965,0.43404433131217957
1006,True,LEFT_EYE_OUTER,0.635362982749939,0.4304330050945282,0.46157747507095337,0.9899652004241943,0.9999732971191406,True,False,True,0.635362982749939,0.4304330050945282
1007,True,LEFT_EYE_OUTER,0.6304224133491516,0.4221844971179962,0.4863395392894745,0.989041268825531,0.9997761845588684,True,False,True,0.6304224133491516,0.4221844971179962
1008,True,LEFT_EYE_OUTER,0.6321506500244141,0.4179892838001251,0.575550377368927,0.9896953701972961,0.9997945427894592,True,False,True,0.6321506500244141,0.4179892838001251
1009,True,LEFT_EYE_OUTER,0.6460399031639099,0.42073357105255127,0.53830486536026,0.9903798699378967,0.9999096393585205,True,False,True,0.6460399031639099,0.42073357105255127
1010,True,LEFT_EYE_OUTER,0.6545679569244385,0.42774656414985657,0.5875558853149414,0.9907888770103455,0.9997653365135193,True,False,True,0.6545679569244385,0.42774656414985657
1011,True,LEFT_EYE_OUTER,0.6673362255096436,0.4304560124874115,0.49906569719314575,0.9916948080062866,0.9999806880950928,True,False,True,0.6673362255096436,0.4304560124874115
1012,True,LEFT_EYE_OUTER,0.6735588908195496,0.4292964041233063,0.47724926471710205,0.9925210475921631,0.999982476234436,True,False,True,0.6735588908195496,0.4292964041233063
1013,True,LEFT_EYE_OUTER,0.6799964904785156,0.4284003973007202,0.3532617688179016,0.9932612180709839,0.9999539852142334,True,False,True,0.6799964904785156,0.4284003973007202
1014,True,LEFT_EYE_OUTER,0.6864638328552246,0.4141600728034973,0.3215148150920868,0.993933379650116,0.9999592304229736,True,False,True,0.6864638328552246,0.4141600728034973
1015,True,LEFT_EYE_OUTER,0.6851175427436829,0.400035560131073,0.2865149676799774,0.9945385456085205,0.9999649524688721,True,False,True,0.6851175427436829,0.400035560131073
1016,True,LEFT_EYE_OUTER,0.6825149059295654,0.38749971985816956,0.3641362488269806,0.9950809478759766,0.9999707937240601,True,False,True,0.6825149059295654,0.38749971985816956
1017,True,LEFT_EYE_OUTER,0.6789627075195312,0.3696482181549072,0.5221740007400513,0.9955370426177979,0.9999499320983887,True,False,True,0.6789627075195312,0.3696482181549072
1018,True,LEFT_EYE_OUTER,0.6752566695213318,0.3570558726787567,0.6287109851837158,0.995904803276062,0.9999861717224121,True,False,True,0.6752566695213318,0.3570558726787567
1019,True,LEFT_EYE_OUTER,0.6732943654060364,0.3456166684627533,0.713528573513031,0.9962849617004395,0.9999985694885254,True,False,True,0.6732943654060364,0.3456166684627533
1020,True,LEFT_EYE_OUTER,0.6731156706809998,0.33590012788772583,0.6337695717811584,0.9966239333152771,0.9999963045120239,True,False,True,0.6731156706809998,0.33590012788772583
1021,True,LEFT_EYE_OUTER,0.6757330298423767,0.33087220788002014,0.6063070297241211,0.9969574809074402,0.9999977350234985,True,False,True,0.6757330298423767,0.33087220788002014
1022,True,LEFT_EYE_OUTER,0.6764861941337585,0.3229333162307739,0.5900729298591614,0.9972548484802246,0.999995231628418,True,False,True,0.6764861941337585,0.3229333162307739
1023,True,LEFT_EYE_OUTER,0.6755077242851257,0.32111257314682007,0.5524960160255432,0.9975212216377258,0.9999843835830688,True,False,True,0.6755077242851257,0.32111257314682007
1024,True,LEFT_EYE_OUTER,0.6749184131622314,0.31826069951057434,0.4794352352619171,0.9977471828460693,0.9999465942382812,True,False,True,0.6749184131622314,0.31826069951057434
1025,True,LEFT_EYE_OUTER,0.6763573884963989,0.31200358271598816,0.3907740116119385,0.9979116320610046,0.9997109770774841,True,False,True,0.6763573884963989,0.31200358271598816
1026,True,LEFT_EYE_OUTER,0.6794736385345459,0.30840957164764404,0.3129075765609741,0.9980809688568115,0.9998571872711182,True,False,True,0.6794736385345459,0.30840957164764404
1027,True,LEFT_EYE_OUTER,0.6825457215309143,0.3061298131942749,0.36063137650489807,0.9982267618179321,0.9998749494552612,True,False,True,0.6825457215309143,0.3061298131942749
1028,True,LEFT_EYE_OUTER,0.6867544651031494,0.30612045526504517,0.4072223901748657,0.99839186668396,0.9999762773513794,True,False,True,0.6867544651031494,0.30612045526504517
1029,True,LEFT_EYE_OUTER,0.690181314945221,0.3058851957321167,0.40662845969200134,0.9985449910163879,0.9999736547470093,True,False,True,0.690181314945221,0.3058851957321167
1030,True,LEFT_EYE_OUTER,0.6982982754707336,0.30400019884109497,0.37891650199890137,0.9986883401870728,0.9999942779541016,True,False,True,0.6982982754707336,0.30400019884109497
1031,True,LEFT_EYE_OUTER,0.7050279974937439,0.3053778111934662,0.3647313714027405,0.9988164305686951,0.9999909400939941,True,False,True,0.7050279974937439,0.3053778111934662
1032,True,LEFT_EYE_OUTER,0.7110646367073059,0.3070647418498993,0.31280696392059326,0.9989334344863892,0.9999896287918091,True,False,True,0.7110646367073059,0.3070647418498993
1033,True,LEFT_EYE_OUTER,0.7214908003807068,0.304190456867218,0.24797628819942474,0.9990383386611938,0.9999799728393555,True,False,True,0.7214908003807068,0.304190456867218
1034,True,LEFT_EYE_OUTER,0.7355536222457886,0.30193859338760376,0.23269082605838776,0.9991312026977539,0.9999674558639526,True,False,True,0.7355536222457886,0.30193859338760376
1035,True,LEFT_EYE_OUTER,0.744550883769989,0.299453467130661,0.23895253241062164,0.9992125034332275,0.9999626874923706,True,False,True,0.744550883769989,0.299453467130661
1036,True,LEFT_EYE_OUTER,0.7540608048439026,0.2963922619819641,0.23336508870124817,0.9992815852165222,0.9999523162841797,True,False,True,0.7540608048439026,0.2963922619819641
1037,True,LEFT_EYE_OUTER,0.7634050846099854,0.2926483154296875,0.2273041158914566,0.9993181228637695,0.9998830556869507,True,False,True,0.7634050846099854,0.2926483154296875
1038,True,LEFT_EYE_OUTER,0.7772067189216614,0.29023006558418274,0.20307114720344543,0.9992748498916626,0.9998325109481812,True,False,True,0.7772067189216614,0.29023006558418274
1039,True,LEFT_EYE_OUTER,0.7897882461547852,0.2877669632434845,0.1995106041431427,0.9992178082466125,0.9998297691345215,True,False,True,0.7897882461547852,0.2877669632434845
1040,True,LEFT_EYE_OUTER,0.7969536781311035,0.28507402539253235,0.22489915788173676,0.9992095232009888,0.9996715784072876,True,False,True,0.7969536781311035,0.28507402539253235
1041,True,LEFT_EYE_OUTER,0.8137908577919006,0.28248411417007446,0.2348102331161499,0.9991731643676758,0.9994593262672424,True,False,True,0.8137908577919006,0.28248411417007446
1042,True,LEFT_EYE_OUTER,0.831690788269043,0.2794620394706726,0.23180989921092987,0.9991776347160339,0.999369204044342,True,False,True,0.831690788269043,0.2794620394706726
1043,True,LEFT_EYE_OUTER,0.8557894825935364,0.27826547622680664,0.13855332136154175,0.9992048740386963,0.9991422891616821,True,False,True,0.8557894825935364,0.27826547622680664
1044,True,LEFT_EYE_OUTER,0.8706108331680298,0.27835118770599365,0.15290886163711548,0.9992285966873169,0.9991330504417419,True,False,True,0.8706108331680298,0.27835118770599365
1045,True,LEFT_EYE_OUTER,0.866916298866272,0.27940303087234497,0.1783897876739502,0.9992634057998657,0.9996135830879211,True,False,True,0.866916298866272,0.27940303087234497
1046,True,LEFT_EYE_OUTER,0.9135680794715881,0.2694176435470581,-0.08829575777053833,0.9993197917938232,0.9984399676322937,True,False,True,0.9135680794715881,0.2694176435470581
1047,True,LEFT_EYE_OUTER,0.9160714745521545,0.28201091289520264,0.015984440222382545,0.9991159439086914,0.9938701391220093,True,False,True,0.9160714745521545,0.28201091289520264
1048,True,LEFT_EYE_OUTER,0.9264392852783203,0.28208422660827637,0.04458514600992203,0.9987435340881348,0.9709507822990417,True,False,True,0.9264392852783203,0.28208422660827637
1049,True,LEFT_EYE_OUTER,0.9378472566604614,0.2991584241390228,0.3083123564720154,0.9700098633766174,0.8234333395957947,True,False,True,0.9378472566604614,0.2991584241390228
1050,True,LEFT_EYE_OUTER,0.9597996473312378,0.28778061270713806,0.06885664910078049,0.9610036611557007,0.659212052822113,True,False,True,0.9597996473312378,0.28778061270713806
1051,True,LEFT_EYE_OUTER,0.9653457999229431,0.27965542674064636,0.03434162586927414,0.941102921962738,0.6739168763160706,True,False,True,0.9653457999229431,0.27965542674064636
1052,True,LEFT_EYE_OUTER,0.9929172992706299,0.2923755347728729,0.06222169101238251,0.9419856667518616,0.9835233092308044,True,False,True,0.9929172992706299,0.2923755347728729
1053,True,LEFT_EYE_OUTER,0.9940735101699829,0.3070303797721863,0.020870808511972427,0.8851004838943481,0.2959601879119873,False,True,True,0.9663046797116598,0.2424826373656591
1054,False,LEFT_EYE_OUTER,,,,,,False,True,True,0.9396920601526896,0.19258973995844525
1055,True,LEFT_EYE_OUTER,0.9130794405937195,0.14269684255123138,-0.001856787595897913,0.8956059217453003,0.9987610578536987,True,False,True,0.9130794405937195,0.14269684255123138
1056,True,LEFT_EYE_OUTER,0.9124206900596619,0.14162126183509827,-0.06809021532535553,0.9003583788871765,0.9508206844329834,True,False,True,0.9124206900596619,0.14162126183509827
1057,True,LEFT_EYE_OUTER,0.9119194746017456,0.1254529356956482,-0.09042052179574966,0.9086229205131531,0.963399350643158,True,False,True,0.9119194746017456,0.1254529356956482
1058,True,LEFT_EYE_OUTER,0.9071371555328369,0.11633356660604477,-0.10558664798736572,0.9174020886421204,0.989978551864624,True,False,True,0.9071371555328369,0.11633356660604477
1059,True,LEFT_EYE_OUTER,0.9023828506469727,0.11333563923835754,-0.13616235554218292,0.9255556464195251,0.9962025284767151,True,False,True,0.9023828506469727,0.11333563923835754
1060,True,LEFT_EYE_OUTER,0.8922851085662842,0.11248968541622162,-0.17271779477596283,0.9328904747962952,0.9968743324279785,True,False,True,0.8922851085662842,0.11248968541622162
1061,True,LEFT_EYE_OUTER,0.882408857345581,0.11422297358512878,-0.143563374876976,0.9395835399627686,0.9991660118103027,True,False,True,0.882408857345581,0.11422297358512878
1062,True,LEFT_EYE_OUTER,0.8777357339859009,0.11472385376691818,-0.1456996500492096,0.9456128478050232,0.9993776679039001,True,False,True,0.8777357339859009,0.11472385376691818
1063,True,LEFT_EYE_OUTER,0.8671880960464478,0.11156552284955978,-0.18244343996047974,0.951042652130127,0.9996572732925415,True,False,True,0.8671880960464478,0.11156552284955978
1064,True,LEFT_EYE_OUTER,0.8638415932655334,0.11167291551828384,-0.1793549805879593,0.955906867980957,0.9985823631286621,True,False,True,0.8638415932655334,0.11167291551828384
1065,True,LEFT_EYE_OUTER,0.8559984564781189,0.10923799872398376,-0.24296942353248596,0.9603089690208435,0.9997190833091736,True,False,True,0.8559984564781189,0.10923799872398376
975,True,LEFT_FOOT_INDEX,0.4537849724292755,0.7716493010520935,-0.49227404594421387,0.9990419745445251,0.9996278285980225,True,False,True,0.4537849724292755,0.7716493010520935
976,True,LEFT_FOOT_INDEX,0.45487794280052185,0.7707295417785645,-0.4879070520401001,0.9990283846855164,0.9996501207351685,True,False,True,0.45487794280052185,0.7707295417785645
977,True,LEFT_FOOT_INDEX,0.45624688267707825,0.7706577181816101,-0.4821723997592926,0.9989458322525024,0.9996953010559082,True,False,True,0.45624688267707825,0.7706577181816101
978,True,LEFT_FOOT_INDEX,0.45634230971336365,0.7701732516288757,-0.5227156281471252,0.9989765286445618,0.9996918439865112,True,False,True,0.45634230971336365,0.7701732516288757
979,True,LEFT_FOOT_INDEX,0.45624053478240967,0.7697070240974426,-0.4952760636806488,0.99898362159729,0.9996059536933899,True,False,True,0.45624053478240967,0.7697070240974426
980,True,LEFT_FOOT_INDEX,0.45594853162765503,0.769737958908081,-0.43565133213996887,0.9990098476409912,0.9995036125183105,True,False,True,0.45594853162765503,0.769737958908081
981,True,LEFT_FOOT_INDEX,0.45593518018722534,0.7697764039039612,-0.4181418716907501,0.9990147948265076,0.9994698166847229,True,False,True,0.45593518018722534,0.7697764039039612
982,True,LEFT_FOOT_INDEX,0.4561954140663147,0.7697728872299194,-0.3864856958389282,0.9990050196647644,0.9994763731956482,True,False,True,0.4561954140663147,0.7697728872299194
983,True,LEFT_FOOT_INDEX,0.45639246702194214,0.7697868943214417,-0.4112624228000641,0.998964250087738,0.9990549683570862,True,False,True,0.45639246702194214,0.7697868943214417
984,True,LEFT_FOOT_INDEX,0.455952525138855,0.7699161171913147,-0.39540404081344604,0.9990208745002747,0.9994257688522339,True,False,True,0.455952525138855,0.7699161171913147
985,True,LEFT_FOOT_INDEX,0.45587581396102905,0.7710267901420593,-0.38038983941078186,0.9990939497947693,0.9994779229164124,True,False,True,0.45587581396102905,0.7710267901420593
986,True,LEFT_FOOT_INDEX,0.45728179812431335,0.7710689902305603,-0.3985784351825714,0.999159574508667,0.9996240139007568,True,False,True,0.45728179812431335,0.7710689902305603
987,True,LEFT_FOOT_INDEX,0.45798707008361816,0.7702991366386414,-0.4044669270515442,0.9991990327835083,0.9996668100357056,True,False,True,0.45798707008361816,0.7702991366386414
988,True,LEFT_FOOT_INDEX,0.46172189712524414,0.7693725228309631,-0.4336486756801605,0.9992166757583618,0.999806821346283,True,False,True,0.46172189712524414,0.7693725228309631
989,True,LEFT_FOOT_INDEX,0.4626944661140442,0.7693243622779846,-0.3363865613937378,0.9991466999053955,0.9996960163116455,True,False,True,0.4626944661140442,0.7693243622779846
990,True,LEFT_FOOT_INDEX,0.4626086950302124,0.769553542137146,-0.2170712798833847,0.9988889694213867,0.9994633793830872,True,False,True,0.4626086950302124,0.769553542137146
991,True,LEFT_FOOT_INDEX,0.4641273617744446,0.7701767086982727,-0.14532482624053955,0.9985877275466919,0.999774158000946,True,False,True,0.4641273617744446,0.7701767086982727
992,True,LEFT_FOOT_INDEX,0.46400725841522217,0.7707210183143616,-0.1549803465604782,0.9981610774993896,0.9991044402122498,True,False,True,0.46400725841522217,0.7707210183143616
993,True,LEFT_FOOT_INDEX,0.46394816040992737,0.7723666429519653,-0.16055870056152344,0.9979240298271179,0.9992089867591858,True,False,True,0.46394816040992737,0.7723666429519653
994,True,LEFT_FOOT_INDEX,0.46383458375930786,0.7744858860969543,-0.32392653822898865,0.9978104829788208,0.9990857839584351,True,False,True,0.46383458375930786,0.7744858860969543
995,True,LEFT_FOOT_INDEX,0.4645608365535736,0.7744568586349487,-0.18815907835960388,0.9971836805343628,0.9991351962089539,True,False,True,0.4645608365535736,0.7744568586349487
996,True,LEFT_FOOT_INDEX,0.4654581844806671,0.775248646736145,-0.32583510875701904,0.9969946146011353,0.9996353387832642,True,False,True,0.4654581844806671,0.775248646736145
997,True,LEFT_FOOT_INDEX,0.4688882529735565,0.774348795413971,-0.12099906802177429,0.9950034022331238,0.9994163513183594,True,False,True,0.4688882529735565,0.774348795413971
998,True,LEFT_FOOT_INDEX,0.46871572732925415,0.7751067280769348,-0.08640895038843155,0.990215003490448,0.9988277554512024,True,False,True,0.46871572732925415,0.7751067280769348
999,True,LEFT_FOOT_INDEX,0.4685240387916565,0.7623447775840759,-0.34950584173202515,0.9740999937057495,0.9968671202659607,True,False,True,0.4685240387916565,0.7623447775840759
1000,True,LEFT_FOOT_INDEX,0.453870952129364,0.7637597322463989,-0.29853343963623047,0.9572595953941345,0.9989532232284546,True,False,True,0.453870952129364,0.7637597322463989
1001,True,LEFT_FOOT_INDEX,0.4607997238636017,0.7639937996864319,-0.3781398832798004,0.9521346688270569,0.9998705387115479,True,False,True,0.4607997238636017,0.7639937996864319
1002,True,LEFT_FOOT_INDEX,0.4599951207637787,0.7655937671661377,-0.3983157277107239,0.9448312520980835,0.9997062087059021,True,False,True,0.4599951207637787,0.7655937671661377
1003,True,LEFT_FOOT_INDEX,0.4635545313358307,0.7633730173110962,-0.23131908476352692,0.9319177865982056,0.9997270703315735,True,False,True,0.4635545313358307,0.7633730173110962
1004,True,LEFT_FOOT_INDEX,0.48153775930404663,0.7604949474334717,-0.19517000019550323,0.9297841787338257,0.9998171925544739,True,False,True,0.48153775930404663,0.7604949474334717
1005,True,LEFT_FOOT_INDEX,0.4798276126384735,0.7606289386749268,-0.3798103332519531,0.9331458806991577,0.9992965459823608,True,False,True,0.4798276126384735,0.7606289386749268
1006,True,LEFT_FOOT_INDEX,0.4714200794696808,0.7534332871437073,-0.24246028065681458,0.9321863651275635,0.9967457056045532,True,False,True,0.4714200794696808,0.7534332871437073
1007,True,LEFT_FOOT_INDEX,0.4518109858036041,0.7298875451087952,-0.3272162675857544,0.9264492392539978,0.9904462099075317,True,False,True,0.4518109858036041,0.7298875451087952
1008,True,LEFT_FOOT_INDEX,0.4283306300640106,0.6786016225814819,-0.32220882177352905,0.9198834300041199,0.9972618818283081,True,False,True,0.4283306300640106,0.6786016225814819
1009,True,LEFT_FOOT_INDEX,0.37633630633354187,0.6009328365325928,-0.11379183083772659,0.9035192131996155,0.9962525367736816,True,False,True,0.37633630633354187,0.6009328365325928
1010,True,LEFT_FOOT_INDEX,0.3597705662250519,0.5631155371665955,0.004932659212499857,0.8541913628578186,0.9560627937316895,True,False,True,0.3597705662250519,0.5631155371665955
1011,True,LEFT_FOOT_INDEX,0.2947552502155304,0.521120548248291,-0.04769350215792656,0.8521981239318848,0.9966443777084351,True,False,True,0.2947552502155304,0.521120548248291
1012,True,LEFT_FOOT_INDEX,0.2639322280883789,0.471174031496048,-0.041387397795915604,0.860353410243988,0.9990731477737427,True,False,True,0.2639322280883789,0.471174031496048
1013,True,LEFT_FOOT_INDEX,0.234214648604393,0.433674156665802,-0.04127693548798561,0.8664056062698364,0.9989232420921326,True,False,True,0.234214648604393,0.433674156665802
1014,True,LEFT_FOOT_INDEX,0.21650053560733795,0.42333734035491943,-0.08275330811738968,0.8753964304924011,0.9976068735122681,True,False,True,0.21650053560733795,0.42333734035491943
1015,True,LEFT_FOOT_INDEX,0.18867865204811096,0.42557185888290405,-0.09370213747024536,0.8853364586830139,0.9981536269187927,True,False,True,0.18867865204811096,0.42557185888290405
1016,True,LEFT_FOOT_INDEX,0.1714351922273636,0.4325806200504303,-0.16975584626197815,0.8944154381752014,0.9990031123161316,True,False,True,0.1714351922273636,0.4325806200504303
1017,True,LEFT_FOOT_INDEX,0.17968963086605072,0.44832077622413635,-0.17749644815921783,0.9011696577072144,0.9993077516555786,True,False,True,0.17968963086605072,0.44832077622413635
1018,True,LEFT_FOOT_INDEX,0.17964676022529602,0.4765697717666626,-0.12052076309919357,0.9055554866790771,0.9994612336158752,True,False,True,0.17964676022529602,0.4765697717666626
1019,True,LEFT_FOOT_INDEX,0.16837261617183685,0.5006310343742371,-0.19376711547374725,0.9057624340057373,0.999750554561615,True,False,True,0.16837261617183685,0.5006310343742371
1020,True,LEFT_FOOT_INDEX,0.2014463096857071,0.5729930400848389,-0.12200302630662918,0.9009849429130554,0.9995104074478149,True,False,True,0.2014463096857071,0.5729930400848389
1021,True,LEFT_FOOT_INDEX,0.23324039578437805,0.6216551065444946,-0.056713931262493134,0.8964431881904602,0.9994520545005798,True,False,True,0.23324039578437805,0.6216551065444946
1022,True,LEFT_FOOT_INDEX,0.3179421126842499,0.6634407043457031,-0.03558645769953728,0.8836706280708313,0.9996920824050903,True,False,True,0.3179421126842499,0.6634407043457031
1023,True,LEFT_FOOT_INDEX,0.38794398307800293,0.6932886838912964,0.0978262647986412,0.8578723073005676,0.9994211196899414,True,False,True,0.38794398307800293,0.6932886838912964
1024,True,LEFT_FOOT_INDEX,0.44773662090301514,0.7085534334182739,0.14099052548408508,0.8330256938934326,0.9989166259765625,True,False,True,0.44773662090301514,0.7085534334182739
1025,True,LEFT_FOOT_INDEX,0.5584343671798706,0.7095655202865601,0.4198998808860779,0.7864288091659546,0.9976402521133423,True,False,True,0.5584343671798706,0.7095655202865601
1026,True,LEFT_FOOT_INDEX,0.6065429449081421,0.6929791569709778,0.5588788390159607,0.7738124132156372,0.9995417594909668,True,False,True,0.6065429449081421,0.6929791569709778
1027,True,LEFT_FOOT_INDEX,0.680433452129364,0.7204577922821045,0.4494037628173828,0.7724603414535522,0.9996321201324463,True,False,True,0.680433452129364,0.7204577922821045
1028,True,LEFT_FOOT_INDEX,0.7370712161064148,0.732192873954773,0.3165360689163208,0.7871803641319275,0.9998489618301392,True,False,True,0.7370712161064148,0.732192873954773
1029,True,LEFT_FOOT_INDEX,0.7687201499938965,0.72996586561203,0.31360670924186707,0.7999700307846069,0.9995377063751221,True,False,True,0.7687201499938965,0.72996586561203
1030,True,LEFT_FOOT_INDEX,0.7909628748893738,0.7344961166381836,0.2578098177909851,0.8153128623962402,0.9998668432235718,True,False,True,0.7909628748893738,0.7344961166381836
1031,True,LEFT_FOOT_INDEX,0.8071164488792419,0.7410799860954285,0.23230795562267303,0.829555094242096,0.999822199344635,True,False,True,0.8071164488792419,0.7410799860954285
1032,True,LEFT_FOOT_INDEX,0.8110721707344055,0.7524798512458801,0.0996876060962677,0.8431732654571533,0.9996116757392883,True,False,True,0.8110721707344055,0.7524798512458801
1033,True,LEFT_FOOT_INDEX,0.8041601777076721,0.7536221742630005,0.10274775326251984,0.8557886481285095,0.9994726777076721,True,False,True,0.8041601777076721,0.7536221742630005
1034,True,LEFT_FOOT_INDEX,0.8020734190940857,0.7585103511810303,0.197310209274292,0.864765465259552,0.9991430044174194,True,False,True,0.8020734190940857,0.7585103511810303
1035,True,LEFT_FOOT_INDEX,0.7967972755432129,0.759128749370575,0.18533098697662354,0.8697569966316223,0.9991503953933716,True,False,True,0.7967972755432129,0.759128749370575
1036,True,LEFT_FOOT_INDEX,0.793685257434845,0.7626922726631165,0.14707690477371216,0.8684931993484497,0.9993032217025757,True,False,True,0.793685257434845,0.7626922726631165
1037,True,LEFT_FOOT_INDEX,0.7831102609634399,0.762435257434845,0.15794748067855835,0.8627621531486511,0.9997755885124207,True,False,True,0.7831102609634399,0.762435257434845
1038,True,LEFT_FOOT_INDEX,0.7984170317649841,0.7665181159973145,0.1521596759557724,0.8573660850524902,0.9993663430213928,True,False,True,0.7984170317649841,0.7665181159973145
1039,True,LEFT_FOOT_INDEX,0.7948051691055298,0.7680749893188477,0.09905493259429932,0.8542456030845642,0.9992914199829102,True,False,True,0.7948051691055298,0.7680749893188477
1040,True,LEFT_FOOT_INDEX,0.7840245962142944,0.7640565633773804,0.02276335097849369,0.8348584175109863,0.9970661997795105,True,False,True,0.7840245962142944,0.7640565633773804
1041,True,LEFT_FOOT_INDEX,0.7949654459953308,0.7639532685279846,-0.005703055765479803,0.8029099106788635,0.976704478263855,True,False,True,0.7949654459953308,0.7639532685279846
1042,True,LEFT_FOOT_INDEX,0.8081410527229309,0.7722851037979126,-0.02881457656621933,0.7853489518165588,0.9862792491912842,True,False,True,0.8081410527229309,0.7722851037979126
1043,True,LEFT_FOOT_INDEX,0.7974057793617249,0.7696232199668884,0.00952543318271637,0.7896226048469543,0.9950932264328003,True,False,True,0.7974057793617249,0.7696232199668884
1044,True,LEFT_FOOT_INDEX,0.7973856329917908,0.7689098119735718,-0.012671466916799545,0.7954657077789307,0.99631267786026,True,False,True,0.7973856329917908,0.7689098119735718
1045,True,LEFT_FOOT_INDEX,0.8007715344429016,0.768008828163147,-0.027736054733395576,0.8004699349403381,0.9986808896064758,True,False,True,0.8007715344429016,0.768008828163147
1046,True,LEFT_FOOT_INDEX,0.8016529679298401,0.7692295908927917,-0.07407091557979584,0.8136520385742188,0.9963992834091187,True,False,True,0.8016529679298401,0.7692295908927917
1047,True,LEFT_FOOT_INDEX,0.8014990091323853,0.7682303190231323,-0.06839408725500107,0.8042526841163635,0.9760184288024902,True,False,True,0.8014990091323853,0.7682303190231323
1048,True,LEFT_FOOT_INDEX,0.8041881918907166,0.7685059309005737,-0.08448683470487595,0.8038491606712341,0.9490671157836914,True,False,True,0.8041881918907166,0.7685059309005737
1049,True,LEFT_FOOT_INDEX,0.8045399785041809,0.7682957053184509,-0.08613419532775879,0.7663964629173279,0.8879868984222412,True,False,True,0.8045399785041809,0.7682957053184509
1050,True,LEFT_FOOT_INDEX,0.8024383783340454,0.7679802179336548,0.029227204620838165,0.7358759045600891,0.8753997087478638,True,False,True,0.8024383783340454,0.7679802179336548
1051,True,LEFT_FOOT_INDEX,0.7947725653648376,0.7669224739074707,0.03947678208351135,0.7039721012115479,0.8994866609573364,True,False,True,0.7947725653648376,0.7669224739074707
1052,True,LEFT_FOOT_INDEX,0.7962077856063843,0.766812264919281,-0.03262564167380333,0.7175161838531494,0.8609387278556824,True,False,True,0.7962077856063843,0.766812264919281
1053,True,LEFT_FOOT_INDEX,0.8070522546768188,0.7623870968818665,-0.02556111104786396,0.704349160194397,0.8656127452850342,True,False,True,0.8070522546768188,0.7623870968818665
1054,False,LEFT_FOOT_INDEX,,,,,,False,True,True,0.8831548094749451,0.6382103860378265
1055,True,LEFT_FOOT_INDEX,0.9592573642730713,0.5140336751937866,-0.011585096828639507,0.6623490452766418,0.959504246711731,True,False,True,0.9592573642730713,0.5140336751937866
1056,True,LEFT_FOOT_INDEX,0.950029194355011,0.5059759020805359,-0.07683484256267548,0.657799243927002,0.7941420078277588,True,False,True,0.950029194355011,0.5059759020805359
1057,True,LEFT_FOOT_INDEX,0.9691512584686279,0.49552157521247864,-0.05357775837182999,0.6568456292152405,0.8967702984809875,True,False,True,0.9691512584686279,0.49552157521247864
1058,True,LEFT_FOOT_INDEX,0.9845874309539795,0.4922046959400177,-0.04848847910761833,0.68201744556427,0.973505437374115,True,False,True,0.9845874309539795,0.4922046959400177
1059,True,LEFT_FOOT_INDEX,0.9863811135292053,0.47614118456840515,0.016719751060009003,0.7106026411056519,0.9917885661125183,True,False,True,0.9863811135292053,0.47614118456840515
1060,True,LEFT_FOOT_INDEX,0.9924656748771667,0.48403221368789673,-0.02649153396487236,0.7360129952430725,0.9918163418769836,True,False,True,0.9924656748771667,0.48403221368789673
1061,True,LEFT_FOOT_INDEX,0.9915251731872559,0.4837363064289093,0.011370931752026081,0.7529425621032715,0.9780423045158386,True,False,True,0.9915251731872559,0.4837363064289093
1062,True,LEFT_FOOT_INDEX,0.9955832958221436,0.47664064168930054,0.058675386011600494,0.7695575952529907,0.9801599979400635,True,False,True,0.9955832958221436,0.47664064168930054
1063,True,LEFT_FOOT_INDEX,1.0015194416046143,0.4795092046260834,-0.05660868063569069,0.7890710234642029,0.9951747059822083,True,False,True,1.0015194416046143,0.4795092046260834
1064,True,LEFT_FOOT_INDEX,1.0000673532485962,0.4799249768257141,-0.038407571613788605,0.8075985312461853,0.9936745166778564,True,False,True,1.0000673532485962,0.4799249768257141
1065,True,LEFT_FOOT_INDEX,0.9994891285896301,0.47729241847991943,-0.04282442852854729,0.8234211802482605,0.996801495552063,True,False,True,0.9994891285896301,0.47729241847991943
975,True,LEFT_HEEL,0.5484046936035156,0.7654940485954285,-0.3292282223701477,0.9952974915504456,0.9997960925102234,True,False,True,0.5484046936035156,0.7654940485954285
976,True,LEFT_HEEL,0.5496147274971008,0.764682412147522,-0.3276863396167755,0.9952989816665649,0.999806821346283,True,False,True,0.5496147274971008,0.764682412147522
977,True,LEFT_HEEL,0.5496968030929565,0.7646855115890503,-0.3106359541416168,0.9949610233306885,0.9997887015342712,True,False,True,0.5496968030929565,0.7646855115890503
978,True,LEFT_HEEL,0.5501241087913513,0.7645566463470459,-0.356810063123703,0.9951680898666382,0.9998268485069275,True,False,True,0.5501241087913513,0.7645566463470459
979,True,LEFT_HEEL,0.5504962801933289,0.764388382434845,-0.3421793580055237,0.9952177405357361,0.9997703433036804,True,False,True,0.5504962801933289,0.764388382434845
980,True,LEFT_HEEL,0.5509570837020874,0.7643046379089355,-0.29452061653137207,0.9953389167785645,0.9997325539588928,True,False,True,0.5509570837020874,0.7643046379089355
981,True,LEFT_HEEL,0.5521963238716125,0.7640892863273621,-0.272090882062912,0.9953784942626953,0.9997085928916931,True,False,True,0.5521963238716125,0.7640892863273621
982,True,LEFT_HEEL,0.5526212453842163,0.7641580700874329,-0.23377279937267303,0.9953365921974182,0.9997249245643616,True,False,True,0.5526212453842163,0.7641580700874329
983,True,LEFT_HEEL,0.5526896715164185,0.7643822431564331,-0.2519925534725189,0.9950090646743774,0.9994931221008301,True,False,True,0.5526896715164185,0.7643822431564331
984,True,LEFT_HEEL,0.5531509518623352,0.7643938064575195,-0.2468108832836151,0.9952647089958191,0.9997937083244324,True,False,True,0.5531509518623352,0.7643938064575195
985,True,LEFT_HEEL,0.5539365410804749,0.7643952369689941,-0.25104013085365295,0.9955409169197083,0.9998286962509155,True,False,True,0.5539365410804749,0.7643952369689941
986,True,LEFT_HEEL,0.5545452833175659,0.7640243172645569,-0.25779780745506287,0.9957705736160278,0.9998888969421387,True,False,True,0.5545452833175659,0.7640243172645569
987,True,LEFT_HEEL,0.5558227300643921,0.7625802159309387,-0.25958821177482605,0.995789110660553,0.9998711347579956,True,False,True,0.5558227300643921,0.7625802159309387
988,True,LEFT_HEEL,0.555796205997467,0.7622636556625366,-0.2926826477050781,0.9958621263504028,0.9999285936355591,True,False,True,0.555796205997467,0.7622636556625366
989,True,LEFT_HEEL,0.5535040497779846,0.7619848251342773,-0.20561082661151886,0.995650589466095,0.9998650550842285,True,False,True,0.5535040497779846,0.7619848251342773
990,True,LEFT_HEEL,0.5508122444152832,0.7621062994003296,-0.1114344447851181,0.9950054883956909,0.9996354579925537,True,False,True,0.5508122444152832,0.7621062994003296
991,True,LEFT_HEEL,0.5498996376991272,0.7624576687812805,-0.04102352634072304,0.9938300848007202,0.9998223185539246,True,False,True,0.5498996376991272,0.7624576687812805
992,True,LEFT_HEEL,0.546964168548584,0.7618001699447632,-0.0671207532286644,0.9926573634147644,0.9992327690124512,True,False,True,0.546964168548584,0.7618001699447632
993,True,LEFT_HEEL,0.5466671586036682,0.7617306709289551,-0.0787898451089859,0.9923821091651917,0.999404788017273,True,False,True,0.5466671586036682,0.7617306709289551
994,True,LEFT_HEEL,0.5468761920928955,0.7620989680290222,-0.20975035429000854,0.9921070337295532,0.9994152784347534,True,False,True,0.5468761920928955,0.7620989680290222
995,True,LEFT_HEEL,0.5469281673431396,0.7624011039733887,-0.0731211006641388,0.9892488121986389,0.9995067119598389,True,False,True,0.5469281673431396,0.7624011039733887
996,True,LEFT_HEEL,0.5473120808601379,0.7627490162849426,-0.18010267615318298,0.9877837896347046,0.9997829794883728,True,False,True,0.5473120808601379,0.7627490162849426
997,True,LEFT_HEEL,0.5393452644348145,0.7601677775382996,-0.008927872404456139,0.9848219752311707,0.9997598528862,True,False,True,0.5393452644348145,0.7601677775382996
998,True,LEFT_HEEL,0.5348368287086487,0.7602728605270386,-0.004530744161456823,0.9827552437782288,0.9993903636932373,True,False,True,0.5348368287086487,0.7602728605270386
999,True,LEFT_HEEL,0.5151247382164001,0.7630590796470642,-0.22288617491722107,0.9704498648643494,0.996964156627655,True,False,True,0.5151247382164001,0.7630590796470642
1000,True,LEFT_HEEL,0.501319169998169,0.7632039189338684,-0.19589367508888245,0.9653323888778687,0.9988719820976257,True,False,True,0.501319169998169,0.7632039189338684
1001,True,LEFT_HEEL,0.48953738808631897,0.7632272243499756,-0.28147464990615845,0.9681892395019531,0.999922513961792,True,False,True,0.48953738808631897,0.7632272243499756
1002,True,LEFT_HEEL,0.48860299587249756,0.763381838798523,-0.31360924243927,0.9708264470100403,0.9998646974563599,True,False,True,0.48860299587249756,0.763381838798523
1003,True,LEFT_HEEL,0.48718026280403137,0.7534128427505493,-0.18296222388744354,0.9716095328330994,0.9998249411582947,True,False,True,0.48718026280403137,0.7534128427505493
1004,True,LEFT_HEEL,0.4909249246120453,0.7539674639701843,-0.1591978520154953,0.9741132855415344,0.9999186992645264,True,False,True,0.4909249246120453,0.7539674639701843
1005,True,LEFT_HEEL,0.4857741892337799,0.7482120990753174,-0.35145094990730286,0.9764541983604431,0.9997735619544983,True,False,True,0.4857741892337799,0.7482120990753174
1006,True,LEFT_HEEL,0.4636264741420746,0.7402161955833435,-0.25959375500679016,0.978034257888794,0.9985062479972839,True,False,True,0.4636264741420746,0.7402161955833435
1007,True,LEFT_HEEL,0.44347327947616577,0.7031628489494324,-0.28514325618743896,0.9766862988471985,0.9971729516983032,True,False,True,0.44347327947616577,0.7031628489494324
1008,True,LEFT_HEEL,0.42453712224960327,0.6433218717575073,-0.2633933126926422,0.9770174026489258,0.9988545179367065,True,False,True,0.42453712224960327,0.6433218717575073
1009,True,LEFT_HEEL,0.37802407145500183,0.5979092717170715,-0.07798058539628983,0.9759237766265869,0.9981244206428528,True,False,True,0.37802407145500183,0.5979092717170715
1010,True,LEFT_HEEL,0.3660425543785095,0.5666389465332031,0.016834815964102745,0.9709957838058472,0.9703272581100464,True,False,True,0.3660425543785095,0.5666389465332031
1011,True,LEFT_HEEL,0.34119364619255066,0.5144503712654114,-0.010638173669576645,0.9732141494750977,0.9985571503639221,True,False,True,0.34119364619255066,0.5144503712654114
1012,True,LEFT_HEEL,0.3174271881580353,0.4650920033454895,0.014558008871972561,0.9755234718322754,0.9997133612632751,True,False,True,0.3174271881580353,0.4650920033454895
1013,True,LEFT_HEEL,0.2988906800746918,0.439625084400177,0.029051845893263817,0.9773352742195129,0.9996864795684814,True,False,True,0.2988906800746918,0.439625084400177
1014,True,LEFT_HEEL,0.2805454432964325,0.4229848384857178,-0.03173673897981644,0.9791925549507141,0.9993632435798645,True,False,True,0.2805454432964325,0.4229848384857178
1015,True,LEFT_HEEL,0.2514403462409973,0.42138707637786865,-0.05007440596818924,0.9807772040367126,0.9996546506881714,True,False,True,0.2514403462409973,0.42138707637786865
1016,True,LEFT_HEEL,0.23438909649848938,0.432571142911911,-0.0993293821811676,0.9824878573417664,0.9997963309288025,True,False,True,0.23438909649848938,0.432571142911911
1017,True,LEFT_HEEL,0.22214500606060028,0.44759586453437805,-0.1030845046043396,0.9837965965270996,0.9998050332069397,True,False,True,0.22214500606060028,0.44759586453437805
1018,True,LEFT_HEEL,0.22178047895431519,0.47096768021583557,-0.04425607621669769,0.9846624732017517,0.9998113512992859,True,False,True,0.22178047895431519,0.47096768021583557
1019,True,LEFT_HEEL,0.2117663323879242,0.47643303871154785,-0.08189240843057632,0.9844781756401062,0.9998868703842163,True,False,True,0.2117663323879242,0.47643303871154785
1020,True,LEFT_HEEL,0.23027601838111877,0.54277503490448,-0.023053152486681938,0.9824488759040833,0.999699592590332,True,False,True,0.23027601838111877,0.54277503490448
1021,True,LEFT_HEEL,0.24952171742916107,0.5961683392524719,0.019428035244345665,0.9810511469841003,0.9995195865631104,True,False,True,0.24952171742916107,0.5961683392524719
1022,True,LEFT_HEEL,0.30205363035202026,0.6404032707214355,0.03325814753770828,0.9803434014320374,0.9997314810752869,True,False,True,0.30205363035202026,0.6404032707214355
1023,True,LEFT_HEEL,0.3635164201259613,0.6758122444152832,0.14660236239433289,0.9786704182624817,0.9994152784347534,True,False,True,0.3635164201259613,0.6758122444152832
1024,True,LEFT_HEEL,0.4301435351371765,0.7046850323677063,0.19087274372577667,0.9758532643318176,0.998938262462616,True,False,True,0.4301435351371765,0.7046850323677063
1025,True,LEFT_HEEL,0.5129067301750183,0.7249017953872681,0.43332934379577637,0.9470279216766357,0.9961821436882019,True,False,True,0.5129067301750183,0.7249017953872681
1026,True,LEFT_HEEL,0.5496823787689209,0.7028259038925171,0.5574492812156677,0.9353941082954407,0.9994924068450928,True,False,True,0.5496823787689209,0.7028259038925171
1027,True,LEFT_HEEL,0.6129803657531738,0.7208301424980164,0.4573787450790405,0.9301072955131531,0.9995394945144653,True,False,True,0.6129803657531738,0.7208301424980164
1028,True,LEFT_HEEL,0.661892831325531,0.737912118434906,0.3755664527416229,0.9320842623710632,0.9998764991760254,True,False,True,0.661892831325531,0.737912118434906
1029,True,LEFT_HEEL,0.6973804235458374,0.7420191168785095,0.3550163805484772,0.9338251352310181,0.9995904564857483,True,False,True,0.6973804235458374,0.7420191168785095
1030,True,LEFT_HEEL,0.7201103568077087,0.7457329630851746,0.29074764251708984,0.9375139474868774,0.9999030828475952,True,False,True,0.7201103568077087,0.7457329630851746
1031,True,LEFT_HEEL,0.7363213300704956,0.7534310817718506,0.2688247859477997,0.94121253490448,0.9998819828033447,True,False,True,0.7363213300704956,0.7534310817718506
1032,True,LEFT_HEEL,0.7454389929771423,0.7619269490242004,0.1567971557378769,0.9446438550949097,0.9998071789741516,True,False,True,0.7454389929771423,0.7619269490242004
1033,True,LEFT_HEEL,0.7411555051803589,0.7614139914512634,0.19288186728954315,0.9478731751441956,0.9997361302375793,True,False,True,0.7411555051803589,0.7614139914512634
1034,True,LEFT_HEEL,0.738256573677063,0.7596301436424255,0.2631393074989319,0.9494516849517822,0.9995701909065247,True,False,True,0.738256573677063,0.7596301436424255
1035,True,LEFT_HEEL,0.7375441789627075,0.7631486654281616,0.2593406140804291,0.9486396312713623,0.999555766582489,True,False,True,0.7375441789627075,0.7631486654281616
1036,True,LEFT_HEEL,0.7374558448791504,0.7635586857795715,0.21125733852386475,0.9430766701698303,0.9995720982551575,True,False,True,0.7374558448791504,0.7635586857795715
1037,True,LEFT_HEEL,0.7307544946670532,0.7608799934387207,0.21372784674167633,0.935303807258606,0.9998615980148315,True,False,True,0.7307544946670532,0.7608799934387207
1038,True,LEFT_HEEL,0.7361902594566345,0.7618257999420166,0.21026138961315155,0.925741970539093,0.9995916485786438,True,False,True,0.7361902594566345,0.7618257999420166
1039,True,LEFT_HEEL,0.7334248423576355,0.7632500529289246,0.1584334820508957,0.9197090268135071,0.999538779258728,True,False,True,0.7334248423576355,0.7632500529289246
1040,True,LEFT_HEEL,0.725314199924469,0.7360042929649353,0.08334764838218689,0.9037498235702515,0.9980791807174683,True,False,True,0.725314199924469,0.7360042929649353
1041,True,LEFT_HEEL,0.7294631600379944,0.7489637136459351,0.07029790431261063,0.8820480108261108,0.9819122552871704,True,False,True,0.7294631600379944,0.7489637136459351
1042,True,LEFT_HEEL,0.736332893371582,0.7634619474411011,0.049306295812129974,0.8699775338172913,0.9884280562400818,True,False,True,0.736332893371582,0.7634619474411011
1043,True,LEFT_HEEL,0.7415120005607605,0.7699987888336182,0.08086628466844559,0.86994469165802,0.9960773587226868,True,False,True,0.7415120005607605,0.7699987888336182
1044,True,LEFT_HEEL,0.7374924421310425,0.7721712589263916,0.06393202394247055,0.8764658570289612,0.9967182278633118,True,False,True,0.7374924421310425,0.7721712589263916
1045,True,LEFT_HEEL,0.7396077513694763,0.7709409594535828,0.059365566819906235,0.8837067484855652,0.9990274906158447,True,False,True,0.7396077513694763,0.7709409594535828
1046,True,LEFT_HEEL,0.742099404335022,0.7687831521034241,0.026492204517126083,0.8890898823738098,0.9983838796615601,True,False,True,0.742099404335022,0.7687831521034241
1047,True,LEFT_HEEL,0.7395074963569641,0.7675611972808838,0.03250419348478317,0.8858833312988281,0.9810932278633118,True,False,True,0.7395074963569641,0.7675611972808838
1048,True,LEFT_HEEL,0.7388310432434082,0.7671477794647217,0.014613471925258636,0.8865534067153931,0.9660648703575134,True,False,True,0.7388310432434082,0.7671477794647217
1049,True,LEFT_HEEL,0.738544762134552,0.766045331954956,0.016313131898641586,0.8752304315567017,0.8585733771324158,True,False,True,0.738544762134552,0.766045331954956
1050,True,LEFT_HEEL,0.738699197769165,0.7592456936836243,0.10896234214305878,0.8574877977371216,0.8802054524421692,True,False,True,0.738699197769165,0.7592456936836243
1051,True,LEFT_HEEL,0.742781937122345,0.7496402859687805,0.13364972174167633,0.8405055403709412,0.9095038771629333,True,False,True,0.742781937122345,0.7496402859687805
1052,True,LEFT_HEEL,0.7591763138771057,0.7363256812095642,0.05773921310901642,0.8423447012901306,0.8988526463508606,True,False,True,0.7591763138771057,0.7363256812095642
1053,True,LEFT_HEEL,0.7795202136039734,0.718945324420929,0.05969371274113655,0.8176469206809998,0.9350677728652954,True,False,True,0.7795202136039734,0.718945324420929
1054,False,LEFT_HEEL,,,,,,False,True,True,0.8554927110671997,0.6012507975101471
1055,True,LEFT_HEEL,0.931465208530426,0.48355627059936523,0.05850682407617569,0.7664294838905334,0.981122612953186,True,False,True,0.931465208530426,0.48355627059936523
1056,True,LEFT_HEEL,0.9300814867019653,0.4807649850845337,0.046547550708055496,0.7349452972412109,0.8846403360366821,True,False,True,0.9300814867019653,0.4807649850845337
1057,True,LEFT_HEEL,0.9497454762458801,0.4720858335494995,0.06408977508544922,0.7043851017951965,0.9469181895256042,True,False,True,0.9497454762458801,0.4720858335494995
1058,True,LEFT_HEEL,0.959075391292572,0.4684566557407379,0.08103678375482559,0.7058330178260803,0.9894774556159973,True,False,True,0.959075391292572,0.4684566557407379
1059,True,LEFT_HEEL,0.959865391254425,0.4627315402030945,0.15704530477523804,0.7198985815048218,0.9976420402526855,True,False,True,0.959865391254425,0.4627315402030945
1060,True,LEFT_HEEL,0.9613486528396606,0.46462127566337585,0.11963549256324768,0.7323952913284302,0.997683048248291,True,False,True,0.9613486528396606,0.46462127566337585
1061,True,LEFT_HEEL,0.9616261720657349,0.4603426158428192,0.13716012239456177,0.7304508090019226,0.9920575022697449,True,False,True,0.9616261720657349,0.4603426158428192
1062,True,LEFT_HEEL,0.9609363079071045,0.45755448937416077,0.17620134353637695,0.7341409921646118,0.9926016926765442,True,False,True,0.9609363079071045,0.45755448937416077
1063,True,LEFT_HEEL,0.9603519439697266,0.4656265377998352,0.08629808574914932,0.7519306540489197,0.9985955357551575,True,False,True,0.9603519439697266,0.4656265377998352
1064,True,LEFT_HEEL,0.9617097973823547,0.46893560886383057,0.10245953500270844,0.7672851085662842,0.9981539845466614,True,False,True,0.9617097973823547,0.46893560886383057
1065,True,LEFT_HEEL,0.9558950662612915,0.47073179483413696,0.0965472161769867,0.7827365398406982,0.9990371465682983,True,False,True,0.9558950662612915,0.47073179483413696
975,True,LEFT_HIP,0.5512310266494751,0.4905468225479126,-0.16889123618602753,0.999995231628418,0.9999972581863403,True,False,True,0.5512310266494751,0.4905468225479126
976,True,LEFT_HIP,0.5515990257263184,0.4896043539047241,-0.17174232006072998,0.999995231628418,0.9999980926513672,True,False,True,0.5515990257263184,0.4896043539047241
977,True,LEFT_HIP,0.5517529845237732,0.4889528453350067,-0.17114244401454926,0.9999949336051941,0.9999970197677612,True,False,True,0.5517529845237732,0.4889528453350067
978,True,LEFT_HIP,0.5515871047973633,0.48874431848526,-0.17355111241340637,0.9999949336051941,0.9999971389770508,True,False,True,0.5515871047973633,0.48874431848526
979,True,LEFT_HIP,0.5515422224998474,0.48809754848480225,-0.17711980640888214,0.9999950528144836,0.9999986886978149,True,False,True,0.5515422224998474,0.48809754848480225
980,True,LEFT_HIP,0.5513163208961487,0.4878261685371399,-0.17927007377147675,0.9999951720237732,0.9999991655349731,True,False,True,0.5513163208961487,0.4878261685371399
981,True,LEFT_HIP,0.5511232018470764,0.48832273483276367,-0.1809627115726471,0.9999951720237732,0.999998927116394,True,False,True,0.5511232018470764,0.48832273483276367
982,True,LEFT_HIP,0.5508507490158081,0.48963361978530884,-0.18304404616355896,0.9999946355819702,0.9999978542327881,True,False,True,0.5508507490158081,0.48963361978530884
983,True,LEFT_HIP,0.5518859624862671,0.49289336800575256,-0.18242284655570984,0.9999927282333374,0.9999909400939941,True,False,True,0.5518859624862671,0.49289336800575256
984,True,LEFT_HIP,0.5525721907615662,0.497743159532547,-0.18413443863391876,0.999991238117218,0.999993085861206,True,False,True,0.5525721907615662,0.497743159532547
985,True,LEFT_HIP,0.5533372759819031,0.5033302903175354,-0.18991711735725403,0.9999898076057434,0.9999955892562866,True,False,True,0.5533372759819031,0.5033302903175354
986,True,LEFT_HIP,0.5553706288337708,0.5086203813552856,-0.18878726661205292,0.9999892711639404,0.9999947547912598,True,False,True,0.5553706288337708,0.5086203813552856
987,True,LEFT_HIP,0.555968165397644,0.5135700106620789,-0.188522607088089,0.9999872446060181,0.9999865293502808,True,False,True,0.555968165397644,0.5135700106620789
988,True,LEFT_HIP,0.5572528839111328,0.5179213881492615,-0.18369853496551514,0.9999794363975525,0.9999279975891113,True,False,True,0.5572528839111328,0.5179213881492615
989,True,LEFT_HIP,0.5594228506088257,0.5230240225791931,-0.17784516513347626,0.9999688267707825,0.9998130202293396,True,False,True,0.5594228506088257,0.5230240225791931
990,True,LEFT_HIP,0.5585514307022095,0.5351077318191528,-0.17114578187465668,0.9999591708183289,0.9998327493667603,True,False,True,0.5585514307022095,0.5351077318191528
991,True,LEFT_HIP,0.5585854053497314,0.5422642230987549,-0.16419044137001038,0.9999589920043945,0.9999526739120483,True,False,True,0.5585854053497314,0.5422642230987549
992,True,LEFT_HIP,0.5580507516860962,0.5515999794006348,-0.15563052892684937,0.9999549984931946,0.9998825788497925,True,False,True,0.5580507516860962,0.5515999794006348
993,True,LEFT_HIP,0.5583284497261047,0.5609329342842102,-0.1520354151725769,0.9999537467956543,0.9999425411224365,True,False,True,0.5583284497261047,0.5609329342842102
994,True,LEFT_HIP,0.5570986270904541,0.5600650310516357,-0.14556187391281128,0.9999501705169678,0.9998776912689209,True,False,True,0.5570986270904541,0.5600650310516357
995,True,LEFT_HIP,0.5556322336196899,0.5638275742530823,-0.14218686521053314,0.9999378323554993,0.9998773336410522,True,False,True,0.5556322336196899,0.5638275742530823
996,True,LEFT_HIP,0.554918110370636,0.5653479695320129,-0.1417848914861679,0.9999372363090515,0.9999570846557617,True,False,True,0.554918110370636,0.5653479695320129
997,True,LEFT_HIP,0.5522328615188599,0.5693937540054321,-0.13238632678985596,0.9999163150787354,0.9998703002929688,True,False,True,0.5522328615188599,0.5693937540054321
998,True,LEFT_HIP,0.5460149645805359,0.5737001895904541,-0.13752378523349762,0.9999012351036072,0.9999492168426514,True,False,True,0.5460149645805359,0.5737001895904541
999,True,LEFT_HIP,0.5368636250495911,0.5762840509414673,-0.13250988721847534,0.9998703598976135,0.9996216297149658,True,False,True,0.5368636250495911,0.5762840509414673
1000,True,LEFT_HIP,0.5011128187179565,0.5798584222793579,-0.1312718242406845,0.9998733997344971,0.9999067783355713,True,False,True,0.5011128187179565,0.5798584222793579
1001,True,LEFT_HIP,0.47740113735198975,0.5789806842803955,-0.04190097004175186,0.999882698059082,0.9999967813491821,True,False,True,0.47740113735198975,0.5789806842803955
1002,True,LEFT_HIP,0.474609375,0.5775863528251648,-0.059742994606494904,0.9998887777328491,0.9999967813491821,True,False,True,0.474609375,0.5775863528251648
1003,True,LEFT_HIP,0.46857157349586487,0.5712245106697083,-0.02906602807343006,0.9998975992202759,0.9999921321868896,True,False,True,0.46857157349586487,0.5712245106697083
1004,True,LEFT_HIP,0.46279874444007874,0.5622819066047668,-0.04920266941189766,0.9999064207077026,0.9999921321868896,True,False,True,0.46279874444007874,0.5622819066047668
1005,True,LEFT_HIP,0.4537324607372284,0.549262523651123,-0.044453054666519165,0.9999115467071533,0.9999884366989136,True,False,True,0.4537324607372284,0.549262523651123
1006,True,LEFT_HIP,0.45013874769210815,0.5326876044273376,-0.018690668046474457,0.9999150037765503,0.9999639987945557,True,False,True,0.45013874769210815,0.5326876044273376
1007,True,LEFT_HIP,0.45121097564697266,0.5116451978683472,-0.010642694309353828,0.9999043941497803,0.9998983144760132,True,False,True,0.45121097564697266,0.5116451978683472
1008,True,LEFT_HIP,0.4572346806526184,0.5020330548286438,0.009811492636799812,0.999902069568634,0.9999591112136841,True,False,True,0.4572346806526184,0.5020330548286438
1009,True,LEFT_HIP,0.4575401544570923,0.49741703271865845,0.062256596982479095,0.9999051094055176,0.9999731779098511,True,False,True,0.4575401544570923,0.49741703271865845
1010,True,LEFT_HIP,0.4566301107406616,0.4937756657600403,0.050039567053318024,0.9999021291732788,0.9999061822891235,True,False,True,0.4566301107406616,0.4937756657600403
1011,True,LEFT_HIP,0.4581740200519562,0.4890402555465698,0.0996720939874649,0.9999080300331116,0.9999884366989136,True,False,True,0.4581740200519562,0.4890402555465698
1012,True,LEFT_HIP,0.4599374532699585,0.48720815777778625,0.11688514798879623,0.9999157190322876,0.9999957084655762,True,False,True,0.4599374532699585,0.48720815777778625
1013,True,LEFT_HIP,0.46492284536361694,0.48276782035827637,0.11878430098295212,0.9999222159385681,0.9999982118606567,True,False,True,0.46492284536361694,0.48276782035827637
1014,True,LEFT_HIP,0.4723084270954132,0.4872919023036957,0.11025679856538773,0.9999281764030457,0.9999986886978149,True,False,True,0.4723084270954132,0.4872919023036957
1015,True,LEFT_HIP,0.4747816324234009,0.4833076596260071,0.09988810867071152,0.9999346137046814,0.9999997615814209,True,False,True,0.4747816324234009,0.4833076596260071
1016,True,LEFT_HIP,0.4776398837566376,0.48193061351776123,0.09466037154197693,0.9999382495880127,0.9999992847442627,True,False,True,0.4776398837566376,0.48193061351776123
1017,True,LEFT_HIP,0.48286139965057373,0.47875863313674927,0.10500750690698624,0.9999338388442993,0.9999966621398926,True,False,True,0.48286139965057373,0.47875863313674927
1018,True,LEFT_HIP,0.48936623334884644,0.47591835260391235,0.10797807574272156,0.9999299645423889,0.9999914169311523,True,False,True,0.48936623334884644,0.47591835260391235
1019,True,LEFT_HIP,0.49745839834213257,0.46897876262664795,0.11809304356575012,0.9999334216117859,0.9999953508377075,True,False,True,0.49745839834213257,0.46897876262664795
1020,True,LEFT_HIP,0.505448043346405,0.467911034822464,0.11626854538917542,0.9999316930770874,0.9999775886535645,True,False,True,0.505448043346405,0.467911034822464
1021,True,LEFT_HIP,0.5114943385124207,0.4716314375400543,0.09896732866764069,0.999931812286377,0.9999788999557495,True,False,True,0.5114943385124207,0.4716314375400543
1022,True,LEFT_HIP,0.5179725885391235,0.47399765253067017,0.0952153205871582,0.9999305605888367,0.999971866607666,True,False,True,0.5179725885391235,0.47399765253067017
1023,True,LEFT_HIP,0.5219394564628601,0.4766939878463745,0.0936298668384552,0.9999143481254578,0.9998960494995117,True,False,True,0.5219394564628601,0.4766939878463745
1024,True,LEFT_HIP,0.5270488262176514,0.48143112659454346,0.08548940718173981,0.9998647570610046,0.9997522234916687,True,False,True,0.5270488262176514,0.48143112659454346
1025,True,LEFT_HIP,0.5327045321464539,0.48605960607528687,0.10826920717954636,0.999751091003418,0.9988362193107605,True,False,True,0.5327045321464539,0.48605960607528687
1026,True,LEFT_HIP,0.5445458292961121,0.48638734221458435,0.1231309100985527,0.9997117519378662,0.9996592998504639,True,False,True,0.5445458292961121,0.48638734221458435
1027,True,LEFT_HIP,0.5550801753997803,0.48813915252685547,0.11842576414346695,0.9996969103813171,0.9993908405303955,True,False,True,0.5550801753997803,0.48813915252685547
1028,True,LEFT_HIP,0.5685263276100159,0.4904639422893524,0.11686539649963379,0.9997133016586304,0.9998445510864258,True,False,True,0.5685263276100159,0.4904639422893524
1029,True,LEFT_HIP,0.5823229551315308,0.49560824036598206,0.11423186957836151,0.999722421169281,0.9996973276138306,True,False,True,0.5823229551315308,0.49560824036598206
1030,True,LEFT_HIP,0.597287118434906,0.5001818537712097,0.11349034309387207,0.9997426271438599,0.9999237060546875,True,False,True,0.597287118434906,0.5001818537712097
1031,True,LEFT_HIP,0.6134481430053711,0.5059999227523804,0.11517614871263504,0.9997605085372925,0.9999067783355713,True,False,True,0.6134481430053711,0.5059999227523804
1032,True,LEFT_HIP,0.6255207657814026,0.5084262490272522,0.12076713144779205,0.9997766613960266,0.9999104738235474,True,False,True,0.6255207657814026,0.5084262490272522
1033,True,LEFT_HIP,0.6441686153411865,0.5154201984405518,0.12927699089050293,0.9997818470001221,0.9998311996459961,True,False,True,0.6441686153411865,0.5154201984405518
1034,True,LEFT_HIP,0.6617711186408997,0.5143727660179138,0.13807451725006104,0.9997856616973877,0.999805748462677,True,False,True,0.6617711186408997,0.5143727660179138
1035,True,LEFT_HIP,0.6721869707107544,0.5125003457069397,0.14129725098609924,0.9997888803482056,0.9998492002487183,True,False,True,0.6721869707107544,0.5125003457069397
1036,True,LEFT_HIP,0.6863132119178772,0.5112144947052002,0.1423678696155548,0.9997864961624146,0.9998294115066528,True,False,True,0.6863132119178772,0.5112144947052002
1037,True,LEFT_HIP,0.6997706890106201,0.5104763507843018,0.1478775292634964,0.9997729659080505,0.9998453855514526,True,False,True,0.6997706890106201,0.5104763507843018
1038,True,LEFT_HIP,0.7100958228111267,0.5100862383842468,0.14923878014087677,0.9997697472572327,0.9999204874038696,True,False,True,0.7100958228111267,0.5100862383842468
1039,True,LEFT_HIP,0.7221290469169617,0.5098941326141357,0.148048534989357,0.9997735619544983,0.9999686479568481,True,False,True,0.7221290469169617,0.5098941326141357
1040,True,LEFT_HIP,0.7343441247940063,0.5066701769828796,0.14641490578651428,0.9997263550758362,0.9998736381530762,True,False,True,0.7343441247940063,0.5066701769828796
1041,True,LEFT_HIP,0.7446203231811523,0.5031994581222534,0.14555928111076355,0.9996165633201599,0.9993071556091309,True,False,True,0.7446203231811523,0.5031994581222534
1042,True,LEFT_HIP,0.7548083662986755,0.502155065536499,0.14742699265480042,0.999557375907898,0.99957674741745,True,False,True,0.7548083662986755,0.502155065536499
1043,True,LEFT_HIP,0.7685731649398804,0.5021346211433411,0.147260382771492,0.9995190501213074,0.9998385906219482,True,False,True,0.7685731649398804,0.5021346211433411
1044,True,LEFT_HIP,0.7852185964584351,0.5025947093963623,0.146405890583992,0.9994664788246155,0.9998205304145813,True,False,True,0.7852185964584351,0.5025947093963623
1045,True,LEFT_HIP,0.8015533089637756,0.5037634968757629,0.13662880659103394,0.9994779825210571,0.9998971223831177,True,False,True,0.8015533089637756,0.5037634968757629
1046,True,LEFT_HIP,0.8425958156585693,0.5037943720817566,0.12644164264202118,0.9994566440582275,0.9998019337654114,True,False,True,0.8425958156585693,0.5037943720817566
1047,True,LEFT_HIP,0.8462677001953125,0.5049359798431396,0.12436363101005554,0.9991527795791626,0.9986458420753479,True,False,True,0.8462677001953125,0.5049359798431396
1048,True,LEFT_HIP,0.8515074253082275,0.5042725205421448,0.12536799907684326,0.998913049697876,0.9986849427223206,True,False,True,0.8515074253082275,0.5042725205421448
1049,True,LEFT_HIP,0.8673163652420044,0.5025139451026917,0.13624165952205658,0.9987882375717163,0.9916496276855469,True,False,True,0.8673163652420044,0.5025139451026917
1050,True,LEFT_HIP,0.8818681240081787,0.5024073719978333,0.13670231401920319,0.9978035688400269,0.9854135513305664,True,False,True,0.8818681240081787,0.5024073719978333
1051,True,LEFT_HIP,0.9014520049095154,0.49820879101753235,0.13541848957538605,0.996659517288208,0.9691131711006165,True,False,True,0.9014520049095154,0.49820879101753235
1052,True,LEFT_HIP,0.9274893403053284,0.49769383668899536,0.14034272730350494,0.9969040751457214,0.9986338019371033,True,False,True,0.9274893403053284,0.49769383668899536
1053,True,LEFT_HIP,0.9624245762825012,0.49767041206359863,0.13642661273479462,0.9959536790847778,0.9236177802085876,True,False,True,0.9624245762825012,0.49767041206359863
1054,False,LEFT_HIP,,,,,,False,True,True,0.9408492147922516,0.39599713683128357
1055,True,LEFT_HIP,0.919273853302002,0.2943238615989685,0.05547575652599335,0.9962810277938843,0.9996463060379028,True,False,True,0.919273853302002,0.2943238615989685
1056,True,LEFT_HIP,0.9208935499191284,0.29127269983291626,0.03889862820506096,0.9960476160049438,0.9944775700569153,True,False,True,0.9208935499191284,0.29127269983291626
1057,True,LEFT_HIP,0.9208828210830688,0.2889297604560852,0.0417938269674778,0.9960845112800598,0.9981289505958557,True,False,True,0.9208828210830688,0.2889297604560852
1058,True,LEFT_HIP,0.92069411277771,0.2848628759384155,0.04179758206009865,0.9962894320487976,0.9985941052436829,True,False,True,0.92069411277771,0.2848628759384155
1059,True,LEFT_HIP,0.9176779985427856,0.28306230902671814,0.042578138411045074,0.9965917468070984,0.9992839694023132,True,False,True,0.9176779985427856,0.28306230902671814
1060,True,LEFT_HIP,0.9119941592216492,0.2817436754703522,0.04381243884563446,0.9968873262405396,0.9996612071990967,True,False,True,0.9119941592216492,0.2817436754703522
1061,True,LEFT_HIP,0.908609926700592,0.28136399388313293,0.04387953504920006,0.9971561431884766,0.9997634291648865,True,False,True,0.908609926700592,0.28136399388313293
1062,True,LEFT_HIP,0.905095100402832,0.28127631545066833,0.04494131729006767,0.9973908066749573,0.9996705055236816,True,False,True,0.905095100402832,0.28127631545066833
1063,True,LEFT_HIP,0.8992596864700317,0.28080636262893677,0.0547080934047699,0.9976189136505127,0.999761164188385,True,False,True,0.8992596864700317,0.28080636262893677
1064,True,LEFT_HIP,0.8976531028747559,0.2804919481277466,0.05266799032688141,0.9977902770042419,0.9993553757667542,True,False,True,0.8976531028747559,0.2804919481277466
1065,True,LEFT_HIP,0.8883939385414124,0.27930667996406555,0.053415872156620026,0.9979629516601562,0.9996696710586548,True,False,True,0.8883939385414124,0.27930667996406555
975,True,LEFT_INDEX,0.45487165451049805,0.31261783838272095,0.02151833288371563,0.8580336570739746,0.9999511241912842,True,False,True,0.45487165451049805,0.31261783838272095
976,True,LEFT_INDEX,0.4545906186103821,0.3090129494667053,0.08770948648452759,0.8605413436889648,0.9999619722366333,True,False,True,0.4545906186103821,0.3090129494667053
977,True,LEFT_INDEX,0.4529602825641632,0.30679550766944885,-0.1375308632850647,0.8684103488922119,0.9999837875366211,True,False,True,0.4529602825641632,0.30679550766944885
978,True,LEFT_INDEX,0.448262095451355,0.3063609302043915,-0.11212537437677383,0.8743677139282227,0.9999667406082153,True,False,True,0.448262095451355,0.3063609302043915
979,True,LEFT_INDEX,0.4443735182285309,0.30661317706108093,-0.030121706426143646,0.8773114681243896,0.9999607801437378,True,False,True,0.4443735182285309,0.30661317706108093
980,True,LEFT_INDEX,0.44281312823295593,0.30864229798316956,-0.032752953469753265,0.8781821727752686,0.9999372959136963,True,False,True,0.44281312823295593,0.30864229798316956
981,True,LEFT_INDEX,0.4411790370941162,0.30931535363197327,-0.08235473930835724,0.8793357014656067,0.9999380111694336,True,False,True,0.4411790370941162,0.30931535363197327
982,True,LEFT_INDEX,0.4417823255062103,0.31202659010887146,-0.12832434475421906,0.8794757723808289,0.9999479055404663,True,False,True,0.4417823255062103,0.31202659010887146
983,True,LEFT_INDEX,0.43763023614883423,0.3221752345561981,-0.09079872816801071,0.8791454434394836,0.9998561143875122,True,False,True,0.43763023614883423,0.3221752345561981
984,True,LEFT_INDEX,0.435872882604599,0.33911412954330444,-0.09709856659173965,0.8813154697418213,0.9998645782470703,True,False,True,0.435872882604599,0.33911412954330444
985,True,LEFT_INDEX,0.4363381564617157,0.3570212721824646,0.027112668380141258,0.8787443041801453,0.9998732805252075,True,False,True,0.4363381564617157,0.3570212721824646
986,True,LEFT_INDEX,0.43646928668022156,0.37070611119270325,-0.0007007422391325235,0.883521318435669,0.9999347925186157,True,False,True,0.43646928668022156,0.37070611119270325
987,True,LEFT_INDEX,0.4356119930744171,0.3927164375782013,-0.006904906593263149,0.8872572183609009,0.9999310970306396,True,False,True,0.4356119930744171,0.3927164375782013
988,True,LEFT_INDEX,0.42081698775291443,0.42831382155418396,-0.19786222279071808,0.8940661549568176,0.9999023675918579,True,False,True,0.42081698775291443,0.42831382155418396
989,True,LEFT_INDEX,0.4016990661621094,0.45102986693382263,-0.4341871738433838,0.9028419256210327,0.9999103546142578,True,False,True,0.4016990661621094,0.45102986693382263
990,True,LEFT_INDEX,0.3909260034561157,0.48829737305641174,-0.4589992165565491,0.9118086695671082,0.9999048709869385,True,False,True,0.3909260034561157,0.48829737305641174
991,True,LEFT_INDEX,0.39839300513267517,0.532029390335083,-0.5315980911254883,0.9202936291694641,0.9999545812606812,True,False,True,0.39839300513267517,0.532029390335083
992,True,LEFT_INDEX,0.4407394528388977,0.5719618201255798,-0.5051049590110779,0.9273049831390381,0.9998525381088257,True,False,True,0.4407394528388977,0.5719618201255798
993,True,LEFT_INDEX,0.4889123737812042,0.6064334511756897,-0.5301383137702942,0.9304177165031433,0.9997603297233582,True,False,True,0.4889123737812042,0.6064334511756897
994,True,LEFT_INDEX,0.5445960164070129,0.5992880463600159,-0.5276401042938232,0.9306786060333252,0.9992523789405823,True,False,True,0.5445960164070129,0.5992880463600159
995,True,LEFT_INDEX,0.6288045048713684,0.5717675089836121,-0.7028185129165649,0.9359071254730225,0.9987666606903076,True,False,True,0.6288045048713684,0.5717675089836121
996,True,LEFT_INDEX,0.6312898993492126,0.5679930448532104,-0.7973790168762207,0.9415045976638794,0.9997406601905823,True,False,True,0.6312898993492126,0.5679930448532104
997,True,LEFT_INDEX,0.6506751775741577,0.5482541918754578,-0.5092754364013672,0.9461001753807068,0.9989539384841919,True,False,True,0.6506751775741577,0.5482541918754578
998,True,LEFT_INDEX,0.6430168747901917,0.5122336745262146,-0.7864404320716858,0.950747013092041,0.9991540908813477,True,False,True,0.6430168747901917,0.5122336745262146
999,True,LEFT_INDEX,0.6311479806900024,0.4276132583618164,-0.942680835723877,0.9495275616645813,0.9906635284423828,True,False,True,0.6311479806900024,0.4276132583618164
1000,True,LEFT_INDEX,0.6138370633125305,0.39278703927993774,-0.8556419610977173,0.9429237842559814,0.9955986738204956,True,False,True,0.6138370633125305,0.39278703927993774
1001,True,LEFT_INDEX,0.6079839468002319,0.3609367311000824,-0.19515345990657806,0.9047225117683411,0.9936683773994446,True,False,True,0.6079839468002319,0.3609367311000824
1002,True,LEFT_INDEX,0.6007448434829712,0.3666508197784424,-0.18325887620449066,0.8470883965492249,0.9883749485015869,True,False,True,0.6007448434829712,0.3666508197784424
1003,True,LEFT_INDEX,0.4140405058860779,0.2910661995410919,0.29130062460899353,0.8603382706642151,0.9956824779510498,True,False,True,0.4140405058860779,0.2910661995410919
1004,True,LEFT_INDEX,0.41740328073501587,0.2968780994415283,0.25263601541519165,0.8737666606903076,0.9989086389541626,True,False,True,0.41740328073501587,0.2968780994415283
1005,True,LEFT_INDEX,0.46619969606399536,0.535210907459259,0.3914836645126343,0.7994197010993958,0.9994029998779297,True,False,True,0.46619969606399536,0.535210907459259
1006,True,LEFT_INDEX,0.48055770993232727,0.5339618921279907,0.44022688269615173,0.7240785360336304,0.9976977705955505,True,False,True,0.48055770993232727,0.5339618921279907
1007,True,LEFT_INDEX,0.6389392018318176,0.5523873567581177,0.20919838547706604,0.6630200743675232,0.9788271188735962,True,False,True,0.6389392018318176,0.5523873567581177
1008,True,LEFT_INDEX,0.6382874250411987,0.5720747113227844,0.1410193145275116,0.615079402923584,0.9746843576431274,True,False,True,0.6382874250411987,0.5720747113227844
1009,True,LEFT_INDEX,0.6543017029762268,0.5378264784812927,0.19974574446678162,0.5816630721092224,0.9962855577468872,True,False,True,0.6543017029762268,0.5378264784812927
1010,True,LEFT_INDEX,0.667683482170105,0.5246715545654297,0.331266313791275,0.552259624004364,0.9969890713691711,True,False,True,0.667683482170105,0.5246715545654297
1011,True,LEFT_INDEX,0.6809912919998169,0.5129426717758179,0.4720377027988434,0.5320833325386047,0.9997623562812805,True,False,True,0.6809912919998169,0.5129426717758179
1012,True,LEFT_INDEX,0.672490119934082,0.5081671476364136,0.32192206382751465,0.5039420127868652,0.9998925924301147,True,False,True,0.672490119934082,0.5081671476364136
1013,True,LEFT_INDEX,0.6504789590835571,0.5546991229057312,0.36747223138809204,0.47928422689437866,0.9997926354408264,False,False,False,,
1014,True,LEFT_INDEX,0.6451228857040405,0.5550343990325928,0.3992781341075897,0.45772916078567505,0.9998040795326233,False,False,False,,
1015,True,LEFT_INDEX,0.6441238522529602,0.5378028750419617,0.43491604924201965,0.4250902235507965,0.9997071623802185,False,False,False,,
1016,True,LEFT_INDEX,0.6838405132293701,0.5146914124488831,0.6242168545722961,0.40120020508766174,0.9998016953468323,False,False,False,,
1017,True,LEFT_INDEX,0.6452620625495911,0.5108898282051086,0.6577435731887817,0.3657328188419342,0.9989908337593079,False,False,False,,
1018,True,LEFT_INDEX,0.5419662594795227,0.5029478669166565,0.5407260060310364,0.33279842138290405,0.9984050393104553,False,False,False,,
1019,True,LEFT_INDEX,0.4524124264717102,0.48948192596435547,0.45466944575309753,0.3117888569831848,0.9991928935050964,False,False,False,,
1020,True,LEFT_INDEX,0.42954957485198975,0.47658371925354004,0.3455888628959656,0.31016287207603455,0.9993485808372498,False,False,False,,
1021,True,LEFT_INDEX,0.41889235377311707,0.45527926087379456,0.3372785151004791,0.33496057987213135,0.9996442794799805,False,False,False,,
1022,True,LEFT_INDEX,0.4113864302635193,0.4388337731361389,0.36626672744750977,0.3855418562889099,0.9997827410697937,False,False,False,,
1023,True,LEFT_INDEX,0.4020836651325226,0.42583832144737244,0.31551593542099,0.4403177499771118,0.999549925327301,False,False,False,,
1024,True,LEFT_INDEX,0.401089072227478,0.42187565565109253,0.24910564720630646,0.49216940999031067,0.9994779229164124,False,False,False,,
1025,True,LEFT_INDEX,0.39974915981292725,0.42168861627578735,0.19180411100387573,0.5379911065101624,0.998063862323761,True,False,True,0.39974915981292725,0.42168861627578735
1026,True,LEFT_INDEX,0.4063626527786255,0.42554643750190735,0.04593862593173981,0.5780748128890991,0.9982878565788269,True,False,True,0.4063626527786255,0.42554643750190735
1027,True,LEFT_INDEX,0.4149273633956909,0.4328632354736328,0.13427990674972534,0.6122767925262451,0.9983240962028503,True,False,True,0.4149273633956909,0.4328632354736328
1028,True,LEFT_INDEX,0.4262057840824127,0.45005345344543457,0.1901935487985611,0.6435968279838562,0.9995205402374268,True,False,True,0.4262057840824127,0.45005345344543457
1029,True,LEFT_INDEX,0.4442286789417267,0.4689747393131256,0.16979733109474182,0.6689852476119995,0.999186098575592,True,False,True,0.4442286789417267,0.4689747393131256
1030,True,LEFT_INDEX,0.47667378187179565,0.4845760762691498,0.1456746906042099,0.6975523829460144,0.999832034111023,True,False,True,0.47667378187179565,0.4845760762691498
1031,True,LEFT_INDEX,0.5106276869773865,0.505813479423523,0.1518721878528595,0.7221745252609253,0.999796450138092,True,False,True,0.5106276869773865,0.505813479423523
1032,True,LEFT_INDEX,0.5506842732429504,0.5189567804336548,0.12873002886772156,0.7286794185638428,0.9997602105140686,True,False,True,0.5506842732429504,0.5189567804336548
1033,True,LEFT_INDEX,0.5818882584571838,0.5252944231033325,0.123265840113163,0.7099183797836304,0.9996071457862854,True,False,True,0.5818882584571838,0.5252944231033325
1034,True,LEFT_INDEX,0.6121148467063904,0.5314983129501343,0.12311862409114838,0.6796019077301025,0.9990299940109253,True,False,True,0.6121148467063904,0.5314983129501343
1035,True,LEFT_INDEX,0.65106600522995,0.5307971239089966,0.1367034614086151,0.6412197351455688,0.9989618062973022,True,False,True,0.65106600522995,0.5307971239089966
1036,True,LEFT_INDEX,0.7164366245269775,0.5198513865470886,0.17309853434562683,0.5911956429481506,0.9985566735267639,True,False,True,0.7164366245269775,0.5198513865470886
1037,True,LEFT_INDEX,0.7874056696891785,0.5037660002708435,0.21142593026161194,0.5384405255317688,0.999017596244812,True,False,True,0.7874056696891785,0.5037660002708435
1038,True,LEFT_INDEX,0.8141173124313354,0.5062083601951599,0.2618144154548645,0.4915928542613983,0.9987265467643738,False,False,False,,
1039,True,LEFT_INDEX,0.8320032358169556,0.5064338445663452,0.29827553033828735,0.4485558867454529,0.9990198612213135,False,False,False,,
1040,True,LEFT_INDEX,0.8090006113052368,0.5061979293823242,0.26160958409309387,0.40691161155700684,0.9960994720458984,False,False,False,,
1041,True,LEFT_INDEX,0.8517560362815857,0.4994470179080963,0.29977282881736755,0.3703738749027252,0.9948583841323853,False,False,False,,
1042,True,LEFT_INDEX,0.8520288467407227,0.4898974597454071,0.3039199113845825,0.3368031084537506,0.9953546524047852,False,False,False,,
1043,True,LEFT_INDEX,0.8714479804039001,0.4675121009349823,0.29368188977241516,0.30809444189071655,0.996551513671875,False,False,False,,
1044,True,LEFT_INDEX,0.9010117650032043,0.46363770961761475,0.18713818490505219,0.28881537914276123,0.9978246688842773,False,False,False,,
1045,True,LEFT_INDEX,0.8633303642272949,0.4763427674770355,0.1553894579410553,0.2807549834251404,0.9993352293968201,False,False,False,,
1046,True,LEFT_INDEX,0.9422882795333862,0.37702614068984985,0.47841328382492065,0.26954928040504456,0.9981587529182434,False,False,False,,
1047,True,LEFT_INDEX,0.8986127972602844,0.4784938097000122,0.18098372220993042,0.25893184542655945,0.9949008226394653,False,False,False,,
1048,True,LEFT_INDEX,0.9592176079750061,0.4797832667827606,0.2108687460422516,0.251434326171875,0.9936891794204712,False,False,False,,
1049,True,LEFT_INDEX,0.9054744839668274,0.5009371042251587,0.21563217043876648,0.24101008474826813,0.9723504185676575,False,False,False,,
1050,True,LEFT_INDEX,0.9041547179222107,0.3152855634689331,0.352738618850708,0.23313342034816742,0.9514866471290588,False,False,False,,
1051,True,LEFT_INDEX,0.9013603329658508,0.26333674788475037,0.3174736201763153,0.23608741164207458,0.945186197757721,False,False,False,,
1052,True,LEFT_INDEX,0.8954528570175171,0.48079001903533936,0.20618951320648193,0.21828967332839966,0.9704421758651733,False,False,False,,
1053,True,LEFT_INDEX,0.9124484658241272,0.4741560220718384,0.15634828805923462,0.1995454877614975,0.8485522270202637,False,False,False,,
1054,False,LEFT_INDEX,,,,,,False,False,False,,
1055,True,LEFT_INDEX,0.9085098505020142,0.12922969460487366,0.15903712809085846,0.23690396547317505,0.9991835951805115,False,False,False,,
1056,True,LEFT_INDEX,0.9502994418144226,0.16084355115890503,-0.3241034150123596,0.26293542981147766,0.9859716296195984,False,False,False,,
1057,True,LEFT_INDEX,0.9729613065719604,0.16486524045467377,-0.2984820008277893,0.2803959846496582,0.9772530198097229,False,False,False,,
1058,True,LEFT_INDEX,0.9657326340675354,0.16578572988510132,-0.3417852520942688,0.31087031960487366,0.9944905042648315,False,False,False,,
1059,True,LEFT_INDEX,0.9715166091918945,0.1642686426639557,-0.38229337334632874,0.34152311086654663,0.994070827960968,False,False,False,,
1060,True,LEFT_INDEX,0.968695342540741,0.1649167537689209,-0.43788331747055054,0.37244701385498047,0.990744411945343,False,False,False,,
1061,True,LEFT_INDEX,0.9662966132164001,0.16598744690418243,-0.37266725301742554,0.4267009198665619,0.9994508624076843,False,False,False,,
1062,True,LEFT_INDEX,0.9615403413772583,0.1656731218099594,-0.3528968095779419,0.47885802388191223,0.9997469782829285,False,False,False,,
1063,True,LEFT_INDEX,0.9591191411018372,0.16556446254253387,-0.3784443140029907,0.5185052156448364,0.9995484948158264,True,False,True,0.9591191411018372,0.16556446254253387
1064,True,LEFT_INDEX,0.9388810992240906,0.16820138692855835,-0.40943610668182373,0.5432489514350891,0.9990090131759644,True,False,True,0.9388810992240906,0.16820138692855835
1065,True,LEFT_INDEX,0.9354085922241211,0.18365421891212463,-0.4637798070907593,0.5776267051696777,0.9994475245475769,True,False,True,0.9354085922241211,0.18365421891212463
975,True,LEFT_KNEE,0.5122692584991455,0.6114104986190796,-0.30628830194473267,0.9994801878929138,0.9999971389770508,True,False,True,0.5122692584991455,0.6114104986190796
976,True,LEFT_KNEE,0.5122451782226562,0.6091630458831787,-0.30633771419525146,0.9994833469390869,0.9999964237213135,True,False,True,0.5122451782226562,0.6091630458831787
977,True,LEFT_KNEE,0.5121307373046875,0.606014609336853,-0.2696753740310669,0.9993880987167358,0.9999947547912598,True,False,True,0.5121307373046875,0.606014609336853
978,True,LEFT_KNEE,0.5118334293365479,0.605656087398529,-0.32119646668434143,0.999370813369751,0.999996542930603,True,False,True,0.5118334293365479,0.605656087398529
979,True,LEFT_KNEE,0.5110247731208801,0.6058022379875183,-0.31424078345298767,0.9993513226509094,0.9999972581863403,True,False,True,0.5110247731208801,0.6058022379875183
980,True,LEFT_KNEE,0.5093186497688293,0.6061142683029175,-0.29597604274749756,0.9993273019790649,0.9999978542327881,True,False,True,0.5093186497688293,0.6061142683029175
981,True,LEFT_KNEE,0.5080376267433167,0.6071481108665466,-0.2786652743816376,0.9992457032203674,0.9999977350234985,True,False,True,0.5080376267433167,0.6071481108665466
982,True,LEFT_KNEE,0.5071171522140503,0.6094166040420532,-0.27300143241882324,0.9991610050201416,0.9999972581863403,True,False,True,0.5071171522140503,0.6094166040420532
983,True,LEFT_KNEE,0.5066027045249939,0.6107438802719116,-0.2571842670440674,0.9990680813789368,0.9999967813491821,True,False,True,0.5066027045249939,0.6107438802719116
984,True,LEFT_KNEE,0.5040801167488098,0.6118084788322449,-0.26309576630592346,0.9991024732589722,0.9999982118606567,True,False,True,0.5040801167488098,0.6118084788322449
985,True,LEFT_KNEE,0.49891430139541626,0.6124755144119263,-0.26673075556755066,0.9991588592529297,0.9999985694885254,True,False,True,0.49891430139541626,0.6124755144119263
986,True,LEFT_KNEE,0.495950311422348,0.6127045750617981,-0.2681254744529724,0.9992227554321289,0.9999990463256836,True,False,True,0.495950311422348,0.6127045750617981
987,True,LEFT_KNEE,0.48788413405418396,0.6132575869560242,-0.26907891035079956,0.9992676377296448,0.9999982118606567,True,False,True,0.48788413405418396,0.6132575869560242
988,True,LEFT_KNEE,0.4824282228946686,0.6144413352012634,-0.2832331359386444,0.9993048310279846,0.9999951124191284,True,False,True,0.4824282228946686,0.6144413352012634
989,True,LEFT_KNEE,0.47559839487075806,0.6162522435188293,-0.25802746415138245,0.9992889165878296,0.9999750852584839,True,False,True,0.47559839487075806,0.6162522435188293
990,True,LEFT_KNEE,0.46617209911346436,0.6213057637214661,-0.20053164660930634,0.9991957545280457,0.9999485015869141,True,False,True,0.46617209911346436,0.6213057637214661
991,True,LEFT_KNEE,0.4594537317752838,0.6267252564430237,-0.17597004771232605,0.9989560842514038,0.9999688863754272,True,False,True,0.4594537317752838,0.6267252564430237
992,True,LEFT_KNEE,0.45129016041755676,0.6334367990493774,-0.19099058210849762,0.9988227486610413,0.9999011754989624,True,False,True,0.45129016041755676,0.6334367990493774
993,True,LEFT_KNEE,0.44951650500297546,0.6385295987129211,-0.22039513289928436,0.9987565279006958,0.9999223947525024,True,False,True,0.44951650500297546,0.6385295987129211
994,True,LEFT_KNEE,0.45341870188713074,0.6389878988265991,-0.286061555147171,0.998710036277771,0.9999585151672363,True,False,True,0.45341870188713074,0.6389878988265991
995,True,LEFT_KNEE,0.4563830494880676,0.6469360589981079,-0.2181503176689148,0.9982642531394958,0.9999392032623291,True,False,True,0.4563830494880676,0.6469360589981079
996,True,LEFT_KNEE,0.45840364694595337,0.6493644118309021,-0.2738823890686035,0.9980646371841431,0.9999858140945435,True,False,True,0.45840364694595337,0.6493644118309021
997,True,LEFT_KNEE,0.46021732687950134,0.6562217473983765,-0.2011479139328003,0.9955650568008423,0.999893069267273,True,False,True,0.46021732687950134,0.6562217473983765
998,True,LEFT_KNEE,0.4607088267803192,0.6648218631744385,-0.214212566614151,0.9913925528526306,0.9994485974311829,True,False,True,0.4607088267803192,0.6648218631744385
999,True,LEFT_KNEE,0.47248509526252747,0.6585063338279724,-0.2744504511356354,0.9657754898071289,0.9983127117156982,True,False,True,0.47248509526252747,0.6585063338279724
1000,True,LEFT_KNEE,0.47923773527145386,0.662239134311676,-0.20104487240314484,0.9523160457611084,0.999294638633728,True,False,True,0.47923773527145386,0.662239134311676
1001,True,LEFT_KNEE,0.476287305355072,0.666134774684906,0.12379395216703415,0.948512852191925,0.9995763897895813,True,False,True,0.476287305355072,0.666134774684906
1002,True,LEFT_KNEE,0.4726299047470093,0.6683339476585388,0.11087436974048615,0.9480391144752502,0.9993011951446533,True,False,True,0.4726299047470093,0.6683339476585388
1003,True,LEFT_KNEE,0.4515466094017029,0.6672220826148987,0.09273897111415863,0.9426465630531311,0.9995866417884827,True,False,True,0.4515466094017029,0.6672220826148987
1004,True,LEFT_KNEE,0.4405192732810974,0.6670684218406677,0.059986285865306854,0.9473785758018494,0.9998698234558105,True,False,True,0.4405192732810974,0.6670684218406677
1005,True,LEFT_KNEE,0.42389699816703796,0.6520400643348694,0.01685934327542782,0.9520870447158813,0.9998468160629272,True,False,True,0.42389699816703796,0.6520400643348694
1006,True,LEFT_KNEE,0.4097806513309479,0.6289656758308411,0.027658876031637192,0.9552414417266846,0.9994226694107056,True,False,True,0.4097806513309479,0.6289656758308411
1007,True,LEFT_KNEE,0.3948934078216553,0.608665943145752,-0.06645388901233673,0.954533576965332,0.9960262775421143,True,False,True,0.3948934078216553,0.608665943145752
1008,True,LEFT_KNEE,0.4004318118095398,0.5880475640296936,-0.06738235801458359,0.9579827785491943,0.9973564147949219,True,False,True,0.4004318118095398,0.5880475640296936
1009,True,LEFT_KNEE,0.3848710060119629,0.5691530704498291,-0.004133252426981926,0.9607807397842407,0.9984959363937378,True,False,True,0.3848710060119629,0.5691530704498291
1010,True,LEFT_KNEE,0.3718114495277405,0.5645608901977539,-0.006881355307996273,0.9637236595153809,0.991809070110321,True,False,True,0.3718114495277405,0.5645608901977539
1011,True,LEFT_KNEE,0.3742626905441284,0.5463317632675171,0.029233692213892937,0.9668366312980652,0.9995156526565552,True,False,True,0.3742626905441284,0.5463317632675171
1012,True,LEFT_KNEE,0.36083585023880005,0.5491890907287598,0.017278261482715607,0.9698760509490967,0.9998799562454224,True,False,True,0.36083585023880005,0.5491890907287598
1013,True,LEFT_KNEE,0.3479122221469879,0.5316269993782043,-0.0035805716179311275,0.9722974300384521,0.9999072551727295,True,False,True,0.3479122221469879,0.5316269993782043
1014,True,LEFT_KNEE,0.35122793912887573,0.5123518109321594,0.0006082351901568472,0.9743068218231201,0.9999022483825684,True,False,True,0.35122793912887573,0.5123518109321594
1015,True,LEFT_KNEE,0.3327426016330719,0.5188971161842346,0.00310818781144917,0.976410984992981,0.9999761581420898,True,False,True,0.3327426016330719,0.5188971161842346
1016,True,LEFT_KNEE,0.3404383063316345,0.5177659392356873,0.013472451828420162,0.9786079525947571,0.9999841451644897,True,False,True,0.3404383063316345,0.5177659392356873
1017,True,LEFT_KNEE,0.348513662815094,0.5184297561645508,0.008686542510986328,0.9800146818161011,0.9999641180038452,True,False,True,0.348513662815094,0.5184297561645508
1018,True,LEFT_KNEE,0.3505890369415283,0.5225514769554138,0.02680009976029396,0.9797202944755554,0.9999487400054932,True,False,True,0.3505890369415283,0.5225514769554138
1019,True,LEFT_KNEE,0.37507548928260803,0.5252447128295898,-0.03724890574812889,0.9736737012863159,0.9999676942825317,True,False,True,0.37507548928260803,0.5252447128295898
1020,True,LEFT_KNEE,0.39773792028427124,0.5297490358352661,0.026308424770832062,0.961016833782196,0.9999024868011475,True,False,True,0.39773792028427124,0.5297490358352661
1021,True,LEFT_KNEE,0.41926416754722595,0.5401269197463989,0.03939173370599747,0.9592313766479492,0.9999164342880249,True,False,True,0.41926416754722595,0.5401269197463989
1022,True,LEFT_KNEE,0.44798266887664795,0.5591794848442078,0.05500795692205429,0.9585294723510742,0.9999020099639893,True,False,True,0.44798266887664795,0.5591794848442078
1023,True,LEFT_KNEE,0.4763162136077881,0.5746185779571533,0.11771179735660553,0.9551074504852295,0.9997164607048035,True,False,True,0.4763162136077881,0.5746185779571533
1024,True,LEFT_KNEE,0.5019808411598206,0.5864371657371521,0.16146859526634216,0.9503163695335388,0.9991402626037598,True,False,True,0.5019808411598206,0.5864371657371521
1025,True,LEFT_KNEE,0.546918511390686,0.595260500907898,0.25729429721832275,0.8957695960998535,0.9955846667289734,True,False,True,0.546918511390686,0.595260500907898
1026,True,LEFT_KNEE,0.577452540397644,0.5871620774269104,0.3375925123691559,0.8539106249809265,0.9991669654846191,True,False,True,0.577452540397644,0.5871620774269104
1027,True,LEFT_KNEE,0.6099766492843628,0.5863817930221558,0.2657563090324402,0.8245610594749451,0.9992889165878296,True,False,True,0.6099766492843628,0.5863817930221558
1028,True,LEFT_KNEE,0.6427642107009888,0.5950644612312317,0.1650124490261078,0.8191229104995728,0.9998979568481445,True,False,True,0.6427642107009888,0.5950644612312317
1029,True,LEFT_KNEE,0.6674408912658691,0.6034428477287292,0.1334528774023056,0.8185680508613586,0.9997184872627258,True,False,True,0.6674408912658691,0.6034428477287292
1030,True,LEFT_KNEE,0.6773880124092102,0.60610431432724,0.14765743911266327,0.8225401043891907,0.99993896484375,True,False,True,0.6773880124092102,0.60610431432724
1031,True,LEFT_KNEE,0.6957765221595764,0.6126155853271484,0.146667942404747,0.829967737197876,0.9999130964279175,True,False,True,0.6957765221595764,0.6126155853271484
1032,True,LEFT_KNEE,0.7079639434814453,0.6146141886711121,0.09975901991128922,0.8396162986755371,0.9999058246612549,True,False,True,0.7079639434814453,0.6146141886711121
1033,True,LEFT_KNEE,0.7196923494338989,0.6181682348251343,0.1287853717803955,0.8477229475975037,0.9998558759689331,True,False,True,0.7196923494338989,0.6181682348251343
1034,True,LEFT_KNEE,0.7325354218482971,0.6163905262947083,0.1558377891778946,0.8511837720870972,0.999786913394928,True,False,True,0.7325354218482971,0.6163905262947083
1035,True,LEFT_KNEE,0.7516440153121948,0.618012011051178,0.1515146940946579,0.8465315699577332,0.9997773766517639,True,False,True,0.7516440153121948,0.618012011051178
1036,True,LEFT_KNEE,0.7419924139976501,0.6184042692184448,0.13881917297840118,0.8274027109146118,0.9998109936714172,True,False,True,0.7419924139976501,0.6184042692184448
1037,True,LEFT_KNEE,0.7413212060928345,0.6195567846298218,0.14110387861728668,0.796562910079956,0.9998962879180908,True,False,True,0.7413212060928345,0.6195567846298218
1038,True,LEFT_KNEE,0.7562686800956726,0.619514524936676,0.16673226654529572,0.7599682211875916,0.9998999834060669,True,False,True,0.7562686800956726,0.619514524936676
1039,True,LEFT_KNEE,0.7605016231536865,0.6204521656036377,0.17329928278923035,0.7243322134017944,0.9999287128448486,True,False,True,0.7605016231536865,0.6204521656036377
1040,True,LEFT_KNEE,0.7671129703521729,0.6115745902061462,0.14994847774505615,0.6921139359474182,0.9995593428611755,True,False,True,0.7671129703521729,0.6115745902061462
1041,True,LEFT_KNEE,0.7690099477767944,0.6104627251625061,0.08009473234415054,0.6760358214378357,0.9984960556030273,True,False,True,0.7690099477767944,0.6104627251625061
1042,True,LEFT_KNEE,0.7669651508331299,0.6137524843215942,0.08086875081062317,0.6758493185043335,0.9990900754928589,True,False,True,0.7669651508331299,0.6137524843215942
1043,True,LEFT_KNEE,0.7743698358535767,0.6171109676361084,0.08873744308948517,0.6956189870834351,0.9996963739395142,True,False,True,0.7743698358535767,0.6171109676361084
1044,True,LEFT_KNEE,0.7781888246536255,0.6167864799499512,0.08430450409650803,0.7202759981155396,0.9997393488883972,True,False,True,0.7781888246536255,0.6167864799499512
1045,True,LEFT_KNEE,0.7878299951553345,0.6169312596321106,0.07560165971517563,0.7396262884140015,0.9997828602790833,True,False,True,0.7878299951553345,0.6169312596321106
1046,True,LEFT_KNEE,0.8251352906227112,0.621426522731781,0.03586288541555405,0.7480878233909607,0.9995999932289124,True,False,True,0.8251352906227112,0.621426522731781
1047,True,LEFT_KNEE,0.8120248913764954,0.6211931109428406,0.052256569266319275,0.7517690658569336,0.9961205124855042,True,False,True,0.8120248913764954,0.6211931109428406
1048,True,LEFT_KNEE,0.8111487627029419,0.6209971308708191,0.047432877123355865,0.7589288353919983,0.9974262118339539,True,False,True,0.8111487627029419,0.6209971308708191
1049,True,LEFT_KNEE,0.8217633962631226,0.62010657787323,0.03904903680086136,0.7654374837875366,0.9787185192108154,True,False,True,0.8217633962631226,0.62010657787323
1050,True,LEFT_KNEE,0.8344132900238037,0.6199438571929932,0.08719772100448608,0.7414036989212036,0.9741070866584778,True,False,True,0.8344132900238037,0.6199438571929932
1051,True,LEFT_KNEE,0.8531352877616882,0.6198129057884216,0.09291829913854599,0.7091586589813232,0.9624502062797546,True,False,True,0.8531352877616882,0.6198129057884216
1052,True,LEFT_KNEE,0.8787305355072021,0.6195864081382751,0.05095866322517395,0.7086490988731384,0.985386848449707,True,False,True,0.8787305355072021,0.6195864081382751
1053,True,LEFT_KNEE,0.9278281331062317,0.6194229125976562,0.034584008157253265,0.6781594753265381,0.9336275458335876,True,False,True,0.9278281331062317,0.6194229125976562
1054,False,LEFT_KNEE,,,,,,False,True,True,0.9486939013004303,0.5052574872970581
1055,True,LEFT_KNEE,0.9695596694946289,0.39109206199645996,-0.07102523744106293,0.6617982983589172,0.9984040856361389,True,False,True,0.9695596694946289,0.39109206199645996
1056,True,LEFT_KNEE,0.9518206715583801,0.3809763491153717,-0.0829048827290535,0.6800647377967834,0.9877756834030151,True,False,True,0.9518206715583801,0.3809763491153717
1057,True,LEFT_KNEE,0.9583807587623596,0.3729299008846283,-0.08127786964178085,0.697194516658783,0.993087112903595,True,False,True,0.9583807587623596,0.3729299008846283
1058,True,LEFT_KNEE,0.9586529731750488,0.3714819550514221,-0.06011979281902313,0.7239082455635071,0.9985945820808411,True,False,True,0.9586529731750488,0.3714819550514221
1059,True,LEFT_KNEE,0.959106981754303,0.3712786138057709,-0.062023721635341644,0.7503305077552795,0.9996140599250793,True,False,True,0.959106981754303,0.3712786138057709
1060,True,LEFT_KNEE,0.9600629806518555,0.37178289890289307,-0.06309997290372849,0.7739269137382507,0.9996432065963745,True,False,True,0.9600629806518555,0.37178289890289307
1061,True,LEFT_KNEE,0.9573705792427063,0.3719075620174408,-0.05967868119478226,0.7933947443962097,0.9993888139724731,True,False,True,0.9573705792427063,0.3719075620174408
1062,True,LEFT_KNEE,0.9517566561698914,0.3706410825252533,-0.015224087983369827,0.8104100227355957,0.9993646740913391,True,False,True,0.9517566561698914,0.3706410825252533
1063,True,LEFT_KNEE,0.9423151612281799,0.3697124719619751,-0.007716982159763575,0.8239613771438599,0.9998146891593933,True,False,True,0.9423151612281799,0.3697124719619751
1064,True,LEFT_KNEE,0.9392222166061401,0.36975395679473877,-0.004847161006182432,0.8384973406791687,0.9997406601905823,True,False,True,0.9392222166061401,0.36975395679473877
1065,True,LEFT_KNEE,0.9272375106811523,0.3682938814163208,0.008452361449599266,0.8482807278633118,0.9997699856758118,True,False,True,0.9272375106811523,0.3682938814163208
975,True,LEFT_PINKY,0.44483405351638794,0.3162859082221985,0.01703977771103382,0.8698322176933289,0.9999517202377319,True,False,True,0.44483405351638794,0.3162859082221985
976,True,LEFT_PINKY,0.44478583335876465,0.3145297169685364,0.07963401079177856,0.8722470998764038,0.9999626874923706,True,False,True,0.44478583335876465,0.3145297169685364
977,True,LEFT_PINKY,0.4433121383190155,0.3137742578983307,-0.14127488434314728,0.8795148134231567,0.9999840259552002,True,False,True,0.4433121383190155,0.3137742578983307
978,True,LEFT_PINKY,0.4394584596157074,0.31335538625717163,-0.11465919017791748,0.8850389719009399,0.9999656677246094,True,False,True,0.4394584596157074,0.31335538625717163
979,True,LEFT_PINKY,0.436179518699646,0.31407666206359863,-0.02858027070760727,0.8879435062408447,0.9999605417251587,True,False,True,0.436179518699646,0.31407666206359863
980,True,LEFT_PINKY,0.43489938974380493,0.3160001337528229,-0.03040945529937744,0.8887680768966675,0.9999368190765381,True,False,True,0.43489938974380493,0.3160001337528229
981,True,LEFT_PINKY,0.43210655450820923,0.3170407712459564,-0.07404632121324539,0.8898285627365112,0.9999394416809082,True,False,True,0.43210655450820923,0.3170407712459564
982,True,LEFT_PINKY,0.4324865937232971,0.3198588788509369,-0.11794064939022064,0.8899618983268738,0.9999513626098633,True,False,True,0.4324865937232971,0.3198588788509369
983,True,LEFT_PINKY,0.4279455840587616,0.3304562568664551,-0.08404237031936646,0.8896055221557617,0.9998637437820435,True,False,True,0.4279455840587616,0.3304562568664551
984,True,LEFT_PINKY,0.4263153076171875,0.3466385006904602,-0.08306699246168137,0.8913230299949646,0.9998679161071777,True,False,True,0.4263153076171875,0.3466385006904602
985,True,LEFT_PINKY,0.42712411284446716,0.36502164602279663,0.03646606579422951,0.8886620402336121,0.9998733997344971,True,False,True,0.42712411284446716,0.36502164602279663
986,True,LEFT_PINKY,0.427403062582016,0.3797299563884735,0.004285048693418503,0.8929537534713745,0.9999314546585083,True,False,True,0.427403062582016,0.3797299563884735
987,True,LEFT_PINKY,0.4277430474758148,0.4021131098270416,-0.007741795387119055,0.8963046073913574,0.9999226331710815,True,False,True,0.4277430474758148,0.4021131098270416
988,True,LEFT_PINKY,0.4202444553375244,0.4396320879459381,-0.210251122713089,0.9025153517723083,0.9998883008956909,True,False,True,0.4202444553375244,0.4396320879459381
989,True,LEFT_PINKY,0.4030087888240814,0.463140606880188,-0.452805757522583,0.9105735421180725,0.9998948574066162,True,False,True,0.4030087888240814,0.463140606880188
990,True,LEFT_PINKY,0.39644864201545715,0.49507373571395874,-0.4772392809391022,0.9188354015350342,0.9998856782913208,True,False,True,0.39644864201545715,0.49507373571395874
991,True,LEFT_PINKY,0.40238916873931885,0.5399810671806335,-0.5399736166000366,0.9266403317451477,0.9999451637268066,True,False,True,0.40238916873931885,0.5399810671806335
992,True,LEFT_PINKY,0.45033878087997437,0.5742133259773254,-0.5118453502655029,0.9331064820289612,0.9998388290405273,True,False,True,0.45033878087997437,0.5742133259773254
993,True,LEFT_PINKY,0.4969739019870758,0.6078067421913147,-0.5282294750213623,0.9358169436454773,0.9997707009315491,True,False,True,0.4969739019870758,0.6078067421913147
994,True,LEFT_PINKY,0.5638746619224548,0.5999991297721863,-0.5165047645568848,0.9355680346488953,0.9992951154708862,True,False,True,0.5638746619224548,0.5999991297721863
995,True,LEFT_PINKY,0.6439395546913147,0.5698082447052002,-0.6794074773788452,0.9402162432670593,0.998612642288208,True,False,True,0.6439395546913147,0.5698082447052002
996,True,LEFT_PINKY,0.64532870054245,0.5663086771965027,-0.7750124931335449,0.9453341960906982,0.9997050166130066,True,False,True,0.64532870054245,0.5663086771965027
997,True,LEFT_PINKY,0.6651138067245483,0.5475560426712036,-0.4859009385108948,0.9494922161102295,0.9988138675689697,True,False,True,0.6651138067245483,0.5475560426712036
998,True,LEFT_PINKY,0.6568949818611145,0.5100951790809631,-0.784162163734436,0.95376056432724,0.9989191293716431,True,False,True,0.6568949818611145,0.5100951790809631
999,True,LEFT_PINKY,0.6421864032745361,0.432838499546051,-0.9411249756813049,0.9519889950752258,0.9914106130599976,True,False,True,0.6421864032745361,0.432838499546051
1000,True,LEFT_PINKY,0.6203977465629578,0.3942864239215851,-0.8646541237831116,0.9458165168762207,0.9964925646781921,True,False,True,0.6203977465629578,0.3942864239215851
1001,True,LEFT_PINKY,0.6096592545509338,0.3608507513999939,-0.2176341563463211,0.9083508849143982,0.9940251708030701,True,False,True,0.6096592545509338,0.3608507513999939
1002,True,LEFT_PINKY,0.6026326417922974,0.37241384387016296,-0.20913705229759216,0.8503303527832031,0.9885435104370117,True,False,True,0.6026326417922974,0.37241384387016296
1003,True,LEFT_PINKY,0.4053354263305664,0.2917783856391907,0.2737426459789276,0.8634774088859558,0.9966164231300354,True,False,True,0.4053354263305664,0.2917783856391907
1004,True,LEFT_PINKY,0.406444251537323,0.2995775043964386,0.22369475662708282,0.8766304850578308,0.99899822473526,True,False,True,0.406444251537323,0.2995775043964386
1005,True,LEFT_PINKY,0.4469582438468933,0.5328536629676819,0.38075289130210876,0.8020767569541931,0.9993667006492615,True,False,True,0.4469582438468933,0.5328536629676819
1006,True,LEFT_PINKY,0.47218769788742065,0.5340115427970886,0.43085524439811707,0.7265205383300781,0.9976534247398376,True,False,True,0.47218769788742065,0.5340115427970886
1007,True,LEFT_PINKY,0.6297935247421265,0.5497910976409912,0.20914717018604279,0.665361225605011,0.9822983741760254,True,False,True,0.6297935247421265,0.5497910976409912
1008,True,LEFT_PINKY,0.6323891878128052,0.5741746425628662,0.13381926715373993,0.6163597702980042,0.9771669507026672,True,False,True,0.6323891878128052,0.5741746425628662
1009,True,LEFT_PINKY,0.6489027738571167,0.5367828607559204,0.19517526030540466,0.5818085670471191,0.996653139591217,True,False,True,0.6489027738571167,0.5367828607559204
1010,True,LEFT_PINKY,0.6599091291427612,0.5231825709342957,0.3174422085285187,0.5515958070755005,0.9972512125968933,True,False,True,0.6599091291427612,0.5231825709342957
1011,True,LEFT_PINKY,0.6728217005729675,0.5124413371086121,0.46739462018013,0.5311082601547241,0.999750554561615,True,False,True,0.6728217005729675,0.5124413371086121
1012,True,LEFT_PINKY,0.6650094985961914,0.5083341598510742,0.30997851490974426,0.5034134984016418,0.9998844861984253,True,False,True,0.6650094985961914,0.5083341598510742
1013,True,LEFT_PINKY,0.6415513753890991,0.5533524751663208,0.38306981325149536,0.47771719098091125,0.9997729659080505,False,False,False,,
1014,True,LEFT_PINKY,0.6368117928504944,0.5563094615936279,0.41289910674095154,0.4546547532081604,0.9997938275337219,False,False,False,,
1015,True,LEFT_PINKY,0.6388198137283325,0.5376142263412476,0.43656104803085327,0.4217775762081146,0.9997212290763855,False,False,False,,
1016,True,LEFT_PINKY,0.6769151091575623,0.5156292915344238,0.6269053816795349,0.39761883020401,0.9998137354850769,False,False,False,,
1017,True,LEFT_PINKY,0.6360104084014893,0.5132454633712769,0.6623044013977051,0.36230820417404175,0.9990707635879517,False,False,False,,
1018,True,LEFT_PINKY,0.5345314145088196,0.5048006772994995,0.5419787764549255,0.32967522740364075,0.9987090826034546,False,False,False,,
1019,True,LEFT_PINKY,0.4462975859642029,0.4844333529472351,0.4624715745449066,0.30955830216407776,0.9993615746498108,False,False,False,,
1020,True,LEFT_PINKY,0.4258594512939453,0.4715701639652252,0.34761616587638855,0.30966323614120483,0.9994791150093079,False,False,False,,
1021,True,LEFT_PINKY,0.4147866368293762,0.4510202705860138,0.33408889174461365,0.3366551697254181,0.9996968507766724,False,False,False,,
1022,True,LEFT_PINKY,0.4097052216529846,0.4373458921909332,0.3579123914241791,0.3879365026950836,0.9998055100440979,False,False,False,,
1023,True,LEFT_PINKY,0.40063443779945374,0.42310962080955505,0.31093332171440125,0.4428698718547821,0.999582827091217,False,False,False,,
1024,True,LEFT_PINKY,0.3986544907093048,0.41831547021865845,0.24782578647136688,0.4947015047073364,0.9994943141937256,False,False,False,,
1025,True,LEFT_PINKY,0.39868074655532837,0.4183529317378998,0.18924860656261444,0.5405911803245544,0.9982507824897766,True,False,True,0.39868074655532837,0.4183529317378998
1026,True,LEFT_PINKY,0.4062272310256958,0.42230141162872314,0.042817506939172745,0.5807983875274658,0.9984594583511353,True,False,True,0.4062272310256958,0.42230141162872314
1027,True,LEFT_PINKY,0.414987713098526,0.43005916476249695,0.12835265696048737,0.6151139140129089,0.9985331296920776,True,False,True,0.414987713098526,0.43005916476249695
1028,True,LEFT_PINKY,0.4251054525375366,0.44691169261932373,0.18562857806682587,0.6464768052101135,0.9995858073234558,True,False,True,0.4251054525375366,0.44691169261932373
1029,True,LEFT_PINKY,0.4427340626716614,0.4669841229915619,0.1653084009885788,0.6721178889274597,0.9992825388908386,True,False,True,0.4427340626716614,0.4669841229915619
1030,True,LEFT_PINKY,0.4725099503993988,0.4812938868999481,0.14301131665706635,0.700594425201416,0.999846339225769,True,False,True,0.4725099503993988,0.4812938868999481
1031,True,LEFT_PINKY,0.5043850541114807,0.5019038915634155,0.15248167514801025,0.7252445816993713,0.9998205304145813,True,False,True,0.5043850541114807,0.5019038915634155
1032,True,LEFT_PINKY,0.5439989566802979,0.5175815224647522,0.13809458911418915,0.7325618863105774,0.9997811913490295,True,False,True,0.5439989566802979,0.5175815224647522
1033,True,LEFT_PINKY,0.5737612247467041,0.5243369340896606,0.13861869275569916,0.7155696749687195,0.9996604919433594,True,False,True,0.5737612247467041,0.5243369340896606
1034,True,LEFT_PINKY,0.602131187915802,0.5300706028938293,0.14192591607570648,0.6865065097808838,0.999160885810852,True,False,True,0.602131187915802,0.5300706028938293
1035,True,LEFT_PINKY,0.6417027711868286,0.530876636505127,0.15319359302520752,0.6488243937492371,0.9991263747215271,True,False,True,0.6417027711868286,0.530876636505127
1036,True,LEFT_PINKY,0.7067134380340576,0.5189698338508606,0.19894534349441528,0.5983904004096985,0.9987247586250305,True,False,True,0.7067134380340576,0.5189698338508606
1037,True,LEFT_PINKY,0.7741994261741638,0.5067986845970154,0.23640811443328857,0.5449528098106384,0.9990710020065308,True,False,True,0.7741994261741638,0.5067986845970154
1038,True,LEFT_PINKY,0.801839292049408,0.5077054500579834,0.2883140742778778,0.4975256323814392,0.9988775849342346,False,False,False,,
1039,True,LEFT_PINKY,0.8200295567512512,0.5070924162864685,0.32319068908691406,0.4539770185947418,0.9991331696510315,False,False,False,,
1040,True,LEFT_PINKY,0.7984170913696289,0.5065262317657471,0.28467777371406555,0.4119274318218231,0.9963261485099792,False,False,False,,
1041,True,LEFT_PINKY,0.8385331630706787,0.5001712441444397,0.33059531450271606,0.374998539686203,0.994789719581604,False,False,False,,
1042,True,LEFT_PINKY,0.833233118057251,0.49687403440475464,0.33226343989372253,0.3410511910915375,0.9953476786613464,False,False,False,,
1043,True,LEFT_PINKY,0.8583910465240479,0.47121915221214294,0.325209379196167,0.3118647336959839,0.9964585900306702,False,False,False,,
1044,True,LEFT_PINKY,0.9026364684104919,0.4769025444984436,0.2239333689212799,0.2919410467147827,0.9977309107780457,False,False,False,,
1045,True,LEFT_PINKY,0.8566699624061584,0.4840843081474304,0.1883450150489807,0.28390738368034363,0.9993330836296082,False,False,False,,
1046,True,LEFT_PINKY,0.9394367337226868,0.3828936815261841,0.4948796033859253,0.2724473476409912,0.9982340335845947,False,False,False,,
1047,True,LEFT_PINKY,0.8950451016426086,0.4811307191848755,0.2096053957939148,0.261949360370636,0.9952380657196045,False,False,False,,
1048,True,LEFT_PINKY,0.9546773433685303,0.48801782727241516,0.24034488201141357,0.253936767578125,0.9936779141426086,False,False,False,,
1049,True,LEFT_PINKY,0.9031674861907959,0.5023854970932007,0.2513088285923004,0.24411173164844513,0.9726712703704834,False,False,False,,
1050,True,LEFT_PINKY,0.8983675837516785,0.3225858509540558,0.3768359422683716,0.23621557652950287,0.9552921056747437,False,False,False,,
1051,True,LEFT_PINKY,0.8931931853294373,0.2689477205276489,0.34183353185653687,0.23892654478549957,0.9482846856117249,False,False,False,,
1052,True,LEFT_PINKY,0.8862727880477905,0.47224217653274536,0.23594318330287933,0.22101762890815735,0.9705553650856018,False,False,False,,
1053,True,LEFT_PINKY,0.9054242968559265,0.47394779324531555,0.1902136504650116,0.201821967959404,0.8535715937614441,False,False,False,,
1054,False,LEFT_PINKY,,,,,,False,False,False,,
1055,True,LEFT_PINKY,0.9101919531822205,0.13319271802902222,0.14505471289157867,0.2399623692035675,0.9992179870605469,False,False,False,,
1056,True,LEFT_PINKY,0.9514687657356262,0.16858094930648804,-0.3226577341556549,0.2652222216129303,0.9864969849586487,False,False,False,,
1057,True,LEFT_PINKY,0.9760804772377014,0.17337970435619354,-0.28893807530403137,0.2817773222923279,0.977393388748169,False,False,False,,
1058,True,LEFT_PINKY,0.9678379893302917,0.17381206154823303,-0.33251482248306274,0.31156912446022034,0.9943683743476868,False,False,False,,
1059,True,LEFT_PINKY,0.973095715045929,0.16854384541511536,-0.3694750964641571,0.3409544825553894,0.993953287601471,False,False,False,,
1060,True,LEFT_PINKY,0.9702440500259399,0.17079365253448486,-0.4207058846950531,0.3700411319732666,0.9905189871788025,False,False,False,,
1061,True,LEFT_PINKY,0.9684661030769348,0.17256276309490204,-0.35906538367271423,0.4242188036441803,0.9993953704833984,False,False,False,,
1062,True,LEFT_PINKY,0.9636783599853516,0.17264467477798462,-0.34167981147766113,0.4764203429222107,0.9997124075889587,False,False,False,,
1063,True,LEFT_PINKY,0.9612187743186951,0.17218372225761414,-0.3666411340236664,0.5152789950370789,0.9994983673095703,True,False,True,0.9612187743186951,0.17218372225761414
1064,True,LEFT_PINKY,0.932794451713562,0.18011079728603363,-0.40417516231536865,0.5398750305175781,0.9989633560180664,True,False,True,0.932794451713562,0.18011079728603363
1065,True,LEFT_PINKY,0.9348718523979187,0.19243213534355164,-0.44796594977378845,0.5733038187026978,0.9993124008178711,True,False,True,0.9348718523979187,0.19243213534355164
975,True,LEFT_SHOULDER,0.5596842765808105,0.3168608546257019,-0.18429045379161835,0.9999911785125732,0.9999762773513794,True,False,True,0.5596842765808105,0.3168608546257019
976,True,LEFT_SHOULDER,0.55799800157547,0.31891298294067383,-0.17283235490322113,0.9999915957450867,0.9999895095825195,True,False,True,0.55799800157547,0.31891298294067383
977,True,LEFT_SHOULDER,0.5583927035331726,0.3215433955192566,-0.18887341022491455,0.9999920129776001,0.9999961853027344,True,False,True,0.5583927035331726,0.3215433955192566
978,True,LEFT_SHOULDER,0.5546608567237854,0.3261668086051941,-0.24924716353416443,0.9999924302101135,0.999991774559021,True,False,True,0.5546608567237854,0.3261668086051941
979,True,LEFT_SHOULDER,0.5503479838371277,0.32640329003334045,-0.2438001185655594,0.9999929070472717,0.9999960660934448,True,False,True,0.5503479838371277,0.32640329003334045
980,True,LEFT_SHOULDER,0.5449306964874268,0.32592469453811646,-0.2624012231826782,0.9999933838844299,0.9999957084655762,True,False,True,0.5449306964874268,0.32592469453811646
981,True,LEFT_SHOULDER,0.5428466200828552,0.32568851113319397,-0.2632444202899933,0.9999938011169434,0.9999957084655762,True,False,True,0.5428466200828552,0.32568851113319397
982,True,LEFT_SHOULDER,0.5401588678359985,0.3280556797981262,-0.2898988723754883,0.9999940395355225,0.999991774559021,True,False,True,0.5401588678359985,0.3280556797981262
983,True,LEFT_SHOULDER,0.5391745567321777,0.3286033570766449,-0.28832685947418213,0.9999937415122986,0.9999750852584839,True,False,True,0.5391745567321777,0.3286033570766449
984,True,LEFT_SHOULDER,0.5381607413291931,0.33207935094833374,-0.31558090448379517,0.9999934434890747,0.9999607801437378,True,False,True,0.5381607413291931,0.33207935094833374
985,True,LEFT_SHOULDER,0.5352615714073181,0.3345669209957123,-0.29927724599838257,0.9999929070472717,0.99994957447052,True,False,True,0.5352615714073181,0.3345669209957123
986,True,LEFT_SHOULDER,0.5352813601493835,0.3427562117576599,-0.2915927469730377,0.9999931454658508,0.9999634027481079,True,False,True,0.5352813601493835,0.3427562117576599
987,True,LEFT_SHOULDER,0.5339256525039673,0.3508741855621338,-0.2878701686859131,0.9999933242797852,0.9999629259109497,True,False,True,0.5339256525039673,0.3508741855621338
988,True,LEFT_SHOULDER,0.5321544408798218,0.36063534021377563,-0.2747490108013153,0.9999927878379822,0.9999157190322876,True,False,True,0.5321544408798218,0.36063534021377563
989,True,LEFT_SHOULDER,0.5321565866470337,0.3706628680229187,-0.2848223149776459,0.9999926090240479,0.9999310970306396,True,False,True,0.5321565866470337,0.3706628680229187
990,True,LEFT_SHOULDER,0.5275033116340637,0.3885622024536133,-0.2879323661327362,0.999992847442627,0.9999759197235107,True,False,True,0.5275033116340637,0.3885622024536133
991,True,LEFT_SHOULDER,0.5285094976425171,0.40329957008361816,-0.35418274998664856,0.9999933838844299,0.9999934434890747,True,False,True,0.5285094976425171,0.40329957008361816
992,True,LEFT_SHOULDER,0.5246267318725586,0.4133692979812622,-0.352586954832077,0.9999937415122986,0.9999884366989136,True,False,True,0.5246267318725586,0.4133692979812622
993,True,LEFT_SHOULDER,0.5240174531936646,0.42319098114967346,-0.3842284083366394,0.9999935626983643,0.9999769926071167,True,False,True,0.5240174531936646,0.42319098114967346
994,True,LEFT_SHOULDER,0.5242365598678589,0.42698341608047485,-0.3526085317134857,0.9999924898147583,0.999954342842102,True,False,True,0.5242365598678589,0.42698341608047485
995,True,LEFT_SHOULDER,0.5327656865119934,0.4345923662185669,-0.42395147681236267,0.9999927282333374,0.9999922513961792,True,False,True,0.5327656865119934,0.4345923662185669
996,True,LEFT_SHOULDER,0.5363080501556396,0.4362674951553345,-0.43640029430389404,0.9999932646751404,0.9999983310699463,True,False,True,0.5363080501556396,0.4362674951553345
997,True,LEFT_SHOULDER,0.5476824641227722,0.4315210282802582,-0.3971821069717407,0.9999932646751404,0.9999924898147583,True,False,True,0.5476824641227722,0.4315210282802582
998,True,LEFT_SHOULDER,0.554847776889801,0.4296846389770508,-0.3561810851097107,0.9999933838844299,0.9999929666519165,True,False,True,0.554847776889801,0.4296846389770508
999,True,LEFT_SHOULDER,0.557149350643158,0.4286530613899231,-0.32664257287979126,0.9999841451644897,0.9999175071716309,True,False,True,0.557149350643158,0.4286530613899231
1000,True,LEFT_SHOULDER,0.5330430269241333,0.42772120237350464,-0.291360467672348,0.9999470114707947,0.997809112071991,True,False,True,0.5330430269241333,0.42772120237350464
1001,True,LEFT_SHOULDER,0.5075867176055908,0.4367484152317047,0.2841183543205261,0.9998185038566589,0.9998829364776611,True,False,True,0.5075867176055908,0.4367484152317047
1002,True,LEFT_SHOULDER,0.5061880350112915,0.43578091263771057,0.2283124476671219,0.9996235966682434,0.999724805355072,True,False,True,0.5061880350112915,0.43578091263771057
1003,True,LEFT_SHOULDER,0.5130813717842102,0.419851154088974,0.29377081990242004,0.9996264576911926,0.999974250793457,True,False,True,0.5130813717842102,0.419851154088974
1004,True,LEFT_SHOULDER,0.5155733823776245,0.41984546184539795,0.22550055384635925,0.9996552467346191,0.9999915361404419,True,False,True,0.5155733823776245,0.41984546184539795
1005,True,LEFT_SHOULDER,0.5173676013946533,0.4213222563266754,0.25097161531448364,0.9996832609176636,0.9999850988388062,True,False,True,0.5173676013946533,0.4213222563266754
1006,True,LEFT_SHOULDER,0.5290183424949646,0.4241064190864563,0.25791463255882263,0.9996997117996216,0.9999269247055054,True,False,True,0.5290183424949646,0.4241064190864563
1007,True,LEFT_SHOULDER,0.549128532409668,0.42834168672561646,0.3209017813205719,0.9996179938316345,0.9986236095428467,True,False,True,0.549128532409668,0.42834168672561646
1008,True,LEFT_SHOULDER,0.5603411793708801,0.4350920617580414,0.3978465795516968,0.9995492100715637,0.9996485710144043,True,False,True,0.5603411793708801,0.4350920617580414
1009,True,LEFT_SHOULDER,0.5725029110908508,0.4378320574760437,0.4064713418483734,0.9994939565658569,0.9996041655540466,True,False,True,0.5725029110908508,0.4378320574760437
1010,True,LEFT_SHOULDER,0.5772650241851807,0.4391922056674957,0.47342121601104736,0.9993470907211304,0.9988401532173157,True,False,True,0.5772650241851807,0.4391922056674957
1011,True,LEFT_SHOULDER,0.5831999778747559,0.43876340985298157,0.4796629548072815,0.9993542432785034,0.999832272529602,True,False,True,0.5831999778747559,0.43876340985298157
1012,True,LEFT_SHOULDER,0.5840681791305542,0.4395052194595337,0.5200347900390625,0.9993757009506226,0.9998452663421631,True,False,True,0.5840681791305542,0.4395052194595337
1013,True,LEFT_SHOULDER,0.5917422771453857,0.4376957416534424,0.4319216310977936,0.999397337436676,0.9999361038208008,True,False,True,0.5917422771453857,0.4376957416534424
1014,True,LEFT_SHOULDER,0.5973762273788452,0.43456602096557617,0.4176154136657715,0.999413251876831,0.9999359846115112,True,False,True,0.5973762273788452,0.43456602096557617
1015,True,LEFT_SHOULDER,0.6006191968917847,0.4198518395423889,0.3520282506942749,0.999424934387207,0.999924898147583,True,False,True,0.6006191968917847,0.4198518395423889
1016,True,LEFT_SHOULDER,0.6000285148620605,0.40572360157966614,0.41144251823425293,0.999396026134491,0.9998795986175537,True,False,True,0.6000285148620605,0.40572360157966614
1017,True,LEFT_SHOULDER,0.60191410779953,0.3932570219039917,0.4997226893901825,0.9992645382881165,0.9997779726982117,True,False,True,0.60191410779953,0.3932570219039917
1018,True,LEFT_SHOULDER,0.602644681930542,0.3851097822189331,0.5434271097183228,0.9992421865463257,0.9998630285263062,True,False,True,0.602644681930542,0.3851097822189331
1019,True,LEFT_SHOULDER,0.6018185615539551,0.3766026794910431,0.605292558670044,0.9993045926094055,0.9999847412109375,True,False,True,0.6018185615539551,0.3766026794910431
1020,True,LEFT_SHOULDER,0.599946141242981,0.36877691745758057,0.5174679756164551,0.999362051486969,0.9999790191650391,True,False,True,0.599946141242981,0.36877691745758057
1021,True,LEFT_SHOULDER,0.5983835458755493,0.36403268575668335,0.4449611008167267,0.9994206428527832,0.9999916553497314,True,False,True,0.5983835458755493,0.36403268575668335
1022,True,LEFT_SHOULDER,0.5967893600463867,0.359138548374176,0.3842846155166626,0.9994743466377258,0.9999948740005493,True,False,True,0.5967893600463867,0.359138548374176
1023,True,LEFT_SHOULDER,0.5948286652565002,0.3560078740119934,0.2959786057472229,0.9995217323303223,0.9999923706054688,True,False,True,0.5948286652565002,0.3560078740119934
1024,True,LEFT_SHOULDER,0.5936710834503174,0.353466659784317,0.23397620022296906,0.9995584487915039,0.9999823570251465,True,False,True,0.5936710834503174,0.353466659784317
1025,True,LEFT_SHOULDER,0.5931388139724731,0.35177019238471985,0.1834014654159546,0.9995886087417603,0.9999604225158691,True,False,True,0.5931388139724731,0.35177019238471985
1026,True,LEFT_SHOULDER,0.5962381958961487,0.3499740660190582,0.10712013393640518,0.9996196627616882,0.9999825954437256,True,False,True,0.5962381958961487,0.3499740660190582
1027,True,LEFT_SHOULDER,0.597711443901062,0.3501676917076111,0.14526629447937012,0.9996494650840759,0.9999804496765137,True,False,True,0.597711443901062,0.3501676917076111
1028,True,LEFT_SHOULDER,0.6009470224380493,0.35241779685020447,0.18855176866054535,0.9996821284294128,0.999995231628418,True,False,True,0.6009470224380493,0.35241779685020447
1029,True,LEFT_SHOULDER,0.6063977479934692,0.3546024560928345,0.18382659554481506,0.9997116327285767,0.9999938011169434,True,False,True,0.6063977479934692,0.3546024560928345
1030,True,LEFT_SHOULDER,0.6188513040542603,0.3559870421886444,0.15730218589305878,0.9997395873069763,0.9999985694885254,True,False,True,0.6188513040542603,0.3559870421886444
1031,True,LEFT_SHOULDER,0.6347710490226746,0.3570314943790436,0.1649559736251831,0.9997642636299133,0.9999978542327881,True,False,True,0.6347710490226746,0.3570314943790436
1032,True,LEFT_SHOULDER,0.6449776887893677,0.3612079918384552,0.160052090883255,0.9997859597206116,0.9999958276748657,True,False,True,0.6449776887893677,0.3612079918384552
1033,True,LEFT_SHOULDER,0.6553034782409668,0.3638555109500885,0.14369703829288483,0.9998013377189636,0.9999856948852539,True,False,True,0.6553034782409668,0.3638555109500885
1034,True,LEFT_SHOULDER,0.6708616018295288,0.365727961063385,0.1579788774251938,0.999810516834259,0.9999740123748779,True,False,True,0.6708616018295288,0.365727961063385
1035,True,LEFT_SHOULDER,0.6818096041679382,0.3660350441932678,0.16836988925933838,0.9998135566711426,0.999964714050293,True,False,True,0.6818096041679382,0.3660350441932678
1036,True,LEFT_SHOULDER,0.6962507367134094,0.3651583790779114,0.1739995926618576,0.9998068809509277,0.9999234676361084,True,False,True,0.6962507367134094,0.3651583790779114
1037,True,LEFT_SHOULDER,0.7141384482383728,0.36158090829849243,0.18489287793636322,0.9997661113739014,0.999849796295166,True,False,True,0.7141384482383728,0.36158090829849243
1038,True,LEFT_SHOULDER,0.729422926902771,0.3544617295265198,0.18993166089057922,0.999718189239502,0.999875545501709,True,False,True,0.729422926902771,0.3544617295265198
1039,True,LEFT_SHOULDER,0.7401017546653748,0.35170048475265503,0.19787682592868805,0.9996766448020935,0.9999172687530518,True,False,True,0.7401017546653748,0.35170048475265503
1040,True,LEFT_SHOULDER,0.7474328875541687,0.34909069538116455,0.22015398740768433,0.9995765686035156,0.9996566772460938,True,False,True,0.7474328875541687,0.34909069538116455
1041,True,LEFT_SHOULDER,0.7619917392730713,0.34462860226631165,0.25514429807662964,0.9994996190071106,0.9996199607849121,True,False,True,0.7619917392730713,0.34462860226631165
1042,True,LEFT_SHOULDER,0.7765744924545288,0.3414161801338196,0.26453089714050293,0.9994328022003174,0.9996733665466309,True,False,True,0.7765744924545288,0.3414161801338196
1043,True,LEFT_SHOULDER,0.7902790307998657,0.33989545702934265,0.241217240691185,0.9993801712989807,0.9996935129165649,True,False,True,0.7902790307998657,0.33989545702934265
1044,True,LEFT_SHOULDER,0.8067870736122131,0.3391295373439789,0.23439554870128632,0.9993559718132019,0.999797523021698,True,False,True,0.8067870736122131,0.3391295373439789
1045,True,LEFT_SHOULDER,0.8222929239273071,0.340283066034317,0.22174328565597534,0.999327540397644,0.9997203946113586,True,False,True,0.8222929239273071,0.340283066034317
1046,True,LEFT_SHOULDER,0.8810896277427673,0.34110257029533386,0.17487452924251556,0.9990642666816711,0.9990068078041077,True,False,True,0.8810896277427673,0.34110257029533386
1047,True,LEFT_SHOULDER,0.8731669187545776,0.34326860308647156,0.1998252272605896,0.9988306164741516,0.998205304145813,True,False,True,0.8731669187545776,0.34326860308647156
1048,True,LEFT_SHOULDER,0.8810698390007019,0.3434720039367676,0.22547926008701324,0.9987329840660095,0.9987602233886719,True,False,True,0.8810698390007019,0.3434720039367676
1049,True,LEFT_SHOULDER,0.8929620385169983,0.3446873128414154,0.3607446253299713,0.9980640411376953,0.9928932785987854,True,False,True,0.8929620385169983,0.3446873128414154
1050,True,LEFT_SHOULDER,0.9104886651039124,0.3394172489643097,0.22672154009342194,0.9948216080665588,0.9741617441177368,True,False,True,0.9104886651039124,0.3394172489643097
1051,True,LEFT_SHOULDER,0.9105421304702759,0.3280211091041565,0.13500836491584778,0.9911324381828308,0.9639713764190674,True,False,True,0.9105421304702759,0.3280211091041565
1052,True,LEFT_SHOULDER,0.9330935478210449,0.33796757459640503,0.27031517028808594,0.9915181398391724,0.9975384473800659,True,False,True,0.9330935478210449,0.33796757459640503
1053,True,LEFT_SHOULDER,0.9698717594146729,0.3517204821109772,0.18243299424648285,0.9870671033859253,0.881550133228302,True,False,True,0.9698717594146729,0.3517204821109772
1054,False,LEFT_SHOULDER,,,,,,False,True,True,0.9445187747478485,0.2623583897948265
1055,True,LEFT_SHOULDER,0.9191657900810242,0.17299629747867584,0.15694360435009003,0.988258421421051,0.9991745352745056,True,False,True,0.9191657900810242,0.17299629747867584
1056,True,LEFT_SHOULDER,0.9228845238685608,0.17129507660865784,0.11309142410755157,0.9888142347335815,0.9768872261047363,True,False,True,0.9228845238685608,0.17129507660865784
1057,True,LEFT_SHOULDER,0.9224638938903809,0.16665850579738617,0.08568530529737473,0.9893636703491211,0.9857337474822998,True,False,True,0.9224638938903809,0.16665850579738617
1058,True,LEFT_SHOULDER,0.9210947751998901,0.16153205931186676,0.07712657749652863,0.9902350306510925,0.9943785071372986,True,False,True,0.9210947751998901,0.16153205931186676
1059,True,LEFT_SHOULDER,0.9179251790046692,0.1601165384054184,0.07222341746091843,0.9911280274391174,0.9971377849578857,True,False,True,0.9179251790046692,0.1601165384054184
1060,True,LEFT_SHOULDER,0.9115483164787292,0.15940015017986298,0.05907749384641647,0.9919320344924927,0.9978433847427368,True,False,True,0.9115483164787292,0.15940015017986298
1061,True,LEFT_SHOULDER,0.9034717679023743,0.15967527031898499,0.06229206547141075,0.9927224516868591,0.9995734095573425,True,False,True,0.9034717679023743,0.15967527031898499
1062,True,LEFT_SHOULDER,0.8984382748603821,0.1601751744747162,0.06192750111222267,0.9934362173080444,0.9996905326843262,True,False,True,0.8984382748603821,0.1601751744747162
1063,True,LEFT_SHOULDER,0.8960533142089844,0.16018462181091309,0.0636957660317421,0.9940671324729919,0.9996827840805054,True,False,True,0.8960533142089844,0.16018462181091309
1064,True,LEFT_SHOULDER,0.8971293568611145,0.16034896671772003,0.04165598750114441,0.9946043491363525,0.9988113641738892,True,False,True,0.8971293568611145,0.16034896671772003
1065,True,LEFT_SHOULDER,0.889690637588501,0.15823891758918762,0.015126216225326061,0.9951270818710327,0.9997997879981995,True,False,True,0.889690637588501,0.15823891758918762
975,True,LEFT_THUMB,0.4583672881126404,0.3190200924873352,0.02120353654026985,0.7877132892608643,0.9999599456787109,True,False,True,0.4583672881126404,0.3190200924873352
976,True,LEFT_THUMB,0.4578746259212494,0.3157132863998413,0.08548597246408463,0.7911443710327148,0.9999707937240601,True,False,True,0.4578746259212494,0.3157132863998413
977,True,LEFT_THUMB,0.45711448788642883,0.31320127844810486,-0.12343412637710571,0.8016389012336731,0.9999877214431763,True,False,True,0.45711448788642883,0.31320127844810486
978,True,LEFT_THUMB,0.45195528864860535,0.3127763569355011,-0.09865207970142365,0.80913245677948,0.9999734163284302,True,False,True,0.45195528864860535,0.3127763569355011
979,True,LEFT_THUMB,0.4476964771747589,0.3128615617752075,-0.025596747174859047,0.8127843737602234,0.9999697208404541,True,False,True,0.4476964771747589,0.3128615617752075
980,True,LEFT_THUMB,0.4456937909126282,0.31427934765815735,-0.027874302119016647,0.8133484721183777,0.9999504089355469,True,False,True,0.4456937909126282,0.31427934765815735
981,True,LEFT_THUMB,0.4453015625476837,0.31499403715133667,-0.06980690360069275,0.8138627409934998,0.9999504089355469,True,False,True,0.4453015625476837,0.31499403715133667
982,True,LEFT_THUMB,0.4453669488430023,0.31790757179260254,-0.1124732568860054,0.8129164576530457,0.9999568462371826,True,False,True,0.4453669488430023,0.31790757179260254
983,True,LEFT_THUMB,0.4426147937774658,0.3273683190345764,-0.07845903187990189,0.8114806413650513,0.999880313873291,True,False,True,0.4426147937774658,0.3273683190345764
984,True,LEFT_THUMB,0.4408509433269501,0.34315580129623413,-0.07841090857982635,0.8143577575683594,0.9998840093612671,True,False,True,0.4408509433269501,0.34315580129623413
985,True,LEFT_THUMB,0.4412095248699188,0.36018311977386475,0.03482404351234436,0.8114839196205139,0.9998883008956909,True,False,True,0.4412095248699188,0.36018311977386475
986,True,LEFT_THUMB,0.44109925627708435,0.37246400117874146,0.009801475331187248,0.8179848790168762,0.9999463558197021,True,False,True,0.44109925627708435,0.37246400117874146
987,True,LEFT_THUMB,0.44099465012550354,0.3932323455810547,0.0017581532010808587,0.8227996230125427,0.9999421834945679,True,False,True,0.44099465012550354,0.3932323455810547
988,True,LEFT_THUMB,0.42882972955703735,0.42634332180023193,-0.17023798823356628,0.8315065503120422,0.9999146461486816,True,False,True,0.42882972955703735,0.42634332180023193
989,True,LEFT_THUMB,0.4112538695335388,0.4483342170715332,-0.38817259669303894,0.8439294695854187,0.9999198913574219,True,False,True,0.4112538695335388,0.4483342170715332
990,True,LEFT_THUMB,0.40076637268066406,0.48269349336624146,-0.4119967222213745,0.8575807809829712,0.9999194145202637,True,False,True,0.40076637268066406,0.48269349336624146
991,True,LEFT_THUMB,0.4054161310195923,0.5239955186843872,-0.4762208163738251,0.8708980083465576,0.9999657869338989,True,False,True,0.4054161310195923,0.5239955186843872
992,True,LEFT_THUMB,0.4462852478027344,0.5670443177223206,-0.45474690198898315,0.8818227648735046,0.9998923540115356,True,False,True,0.4462852478027344,0.5670443177223206
993,True,LEFT_THUMB,0.4870668351650238,0.5992223024368286,-0.4766923487186432,0.8866856694221497,0.9998134970664978,True,False,True,0.4870668351650238,0.5992223024368286
994,True,LEFT_THUMB,0.5426331162452698,0.591821014881134,-0.4737590253353119,0.8885071873664856,0.999407172203064,True,False,True,0.5426331162452698,0.591821014881134
995,True,LEFT_THUMB,0.6194817423820496,0.5675081014633179,-0.6369694471359253,0.8971885442733765,0.9990308284759521,True,False,True,0.6194817423820496,0.5675081014633179
996,True,LEFT_THUMB,0.6230202913284302,0.5642345547676086,-0.7256168127059937,0.906199038028717,0.9997982382774353,True,False,True,0.6230202913284302,0.5642345547676086
997,True,LEFT_THUMB,0.6456508636474609,0.5441322922706604,-0.4632815718650818,0.9136870503425598,0.9992432594299316,True,False,True,0.6456508636474609,0.5441322922706604
998,True,LEFT_THUMB,0.6394539475440979,0.5054822564125061,-0.7283871173858643,0.9210590124130249,0.9992761015892029,True,False,True,0.6394539475440979,0.5054822564125061
999,True,LEFT_THUMB,0.6285004615783691,0.4320870339870453,-0.8789584636688232,0.9199908375740051,0.9910446405410767,True,False,True,0.6285004615783691,0.4320870339870453
1000,True,LEFT_THUMB,0.6116311550140381,0.39622756838798523,-0.8052461743354797,0.9085514545440674,0.9954206347465515,True,False,True,0.6116311550140381,0.39622756838798523
1001,True,LEFT_THUMB,0.6046212315559387,0.36558881402015686,-0.16715487837791443,0.8679952621459961,0.9941613078117371,True,False,True,0.6046212315559387,0.36558881402015686
1002,True,LEFT_THUMB,0.5999842882156372,0.3729761242866516,-0.16094288229942322,0.8103539347648621,0.9890000224113464,True,False,True,0.5999842882156372,0.3729761242866516
1003,True,LEFT_THUMB,0.4180395007133484,0.29626449942588806,0.29962030053138733,0.8253337740898132,0.9968749284744263,True,False,True,0.4180395007133484,0.29626449942588806
1004,True,LEFT_THUMB,0.42413195967674255,0.3010154664516449,0.25257211923599243,0.8416181802749634,0.9991432428359985,True,False,True,0.42413195967674255,0.3010154664516449
1005,True,LEFT_THUMB,0.46888649463653564,0.5328198075294495,0.3724032938480377,0.7710295915603638,0.999563992023468,True,False,True,0.46888649463653564,0.5328198075294495
1006,True,LEFT_THUMB,0.481324166059494,0.5316429138183594,0.42139363288879395,0.699285626411438,0.9981346130371094,True,False,True,0.481324166059494,0.5316429138183594
1007,True,LEFT_THUMB,0.6351595520973206,0.5504987835884094,0.2223019003868103,0.640842080116272,0.9819023609161377,True,False,True,0.6351595520973206,0.5504987835884094
1008,True,LEFT_THUMB,0.6375424861907959,0.5707160830497742,0.15400683879852295,0.5950577259063721,0.9808518290519714,True,False,True,0.6375424861907959,0.5707160830497742
1009,True,LEFT_THUMB,0.6509417295455933,0.5364878177642822,0.20972499251365662,0.5619003176689148,0.9972856044769287,True,False,True,0.6509417295455933,0.5364878177642822
1010,True,LEFT_THUMB,0.6629600524902344,0.5240031480789185,0.3319600820541382,0.5338871479034424,0.9978499412536621,True,False,True,0.6629600524902344,0.5240031480789185
1011,True,LEFT_THUMB,0.6760373711585999,0.5128575563430786,0.4621015787124634,0.5153442025184631,0.9998435974121094,True,False,True,0.6760373711585999,0.5128575563430786
1012,True,LEFT_THUMB,0.6679099202156067,0.5087900161743164,0.3210241198539734,0.4899942874908447,0.9999240636825562,False,False,False,,
1013,True,LEFT_THUMB,0.6511871218681335,0.5528092384338379,0.3700054883956909,0.4696695804595947,0.9998486042022705,False,False,False,,
1014,True,LEFT_THUMB,0.6476640105247498,0.5527347922325134,0.40101730823516846,0.453196257352829,0.9998636245727539,False,False,False,,
1015,True,LEFT_THUMB,0.6422063112258911,0.5378305315971375,0.4246610701084137,0.4235946536064148,0.999808132648468,False,False,False,,
1016,True,LEFT_THUMB,0.6792258620262146,0.5136967301368713,0.6041844487190247,0.4016256034374237,0.9998672008514404,False,False,False,,
1017,True,LEFT_THUMB,0.6496848464012146,0.5083202123641968,0.6443600654602051,0.3664703369140625,0.9992546439170837,False,False,False,,
1018,True,LEFT_THUMB,0.5495787262916565,0.49826741218566895,0.5373202562332153,0.3335394859313965,0.9988372921943665,False,False,False,,
1019,True,LEFT_THUMB,0.4630567133426666,0.48368242383003235,0.5275648236274719,0.31219834089279175,0.9994797110557556,False,False,False,,
1020,True,LEFT_THUMB,0.43980908393859863,0.4723873734474182,0.3628928065299988,0.3089175224304199,0.9995996356010437,False,False,False,,
1021,True,LEFT_THUMB,0.42670613527297974,0.4521639049053192,0.3407941162586212,0.3302241563796997,0.9997850060462952,False,False,False,,
1022,True,LEFT_THUMB,0.4188350439071655,0.43703562021255493,0.3635309934616089,0.37592896819114685,0.9998620748519897,False,False,False,,
1023,True,LEFT_THUMB,0.4092406928539276,0.4264017939567566,0.3120080828666687,0.4276731014251709,0.9996854066848755,False,False,False,,
1024,True,LEFT_THUMB,0.4080390930175781,0.42242181301116943,0.2475230097770691,0.47797492146492004,0.999625563621521,False,False,False,,
1025,True,LEFT_THUMB,0.40746623277664185,0.4220561981201172,0.1878545731306076,0.5218096375465393,0.9985491633415222,True,False,True,0.40746623277664185,0.4220561981201172
1026,True,LEFT_THUMB,0.41451355814933777,0.4254102110862732,0.04359836131334305,0.5592955946922302,0.9986901879310608,True,False,True,0.41451355814933777,0.4254102110862732
1027,True,LEFT_THUMB,0.4228065311908722,0.4327457845211029,0.12582533061504364,0.5909308791160583,0.9986900687217712,True,False,True,0.4228065311908722,0.4327457845211029
1028,True,LEFT_THUMB,0.43336111307144165,0.4490094780921936,0.1829168200492859,0.6205255389213562,0.9996501207351685,True,False,True,0.43336111307144165,0.4490094780921936
1029,True,LEFT_THUMB,0.45244699716567993,0.46719464659690857,0.16421553492546082,0.6432939767837524,0.9994230270385742,True,False,True,0.45244699716567993,0.46719464659690857
1030,True,LEFT_THUMB,0.4827740490436554,0.4822385609149933,0.14023008942604065,0.6716618537902832,0.9998893737792969,True,False,True,0.4827740490436554,0.4822385609149933
1031,True,LEFT_THUMB,0.5175681114196777,0.5012749433517456,0.14818936586380005,0.6957420110702515,0.9998722076416016,True,False,True,0.5175681114196777,0.5012749433517456
1032,True,LEFT_THUMB,0.5570746064186096,0.5134260058403015,0.12610773742198944,0.6995500326156616,0.9998527765274048,True,False,True,0.5570746064186096,0.5134260058403015
1033,True,LEFT_THUMB,0.5878670811653137,0.5200862288475037,0.11906801909208298,0.6776162385940552,0.9997367262840271,True,False,True,0.5878670811653137,0.5200862288475037
1034,True,LEFT_THUMB,0.6183617115020752,0.5261687636375427,0.1254904717206955,0.6452873945236206,0.9993090629577637,True,False,True,0.6183617115020752,0.5261687636375427
1035,True,LEFT_THUMB,0.6538026928901672,0.5260613560676575,0.1390310674905777,0.6070631742477417,0.9992451667785645,True,False,True,0.6538026928901672,0.5260613560676575
1036,True,LEFT_THUMB,0.7164661884307861,0.5160911679267883,0.1771358698606491,0.559533953666687,0.9988402724266052,True,False,True,0.7164661884307861,0.5160911679267883
1037,True,LEFT_THUMB,0.786697268486023,0.4988996386528015,0.2143140435218811,0.5100235342979431,0.9991567134857178,True,False,True,0.786697268486023,0.4988996386528015
1038,True,LEFT_THUMB,0.8137337565422058,0.5015437006950378,0.25559094548225403,0.46611833572387695,0.9988905787467957,False,False,False,,
1039,True,LEFT_THUMB,0.8339195847511292,0.49970439076423645,0.2848358154296875,0.4259434938430786,0.9991137385368347,False,False,False,,
1040,True,LEFT_THUMB,0.8097738027572632,0.4996854066848755,0.25446638464927673,0.3868163228034973,0.9963317513465881,False,False,False,,
1041,True,LEFT_THUMB,0.8385286331176758,0.49121034145355225,0.29989534616470337,0.35253122448921204,0.9951372742652893,False,False,False,,
1042,True,LEFT_THUMB,0.8495697975158691,0.483856201171875,0.30527055263519287,0.32088249921798706,0.9955816864967346,False,False,False,,
1043,True,LEFT_THUMB,0.8697494864463806,0.46460413932800293,0.2933078408241272,0.29394105076789856,0.9966555833816528,False,False,False,,
1044,True,LEFT_THUMB,0.899844229221344,0.46184614300727844,0.19813096523284912,0.27582454681396484,0.9979994893074036,False,False,False,,
1045,True,LEFT_THUMB,0.8641617894172668,0.4706982970237732,0.16860729455947876,0.26779741048812866,0.9994432330131531,False,False,False,,
1046,True,LEFT_THUMB,0.9418250322341919,0.37814342975616455,0.45480865240097046,0.25764745473861694,0.9983525276184082,False,False,False,,
1047,True,LEFT_THUMB,0.8909941911697388,0.47063612937927246,0.19325263798236847,0.24736425280570984,0.9959942102432251,False,False,False,,
1048,True,LEFT_THUMB,0.9505735039710999,0.47141724824905396,0.21895037591457367,0.24064487218856812,0.9951895475387573,False,False,False,,
1049,True,LEFT_THUMB,0.9007141590118408,0.4914277195930481,0.23822247982025146,0.2307395040988922,0.9766930937767029,False,False,False,,
1050,True,LEFT_THUMB,0.908440351486206,0.3175068795681,0.3507932722568512,0.22342734038829803,0.9542036056518555,False,False,False,,
1051,True,LEFT_THUMB,0.9074128270149231,0.2678583264350891,0.3210389316082001,0.22704249620437622,0.9491415619850159,False,False,False,,
1052,True,LEFT_THUMB,0.8977312445640564,0.4714393615722656,0.21848618984222412,0.20995543897151947,0.972534716129303,False,False,False,,
1053,True,LEFT_THUMB,0.9148277044296265,0.46893519163131714,0.16645634174346924,0.1921118199825287,0.8350318670272827,False,False,False,,
1054,False,LEFT_THUMB,,,,,,False,False,False,,
1055,True,LEFT_THUMB,0.9093488454818726,0.13528099656105042,0.15425866842269897,0.2301281839609146,0.9993783235549927,False,False,False,,
1056,True,LEFT_THUMB,0.9432443380355835,0.16991354525089264,-0.2806319296360016,0.2551686465740204,0.9865886569023132,False,False,False,,
1057,True,LEFT_THUMB,0.9656791687011719,0.17274866998195648,-0.2556747496128082,0.2723824083805084,0.9785513281822205,False,False,False,,
1058,True,LEFT_THUMB,0.9573848843574524,0.17348560690879822,-0.2962176501750946,0.30060598254203796,0.9948046803474426,False,False,False,,
1059,True,LEFT_THUMB,0.9678677320480347,0.16754107177257538,-0.332195907831192,0.3298932909965515,0.9943090677261353,False,False,False,,
1060,True,LEFT_THUMB,0.9661600589752197,0.17312714457511902,-0.3801043927669525,0.3595564067363739,0.990752100944519,False,False,False,,
1061,True,LEFT_THUMB,0.9608638882637024,0.1716969609260559,-0.3245851397514343,0.4136285185813904,0.9995718598365784,False,False,False,,
1062,True,LEFT_THUMB,0.957435131072998,0.16928672790527344,-0.3080976903438568,0.4658559560775757,0.9998089671134949,False,False,False,,
1063,True,LEFT_THUMB,0.9563844203948975,0.1685364544391632,-0.3294062316417694,0.5043227672576904,0.9996398687362671,True,False,True,0.9563844203948975,0.1685364544391632
1064,True,LEFT_THUMB,0.9390988349914551,0.16969335079193115,-0.36250537633895874,0.5260009169578552,0.9991201758384705,True,False,True,0.9390988349914551,0.16969335079193115
1065,True,LEFT_THUMB,0.9312683343887329,0.18480351567268372,-0.40384092926979065,0.5590497255325317,0.9995463490486145,True,False,True,0.9312683343887329,0.18480351567268372
975,True,LEFT_WRIST,0.4557017982006073,0.32919275760650635,0.009996186010539532,0.9170965552330017,0.9999583959579468,True,False,True,0.4557017982006073,0.32919275760650635
976,True,LEFT_WRIST,0.4539967477321625,0.32805994153022766,0.07215985655784607,0.9187982082366943,0.9999715089797974,True,False,True,0.4539967477321625,0.32805994153022766
977,True,LEFT_WRIST,0.4533900022506714,0.32699453830718994,-0.1318332552909851,0.9236975908279419,0.9999876022338867,True,False,True,0.4533900022506714,0.32699453830718994
978,True,LEFT_WRIST,0.4489007294178009,0.3271956741809845,-0.10759446024894714,0.9274669289588928,0.9999713897705078,True,False,True,0.4489007294178009,0.3271956741809845
979,True,LEFT_WRIST,0.4448995590209961,0.32721760869026184,-0.03576832637190819,0.929451584815979,0.9999686479568481,True,False,True,0.4448995590209961,0.32721760869026184
980,True,LEFT_WRIST,0.44306764006614685,0.32741302251815796,-0.03741159662604332,0.9294210076332092,0.9999496936798096,True,False,True,0.44306764006614685,0.32741302251815796
981,True,LEFT_WRIST,0.44017496705055237,0.32787278294563293,-0.07566455751657486,0.9293916821479797,0.9999493360519409,True,False,True,0.44017496705055237,0.32787278294563293
982,True,LEFT_WRIST,0.4393307864665985,0.3301118314266205,-0.116513691842556,0.929518461227417,0.9999560117721558,True,False,True,0.4393307864665985,0.3301118314266205
983,True,LEFT_WRIST,0.43495118618011475,0.3392106294631958,-0.0849578008055687,0.928324818611145,0.9998753070831299,True,False,True,0.43495118618011475,0.3392106294631958
984,True,LEFT_WRIST,0.433182954788208,0.3550862669944763,-0.08259129524230957,0.9283190369606018,0.9998732805252075,True,False,True,0.433182954788208,0.3550862669944763
985,True,LEFT_WRIST,0.43422356247901917,0.37138548493385315,0.026882410049438477,0.9255145788192749,0.9998724460601807,True,False,True,0.43422356247901917,0.37138548493385315
986,True,LEFT_WRIST,0.43613556027412415,0.38416600227355957,0.0006336827646009624,0.9287276864051819,0.9999362230300903,True,False,True,0.43613556027412415,0.38416600227355957
987,True,LEFT_WRIST,0.439148485660553,0.40344101190567017,-0.010073363780975342,0.9321042895317078,0.9999247789382935,True,False,True,0.439148485660553,0.40344101190567017
988,True,LEFT_WRIST,0.4379301369190216,0.43471720814704895,-0.18262188136577606,0.9368555545806885,0.9998875856399536,True,False,True,0.4379301369190216,0.43471720814704895
989,True,LEFT_WRIST,0.42843198776245117,0.45534875988960266,-0.3982295095920563,0.9423940181732178,0.9998940229415894,True,False,True,0.42843198776245117,0.45534875988960266
990,True,LEFT_WRIST,0.42290356755256653,0.4847588837146759,-0.4207221567630768,0.9478564858436584,0.9999207258224487,True,False,True,0.42290356755256653,0.4847588837146759
991,True,LEFT_WRIST,0.42496323585510254,0.5213549137115479,-0.48119664192199707,0.9529528021812439,0.9999735355377197,True,False,True,0.42496323585510254,0.5213549137115479
992,True,LEFT_WRIST,0.4605679512023926,0.5580625534057617,-0.45769912004470825,0.9572718739509583,0.9999145269393921,True,False,True,0.4605679512023926,0.5580625534057617
993,True,LEFT_WRIST,0.4925748109817505,0.585228681564331,-0.4756876230239868,0.9592267870903015,0.9998462200164795,True,False,True,0.4925748109817505,0.585228681564331
994,True,LEFT_WRIST,0.556270956993103,0.5791773200035095,-0.46773481369018555,0.9599008560180664,0.9995552897453308,True,False,True,0.556270956993103,0.5791773200035095
995,True,LEFT_WRIST,0.6282585263252258,0.5544564723968506,-0.623595118522644,0.963356077671051,0.9993302822113037,True,False,True,0.6282585263252258,0.5544564723968506
996,True,LEFT_WRIST,0.6316352486610413,0.5512961149215698,-0.7117077708244324,0.9667627215385437,0.9998542070388794,True,False,True,0.6316352486610413,0.5512961149215698
997,True,LEFT_WRIST,0.6548790335655212,0.5347147583961487,-0.45495879650115967,0.9697193503379822,0.9995443224906921,True,False,True,0.6548790335655212,0.5347147583961487
998,True,LEFT_WRIST,0.6545215249061584,0.49232739210128784,-0.7245915532112122,0.97257000207901,0.9995720982551575,True,False,True,0.6545215249061584,0.49232739210128784
999,True,LEFT_WRIST,0.6331115961074829,0.4374474287033081,-0.8697545528411865,0.9724665880203247,0.9924530386924744,True,False,True,0.6331115961074829,0.4374474287033081
1000,True,LEFT_WRIST,0.6175991296768188,0.40533071756362915,-0.8027830123901367,0.9665089845657349,0.9965577721595764,True,False,True,0.6175991296768188,0.40533071756362915
1001,True,LEFT_WRIST,0.6030094623565674,0.37112635374069214,-0.16790373623371124,0.9195384383201599,0.9952149391174316,True,False,True,0.6030094623565674,0.37112635374069214
1002,True,LEFT_WRIST,0.5984976291656494,0.3929898142814636,-0.16519103944301605,0.8557816743850708,0.9898242354393005,True,False,True,0.5984976291656494,0.3929898142814636
1003,True,LEFT_WRIST,0.4200092554092407,0.30538129806518555,0.29255032539367676,0.8694497346878052,0.9982359409332275,True,False,True,0.4200092554092407,0.30538129806518555
1004,True,LEFT_WRIST,0.4258173108100891,0.3183172941207886,0.2393069565296173,0.8823166489601135,0.999421238899231,True,False,True,0.4258173108100891,0.3183172941207886
1005,True,LEFT_WRIST,0.4628708064556122,0.5257258415222168,0.36575549840927124,0.8114404082298279,0.9995463490486145,True,False,True,0.4628708064556122,0.5257258415222168
1006,True,LEFT_WRIST,0.4846828877925873,0.5255141854286194,0.4154554307460785,0.7355329394340515,0.9981297850608826,True,False,True,0.4846828877925873,0.5255141854286194
1007,True,LEFT_WRIST,0.6202385425567627,0.5423631072044373,0.22706536948680878,0.6707572340965271,0.9789454340934753,True,False,True,0.6202385425567627,0.5423631072044373
1008,True,LEFT_WRIST,0.6299519538879395,0.5622305870056152,0.15740081667900085,0.615682065486908,0.9773134589195251,True,False,True,0.6299519538879395,0.5622305870056152
1009,True,LEFT_WRIST,0.6381388902664185,0.5300433039665222,0.2141745388507843,0.5723654627799988,0.9969372749328613,True,False,True,0.6381388902664185,0.5300433039665222
1010,True,LEFT_WRIST,0.6461836099624634,0.5210891366004944,0.33164554834365845,0.535969614982605,0.9977619647979736,True,False,True,0.6461836099624634,0.5210891366004944
1011,True,LEFT_WRIST,0.6571686863899231,0.5114498138427734,0.4637855589389801,0.5100679993629456,0.9998377561569214,True,False,True,0.6571686863899231,0.5114498138427734
1012,True,LEFT_WRIST,0.6494293212890625,0.5100145936012268,0.32306456565856934,0.4808083474636078,0.9999074935913086,False,False,False,,
1013,True,LEFT_WRIST,0.604345440864563,0.5491355657577515,0.38128119707107544,0.45810267329216003,0.9998687505722046,False,False,False,,
1014,True,LEFT_WRIST,0.6042640209197998,0.5503427982330322,0.41203898191452026,0.4376871585845947,0.9998927116394043,False,False,False,,
1015,True,LEFT_WRIST,0.6233246326446533,0.5368154644966125,0.4291647672653198,0.40640124678611755,0.9998654127120972,False,False,False,,
1016,True,LEFT_WRIST,0.6618052124977112,0.5099136829376221,0.6075424551963806,0.37992799282073975,0.9999067783355713,False,False,False,,
1017,True,LEFT_WRIST,0.6393102407455444,0.503424882888794,0.6494069695472717,0.3444439470767975,0.999428927898407,False,False,False,,
1018,True,LEFT_WRIST,0.5456324815750122,0.4916124939918518,0.5434328317642212,0.3118899166584015,0.9991011619567871,False,False,False,,
1019,True,LEFT_WRIST,0.46917128562927246,0.4699067771434784,0.5065129399299622,0.2899326980113983,0.9996417760848999,False,False,False,,
1020,True,LEFT_WRIST,0.4439573884010315,0.4589473009109497,0.36610227823257446,0.2903021275997162,0.9997068047523499,False,False,False,,
1021,True,LEFT_WRIST,0.4311951994895935,0.4384414553642273,0.3427758812904358,0.3295161724090576,0.9998570680618286,False,False,False,,
1022,True,LEFT_WRIST,0.42862141132354736,0.4281863868236542,0.35503676533699036,0.3891788423061371,0.9999102354049683,False,False,False,,
1023,True,LEFT_WRIST,0.4206732213497162,0.41709285974502563,0.30964168906211853,0.4478083848953247,0.9997922778129578,False,False,False,,
1024,True,LEFT_WRIST,0.4177805185317993,0.41166579723358154,0.24615219235420227,0.5015683770179749,0.9997382760047913,True,False,True,0.4177805185317993,0.41166579723358154
1025,True,LEFT_WRIST,0.4189598262310028,0.41077369451522827,0.18695367872714996,0.5497725009918213,0.9989209175109863,True,False,True,0.4189598262310028,0.41077369451522827
1026,True,LEFT_WRIST,0.4264606237411499,0.41421836614608765,0.0428176112473011,0.5927512645721436,0.999017596244812,True,False,True,0.4264606237411499,0.41421836614608765
1027,True,LEFT_WRIST,0.4344569742679596,0.42266133427619934,0.12346124649047852,0.6307798027992249,0.9990100860595703,True,False,True,0.4344569742679596,0.42266133427619934
1028,True,LEFT_WRIST,0.44267183542251587,0.43566569685935974,0.1813421994447708,0.6652591228485107,0.9997720122337341,True,False,True,0.44267183542251587,0.43566569685935974
1029,True,LEFT_WRIST,0.4594229757785797,0.4545583724975586,0.16296055912971497,0.6952319145202637,0.9996281862258911,True,False,True,0.4594229757785797,0.4545583724975586
1030,True,LEFT_WRIST,0.48712724447250366,0.4685102701187134,0.1390399932861328,0.7244041562080383,0.9999343156814575,True,False,True,0.48712724447250366,0.4685102701187134
1031,True,LEFT_WRIST,0.5188090205192566,0.4864317774772644,0.14902453124523163,0.7502300143241882,0.9999275207519531,True,False,True,0.5188090205192566,0.4864317774772644
1032,True,LEFT_WRIST,0.5540406703948975,0.5001680254936218,0.13129083812236786,0.7666775584220886,0.9999189376831055,True,False,True,0.5540406703948975,0.5001680254936218
1033,True,LEFT_WRIST,0.5816555023193359,0.5054846405982971,0.12710659205913544,0.764047384262085,0.9998378753662109,True,False,True,0.5816555023193359,0.5054846405982971
1034,True,LEFT_WRIST,0.6094197034835815,0.5112005472183228,0.13570921123027802,0.7454760670661926,0.9995563626289368,True,False,True,0.6094197034835815,0.5112005472183228
1035,True,LEFT_WRIST,0.6444029808044434,0.5124595761299133,0.147894024848938,0.7120445966720581,0.9995317459106445,True,False,True,0.6444029808044434,0.5124595761299133
1036,True,LEFT_WRIST,0.7017792463302612,0.5025162100791931,0.19131338596343994,0.6583463549613953,0.9991683959960938,True,False,True,0.7017792463302612,0.5025162100791931
1037,True,LEFT_WRIST,0.7643126845359802,0.49345168471336365,0.22887592017650604,0.598563551902771,0.9993008375167847,True,False,True,0.7643126845359802,0.49345168471336365
1038,True,LEFT_WRIST,0.7947399616241455,0.49459004402160645,0.26870909333229065,0.5449721813201904,0.9991409778594971,True,False,True,0.7947399616241455,0.49459004402160645
1039,True,LEFT_WRIST,0.8136847615242004,0.49427366256713867,0.29616618156433105,0.49593406915664673,0.999288022518158,False,False,False,,
1040,True,LEFT_WRIST,0.7944508194923401,0.49381309747695923,0.2661096751689911,0.4491434693336487,0.9966450333595276,False,False,False,,
1041,True,LEFT_WRIST,0.8293511867523193,0.4879407584667206,0.3154464364051819,0.4079013764858246,0.9956216216087341,False,False,False,,
1042,True,LEFT_WRIST,0.831436812877655,0.479879766702652,0.3204723596572876,0.37026599049568176,0.9957921504974365,False,False,False,,
1043,True,LEFT_WRIST,0.8487652540206909,0.46155455708503723,0.30856505036354065,0.3376573920249939,0.9968468546867371,False,False,False,,
1044,True,LEFT_WRIST,0.8781489133834839,0.46424299478530884,0.21846376359462738,0.3144536018371582,0.9981817007064819,False,False,False,,
1045,True,LEFT_WRIST,0.8506028056144714,0.4678161144256592,0.1861376017332077,0.3031832277774811,0.9995567202568054,False,False,False,,
1046,True,LEFT_WRIST,0.9353902339935303,0.38379570841789246,0.46056249737739563,0.29090672731399536,0.9984903335571289,False,False,False,,
1047,True,LEFT_WRIST,0.8927251696586609,0.4638274610042572,0.20950660109519958,0.27820920944213867,0.9968722462654114,False,False,False,,
1048,True,LEFT_WRIST,0.9452781081199646,0.4699113667011261,0.23408643901348114,0.26764732599258423,0.9964073300361633,False,False,False,,
1049,True,LEFT_WRIST,0.9014408588409424,0.482260525226593,0.25256749987602234,0.2544384300708771,0.980154812335968,False,False,False,,
1050,True,LEFT_WRIST,0.900925874710083,0.3264564275741577,0.362098753452301,0.2417776882648468,0.9643222093582153,False,False,False,,
1051,True,LEFT_WRIST,0.8956862092018127,0.2787960469722748,0.3343565762042999,0.23887936770915985,0.9616605043411255,False,False,False,,
1052,True,LEFT_WRIST,0.889161229133606,0.4575324058532715,0.2377411276102066,0.2194242924451828,0.9727050065994263,False,False,False,,
1053,True,LEFT_WRIST,0.9045038223266602,0.47176530957221985,0.18448670208454132,0.19922122359275818,0.8018620014190674,False,False,False,,
1054,False,LEFT_WRIST,,,,,,False,False,False,,
1055,True,LEFT_WRIST,0.9179432988166809,0.1450710892677307,0.15086565911769867,0.24975556135177612,0.9995549321174622,False,False,False,,
1056,True,LEFT_WRIST,0.9469135999679565,0.17942635715007782,-0.27005043625831604,0.27655622363090515,0.9855491518974304,False,False,False,,
1057,True,LEFT_WRIST,0.9687653183937073,0.18980935215950012,-0.24221915006637573,0.28715914487838745,0.9743072390556335,False,False,False,,
1058,True,LEFT_WRIST,0.9587236046791077,0.18952438235282898,-0.2827877700328827,0.31439346075057983,0.9931509494781494,False,False,False,,
1059,True,LEFT_WRIST,0.9696741104125977,0.18269869685173035,-0.3165026009082794,0.34214529395103455,0.9925895929336548,False,False,False,,
1060,True,LEFT_WRIST,0.9646094441413879,0.18193092942237854,-0.3618563115596771,0.36810392141342163,0.9894207715988159,False,False,False,,
1061,True,LEFT_WRIST,0.9594089984893799,0.18252621591091156,-0.30985891819000244,0.4231811463832855,0.999548614025116,False,False,False,,
1062,True,LEFT_WRIST,0.9567971229553223,0.1811438798904419,-0.2948805093765259,0.47665026783943176,0.9997977614402771,False,False,False,,
1063,True,LEFT_WRIST,0.9484886527061462,0.18018409609794617,-0.3150706887245178,0.5177130103111267,0.9995835423469543,True,False,True,0.9484886527061462,0.18018409609794617
1064,True,LEFT_WRIST,0.9368284940719604,0.18021763861179352,-0.35135477781295776,0.5462536215782166,0.9987723231315613,True,False,True,0.9368284940719604,0.18021763861179352
1065,True,LEFT_WRIST,0.9312108159065247,0.18883909285068512,-0.38854268193244934,0.5809587836265564,0.9994571805000305,True,False,True,0.9312108159065247,0.18883909285068512
975,True,MOUTH_LEFT,0.4952353537082672,0.3022634983062744,-0.05147542431950569,0.9999302625656128,0.9999731779098511,True,False,True,0.4952353537082672,0.3022634983062744
976,True,MOUTH_LEFT,0.49345871806144714,0.3009743094444275,-0.029902217909693718,0.9999357461929321,0.9999920129776001,True,False,True,0.49345871806144714,0.3009743094444275
977,True,MOUTH_LEFT,0.4931996464729309,0.30239781737327576,-0.14454245567321777,0.9999414682388306,0.9999982118606567,True,False,True,0.4931996464729309,0.30239781737327576
978,True,MOUTH_LEFT,0.48896074295043945,0.3037804663181305,-0.1390334665775299,0.9999455809593201,0.9999936819076538,True,False,True,0.48896074295043945,0.3037804663181305
979,True,MOUTH_LEFT,0.4828876256942749,0.3044382333755493,-0.11918319016695023,0.9999488592147827,0.9999960660934448,True,False,True,0.4828876256942749,0.3044382333755493
980,True,MOUTH_LEFT,0.4789165258407593,0.3044933080673218,-0.10750818997621536,0.9999520778656006,0.9999947547912598,True,False,True,0.4789165258407593,0.3044933080673218
981,True,MOUTH_LEFT,0.4768519699573517,0.30466723442077637,-0.10427238792181015,0.9999549984931946,0.9999960660934448,True,False,True,0.4768519699573517,0.30466723442077637
982,True,MOUTH_LEFT,0.4755017161369324,0.30509600043296814,-0.14835111796855927,0.999956488609314,0.9999927282333374,True,False,True,0.4755017161369324,0.30509600043296814
983,True,MOUTH_LEFT,0.4755130112171173,0.3050921857357025,-0.13145725429058075,0.9999558329582214,0.9999741315841675,True,False,True,0.4755130112171173,0.3050921857357025
984,True,MOUTH_LEFT,0.4762762188911438,0.3051474392414093,-0.1412138193845749,0.9999544024467468,0.9999411106109619,True,False,True,0.4762762188911438,0.3051474392414093
985,True,MOUTH_LEFT,0.4738508462905884,0.3071259558200836,-0.08067508786916733,0.9999500513076782,0.9999206066131592,True,False,True,0.4738508462905884,0.3071259558200836
986,True,MOUTH_LEFT,0.4722793996334076,0.31118205189704895,-0.07721304148435593,0.9999536275863647,0.9999669790267944,True,False,True,0.4722793996334076,0.31118205189704895
987,True,MOUTH_LEFT,0.4717475473880768,0.31470707058906555,-0.07222545892000198,0.9999572038650513,0.9999716281890869,True,False,True,0.4717475473880768,0.31470707058906555
988,True,MOUTH_LEFT,0.47202932834625244,0.32050931453704834,-0.06562910228967667,0.9999501705169678,0.9998849630355835,True,False,True,0.47202932834625244,0.32050931453704834
989,True,MOUTH_LEFT,0.471317321062088,0.3300447165966034,-0.10264768451452255,0.9999381899833679,0.9998946189880371,True,False,True,0.471317321062088,0.3300447165966034
990,True,MOUTH_LEFT,0.47099316120147705,0.34227436780929565,-0.08850643038749695,0.9999373555183411,0.9999685287475586,True,False,True,0.47099316120147705,0.34227436780929565
991,True,MOUTH_LEFT,0.4704420864582062,0.35750946402549744,-0.16217966377735138,0.9999400973320007,0.9999879598617554,True,False,True,0.4704420864582062,0.35750946402549744
992,True,MOUTH_LEFT,0.46987149119377136,0.36674565076828003,-0.16962507367134094,0.9999426007270813,0.9999873638153076,True,False,True,0.46987149119377136,0.36674565076828003
993,True,MOUTH_LEFT,0.4689987003803253,0.3734273612499237,-0.22665531933307648,0.9999332427978516,0.9999641180038452,True,False,True,0.4689987003803253,0.3734273612499237
994,True,MOUTH_LEFT,0.46832841634750366,0.38305652141571045,-0.21713465452194214,0.9999120831489563,0.9999444484710693,True,False,True,0.46832841634750366,0.38305652141571045
995,True,MOUTH_LEFT,0.46830418705940247,0.39082759618759155,-0.3474190831184387,0.9998880624771118,0.99997878074646,True,False,True,0.46830418705940247,0.39082759618759155
996,True,MOUTH_LEFT,0.47007498145103455,0.3934575617313385,-0.37604010105133057,0.9998878836631775,0.9999957084655762,True,False,True,0.47007498145103455,0.3934575617313385
997,True,MOUTH_LEFT,0.4728239178657532,0.3980759084224701,-0.3781830966472626,0.9998278617858887,0.9999076128005981,True,False,True,0.4728239178657532,0.3980759084224701
998,True,MOUTH_LEFT,0.48044639825820923,0.40067318081855774,-0.32317230105400085,0.9997774362564087,0.9999364614486694,True,False,True,0.48044639825820923,0.40067318081855774
999,True,MOUTH_LEFT,0.48600101470947266,0.3953171968460083,-0.2958357036113739,0.9989005923271179,0.9995661377906799,True,False,True,0.48600101470947266,0.3953171968460083
1000,True,MOUTH_LEFT,0.4932827055454254,0.39090049266815186,-0.07749816030263901,0.9981064796447754,0.9974650144577026,True,False,True,0.4932827055454254,0.39090049266815186
1001,True,MOUTH_LEFT,0.5341710448265076,0.4013534486293793,0.5536049008369446,0.9968509078025818,0.9999960660934448,True,False,True,0.5341710448265076,0.4013534486293793
1002,True,MOUTH_LEFT,0.5409538149833679,0.40064817667007446,0.508159875869751,0.9961622357368469,0.9999927282333374,True,False,True,0.5409538149833679,0.40064817667007446
1003,True,MOUTH_LEFT,0.5996540784835815,0.41680291295051575,0.6076082587242126,0.9768938422203064,0.9999728202819824,True,False,True,0.5996540784835815,0.41680291295051575
1004,True,MOUTH_LEFT,0.6223980188369751,0.43432310223579407,0.49907609820365906,0.9783612489700317,0.999990701675415,True,False,True,0.6223980188369751,0.43432310223579407
1005,True,MOUTH_LEFT,0.6284090280532837,0.4459356367588043,0.47465789318084717,0.9804982542991638,0.9999959468841553,True,False,True,0.6284090280532837,0.4459356367588043
1006,True,MOUTH_LEFT,0.6292211413383484,0.4435413181781769,0.4457552134990692,0.9823581576347351,0.999977707862854,True,False,True,0.6292211413383484,0.4435413181781769
1007,True,MOUTH_LEFT,0.625918447971344,0.43555980920791626,0.46790453791618347,0.9827185273170471,0.9996441602706909,True,False,True,0.625918447971344,0.43555980920791626
1008,True,MOUTH_LEFT,0.629654586315155,0.43190962076187134,0.55466628074646,0.9842199087142944,0.9998607635498047,True,False,True,0.629654586315155,0.43190962076187134
1009,True,MOUTH_LEFT,0.6415007710456848,0.43479979038238525,0.5214014649391174,0.9855882525444031,0.9999212026596069,True,False,True,0.6415007710456848,0.43479979038238525
1010,True,MOUTH_LEFT,0.6484184861183167,0.44133299589157104,0.5692123770713806,0.9866248965263367,0.9998389482498169,True,False,True,0.6484184861183167,0.44133299589157104
1011,True,MOUTH_LEFT,0.6594709157943726,0.44576501846313477,0.4878651797771454,0.9879461526870728,0.9999786615371704,True,False,True,0.6594709157943726,0.44576501846313477
1012,True,MOUTH_LEFT,0.6627400517463684,0.44440242648124695,0.4733571708202362,0.9891456365585327,0.9999839067459106,True,False,True,0.6627400517463684,0.44440242648124695
1013,True,MOUTH_LEFT,0.6701579689979553,0.4418744742870331,0.35586440563201904,0.9902133941650391,0.9999618530273438,True,False,True,0.6701579689979553,0.4418744742870331
1014,True,MOUTH_LEFT,0.6781458258628845,0.431638240814209,0.3243982791900635,0.991186797618866,0.9999704360961914,True,False,True,0.6781458258628845,0.431638240814209
1015,True,MOUTH_LEFT,0.6779018640518188,0.41716212034225464,0.2877657115459442,0.9920646548271179,0.9999727010726929,True,False,True,0.6779018640518188,0.41716212034225464
1016,True,MOUTH_LEFT,0.6762400269508362,0.4033198356628418,0.3625353276729584,0.9928482174873352,0.9999691247940063,True,False,True,0.6762400269508362,0.4033198356628418
1017,True,MOUTH_LEFT,0.6745316982269287,0.3847469091415405,0.5130680203437805,0.993485152721405,0.999937891960144,True,False,True,0.6745316982269287,0.3847469091415405
1018,True,MOUTH_LEFT,0.6720489263534546,0.37097907066345215,0.6101696491241455,0.9939957857131958,0.9999728202819824,True,False,True,0.6720489263534546,0.37097907066345215
1019,True,MOUTH_LEFT,0.67088782787323,0.3593502640724182,0.6944036483764648,0.9945383071899414,0.9999973773956299,True,False,True,0.67088782787323,0.3593502640724182
1020,True,MOUTH_LEFT,0.6714462637901306,0.349994421005249,0.6169331073760986,0.9950374364852905,0.9999951124191284,True,False,True,0.6714462637901306,0.349994421005249
1021,True,MOUTH_LEFT,0.674483597278595,0.34649261832237244,0.5903958082199097,0.9955257177352905,0.9999971389770508,True,False,True,0.674483597278595,0.34649261832237244
1022,True,MOUTH_LEFT,0.6763997673988342,0.3397112190723419,0.5748879909515381,0.9959631562232971,0.9999948740005493,True,False,True,0.6763997673988342,0.3397112190723419
1023,True,MOUTH_LEFT,0.6757203340530396,0.33781349658966064,0.5381160974502563,0.9963541626930237,0.9999866485595703,True,False,True,0.6757203340530396,0.33781349658966064
1024,True,MOUTH_LEFT,0.6754645109176636,0.3347146809101105,0.4670175015926361,0.9966866970062256,0.9999595880508423,True,False,True,0.6754645109176636,0.3347146809101105
1025,True,MOUTH_LEFT,0.678154706954956,0.32875803112983704,0.38135427236557007,0.9969419240951538,0.9998083710670471,True,False,True,0.678154706954956,0.32875803112983704
1026,True,MOUTH_LEFT,0.6817411780357361,0.32544514536857605,0.3057192862033844,0.9972044825553894,0.999901533126831,True,False,True,0.6817411780357361,0.32544514536857605
1027,True,MOUTH_LEFT,0.6848294734954834,0.32361873984336853,0.3520074784755707,0.9974338412284851,0.9999083280563354,True,False,True,0.6848294734954834,0.32361873984336853
1028,True,MOUTH_LEFT,0.6883428692817688,0.3236023485660553,0.3964366316795349,0.9976752400398254,0.999982476234436,True,False,True,0.6883428692817688,0.3236023485660553
1029,True,MOUTH_LEFT,0.6925922632217407,0.32364821434020996,0.3954453766345978,0.9978991746902466,0.9999806880950928,True,False,True,0.6925922632217407,0.32364821434020996
1030,True,MOUTH_LEFT,0.7012311220169067,0.3227238357067108,0.36916831135749817,0.9981065392494202,0.9999960660934448,True,False,True,0.7012311220169067,0.3227238357067108
1031,True,MOUTH_LEFT,0.7094531059265137,0.32391253113746643,0.355271577835083,0.9982925653457642,0.9999933242797852,True,False,True,0.7094531059265137,0.32391253113746643
1032,True,MOUTH_LEFT,0.7165589332580566,0.3251360058784485,0.30566418170928955,0.9984617233276367,0.9999895095825195,True,False,True,0.7165589332580566,0.3251360058784485
1033,True,MOUTH_LEFT,0.7284036874771118,0.3215828835964203,0.24342936277389526,0.9986134767532349,0.9999783039093018,True,False,True,0.7284036874771118,0.3215828835964203
1034,True,MOUTH_LEFT,0.743287205696106,0.3195958435535431,0.22884401679039001,0.9987480044364929,0.9999610185623169,True,False,True,0.743287205696106,0.3195958435535431
1035,True,MOUTH_LEFT,0.752461314201355,0.31676486134529114,0.23500050604343414,0.9988658428192139,0.99994957447052,True,False,True,0.752461314201355,0.31676486134529114
1036,True,MOUTH_LEFT,0.762233316898346,0.31305667757987976,0.23033471405506134,0.9989644289016724,0.9999289512634277,True,False,True,0.762233316898346,0.31305667757987976
1037,True,MOUTH_LEFT,0.7716214060783386,0.30913862586021423,0.2250579595565796,0.9990193843841553,0.99983811378479,True,False,True,0.7716214060783386,0.30913862586021423
1038,True,MOUTH_LEFT,0.7841588854789734,0.3071555495262146,0.20047834515571594,0.9989528059959412,0.999792754650116,True,False,True,0.7841588854789734,0.3071555495262146
1039,True,MOUTH_LEFT,0.7966764569282532,0.3054578900337219,0.19688019156455994,0.9988442063331604,0.9998067021369934,True,False,True,0.7966764569282532,0.3054578900337219
1040,True,MOUTH_LEFT,0.8036688566207886,0.3028239905834198,0.22121669352054596,0.9987382292747498,0.9994193315505981,True,False,True,0.8036688566207886,0.3028239905834198
1041,True,MOUTH_LEFT,0.8208779096603394,0.3011346757411957,0.2315298467874527,0.9985685348510742,0.9991658926010132,True,False,True,0.8208779096603394,0.3011346757411957
1042,True,MOUTH_LEFT,0.8401778340339661,0.2992042899131775,0.22911174595355988,0.9985164999961853,0.9991815686225891,True,False,True,0.8401778340339661,0.2992042899131775
1043,True,MOUTH_LEFT,0.8633376359939575,0.30004817247390747,0.14269483089447021,0.9985657930374146,0.9991046786308289,True,False,True,0.8633376359939575,0.30004817247390747
1044,True,MOUTH_LEFT,0.8773139119148254,0.3007964491844177,0.1572204828262329,0.9986357688903809,0.9992567896842957,True,False,True,0.8773139119148254,0.3007964491844177
1045,True,MOUTH_LEFT,0.8742174506187439,0.3010278642177582,0.18045125901699066,0.9987278580665588,0.9995108842849731,True,False,True,0.8742174506187439,0.3010278642177582
1046,True,MOUTH_LEFT,0.9064614772796631,0.2933990955352783,-0.065534807741642,0.9988410472869873,0.9986691474914551,True,False,True,0.9064614772796631,0.2933990955352783
1047,True,MOUTH_LEFT,0.9208167195320129,0.29737964272499084,0.028821224346756935,0.9987393021583557,0.9934629201889038,True,False,True,0.9208167195320129,0.29737964272499084
1048,True,MOUTH_LEFT,0.9458449482917786,0.29814577102661133,0.0589708611369133,0.9984930157661438,0.9812674522399902,True,False,True,0.9458449482917786,0.29814577102661133
1049,True,MOUTH_LEFT,0.9585344195365906,0.31283149123191833,0.30684012174606323,0.9773459434509277,0.8839555978775024,True,False,True,0.9585344195365906,0.31283149123191833
1050,True,MOUTH_LEFT,0.9607767462730408,0.308713436126709,0.08483856916427612,0.9708914160728455,0.822433352470398,True,False,True,0.9607767462730408,0.308713436126709
1051,True,MOUTH_LEFT,0.969218909740448,0.30627837777137756,0.05065836012363434,0.9585967659950256,0.7475396990776062,True,False,True,0.969218909740448,0.30627837777137756
1052,True,MOUTH_LEFT,0.99563068151474,0.3147253096103668,0.07022213190793991,0.9543114900588989,0.9778221249580383,True,False,True,0.99563068151474,0.3147253096103668
1053,True,MOUTH_LEFT,1.0052188634872437,0.31758296489715576,0.036191534250974655,0.9014102220535278,0.2737112045288086,False,True,True,0.9675806164741516,0.2622108956178029
1054,False,MOUTH_LEFT,,,,,,False,True,True,0.9395305514335632,0.20969648162523907
1055,True,MOUTH_LEFT,0.9114804863929749,0.15718206763267517,0.022989138960838318,0.9101240634918213,0.9982849955558777,True,False,True,0.9114804863929749,0.15718206763267517
1056,True,MOUTH_LEFT,0.9075555801391602,0.15321531891822815,-0.03860529512166977,0.914720892906189,0.9632259011268616,True,False,True,0.9075555801391602,0.15321531891822815
1057,True,MOUTH_LEFT,0.90773606300354,0.14111940562725067,-0.06636251509189606,0.9223736524581909,0.9876111149787903,True,False,True,0.90773606300354,0.14111940562725067
1058,True,MOUTH_LEFT,0.9046526551246643,0.13257667422294617,-0.08021669089794159,0.9299293756484985,0.996136486530304,True,False,True,0.9046526551246643,0.13257667422294617
1059,True,MOUTH_LEFT,0.8993746042251587,0.13004504144191742,-0.10995708405971527,0.9368844628334045,0.9987667798995972,True,False,True,0.8993746042251587,0.13004504144191742
1060,True,MOUTH_LEFT,0.8881449699401855,0.12914897501468658,-0.14365248382091522,0.9431418180465698,0.9989684820175171,True,False,True,0.8881449699401855,0.12914897501468658
1061,True,MOUTH_LEFT,0.8773497343063354,0.13038454949855804,-0.11640799045562744,0.948818564414978,0.9997592568397522,True,False,True,0.8773497343063354,0.13038454949855804
1062,True,MOUTH_LEFT,0.8738354444503784,0.12993976473808289,-0.11907733231782913,0.9539302587509155,0.9998288154602051,True,False,True,0.8738354444503784,0.12993976473808289
1063,True,MOUTH_LEFT,0.8651396036148071,0.12769059836864471,-0.15316036343574524,0.958528995513916,0.9998980760574341,True,False,True,0.8651396036148071,0.12769059836864471
1064,True,MOUTH_LEFT,0.8612436056137085,0.12754592299461365,-0.15184442698955536,0.962655246257782,0.9995505213737488,True,False,True,0.8612436056137085,0.12754592299461365
1065,True,MOUTH_LEFT,0.8547050356864929,0.12582938373088837,-0.21078091859817505,0.9663844108581543,0.9999393224716187,True,False,True,0.8547050356864929,0.12582938373088837
975,True,MOUTH_RIGHT,0.491315096616745,0.302720308303833,0.0016663396963849664,0.9999111890792847,0.9999598264694214,True,False,True,0.491315096616745,0.302720308303833
976,True,MOUTH_RIGHT,0.4904289245605469,0.3008910119533539,0.026313284412026405,0.9999184012413025,0.9999890327453613,True,False,True,0.4904289245605469,0.3008910119533539
977,True,MOUTH_RIGHT,0.48914608359336853,0.30178529024124146,-0.09353740513324738,0.9999256730079651,0.9999969005584717,True,False,True,0.48914608359336853,0.30178529024124146
978,True,MOUTH_RIGHT,0.4857840836048126,0.3026773929595947,-0.0825519934296608,0.9999308586120605,0.99998939037323,True,False,True,0.4857840836048126,0.3026773929595947
979,True,MOUTH_RIGHT,0.48127299547195435,0.3031644821166992,-0.08133123070001602,0.9999350905418396,0.9999933242797852,True,False,True,0.48127299547195435,0.3031644821166992
980,True,MOUTH_RIGHT,0.47880637645721436,0.30331099033355713,-0.07308953255414963,0.9999390840530396,0.9999903440475464,True,False,True,0.47880637645721436,0.30331099033355713
981,True,MOUTH_RIGHT,0.4767408072948456,0.3035360276699066,-0.054739389568567276,0.9999426007270813,0.9999921321868896,True,False,True,0.4767408072948456,0.3035360276699066
982,True,MOUTH_RIGHT,0.47383618354797363,0.30387231707572937,-0.09013868123292923,0.9999440908432007,0.9999862909317017,True,False,True,0.47383618354797363,0.30387231707572937
983,True,MOUTH_RIGHT,0.4742569923400879,0.3038759231567383,-0.07147563993930817,0.9999425411224365,0.9999569654464722,True,False,True,0.4742569923400879,0.3038759231567383
984,True,MOUTH_RIGHT,0.47479450702667236,0.30410391092300415,-0.07734929025173187,0.9999375343322754,0.9999051094055176,True,False,True,0.47479450702667236,0.30410391092300415
985,True,MOUTH_RIGHT,0.47309985756874084,0.3066534101963043,-0.011421396397054195,0.9999272227287292,0.9998955726623535,True,False,True,0.47309985756874084,0.3066534101963043
986,True,MOUTH_RIGHT,0.4718466103076935,0.311166375875473,-0.007777482736855745,0.9999315738677979,0.9999599456787109,True,False,True,0.4718466103076935,0.311166375875473
987,True,MOUTH_RIGHT,0.47115814685821533,0.3148462772369385,-0.0023698247969150543,0.9999359846115112,0.9999679327011108,True,False,True,0.47115814685821533,0.3148462772369385
988,True,MOUTH_RIGHT,0.4726495146751404,0.32083866000175476,0.0003515551215969026,0.9999125599861145,0.9998598098754883,True,False,True,0.4726495146751404,0.32083866000175476
989,True,MOUTH_RIGHT,0.4715498089790344,0.33007901906967163,-0.0343315489590168,0.999871551990509,0.999872088432312,True,False,True,0.4715498089790344,0.33007901906967163
990,True,MOUTH_RIGHT,0.47177642583847046,0.34223970770835876,-0.0212848037481308,0.9998688101768494,0.9999644756317139,True,False,True,0.47177642583847046,0.34223970770835876
991,True,MOUTH_RIGHT,0.47062522172927856,0.35725659132003784,-0.09638718515634537,0.9998736381530762,0.9999845027923584,True,False,True,0.47062522172927856,0.35725659132003784
992,True,MOUTH_RIGHT,0.47051703929901123,0.3669149577617645,-0.10675887763500214,0.9998786449432373,0.999984860420227,True,False,True,0.47051703929901123,0.3669149577617645
993,True,MOUTH_RIGHT,0.4692639410495758,0.37379974126815796,-0.16501924395561218,0.9998546838760376,0.9999527931213379,True,False,True,0.4692639410495758,0.37379974126815796
994,True,MOUTH_RIGHT,0.46837228536605835,0.3832381069660187,-0.1614195704460144,0.9997947812080383,0.999922513961792,True,False,True,0.46837228536605835,0.3832381069660187
995,True,MOUTH_RIGHT,0.46730178594589233,0.39102721214294434,-0.2935236692428589,0.9997052550315857,0.999958872795105,True,False,True,0.46730178594589233,0.39102721214294434
996,True,MOUTH_RIGHT,0.46742022037506104,0.39330410957336426,-0.3236093521118164,0.9996933341026306,0.999991774559021,True,False,True,0.46742022037506104,0.39330410957336426
997,True,MOUTH_RIGHT,0.46970799565315247,0.3972834646701813,-0.3335111737251282,0.9993835091590881,0.9997299313545227,True,False,True,0.46970799565315247,0.3972834646701813
998,True,MOUTH_RIGHT,0.47533082962036133,0.40022239089012146,-0.27483269572257996,0.9991766810417175,0.9998356103897095,True,False,True,0.47533082962036133,0.40022239089012146
999,True,MOUTH_RIGHT,0.48199662566185,0.395006000995636,-0.24401965737342834,0.9966639280319214,0.9990637898445129,True,False,True,0.48199662566185,0.395006000995636
1000,True,MOUTH_RIGHT,0.4924429953098297,0.3907441794872284,-0.01914379559457302,0.9953774213790894,0.9965335130691528,True,False,True,0.4924429953098297,0.3907441794872284
1001,True,MOUTH_RIGHT,0.5407900214195251,0.4026983380317688,0.5619930624961853,0.9948536157608032,0.9999970197677612,True,False,True,0.5407900214195251,0.4026983380317688
1002,True,MOUTH_RIGHT,0.548001229763031,0.4021879732608795,0.5187907218933105,0.9945918917655945,0.9999946355819702,True,False,True,0.548001229763031,0.4021879732608795
1003,True,MOUTH_RIGHT,0.6080132722854614,0.4219464659690857,0.6120256185531616,0.9795671701431274,0.999963641166687,True,False,True,0.6080132722854614,0.4219464659690857
1004,True,MOUTH_RIGHT,0.6287702322006226,0.4400731921195984,0.5029972195625305,0.9808223247528076,0.9999881982803345,True,False,True,0.6287702322006226,0.4400731921195984
1005,True,MOUTH_RIGHT,0.6345445513725281,0.45053830742836,0.4639418423175812,0.9827029705047607,0.9999957084655762,True,False,True,0.6345445513725281,0.45053830742836
1006,True,MOUTH_RIGHT,0.6348863244056702,0.4472641050815582,0.43482404947280884,0.9843233823776245,0.999981164932251,True,False,True,0.6348863244056702,0.4472641050815582
1007,True,MOUTH_RIGHT,0.6340597867965698,0.4407588839530945,0.45908477902412415,0.9845038056373596,0.9997250437736511,True,False,True,0.6340597867965698,0.4407588839530945
1008,True,MOUTH_RIGHT,0.639454185962677,0.43672552704811096,0.5470631718635559,0.9858483076095581,0.9998891353607178,True,False,True,0.639454185962677,0.43672552704811096
1009,True,MOUTH_RIGHT,0.6504607200622559,0.4398299753665924,0.4995870292186737,0.9870777130126953,0.9999314546585083,True,False,True,0.6504607200622559,0.4398299753665924
1010,True,MOUTH_RIGHT,0.6557693481445312,0.4461002051830292,0.5418124794960022,0.9879301190376282,0.9998511075973511,True,False,True,0.6557693481445312,0.4461002051830292
1011,True,MOUTH_RIGHT,0.6646716594696045,0.449150413274765,0.4732705056667328,0.9891196489334106,0.9999794960021973,True,False,True,0.6646716594696045,0.449150413274765
1012,True,MOUTH_RIGHT,0.6663315892219543,0.446883887052536,0.4616943895816803,0.9902021288871765,0.9999858140945435,True,False,True,0.6663315892219543,0.446883887052536
1013,True,MOUTH_RIGHT,0.6729366779327393,0.4455108940601349,0.30315300822257996,0.9911587238311768,0.9999502897262573,True,False,True,0.6729366779327393,0.4455108940601349
1014,True,MOUTH_RIGHT,0.6821399331092834,0.43276917934417725,0.2687130272388458,0.9920365214347839,0.9999673366546631,True,False,True,0.6821399331092834,0.43276917934417725
1015,True,MOUTH_RIGHT,0.684072732925415,0.42123132944107056,0.24365030229091644,0.9928296208381653,0.9999772310256958,True,False,True,0.684072732925415,0.42123132944107056
1016,True,MOUTH_RIGHT,0.6842989921569824,0.4081127345561981,0.24611680209636688,0.9935377240180969,0.9999735355377197,True,False,True,0.6842989921569824,0.4081127345561981
1017,True,MOUTH_RIGHT,0.6842747330665588,0.38985034823417664,0.46834325790405273,0.9941065907478333,0.9999455213546753,True,False,True,0.6842747330665588,0.38985034823417664
1018,True,MOUTH_RIGHT,0.682348906993866,0.3756435513496399,0.5783135890960693,0.9945330023765564,0.9999715089797974,True,False,True,0.682348906993866,0.3756435513496399
1019,True,MOUTH_RIGHT,0.6816322207450867,0.3627541661262512,0.6665543913841248,0.9950010180473328,0.9999963045120239,True,False,True,0.6816322207450867,0.3627541661262512
1020,True,MOUTH_RIGHT,0.6822370290756226,0.35464489459991455,0.5903649926185608,0.995446503162384,0.9999939203262329,True,False,True,0.6822370290756226,0.35464489459991455
1021,True,MOUTH_RIGHT,0.6856080293655396,0.3511810600757599,0.5676527619361877,0.9958925247192383,0.9999966621398926,True,False,True,0.6856080293655396,0.3511810600757599
1022,True,MOUTH_RIGHT,0.6884180307388306,0.34562191367149353,0.5559566020965576,0.9962918162345886,0.999994158744812,True,False,True,0.6884180307388306,0.34562191367149353
1023,True,MOUTH_RIGHT,0.6873341202735901,0.3427879512310028,0.5520259737968445,0.9966497421264648,0.9999847412109375,True,False,True,0.6873341202735901,0.3427879512310028
1024,True,MOUTH_RIGHT,0.6869683861732483,0.339593768119812,0.45960602164268494,0.9969540238380432,0.999950647354126,True,False,True,0.6869683861732483,0.339593768119812
1025,True,MOUTH_RIGHT,0.6901741623878479,0.3333393335342407,0.3660011291503906,0.997191309928894,0.9998026490211487,True,False,True,0.6901741623878479,0.3333393335342407
1026,True,MOUTH_RIGHT,0.6936277151107788,0.3291836977005005,0.29706138372421265,0.9974308609962463,0.9998972415924072,True,False,True,0.6936277151107788,0.3291836977005005
1027,True,MOUTH_RIGHT,0.6970130801200867,0.32751843333244324,0.3405557870864868,0.9976349472999573,0.9999035596847534,True,False,True,0.6970130801200867,0.32751843333244324
1028,True,MOUTH_RIGHT,0.6997195482254028,0.3270527422428131,0.381603479385376,0.9978508353233337,0.9999767541885376,True,False,True,0.6997195482254028,0.3270527422428131
1029,True,MOUTH_RIGHT,0.7033887505531311,0.326422780752182,0.38355550169944763,0.9980542063713074,0.9999758005142212,True,False,True,0.7033887505531311,0.326422780752182
1030,True,MOUTH_RIGHT,0.7122969031333923,0.3249642848968506,0.3582887053489685,0.998245120048523,0.9999943971633911,True,False,True,0.7122969031333923,0.3249642848968506
1031,True,MOUTH_RIGHT,0.7208172678947449,0.3259425461292267,0.3408660292625427,0.9984160661697388,0.9999902248382568,True,False,True,0.7208172678947449,0.3259425461292267
1032,True,MOUTH_RIGHT,0.7281497716903687,0.3268001973628998,0.28553178906440735,0.998572051525116,0.9999845027923584,True,False,True,0.7281497716903687,0.3268001973628998
1033,True,MOUTH_RIGHT,0.7405269145965576,0.3225668966770172,0.21431612968444824,0.9987124800682068,0.9999759197235107,True,False,True,0.7405269145965576,0.3225668966770172
1034,True,MOUTH_RIGHT,0.7554295063018799,0.3205089271068573,0.19567924737930298,0.9988371133804321,0.9999561309814453,True,False,True,0.7554295063018799,0.3205089271068573
1035,True,MOUTH_RIGHT,0.76446533203125,0.31745412945747375,0.2010064423084259,0.9989465475082397,0.999945878982544,True,False,True,0.76446533203125,0.31745412945747375
1036,True,MOUTH_RIGHT,0.7735500335693359,0.3136272132396698,0.19544416666030884,0.9990392327308655,0.999933123588562,True,False,True,0.7735500335693359,0.3136272132396698
1037,True,MOUTH_RIGHT,0.7830442190170288,0.30977699160575867,0.18759606778621674,0.9990983009338379,0.9998598098754883,True,False,True,0.7830442190170288,0.30977699160575867
1038,True,MOUTH_RIGHT,0.7961360812187195,0.3082105219364166,0.15938755869865417,0.999047040939331,0.9998108744621277,True,False,True,0.7961360812187195,0.3082105219364166
1039,True,MOUTH_RIGHT,0.8086153864860535,0.30662453174591064,0.15640294551849365,0.9989469051361084,0.9998199343681335,True,False,True,0.8086153864860535,0.30662453174591064
1040,True,MOUTH_RIGHT,0.8154734373092651,0.3039954900741577,0.18387529253959656,0.9988572597503662,0.9994482398033142,True,False,True,0.8154734373092651,0.3039954900741577
1041,True,MOUTH_RIGHT,0.8330582976341248,0.3026125133037567,0.19166359305381775,0.9987163543701172,0.9990125894546509,True,False,True,0.8330582976341248,0.3026125133037567
1042,True,MOUTH_RIGHT,0.8542039394378662,0.30075007677078247,0.1860169917345047,0.9986831545829773,0.9991198182106018,True,False,True,0.8542039394378662,0.30075007677078247
1043,True,MOUTH_RIGHT,0.8740268349647522,0.3019990921020508,0.09557556360960007,0.998749315738678,0.9991055130958557,True,False,True,0.8740268349647522,0.3019990921020508
1044,True,MOUTH_RIGHT,0.8863829970359802,0.3028218746185303,0.10763189196586609,0.9988266229629517,0.9992941617965698,True,False,True,0.8863829970359802,0.3028218746185303
1045,True,MOUTH_RIGHT,0.8849631547927856,0.3029423952102661,0.13549678027629852,0.9989026784896851,0.9994841814041138,True,False,True,0.8849631547927856,0.3029423952102661
1046,True,MOUTH_RIGHT,0.9112635850906372,0.2911643981933594,-0.12093137204647064,0.9990083575248718,0.9993748068809509,True,False,True,0.9112635850906372,0.2911643981933594
1047,True,MOUTH_RIGHT,0.927313506603241,0.2913416624069214,-0.10610954463481903,0.9989378452301025,0.993513822555542,True,False,True,0.927313506603241,0.2913416624069214
1048,True,MOUTH_RIGHT,0.9448374509811401,0.29366084933280945,-0.0033820108510553837,0.9987754225730896,0.9806005358695984,True,False,True,0.9448374509811401,0.29366084933280945
1049,True,MOUTH_RIGHT,0.9612300992012024,0.3108404576778412,0.2495989203453064,0.9784829616546631,0.8611451983451843,True,False,True,0.9612300992012024,0.3108404576778412
1050,True,MOUTH_RIGHT,0.9606950283050537,0.30735236406326294,0.026432886719703674,0.9770768880844116,0.890633225440979,True,False,True,0.9606950283050537,0.30735236406326294
1051,True,MOUTH_RIGHT,0.9695937037467957,0.30537667870521545,-0.00938065629452467,0.9717528223991394,0.793796181678772,True,False,True,0.9695937037467957,0.30537667870521545
1052,True,MOUTH_RIGHT,0.997524082660675,0.31498533487319946,0.03579409793019295,0.969258725643158,0.9780323505401611,True,False,True,0.997524082660675,0.31498533487319946
1053,True,MOUTH_RIGHT,1.010127305984497,0.3169313073158264,-0.02201259694993496,0.9237638711929321,0.32565534114837646,False,True,True,0.9662637511889139,0.2623569369316101
1054,False,MOUTH_RIGHT,,,,,,False,True,True,0.935003419717153,0.20972853899002075
1055,True,MOUTH_RIGHT,0.9037430882453918,0.1571001410484314,-0.0029837600886821747,0.9300236105918884,0.9978010058403015,True,False,True,0.9037430882453918,0.1571001410484314
1056,True,MOUTH_RIGHT,0.9022315144538879,0.1537083387374878,-0.0592704601585865,0.9342325329780579,0.9713638424873352,True,False,True,0.9022315144538879,0.1537083387374878
1057,True,MOUTH_RIGHT,0.9021174311637878,0.14083904027938843,-0.09359816461801529,0.940533459186554,0.9937083721160889,True,False,True,0.9021174311637878,0.14083904027938843
1058,True,MOUTH_RIGHT,0.8977137207984924,0.13240088522434235,-0.10816100984811783,0.9464072585105896,0.9979594945907593,True,False,True,0.8977137207984924,0.13240088522434235
1059,True,MOUTH_RIGHT,0.8897184729576111,0.12982046604156494,-0.1371060162782669,0.9517492651939392,0.9992703795433044,True,False,True,0.8897184729576111,0.12982046604156494
1060,True,MOUTH_RIGHT,0.8772901892662048,0.12924589216709137,-0.1716972440481186,0.9565537571907043,0.9992857575416565,True,False,True,0.8772901892662048,0.12924589216709137
1061,True,MOUTH_RIGHT,0.8664719462394714,0.13068105280399323,-0.1432189643383026,0.9608951210975647,0.9998338222503662,True,False,True,0.8664719462394714,0.13068105280399323
1062,True,MOUTH_RIGHT,0.8637173771858215,0.13010525703430176,-0.14968235790729523,0.9648033380508423,0.9998722076416016,True,False,True,0.8637173771858215,0.13010525703430176
1063,True,MOUTH_RIGHT,0.8546265959739685,0.12862876057624817,-0.17878343164920807,0.9683204889297485,0.9999399185180664,True,False,True,0.8546265959739685,0.12862876057624817
1064,True,MOUTH_RIGHT,0.8512203097343445,0.12830793857574463,-0.1726459115743637,0.9714810848236084,0.9997766613960266,True,False,True,0.8512203097343445,0.12830793857574463
1065,True,MOUTH_RIGHT,0.8438426852226257,0.12699855864048004,-0.22880257666110992,0.9743310213088989,0.9999618530273438,True,False,True,0.8438426852226257,0.12699855864048004
975,True,NOSE,0.48894989490509033,0.2959020733833313,-0.05216044560074806,0.9999567270278931,0.9999833106994629,True,False,True,0.48894989490509033,0.2959020733833313
976,True,NOSE,0.4874425232410431,0.29395967721939087,-0.028166484087705612,0.9999601244926453,0.9999946355819702,True,False,True,0.4874425232410431,0.29395967721939087
977,True,NOSE,0.4867549240589142,0.29472941160202026,-0.16537292301654816,0.9999635219573975,0.9999982118606567,True,False,True,0.4867549240589142,0.29472941160202026
978,True,NOSE,0.4828898310661316,0.29563575983047485,-0.14097100496292114,0.9999650716781616,0.9999945163726807,True,False,True,0.4828898310661316,0.29563575983047485
979,True,NOSE,0.4761357605457306,0.29618844389915466,-0.11332232505083084,0.9999661445617676,0.9999951124191284,True,False,True,0.4761357605457306,0.29618844389915466
980,True,NOSE,0.4725914001464844,0.2962895333766937,-0.09107070416212082,0.9999673962593079,0.9999933242797852,True,False,True,0.4725914001464844,0.2962895333766937
981,True,NOSE,0.4696374833583832,0.2965380847454071,-0.09179516136646271,0.9999688863754272,0.9999949932098389,True,False,True,0.4696374833583832,0.2965380847454071
982,True,NOSE,0.4676304757595062,0.2967027425765991,-0.1425016075372696,0.9999687075614929,0.9999874830245972,True,False,True,0.4676304757595062,0.2967027425765991
983,True,NOSE,0.46808934211730957,0.2965942919254303,-0.12364628911018372,0.999966561794281,0.9999542236328125,True,False,True,0.46808934211730957,0.2965942919254303
984,True,NOSE,0.46877798438072205,0.29660099744796753,-0.12904128432273865,0.9999645352363586,0.9998776912689209,True,False,True,0.46877798438072205,0.29660099744796753
985,True,NOSE,0.46650415658950806,0.2985590994358063,-0.05329059064388275,0.9999635219573975,0.9998940229415894,True,False,True,0.46650415658950806,0.2985590994358063
986,True,NOSE,0.46437039971351624,0.30251631140708923,-0.052576564252376556,0.9999664425849915,0.9999610185623169,True,False,True,0.46437039971351624,0.30251631140708923
987,True,NOSE,0.4645043611526489,0.30568382143974304,-0.04809974133968353,0.9999691247940063,0.9999668598175049,True,False,True,0.4645043611526489,0.30568382143974304
988,True,NOSE,0.46727463603019714,0.31188899278640747,-0.04601133242249489,0.9999610185623169,0.9998346567153931,True,False,True,0.46727463603019714,0.31188899278640747
989,True,NOSE,0.4659945070743561,0.32147014141082764,-0.08659234642982483,0.9999396204948425,0.9998028874397278,True,False,True,0.4659945070743561,0.32147014141082764
990,True,NOSE,0.4653029441833496,0.33334991335868835,-0.06468823552131653,0.9999345541000366,0.999927282333374,True,False,True,0.4653029441833496,0.33334991335868835
991,True,NOSE,0.46338748931884766,0.34787866473197937,-0.14195646345615387,0.9999335408210754,0.9999569654464722,True,False,True,0.46338748931884766,0.34787866473197937
992,True,NOSE,0.4628589451313019,0.35749930143356323,-0.14892041683197021,0.999934732913971,0.999963641166687,True,False,True,0.4628589451313019,0.35749930143356323
993,True,NOSE,0.4627853035926819,0.3636314272880554,-0.2084396332502365,0.9999170303344727,0.999866247177124,True,False,True,0.4627853035926819,0.3636314272880554
994,True,NOSE,0.46220552921295166,0.3741242289543152,-0.20489129424095154,0.9998959898948669,0.9998301267623901,True,False,True,0.46220552921295166,0.3741242289543152
995,True,NOSE,0.46232330799102783,0.3834894299507141,-0.3451904058456421,0.9998536109924316,0.9998379945755005,True,False,True,0.46232330799102783,0.3834894299507141
996,True,NOSE,0.4640236794948578,0.38555073738098145,-0.379610538482666,0.9998437762260437,0.9999629259109497,True,False,True,0.4640236794948578,0.38555073738098145
997,True,NOSE,0.4674881398677826,0.3909772038459778,-0.39539408683776855,0.9997351765632629,0.999602735042572,True,False,True,0.4674881398677826,0.3909772038459778
998,True,NOSE,0.47417178750038147,0.3941569924354553,-0.3384203314781189,0.9995667338371277,0.9996522665023804,True,False,True,0.47417178750038147,0.3941569924354553
999,True,NOSE,0.4808991849422455,0.3880592882633209,-0.3004932999610901,0.9973844885826111,0.9957329630851746,True,False,True,0.4808991849422455,0.3880592882633209
1000,True,NOSE,0.4900943338871002,0.38296544551849365,-0.0402248352766037,0.9964372515678406,0.9961764812469482,True,False,True,0.4900943338871002,0.38296544551849365
1001,True,NOSE,0.539038896560669,0.3951408267021179,0.5978339314460754,0.9962490797042847,0.9999966621398926,True,False,True,0.539038896560669,0.3951408267021179
1002,True,NOSE,0.5425043702125549,0.3936673700809479,0.5544178485870361,0.9962080121040344,0.9999934434890747,True,False,True,0.5425043702125549,0.3936673700809479
1003,True,NOSE,0.60882169008255,0.41434112191200256,0.6623620986938477,0.986023485660553,0.9999706745147705,True,False,True,0.60882169008255,0.41434112191200256
1004,True,NOSE,0.6328887343406677,0.4347996711730957,0.5433812141418457,0.9869512319564819,0.9999895095825195,True,False,True,0.6328887343406677,0.4347996711730957
1005,True,NOSE,0.6391611099243164,0.446727454662323,0.5106246471405029,0.9882283806800842,0.9999971389770508,True,False,True,0.6391611099243164,0.446727454662323
1006,True,NOSE,0.6393443942070007,0.44310352206230164,0.48006969690322876,0.9892836213111877,0.9999856948852539,True,False,True,0.6393443942070007,0.44310352206230164
1007,True,NOSE,0.6355285048484802,0.4344063699245453,0.4989411532878876,0.9876842498779297,0.999894380569458,True,False,True,0.6355285048484802,0.4344063699245453
1008,True,NOSE,0.6389726400375366,0.429532915353775,0.5823665857315063,0.9882422089576721,0.9998832941055298,True,False,True,0.6389726400375366,0.429532915353775
1009,True,NOSE,0.6527391672134399,0.4324943423271179,0.5462888479232788,0.9888541102409363,0.999951958656311,True,False,True,0.6527391672134399,0.4324943423271179
1010,True,NOSE,0.6598374247550964,0.4388762414455414,0.5893104672431946,0.9893089532852173,0.9998952150344849,True,False,True,0.6598374247550964,0.4388762414455414
1011,True,NOSE,0.6712337136268616,0.4429725110530853,0.5020955801010132,0.9903562664985657,0.999990701675415,True,False,True,0.6712337136268616,0.4429725110530853
1012,True,NOSE,0.6740247011184692,0.4408385753631592,0.4841230809688568,0.9913108944892883,0.9999921321868896,True,False,True,0.6740247011184692,0.4408385753631592
1013,True,NOSE,0.6789674758911133,0.438390851020813,0.34361666440963745,0.9921646118164062,0.9999803304672241,True,False,True,0.6789674758911133,0.438390851020813
1014,True,NOSE,0.6880293488502502,0.4279756546020508,0.3095061779022217,0.9929442405700684,0.9999852180480957,True,False,True,0.6880293488502502,0.4279756546020508
1015,True,NOSE,0.6894385814666748,0.4158072769641876,0.28564220666885376,0.9936472177505493,0.9999918937683105,True,False,True,0.6894385814666748,0.4158072769641876
1016,True,NOSE,0.6880854368209839,0.4018951952457428,0.3700259327888489,0.9942765235900879,0.9999921321868896,True,False,True,0.6880854368209839,0.4018951952457428
1017,True,NOSE,0.684735119342804,0.3830912709236145,0.5310494899749756,0.9947830438613892,0.9999808073043823,True,False,True,0.684735119342804,0.3830912709236145
1018,True,NOSE,0.6804803609848022,0.3676920235157013,0.6387149691581726,0.9951844215393066,0.9999932050704956,True,False,True,0.6804803609848022,0.3676920235157013
1019,True,NOSE,0.6788285970687866,0.3553614020347595,0.7182866930961609,0.9956169724464417,0.9999992847442627,True,False,True,0.6788285970687866,0.3553614020347595
1020,True,NOSE,0.6793094277381897,0.3462786078453064,0.6435973048210144,0.9960184097290039,0.9999980926513672,True,False,True,0.6793094277381897,0.3462786078453064
1021,True,NOSE,0.6828294992446899,0.3428875207901001,0.6226940751075745,0.9964122176170349,0.9999990463256836,True,False,True,0.6828294992446899,0.3428875207901001
1022,True,NOSE,0.6854993104934692,0.33602529764175415,0.6148372888565063,0.9967625141143799,0.9999973773956299,True,False,True,0.6854993104934692,0.33602529764175415
1023,True,NOSE,0.6847934722900391,0.3337329030036926,0.5915067195892334,0.9970756769180298,0.9999912977218628,True,False,True,0.6847934722900391,0.3337329030036926
1024,True,NOSE,0.6847765445709229,0.33073845505714417,0.5197762846946716,0.9973413348197937,0.9999668598175049,True,False,True,0.6847765445709229,0.33073845505714417
1025,True,NOSE,0.6877652406692505,0.3242041766643524,0.43057981133461,0.9975124597549438,0.9997939467430115,True,False,True,0.6877652406692505,0.3242041766643524
1026,True,NOSE,0.6908890008926392,0.31996217370033264,0.35697516798973083,0.9977128505706787,0.9998594522476196,True,False,True,0.6908890008926392,0.31996217370033264
1027,True,NOSE,0.6943996548652649,0.3180158734321594,0.4012897312641144,0.997886598110199,0.9999021291732788,True,False,True,0.6943996548652649,0.3180158734321594
1028,True,NOSE,0.6976558566093445,0.3175308108329773,0.4412538409233093,0.9980832934379578,0.9999840259552002,True,False,True,0.6976558566093445,0.3175308108329773
1029,True,NOSE,0.7008096575737,0.31648021936416626,0.44362911581993103,0.998266339302063,0.999983549118042,True,False,True,0.7008096575737,0.31648021936416626
1030,True,NOSE,0.7093002796173096,0.31465935707092285,0.418378084897995,0.998437762260437,0.9999967813491821,True,False,True,0.7093002796173096,0.31465935707092285
1031,True,NOSE,0.7167990207672119,0.3157448172569275,0.40233781933784485,0.9985913038253784,0.9999947547912598,True,False,True,0.7167990207672119,0.3157448172569275
1032,True,NOSE,0.7230402827262878,0.3171463906764984,0.34679967164993286,0.9987310767173767,0.9999935626983643,True,False,True,0.7230402827262878,0.3171463906764984
1033,True,NOSE,0.7354941368103027,0.31380224227905273,0.2788648009300232,0.9988568425178528,0.9999885559082031,True,False,True,0.7354941368103027,0.31380224227905273
1034,True,NOSE,0.7503184676170349,0.31159672141075134,0.2592286169528961,0.998968780040741,0.9999772310256958,True,False,True,0.7503184676170349,0.31159672141075134
1035,True,NOSE,0.7592296004295349,0.30864113569259644,0.26602819561958313,0.9990679621696472,0.9999759197235107,True,False,True,0.7592296004295349,0.30864113569259644
1036,True,NOSE,0.7683894038200378,0.3048275411128998,0.2602376937866211,0.9991530776023865,0.9999697208404541,True,False,True,0.7683894038200378,0.3048275411128998
1037,True,NOSE,0.777977466583252,0.3007003962993622,0.25134244561195374,0.9992069602012634,0.999923586845398,True,False,True,0.777977466583252,0.3007003962993622
1038,True,NOSE,0.7914172410964966,0.29872432351112366,0.22204244136810303,0.9991998076438904,0.9999022483825684,True,False,True,0.7914172410964966,0.29872432351112366
1039,True,NOSE,0.804259717464447,0.29686927795410156,0.21736057102680206,0.9991857409477234,0.9998966455459595,True,False,True,0.804259717464447,0.29686927795410156
1040,True,NOSE,0.810600996017456,0.2943632900714874,0.24246656894683838,0.999176025390625,0.9997474551200867,True,False,True,0.810600996017456,0.2943632900714874
1041,True,NOSE,0.8281216621398926,0.292860209941864,0.24940046668052673,0.9991117715835571,0.9995712637901306,True,False,True,0.8281216621398926,0.292860209941864
1042,True,NOSE,0.8494163155555725,0.2907518148422241,0.2414621263742447,0.9990898370742798,0.9995200634002686,True,False,True,0.8494163155555725,0.2907518148422241
1043,True,NOSE,0.8748612403869629,0.2918274402618408,0.14358079433441162,0.9991247653961182,0.9993027448654175,True,False,True,0.8748612403869629,0.2918274402618408
1044,True,NOSE,0.8891433477401733,0.2926692068576813,0.15872688591480255,0.9991694688796997,0.9994170665740967,True,False,True,0.8891433477401733,0.2926692068576813
1045,True,NOSE,0.8828336596488953,0.2923768162727356,0.18886642158031464,0.9992201328277588,0.9997372031211853,True,False,True,0.8828336596488953,0.2923768162727356
1046,True,NOSE,0.9256864786148071,0.27871426939964294,-0.10787468403577805,0.9992913007736206,0.999305248260498,True,False,True,0.9256864786148071,0.27871426939964294
1047,True,NOSE,0.9317521452903748,0.28663700819015503,-0.100482277572155,0.9991105198860168,0.9953973889350891,True,False,True,0.9317521452903748,0.28663700819015503
1048,True,NOSE,0.9517903923988342,0.28785473108291626,0.022292861714959145,0.9988558888435364,0.9794036746025085,True,False,True,0.9517903923988342,0.28785473108291626
1049,True,NOSE,0.9656522870063782,0.3047623038291931,0.2985762357711792,0.9665512442588806,0.846444845199585,True,False,True,0.9656522870063782,0.3047623038291931
1050,True,NOSE,0.9660941958427429,0.2996754050254822,0.06021171808242798,0.9617992639541626,0.6925761699676514,True,False,True,0.9660941958427429,0.2996754050254822
1051,True,NOSE,0.979612410068512,0.29214000701904297,0.03644387796521187,0.9489765763282776,0.6346403956413269,True,False,True,0.979612410068512,0.29214000701904297
1052,True,NOSE,1.006019115447998,0.30519160628318787,0.0834551751613617,0.9485606551170349,0.9761006236076355,True,False,True,1.006019115447998,0.30519160628318787
1053,True,NOSE,1.0101858377456665,0.3096776306629181,0.016217131167650223,0.890503466129303,0.17395879328250885,False,True,True,0.9742297927538554,0.2537999053796132
1054,False,NOSE,,,,,,False,True,True,0.9424404700597128,0.20240820447603863
1055,True,NOSE,0.9106511473655701,0.151016503572464,-0.015685198828577995,0.9006248712539673,0.9987350106239319,True,False,True,0.9106511473655701,0.151016503572464
1056,True,NOSE,0.909859836101532,0.14704929292201996,-0.084906667470932,0.9071539044380188,0.9505202174186707,True,False,True,0.909859836101532,0.14704929292201996
1057,True,NOSE,0.9097161293029785,0.13386712968349457,-0.10797056555747986,0.9155053496360779,0.9751347899436951,True,False,True,0.9097161293029785,0.13386712968349457
1058,True,NOSE,0.9049286842346191,0.12474118173122406,-0.12495290488004684,0.9237605929374695,0.9939897060394287,True,False,True,0.9049286842346191,0.12474118173122406
1059,True,NOSE,0.8971619606018066,0.1217322126030922,-0.15950272977352142,0.93133145570755,0.9978042244911194,True,False,True,0.8971619606018066,0.1217322126030922
1060,True,NOSE,0.885008692741394,0.1209908202290535,-0.19814956188201904,0.9381213188171387,0.9978554844856262,True,False,True,0.885008692741394,0.1209908202290535
1061,True,NOSE,0.8744434118270874,0.12288166582584381,-0.16406895220279694,0.9443003535270691,0.9996702671051025,True,False,True,0.8744434118270874,0.12288166582584381
1062,True,NOSE,0.8724462389945984,0.12246711552143097,-0.16589972376823425,0.9498645663261414,0.9997511506080627,True,False,True,0.8724462389945984,0.12246711552143097
1063,True,NOSE,0.8613684773445129,0.11914671957492828,-0.20611053705215454,0.9548735618591309,0.9998860359191895,True,False,True,0.8613684773445129,0.11914671957492828
1064,True,NOSE,0.8571515679359436,0.11933639645576477,-0.20131626725196838,0.9593698978424072,0.9994691014289856,True,False,True,0.8571515679359436,0.11933639645576477
1065,True,NOSE,0.8497528433799744,0.11808640509843826,-0.26567184925079346,0.9634297490119934,0.9999158382415771,True,False,True,0.8497528433799744,0.11808640509843826
975,True,RIGHT_ANKLE,0.33642780780792236,0.5520424246788025,0.11411648988723755,0.9752423763275146,0.9999816417694092,True,False,True,0.33642780780792236,0.5520424246788025
976,True,RIGHT_ANKLE,0.33640241622924805,0.5420811176300049,0.03499305248260498,0.9743463397026062,0.9999771118164062,True,False,True,0.33640241622924805,0.5420811176300049
977,True,RIGHT_ANKLE,0.33859747648239136,0.5302654504776001,-0.10410286486148834,0.9720367789268494,0.999964714050293,True,False,True,0.33859747648239136,0.5302654504776001
978,True,RIGHT_ANKLE,0.34559953212738037,0.5195400714874268,-0.0004471152788028121,0.9709972143173218,0.9999679327011108,True,False,True,0.34559953212738037,0.5195400714874268
979,True,RIGHT_ANKLE,0.3590198755264282,0.5168081521987915,-0.005956172477453947,0.9693811535835266,0.9999701976776123,True,False,True,0.3590198755264282,0.5168081521987915
980,True,RIGHT_ANKLE,0.3744615614414215,0.5158216953277588,0.07141126692295074,0.9666576981544495,0.999969482421875,True,False,True,0.3744615614414215,0.5158216953277588
981,True,RIGHT_ANKLE,0.391421377658844,0.5191272497177124,0.07184429466724396,0.9628104567527771,0.9999760389328003,True,False,True,0.391421377658844,0.5191272497177124
982,True,RIGHT_ANKLE,0.40522465109825134,0.5398700833320618,0.07377269864082336,0.960029661655426,0.9999759197235107,True,False,True,0.40522465109825134,0.5398700833320618
983,True,RIGHT_ANKLE,0.41812989115715027,0.5600497126579285,0.11503715813159943,0.9564175009727478,0.9999616146087646,True,False,True,0.41812989115715027,0.5600497126579285
984,True,RIGHT_ANKLE,0.4230210483074188,0.5828035473823547,0.39690181612968445,0.9577829241752625,0.9999823570251465,True,False,True,0.4230210483074188,0.5828035473823547
985,True,RIGHT_ANKLE,0.42147770524024963,0.6069759726524353,0.4767167866230011,0.9596799612045288,0.9999871253967285,True,False,True,0.42147770524024963,0.6069759726524353
986,True,RIGHT_ANKLE,0.41746819019317627,0.63685142993927,0.43512237071990967,0.9626350998878479,0.9999932050704956,True,False,True,0.41746819019317627,0.63685142993927
987,True,RIGHT_ANKLE,0.4165340065956116,0.6663001179695129,0.38333582878112793,0.9649544954299927,0.9999889135360718,True,False,True,0.4165340065956116,0.6663001179695129
988,True,RIGHT_ANKLE,0.3903442919254303,0.6853753328323364,0.3193722665309906,0.967189610004425,0.9999840259552002,True,False,True,0.3903442919254303,0.6853753328323364
989,True,RIGHT_ANKLE,0.36087852716445923,0.7010149359703064,0.24751493334770203,0.9690892100334167,0.999956488609314,True,False,True,0.36087852716445923,0.7010149359703064
990,True,RIGHT_ANKLE,0.3364039957523346,0.7123753428459167,0.16446582973003387,0.9690800309181213,0.9998735189437866,True,False,True,0.3364039957523346,0.7123753428459167
991,True,RIGHT_ANKLE,0.3303958773612976,0.715619683265686,0.10634177923202515,0.9691803455352783,0.9999411106109619,True,False,True,0.3303958773612976,0.715619683265686
992,True,RIGHT_ANKLE,0.3350221514701843,0.7178398966789246,0.1633053570985794,0.9669217467308044,0.9996848106384277,True,False,True,0.3350221514701843,0.7178398966789246
993,True,RIGHT_ANKLE,0.34262552857398987,0.7228060960769653,0.24470049142837524,0.9646092057228088,0.9996368885040283,True,False,True,0.34262552857398987,0.7228060960769653
994,True,RIGHT_ANKLE,0.36066392064094543,0.7216901779174805,0.2367953360080719,0.9633376598358154,0.9998255372047424,True,False,True,0.36066392064094543,0.7216901779174805
995,True,RIGHT_ANKLE,0.418974369764328,0.7260313630104065,0.23730985820293427,0.9618480205535889,0.9998124241828918,True,False,True,0.418974369764328,0.7260313630104065
996,True,RIGHT_ANKLE,0.4200422167778015,0.7270914316177368,0.21021351218223572,0.9614222645759583,0.9998979568481445,True,False,True,0.4200422167778015,0.7270914316177368
997,True,RIGHT_ANKLE,0.4727969467639923,0.7338871359825134,0.27128979563713074,0.9458940625190735,0.9997455477714539,True,False,True,0.4727969467639923,0.7338871359825134
998,True,RIGHT_ANKLE,0.4967794120311737,0.7391684055328369,0.3079625368118286,0.9054030179977417,0.9985179305076599,True,False,True,0.4967794120311737,0.7391684055328369
999,True,RIGHT_ANKLE,0.49425452947616577,0.7437080144882202,0.40490013360977173,0.8320696353912354,0.9897317290306091,True,False,True,0.49425452947616577,0.7437080144882202
1000,True,RIGHT_ANKLE,0.5131307244300842,0.7417243123054504,0.4089910089969635,0.7650250792503357,0.9987505674362183,True,False,True,0.5131307244300842,0.7417243123054504
1001,True,RIGHT_ANKLE,0.5167458653450012,0.7391027212142944,-0.08906358480453491,0.7751177549362183,0.9999475479125977,True,False,True,0.5167458653450012,0.7391027212142944
1002,True,RIGHT_ANKLE,0.5174344778060913,0.7412850260734558,-0.08323642611503601,0.7819913029670715,0.9999240636825562,True,False,True,0.5174344778060913,0.7412850260734558
1003,True,RIGHT_ANKLE,0.5146049857139587,0.7376542091369629,-0.011615149676799774,0.7873654961585999,0.9998606443405151,True,False,True,0.5146049857139587,0.7376542091369629
1004,True,RIGHT_ANKLE,0.5146368145942688,0.7429741024971008,0.07881923019886017,0.8030040264129639,0.9999490976333618,True,False,True,0.5146368145942688,0.7429741024971008
1005,True,RIGHT_ANKLE,0.517422080039978,0.7405075430870056,-0.1871517300605774,0.8199504613876343,0.9999103546142578,True,False,True,0.517422080039978,0.7405075430870056
1006,True,RIGHT_ANKLE,0.5213395357131958,0.7403151988983154,-0.08766952157020569,0.8326526880264282,0.9993273019790649,True,False,True,0.5213395357131958,0.7403151988983154
1007,True,RIGHT_ANKLE,0.5129393339157104,0.7496217489242554,-0.23725494742393494,0.8429376482963562,0.9957230091094971,True,False,True,0.5129393339157104,0.7496217489242554
1008,True,RIGHT_ANKLE,0.512558102607727,0.7566550970077515,-0.26783111691474915,0.8562029004096985,0.998195230960846,True,False,True,0.512558102607727,0.7566550970077515
1009,True,RIGHT_ANKLE,0.5137524604797363,0.7568716406822205,-0.24644431471824646,0.869734525680542,0.9975222945213318,True,False,True,0.5137524604797363,0.7568716406822205
1010,True,RIGHT_ANKLE,0.5153193473815918,0.753624677658081,-0.12533877789974213,0.8776395320892334,0.9623298645019531,True,False,True,0.5153193473815918,0.753624677658081
1011,True,RIGHT_ANKLE,0.5142059326171875,0.7519492506980896,-0.1410840004682541,0.8891974091529846,0.9984006285667419,True,False,True,0.5142059326171875,0.7519492506980896
1012,True,RIGHT_ANKLE,0.5129945874214172,0.7508833408355713,-0.14017271995544434,0.9000926613807678,0.9994940757751465,True,False,True,0.5129945874214172,0.7508833408355713
1013,True,RIGHT_ANKLE,0.5123867988586426,0.750411868095398,-0.12435651570558548,0.909766435623169,0.9994029998779297,True,False,True,0.5123867988586426,0.750411868095398
1014,True,RIGHT_ANKLE,0.5119166374206543,0.7503170371055603,-0.14571613073349,0.9185263514518738,0.9992114305496216,True,False,True,0.5119166374206543,0.7503170371055603
1015,True,RIGHT_ANKLE,0.5114486217498779,0.7521076202392578,-0.09683175384998322,0.9264428019523621,0.9996833801269531,True,False,True,0.5114486217498779,0.7521076202392578
1016,True,RIGHT_ANKLE,0.5110260844230652,0.756305456161499,-0.0899297297000885,0.9335817694664001,0.9996156692504883,True,False,True,0.5110260844230652,0.756305456161499
1017,True,RIGHT_ANKLE,0.5107488036155701,0.7573232054710388,-0.09135247021913528,0.939953088760376,0.999432384967804,True,False,True,0.5107488036155701,0.7573232054710388
1018,True,RIGHT_ANKLE,0.5106207132339478,0.7622824311256409,-0.15008912980556488,0.945628821849823,0.9994995594024658,True,False,True,0.5106207132339478,0.7622824311256409
1019,True,RIGHT_ANKLE,0.5105968713760376,0.7605167031288147,-0.26002687215805054,0.9505218863487244,0.9997417330741882,True,False,True,0.5105968713760376,0.7605167031288147
1020,True,RIGHT_ANKLE,0.5105050802230835,0.7598036527633667,-0.2691175043582916,0.9538496732711792,0.9995617270469666,True,False,True,0.5105050802230835,0.7598036527633667
1021,True,RIGHT_ANKLE,0.5117301940917969,0.7593548893928528,-0.27469316124916077,0.9572423100471497,0.9997169375419617,True,False,True,0.5117301940917969,0.7593548893928528
1022,True,RIGHT_ANKLE,0.5117602348327637,0.7589708566665649,-0.2773466408252716,0.9608772397041321,0.9998562335968018,True,False,True,0.5117602348327637,0.7589708566665649
1023,True,RIGHT_ANKLE,0.5120024681091309,0.7584690451622009,-0.25794610381126404,0.9641591310501099,0.9997726082801819,True,False,True,0.5120024681091309,0.7584690451622009
1024,True,RIGHT_ANKLE,0.5131073594093323,0.755954384803772,-0.2406376302242279,0.96702641248703,0.9996451139450073,True,False,True,0.5131073594093323,0.755954384803772
1025,True,RIGHT_ANKLE,0.5130538940429688,0.7554352283477783,-0.13383781909942627,0.9686496257781982,0.998487114906311,True,False,True,0.5130538940429688,0.7554352283477783
1026,True,RIGHT_ANKLE,0.5184154510498047,0.7504614591598511,-0.11618459224700928,0.9712654948234558,0.9997552037239075,True,False,True,0.5184154510498047,0.7504614591598511
1027,True,RIGHT_ANKLE,0.5188881754875183,0.7509926557540894,-0.07733269035816193,0.973738968372345,0.9997794032096863,True,False,True,0.5188881754875183,0.7509926557540894
1028,True,RIGHT_ANKLE,0.5192576050758362,0.7492675185203552,-0.0971655547618866,0.9760429263114929,0.9998843669891357,True,False,True,0.5192576050758362,0.7492675185203552
1029,True,RIGHT_ANKLE,0.5191419720649719,0.7494310736656189,-0.10239215195178986,0.978011965751648,0.9996399879455566,True,False,True,0.5191419720649719,0.7494310736656189
1030,True,RIGHT_ANKLE,0.5195903778076172,0.7487109899520874,-0.09858285635709763,0.9800078272819519,0.99991774559021,True,False,True,0.5195903778076172,0.7487109899520874
1031,True,RIGHT_ANKLE,0.5194637775421143,0.7483329176902771,-0.09504186362028122,0.981829822063446,0.9998716115951538,True,False,True,0.5194637775421143,0.7483329176902771
1032,True,RIGHT_ANKLE,0.5194329023361206,0.746131181716919,-0.10616832971572876,0.9834432005882263,0.9998242259025574,True,False,True,0.5194329023361206,0.746131181716919
1033,True,RIGHT_ANKLE,0.5198567509651184,0.7430745959281921,-0.07725013792514801,0.9849138259887695,0.9997848868370056,True,False,True,0.5198567509651184,0.7430745959281921
1034,True,RIGHT_ANKLE,0.5343228578567505,0.7371413111686707,-0.0837361216545105,0.9860777258872986,0.9996474981307983,True,False,True,0.5343228578567505,0.7371413111686707
1035,True,RIGHT_ANKLE,0.5570869445800781,0.7305390238761902,-0.08664283156394958,0.9868238568305969,0.9996743202209473,True,False,True,0.5570869445800781,0.7305390238761902
1036,True,RIGHT_ANKLE,0.5765868425369263,0.7236262559890747,-0.08109184354543686,0.9865679740905762,0.9996970891952515,True,False,True,0.5765868425369263,0.7236262559890747
1037,True,RIGHT_ANKLE,0.6018656492233276,0.7146072387695312,-0.03866230323910713,0.9861502051353455,0.9998816251754761,True,False,True,0.6018656492233276,0.7146072387695312
1038,True,RIGHT_ANKLE,0.635585367679596,0.7109434008598328,-0.030200500041246414,0.9836574196815491,0.9997939467430115,True,False,True,0.635585367679596,0.7109434008598328
1039,True,RIGHT_ANKLE,0.6709674000740051,0.7103503942489624,-0.041139353066682816,0.9809797406196594,0.9997519850730896,True,False,True,0.6709674000740051,0.7103503942489624
1040,True,RIGHT_ANKLE,0.7355150580406189,0.7116347551345825,-0.1463335007429123,0.979011595249176,0.9988916516304016,True,False,True,0.7355150580406189,0.7116347551345825
1041,True,RIGHT_ANKLE,0.7672378420829773,0.7143387198448181,-0.13523057103157043,0.9736055135726929,0.9889333248138428,True,False,True,0.7672378420829773,0.7143387198448181
1042,True,RIGHT_ANKLE,0.8001736402511597,0.7147254943847656,-0.12028901278972626,0.9712761640548706,0.9937269687652588,True,False,True,0.8001736402511597,0.7147254943847656
1043,True,RIGHT_ANKLE,0.8383547067642212,0.7247247099876404,-0.027523698285222054,0.9718283414840698,0.9973010420799255,True,False,True,0.8383547067642212,0.7247247099876404
1044,True,RIGHT_ANKLE,0.8861292004585266,0.7301455140113831,-0.020137621089816093,0.9727649092674255,0.9980409741401672,True,False,True,0.8861292004585266,0.7301455140113831
1045,True,RIGHT_ANKLE,0.9314746856689453,0.7349404096603394,-0.0346560925245285,0.9740294218063354,0.9992311000823975,True,False,True,0.9314746856689453,0.7349404096603394
1046,True,RIGHT_ANKLE,0.9609742164611816,0.737483024597168,-0.02785627916455269,0.9748808741569519,0.9977756142616272,True,False,True,0.9609742164611816,0.737483024597168
1047,True,RIGHT_ANKLE,0.9946148991584778,0.7538464069366455,-0.16658632457256317,0.972121000289917,0.9820292592048645,True,False,True,0.9946148991584778,0.7538464069366455
1048,True,RIGHT_ANKLE,0.997840404510498,0.7521857023239136,-0.1251968890428543,0.967218279838562,0.9666814208030701,True,False,True,0.997840404510498,0.7521857023239136
1049,True,RIGHT_ANKLE,0.9389970302581787,0.675931990146637,-0.0757579579949379,0.922082781791687,0.8069570064544678,True,False,True,0.9389970302581787,0.675931990146637
1050,True,RIGHT_ANKLE,0.9498976469039917,0.7299324870109558,-0.11017683893442154,0.9033346176147461,0.8699918985366821,True,False,True,0.9498976469039917,0.7299324870109558
1051,True,RIGHT_ANKLE,0.9189121723175049,0.7530947923660278,-0.15888643264770508,0.8925430178642273,0.932843804359436,True,False,True,0.9189121723175049,0.7530947923660278
1052,True,RIGHT_ANKLE,0.9099006056785583,0.5321519374847412,-0.3029637932777405,0.8877515196800232,0.9755455851554871,True,False,True,0.9099006056785583,0.5321519374847412
1053,True,RIGHT_ANKLE,0.8304417729377747,0.6225054860115051,-0.23373273015022278,0.8880276679992676,0.9653843641281128,True,False,True,0.8304417729377747,0.6225054860115051
1054,False,RIGHT_ANKLE,,,,,,False,True,True,0.8628883361816406,0.5503172874450684
1055,True,RIGHT_ANKLE,0.8953348994255066,0.4781290888786316,0.07913126051425934,0.8385559320449829,0.9808610081672668,True,False,True,0.8953348994255066,0.4781290888786316
1056,True,RIGHT_ANKLE,0.8786736130714417,0.4684746563434601,0.14053454995155334,0.8175501227378845,0.9047276973724365,True,False,True,0.8786736130714417,0.4684746563434601
1057,True,RIGHT_ANKLE,0.8731132745742798,0.4658412039279938,0.13302232325077057,0.8070665597915649,0.947444498538971,True,False,True,0.8731132745742798,0.4658412039279938
1058,True,RIGHT_ANKLE,0.8716660737991333,0.4658518135547638,0.13596506416797638,0.8201436400413513,0.9921656847000122,True,False,True,0.8716660737991333,0.4658518135547638
1059,True,RIGHT_ANKLE,0.8686567544937134,0.4642691910266876,0.1433989256620407,0.8363754749298096,0.9970600008964539,True,False,True,0.8686567544937134,0.4642691910266876
1060,True,RIGHT_ANKLE,0.8646474480628967,0.4638858735561371,0.14979325234889984,0.8500195741653442,0.9967244267463684,True,False,True,0.8646474480628967,0.4638858735561371
1061,True,RIGHT_ANKLE,0.8616582155227661,0.4641740024089813,0.14554671943187714,0.8595583438873291,0.9925320744514465,True,False,True,0.8616582155227661,0.4641740024089813
1062,True,RIGHT_ANKLE,0.8610001802444458,0.46385088562965393,0.1432422399520874,0.869152843952179,0.9936096668243408,True,False,True,0.8610001802444458,0.46385088562965393
1063,True,RIGHT_ANKLE,0.8591648936271667,0.4635000228881836,0.16535642743110657,0.878696084022522,0.9989608526229858,True,False,True,0.8591648936271667,0.4635000228881836
1064,True,RIGHT_ANKLE,0.8568851947784424,0.4635760188102722,0.16914986073970795,0.8889704942703247,0.9988704323768616,True,False,True,0.8568851947784424,0.4635760188102722
1065,True,RIGHT_ANKLE,0.8555880784988403,0.4629993736743927,0.16017287969589233,0.8973106741905212,0.9992268085479736,True,False,True,0.8555880784988403,0.4629993736743927
975,True,RIGHT_EAR,0.49814504384994507,0.28186073899269104,0.09025193750858307,0.9999353885650635,0.9999665021896362,True,False,True,0.49814504384994507,0.28186073899269104
976,True,RIGHT_EAR,0.49733638763427734,0.280465692281723,0.12169554829597473,0.9999406933784485,0.9999899864196777,True,False,True,0.49733638763427734,0.280465692281723
977,True,RIGHT_EAR,0.4932001531124115,0.2804803252220154,0.036291781812906265,0.9999457597732544,0.9999963045120239,True,False,True,0.4932001531124115,0.2804803252220154
978,True,RIGHT_EAR,0.4912591278553009,0.28063616156578064,0.019297216087579727,0.9999485015869141,0.9999901056289673,True,False,True,0.4912591278553009,0.28063616156578064
979,True,RIGHT_EAR,0.4889070689678192,0.2810978591442108,0.041183628141880035,0.999950647354126,0.9999929666519165,True,False,True,0.4889070689678192,0.2810978591442108
980,True,RIGHT_EAR,0.4880703389644623,0.28131067752838135,0.041381340473890305,0.9999530911445618,0.9999914169311523,True,False,True,0.4880703389644623,0.28131067752838135
981,True,RIGHT_EAR,0.48490774631500244,0.281916081905365,0.03760651871562004,0.9999554753303528,0.9999932050704956,True,False,True,0.48490774631500244,0.281916081905365
982,True,RIGHT_EAR,0.48035120964050293,0.2829500734806061,0.007651697378605604,0.9999570250511169,0.999988317489624,True,False,True,0.48035120964050293,0.2829500734806061
983,True,RIGHT_EAR,0.4811002016067505,0.2834579646587372,0.02104596234858036,0.9999564290046692,0.999966025352478,True,False,True,0.4811002016067505,0.2834579646587372
984,True,RIGHT_EAR,0.4812048077583313,0.28474512696266174,0.011005262844264507,0.9999526143074036,0.9999171495437622,True,False,True,0.4812048077583313,0.28474512696266174
985,True,RIGHT_EAR,0.481573224067688,0.28785234689712524,0.05703195556998253,0.9999460577964783,0.9999169111251831,True,False,True,0.481573224067688,0.28785234689712524
986,True,RIGHT_EAR,0.48177990317344666,0.29252761602401733,0.07108167558908463,0.9999498128890991,0.9999699592590332,True,False,True,0.48177990317344666,0.29252761602401733
987,True,RIGHT_EAR,0.48181217908859253,0.2964141368865967,0.08254699409008026,0.9999532103538513,0.9999704360961914,True,False,True,0.48181217908859253,0.2964141368865967
988,True,RIGHT_EAR,0.4850206673145294,0.3039124310016632,0.08651436120271683,0.9999263882637024,0.9998395442962646,True,False,True,0.4850206673145294,0.3039124310016632
989,True,RIGHT_EAR,0.4850408136844635,0.31269875168800354,0.07464507967233658,0.9998834729194641,0.9998217225074768,True,False,True,0.4850408136844635,0.31269875168800354
990,True,RIGHT_EAR,0.4863646924495697,0.32518458366394043,0.07546129822731018,0.9998761415481567,0.9999295473098755,True,False,True,0.4863646924495697,0.32518458366394043
991,True,RIGHT_EAR,0.48633265495300293,0.3380364775657654,0.00043772111530415714,0.9998698234558105,0.9999631643295288,True,False,True,0.48633265495300293,0.3380364775657654
992,True,RIGHT_EAR,0.48645538091659546,0.3489989638328552,-0.022015884518623352,0.9998717308044434,0.9999666213989258,True,False,True,0.48645538091659546,0.3489989638328552
993,True,RIGHT_EAR,0.4858413338661194,0.35661476850509644,-0.08130209892988205,0.9998225569725037,0.9998917579650879,True,False,True,0.4858413338661194,0.35661476850509644
994,True,RIGHT_EAR,0.48478373885154724,0.3662315607070923,-0.0745154321193695,0.9997425079345703,0.9998605251312256,True,False,True,0.48478373885154724,0.3662315607070923
995,True,RIGHT_EAR,0.48321732878685,0.37587255239486694,-0.19208288192749023,0.9996153712272644,0.9998838901519775,True,False,True,0.48321732878685,0.37587255239486694
996,True,RIGHT_EAR,0.4832661747932434,0.3780086040496826,-0.21734483540058136,0.9995801448822021,0.9999676942825317,True,False,True,0.4832661747932434,0.3780086040496826
997,True,RIGHT_EAR,0.4833132326602936,0.3801023066043854,-0.2223685383796692,0.9990487098693848,0.999256432056427,True,False,True,0.4833132326602936,0.3801023066043854
998,True,RIGHT_EAR,0.4851433336734772,0.3832680583000183,-0.15961109101772308,0.9988045692443848,0.999634861946106,True,False,True,0.4851433336734772,0.3832680583000183
999,True,RIGHT_EAR,0.49529165029525757,0.3799718916416168,-0.13247472047805786,0.9975988864898682,0.9985674619674683,True,False,True,0.49529165029525757,0.3799718916416168
1000,True,RIGHT_EAR,0.5141868591308594,0.3773442208766937,0.011577468365430832,0.9974087476730347,0.9989352822303772,True,False,True,0.5141868591308594,0.3773442208766937
1001,True,RIGHT_EAR,0.5549832582473755,0.39461907744407654,0.4730253219604492,0.9973814487457275,0.9999953508377075,True,False,True,0.5549832582473755,0.39461907744407654
1002,True,RIGHT_EAR,0.5621019005775452,0.39329972863197327,0.42786234617233276,0.9974095225334167,0.9999929666519165,True,False,True,0.5621019005775452,0.39329972863197327
1003,True,RIGHT_EAR,0.6213429570198059,0.418519526720047,0.4937637150287628,0.9922276735305786,0.9999533891677856,True,False,True,0.6213429570198059,0.418519526720047
1004,True,RIGHT_EAR,0.6389031410217285,0.4367937743663788,0.4068237245082855,0.992706298828125,0.9999797344207764,True,False,True,0.6389031410217285,0.4367937743663788
1005,True,RIGHT_EAR,0.6429753303527832,0.44260862469673157,0.35366687178611755,0.9934152960777283,0.9999959468841553,True,False,True,0.6429753303527832,0.44260862469673157
1006,True,RIGHT_EAR,0.6457882523536682,0.43911829590797424,0.32185131311416626,0.9940153360366821,0.999984622001648,True,False,True,0.6457882523536682,0.43911829590797424
1007,True,RIGHT_EAR,0.6460087895393372,0.4339993894100189,0.3675890266895294,0.9937734007835388,0.9999152421951294,True,False,True,0.6460087895393372,0.4339993894100189
1008,True,RIGHT_EAR,0.6518983244895935,0.4315316379070282,0.47626447677612305,0.994236171245575,0.9999361038208008,True,False,True,0.6518983244895935,0.4315316379070282
1009,True,RIGHT_EAR,0.6626121997833252,0.43401697278022766,0.3943350911140442,0.9946595430374146,0.999962568283081,True,False,True,0.6626121997833252,0.43401697278022766
1010,True,RIGHT_EAR,0.6672571301460266,0.4388546943664551,0.4383584260940552,0.9949217438697815,0.9998650550842285,True,False,True,0.6672571301460266,0.4388546943664551
1011,True,RIGHT_EAR,0.6740184426307678,0.4379183053970337,0.34214916825294495,0.9954201579093933,0.9999862909317017,True,False,True,0.6740184426307678,0.4379183053970337
1012,True,RIGHT_EAR,0.6764014363288879,0.4351181089878082,0.3189832866191864,0.9958757758140564,0.9999890327453613,True,False,True,0.6764014363288879,0.4351181089878082
1013,True,RIGHT_EAR,0.6797392964363098,0.427990198135376,0.1908695250749588,0.9962794780731201,0.9999549388885498,True,False,True,0.6797392964363098,0.427990198135376
1014,True,RIGHT_EAR,0.6859989762306213,0.4131661355495453,0.16046284139156342,0.996649980545044,0.9999732971191406,True,False,True,0.6859989762306213,0.4131661355495453
1015,True,RIGHT_EAR,0.6885507106781006,0.4031810462474823,0.1274539679288864,0.9969838261604309,0.9999892711639404,True,False,True,0.6885507106781006,0.4031810462474823
1016,True,RIGHT_EAR,0.6913372278213501,0.3934181332588196,0.205640971660614,0.9972825050354004,0.9999865293502808,True,False,True,0.6913372278213501,0.3934181332588196
1017,True,RIGHT_EAR,0.6956250071525574,0.381234735250473,0.32414960861206055,0.9975157976150513,0.9999727010726929,True,False,True,0.6956250071525574,0.381234735250473
1018,True,RIGHT_EAR,0.6953818202018738,0.3698229491710663,0.4324658513069153,0.9976247549057007,0.9999860525131226,True,False,True,0.6953818202018738,0.3698229491710663
1019,True,RIGHT_EAR,0.6952303647994995,0.3576722741127014,0.5479167103767395,0.997774064540863,0.9999979734420776,True,False,True,0.6952303647994995,0.3576722741127014
1020,True,RIGHT_EAR,0.6993702054023743,0.3498117923736572,0.46146366000175476,0.9979122877120972,0.9999943971633911,True,False,True,0.6993702054023743,0.3498117923736572
1021,True,RIGHT_EAR,0.7020799517631531,0.3450342118740082,0.43061915040016174,0.9981119632720947,0.9999970197677612,True,False,True,0.7020799517631531,0.3450342118740082
1022,True,RIGHT_EAR,0.70376056432724,0.33899980783462524,0.4075828194618225,0.9982895255088806,0.9999946355819702,True,False,True,0.70376056432724,0.33899980783462524
1023,True,RIGHT_EAR,0.703164279460907,0.33585837483406067,0.3534325957298279,0.9984506368637085,0.9999845027923584,True,False,True,0.703164279460907,0.33585837483406067
1024,True,RIGHT_EAR,0.7030164003372192,0.33246922492980957,0.2821144461631775,0.998578667640686,0.999934196472168,True,False,True,0.7030164003372192,0.33246922492980957
1025,True,RIGHT_EAR,0.7064259052276611,0.3259166479110718,0.18229520320892334,0.9986621141433716,0.9997789263725281,True,False,True,0.7064259052276611,0.3259166479110718
1026,True,RIGHT_EAR,0.7098747491836548,0.32186296582221985,0.12180279940366745,0.9987499117851257,0.9999078512191772,True,False,True,0.7098747491836548,0.32186296582221985
1027,True,RIGHT_EAR,0.7131675481796265,0.3195055425167084,0.1659189760684967,0.9988299012184143,0.9999099969863892,True,False,True,0.7131675481796265,0.3195055425167084
1028,True,RIGHT_EAR,0.7166928648948669,0.3187304437160492,0.20903131365776062,0.9989299774169922,0.9999721050262451,True,False,True,0.7166928648948669,0.3187304437160492
1029,True,RIGHT_EAR,0.7201095819473267,0.3174552917480469,0.2154206484556198,0.9990277886390686,0.9999730587005615,True,False,True,0.7201095819473267,0.3174552917480469
1030,True,RIGHT_EAR,0.7269594073295593,0.31497693061828613,0.18855571746826172,0.9991220831871033,0.9999926090240479,True,False,True,0.7269594073295593,0.31497693061828613
1031,True,RIGHT_EAR,0.735161542892456,0.31520986557006836,0.16879479587078094,0.9992058277130127,0.9999861717224121,True,False,True,0.735161542892456,0.31520986557006836
1032,True,RIGHT_EAR,0.7428170442581177,0.3156958222389221,0.11328721046447754,0.9992833137512207,0.9999815225601196,True,False,True,0.7428170442581177,0.3156958222389221
1033,True,RIGHT_EAR,0.7533132433891296,0.31138381361961365,0.03250908851623535,0.9993532299995422,0.9999754428863525,True,False,True,0.7533132433891296,0.31138381361961365
1034,True,RIGHT_EAR,0.7677047252655029,0.30880385637283325,0.018198935315012932,0.9994144439697266,0.9999542236328125,True,False,True,0.7677047252655029,0.30880385637283325
1035,True,RIGHT_EAR,0.777135968208313,0.30619320273399353,0.018657682463526726,0.9994670152664185,0.9999483823776245,True,False,True,0.777135968208313,0.30619320273399353
1036,True,RIGHT_EAR,0.7868334650993347,0.30315783619880676,0.011970664374530315,0.9995097517967224,0.9999470710754395,True,False,True,0.7868334650993347,0.30315783619880676
1037,True,RIGHT_EAR,0.7970588803291321,0.2991006672382355,0.006205674260854721,0.9995171427726746,0.9998753070831299,True,False,True,0.7970588803291321,0.2991006672382355
1038,True,RIGHT_EAR,0.8091354966163635,0.2964900732040405,-0.016530027613043785,0.999442994594574,0.9998358488082886,True,False,True,0.8091354966163635,0.2964900732040405
1039,True,RIGHT_EAR,0.8206183910369873,0.2931952476501465,-0.015311170369386673,0.999355673789978,0.9998340606689453,True,False,True,0.8206183910369873,0.2931952476501465
1040,True,RIGHT_EAR,0.8282632827758789,0.29086872935295105,0.01769472286105156,0.9992865920066833,0.9995943903923035,True,False,True,0.8282632827758789,0.29086872935295105
1041,True,RIGHT_EAR,0.8438448905944824,0.28845182061195374,0.028679560869932175,0.9992140531539917,0.9991397857666016,True,False,True,0.8438448905944824,0.28845182061195374
1042,True,RIGHT_EAR,0.8636347055435181,0.2848701775074005,0.031035687774419785,0.9992004036903381,0.9993261098861694,True,False,True,0.8636347055435181,0.2848701775074005
1043,True,RIGHT_EAR,0.8758244514465332,0.284162312746048,-0.04478643462061882,0.9992377161979675,0.9993835687637329,True,False,True,0.8758244514465332,0.284162312746048
1044,True,RIGHT_EAR,0.8874706029891968,0.28356197476387024,-0.041650936007499695,0.9992663860321045,0.999342143535614,True,False,True,0.8874706029891968,0.28356197476387024
1045,True,RIGHT_EAR,0.8939542174339294,0.2848285734653473,-0.018975423648953438,0.9992812275886536,0.9996424913406372,True,False,True,0.8939542174339294,0.2848285734653473
1046,True,RIGHT_EAR,0.9048477411270142,0.275703489780426,-0.17867101728916168,0.9993512034416199,0.9998339414596558,True,False,True,0.9048477411270142,0.275703489780426
1047,True,RIGHT_EAR,0.9237478971481323,0.2827132046222687,-0.11755058169364929,0.9991331100463867,0.9954975843429565,True,False,True,0.9237478971481323,0.2827132046222687
1048,True,RIGHT_EAR,0.9232987761497498,0.2825843393802643,-0.0851561650633812,0.9988823533058167,0.9797126054763794,True,False,True,0.9232987761497498,0.2825843393802643
1049,True,RIGHT_EAR,0.949456512928009,0.2965165674686432,0.12050044536590576,0.9770239591598511,0.8174441456794739,True,False,True,0.949456512928009,0.2965165674686432
1050,True,RIGHT_EAR,0.954075038433075,0.28993797302246094,-0.08579238504171371,0.9769997000694275,0.9002565741539001,True,False,True,0.954075038433075,0.28993797302246094
1051,True,RIGHT_EAR,0.9608645439147949,0.2838214635848999,-0.16117353737354279,0.9740371704101562,0.8296483755111694,True,False,True,0.9608645439147949,0.2838214635848999
1052,True,RIGHT_EAR,0.9793920516967773,0.28917577862739563,-0.08078686892986298,0.9745200276374817,0.9892290830612183,True,False,True,0.9793920516967773,0.28917577862739563
1053,True,RIGHT_EAR,0.9932001829147339,0.3092353641986847,-0.14296545088291168,0.9337015748023987,0.4837055802345276,False,True,True,0.9486437837282816,0.24047015607357025
1054,False,RIGHT_EAR,,,,,,False,True,True,0.917895515759786,0.19176453351974487
1055,True,RIGHT_EAR,0.8871472477912903,0.1430589109659195,-0.00015694735338911414,0.9390242695808411,0.9974690675735474,True,False,True,0.8871472477912903,0.1430589109659195
1056,True,RIGHT_EAR,0.8867777585983276,0.13937899470329285,-0.02746371179819107,0.9406570196151733,0.9620153307914734,True,False,True,0.8867777585983276,0.13937899470329285
1057,True,RIGHT_EAR,0.8849684596061707,0.12490816414356232,-0.08059398829936981,0.945968747138977,0.9893549680709839,True,False,True,0.8849684596061707,0.12490816414356232
1058,True,RIGHT_EAR,0.8773717284202576,0.11748193204402924,-0.08936436474323273,0.9512210488319397,0.9962450861930847,True,False,True,0.8773717284202576,0.11748193204402924
1059,True,RIGHT_EAR,0.8680099844932556,0.1154574528336525,-0.10157068073749542,0.9560604095458984,0.9981970191001892,True,False,True,0.8680099844932556,0.1154574528336525
1060,True,RIGHT_EAR,0.8557606339454651,0.1164683923125267,-0.12733608484268188,0.9604125618934631,0.9981378316879272,True,False,True,0.8557606339454651,0.1164683923125267
1061,True,RIGHT_EAR,0.8469622731208801,0.1177375391125679,-0.11467227339744568,0.9643638730049133,0.9995412826538086,True,False,True,0.8469622731208801,0.1177375391125679
1062,True,RIGHT_EAR,0.8441244959831238,0.11803512275218964,-0.13202449679374695,0.9679223895072937,0.999575674533844,True,False,True,0.8441244959831238,0.11803512275218964
1063,True,RIGHT_EAR,0.8321524858474731,0.11782810837030411,-0.13510268926620483,0.9711272716522217,0.9998421669006348,True,False,True,0.8321524858474731,0.11782810837030411
1064,True,RIGHT_EAR,0.8318182826042175,0.11816626787185669,-0.12392983585596085,0.9740027189254761,0.9995369911193848,True,False,True,0.8318182826042175,0.11816626787185669
1065,True,RIGHT_EAR,0.8221535086631775,0.1164870634675026,-0.1631101667881012,0.9765990972518921,0.9998602867126465,True,False,True,0.8221535086631775,0.1164870634675026
975,True,RIGHT_ELBOW,0.4637209475040436,0.353196918964386,0.47448432445526123,0.3030325472354889,0.9997908473014832,False,False,False,,
976,True,RIGHT_ELBOW,0.4806145131587982,0.37652653455734253,0.4701712727546692,0.2931404709815979,0.9997345805168152,False,False,False,,
977,True,RIGHT_ELBOW,0.46736767888069153,0.37193065881729126,0.4702227711677551,0.2971336543560028,0.9998421669006348,False,False,False,,
978,True,RIGHT_ELBOW,0.46452823281288147,0.37054887413978577,0.4627632796764374,0.2908809185028076,0.999618411064148,False,False,False,,
979,True,RIGHT_ELBOW,0.46454930305480957,0.3677574396133423,0.5134022235870361,0.27615025639533997,0.9996521472930908,False,False,False,,
980,True,RIGHT_ELBOW,0.4726760685443878,0.36686718463897705,0.5244871973991394,0.25513020157814026,0.9993671774864197,False,False,False,,
981,True,RIGHT_ELBOW,0.47252458333969116,0.3661946952342987,0.5397761464118958,0.2369987517595291,0.9993983507156372,False,False,False,,
982,True,RIGHT_ELBOW,0.47211116552352905,0.3765319883823395,0.5595723390579224,0.21949705481529236,0.9993430972099304,False,False,False,,
983,True,RIGHT_ELBOW,0.47180885076522827,0.37999171018600464,0.5647121667861938,0.20488199591636658,0.9984074234962463,False,False,False,,
984,True,RIGHT_ELBOW,0.4717305302619934,0.38795843720436096,0.5500502586364746,0.19394636154174805,0.9989809393882751,False,False,False,,
985,True,RIGHT_ELBOW,0.4729665517807007,0.3966052234172821,0.5000485181808472,0.19042830169200897,0.999383807182312,False,False,False,,
986,True,RIGHT_ELBOW,0.480203241109848,0.41088926792144775,0.38973143696784973,0.18499797582626343,0.9996742010116577,False,False,False,,
987,True,RIGHT_ELBOW,0.48294392228126526,0.4224039614200592,0.23926953971385956,0.18048100173473358,0.9997134804725647,False,False,False,,
988,True,RIGHT_ELBOW,0.48771965503692627,0.4378238916397095,0.28454768657684326,0.1694021075963974,0.9994778037071228,False,False,False,,
989,True,RIGHT_ELBOW,0.49227067828178406,0.4510674774646759,0.2951395809650421,0.161915123462677,0.9995701909065247,False,False,False,,
990,True,RIGHT_ELBOW,0.4834183156490326,0.45328572392463684,0.3367835581302643,0.17033931612968445,0.9998985528945923,False,False,False,,
991,True,RIGHT_ELBOW,0.4635332524776459,0.45209890604019165,0.33042022585868835,0.19702522456645966,0.9999802112579346,False,False,False,,
992,True,RIGHT_ELBOW,0.4354511797428131,0.4592518210411072,0.24482233822345734,0.2602073550224304,0.9999853372573853,False,False,False,,
993,True,RIGHT_ELBOW,0.4116981029510498,0.45843765139579773,0.185469850897789,0.32462918758392334,0.9999833106994629,False,False,False,,
994,True,RIGHT_ELBOW,0.4039771556854248,0.45350319147109985,0.16876289248466492,0.3864854574203491,0.9999629259109497,False,False,False,,
995,True,RIGHT_ELBOW,0.3906981647014618,0.43858760595321655,0.12373554706573486,0.4440573751926422,0.9999662637710571,False,False,False,,
996,True,RIGHT_ELBOW,0.38802582025527954,0.4330941140651703,0.0877930074930191,0.49847501516342163,0.9999910593032837,False,False,False,,
997,True,RIGHT_ELBOW,0.3919315040111542,0.42910927534103394,0.13284166157245636,0.5130263566970825,0.9998434782028198,True,False,True,0.3919315040111542,0.42910927534103394
998,True,RIGHT_ELBOW,0.40311771631240845,0.43232202529907227,0.2602481245994568,0.534986138343811,0.99985671043396,True,False,True,0.40311771631240845,0.43232202529907227
999,True,RIGHT_ELBOW,0.454927533864975,0.4548517167568207,0.3316802382469177,0.49911582469940186,0.9978407621383667,False,False,False,,
1000,True,RIGHT_ELBOW,0.5647717118263245,0.453405499458313,0.354532390832901,0.45484915375709534,0.9959192872047424,False,False,False,,
1001,True,RIGHT_ELBOW,0.5985777974128723,0.5136879682540894,0.27833449840545654,0.41186752915382385,0.9984341263771057,False,False,False,,
1002,True,RIGHT_ELBOW,0.6011763215065002,0.5235019326210022,0.23813995718955994,0.3726798892021179,0.9984947443008423,False,False,False,,
1003,True,RIGHT_ELBOW,0.6230880618095398,0.5513824820518494,0.47982171177864075,0.35275524854660034,0.993533730506897,False,False,False,,
1004,True,RIGHT_ELBOW,0.622677206993103,0.5582587718963623,0.4774503707885742,0.36181893944740295,0.9989155530929565,False,False,False,,
1005,True,RIGHT_ELBOW,0.6271445751190186,0.5525939464569092,0.4455642104148865,0.41116246581077576,0.9998376369476318,False,False,False,,
1006,True,RIGHT_ELBOW,0.6274672150611877,0.5444549322128296,0.33323734998703003,0.4464910328388214,0.9995729327201843,False,False,False,,
1007,True,RIGHT_ELBOW,0.6157103776931763,0.542265772819519,0.23625943064689636,0.4622357189655304,0.9982335567474365,False,False,False,,
1008,True,RIGHT_ELBOW,0.6026155948638916,0.5301362872123718,0.23936280608177185,0.42446476221084595,0.9974058270454407,False,False,False,,
1009,True,RIGHT_ELBOW,0.6215057373046875,0.5286639332771301,0.15480275452136993,0.43588653206825256,0.9990235567092896,False,False,False,,
1010,True,RIGHT_ELBOW,0.6452293992042542,0.5260716676712036,0.21108148992061615,0.4573425054550171,0.9989508390426636,False,False,False,,
1011,True,RIGHT_ELBOW,0.6500087976455688,0.5136730074882507,0.07532422244548798,0.5049741268157959,0.9998914003372192,True,False,True,0.6500087976455688,0.5136730074882507
1012,True,RIGHT_ELBOW,0.6480736136436462,0.5027060508728027,-0.02567671611905098,0.5508013963699341,0.9999706745147705,True,False,True,0.6480736136436462,0.5027060508728027
1013,True,RIGHT_ELBOW,0.6499001979827881,0.48956766724586487,-0.12930484116077423,0.5897144079208374,0.9999628067016602,True,False,True,0.6499001979827881,0.48956766724586487
1014,True,RIGHT_ELBOW,0.6662291884422302,0.49217963218688965,-0.055676937103271484,0.6231624484062195,0.9999678134918213,True,False,True,0.6662291884422302,0.49217963218688965
1015,True,RIGHT_ELBOW,0.673777163028717,0.4956601858139038,0.0046044327318668365,0.6494652032852173,0.9999464750289917,True,False,True,0.673777163028717,0.4956601858139038
1016,True,RIGHT_ELBOW,0.6869915723800659,0.4895893931388855,0.051023904234170914,0.6775003671646118,0.9999407529830933,True,False,True,0.6869915723800659,0.4895893931388855
1017,True,RIGHT_ELBOW,0.6940942406654358,0.4882991909980774,0.1066194400191307,0.7033924460411072,0.9998643398284912,True,False,True,0.6940942406654358,0.4882991909980774
1018,True,RIGHT_ELBOW,0.6982185244560242,0.4872758090496063,0.13719980418682098,0.7284472584724426,0.9998030066490173,True,False,True,0.6982185244560242,0.4872758090496063
1019,True,RIGHT_ELBOW,0.7020859122276306,0.4744431674480438,0.03925253823399544,0.7520184516906738,0.9999374151229858,True,False,True,0.7020859122276306,0.4744431674480438
1020,True,RIGHT_ELBOW,0.7082036733627319,0.4655459523200989,-0.04773454740643501,0.7755663990974426,0.9999395608901978,True,False,True,0.7082036733627319,0.4655459523200989
1021,True,RIGHT_ELBOW,0.713220477104187,0.46539655327796936,0.04954826831817627,0.7972529530525208,0.9999364614486694,True,False,True,0.713220477104187,0.46539655327796936
1022,True,RIGHT_ELBOW,0.7152287364006042,0.46463465690612793,0.2226043939590454,0.8169506192207336,0.9999428987503052,True,False,True,0.7152287364006042,0.46463465690612793
1023,True,RIGHT_ELBOW,0.7194417715072632,0.46171608567237854,0.2875874936580658,0.8347244262695312,0.9998761415481567,True,False,True,0.7194417715072632,0.46171608567237854
1024,True,RIGHT_ELBOW,0.7217900156974792,0.45541641116142273,0.24381908774375916,0.8509570956230164,0.9998346567153931,True,False,True,0.7217900156974792,0.45541641116142273
1025,True,RIGHT_ELBOW,0.7288715839385986,0.45618319511413574,0.19215601682662964,0.8655921220779419,0.999472439289093,True,False,True,0.7288715839385986,0.45618319511413574
1026,True,RIGHT_ELBOW,0.7380465865135193,0.45927152037620544,0.17146633565425873,0.8782936930656433,0.9991662502288818,True,False,True,0.7380465865135193,0.45927152037620544
1027,True,RIGHT_ELBOW,0.7461961507797241,0.4600214660167694,0.19082111120224,0.8895131349563599,0.9993247985839844,True,False,True,0.7461961507797241,0.4600214660167694
1028,True,RIGHT_ELBOW,0.7499929666519165,0.45822471380233765,0.21299782395362854,0.899709165096283,0.9996770620346069,True,False,True,0.7499929666519165,0.45822471380233765
1029,True,RIGHT_ELBOW,0.7541911602020264,0.45242005586624146,0.20771518349647522,0.9087213277816772,0.9995482563972473,True,False,True,0.7541911602020264,0.45242005586624146
1030,True,RIGHT_ELBOW,0.767120361328125,0.4524981379508972,0.19818519055843353,0.9171456694602966,0.999792754650116,True,False,True,0.767120361328125,0.4524981379508972
1031,True,RIGHT_ELBOW,0.7878565788269043,0.45066890120506287,0.1439364105463028,0.9250078201293945,0.9997879862785339,True,False,True,0.7878565788269043,0.45066890120506287
1032,True,RIGHT_ELBOW,0.793890655040741,0.44767606258392334,-0.01848609372973442,0.932162344455719,0.9997019171714783,True,False,True,0.793890655040741,0.44767606258392334
1033,True,RIGHT_ELBOW,0.8064897656440735,0.44704315066337585,-0.15288285911083221,0.938817024230957,0.9997634291648865,True,False,True,0.8064897656440735,0.44704315066337585
1034,True,RIGHT_ELBOW,0.8117232918739319,0.4464959502220154,-0.17888347804546356,0.9447581171989441,0.9996028542518616,True,False,True,0.8117232918739319,0.4464959502220154
1035,True,RIGHT_ELBOW,0.8179817199707031,0.44055652618408203,-0.16656894981861115,0.9500248432159424,0.9996832609176636,True,False,True,0.8179817199707031,0.44055652618408203
1036,True,RIGHT_ELBOW,0.8239371180534363,0.441261887550354,-0.17105604708194733,0.954611599445343,0.9997377991676331,True,False,True,0.8239371180534363,0.441261887550354
1037,True,RIGHT_ELBOW,0.8286320567131042,0.4415197968482971,-0.18240207433700562,0.9584359526634216,0.9997863173484802,True,False,True,0.8286320567131042,0.4415197968482971
1038,True,RIGHT_ELBOW,0.8394388556480408,0.4418087601661682,-0.20051810145378113,0.9612805843353271,0.9996649026870728,True,False,True,0.8394388556480408,0.4418087601661682
1039,True,RIGHT_ELBOW,0.8475359082221985,0.4423742890357971,-0.21331876516342163,0.9640130400657654,0.9997193217277527,True,False,True,0.8475359082221985,0.4423742890357971
1040,True,RIGHT_ELBOW,0.8474569916725159,0.4418029487133026,-0.19355584681034088,0.9664952158927917,0.998931348323822,True,False,True,0.8474569916725159,0.4418029487133026
1041,True,RIGHT_ELBOW,0.8446763157844543,0.4379275143146515,-0.20364801585674286,0.9677825570106506,0.9972521662712097,True,False,True,0.8446763157844543,0.4379275143146515
1042,True,RIGHT_ELBOW,0.8455989360809326,0.43572232127189636,-0.18597225844860077,0.9690523743629456,0.9973107576370239,True,False,True,0.8455989360809326,0.43572232127189636
1043,True,RIGHT_ELBOW,0.8428732752799988,0.43376800417900085,-0.24426861107349396,0.9695708751678467,0.9983660578727722,True,False,True,0.8428732752799988,0.43376800417900085
1044,True,RIGHT_ELBOW,0.8462724089622498,0.4290180504322052,-0.24815991520881653,0.970535933971405,0.9991198182106018,True,False,True,0.8462724089622498,0.4290180504322052
1045,True,RIGHT_ELBOW,0.8629245758056641,0.4269392192363739,-0.2655819058418274,0.9693048596382141,0.9996681213378906,True,False,True,0.8629245758056641,0.4269392192363739
1046,True,RIGHT_ELBOW,0.8604274988174438,0.42064785957336426,-0.3442111909389496,0.9711968898773193,0.9994165897369385,True,False,True,0.8604274988174438,0.42064785957336426
1047,True,RIGHT_ELBOW,0.8750230073928833,0.4211095869541168,-0.3158525824546814,0.962392270565033,0.9976633787155151,True,False,True,0.8750230073928833,0.4211095869541168
1048,True,RIGHT_ELBOW,0.8726102709770203,0.41895702481269836,-0.30543991923332214,0.9605116844177246,0.9964048862457275,True,False,True,0.8726102709770203,0.41895702481269836
1049,True,RIGHT_ELBOW,0.8984546661376953,0.4189138114452362,-0.27792397141456604,0.9472850561141968,0.9787301421165466,True,False,True,0.8984546661376953,0.4189138114452362
1050,True,RIGHT_ELBOW,0.8983978629112244,0.4158993065357208,-0.3377460539340973,0.9337226748466492,0.9890657663345337,True,False,True,0.8983978629112244,0.4158993065357208
1051,True,RIGHT_ELBOW,0.9126957654953003,0.4069322347640991,-0.3837892413139343,0.918681263923645,0.9792400598526001,True,False,True,0.9126957654953003,0.4069322347640991
1052,True,RIGHT_ELBOW,0.919899046421051,0.41558533906936646,-0.2753647267818451,0.9115657210350037,0.9921695590019226,True,False,True,0.919899046421051,0.41558533906936646
1053,True,RIGHT_ELBOW,0.9300137162208557,0.41774383187294006,-0.2754644453525543,0.9072935581207275,0.9578583240509033,True,False,True,0.9300137162208557,0.41774383187294006
1054,False,RIGHT_ELBOW,,,,,,False,True,True,0.9080221354961395,0.3125937432050705
1055,True,RIGHT_ELBOW,0.8860305547714233,0.20744365453720093,-0.11146310716867447,0.9110018610954285,0.9957728981971741,True,False,True,0.8860305547714233,0.20744365453720093
1056,True,RIGHT_ELBOW,0.8583335280418396,0.22497516870498657,-0.06870399415493011,0.9144726991653442,0.9772516489028931,True,False,True,0.8583335280418396,0.22497516870498657
1057,True,RIGHT_ELBOW,0.8432937264442444,0.23074258863925934,-0.15047962963581085,0.9216883182525635,0.9917239546775818,True,False,True,0.8432937264442444,0.23074258863925934
1058,True,RIGHT_ELBOW,0.8349294066429138,0.23207314312458038,-0.15115652978420258,0.9284971356391907,0.995500385761261,True,False,True,0.8349294066429138,0.23207314312458038
1059,True,RIGHT_ELBOW,0.8232883810997009,0.23379582166671753,-0.16868330538272858,0.9344286918640137,0.994239330291748,True,False,True,0.8232883810997009,0.23379582166671753
1060,True,RIGHT_ELBOW,0.8112746477127075,0.23139242827892303,-0.24147115647792816,0.9397648572921753,0.9907350540161133,True,False,True,0.8112746477127075,0.23139242827892303
1061,True,RIGHT_ELBOW,0.8045808672904968,0.23539485037326813,-0.2002691775560379,0.9455280303955078,0.9984121322631836,True,False,True,0.8045808672904968,0.23539485037326813
1062,True,RIGHT_ELBOW,0.7979543805122375,0.23526683449745178,-0.20776765048503876,0.9507229924201965,0.9988104104995728,True,False,True,0.7979543805122375,0.23526683449745178
1063,True,RIGHT_ELBOW,0.7871816754341125,0.2352421134710312,-0.19202324748039246,0.9554109573364258,0.9989171028137207,True,False,True,0.7871816754341125,0.2352421134710312
1064,True,RIGHT_ELBOW,0.7882154583930969,0.23578926920890808,-0.14404690265655518,0.9594874382019043,0.9981815814971924,True,False,True,0.7882154583930969,0.23578926920890808
1065,True,RIGHT_ELBOW,0.7751141786575317,0.23476362228393555,-0.1613793522119522,0.9631892442703247,0.998802661895752,True,False,True,0.7751141786575317,0.23476362228393555
975,True,RIGHT_EYE,0.49056771397590637,0.2856248617172241,-0.03453373908996582,0.999953031539917,0.9999656677246094,True,False,True,0.49056771397590637,0.2856248617172241
976,True,RIGHT_EYE,0.4901293218135834,0.2835370600223541,-0.007964687421917915,0.9999569058418274,0.9999884366989136,True,False,True,0.4901293218135834,0.2835370600223541
977,True,RIGHT_EYE,0.4879118502140045,0.2836068570613861,-0.13960617780685425,0.9999604225158691,0.9999955892562866,True,False,True,0.4879118502140045,0.2836068570613861
978,True,RIGHT_EYE,0.48534467816352844,0.2838510274887085,-0.12052246928215027,0.999962329864502,0.9999889135360718,True,False,True,0.48534467816352844,0.2838510274887085
979,True,RIGHT_EYE,0.47988903522491455,0.2842814326286316,-0.100492924451828,0.9999638795852661,0.9999903440475464,True,False,True,0.47988903522491455,0.2842814326286316
980,True,RIGHT_EYE,0.4774157702922821,0.28430065512657166,-0.08629909157752991,0.9999656081199646,0.9999877214431763,True,False,True,0.4774157702922821,0.28430065512657166
981,True,RIGHT_EYE,0.4740189015865326,0.2844485640525818,-0.08039339631795883,0.9999672174453735,0.999990701675415,True,False,True,0.4740189015865326,0.2844485640525818
982,True,RIGHT_EYE,0.47128164768218994,0.2848188579082489,-0.12321535497903824,0.9999672174453735,0.999981164932251,True,False,True,0.47128164768218994,0.2848188579082489
983,True,RIGHT_EYE,0.4718420207500458,0.28483304381370544,-0.10489557683467865,0.999964714050293,0.9999444484710693,True,False,True,0.4718420207500458,0.28483304381370544
984,True,RIGHT_EYE,0.47223666310310364,0.2851760983467102,-0.1115170270204544,0.9999610781669617,0.9998767375946045,True,False,True,0.47223666310310364,0.2851760983467102
985,True,RIGHT_EYE,0.47024524211883545,0.2878202199935913,-0.039136894047260284,0.9999587535858154,0.9998795986175537,True,False,True,0.47024524211883545,0.2878202199935913
986,True,RIGHT_EYE,0.4695858657360077,0.2918989956378937,-0.03498641401529312,0.9999619722366333,0.9999561309814453,True,False,True,0.4695858657360077,0.2918989956378937
987,True,RIGHT_EYE,0.46971091628074646,0.29480573534965515,-0.028848053887486458,0.9999650716781616,0.9999570846557617,True,False,True,0.46971091628074646,0.29480573534965515
988,True,RIGHT_EYE,0.473529577255249,0.3018103837966919,-0.026196759194135666,0.9999552369117737,0.9998225569725037,True,False,True,0.473529577255249,0.3018103837966919
989,True,RIGHT_EYE,0.47269827127456665,0.31053030490875244,-0.05969531089067459,0.9999309778213501,0.9998001456260681,True,False,True,0.47269827127456665,0.31053030490875244
990,True,RIGHT_EYE,0.472721129655838,0.3226453363895416,-0.03865242376923561,0.9999244809150696,0.9999134540557861,True,False,True,0.472721129655838,0.3226453363895416
991,True,RIGHT_EYE,0.4710761606693268,0.33606278896331787,-0.11632043123245239,0.9999189376831055,0.9999477863311768,True,False,True,0.4710761606693268,0.33606278896331787
992,True,RIGHT_EYE,0.47104570269584656,0.3463585674762726,-0.12706777453422546,0.9999163150787354,0.9999535083770752,True,False,True,0.47104570269584656,0.3463585674762726
993,True,RIGHT_EYE,0.470796674489975,0.35270994901657104,-0.18825788795948029,0.9998692274093628,0.9998278617858887,True,False,True,0.470796674489975,0.35270994901657104
994,True,RIGHT_EYE,0.46936190128326416,0.36291542649269104,-0.18372990190982819,0.9998050928115845,0.9997912049293518,True,False,True,0.46936190128326416,0.36291542649269104
995,True,RIGHT_EYE,0.4688072204589844,0.3740977942943573,-0.3216082751750946,0.9996220469474792,0.9997867941856384,True,False,True,0.4688072204589844,0.3740977942943573
996,True,RIGHT_EYE,0.4705334007740021,0.37533682584762573,-0.35642683506011963,0.9995677471160889,0.9999414682388306,True,False,True,0.4705334007740021,0.37533682584762573
997,True,RIGHT_EYE,0.472011536359787,0.3800560534000397,-0.373158723115921,0.9991782903671265,0.999177873134613,True,False,True,0.472011536359787,0.3800560534000397
998,True,RIGHT_EYE,0.47662457823753357,0.38410308957099915,-0.3152190148830414,0.9988663196563721,0.9994291663169861,True,False,True,0.47662457823753357,0.38410308957099915
999,True,RIGHT_EYE,0.48469334840774536,0.3784184753894806,-0.27366822957992554,0.9962603449821472,0.9962886571884155,True,False,True,0.48469334840774536,0.3784184753894806
1000,True,RIGHT_EYE,0.49766671657562256,0.37375423312187195,-0.031804490834474564,0.9959665536880493,0.9977375268936157,True,False,True,0.49766671657562256,0.37375423312187195
1001,True,RIGHT_EYE,0.5466896295547485,0.3884730637073517,0.5785987377166748,0.9958861470222473,0.9999958276748657,True,False,True,0.5466896295547485,0.3884730637073517
1002,True,RIGHT_EYE,0.5522506833076477,0.3867284655570984,0.533803403377533,0.9959558248519897,0.9999924898147583,True,False,True,0.5522506833076477,0.3867284655570984
1003,True,RIGHT_EYE,0.619766891002655,0.4118615686893463,0.6373062133789062,0.9873969554901123,0.9999611377716064,True,False,True,0.619766891002655,0.4118615686893463
1004,True,RIGHT_EYE,0.6423307061195374,0.4329838752746582,0.5228164196014404,0.9882307052612305,0.9999831914901733,True,False,True,0.6423307061195374,0.4329838752746582
1005,True,RIGHT_EYE,0.6478265523910522,0.44289910793304443,0.4862598180770874,0.9893779754638672,0.9999957084655762,True,False,True,0.6478265523910522,0.44289910793304443
1006,True,RIGHT_EYE,0.6475198864936829,0.43923449516296387,0.453359454870224,0.9903331995010376,0.9999809265136719,True,False,True,0.6475198864936829,0.43923449516296387
1007,True,RIGHT_EYE,0.6461811661720276,0.43190252780914307,0.4789562523365021,0.989445149898529,0.9998998641967773,True,False,True,0.6461811661720276,0.43190252780914307
1008,True,RIGHT_EYE,0.6520600318908691,0.4279712438583374,0.5696663856506348,0.9901609420776367,0.999893069267273,True,False,True,0.6520600318908691,0.4279712438583374
1009,True,RIGHT_EYE,0.6637086272239685,0.4313288927078247,0.521310567855835,0.990860104560852,0.999944806098938,True,False,True,0.6637086272239685,0.4313288927078247
1010,True,RIGHT_EYE,0.6700536012649536,0.4379156529903412,0.5670901536941528,0.9913368821144104,0.999839186668396,True,False,True,0.6700536012649536,0.4379156529903412
1011,True,RIGHT_EYE,0.6795101165771484,0.43795299530029297,0.48645830154418945,0.9921892881393433,0.9999852180480957,True,False,True,0.6795101165771484,0.43795299530029297
1012,True,RIGHT_EYE,0.6821725964546204,0.4344830811023712,0.4668850004673004,0.9929669499397278,0.9999884366989136,True,False,True,0.6821725964546204,0.4344830811023712
1013,True,RIGHT_EYE,0.6861292719841003,0.4321160614490509,0.31300488114356995,0.9936633706092834,0.9999605417251587,True,False,True,0.6861292719841003,0.4321160614490509
1014,True,RIGHT_EYE,0.6937236189842224,0.41797688603401184,0.2787926495075226,0.9942954778671265,0.9999699592590332,True,False,True,0.6937236189842224,0.41797688603401184
1015,True,RIGHT_EYE,0.696042001247406,0.4063556492328644,0.25266706943511963,0.994864821434021,0.9999843835830688,True,False,True,0.696042001247406,0.4063556492328644
1016,True,RIGHT_EYE,0.6969046592712402,0.39516720175743103,0.2839433550834656,0.9953754544258118,0.9999855756759644,True,False,True,0.6969046592712402,0.39516720175743103
1017,True,RIGHT_EYE,0.695502519607544,0.3778790235519409,0.48833775520324707,0.9957973957061768,0.9999734163284302,True,False,True,0.695502519607544,0.3778790235519409
1018,True,RIGHT_EYE,0.6914903521537781,0.36361971497535706,0.6038084626197815,0.9960780143737793,0.9999892711639404,True,False,True,0.6914903521537781,0.36361971497535706
1019,True,RIGHT_EYE,0.690031886100769,0.35123443603515625,0.6926007866859436,0.9963926076889038,0.9999986886978149,True,False,True,0.690031886100769,0.35123443603515625
1020,True,RIGHT_EYE,0.691412091255188,0.3427264392375946,0.6140772104263306,0.9966658353805542,0.9999959468841553,True,False,True,0.691412091255188,0.3427264392375946
1021,True,RIGHT_EYE,0.6952516436576843,0.3383573889732361,0.58985835313797,0.9969909191131592,0.9999974966049194,True,False,True,0.6952516436576843,0.3383573889732361
1022,True,RIGHT_EYE,0.6977115869522095,0.3315264880657196,0.5763124227523804,0.9972795248031616,0.9999945163726807,True,False,True,0.6977115869522095,0.3315264880657196
1023,True,RIGHT_EYE,0.6969207525253296,0.3290212154388428,0.5612344145774841,0.9975391626358032,0.9999815225601196,True,False,True,0.6969207525253296,0.3290212154388428
1024,True,RIGHT_EYE,0.6964985132217407,0.325901597738266,0.474120557308197,0.9977520704269409,0.9999276399612427,True,False,True,0.6964985132217407,0.325901597738266
1025,True,RIGHT_EYE,0.6996884942054749,0.3189898729324341,0.3790450096130371,0.9978953003883362,0.9996720552444458,True,False,True,0.6996884942054749,0.3189898729324341
1026,True,RIGHT_EYE,0.7030603289604187,0.31431952118873596,0.3064507842063904,0.9980560541152954,0.9998383522033691,True,False,True,0.7030603289604187,0.31431952118873596
1027,True,RIGHT_EYE,0.7069456577301025,0.3117194175720215,0.35207289457321167,0.9981927275657654,0.9998641014099121,True,False,True,0.7069456577301025,0.3117194175720215
1028,True,RIGHT_EYE,0.7107362747192383,0.31065207719802856,0.3960631191730499,0.9983543157577515,0.9999673366546631,True,False,True,0.7107362747192383,0.31065207719802856
1029,True,RIGHT_EYE,0.7140756249427795,0.30864664912223816,0.39777475595474243,0.9985072016716003,0.9999662637710571,True,False,True,0.7140756249427795,0.30864664912223816
1030,True,RIGHT_EYE,0.7218822240829468,0.30610570311546326,0.3711172938346863,0.9986534118652344,0.999991774559021,True,False,True,0.7218822240829468,0.30610570311546326
1031,True,RIGHT_EYE,0.7295027375221252,0.3067817687988281,0.35432061553001404,0.9987835884094238,0.999985933303833,True,False,True,0.7295027375221252,0.3067817687988281
1032,True,RIGHT_EYE,0.7355816960334778,0.3080875873565674,0.2980898916721344,0.9989030957221985,0.9999839067459106,True,False,True,0.7355816960334778,0.3080875873565674
1033,True,RIGHT_EYE,0.7469629049301147,0.3047477900981903,0.22643570601940155,0.9990108609199524,0.9999759197235107,True,False,True,0.7469629049301147,0.3047477900981903
1034,True,RIGHT_EYE,0.7616828083992004,0.302651584148407,0.20806682109832764,0.9991057515144348,0.9999535083770752,True,False,True,0.7616828083992004,0.302651584148407
1035,True,RIGHT_EYE,0.7701467275619507,0.29985690116882324,0.21354731917381287,0.9991884231567383,0.9999507665634155,True,False,True,0.7701467275619507,0.29985690116882324
1036,True,RIGHT_EYE,0.7785005569458008,0.29675406217575073,0.2066969871520996,0.9992580413818359,0.9999485015869141,True,False,True,0.7785005569458008,0.29675406217575073
1037,True,RIGHT_EYE,0.7885962724685669,0.2927549481391907,0.1983705461025238,0.9992896318435669,0.9998866319656372,True,False,True,0.7885962724685669,0.2927549481391907
1038,True,RIGHT_EYE,0.8025920391082764,0.2905656695365906,0.17173945903778076,0.9992341995239258,0.9998371601104736,True,False,True,0.8025920391082764,0.2905656695365906
1039,True,RIGHT_EYE,0.815081000328064,0.2880438268184662,0.16867271065711975,0.999164342880249,0.999826967716217,True,False,True,0.815081000328064,0.2880438268184662
1040,True,RIGHT_EYE,0.8215306401252747,0.2853838801383972,0.19632220268249512,0.9991286993026733,0.9996045231819153,True,False,True,0.8215306401252747,0.2853838801383972
1041,True,RIGHT_EYE,0.8398124575614929,0.2833152413368225,0.20412534475326538,0.9990626573562622,0.9992399215698242,True,False,True,0.8398124575614929,0.2833152413368225
1042,True,RIGHT_EYE,0.8602683544158936,0.28015321493148804,0.19842365384101868,0.9990524649620056,0.9992675185203552,True,False,True,0.8602683544158936,0.28015321493148804
1043,True,RIGHT_EYE,0.8788923621177673,0.2805213928222656,0.10222566872835159,0.9990981221199036,0.99915611743927,True,False,True,0.8788923621177673,0.2805213928222656
1044,True,RIGHT_EYE,0.892830491065979,0.28079620003700256,0.11479856073856354,0.9991369843482971,0.999143123626709,True,False,True,0.892830491065979,0.28079620003700256
1045,True,RIGHT_EYE,0.8920944929122925,0.2809065878391266,0.14394769072532654,0.9991773962974548,0.999638557434082,True,False,True,0.8920944929122925,0.2809065878391266
1046,True,RIGHT_EYE,0.9107571840286255,0.2712712585926056,-0.13114124536514282,0.9992559552192688,0.9995672106742859,True,False,True,0.9107571840286255,0.2712712585926056
1047,True,RIGHT_EYE,0.9322578310966492,0.2806825339794159,-0.08448141813278198,0.999031126499176,0.9940766096115112,True,False,True,0.9322578310966492,0.2806825339794159
1048,True,RIGHT_EYE,0.9326630234718323,0.2810426652431488,-0.003034440102055669,0.9987182021141052,0.9720883369445801,True,False,True,0.9326630234718323,0.2810426652431488
1049,True,RIGHT_EYE,0.9422241449356079,0.2935064733028412,0.264242559671402,0.9707271456718445,0.7913411855697632,True,False,True,0.9422241449356079,0.2935064733028412
1050,True,RIGHT_EYE,0.9649062156677246,0.28466853499412537,0.0237494595348835,0.9688864946365356,0.7901471853256226,True,False,True,0.9649062156677246,0.28466853499412537
1051,True,RIGHT_EYE,0.9711214303970337,0.2837018370628357,-0.011612750589847565,0.9623642563819885,0.7313774824142456,True,False,True,0.9711214303970337,0.2837018370628357
1052,True,RIGHT_EYE,0.994964063167572,0.29128214716911316,0.036990366876125336,0.9618544578552246,0.9814427495002747,True,False,True,0.994964063167572,0.29128214716911316
1053,True,RIGHT_EYE,1.0032212734222412,0.30454936623573303,-0.024272987619042397,0.9141928553581238,0.3229791522026062,False,True,True,0.9634911020596822,0.24171467125415802
1054,False,RIGHT_EYE,,,,,,False,True,True,0.9320181409517924,0.19214719533920288
1055,True,RIGHT_EYE,0.9005451798439026,0.14257971942424774,-0.020814426243305206,0.9212490916252136,0.9981928467750549,True,False,True,0.9005451798439026,0.14257971942424774
1056,True,RIGHT_EYE,0.8991789221763611,0.13788622617721558,-0.08422667533159256,0.922457754611969,0.9565389156341553,True,False,True,0.8991789221763611,0.13788622617721558
1057,True,RIGHT_EYE,0.8991867303848267,0.12371953576803207,-0.1114666610956192,0.9290459752082825,0.9777823686599731,True,False,True,0.8991867303848267,0.12371953576803207
1058,True,RIGHT_EYE,0.8949110507965088,0.11570000648498535,-0.1273336261510849,0.9358786344528198,0.9935723543167114,True,False,True,0.8949110507965088,0.11570000648498535
1059,True,RIGHT_EYE,0.8860819339752197,0.11232838779687881,-0.15705712139606476,0.9422136545181274,0.9971262812614441,True,False,True,0.8860819339752197,0.11232838779687881
1060,True,RIGHT_EYE,0.8728939294815063,0.1119750365614891,-0.19432419538497925,0.947906494140625,0.9972463846206665,True,False,True,0.8728939294815063,0.1119750365614891
1061,True,RIGHT_EYE,0.8628929257392883,0.1133439689874649,-0.16390012204647064,0.953100860118866,0.999316930770874,True,False,True,0.8628929257392883,0.1133439689874649
1062,True,RIGHT_EYE,0.8599192500114441,0.11339376866817474,-0.16848121583461761,0.9577803611755371,0.9994021654129028,True,False,True,0.8599192500114441,0.11339376866817474
1063,True,RIGHT_EYE,0.848438024520874,0.11178174614906311,-0.20196950435638428,0.9619949460029602,0.9997549653053284,True,False,True,0.848438024520874,0.11178174614906311
1064,True,RIGHT_EYE,0.8454486131668091,0.11200372874736786,-0.19541321694850922,0.9657712578773499,0.9991705417633057,True,False,True,0.8454486131668091,0.11200372874736786
1065,True,RIGHT_EYE,0.8368915915489197,0.1109507828950882,-0.25662103295326233,0.9691881537437439,0.9997946619987488,True,False,True,0.8368915915489197,0.1109507828950882
975,True,RIGHT_EYE_INNER,0.4903785288333893,0.28654444217681885,-0.0346095897257328,0.999967098236084,0.9999704360961914,True,False,True,0.4903785288333893,0.28654444217681885
976,True,RIGHT_EYE_INNER,0.4897986054420471,0.2844504714012146,-0.00803175289183855,0.9999698400497437,0.9999898672103882,True,False,True,0.4897986054420471,0.2844504714012146
977,True,RIGHT_EYE_INNER,0.4881453514099121,0.2845357060432434,-0.13962073624134064,0.9999723434448242,0.9999964237213135,True,False,True,0.4881453514099121,0.2845357060432434
978,True,RIGHT_EYE_INNER,0.4852076768875122,0.2848310172557831,-0.12055008113384247,0.9999736547470093,0.9999904632568359,True,False,True,0.4852076768875122,0.2848310172557831
979,True,RIGHT_EYE_INNER,0.4792596697807312,0.2852550745010376,-0.1005067303776741,0.9999746680259705,0.9999915361404419,True,False,True,0.4792596697807312,0.2852550745010376
980,True,RIGHT_EYE_INNER,0.4762957692146301,0.2852780520915985,-0.08633019030094147,0.9999759197235107,0.9999892711639404,True,False,True,0.4762957692146301,0.2852780520915985
981,True,RIGHT_EYE_INNER,0.4729669988155365,0.28539279103279114,-0.08043251186609268,0.9999770522117615,0.9999920129776001,True,False,True,0.4729669988155365,0.28539279103279114
982,True,RIGHT_EYE_INNER,0.470584511756897,0.285711407661438,-0.12323983013629913,0.9999768137931824,0.9999833106994629,True,False,True,0.470584511756897,0.285711407661438
983,True,RIGHT_EYE_INNER,0.47101062536239624,0.2857275903224945,-0.10492198169231415,0.9999749064445496,0.9999483823776245,True,False,True,0.47101062536239624,0.2857275903224945
984,True,RIGHT_EYE_INNER,0.47148340940475464,0.28601354360580444,-0.11154372990131378,0.9999718070030212,0.9998816251754761,True,False,True,0.47148340940475464,0.28601354360580444
985,True,RIGHT_EYE_INNER,0.46910926699638367,0.2884864807128906,-0.03916560113430023,0.9999691247940063,0.9998795986175537,True,False,True,0.46910926699638367,0.2884864807128906
986,True,RIGHT_EYE_INNER,0.4682796895503998,0.29244470596313477,-0.03499804064631462,0.999971330165863,0.9999549388885498,True,False,True,0.4682796895503998,0.29244470596313477
987,True,RIGHT_EYE_INNER,0.4684208035469055,0.2952691912651062,-0.028842097148299217,0.999973475933075,0.999955415725708,True,False,True,0.4684208035469055,0.2952691912651062
988,True,RIGHT_EYE_INNER,0.47178924083709717,0.3021242022514343,-0.026192449033260345,0.9999638795852661,0.9998195767402649,True,False,True,0.47178924083709717,0.3021242022514343
989,True,RIGHT_EYE_INNER,0.47047358751296997,0.31101325154304504,-0.059710629284381866,0.9999393820762634,0.9997965693473816,True,False,True,0.47047358751296997,0.31101325154304504
990,True,RIGHT_EYE_INNER,0.4705616235733032,0.3230167329311371,-0.03863932937383652,0.9999322891235352,0.999910831451416,True,False,True,0.4705616235733032,0.3230167329311371
991,True,RIGHT_EYE_INNER,0.4690660238265991,0.33665934205055237,-0.11627690494060516,0.9999268054962158,0.9999464750289917,True,False,True,0.4690660238265991,0.33665934205055237
992,True,RIGHT_EYE_INNER,0.4691053628921509,0.3467404544353485,-0.1270204782485962,0.9999232888221741,0.9999516010284424,True,False,True,0.4691053628921509,0.3467404544353485
993,True,RIGHT_EYE_INNER,0.4689876437187195,0.35294368863105774,-0.18820331990718842,0.9998695254325867,0.9998154044151306,True,False,True,0.4689876437187195,0.35294368863105774
994,True,RIGHT_EYE_INNER,0.46793094277381897,0.36312586069107056,-0.18365570902824402,0.9997879862785339,0.9997766613960266,True,False,True,0.46793094277381897,0.36312586069107056
995,True,RIGHT_EYE_INNER,0.4676930606365204,0.3744979798793793,-0.3215591609477997,0.9995492696762085,0.9997908473014832,True,False,True,0.4676930606365204,0.3744979798793793
996,True,RIGHT_EYE_INNER,0.4699579179286957,0.37576791644096375,-0.3563877046108246,0.9994726181030273,0.9999439716339111,True,False,True,0.4699579179286957,0.37576791644096375
997,True,RIGHT_EYE_INNER,0.4717334508895874,0.38075512647628784,-0.3731508255004883,0.9991069436073303,0.9993543028831482,True,False,True,0.4717334508895874,0.38075512647628784
998,True,RIGHT_EYE_INNER,0.4771600663661957,0.38473033905029297,-0.3152013123035431,0.9987744092941284,0.9995424747467041,True,False,True,0.4771600663661957,0.38473033905029297
999,True,RIGHT_EYE_INNER,0.4844832420349121,0.3788570463657379,-0.27368035912513733,0.996249258518219,0.9964375495910645,True,False,True,0.4844832420349121,0.3788570463657379
1000,True,RIGHT_EYE_INNER,0.496383398771286,0.37407785654067993,-0.03182167559862137,0.995879054069519,0.9976590871810913,True,False,True,0.496383398771286,0.37407785654067993
1001,True,RIGHT_EYE_INNER,0.5452300906181335,0.3883124589920044,0.5786237716674805,0.9955940246582031,0.9999963045120239,True,False,True,0.5452300906181335,0.3883124589920044
1002,True,RIGHT_EYE_INNER,0.5501174926757812,0.38650789856910706,0.5338345766067505,0.995532751083374,0.999993085861206,True,False,True,0.5501174926757812,0.38650789856910706
1003,True,RIGHT_EYE_INNER,0.6173092126846313,0.41075611114501953,0.6373396515846252,0.9848452210426331,0.9999673366546631,True,False,True,0.6173092126846313,0.41075611114501953
1004,True,RIGHT_EYE_INNER,0.6405185461044312,0.4320806562900543,0.5228540301322937,0.9857860207557678,0.9999860525131226,True,False,True,0.6405185461044312,0.4320806562900543
1005,True,RIGHT_EYE_INNER,0.6462212800979614,0.442400187253952,0.486304372549057,0.987175464630127,0.9999963045120239,True,False,True,0.6462212800979614,0.442400187253952
1006,True,RIGHT_EYE_INNER,0.6460466980934143,0.4386749565601349,0.45339062809944153,0.9883583188056946,0.9999825954437256,True,False,True,0.6460466980934143,0.4386749565601349
1007,True,RIGHT_EYE_INNER,0.6436876654624939,0.430816650390625,0.4789574146270752,0.9875357747077942,0.9999003410339355,True,False,True,0.6436876654624939,0.430816650390625
1008,True,RIGHT_EYE_INNER,0.6489210724830627,0.426528662443161,0.5697365403175354,0.9884572625160217,0.9998906850814819,True,False,True,0.6489210724830627,0.426528662443161
1009,True,RIGHT_EYE_INNER,0.6607185006141663,0.4294324219226837,0.5213789939880371,0.9893237948417664,0.9999456405639648,True,False,True,0.6607185006141663,0.4294324219226837
1010,True,RIGHT_EYE_INNER,0.6675907969474792,0.4365611672401428,0.5671426653862,0.9899018406867981,0.999841570854187,True,False,True,0.6675907969474792,0.4365611672401428
1011,True,RIGHT_EYE_INNER,0.6781611442565918,0.4374457597732544,0.4864934980869293,0.9908989071846008,0.9999860525131226,True,False,True,0.6781611442565918,0.4374457597732544
1012,True,RIGHT_EYE_INNER,0.6813158988952637,0.43419191241264343,0.46701693534851074,0.9918057918548584,0.999988317489624,True,False,True,0.6813158988952637,0.43419191241264343
1013,True,RIGHT_EYE_INNER,0.6855791211128235,0.4332737922668457,0.313120573759079,0.992618978023529,0.9999603033065796,True,False,True,0.6855791211128235,0.4332737922668457
1014,True,RIGHT_EYE_INNER,0.693138837814331,0.4192635416984558,0.2788909077644348,0.9933557510375977,0.9999699592590332,True,False,True,0.693138837814331,0.4192635416984558
1015,True,RIGHT_EYE_INNER,0.6949551105499268,0.4069261848926544,0.2527359426021576,0.9940193891525269,0.9999833106994629,True,False,True,0.6949551105499268,0.4069261848926544
1016,True,RIGHT_EYE_INNER,0.6951131820678711,0.39542290568351746,0.2838986814022064,0.9946152567863464,0.9999849796295166,True,False,True,0.6951131820678711,0.39542290568351746
1017,True,RIGHT_EYE_INNER,0.6929301619529724,0.3773694336414337,0.48841819167137146,0.9951223134994507,0.9999721050262451,True,False,True,0.6929301619529724,0.3773694336414337
1018,True,RIGHT_EYE_INNER,0.6886434555053711,0.36282917857170105,0.6039108037948608,0.9955012798309326,0.9999896287918091,True,False,True,0.6886434555053711,0.36282917857170105
1019,True,RIGHT_EYE_INNER,0.6868220567703247,0.35025838017463684,0.6927128434181213,0.9958934783935547,0.9999988079071045,True,False,True,0.6868220567703247,0.35025838017463684
1020,True,RIGHT_EYE_INNER,0.6878309845924377,0.34168538451194763,0.6141646504402161,0.9962401390075684,0.999996542930603,True,False,True,0.6878309845924377,0.34168538451194763
1021,True,RIGHT_EYE_INNER,0.6917339563369751,0.3373892605304718,0.5899267792701721,0.9966095685958862,0.9999978542327881,True,False,True,0.6917339563369751,0.3373892605304718
1022,True,RIGHT_EYE_INNER,0.694058358669281,0.33016905188560486,0.5763838887214661,0.9969368577003479,0.9999953508377075,True,False,True,0.694058358669281,0.33016905188560486
1023,True,RIGHT_EYE_INNER,0.6932480335235596,0.32798251509666443,0.5613312125205994,0.9972307085990906,0.9999840259552002,True,False,True,0.6932480335235596,0.32798251509666443
1024,True,RIGHT_EYE_INNER,0.6929404735565186,0.3250404894351959,0.47421038150787354,0.9974755644798279,0.9999382495880127,True,False,True,0.6929404735565186,0.3250404894351959
1025,True,RIGHT_EYE_INNER,0.6960237622261047,0.31816405057907104,0.3791792690753937,0.9976515173912048,0.9996945858001709,True,False,True,0.6960237622261047,0.31816405057907104
1026,True,RIGHT_EYE_INNER,0.699367880821228,0.31353357434272766,0.30658212304115295,0.9978395700454712,0.9998458623886108,True,False,True,0.699367880821228,0.31353357434272766
1027,True,RIGHT_EYE_INNER,0.7031877636909485,0.310955286026001,0.35220247507095337,0.9980000853538513,0.9998737573623657,True,False,True,0.7031877636909485,0.310955286026001
1028,True,RIGHT_EYE_INNER,0.7070878148078918,0.3100390136241913,0.39617565274238586,0.9981808066368103,0.9999721050262451,True,False,True,0.7070878148078918,0.3100390136241913
1029,True,RIGHT_EYE_INNER,0.7101938724517822,0.3081873059272766,0.39787960052490234,0.9983510971069336,0.9999707937240601,True,False,True,0.7101938724517822,0.3081873059272766
1030,True,RIGHT_EYE_INNER,0.7180095314979553,0.3056812882423401,0.3712223172187805,0.9985127449035645,0.999993085861206,True,False,True,0.7180095314979553,0.3056812882423401
1031,True,RIGHT_EYE_INNER,0.7254387736320496,0.3064959645271301,0.3544260263442993,0.998656690120697,0.9999885559082031,True,False,True,0.7254387736320496,0.3064959645271301
1032,True,RIGHT_EYE_INNER,0.7313861846923828,0.30799388885498047,0.29816851019859314,0.9987889528274536,0.9999871253967285,True,False,True,0.7313861846923828,0.30799388885498047
1033,True,RIGHT_EYE_INNER,0.7432402968406677,0.30464625358581543,0.226511612534523,0.9989081025123596,0.9999796152114868,True,False,True,0.7432402968406677,0.30464625358581543
1034,True,RIGHT_EYE_INNER,0.7574272751808167,0.3024037182331085,0.20812174677848816,0.9990134835243225,0.9999610185623169,True,False,True,0.7574272751808167,0.3024037182331085
1035,True,RIGHT_EYE_INNER,0.7661681771278381,0.2996346652507782,0.2136039137840271,0.9991057515144348,0.9999586343765259,True,False,True,0.7661681771278381,0.2996346652507782
1036,True,RIGHT_EYE_INNER,0.7747278809547424,0.2965085208415985,0.2067318558692932,0.9991850256919861,0.9999551773071289,True,False,True,0.7747278809547424,0.2965085208415985
1037,True,RIGHT_EYE_INNER,0.7847073078155518,0.2925441861152649,0.19840431213378906,0.9992303848266602,0.999900221824646,True,False,True,0.7847073078155518,0.2925441861152649
1038,True,RIGHT_EYE_INNER,0.7983899116516113,0.2903013229370117,0.1717531383037567,0.9991928339004517,0.9998558759689331,True,False,True,0.7983899116516113,0.2903013229370117
1039,True,RIGHT_EYE_INNER,0.8111019730567932,0.287823885679245,0.1686643809080124,0.999134361743927,0.9998431205749512,True,False,True,0.8111019730567932,0.287823885679245
1040,True,RIGHT_EYE_INNER,0.81766676902771,0.2851388156414032,0.19629062712192535,0.9991178512573242,0.999649167060852,True,False,True,0.81766676902771,0.2851388156414032
1041,True,RIGHT_EYE_INNER,0.8350623846054077,0.2830677926540375,0.2040674388408661,0.9990547895431519,0.9993454813957214,True,False,True,0.8350623846054077,0.2830677926540375
1042,True,RIGHT_EYE_INNER,0.8557907342910767,0.28007274866104126,0.19838976860046387,0.9990559816360474,0.9993388056755066,True,False,True,0.8557907342910767,0.28007274866104126
1043,True,RIGHT_EYE_INNER,0.876209557056427,0.28044193983078003,0.10220891237258911,0.9991080164909363,0.999200165271759,True,False,True,0.876209557056427,0.28044193983078003
1044,True,RIGHT_EYE_INNER,0.8908107876777649,0.2808862626552582,0.11477573215961456,0.9991558194160461,0.9991822838783264,True,False,True,0.8908107876777649,0.2808862626552582
1045,True,RIGHT_EYE_INNER,0.8885247707366943,0.2810201048851013,0.143916517496109,0.9992007613182068,0.9996610879898071,True,False,True,0.8885247707366943,0.2810201048851013
1046,True,RIGHT_EYE_INNER,0.9094005823135376,0.27268773317337036,-0.13109266757965088,0.9992771148681641,0.9994871616363525,True,False,True,0.9094005823135376,0.27268773317337036
1047,True,RIGHT_EYE_INNER,0.9294183254241943,0.2814010679721832,-0.08405862748622894,0.9991250038146973,0.9942675828933716,True,False,True,0.9294183254241943,0.2814010679721832
1048,True,RIGHT_EYE_INNER,0.9328755140304565,0.2816448509693146,-0.0029936020728200674,0.9988747239112854,0.9727961421012878,True,False,True,0.9328755140304565,0.2816448509693146
1049,True,RIGHT_EYE_INNER,0.9612089395523071,0.2959679365158081,0.26430943608283997,0.9727333188056946,0.8002499938011169,True,False,True,0.9612089395523071,0.2959679365158081
1050,True,RIGHT_EYE_INNER,0.9679626226425171,0.28572049736976624,0.023812605068087578,0.9707984924316406,0.7672998309135437,True,False,True,0.9679626226425171,0.28572049736976624
1051,True,RIGHT_EYE_INNER,0.9714096784591675,0.2839091420173645,-0.01153953094035387,0.9640926122665405,0.7216383218765259,True,False,True,0.9714096784591675,0.2839091420173645
1052,True,RIGHT_EYE_INNER,1.000119924545288,0.29545852541923523,0.037026289850473404,0.9634215235710144,0.9811480641365051,True,False,True,1.000119924545288,0.29545852541923523
1053,True,RIGHT_EYE_INNER,1.0039161443710327,0.3055245876312256,-0.02416779287159443,0.9134488105773926,0.29537278413772583,False,True,True,0.9679897228876749,0.24460595349470776
1054,False,RIGHT_EYE_INNER,,,,,,False,True,True,0.9358595212300619,0.19375338157018027
1055,True,RIGHT_EYE_INNER,0.9037293195724487,0.14290080964565277,-0.02087792195379734,0.9210165739059448,0.9984326958656311,True,False,True,0.9037293195724487,0.14290080964565277
1056,True,RIGHT_EYE_INNER,0.9035354852676392,0.14158748090267181,-0.08422301709651947,0.9235464334487915,0.9568572640419006,True,False,True,0.9035354852676392,0.14158748090267181
1057,True,RIGHT_EYE_INNER,0.9033064842224121,0.1249130517244339,-0.11143464595079422,0.9301329255104065,0.9756867289543152,True,False,True,0.9033064842224121,0.1249130517244339
1058,True,RIGHT_EYE_INNER,0.8981116414070129,0.11604239046573639,-0.12732544541358948,0.9368894100189209,0.9933040738105774,True,False,True,0.8981116414070129,0.11604239046573639
1059,True,RIGHT_EYE_INNER,0.8897672295570374,0.11258486658334732,-0.1570429503917694,0.9431259632110596,0.9971235394477844,True,False,True,0.8897672295570374,0.11258486658334732
1060,True,RIGHT_EYE_INNER,0.8773550391197205,0.11195236444473267,-0.19430851936340332,0.9487298130989075,0.9972867965698242,True,False,True,0.8773550391197205,0.11195236444473267
1061,True,RIGHT_EYE_INNER,0.8671127557754517,0.11353220790624619,-0.16390033066272736,0.9538440704345703,0.9993512034416199,True,False,True,0.8671127557754517,0.11353220790624619
1062,True,RIGHT_EYE_INNER,0.8641828298568726,0.11362697929143906,-0.16848818957805634,0.9584510326385498,0.9994441866874695,True,False,True,0.8641828298568726,0.11362697929143906
1063,True,RIGHT_EYE_INNER,0.8527265787124634,0.11149115115404129,-0.20196238160133362,0.9625998735427856,0.9997628331184387,True,False,True,0.8527265787124634,0.11149115115404129
1064,True,RIGHT_EYE_INNER,0.8491887450218201,0.11161770671606064,-0.19539766013622284,0.9663185477256775,0.9991464614868164,True,False,True,0.8491887450218201,0.11161770671606064
1065,True,RIGHT_EYE_INNER,0.8410518169403076,0.11047915369272232,-0.2566114664077759,0.9696818590164185,0.9998058676719666,True,False,True,0.8410518169403076,0.11047915369272232
975,True,RIGHT_EYE_OUTER,0.49039262533187866,0.2844446301460266,-0.0345940925180912,0.9999555349349976,0.9999583959579468,True,False,True,0.49039262533187866,0.2844446301460266
976,True,RIGHT_EYE_OUTER,0.4900951087474823,0.2824377119541168,-0.008010240271687508,0.9999592900276184,0.9999860525131226,True,False,True,0.4900951087474823,0.2824377119541168
977,True,RIGHT_EYE_OUTER,0.4872666895389557,0.28250426054000854,-0.13959287106990814,0.9999626278877258,0.9999942779541016,True,False,True,0.4872666895389557,0.28250426054000854
978,True,RIGHT_EYE_OUTER,0.48509711027145386,0.28271985054016113,-0.1205509752035141,0.9999643564224243,0.9999866485595703,True,False,True,0.48509711027145386,0.28271985054016113
979,True,RIGHT_EYE_OUTER,0.4800914227962494,0.2831903100013733,-0.10049760341644287,0.9999657869338989,0.9999884366989136,True,False,True,0.4800914227962494,0.2831903100013733
980,True,RIGHT_EYE_OUTER,0.4782143533229828,0.28320229053497314,-0.0863013043999672,0.9999674558639526,0.9999856948852539,True,False,True,0.4782143533229828,0.28320229053497314
981,True,RIGHT_EYE_OUTER,0.47467339038848877,0.28341418504714966,-0.08041374385356903,0.999968945980072,0.9999891519546509,True,False,True,0.47467339038848877,0.28341418504714966
982,True,RIGHT_EYE_OUTER,0.4715999364852905,0.28385668992996216,-0.12323548644781113,0.9999688863754272,0.9999790191650391,True,False,True,0.4715999364852905,0.28385668992996216
983,True,RIGHT_EYE_OUTER,0.4723236560821533,0.28389355540275574,-0.10492799431085587,0.9999667406082153,0.9999403953552246,True,False,True,0.4723236560821533,0.28389355540275574
984,True,RIGHT_EYE_OUTER,0.47267624735832214,0.2843066155910492,-0.11155995726585388,0.9999626874923706,0.9998738765716553,True,False,True,0.47267624735832214,0.2843066155910492
985,True,RIGHT_EYE_OUTER,0.4710199236869812,0.2870851159095764,-0.039202701300382614,0.9999600052833557,0.9998797178268433,True,False,True,0.4710199236869812,0.2870851159095764
986,True,RIGHT_EYE_OUTER,0.4705143868923187,0.29123246669769287,-0.03501811996102333,0.9999629855155945,0.9999566078186035,True,False,True,0.4705143868923187,0.29123246669769287
987,True,RIGHT_EYE_OUTER,0.47061416506767273,0.2942323386669159,-0.0288645401597023,0.9999659061431885,0.9999576807022095,True,False,True,0.47061416506767273,0.2942323386669159
988,True,RIGHT_EYE_OUTER,0.47483131289482117,0.3014291822910309,-0.02625901624560356,0.9999569654464722,0.9998230338096619,True,False,True,0.47483131289482117,0.3014291822910309
989,True,RIGHT_EYE_OUTER,0.4742225706577301,0.31005966663360596,-0.05979969725012779,0.9999344348907471,0.9998014569282532,True,False,True,0.4742225706577301,0.31005966663360596
990,True,RIGHT_EYE_OUTER,0.4746643602848053,0.32195255160331726,-0.03876607492566109,0.9999309778213501,0.9999135732650757,True,False,True,0.4746643602848053,0.32195255160331726
991,True,RIGHT_EYE_OUTER,0.4728972911834717,0.33535870909690857,-0.11640013009309769,0.9999277591705322,0.9999488592147827,True,False,True,0.4728972911834717,0.33535870909690857
992,True,RIGHT_EYE_OUTER,0.47293707728385925,0.34578409790992737,-0.12712827324867249,0.9999269843101501,0.9999536275863647,True,False,True,0.47293707728385925,0.34578409790992737
993,True,RIGHT_EYE_OUTER,0.47241100668907166,0.35251638293266296,-0.18833483755588531,0.9998869895935059,0.9998283386230469,True,False,True,0.47241100668907166,0.35251638293266296
994,True,RIGHT_EYE_OUTER,0.47047412395477295,0.3630026578903198,-0.18382737040519714,0.9998219013214111,0.9997872710227966,True,False,True,0.47047412395477295,0.3630026578903198
995,True,RIGHT_EYE_OUTER,0.4698512852191925,0.3735765218734741,-0.32162734866142273,0.9996217489242554,0.9997779726982117,True,False,True,0.4698512852191925,0.3735765218734741
996,True,RIGHT_EYE_OUTER,0.47088688611984253,0.37492600083351135,-0.3564205765724182,0.9995574355125427,0.9999363422393799,True,False,True,0.47088688611984253,0.37492600083351135
997,True,RIGHT_EYE_OUTER,0.47195252776145935,0.37937578558921814,-0.3731432557106018,0.9990383386611938,0.9989829659461975,True,False,True,0.47195252776145935,0.37937578558921814
998,True,RIGHT_EYE_OUTER,0.4760529100894928,0.38345155119895935,-0.31513512134552,0.9986552000045776,0.9993519186973572,True,False,True,0.4760529100894928,0.38345155119895935
999,True,RIGHT_EYE_OUTER,0.4846402406692505,0.37799501419067383,-0.27358922362327576,0.9953847527503967,0.9960938096046448,True,False,True,0.4846402406692505,0.37799501419067383
1000,True,RIGHT_EYE_OUTER,0.4988950192928314,0.3734534680843353,-0.031856752932071686,0.995050847530365,0.9978141784667969,True,False,True,0.4988950192928314,0.3734534680843353
1001,True,RIGHT_EYE_OUTER,0.5505087375640869,0.38908931612968445,0.5784831643104553,0.9949194192886353,0.9999946355819702,True,False,True,0.5505087375640869,0.38908931612968445
1002,True,RIGHT_EYE_OUTER,0.5556616187095642,0.38724109530448914,0.5337070822715759,0.9949878454208374,0.9999905824661255,True,False,True,0.5556616187095642,0.38724109530448914
1003,True,RIGHT_EYE_OUTER,0.6220358610153198,0.412931352853775,0.6372401118278503,0.9856095910072327,0.9999468326568604,True,False,True,0.6220358610153198,0.412931352853775
1004,True,RIGHT_EYE_OUTER,0.6438230872154236,0.43377840518951416,0.5228471159934998,0.9864891767501831,0.9999768733978271,True,False,True,0.6438230872154236,0.43377840518951416
1005,True,RIGHT_EYE_OUTER,0.6492050886154175,0.44333261251449585,0.4862927496433258,0.9878138899803162,0.9999948740005493,True,False,True,0.6492050886154175,0.44333261251449585
1006,True,RIGHT_EYE_OUTER,0.6489229798316956,0.43973806500434875,0.4533488154411316,0.9889528751373291,0.999977707862854,True,False,True,0.6489229798316956,0.43973806500434875
1007,True,RIGHT_EYE_OUTER,0.6486480832099915,0.4334017038345337,0.4789157211780548,0.9886170625686646,0.999894380569458,True,False,True,0.6486480832099915,0.4334017038345337
1008,True,RIGHT_EYE_OUTER,0.6546919941902161,0.4293991029262543,0.569545328617096,0.989506185054779,0.9998922348022461,True,False,True,0.6546919941902161,0.4293991029262543
1009,True,RIGHT_EYE_OUTER,0.6660938262939453,0.43274423480033875,0.5211952924728394,0.9903154969215393,0.9999426603317261,True,False,True,0.6660938262939453,0.43274423480033875
1010,True,RIGHT_EYE_OUTER,0.6722501516342163,0.4391425848007202,0.5669173002243042,0.9908717274665833,0.9998264908790588,True,False,True,0.6722501516342163,0.4391425848007202
1011,True,RIGHT_EYE_OUTER,0.6806880831718445,0.4385119080543518,0.48637357354164124,0.9917740821838379,0.9999837875366211,True,False,True,0.6806880831718445,0.4385119080543518
1012,True,RIGHT_EYE_OUTER,0.6829249262809753,0.43493717908859253,0.46665525436401367,0.9925942420959473,0.9999878406524658,True,False,True,0.6829249262809753,0.43493717908859253
1013,True,RIGHT_EYE_OUTER,0.6865463256835938,0.43122726678848267,0.312831312417984,0.9933301210403442,0.9999552965164185,True,False,True,0.6865463256835938,0.43122726678848267
1014,True,RIGHT_EYE_OUTER,0.6940184235572815,0.41680705547332764,0.2786177098751068,0.9939960241317749,0.9999676942825317,True,False,True,0.6940184235572815,0.41680705547332764
1015,True,RIGHT_EYE_OUTER,0.6968117952346802,0.4057070314884186,0.2525326907634735,0.9945958256721497,0.9999841451644897,True,False,True,0.6968117952346802,0.4057070314884186
1016,True,RIGHT_EYE_OUTER,0.6981397867202759,0.39494916796684265,0.2835361957550049,0.9951345324516296,0.9999845027923584,True,False,True,0.6981397867202759,0.39494916796684265
1017,True,RIGHT_EYE_OUTER,0.6979301571846008,0.37814515829086304,0.48811230063438416,0.9955968260765076,0.999971866607666,True,False,True,0.6979301571846008,0.37814515829086304
1018,True,RIGHT_EYE_OUTER,0.6943197846412659,0.3645612597465515,0.6035907864570618,0.9959456324577332,0.9999876022338867,True,False,True,0.6943197846412659,0.3645612597465515
1019,True,RIGHT_EYE_OUTER,0.6931134462356567,0.35214492678642273,0.6923550367355347,0.9962952733039856,0.9999984502792358,True,False,True,0.6931134462356567,0.35214492678642273
1020,True,RIGHT_EYE_OUTER,0.6950296759605408,0.3439343571662903,0.6138338446617126,0.9966051578521729,0.9999949932098389,True,False,True,0.6950296759605408,0.3439343571662903
1021,True,RIGHT_EYE_OUTER,0.6986809968948364,0.3394445478916168,0.5896563529968262,0.9969378709793091,0.9999967813491821,True,False,True,0.6986809968948364,0.3394445478916168
1022,True,RIGHT_EYE_OUTER,0.7011470794677734,0.3328898847103119,0.5761574506759644,0.9972318410873413,0.9999933242797852,True,False,True,0.7011470794677734,0.3328898847103119
1023,True,RIGHT_EYE_OUTER,0.7003300786018372,0.330003559589386,0.5611484050750732,0.9974946975708008,0.9999780654907227,True,False,True,0.7003300786018372,0.330003559589386
1024,True,RIGHT_EYE_OUTER,0.6998197436332703,0.32672086358070374,0.4739599823951721,0.9977060556411743,0.9999146461486816,True,False,True,0.6998197436332703,0.32672086358070374
1025,True,RIGHT_EYE_OUTER,0.7031687498092651,0.31978216767311096,0.37881872057914734,0.9978381395339966,0.999642014503479,True,False,True,0.7031687498092651,0.31978216767311096
1026,True,RIGHT_EYE_OUTER,0.70665442943573,0.3152223527431488,0.30622410774230957,0.9979866743087769,0.9998332262039185,True,False,True,0.70665442943573,0.3152223527431488
1027,True,RIGHT_EYE_OUTER,0.710513174533844,0.3125099837779999,0.35185176134109497,0.9981074333190918,0.9998490810394287,True,False,True,0.710513174533844,0.3125099837779999
1028,True,RIGHT_EYE_OUTER,0.7144491672515869,0.311421662569046,0.39585447311401367,0.9982694387435913,0.9999599456787109,True,False,True,0.7144491672515869,0.311421662569046
1029,True,RIGHT_EYE_OUTER,0.7182567119598389,0.3093040883541107,0.39756685495376587,0.998426079750061,0.9999594688415527,True,False,True,0.7182567119598389,0.3093040883541107
1030,True,RIGHT_EYE_OUTER,0.7260439395904541,0.3067643940448761,0.3709063231945038,0.9985784888267517,0.9999898672103882,True,False,True,0.7260439395904541,0.3067643940448761
1031,True,RIGHT_EYE_OUTER,0.7338533401489258,0.3072914779186249,0.35410064458847046,0.9987133145332336,0.9999825954437256,True,False,True,0.7338533401489258,0.3072914779186249
1032,True,RIGHT_EYE_OUTER,0.7399617433547974,0.3083406984806061,0.2979007661342621,0.9988387823104858,0.9999794960021973,True,False,True,0.7399617433547974,0.3083406984806061
1033,True,RIGHT_EYE_OUTER,0.7508981823921204,0.3050447106361389,0.2262260615825653,0.9989522099494934,0.9999716281890869,True,False,True,0.7508981823921204,0.3050447106361389
1034,True,RIGHT_EYE_OUTER,0.7658761739730835,0.30299434065818787,0.20789426565170288,0.9990516901016235,0.9999450445175171,True,False,True,0.7658761739730835,0.30299434065818787
1035,True,RIGHT_EYE_OUTER,0.7742851376533508,0.3002103567123413,0.2133670151233673,0.9991378784179688,0.9999419450759888,True,False,True,0.7742851376533508,0.3002103567123413
1036,True,RIGHT_EYE_OUTER,0.7825725674629211,0.2971639335155487,0.20651549100875854,0.9992110729217529,0.9999407529830933,True,False,True,0.7825725674629211,0.2971639335155487
1037,True,RIGHT_EYE_OUTER,0.7928666472434998,0.2931327819824219,0.19818046689033508,0.9992464184761047,0.9998739957809448,True,False,True,0.7928666472434998,0.2931327819824219
1038,True,RIGHT_EYE_OUTER,0.8069748878479004,0.29099714756011963,0.17156869173049927,0.9991915225982666,0.9998155236244202,True,False,True,0.8069748878479004,0.29099714756011963
1039,True,RIGHT_EYE_OUTER,0.8191753029823303,0.2884179949760437,0.16852425038814545,0.9991198182106018,0.9998049139976501,True,False,True,0.8191753029823303,0.2884179949760437
1040,True,RIGHT_EYE_OUTER,0.8256036639213562,0.28584450483322144,0.19618891179561615,0.9991002082824707,0.9995505213737488,True,False,True,0.8256036639213562,0.28584450483322144
1041,True,RIGHT_EYE_OUTER,0.8444185256958008,0.2836427390575409,0.20397961139678955,0.9990485906600952,0.9991006851196289,True,False,True,0.8444185256958008,0.2836427390575409
1042,True,RIGHT_EYE_OUTER,0.8645462989807129,0.28033339977264404,0.1982615888118744,0.9990614652633667,0.9991899132728577,True,False,True,0.8645462989807129,0.28033339977264404
1043,True,RIGHT_EYE_OUTER,0.8814623355865479,0.28059276938438416,0.10207653790712357,0.9991169571876526,0.9991121888160706,True,False,True,0.8814623355865479,0.28059276938438416
1044,True,RIGHT_EYE_OUTER,0.894677460193634,0.2806212604045868,0.11461542546749115,0.99916672706604,0.9991255402565002,True,False,True,0.894677460193634,0.2806212604045868
1045,True,RIGHT_EYE_OUTER,0.8954811096191406,0.2807122766971588,0.14389413595199585,0.9992136359214783,0.9996315240859985,True,False,True,0.8954811096191406,0.2807122766971588
1046,True,RIGHT_EYE_OUTER,0.9118556380271912,0.26985540986061096,-0.1313478797674179,0.9992900490760803,0.9996262788772583,True,False,True,0.9118556380271912,0.26985540986061096
1047,True,RIGHT_EYE_OUTER,0.9327570796012878,0.2795211374759674,-0.08700668066740036,0.9991700053215027,0.9942589998245239,True,False,True,0.9327570796012878,0.2795211374759674
1048,True,RIGHT_EYE_OUTER,0.9323948621749878,0.28005748987197876,-0.003470327705144882,0.9989774227142334,0.9732296466827393,True,False,True,0.9323948621749878,0.28005748987197876
1049,True,RIGHT_EYE_OUTER,0.9427266716957092,0.2929549217224121,0.2638144791126251,0.9762758016586304,0.794252872467041,True,False,True,0.9427266716957092,0.2929549217224121
1050,True,RIGHT_EYE_OUTER,0.9641561508178711,0.2844088077545166,0.02336733043193817,0.9755294919013977,0.8101886510848999,True,False,True,0.9641561508178711,0.2844088077545166
1051,True,RIGHT_EYE_OUTER,0.9710793495178223,0.2835911810398102,-0.01200815662741661,0.9693487882614136,0.73780357837677,True,False,True,0.9710793495178223,0.2835911810398102
1052,True,RIGHT_EYE_OUTER,0.9885604381561279,0.29036685824394226,0.036642782390117645,0.9685048460960388,0.982069194316864,True,False,True,0.9885604381561279,0.29036685824394226
1053,True,RIGHT_EYE_OUTER,1.0023376941680908,0.3043611943721771,-0.0246302280575037,0.9225976467132568,0.35289472341537476,False,True,True,0.9581701755523682,0.24100198348363241
1054,False,RIGHT_EYE_OUTER,,,,,,False,True,True,0.9277799129486084,0.19163710872332257
1055,True,RIGHT_EYE_OUTER,0.8973896503448486,0.1422722339630127,-0.02094975672662258,0.9292082190513611,0.9978269934654236,True,False,True,0.8973896503448486,0.1422722339630127
1056,True,RIGHT_EYE_OUTER,0.896835207939148,0.1370372325181961,-0.08438298851251602,0.9312028884887695,0.9572675228118896,True,False,True,0.896835207939148,0.1370372325181961
1057,True,RIGHT_EYE_OUTER,0.8968599438667297,0.12294699251651764,-0.11163182556629181,0.9372236728668213,0.9804202318191528,True,False,True,0.8968599438667297,0.12294699251651764
1058,True,RIGHT_EYE_OUTER,0.8920670747756958,0.11526446044445038,-0.12745778262615204,0.9432902336120605,0.9939817786216736,True,False,True,0.8920670747756958,0.11526446044445038
1059,True,RIGHT_EYE_OUTER,0.8821475505828857,0.11202515661716461,-0.15715260803699493,0.9488969445228577,0.997150719165802,True,False,True,0.8821475505828857,0.11202515661716461
1060,True,RIGHT_EYE_OUTER,0.8684793710708618,0.11204631626605988,-0.1944144368171692,0.9539274573326111,0.9972200393676758,True,False,True,0.8684793710708618,0.11204631626605988
1061,True,RIGHT_EYE_OUTER,0.8582695126533508,0.11327572911977768,-0.16398297250270844,0.9585219025611877,0.9992903470993042,True,False,True,0.8582695126533508,0.11327572911977768
1062,True,RIGHT_EYE_OUTER,0.855380117893219,0.11330493539571762,-0.16856734454631805,0.9626604914665222,0.9993577599525452,True,False,True,0.855380117893219,0.11330493539571762
1063,True,RIGHT_EYE_OUTER,0.8439835906028748,0.11216548085212708,-0.20204967260360718,0.9663872122764587,0.9997448325157166,True,False,True,0.8439835906028748,0.11216548085212708
1064,True,RIGHT_EYE_OUTER,0.8414013385772705,0.11250419914722443,-0.19550691545009613,0.9697269201278687,0.9992005228996277,True,False,True,0.8414013385772705,0.11250419914722443
1065,True,RIGHT_EYE_OUTER,0.832477867603302,0.11151326447725296,-0.25666573643684387,0.9727481007575989,0.9997861981391907,True,False,True,0.832477867603302,0.11151326447725296
975,True,RIGHT_FOOT_INDEX,0.26200783252716064,0.5491957664489746,0.0505773164331913,0.9788225293159485,0.99989914894104,True,False,True,0.26200783252716064,0.5491957664489746
976,True,RIGHT_FOOT_INDEX,0.2620016038417816,0.5332615971565247,-0.04196326434612274,0.9784881472587585,0.9998769760131836,True,False,True,0.2620016038417816,0.5332615971565247
977,True,RIGHT_FOOT_INDEX,0.2655636966228485,0.5210409164428711,-0.21566712856292725,0.9777529239654541,0.999862790107727,True,False,True,0.2655636966228485,0.5210409164428711
978,True,RIGHT_FOOT_INDEX,0.2718676030635834,0.5130947828292847,-0.10148103535175323,0.9770936965942383,0.9998738765716553,True,False,True,0.2718676030635834,0.5130947828292847
979,True,RIGHT_FOOT_INDEX,0.2862345278263092,0.5115765929222107,-0.09138543158769608,0.9764652848243713,0.9998483657836914,True,False,True,0.2862345278263092,0.5115765929222107
980,True,RIGHT_FOOT_INDEX,0.30292701721191406,0.5154904127120972,0.01609882153570652,0.974576473236084,0.9998425245285034,True,False,True,0.30292701721191406,0.5154904127120972
981,True,RIGHT_FOOT_INDEX,0.32298868894577026,0.5252475142478943,0.01106031984090805,0.9719830751419067,0.9998592138290405,True,False,True,0.32298868894577026,0.5252475142478943
982,True,RIGHT_FOOT_INDEX,0.33512991666793823,0.5513876676559448,0.006294361315667629,0.9700825214385986,0.9998728036880493,True,False,True,0.33512991666793823,0.5513876676559448
983,True,RIGHT_FOOT_INDEX,0.34830424189567566,0.5779747366905212,0.0543208010494709,0.96800696849823,0.9998154044151306,True,False,True,0.34830424189567566,0.5779747366905212
984,True,RIGHT_FOOT_INDEX,0.3585675358772278,0.6049875617027283,0.3790750801563263,0.968289315700531,0.9999252557754517,True,False,True,0.3585675358772278,0.6049875617027283
985,True,RIGHT_FOOT_INDEX,0.35958799719810486,0.6353224515914917,0.47788766026496887,0.9695004224777222,0.9999390840530396,True,False,True,0.35958799719810486,0.6353224515914917
986,True,RIGHT_FOOT_INDEX,0.35297563672065735,0.6616377234458923,0.42048653960227966,0.9714471101760864,0.9999568462371826,True,False,True,0.35297563672065735,0.6616377234458923
987,True,RIGHT_FOOT_INDEX,0.34810110926628113,0.687619149684906,0.35271382331848145,0.9729719161987305,0.9999392032623291,True,False,True,0.34810110926628113,0.687619149684906
988,True,RIGHT_FOOT_INDEX,0.31936898827552795,0.7031782865524292,0.28117042779922485,0.9743722081184387,0.9999288320541382,True,False,True,0.31936898827552795,0.7031782865524292
989,True,RIGHT_FOOT_INDEX,0.28602275252342224,0.7144484519958496,0.17457564175128937,0.9755872488021851,0.9998326301574707,True,False,True,0.28602275252342224,0.7144484519958496
990,True,RIGHT_FOOT_INDEX,0.26374557614326477,0.7189537882804871,0.09602734446525574,0.9752691388130188,0.999610960483551,True,False,True,0.26374557614326477,0.7189537882804871
991,True,RIGHT_FOOT_INDEX,0.25527679920196533,0.7214886546134949,0.025342537090182304,0.9754181504249573,0.9997851252555847,True,False,True,0.25527679920196533,0.7214886546134949
992,True,RIGHT_FOOT_INDEX,0.26583796739578247,0.7234339118003845,0.09851597249507904,0.9735462069511414,0.9990772008895874,True,False,True,0.26583796739578247,0.7234339118003845
993,True,RIGHT_FOOT_INDEX,0.2727716565132141,0.7281999588012695,0.19412989914417267,0.9708259701728821,0.9991005659103394,True,False,True,0.2727716565132141,0.7281999588012695
994,True,RIGHT_FOOT_INDEX,0.2900737524032593,0.7352104783058167,0.18718905746936798,0.9699084758758545,0.9995396137237549,True,False,True,0.2900737524032593,0.7352104783058167
995,True,RIGHT_FOOT_INDEX,0.3587980568408966,0.7493927478790283,0.1863754838705063,0.9694167375564575,0.9994636178016663,True,False,True,0.3587980568408966,0.7493927478790283
996,True,RIGHT_FOOT_INDEX,0.3554112911224365,0.7486879825592041,0.1257709562778473,0.9699454307556152,0.9997879862785339,True,False,True,0.3554112911224365,0.7486879825592041
997,True,RIGHT_FOOT_INDEX,0.4239891469478607,0.7611506581306458,0.18982601165771484,0.9588213562965393,0.9994127750396729,True,False,True,0.4239891469478607,0.7611506581306458
998,True,RIGHT_FOOT_INDEX,0.45603522658348083,0.7683612704277039,0.24138787388801575,0.9224005937576294,0.9983401298522949,True,False,True,0.45603522658348083,0.7683612704277039
999,True,RIGHT_FOOT_INDEX,0.44301503896713257,0.7680298089981079,0.311380535364151,0.8584234714508057,0.9956862926483154,True,False,True,0.44301503896713257,0.7680298089981079
1000,True,RIGHT_FOOT_INDEX,0.47085699439048767,0.7602458596229553,0.3594632148742676,0.7973867058753967,0.9992977380752563,True,False,True,0.47085699439048767,0.7602458596229553
1001,True,RIGHT_FOOT_INDEX,0.4941423833370209,0.7579476237297058,-0.2159496396780014,0.8002458214759827,0.9999279975891113,True,False,True,0.4941423833370209,0.7579476237297058
1002,True,RIGHT_FOOT_INDEX,0.504092812538147,0.7615895867347717,-0.20073309540748596,0.793504536151886,0.9998488426208496,True,False,True,0.504092812538147,0.7615895867347717
1003,True,RIGHT_FOOT_INDEX,0.5084526538848877,0.7594210505485535,-0.09643342345952988,0.7949588894844055,0.9998118281364441,True,False,True,0.5084526538848877,0.7594210505485535
1004,True,RIGHT_FOOT_INDEX,0.5165917277336121,0.7641561031341553,-0.03063836693763733,0.7968536615371704,0.9998705387115479,True,False,True,0.5165917277336121,0.7641561031341553
1005,True,RIGHT_FOOT_INDEX,0.5085352659225464,0.7666943073272705,-0.24983225762844086,0.8095737099647522,0.9995416402816772,True,False,True,0.5085352659225464,0.7666943073272705
1006,True,RIGHT_FOOT_INDEX,0.5255102515220642,0.7715777158737183,-0.1398211270570755,0.8138532042503357,0.9973164200782776,True,False,True,0.5255102515220642,0.7715777158737183
1007,True,RIGHT_FOOT_INDEX,0.5113436579704285,0.7703648209571838,-0.3536643385887146,0.818800687789917,0.9848572015762329,True,False,True,0.5113436579704285,0.7703648209571838
1008,True,RIGHT_FOOT_INDEX,0.5371650457382202,0.7822611331939697,-0.4005497395992279,0.8252522945404053,0.9952768087387085,True,False,True,0.5371650457382202,0.7822611331939697
1009,True,RIGHT_FOOT_INDEX,0.5562811493873596,0.7816520929336548,-0.356454998254776,0.835717499256134,0.9922695159912109,True,False,True,0.5562811493873596,0.7816520929336548
1010,True,RIGHT_FOOT_INDEX,0.5510870814323425,0.7784536480903625,-0.16322769224643707,0.8123804926872253,0.9384337067604065,True,False,True,0.5510870814323425,0.7784536480903625
1011,True,RIGHT_FOOT_INDEX,0.557068943977356,0.7772486805915833,-0.21097521483898163,0.8222851753234863,0.9939213991165161,True,False,True,0.557068943977356,0.7772486805915833
1012,True,RIGHT_FOOT_INDEX,0.5563974380493164,0.7765557169914246,-0.23219257593154907,0.8367627263069153,0.9977971315383911,True,False,True,0.5563974380493164,0.7765557169914246
1013,True,RIGHT_FOOT_INDEX,0.5501176118850708,0.7757691144943237,-0.22060972452163696,0.8488002419471741,0.9971242547035217,True,False,True,0.5501176118850708,0.7757691144943237
1014,True,RIGHT_FOOT_INDEX,0.5450021028518677,0.7754004001617432,-0.24831721186637878,0.8611982464790344,0.9945283532142639,True,False,True,0.5450021028518677,0.7754004001617432
1015,True,RIGHT_FOOT_INDEX,0.5584915280342102,0.7799639105796814,-0.18988968431949615,0.8732820749282837,0.9953317046165466,True,False,True,0.5584915280342102,0.7799639105796814
1016,True,RIGHT_FOOT_INDEX,0.5615155100822449,0.7897560000419617,-0.17553673684597015,0.8832760453224182,0.9973390698432922,True,False,True,0.5615155100822449,0.7897560000419617
1017,True,RIGHT_FOOT_INDEX,0.5603291392326355,0.7903987169265747,-0.18287348747253418,0.8922284245491028,0.9976385831832886,True,False,True,0.5603291392326355,0.7903987169265747
1018,True,RIGHT_FOOT_INDEX,0.558942437171936,0.7921934723854065,-0.2604764699935913,0.900066077709198,0.9981067180633545,True,False,True,0.558942437171936,0.7921934723854065
1019,True,RIGHT_FOOT_INDEX,0.5569872260093689,0.7899872064590454,-0.40600040555000305,0.9071944355964661,0.9992560744285583,True,False,True,0.5569872260093689,0.7899872064590454
1020,True,RIGHT_FOOT_INDEX,0.5537550449371338,0.788652777671814,-0.3985402584075928,0.9103866219520569,0.9989368319511414,True,False,True,0.5537550449371338,0.788652777671814
1021,True,RIGHT_FOOT_INDEX,0.5527609586715698,0.7880461812019348,-0.38733774423599243,0.9137290120124817,0.9988856911659241,True,False,True,0.5527609586715698,0.7880461812019348
1022,True,RIGHT_FOOT_INDEX,0.552219569683075,0.7876333594322205,-0.3893677592277527,0.9163672924041748,0.9993009567260742,True,False,True,0.552219569683075,0.7876333594322205
1023,True,RIGHT_FOOT_INDEX,0.5514943599700928,0.7875329852104187,-0.35766929388046265,0.916221022605896,0.9988930821418762,True,False,True,0.5514943599700928,0.7875329852104187
1024,True,RIGHT_FOOT_INDEX,0.5424684882164001,0.7799813747406006,-0.34195852279663086,0.916254460811615,0.9982724189758301,True,False,True,0.5424684882164001,0.7799813747406006
1025,True,RIGHT_FOOT_INDEX,0.5407279133796692,0.7795089483261108,-0.21478654444217682,0.9136191606521606,0.9945417046546936,True,False,True,0.5407279133796692,0.7795089483261108
1026,True,RIGHT_FOOT_INDEX,0.5710715651512146,0.7805121541023254,-0.202346533536911,0.9186438322067261,0.9984618425369263,True,False,True,0.5710715651512146,0.7805121541023254
1027,True,RIGHT_FOOT_INDEX,0.565582811832428,0.7792711853981018,-0.1664120852947235,0.9239572286605835,0.999015212059021,True,False,True,0.565582811832428,0.7792711853981018
1028,True,RIGHT_FOOT_INDEX,0.5588760375976562,0.7789608240127563,-0.19451530277729034,0.9294736385345459,0.9995853304862976,True,False,True,0.5588760375976562,0.7789608240127563
1029,True,RIGHT_FOOT_INDEX,0.5463734269142151,0.7770124673843384,-0.20280742645263672,0.9337353706359863,0.9988332390785217,True,False,True,0.5463734269142151,0.7770124673843384
1030,True,RIGHT_FOOT_INDEX,0.5447875261306763,0.7756102085113525,-0.19688090682029724,0.9389715194702148,0.9996392726898193,True,False,True,0.5447875261306763,0.7756102085113525
1031,True,RIGHT_FOOT_INDEX,0.5448821187019348,0.7747457027435303,-0.19906966388225555,0.9437544345855713,0.9994732737541199,True,False,True,0.5448821187019348,0.7747457027435303
1032,True,RIGHT_FOOT_INDEX,0.5436722636222839,0.7744768261909485,-0.20805147290229797,0.9480603933334351,0.9992127418518066,True,False,True,0.5436722636222839,0.7744768261909485
1033,True,RIGHT_FOOT_INDEX,0.5370420217514038,0.773780882358551,-0.18193508684635162,0.952167809009552,0.9990770816802979,True,False,True,0.5370420217514038,0.773780882358551
1034,True,RIGHT_FOOT_INDEX,0.5378164052963257,0.7687510251998901,-0.1849084496498108,0.955117404460907,0.9986352324485779,True,False,True,0.5378164052963257,0.7687510251998901
1035,True,RIGHT_FOOT_INDEX,0.5438172221183777,0.7665196657180786,-0.18562576174736023,0.9567742347717285,0.9988948702812195,True,False,True,0.5438172221183777,0.7665196657180786
1036,True,RIGHT_FOOT_INDEX,0.5682724118232727,0.7634198069572449,-0.1690521538257599,0.9562430381774902,0.9991912245750427,True,False,True,0.5682724118232727,0.7634198069572449
1037,True,RIGHT_FOOT_INDEX,0.6204264760017395,0.7603997588157654,-0.11218329519033432,0.956000030040741,0.9997039437294006,True,False,True,0.6204264760017395,0.7603997588157654
1038,True,RIGHT_FOOT_INDEX,0.6638868451118469,0.7554506063461304,-0.09301787614822388,0.9527378678321838,0.9995829463005066,True,False,True,0.6638868451118469,0.7554506063461304
1039,True,RIGHT_FOOT_INDEX,0.6975029706954956,0.7527329325675964,-0.09494177252054214,0.9500556588172913,0.9995833039283752,True,False,True,0.6975029706954956,0.7527329325675964
1040,True,RIGHT_FOOT_INDEX,0.7744539976119995,0.7548290491104126,-0.20348238945007324,0.9453379511833191,0.9972749352455139,True,False,True,0.7744539976119995,0.7548290491104126
1041,True,RIGHT_FOOT_INDEX,0.8087512850761414,0.7549945712089539,-0.19870753586292267,0.9328463077545166,0.9784079790115356,True,False,True,0.8087512850761414,0.7549945712089539
1042,True,RIGHT_FOOT_INDEX,0.850456714630127,0.7556061744689941,-0.17406393587589264,0.929323673248291,0.9863925576210022,True,False,True,0.850456714630127,0.7556061744689941
1043,True,RIGHT_FOOT_INDEX,0.8954019546508789,0.7560847401618958,-0.0702534168958664,0.9316763281822205,0.9938374161720276,True,False,True,0.8954019546508789,0.7560847401618958
1044,True,RIGHT_FOOT_INDEX,0.9424096941947937,0.7577123641967773,-0.06290976703166962,0.9332541227340698,0.9957450032234192,True,False,True,0.9424096941947937,0.7577123641967773
1045,True,RIGHT_FOOT_INDEX,0.9883420467376709,0.7578409314155579,-0.0829836055636406,0.9348188638687134,0.997922956943512,True,False,True,0.9883420467376709,0.7578409314155579
1046,True,RIGHT_FOOT_INDEX,1.000043272972107,0.7574668526649475,-0.11103852838277817,0.9385018944740295,0.9910350441932678,True,False,True,1.000043272972107,0.7574668526649475
1047,True,RIGHT_FOOT_INDEX,1.0398346185684204,0.7720839977264404,-0.2918446660041809,0.9332540035247803,0.9600639939308167,True,False,True,1.0398346185684204,0.7720839977264404
1048,True,RIGHT_FOOT_INDEX,1.0474119186401367,0.7731968760490417,-0.21716512739658356,0.9275026917457581,0.9221405982971191,True,False,True,1.0474119186401367,0.7731968760490417
1049,True,RIGHT_FOOT_INDEX,0.9844563007354736,0.6956807971000671,-0.14387136697769165,0.875461757183075,0.9099559187889099,True,False,True,0.9844563007354736,0.6956807971000671
1050,True,RIGHT_FOOT_INDEX,1.0001388788223267,0.7608035802841187,-0.19927255809307098,0.8529624342918396,0.8376122713088989,True,False,True,1.0001388788223267,0.7608035802841187
1051,True,RIGHT_FOOT_INDEX,0.9650919437408447,0.7997783422470093,-0.2740367650985718,0.8401036858558655,0.9013358354568481,True,False,True,0.9650919437408447,0.7997783422470093
1052,True,RIGHT_FOOT_INDEX,0.9063470363616943,0.5918104648590088,-0.36503109335899353,0.8444351553916931,0.9569725394248962,True,False,True,0.9063470363616943,0.5918104648590088
1053,True,RIGHT_FOOT_INDEX,0.8288156986236572,0.7252715229988098,-0.31149008870124817,0.8487223386764526,0.9305779337882996,True,False,True,0.8288156986236572,0.7252715229988098
1054,False,RIGHT_FOOT_INDEX,,,,,,False,True,True,0.8710730969905853,0.6219459474086761
1055,True,RIGHT_FOOT_INDEX,0.9133304953575134,0.5186203718185425,0.026682332158088684,0.8075309991836548,0.9571221470832825,True,False,True,0.9133304953575134,0.5186203718185425
1056,True,RIGHT_FOOT_INDEX,0.8916515707969666,0.5016806721687317,0.035214152187108994,0.7830154895782471,0.848324179649353,True,False,True,0.8916515707969666,0.5016806721687317
1057,True,RIGHT_FOOT_INDEX,0.885066032409668,0.49285373091697693,0.028234533965587616,0.7703481316566467,0.9128007888793945,True,False,True,0.885066032409668,0.49285373091697693
1058,True,RIGHT_FOOT_INDEX,0.8856508731842041,0.49165892601013184,0.02005019783973694,0.7843862771987915,0.9770463109016418,True,False,True,0.8856508731842041,0.49165892601013184
1059,True,RIGHT_FOOT_INDEX,0.8848851323127747,0.49192550778388977,0.015375210903584957,0.8029311895370483,0.9902679324150085,True,False,True,0.8848851323127747,0.49192550778388977
1060,True,RIGHT_FOOT_INDEX,0.8831383585929871,0.49249184131622314,0.012314224615693092,0.8182017803192139,0.9914690852165222,True,False,True,0.8831383585929871,0.49249184131622314
1061,True,RIGHT_FOOT_INDEX,0.8814136385917664,0.49273231625556946,0.01825982891023159,0.8281263709068298,0.977508008480072,True,False,True,0.8814136385917664,0.49273231625556946
1062,True,RIGHT_FOOT_INDEX,0.8793832659721375,0.4917430579662323,0.018690500408411026,0.838206946849823,0.9800440669059753,True,False,True,0.8793832659721375,0.4917430579662323
1063,True,RIGHT_FOOT_INDEX,0.8778897523880005,0.4904255270957947,0.03765569254755974,0.8494154810905457,0.9968159794807434,True,False,True,0.8778897523880005,0.4904255270957947
1064,True,RIGHT_FOOT_INDEX,0.8772485256195068,0.4911538362503052,0.040039483457803726,0.8615725040435791,0.995474636554718,True,False,True,0.8772485256195068,0.4911538362503052
1065,True,RIGHT_FOOT_INDEX,0.8748879432678223,0.489557683467865,0.03627048432826996,0.871013879776001,0.9974377155303955,True,False,True,0.8748879432678223,0.489557683467865
975,True,RIGHT_HEEL,0.3415047824382782,0.5805460810661316,0.11809881031513214,0.971111536026001,0.9999755620956421,True,False,True,0.3415047824382782,0.5805460810661316
976,True,RIGHT_HEEL,0.34139978885650635,0.5714348554611206,0.03296063467860222,0.9710678458213806,0.9999703168869019,True,False,True,0.34139978885650635,0.5714348554611206
977,True,RIGHT_HEEL,0.34302008152008057,0.5607190132141113,-0.11371727287769318,0.9706226587295532,0.9999542236328125,True,False,True,0.34302008152008057,0.5607190132141113
978,True,RIGHT_HEEL,0.3517620265483856,0.5492634773254395,-0.010042223148047924,0.9706743359565735,0.9999608993530273,True,False,True,0.3517620265483856,0.5492634773254395
979,True,RIGHT_HEEL,0.36641091108322144,0.5449663996696472,-0.012896571308374405,0.9702799916267395,0.9999599456787109,True,False,True,0.36641091108322144,0.5449663996696472
980,True,RIGHT_HEEL,0.3851824998855591,0.5450221300125122,0.06928879022598267,0.9683260321617126,0.9999595880508423,True,False,True,0.3851824998855591,0.5450221300125122
981,True,RIGHT_HEEL,0.40584349632263184,0.5484287142753601,0.07010593265295029,0.9661039113998413,0.999967098236084,True,False,True,0.40584349632263184,0.5484287142753601
982,True,RIGHT_HEEL,0.42494532465934753,0.5651670694351196,0.07344771176576614,0.9643818140029907,0.9999687671661377,True,False,True,0.42494532465934753,0.5651670694351196
983,True,RIGHT_HEEL,0.4405898153781891,0.5824560523033142,0.11787164956331253,0.9610881209373474,0.9999475479125977,True,False,True,0.4405898153781891,0.5824560523033142
984,True,RIGHT_HEEL,0.44616761803627014,0.602348268032074,0.4119425415992737,0.961368203163147,0.9999790191650391,True,False,True,0.44616761803627014,0.602348268032074
985,True,RIGHT_HEEL,0.4454910457134247,0.6256300806999207,0.4937323331832886,0.961837887763977,0.999983549118042,True,False,True,0.4454910457134247,0.6256300806999207
986,True,RIGHT_HEEL,0.4360682964324951,0.6597256064414978,0.44924020767211914,0.9634484648704529,0.9999901056289673,True,False,True,0.4360682964324951,0.6597256064414978
987,True,RIGHT_HEEL,0.4313424825668335,0.6902098655700684,0.3929404318332672,0.9642910957336426,0.9999828338623047,True,False,True,0.4313424825668335,0.6902098655700684
988,True,RIGHT_HEEL,0.4017017185688019,0.7122594118118286,0.32583120465278625,0.9650060534477234,0.9999762773513794,True,False,True,0.4017017185688019,0.7122594118118286
989,True,RIGHT_HEEL,0.36803537607192993,0.7299823760986328,0.24964362382888794,0.9656851887702942,0.9999393224716187,True,False,True,0.36803537607192993,0.7299823760986328
990,True,RIGHT_HEEL,0.3425038158893585,0.737747073173523,0.16461601853370667,0.9636709094047546,0.9998021721839905,True,False,True,0.3425038158893585,0.737747073173523
991,True,RIGHT_HEEL,0.3379710912704468,0.7437222003936768,0.10619191080331802,0.9612807035446167,0.9999003410339355,True,False,True,0.3379710912704468,0.7437222003936768
992,True,RIGHT_HEEL,0.3446081280708313,0.7436767816543579,0.16572998464107513,0.9553528428077698,0.9994664788246155,True,False,True,0.3446081280708313,0.7436767816543579
993,True,RIGHT_HEEL,0.3526575267314911,0.7452832460403442,0.25428763031959534,0.9493628144264221,0.9995187520980835,True,False,True,0.3526575267314911,0.7452832460403442
994,True,RIGHT_HEEL,0.37022876739501953,0.7451072335243225,0.24409151077270508,0.9455405473709106,0.9997730851173401,True,False,True,0.37022876739501953,0.7451072335243225
995,True,RIGHT_HEEL,0.45570042729377747,0.7512250542640686,0.24635672569274902,0.9422787427902222,0.9997161030769348,True,False,True,0.45570042729377747,0.7512250542640686
996,True,RIGHT_HEEL,0.4387190639972687,0.7483645081520081,0.21849532425403595,0.9412633776664734,0.9998654127120972,True,False,True,0.4387190639972687,0.7483645081520081
997,True,RIGHT_HEEL,0.4873996675014496,0.7533820271492004,0.2879807651042938,0.9246886372566223,0.9996901750564575,True,False,True,0.4873996675014496,0.7533820271492004
998,True,RIGHT_HEEL,0.5174775123596191,0.7558431029319763,0.32576537132263184,0.892467200756073,0.9986357092857361,True,False,True,0.5174775123596191,0.7558431029319763
999,True,RIGHT_HEEL,0.5118587017059326,0.766609251499176,0.41592279076576233,0.8415839672088623,0.9891931414604187,True,False,True,0.5118587017059326,0.766609251499176
1000,True,RIGHT_HEEL,0.5101335048675537,0.758636474609375,0.41495567560195923,0.7916284799575806,0.9987336993217468,True,False,True,0.5101335048675537,0.758636474609375
1001,True,RIGHT_HEEL,0.516909658908844,0.7540252804756165,-0.12810790538787842,0.8094006180763245,0.9999425411224365,True,False,True,0.516909658908844,0.7540252804756165
1002,True,RIGHT_HEEL,0.5191078782081604,0.7557610869407654,-0.12312126904726028,0.8249388933181763,0.9999116659164429,True,False,True,0.5191078782081604,0.7557610869407654
1003,True,RIGHT_HEEL,0.5128706097602844,0.7536897659301758,-0.03501325473189354,0.8380539417266846,0.9998549222946167,True,False,True,0.5128706097602844,0.7536897659301758
1004,True,RIGHT_HEEL,0.5156232118606567,0.7549157738685608,0.06390346586704254,0.852847695350647,0.9999490976333618,True,False,True,0.5156232118606567,0.7549157738685608
1005,True,RIGHT_HEEL,0.5147230625152588,0.7545651197433472,-0.21904005110263824,0.8661476373672485,0.9998742341995239,True,False,True,0.5147230625152588,0.7545651197433472
1006,True,RIGHT_HEEL,0.5183987617492676,0.7543840408325195,-0.10745450854301453,0.8759517073631287,0.9990482926368713,True,False,True,0.5183987617492676,0.7543840408325195
1007,True,RIGHT_HEEL,0.5121676325798035,0.762230396270752,-0.26546379923820496,0.8803990483283997,0.9943630695343018,True,False,True,0.5121676325798035,0.762230396270752
1008,True,RIGHT_HEEL,0.5110758543014526,0.768246054649353,-0.29501885175704956,0.8887614011764526,0.9979944229125977,True,False,True,0.5110758543014526,0.768246054649353
1009,True,RIGHT_HEEL,0.5096035599708557,0.7732729911804199,-0.2675226032733917,0.8984287977218628,0.996856689453125,True,False,True,0.5096035599708557,0.7732729911804199
1010,True,RIGHT_HEEL,0.5117949843406677,0.7694486975669861,-0.10892800241708755,0.9016533493995667,0.9669421315193176,True,False,True,0.5117949843406677,0.7694486975669861
1011,True,RIGHT_HEEL,0.5109466314315796,0.7674509286880493,-0.1459829956293106,0.9107191562652588,0.9983304142951965,True,False,True,0.5109466314315796,0.7674509286880493
1012,True,RIGHT_HEEL,0.5076849460601807,0.7666217088699341,-0.14225922524929047,0.9192305207252502,0.9995038509368896,True,False,True,0.5076849460601807,0.7666217088699341
1013,True,RIGHT_HEEL,0.5042726397514343,0.7662447690963745,-0.13040269911289215,0.9264827966690063,0.9993847608566284,True,False,True,0.5042726397514343,0.7662447690963745
1014,True,RIGHT_HEEL,0.5000119805335999,0.766207754611969,-0.1509017050266266,0.9331393837928772,0.9990241527557373,True,False,True,0.5000119805335999,0.766207754611969
1015,True,RIGHT_HEEL,0.5001868009567261,0.7704127430915833,-0.09940783679485321,0.9389311671257019,0.999446451663971,True,False,True,0.5001868009567261,0.7704127430915833
1016,True,RIGHT_HEEL,0.5000551342964172,0.7757894396781921,-0.09470666199922562,0.9444919228553772,0.9994729161262512,True,False,True,0.5000551342964172,0.7757894396781921
1017,True,RIGHT_HEEL,0.4990324079990387,0.7765050530433655,-0.09654916077852249,0.9494978785514832,0.999284565448761,True,False,True,0.4990324079990387,0.7765050530433655
1018,True,RIGHT_HEEL,0.499105304479599,0.7796891927719116,-0.16137419641017914,0.9540199041366577,0.999333918094635,True,False,True,0.499105304479599,0.7796891927719116
1019,True,RIGHT_HEEL,0.4979759752750397,0.7777512073516846,-0.2715376019477844,0.9579593539237976,0.9996488094329834,True,False,True,0.4979759752750397,0.7777512073516846
1020,True,RIGHT_HEEL,0.4980078339576721,0.7765073180198669,-0.2788418233394623,0.9601597189903259,0.9993681311607361,True,False,True,0.4980078339576721,0.7765073180198669
1021,True,RIGHT_HEEL,0.49842575192451477,0.7767384052276611,-0.28654181957244873,0.9626007080078125,0.9994500279426575,True,False,True,0.49842575192451477,0.7767384052276611
1022,True,RIGHT_HEEL,0.49849626421928406,0.7764385342597961,-0.29263466596603394,0.9658235907554626,0.9997250437736511,True,False,True,0.49849626421928406,0.7764385342597961
1023,True,RIGHT_HEEL,0.4977875351905823,0.7761173248291016,-0.2712160348892212,0.9687803387641907,0.9995577931404114,True,False,True,0.4977875351905823,0.7761173248291016
1024,True,RIGHT_HEEL,0.4979126453399658,0.7728586196899414,-0.2538875341415405,0.9713539481163025,0.9992988109588623,True,False,True,0.4979126453399658,0.7728586196899414
1025,True,RIGHT_HEEL,0.49682754278182983,0.7715632915496826,-0.1375502049922943,0.9729085564613342,0.9967299699783325,True,False,True,0.49682754278182983,0.7715632915496826
1026,True,RIGHT_HEEL,0.49934515357017517,0.7694602012634277,-0.12096866220235825,0.9749583005905151,0.9993472695350647,True,False,True,0.49934515357017517,0.7694602012634277
1027,True,RIGHT_HEEL,0.4994308650493622,0.7706448435783386,-0.07824769616127014,0.9767857193946838,0.9994365572929382,True,False,True,0.4994308650493622,0.7706448435783386
1028,True,RIGHT_HEEL,0.4988842308521271,0.768920361995697,-0.09893250465393066,0.9781933426856995,0.9997468590736389,True,False,True,0.4988842308521271,0.768920361995697
1029,True,RIGHT_HEEL,0.4988727271556854,0.7679149508476257,-0.10423798114061356,0.9791182279586792,0.9991956353187561,True,False,True,0.4988727271556854,0.7679149508476257
1030,True,RIGHT_HEEL,0.4971153736114502,0.7657495141029358,-0.10020171850919724,0.980411171913147,0.999789297580719,True,False,True,0.4971153736114502,0.7657495141029358
1031,True,RIGHT_HEEL,0.49714258313179016,0.7642624974250793,-0.09609612822532654,0.9816104173660278,0.9996949434280396,True,False,True,0.49714258313179016,0.7642624974250793
1032,True,RIGHT_HEEL,0.4970678389072418,0.7625752091407776,-0.1088978499174118,0.9822059273719788,0.999603807926178,True,False,True,0.4970678389072418,0.7625752091407776
1033,True,RIGHT_HEEL,0.4972871243953705,0.7572046518325806,-0.07499819993972778,0.9826112985610962,0.9994877576828003,True,False,True,0.4972871243953705,0.7572046518325806
1034,True,RIGHT_HEEL,0.507133424282074,0.747661828994751,-0.08033902198076248,0.9820332527160645,0.9992750287055969,True,False,True,0.507133424282074,0.747661828994751
1035,True,RIGHT_HEEL,0.5335918068885803,0.7381606698036194,-0.08254995197057724,0.9802374839782715,0.9993784427642822,True,False,True,0.5335918068885803,0.7381606698036194
1036,True,RIGHT_HEEL,0.5472522974014282,0.7271584868431091,-0.07683418691158295,0.9758142232894897,0.9994334578514099,True,False,True,0.5472522974014282,0.7271584868431091
1037,True,RIGHT_HEEL,0.5755890607833862,0.7202497124671936,-0.03286050632596016,0.9731745719909668,0.9997920393943787,True,False,True,0.5755890607833862,0.7202497124671936
1038,True,RIGHT_HEEL,0.6077097654342651,0.7161765694618225,-0.023697754368185997,0.9632149934768677,0.9996930360794067,True,False,True,0.6077097654342651,0.7161765694618225
1039,True,RIGHT_HEEL,0.6417097449302673,0.716427743434906,-0.037362776696681976,0.9560964107513428,0.9996742010116577,True,False,True,0.6417097449302673,0.716427743434906
1040,True,RIGHT_HEEL,0.7019099593162537,0.7205526828765869,-0.14942163228988647,0.9514287710189819,0.998299777507782,True,False,True,0.7019099593162537,0.7205526828765869
1041,True,RIGHT_HEEL,0.7436423897743225,0.7237268090248108,-0.13550397753715515,0.9399480819702148,0.984621524810791,True,False,True,0.7436423897743225,0.7237268090248108
1042,True,RIGHT_HEEL,0.7780556678771973,0.7278390526771545,-0.1199120581150055,0.9353184103965759,0.9909365773200989,True,False,True,0.7780556678771973,0.7278390526771545
1043,True,RIGHT_HEEL,0.8175638318061829,0.7428569197654724,-0.02313878759741783,0.9341808557510376,0.9961526989936829,True,False,True,0.8175638318061829,0.7428569197654724
1044,True,RIGHT_HEEL,0.8713505864143372,0.7502591013908386,-0.014141605235636234,0.9353007078170776,0.9974017143249512,True,False,True,0.8713505864143372,0.7502591013908386
1045,True,RIGHT_HEEL,0.9140849113464355,0.7584325075149536,-0.03339242935180664,0.9381434321403503,0.9987834095954895,True,False,True,0.9140849113464355,0.7584325075149536
1046,True,RIGHT_HEEL,0.9506506323814392,0.762026846408844,-0.030989577993750572,0.9407444000244141,0.995947539806366,True,False,True,0.9506506323814392,0.762026846408844
1047,True,RIGHT_HEEL,0.9856652021408081,0.7743635177612305,-0.17329618334770203,0.936398983001709,0.9712539911270142,True,False,True,0.9856652021408081,0.7743635177612305
1048,True,RIGHT_HEEL,0.9880455732345581,0.7690126299858093,-0.12665808200836182,0.9286797046661377,0.9511916637420654,True,False,True,0.9880455732345581,0.7690126299858093
1049,True,RIGHT_HEEL,0.9221850037574768,0.6875021457672119,-0.06294349581003189,0.8973157405853271,0.8415142893791199,True,False,True,0.9221850037574768,0.6875021457672119
1050,True,RIGHT_HEEL,0.9316620230674744,0.7500873804092407,-0.10726973414421082,0.8863285779953003,0.8238627314567566,True,False,True,0.9316620230674744,0.7500873804092407
1051,True,RIGHT_HEEL,0.9004368782043457,0.7700883746147156,-0.15876071155071259,0.8850768804550171,0.9018943905830383,True,False,True,0.9004368782043457,0.7700883746147156
1052,True,RIGHT_HEEL,0.894626259803772,0.5362322330474854,-0.29604285955429077,0.8789148926734924,0.9767410755157471,True,False,True,0.894626259803772,0.5362322330474854
1053,True,RIGHT_HEEL,0.805774450302124,0.5939042568206787,-0.2292279154062271,0.8755354285240173,0.9612621665000916,True,False,True,0.805774450302124,0.5939042568206787
1054,False,RIGHT_HEEL,,,,,,False,True,True,0.8450033068656921,0.5379239320755005
1055,True,RIGHT_HEEL,0.8842321634292603,0.48194360733032227,0.09805495291948318,0.8178137540817261,0.974443256855011,True,False,True,0.8842321634292603,0.48194360733032227
1056,True,RIGHT_HEEL,0.8782364130020142,0.47965338826179504,0.15633326768875122,0.7675920128822327,0.8933197855949402,True,False,True,0.8782364130020142,0.47965338826179504
1057,True,RIGHT_HEEL,0.8724884986877441,0.4783249497413635,0.14769630134105682,0.7246760129928589,0.9397615790367126,True,False,True,0.8724884986877441,0.4783249497413635
1058,True,RIGHT_HEEL,0.8719968795776367,0.47771650552749634,0.14829114079475403,0.7157645225524902,0.9892907738685608,True,False,True,0.8719968795776367,0.47771650552749634
1059,True,RIGHT_HEEL,0.8687362670898438,0.47543275356292725,0.15813586115837097,0.7205071449279785,0.9963452219963074,True,False,True,0.8687362670898438,0.47543275356292725
1060,True,RIGHT_HEEL,0.8648352026939392,0.4748879671096802,0.1629515141248703,0.7186373472213745,0.9962114095687866,True,False,True,0.8648352026939392,0.4748879671096802
1061,True,RIGHT_HEEL,0.8616032600402832,0.47497090697288513,0.1600409746170044,0.7092679142951965,0.990378737449646,True,False,True,0.8616032600402832,0.47497090697288513
1062,True,RIGHT_HEEL,0.8588470220565796,0.4740009307861328,0.1575317233800888,0.7050426006317139,0.9913029670715332,True,False,True,0.8588470220565796,0.4740009307861328
1063,True,RIGHT_HEEL,0.8573256134986877,0.4741894006729126,0.1767045259475708,0.7070282101631165,0.998457670211792,True,False,True,0.8573256134986877,0.4741894006729126
1064,True,RIGHT_HEEL,0.8562207818031311,0.4743405878543854,0.1802690476179123,0.7157530784606934,0.998264729976654,True,False,True,0.8562207818031311,0.4743405878543854
1065,True,RIGHT_HEEL,0.854113757610321,0.47406789660453796,0.17158029973506927,0.7214334011077881,0.9988290667533875,True,False,True,0.854113757610321,0.47406789660453796
975,True,RIGHT_HIP,0.5040915012359619,0.4691337049007416,0.16934503614902496,0.9999759197235107,0.9999951124191284,True,False,True,0.5040915012359619,0.4691337049007416
976,True,RIGHT_HIP,0.504245400428772,0.46599623560905457,0.17215709388256073,0.9999759197235107,0.9999964237213135,True,False,True,0.504245400428772,0.46599623560905457
977,True,RIGHT_HIP,0.5036965012550354,0.4632461667060852,0.17165857553482056,0.9999757409095764,0.9999948740005493,True,False,True,0.5036965012550354,0.4632461667060852
978,True,RIGHT_HIP,0.5040243864059448,0.4612533450126648,0.17415210604667664,0.9999744296073914,0.9999938011169434,True,False,True,0.5040243864059448,0.4612533450126648
979,True,RIGHT_HIP,0.5046803951263428,0.46054577827453613,0.17769308388233185,0.9999744296073914,0.9999970197677612,True,False,True,0.5046803951263428,0.46054577827453613
980,True,RIGHT_HIP,0.5067034959793091,0.4606318473815918,0.1798001527786255,0.9999740123748779,0.9999974966049194,True,False,True,0.5067034959793091,0.4606318473815918
981,True,RIGHT_HIP,0.5071670413017273,0.4619590640068054,0.18145568668842316,0.9999735951423645,0.9999977350234985,True,False,True,0.5071670413017273,0.4619590640068054
982,True,RIGHT_HIP,0.5071433782577515,0.4655984044075012,0.18358676135540009,0.9999725818634033,0.9999971389770508,True,False,True,0.5071433782577515,0.4655984044075012
983,True,RIGHT_HIP,0.5071309804916382,0.4740266501903534,0.18295496702194214,0.9999656081199646,0.9999840259552002,True,False,True,0.5071309804916382,0.4740266501903534
984,True,RIGHT_HIP,0.5071220993995667,0.4830315411090851,0.18473079800605774,0.9999560713768005,0.9999861717224121,True,False,True,0.5071220993995667,0.4830315411090851
985,True,RIGHT_HIP,0.5081947445869446,0.4917570948600769,0.19035710394382477,0.9999472498893738,0.9999921321868896,True,False,True,0.5081947445869446,0.4917570948600769
986,True,RIGHT_HIP,0.5096614360809326,0.4967643916606903,0.18922674655914307,0.9999458193778992,0.9999946355819702,True,False,True,0.5096614360809326,0.4967643916606903
987,True,RIGHT_HIP,0.514179527759552,0.5033958554267883,0.18914014101028442,0.9999410510063171,0.9999887943267822,True,False,True,0.514179527759552,0.5033958554267883
988,True,RIGHT_HIP,0.5167359709739685,0.5108827352523804,0.18407031893730164,0.9999080896377563,0.999921441078186,True,False,True,0.5167359709739685,0.5108827352523804
989,True,RIGHT_HIP,0.5185860395431519,0.5174955129623413,0.17801403999328613,0.9998746514320374,0.9998387098312378,True,False,True,0.5185860395431519,0.5174955129623413
990,True,RIGHT_HIP,0.5298528075218201,0.5265320539474487,0.1710759997367859,0.9998584985733032,0.9998711347579956,True,False,True,0.5298528075218201,0.5265320539474487
991,True,RIGHT_HIP,0.5282016396522522,0.5299475193023682,0.1640932708978653,0.9998669624328613,0.9999785423278809,True,False,True,0.5282016396522522,0.5299475193023682
992,True,RIGHT_HIP,0.5309157371520996,0.5407055616378784,0.15553505718708038,0.9998684525489807,0.9999470710754395,True,False,True,0.5309157371520996,0.5407055616378784
993,True,RIGHT_HIP,0.5313704013824463,0.5477535128593445,0.15197141468524933,0.9998688697814941,0.9999682903289795,True,False,True,0.5313704013824463,0.5477535128593445
994,True,RIGHT_HIP,0.530620276927948,0.5490868091583252,0.14555440843105316,0.9998615980148315,0.9999305009841919,True,False,True,0.530620276927948,0.5490868091583252
995,True,RIGHT_HIP,0.5201902389526367,0.5582496523857117,0.14238224923610687,0.9998515844345093,0.9999148845672607,True,False,True,0.5201902389526367,0.5582496523857117
996,True,RIGHT_HIP,0.5158591866493225,0.5599104166030884,0.14200766384601593,0.9998518228530884,0.9999500513076782,True,False,True,0.5158591866493225,0.5599104166030884
997,True,RIGHT_HIP,0.5036082863807678,0.5673289895057678,0.13252520561218262,0.9997699856758118,0.9997400641441345,True,False,True,0.5036082863807678,0.5673289895057678
998,True,RIGHT_HIP,0.498846173286438,0.5690023899078369,0.13767114281654358,0.9997162818908691,0.9998587369918823,True,False,True,0.498846173286438,0.5690023899078369
999,True,RIGHT_HIP,0.4970399737358093,0.5719139575958252,0.13295601308345795,0.9995236992835999,0.9989919066429138,True,False,True,0.4970399737358093,0.5719139575958252
1000,True,RIGHT_HIP,0.5164368748664856,0.5742291212081909,0.13148531317710876,0.9994847774505615,0.9997531771659851,True,False,True,0.5164368748664856,0.5742291212081909
1001,True,RIGHT_HIP,0.5386327505111694,0.5785404443740845,0.04127907380461693,0.9995183944702148,0.9999879598617554,True,False,True,0.5386327505111694,0.5785404443740845
1002,True,RIGHT_HIP,0.5449301600456238,0.5801023244857788,0.05906720459461212,0.9995413422584534,0.9999909400939941,True,False,True,0.5449301600456238,0.5801023244857788
1003,True,RIGHT_HIP,0.5408583879470825,0.5797547698020935,0.028581440448760986,0.999579906463623,0.9999686479568481,True,False,True,0.5408583879470825,0.5797547698020935
1004,True,RIGHT_HIP,0.5374367237091064,0.5770621299743652,0.04862396419048309,0.9996166825294495,0.9999706745147705,True,False,True,0.5374367237091064,0.5770621299743652
1005,True,RIGHT_HIP,0.5333297848701477,0.5679622292518616,0.04412832111120224,0.9996480941772461,0.9999779462814331,True,False,True,0.5333297848701477,0.5679622292518616
1006,True,RIGHT_HIP,0.5277503728866577,0.5528876781463623,0.018443593755364418,0.999675452709198,0.9999423027038574,True,False,True,0.5277503728866577,0.5528876781463623
1007,True,RIGHT_HIP,0.5215985178947449,0.53652024269104,0.010611509904265404,0.9996806979179382,0.9998766183853149,True,False,True,0.5215985178947449,0.53652024269104
1008,True,RIGHT_HIP,0.5199019908905029,0.5245637893676758,-0.010116889141499996,0.9996975064277649,0.9999463558197021,True,False,True,0.5199019908905029,0.5245637893676758
1009,True,RIGHT_HIP,0.5200350880622864,0.5183553099632263,-0.06261684745550156,0.9997221827507019,0.9999809265136719,True,False,True,0.5200350880622864,0.5183553099632263
1010,True,RIGHT_HIP,0.5200704336166382,0.5114376544952393,-0.05040241405367851,0.9997382760047913,0.9999508857727051,True,False,True,0.5200704336166382,0.5114376544952393
1011,True,RIGHT_HIP,0.5199258327484131,0.503283679485321,-0.10001660138368607,0.9997601509094238,0.999993085861206,True,False,True,0.5199258327484131,0.503283679485321
1012,True,RIGHT_HIP,0.5201044678688049,0.5008186101913452,-0.11702121049165726,0.9997831583023071,0.9999988079071045,True,False,True,0.5201044678688049,0.5008186101913452
1013,True,RIGHT_HIP,0.5201700329780579,0.4989754259586334,-0.11902913451194763,0.999803900718689,0.9999995231628418,True,False,True,0.5201700329780579,0.4989754259586334
1014,True,RIGHT_HIP,0.5202184915542603,0.497684121131897,-0.1105281338095665,0.9998224377632141,0.9999996423721313,True,False,True,0.5202184915542603,0.497684121131897
1015,True,RIGHT_HIP,0.5239406824111938,0.4999535381793976,-0.10012687742710114,0.9998396635055542,0.9999998807907104,True,False,True,0.5239406824111938,0.4999535381793976
1016,True,RIGHT_HIP,0.535973310470581,0.5017134547233582,-0.09484478831291199,0.9998531937599182,0.9999996423721313,True,False,True,0.535973310470581,0.5017134547233582
1017,True,RIGHT_HIP,0.5386621952056885,0.5034553408622742,-0.10514186322689056,0.9998593330383301,0.9999974966049194,True,False,True,0.5386621952056885,0.5034553408622742
1018,True,RIGHT_HIP,0.5442457795143127,0.5044416785240173,-0.10828939825296402,0.9998626112937927,0.9999905824661255,True,False,True,0.5442457795143127,0.5044416785240173
1019,True,RIGHT_HIP,0.5524414777755737,0.5011980533599854,-0.11849255114793777,0.9998735785484314,0.999994158744812,True,False,True,0.5524414777755737,0.5011980533599854
1020,True,RIGHT_HIP,0.5593776106834412,0.5009182095527649,-0.11672423779964447,0.9998787045478821,0.9999674558639526,True,False,True,0.5593776106834412,0.5009182095527649
1021,True,RIGHT_HIP,0.5685675144195557,0.5017482042312622,-0.09941285848617554,0.9998868107795715,0.9999759197235107,True,False,True,0.5685675144195557,0.5017482042312622
1022,True,RIGHT_HIP,0.5766242146492004,0.5024330615997314,-0.0955481007695198,0.9998936057090759,0.9999650716781616,True,False,True,0.5766242146492004,0.5024330615997314
1023,True,RIGHT_HIP,0.5820271372795105,0.5025008320808411,-0.09404239803552628,0.9998953938484192,0.9999097585678101,True,False,True,0.5820271372795105,0.5025008320808411
1024,True,RIGHT_HIP,0.5884377360343933,0.5036435127258301,-0.08600138127803802,0.9998874664306641,0.9997860789299011,True,False,True,0.5884377360343933,0.5036435127258301
1025,True,RIGHT_HIP,0.5924994945526123,0.505883514881134,-0.10874898731708527,0.9998746514320374,0.9993932247161865,True,False,True,0.5924994945526123,0.505883514881134
1026,True,RIGHT_HIP,0.5978084206581116,0.5073869824409485,-0.12371542304754257,0.9998790621757507,0.9998409748077393,True,False,True,0.5978084206581116,0.5073869824409485
1027,True,RIGHT_HIP,0.6048369407653809,0.5090724229812622,-0.11895965039730072,0.9998838901519775,0.9996716976165771,True,False,True,0.6048369407653809,0.5090724229812622
1028,True,RIGHT_HIP,0.6130300760269165,0.5106348395347595,-0.1174313947558403,0.9998907446861267,0.9997978806495667,True,False,True,0.6130300760269165,0.5106348395347595
1029,True,RIGHT_HIP,0.6220796704292297,0.5133361220359802,-0.11477292329072952,0.9998952746391296,0.9996435642242432,True,False,True,0.6220796704292297,0.5133361220359802
1030,True,RIGHT_HIP,0.6368069648742676,0.5170491337776184,-0.11408299207687378,0.9999033212661743,0.9999063014984131,True,False,True,0.6368069648742676,0.5170491337776184
1031,True,RIGHT_HIP,0.6525904536247253,0.5217719078063965,-0.11583014577627182,0.9999095797538757,0.9998608827590942,True,False,True,0.6525904536247253,0.5217719078063965
1032,True,RIGHT_HIP,0.6694949269294739,0.5239210724830627,-0.12148033082485199,0.9999133348464966,0.9998077750205994,True,False,True,0.6694949269294739,0.5239210724830627
1033,True,RIGHT_HIP,0.6827918291091919,0.5258029103279114,-0.12998317182064056,0.9999136924743652,0.9997357726097107,True,False,True,0.6827918291091919,0.5258029103279114
1034,True,RIGHT_HIP,0.6992098093032837,0.524743378162384,-0.1386830359697342,0.9999114274978638,0.999714195728302,True,False,True,0.6992098093032837,0.524743378162384
1035,True,RIGHT_HIP,0.7139080762863159,0.5245187282562256,-0.14186739921569824,0.9999058246612549,0.9997664093971252,True,False,True,0.7139080762863159,0.5245187282562256
1036,True,RIGHT_HIP,0.726661741733551,0.5211032032966614,-0.14284281432628632,0.9998927116394043,0.9997755885124207,True,False,True,0.726661741733551,0.5211032032966614
1037,True,RIGHT_HIP,0.743001401424408,0.5174107551574707,-0.14819587767124176,0.9998642206192017,0.9997902512550354,True,False,True,0.743001401424408,0.5174107551574707
1038,True,RIGHT_HIP,0.7568524479866028,0.5144737362861633,-0.14970065653324127,0.9998268485069275,0.9998358488082886,True,False,True,0.7568524479866028,0.5144737362861633
1039,True,RIGHT_HIP,0.7723721265792847,0.5125728845596313,-0.14852853119373322,0.9997894167900085,0.9999109506607056,True,False,True,0.7723721265792847,0.5125728845596313
1040,True,RIGHT_HIP,0.790154218673706,0.5053769946098328,-0.1470477432012558,0.9996645450592041,0.9996861219406128,True,False,True,0.790154218673706,0.5053769946098328
1041,True,RIGHT_HIP,0.799265444278717,0.500249981880188,-0.14594532549381256,0.999401330947876,0.9981932044029236,True,False,True,0.799265444278717,0.500249981880188
1042,True,RIGHT_HIP,0.8110673427581787,0.4979282319545746,-0.14758098125457764,0.9992743730545044,0.9989528656005859,True,False,True,0.8110673427581787,0.4979282319545746
1043,True,RIGHT_HIP,0.8279581665992737,0.4995916783809662,-0.1472288817167282,0.999237060546875,0.9996520280838013,True,False,True,0.8279581665992737,0.4995916783809662
1044,True,RIGHT_HIP,0.8454782962799072,0.5004210472106934,-0.14644907414913177,0.9991787672042847,0.9996826648712158,True,False,True,0.8454782962799072,0.5004210472106934
1045,True,RIGHT_HIP,0.8592074513435364,0.5010800957679749,-0.1367032527923584,0.9992168545722961,0.9998700618743896,True,False,True,0.8592074513435364,0.5010800957679749
1046,True,RIGHT_HIP,0.8511910438537598,0.5012866854667664,-0.12639568746089935,0.9992489218711853,0.9998268485069275,True,False,True,0.8511910438537598,0.5012866854667664
1047,True,RIGHT_HIP,0.8952886462211609,0.5003939867019653,-0.1243726834654808,0.9990622997283936,0.9986893534660339,True,False,True,0.8952886462211609,0.5003939867019653
1048,True,RIGHT_HIP,0.8994843363761902,0.4981800615787506,-0.1254294514656067,0.9987422227859497,0.9973495006561279,True,False,True,0.8994843363761902,0.4981800615787506
1049,True,RIGHT_HIP,0.9229794144630432,0.4974270462989807,-0.13611871004104614,0.99813312292099,0.9821902513504028,True,False,True,0.9229794144630432,0.4974270462989807
1050,True,RIGHT_HIP,0.9279763102531433,0.49813318252563477,-0.1366809904575348,0.9976367950439453,0.9902661442756653,True,False,True,0.9279763102531433,0.49813318252563477
1051,True,RIGHT_HIP,0.9382877349853516,0.500321626663208,-0.1354585886001587,0.9971040487289429,0.9793843626976013,True,False,True,0.9382877349853516,0.500321626663208
1052,True,RIGHT_HIP,0.9384081363677979,0.4840216338634491,-0.1403868943452835,0.9972221255302429,0.998903751373291,True,False,True,0.9384081363677979,0.4840216338634491
1053,True,RIGHT_HIP,0.9551856517791748,0.48645976185798645,-0.13618586957454681,0.9968874454498291,0.9610860347747803,True,False,True,0.9551856517791748,0.48645976185798645
1054,False,RIGHT_HIP,,,,,,False,True,True,0.9166167080402374,0.3922804743051529
1055,True,RIGHT_HIP,0.8780477643013,0.29810118675231934,-0.05527626723051071,0.9970426559448242,0.9986642599105835,True,False,True,0.8780477643013,0.29810118675231934
1056,True,RIGHT_HIP,0.8759490251541138,0.2946373522281647,-0.038553714752197266,0.9964936375617981,0.9902244210243225,True,False,True,0.8759490251541138,0.2946373522281647
1057,True,RIGHT_HIP,0.8704285621643066,0.2921793460845947,-0.041476164013147354,0.9963225722312927,0.9969700574874878,True,False,True,0.8704285621643066,0.2921793460845947
1058,True,RIGHT_HIP,0.8657962679862976,0.28967738151550293,-0.0415944829583168,0.9964559078216553,0.998027503490448,True,False,True,0.8657962679862976,0.28967738151550293
1059,True,RIGHT_HIP,0.8589071035385132,0.28887221217155457,-0.04244473949074745,0.9967085123062134,0.9985515475273132,True,False,True,0.8589071035385132,0.28887221217155457
1060,True,RIGHT_HIP,0.8527196049690247,0.28902631998062134,-0.04373953491449356,0.9969409108161926,0.9989104270935059,True,False,True,0.8527196049690247,0.28902631998062134
1061,True,RIGHT_HIP,0.8492761254310608,0.2894173860549927,-0.04383664205670357,0.9971789717674255,0.9994407296180725,True,False,True,0.8492761254310608,0.2894173860549927
1062,True,RIGHT_HIP,0.8459417819976807,0.28966307640075684,-0.04498448967933655,0.9973925948143005,0.9993382096290588,True,False,True,0.8459417819976807,0.28966307640075684
1063,True,RIGHT_HIP,0.8401106595993042,0.289236456155777,-0.05473946034908295,0.9976062774658203,0.9995661377906799,True,False,True,0.8401106595993042,0.289236456155777
1064,True,RIGHT_HIP,0.8388737440109253,0.28919288516044617,-0.05277341231703758,0.9977782964706421,0.9991724491119385,True,False,True,0.8388737440109253,0.28919288516044617
1065,True,RIGHT_HIP,0.8311044573783875,0.2877480387687683,-0.053498659282922745,0.9979417324066162,0.9994527697563171,True,False,True,0.8311044573783875,0.2877480387687683
975,True,RIGHT_INDEX,0.5017023086547852,0.3262346088886261,0.6568067073822021,0.1686575561761856,0.9999426603317261,False,False,False,,
976,True,RIGHT_INDEX,0.5326129198074341,0.3809736669063568,0.5640696883201599,0.16206695139408112,0.9999338388442993,False,False,False,,
977,True,RIGHT_INDEX,0.525783360004425,0.3644855320453644,0.5665584206581116,0.16455425322055817,0.9999659061431885,False,False,False,,
978,True,RIGHT_INDEX,0.47962599992752075,0.3414260149002075,0.5992833375930786,0.16470231115818024,0.9999274015426636,False,False,False,,
979,True,RIGHT_INDEX,0.4756501615047455,0.3364098072052002,0.7397449016571045,0.15807920694351196,0.9999092817306519,False,False,False,,
980,True,RIGHT_INDEX,0.4692222476005554,0.33159127831459045,0.7732982635498047,0.1491842120885849,0.9998654127120972,False,False,False,,
981,True,RIGHT_INDEX,0.4692104160785675,0.3308911621570587,0.7888782024383545,0.1409251093864441,0.999862551689148,False,False,False,,
982,True,RIGHT_INDEX,0.47350001335144043,0.3555007874965668,0.8427482843399048,0.13250745832920074,0.9998553991317749,False,False,False,,
983,True,RIGHT_INDEX,0.4762229025363922,0.35320940613746643,0.8243293762207031,0.12480458617210388,0.99967360496521,False,False,False,,
984,True,RIGHT_INDEX,0.4520261883735657,0.3536680340766907,0.7380256056785583,0.12401137501001358,0.9997398257255554,False,False,False,,
985,True,RIGHT_INDEX,0.4433319866657257,0.36244717240333557,0.6292064189910889,0.12259092926979065,0.9997950196266174,False,False,False,,
986,True,RIGHT_INDEX,0.4412503242492676,0.3848114013671875,0.3481312096118927,0.1248457133769989,0.9998385906219482,False,False,False,,
987,True,RIGHT_INDEX,0.4349381625652313,0.39505457878112793,-0.005806575063616037,0.12892816960811615,0.9998490810394287,False,False,False,,
988,True,RIGHT_INDEX,0.4221087396144867,0.4289228320121765,0.019288914278149605,0.13371603190898895,0.9995181560516357,False,False,False,,
989,True,RIGHT_INDEX,0.42199862003326416,0.4855678975582123,0.03567668795585632,0.14020036160945892,0.9991828799247742,False,False,False,,
990,True,RIGHT_INDEX,0.37053096294403076,0.48501119017601013,0.17088660597801208,0.16798022389411926,0.9995856881141663,False,False,False,,
991,True,RIGHT_INDEX,0.35458749532699585,0.49298030138015747,0.21771031618118286,0.21565517783164978,0.9998476505279541,False,False,False,,
992,True,RIGHT_INDEX,0.3232066333293915,0.4981667399406433,0.11839791387319565,0.2802155017852783,0.9998052716255188,False,False,False,,
993,True,RIGHT_INDEX,0.3032551407814026,0.4901747703552246,0.07534407079219818,0.34380263090133667,0.9998162388801575,False,False,False,,
994,True,RIGHT_INDEX,0.29561612010002136,0.4783785045146942,0.05988973379135132,0.40185341238975525,0.9994550347328186,False,False,False,,
995,True,RIGHT_INDEX,0.3034643232822418,0.4699913561344147,0.06439465284347534,0.4567924737930298,0.9991366267204285,False,False,False,,
996,True,RIGHT_INDEX,0.30309370160102844,0.4662623703479767,-0.024489618837833405,0.5093336701393127,0.9997629523277283,True,False,True,0.30309370160102844,0.4662623703479767
997,True,RIGHT_INDEX,0.3957086205482483,0.4810660481452942,0.07694008946418762,0.502152144908905,0.9988102912902832,True,False,True,0.3957086205482483,0.4810660481452942
998,True,RIGHT_INDEX,0.4166102707386017,0.45791488885879517,0.3505542278289795,0.5291215777397156,0.9995324611663818,True,False,True,0.4166102707386017,0.45791488885879517
999,True,RIGHT_INDEX,0.4458882212638855,0.461520791053772,0.5829352736473083,0.5077672600746155,0.992712140083313,True,False,True,0.4458882212638855,0.461520791053772
1000,True,RIGHT_INDEX,0.588829755783081,0.41554003953933716,0.6065398454666138,0.4689714014530182,0.9952690005302429,False,False,False,,
1001,True,RIGHT_INDEX,0.5577508211135864,0.5320031046867371,0.0896579697728157,0.4301648437976837,0.9984481334686279,False,False,False,,
1002,True,RIGHT_INDEX,0.558879554271698,0.5408374667167664,0.07389204949140549,0.3918660581111908,0.9970625042915344,False,False,False,,
1003,True,RIGHT_INDEX,0.5851145386695862,0.5610541105270386,0.6667263507843018,0.3637551963329315,0.9959906935691833,False,False,False,,
1004,True,RIGHT_INDEX,0.5960798263549805,0.550772488117218,0.7179931402206421,0.35263434052467346,0.998956561088562,False,False,False,,
1005,True,RIGHT_INDEX,0.6266636848449707,0.5394535064697266,0.6214814782142639,0.34711316227912903,0.9998593330383301,False,False,False,,
1006,True,RIGHT_INDEX,0.6260707974433899,0.5322409272193909,0.5649939775466919,0.3369448184967041,0.9994445443153381,False,False,False,,
1007,True,RIGHT_INDEX,0.6715423464775085,0.5851922631263733,0.29242759943008423,0.3390263319015503,0.9892149567604065,False,False,False,,
1008,True,RIGHT_INDEX,0.6202821135520935,0.5381829142570496,0.20602242648601532,0.3148634731769562,0.9900414347648621,False,False,False,,
1009,True,RIGHT_INDEX,0.6483410596847534,0.5369911193847656,0.22644706070423126,0.30466774106025696,0.9974098801612854,False,False,False,,
1010,True,RIGHT_INDEX,0.6845201849937439,0.5346787571907043,0.3092893362045288,0.3210327923297882,0.9978437423706055,False,False,False,,
1011,True,RIGHT_INDEX,0.7067529559135437,0.5184704065322876,0.21232151985168457,0.3658604025840759,0.9998052716255188,False,False,False,,
1012,True,RIGHT_INDEX,0.7126591801643372,0.5045374631881714,-0.020500995218753815,0.4187749922275543,0.999958872795105,False,False,False,,
1013,True,RIGHT_INDEX,0.710645854473114,0.49916207790374756,-0.16486042737960815,0.46718910336494446,0.9999651908874512,False,False,False,,
1014,True,RIGHT_INDEX,0.7194055914878845,0.4922785758972168,0.062211837619543076,0.504341185092926,0.9999632835388184,True,False,True,0.7194055914878845,0.4922785758972168
1015,True,RIGHT_INDEX,0.7128538489341736,0.477584570646286,0.24783945083618164,0.5049980282783508,0.9999529123306274,True,False,True,0.7128538489341736,0.477584570646286
1016,True,RIGHT_INDEX,0.7148319482803345,0.4887358546257019,0.3616129755973816,0.5010005235671997,0.9999178647994995,True,False,True,0.7148319482803345,0.4887358546257019
1017,True,RIGHT_INDEX,0.7183335423469543,0.4932749271392822,0.35505834221839905,0.4877582788467407,0.9998088479042053,False,True,True,0.7176015973091125,0.4894124170144399
1018,True,RIGHT_INDEX,0.7138610482215881,0.48739126324653625,0.30108729004859924,0.4778153598308563,0.9996716976165771,False,True,True,0.7203712463378906,0.4900889794031779
1019,True,RIGHT_INDEX,0.7231408953666687,0.4907655417919159,-0.14332085847854614,0.5078029036521912,0.9998898506164551,True,False,True,0.7231408953666687,0.4907655417919159
1020,True,RIGHT_INDEX,0.7199177742004395,0.4951224625110626,-0.26277250051498413,0.5425796508789062,0.99985671043396,True,False,True,0.7199177742004395,0.4951224625110626
1021,True,RIGHT_INDEX,0.7192262411117554,0.49279314279556274,-0.018236467614769936,0.5703449845314026,0.9998818635940552,True,False,True,0.7192262411117554,0.49279314279556274
1022,True,RIGHT_INDEX,0.7170687317848206,0.48340436816215515,0.4222101867198944,0.5819246768951416,0.9998575448989868,True,False,True,0.7170687317848206,0.48340436816215515
1023,True,RIGHT_INDEX,0.7150328755378723,0.4704350233078003,0.6270200610160828,0.5764997005462646,0.9996987581253052,True,False,True,0.7150328755378723,0.4704350233078003
1024,True,RIGHT_INDEX,0.7154176831245422,0.47490233182907104,0.5494802594184875,0.5841361880302429,0.9996071457862854,True,False,True,0.7154176831245422,0.47490233182907104
1025,True,RIGHT_INDEX,0.7202170491218567,0.47264254093170166,0.5447942614555359,0.5905155539512634,0.998433530330658,True,False,True,0.7202170491218567,0.47264254093170166
1026,True,RIGHT_INDEX,0.7258400917053223,0.4606790542602539,0.5395067930221558,0.571189820766449,0.9977444410324097,True,False,True,0.7258400917053223,0.4606790542602539
1027,True,RIGHT_INDEX,0.7360525727272034,0.44997844099998474,0.618699848651886,0.5551599264144897,0.9986017346382141,True,False,True,0.7360525727272034,0.44997844099998474
1028,True,RIGHT_INDEX,0.7538138628005981,0.450790673494339,0.6309690475463867,0.5526303052902222,0.9993796348571777,True,False,True,0.7538138628005981,0.450790673494339
1029,True,RIGHT_INDEX,0.7581132650375366,0.45251360535621643,0.5995717644691467,0.5417745113372803,0.9987940788269043,True,False,True,0.7581132650375366,0.45251360535621643
1030,True,RIGHT_INDEX,0.7771224975585938,0.44901469349861145,0.6068450212478638,0.540829062461853,0.9996095299720764,True,False,True,0.7771224975585938,0.44901469349861145
1031,True,RIGHT_INDEX,0.8052661418914795,0.4505026936531067,0.5659344792366028,0.5524770617485046,0.999555766582489,True,False,True,0.8052661418914795,0.4505026936531067
1032,True,RIGHT_INDEX,0.8170558214187622,0.46500644087791443,0.20370696485042572,0.5696889758110046,0.9993211030960083,True,False,True,0.8170558214187622,0.46500644087791443
1033,True,RIGHT_INDEX,0.8565889000892639,0.4831342101097107,0.029181139543652534,0.5999071002006531,0.9992859959602356,True,False,True,0.8565889000892639,0.4831342101097107
1034,True,RIGHT_INDEX,0.8683205246925354,0.4895501136779785,-0.03939360752701759,0.6277462840080261,0.9983717799186707,True,False,True,0.8683205246925354,0.4895501136779785
1035,True,RIGHT_INDEX,0.8680362105369568,0.4919288456439972,-0.015142765827476978,0.6525566577911377,0.9986444115638733,True,False,True,0.8680362105369568,0.4919288456439972
1036,True,RIGHT_INDEX,0.870477557182312,0.5055896639823914,-0.006454695016145706,0.672758936882019,0.9988116025924683,True,False,True,0.870477557182312,0.5055896639823914
1037,True,RIGHT_INDEX,0.8788779973983765,0.5080024600028992,-0.03943783789873123,0.6870359182357788,0.9990071654319763,True,False,True,0.8788779973983765,0.5080024600028992
1038,True,RIGHT_INDEX,0.8862195014953613,0.5138205885887146,-0.038039885461330414,0.7017170786857605,0.9983032941818237,True,False,True,0.8862195014953613,0.5138205885887146
1039,True,RIGHT_INDEX,0.8858506083488464,0.5247957110404968,-0.07433116436004639,0.7187055349349976,0.9985144734382629,True,False,True,0.8858506083488464,0.5247957110404968
1040,True,RIGHT_INDEX,0.882196307182312,0.5292876958847046,-0.11459705233573914,0.7218704223632812,0.9963898062705994,True,False,True,0.882196307182312,0.5292876958847046
1041,True,RIGHT_INDEX,0.8767984509468079,0.5309343338012695,-0.17411689460277557,0.7248972654342651,0.9929855465888977,True,False,True,0.8767984509468079,0.5309343338012695
1042,True,RIGHT_INDEX,0.8714484572410583,0.5234376788139343,-0.11325684934854507,0.721896767616272,0.9938858151435852,True,False,True,0.8714484572410583,0.5234376788139343
1043,True,RIGHT_INDEX,0.8685122728347778,0.5213529467582703,-0.18201187252998352,0.7287571430206299,0.9950756430625916,True,False,True,0.8685122728347778,0.5213529467582703
1044,True,RIGHT_INDEX,0.867557168006897,0.523888111114502,-0.19009441137313843,0.7422773241996765,0.9977387189865112,True,False,True,0.867557168006897,0.523888111114502
1045,True,RIGHT_INDEX,0.8686361908912659,0.5248541235923767,-0.3284447193145752,0.7575901746749878,0.9991914629936218,True,False,True,0.8686361908912659,0.5248541235923767
1046,True,RIGHT_INDEX,0.8486608862876892,0.5274904370307922,-0.3916246294975281,0.7744988799095154,0.9984287619590759,True,False,True,0.8486608862876892,0.5274904370307922
1047,True,RIGHT_INDEX,0.8500030636787415,0.5258112549781799,-0.4381582736968994,0.7803367376327515,0.9943491816520691,True,False,True,0.8500030636787415,0.5258112549781799
1048,True,RIGHT_INDEX,0.8518820405006409,0.5204957723617554,-0.3864050805568695,0.7910082936286926,0.9908493757247925,True,False,True,0.8518820405006409,0.5204957723617554
1049,True,RIGHT_INDEX,0.8632479310035706,0.5202538967132568,-0.44651520252227783,0.7952097058296204,0.9649097323417664,True,False,True,0.8632479310035706,0.5202538967132568
1050,True,RIGHT_INDEX,0.8728668093681335,0.520114541053772,-0.4524925947189331,0.7993383407592773,0.9764095544815063,True,False,True,0.8728668093681335,0.520114541053772
1051,True,RIGHT_INDEX,0.8812090158462524,0.520013153553009,-0.5172659158706665,0.8049899935722351,0.9660452008247375,True,False,True,0.8812090158462524,0.520013153553009
1052,True,RIGHT_INDEX,0.9007172584533691,0.5230960845947266,-0.2647656500339508,0.7991127967834473,0.9721993207931519,True,False,True,0.9007172584533691,0.5230960845947266
1053,True,RIGHT_INDEX,0.9079980254173279,0.5193705558776855,-0.26901474595069885,0.8022629618644714,0.9238128662109375,True,False,True,0.9079980254173279,0.5193705558776855
1054,False,RIGHT_INDEX,,,,,,False,True,True,0.9238658845424652,0.3388519510626793
1055,True,RIGHT_INDEX,0.9397337436676025,0.15833334624767303,-0.07244490087032318,0.8124265670776367,0.9977449178695679,True,False,True,0.9397337436676025,0.15833334624767303
1056,True,RIGHT_INDEX,0.9400535821914673,0.20371830463409424,-0.07882525026798248,0.8147097229957581,0.9940137267112732,True,False,True,0.9400535821914673,0.20371830463409424
1057,True,RIGHT_INDEX,0.9398812651634216,0.2224399447441101,-0.22605323791503906,0.8295699954032898,0.9989421963691711,True,False,True,0.9398812651634216,0.2224399447441101
1058,True,RIGHT_INDEX,0.9349167943000793,0.22104611992835999,-0.2310800403356552,0.8435564041137695,0.9995606541633606,True,False,True,0.9349167943000793,0.22104611992835999
1059,True,RIGHT_INDEX,0.9174335598945618,0.22612425684928894,-0.31856510043144226,0.8558738827705383,0.999572217464447,True,False,True,0.9174335598945618,0.22612425684928894
1060,True,RIGHT_INDEX,0.9017353057861328,0.2213275283575058,-0.44060075283050537,0.8653460741043091,0.9988645315170288,True,False,True,0.9017353057861328,0.2213275283575058
1061,True,RIGHT_INDEX,0.9040182828903198,0.22001740336418152,-0.3411718010902405,0.8778855204582214,0.9998841285705566,True,False,True,0.9040182828903198,0.22001740336418152
1062,True,RIGHT_INDEX,0.896307110786438,0.2245400995016098,-0.34738102555274963,0.889193594455719,0.9998612403869629,True,False,True,0.896307110786438,0.2245400995016098
1063,True,RIGHT_INDEX,0.883942723274231,0.23032128810882568,-0.2951872944831848,0.8981434106826782,0.9998525381088257,True,False,True,0.883942723274231,0.23032128810882568
1064,True,RIGHT_INDEX,0.8873651027679443,0.22847490012645721,-0.22983019053936005,0.9043485522270203,0.9997931122779846,True,False,True,0.8873651027679443,0.22847490012645721
1065,True,RIGHT_INDEX,0.8577147126197815,0.23280546069145203,-0.339345782995224,0.9110019207000732,0.9997355341911316,True,False,True,0.8577147126197815,0.23280546069145203
975,True,RIGHT_KNEE,0.3850914239883423,0.42959755659103394,0.025830082595348358,0.9666341543197632,0.9999902248382568,True,False,True,0.3850914239883423,0.42959755659103394
976,True,RIGHT_KNEE,0.3870394825935364,0.42373034358024597,0.0024944411125034094,0.9651034474372864,0.9999897480010986,True,False,True,0.3870394825935364,0.42373034358024597
977,True,RIGHT_KNEE,0.39313840866088867,0.41413402557373047,-0.07606793940067291,0.9635422825813293,0.9999858140945435,True,False,True,0.39313840866088867,0.41413402557373047
978,True,RIGHT_KNEE,0.39889654517173767,0.40428778529167175,-0.02239597775042057,0.9606486558914185,0.9999834299087524,True,False,True,0.39889654517173767,0.40428778529167175
979,True,RIGHT_KNEE,0.4042509198188782,0.4006623327732086,-0.015477560460567474,0.9574270844459534,0.9999890327453613,True,False,True,0.4042509198188782,0.4006623327732086
980,True,RIGHT_KNEE,0.40638384222984314,0.39981335401535034,0.032704126089811325,0.9529421925544739,0.9999868869781494,True,False,True,0.40638384222984314,0.39981335401535034
981,True,RIGHT_KNEE,0.40642550587654114,0.402925968170166,0.028123557567596436,0.9484723210334778,0.999987006187439,True,False,True,0.40642550587654114,0.402925968170166
982,True,RIGHT_KNEE,0.40614253282546997,0.4127132296562195,0.012780899181962013,0.9448665380477905,0.9999854564666748,True,False,True,0.40614253282546997,0.4127132296562195
983,True,RIGHT_KNEE,0.4053601026535034,0.43517836928367615,0.02426241524517536,0.9441591501235962,0.9999730587005615,True,False,True,0.4053601026535034,0.43517836928367615
984,True,RIGHT_KNEE,0.4011918902397156,0.4575682580471039,0.1880091279745102,0.9469015598297119,0.9999786615371704,True,False,True,0.4011918902397156,0.4575682580471039
985,True,RIGHT_KNEE,0.3973827362060547,0.4843864142894745,0.2501961886882782,0.9491392374038696,0.9999852180480957,True,False,True,0.3973827362060547,0.4843864142894745
986,True,RIGHT_KNEE,0.39577916264533997,0.5131548643112183,0.22830499708652496,0.9527563452720642,0.9999916553497314,True,False,True,0.39577916264533997,0.5131548643112183
987,True,RIGHT_KNEE,0.39560601115226746,0.5360730886459351,0.21558773517608643,0.9544238448143005,0.9999860525131226,True,False,True,0.39560601115226746,0.5360730886459351
988,True,RIGHT_KNEE,0.4001201093196869,0.5641853213310242,0.19031915068626404,0.9545584917068481,0.9999605417251587,True,False,True,0.4001201093196869,0.5641853213310242
989,True,RIGHT_KNEE,0.4037996828556061,0.5867051482200623,0.15720340609550476,0.9537115693092346,0.9998692274093628,True,False,True,0.4037996828556061,0.5867051482200623
990,True,RIGHT_KNEE,0.41343286633491516,0.6083731651306152,0.10590613633394241,0.9507938027381897,0.9998082518577576,True,False,True,0.41343286633491516,0.6083731651306152
991,True,RIGHT_KNEE,0.4148414134979248,0.6219220757484436,0.04518074542284012,0.9488160610198975,0.9999356269836426,True,False,True,0.4148414134979248,0.6219220757484436
992,True,RIGHT_KNEE,0.43295636773109436,0.6270827651023865,0.07882767170667648,0.9445506930351257,0.9998551607131958,True,False,True,0.43295636773109436,0.6270827651023865
993,True,RIGHT_KNEE,0.43394240736961365,0.6341313719749451,0.10566925257444382,0.9384101629257202,0.9998536109924316,True,False,True,0.43394240736961365,0.6341313719749451
994,True,RIGHT_KNEE,0.4312759339809418,0.6395278573036194,0.10550973564386368,0.9360429048538208,0.999883770942688,True,False,True,0.4312759339809418,0.6395278573036194
995,True,RIGHT_KNEE,0.4407244920730591,0.644841194152832,0.06661428511142731,0.9335744380950928,0.9998655319213867,True,False,True,0.4407244920730591,0.644841194152832
996,True,RIGHT_KNEE,0.4416195750236511,0.6455076336860657,0.04360897094011307,0.933591902256012,0.9999302625656128,True,False,True,0.4416195750236511,0.6455076336860657
997,True,RIGHT_KNEE,0.44551143050193787,0.6524254679679871,0.048543233424425125,0.9076903462409973,0.9993835687637329,True,False,True,0.44551143050193787,0.6524254679679871
998,True,RIGHT_KNEE,0.45548486709594727,0.6601028442382812,0.0572432316839695,0.8597860336303711,0.9979621171951294,True,False,True,0.45548486709594727,0.6601028442382812
999,True,RIGHT_KNEE,0.48209136724472046,0.6611547470092773,0.22062093019485474,0.7886888980865479,0.9928537011146545,True,False,True,0.48209136724472046,0.6611547470092773
1000,True,RIGHT_KNEE,0.49901753664016724,0.6601820588111877,0.3175070583820343,0.7261765003204346,0.9970845580101013,True,False,True,0.49901753664016724,0.6601820588111877
1001,True,RIGHT_KNEE,0.5137574672698975,0.666512131690979,0.23394908010959625,0.728771984577179,0.9993399977684021,True,False,True,0.5137574672698975,0.666512131690979
1002,True,RIGHT_KNEE,0.5141416192054749,0.6698157787322998,0.25857293605804443,0.7183160781860352,0.9990299940109253,True,False,True,0.5141416192054749,0.6698157787322998
1003,True,RIGHT_KNEE,0.5237324833869934,0.6602251529693604,0.21467113494873047,0.7324610352516174,0.9990680813789368,True,False,True,0.5237324833869934,0.6602251529693604
1004,True,RIGHT_KNEE,0.521888792514801,0.6583997011184692,0.25632554292678833,0.7571454048156738,0.9996209144592285,True,False,True,0.521888792514801,0.6583997011184692
1005,True,RIGHT_KNEE,0.5157699584960938,0.6560378670692444,0.14346684515476227,0.7787923216819763,0.9998179078102112,True,False,True,0.5157699584960938,0.6560378670692444
1006,True,RIGHT_KNEE,0.5103057622909546,0.6483432650566101,0.10986419022083282,0.7945331931114197,0.9994831085205078,True,False,True,0.5103057622909546,0.6483432650566101
1007,True,RIGHT_KNEE,0.5071734189987183,0.6481724977493286,0.010692425072193146,0.7844010591506958,0.9979909658432007,True,False,True,0.5071734189987183,0.6481724977493286
1008,True,RIGHT_KNEE,0.5062689185142517,0.650568962097168,-0.037990666925907135,0.7998313307762146,0.9983847141265869,True,False,True,0.5062689185142517,0.650568962097168
1009,True,RIGHT_KNEE,0.5083649158477783,0.6449706554412842,-0.056250426918268204,0.8181425929069519,0.9994553923606873,True,False,True,0.5083649158477783,0.6449706554412842
1010,True,RIGHT_KNEE,0.5101653933525085,0.6407294869422913,-0.01841980405151844,0.8312622904777527,0.9960314631462097,True,False,True,0.5101653933525085,0.6407294869422913
1011,True,RIGHT_KNEE,0.509734570980072,0.6327879428863525,-0.053495027124881744,0.8472583889961243,0.9996845722198486,True,False,True,0.509734570980072,0.6327879428863525
1012,True,RIGHT_KNEE,0.5098353624343872,0.6303417682647705,-0.1346106082201004,0.8622450232505798,0.9999362230300903,True,False,True,0.5098353624343872,0.6303417682647705
1013,True,RIGHT_KNEE,0.5106627345085144,0.630461573600769,-0.14704802632331848,0.8755286335945129,0.9999227523803711,True,False,True,0.5106627345085144,0.630461573600769
1014,True,RIGHT_KNEE,0.5106493830680847,0.631716251373291,-0.1210157722234726,0.8874377012252808,0.9999414682388306,True,False,True,0.5106493830680847,0.631716251373291
1015,True,RIGHT_KNEE,0.5127544403076172,0.6358927488327026,-0.07362702488899231,0.8978878259658813,0.9999908208847046,True,False,True,0.5127544403076172,0.6358927488327026
1016,True,RIGHT_KNEE,0.515590488910675,0.6360418796539307,-0.05998210608959198,0.9076794385910034,0.9999802112579346,True,False,True,0.515590488910675,0.6360418796539307
1017,True,RIGHT_KNEE,0.5186965465545654,0.6346181631088257,-0.058850713074207306,0.916344404220581,0.999951958656311,True,False,True,0.5186965465545654,0.6346181631088257
1018,True,RIGHT_KNEE,0.522361695766449,0.6327226758003235,-0.0896579846739769,0.9237677454948425,0.999916672706604,True,False,True,0.522361695766449,0.6327226758003235
1019,True,RIGHT_KNEE,0.5250836610794067,0.6281923055648804,-0.21471257507801056,0.9295722246170044,0.9999533891677856,True,False,True,0.5250836610794067,0.6281923055648804
1020,True,RIGHT_KNEE,0.5284929871559143,0.6253949999809265,-0.20435193181037903,0.9308310747146606,0.999885082244873,True,False,True,0.5284929871559143,0.6253949999809265
1021,True,RIGHT_KNEE,0.534458339214325,0.6264133453369141,-0.1823674887418747,0.9360539317131042,0.9999399185180664,True,False,True,0.534458339214325,0.6264133453369141
1022,True,RIGHT_KNEE,0.5401285290718079,0.6262666583061218,-0.15901845693588257,0.9421342015266418,0.9999370574951172,True,False,True,0.5401285290718079,0.6262666583061218
1023,True,RIGHT_KNEE,0.5456067323684692,0.6267622113227844,-0.14807458221912384,0.9477748870849609,0.9998799562454224,True,False,True,0.5456067323684692,0.6267622113227844
1024,True,RIGHT_KNEE,0.5487967729568481,0.6254861354827881,-0.13690288364887238,0.9528513550758362,0.9997044205665588,True,False,True,0.5487967729568481,0.6254861354827881
1025,True,RIGHT_KNEE,0.5547787547111511,0.6262413859367371,-0.12084551900625229,0.9571803212165833,0.9992289543151855,True,False,True,0.5547787547111511,0.6262413859367371
1026,True,RIGHT_KNEE,0.5627205967903137,0.627831220626831,-0.10839670896530151,0.9613240361213684,0.9998831748962402,True,False,True,0.5627205967903137,0.627831220626831
1027,True,RIGHT_KNEE,0.5750333666801453,0.6289099454879761,-0.10835730284452438,0.964968740940094,0.9998652935028076,True,False,True,0.5750333666801453,0.6289099454879761
1028,True,RIGHT_KNEE,0.578011155128479,0.6289947628974915,-0.11835382133722305,0.9682586193084717,0.9999264478683472,True,False,True,0.578011155128479,0.6289947628974915
1029,True,RIGHT_KNEE,0.5815526247024536,0.632123589515686,-0.12563872337341309,0.9711888432502747,0.9998158812522888,True,False,True,0.5815526247024536,0.632123589515686
1030,True,RIGHT_KNEE,0.5901392102241516,0.633720874786377,-0.12655006349086761,0.9739448428153992,0.999962568283081,True,False,True,0.5901392102241516,0.633720874786377
1031,True,RIGHT_KNEE,0.599488377571106,0.6350746750831604,-0.1284237504005432,0.976449728012085,0.9999300241470337,True,False,True,0.599488377571106,0.6350746750831604
1032,True,RIGHT_KNEE,0.6094316244125366,0.6372159123420715,-0.14138439297676086,0.9786832332611084,0.9998810291290283,True,False,True,0.6094316244125366,0.6372159123420715
1033,True,RIGHT_KNEE,0.6187213659286499,0.6399540901184082,-0.13890257477760315,0.9806526303291321,0.999853253364563,True,False,True,0.6187213659286499,0.6399540901184082
1034,True,RIGHT_KNEE,0.6422938108444214,0.6410128474235535,-0.15024419128894806,0.9823461771011353,0.9997962117195129,True,False,True,0.6422938108444214,0.6410128474235535
1035,True,RIGHT_KNEE,0.6735978722572327,0.6406025886535645,-0.16046042740345,0.9836188554763794,0.9998043179512024,True,False,True,0.6735978722572327,0.6406025886535645
1036,True,RIGHT_KNEE,0.7054004669189453,0.639525830745697,-0.15442200005054474,0.98361736536026,0.9998481273651123,True,False,True,0.7054004669189453,0.639525830745697
1037,True,RIGHT_KNEE,0.7321881055831909,0.6358268857002258,-0.13105659186840057,0.9824633598327637,0.9999055862426758,True,False,True,0.7321881055831909,0.6358268857002258
1038,True,RIGHT_KNEE,0.7596490383148193,0.6311113834381104,-0.11582335084676743,0.9790875315666199,0.9998311996459961,True,False,True,0.7596490383148193,0.6311113834381104
1039,True,RIGHT_KNEE,0.7890833020210266,0.6276388764381409,-0.08874017000198364,0.9754591584205627,0.9998064637184143,True,False,True,0.7890833020210266,0.6276388764381409
1040,True,RIGHT_KNEE,0.8271863460540771,0.6165009140968323,-0.09342172741889954,0.975197970867157,0.9994692206382751,True,False,True,0.8271863460540771,0.6165009140968323
1041,True,RIGHT_KNEE,0.85203617811203,0.6088716387748718,-0.13236424326896667,0.975225031375885,0.9965397119522095,True,False,True,0.85203617811203,0.6088716387748718
1042,True,RIGHT_KNEE,0.8691454529762268,0.6028295755386353,-0.13097497820854187,0.9759572148323059,0.9981676340103149,True,False,True,0.8691454529762268,0.6028295755386353
1043,True,RIGHT_KNEE,0.8855206966400146,0.6037673950195312,-0.08880733698606491,0.9773464798927307,0.9993081092834473,True,False,True,0.8855206966400146,0.6037673950195312
1044,True,RIGHT_KNEE,0.9029557108879089,0.6018587350845337,-0.09412842243909836,0.9788268804550171,0.9994321465492249,True,False,True,0.9029557108879089,0.6018587350845337
1045,True,RIGHT_KNEE,0.9177959561347961,0.6027449369430542,-0.07590261846780777,0.9796090126037598,0.9997190833091736,True,False,True,0.9177959561347961,0.6027449369430542
1046,True,RIGHT_KNEE,0.9206109046936035,0.604918897151947,-0.07211002707481384,0.9790336489677429,0.999382495880127,True,False,True,0.9206109046936035,0.604918897151947
1047,True,RIGHT_KNEE,0.945093035697937,0.6125243902206421,-0.1467013657093048,0.9741529822349548,0.9957488775253296,True,False,True,0.945093035697937,0.6125243902206421
1048,True,RIGHT_KNEE,0.9474933743476868,0.6157917976379395,-0.14114177227020264,0.9698924422264099,0.9929613471031189,True,False,True,0.9474933743476868,0.6157917976379395
1049,True,RIGHT_KNEE,0.9307461380958557,0.5920438170433044,-0.15461857616901398,0.9456669092178345,0.886480987071991,True,False,True,0.9307461380958557,0.5920438170433044
1050,True,RIGHT_KNEE,0.9604689478874207,0.6057420372962952,-0.15009133517742157,0.9255988597869873,0.967380166053772,True,False,True,0.9604689478874207,0.6057420372962952
1051,True,RIGHT_KNEE,0.9367883801460266,0.6178431510925293,-0.18881845474243164,0.9084715247154236,0.9673624038696289,True,False,True,0.9367883801460266,0.6178431510925293
1052,True,RIGHT_KNEE,0.9482313990592957,0.476438045501709,-0.37782227993011475,0.9078092575073242,0.9872416257858276,True,False,True,0.9482313990592957,0.476438045501709
1053,True,RIGHT_KNEE,0.9460307359695435,0.5306114554405212,-0.27366921305656433,0.9127264618873596,0.9753084182739258,True,False,True,0.9460307359695435,0.5306114554405212
1054,False,RIGHT_KNEE,,,,,,False,True,True,0.9202008545398712,0.4639950692653656
1055,True,RIGHT_KNEE,0.894370973110199,0.39737868309020996,-0.0985894575715065,0.871715784072876,0.9964773058891296,True,False,True,0.894370973110199,0.39737868309020996
1056,True,RIGHT_KNEE,0.8860989809036255,0.3851611912250519,-0.0647859126329422,0.8680294156074524,0.982205867767334,True,False,True,0.8860989809036255,0.3851611912250519
1057,True,RIGHT_KNEE,0.8780329823493958,0.3809383809566498,-0.061438631266355515,0.8684055805206299,0.9915227890014648,True,False,True,0.8780329823493958,0.3809383809566498
1058,True,RIGHT_KNEE,0.873680830001831,0.3790351450443268,-0.04820847138762474,0.8787268996238708,0.9982582926750183,True,False,True,0.873680830001831,0.3790351450443268
1059,True,RIGHT_KNEE,0.8703192472457886,0.37900087237358093,-0.056902725249528885,0.8897836804389954,0.9991002082824707,True,False,True,0.8703192472457886,0.37900087237358093
1060,True,RIGHT_KNEE,0.8654228448867798,0.3790839612483978,-0.055194370448589325,0.8992855548858643,0.9987867474555969,True,False,True,0.8654228448867798,0.3790839612483978
1061,True,RIGHT_KNEE,0.8614913821220398,0.3788456618785858,-0.0554509274661541,0.9069514274597168,0.9989069700241089,True,False,True,0.8614913821220398,0.3788456618785858
1062,True,RIGHT_KNEE,0.8599929809570312,0.37894466519355774,-0.05343000590801239,0.9140257239341736,0.998991072177887,True,False,True,0.8599929809570312,0.37894466519355774
1063,True,RIGHT_KNEE,0.8559653759002686,0.37872275710105896,-0.023100966587662697,0.9205009937286377,0.9997757077217102,True,False,True,0.8559653759002686,0.37872275710105896
1064,True,RIGHT_KNEE,0.8532550930976868,0.3783548176288605,-0.018657628446817398,0.9274318814277649,0.9997261166572571,True,False,True,0.8532550930976868,0.3783548176288605
1065,True,RIGHT_KNEE,0.8499631881713867,0.37776002287864685,-0.02005755342543125,0.9329808354377747,0.999778687953949,True,False,True,0.8499631881713867,0.37776002287864685
975,True,RIGHT_PINKY,0.4916609823703766,0.32774388790130615,0.6547994613647461,0.180508092045784,0.9999390840530396,False,False,False,,
976,True,RIGHT_PINKY,0.5219117999076843,0.3857887387275696,0.5651646256446838,0.1734621524810791,0.9999237060546875,False,False,False,,
977,True,RIGHT_PINKY,0.5165597200393677,0.36732226610183716,0.5796098113059998,0.1760323941707611,0.9999607801437378,False,False,False,,
978,True,RIGHT_PINKY,0.46760228276252747,0.34393110871315,0.6044749617576599,0.17597627639770508,0.999916672706604,False,False,False,,
979,True,RIGHT_PINKY,0.46428948640823364,0.33796918392181396,0.7439354658126831,0.16888397932052612,0.9998958110809326,False,False,False,,
980,True,RIGHT_PINKY,0.4600755274295807,0.33322155475616455,0.7777189016342163,0.15927785634994507,0.9998455047607422,False,False,False,,
981,True,RIGHT_PINKY,0.4598759114742279,0.33293893933296204,0.7936764359474182,0.15034441649913788,0.9998422861099243,False,False,False,,
982,True,RIGHT_PINKY,0.4628995358943939,0.35998091101646423,0.8478677868843079,0.14125441014766693,0.999828577041626,False,False,False,,
983,True,RIGHT_PINKY,0.46553027629852295,0.35829612612724304,0.8327960968017578,0.13285338878631592,0.9996153116226196,False,False,False,,
984,True,RIGHT_PINKY,0.44565609097480774,0.35805049538612366,0.7574668526649475,0.13133753836154938,0.9997146725654602,False,False,False,,
985,True,RIGHT_PINKY,0.43878990411758423,0.36748817563056946,0.6379942893981934,0.1296529471874237,0.9997934699058533,False,False,False,,
986,True,RIGHT_PINKY,0.43521469831466675,0.39019542932510376,0.3602122962474823,0.13161711394786835,0.9998338222503662,False,False,False,,
987,True,RIGHT_PINKY,0.42980632185935974,0.40439891815185547,0.0008901121909730136,0.13574236631393433,0.9998446702957153,False,False,False,,
988,True,RIGHT_PINKY,0.4241258502006531,0.4468754231929779,0.049857668578624725,0.1398376077413559,0.9994995594024658,False,False,False,,
989,True,RIGHT_PINKY,0.40953630208969116,0.48014938831329346,0.08000364154577255,0.14542019367218018,0.9991415739059448,False,False,False,,
990,True,RIGHT_PINKY,0.37646305561065674,0.48816820979118347,0.21943344175815582,0.17150898277759552,0.9995612502098083,False,False,False,,
991,True,RIGHT_PINKY,0.35588163137435913,0.4941990375518799,0.26750728487968445,0.21664747595787048,0.9998410940170288,False,False,False,,
992,True,RIGHT_PINKY,0.32959431409835815,0.4978853762149811,0.1705591380596161,0.2798895239830017,0.9997904896736145,False,False,False,,
993,True,RIGHT_PINKY,0.304334819316864,0.49030500650405884,0.12595894932746887,0.3424987494945526,0.9998013377189636,False,False,False,,
994,True,RIGHT_PINKY,0.2956496775150299,0.4794946610927582,0.10631410777568817,0.3995012044906616,0.9994015693664551,False,False,False,,
995,True,RIGHT_PINKY,0.30047607421875,0.47192448377609253,0.10968776792287827,0.45376551151275635,0.9990231990814209,False,False,False,,
996,True,RIGHT_PINKY,0.29983997344970703,0.4691126346588135,0.02352261357009411,0.5062838792800903,0.9997138381004333,True,False,True,0.29983997344970703,0.4691126346588135
997,True,RIGHT_PINKY,0.3874816596508026,0.4812666177749634,0.11505134403705597,0.4959217309951782,0.9987977743148804,False,True,True,0.35183489322662354,0.46172352135181427
998,True,RIGHT_PINKY,0.40382981300354004,0.45433440804481506,0.36806371808052063,0.5226761698722839,0.999517560005188,True,False,True,0.40382981300354004,0.45433440804481506
999,True,RIGHT_PINKY,0.4427982568740845,0.4635002911090851,0.6095703840255737,0.5000395178794861,0.9925141930580139,True,False,True,0.4427982568740845,0.4635002911090851
1000,True,RIGHT_PINKY,0.5957450866699219,0.41897064447402954,0.6163008809089661,0.461688756942749,0.9954637885093689,False,False,False,,
1001,True,RIGHT_PINKY,0.5632495284080505,0.5364199280738831,0.09943725913763046,0.4237902760505676,0.9987518787384033,False,False,False,,
1002,True,RIGHT_PINKY,0.5657811164855957,0.544563353061676,0.08636374771595001,0.38608524203300476,0.9976382255554199,False,False,False,,
1003,True,RIGHT_PINKY,0.5993759036064148,0.5668632984161377,0.6755109429359436,0.3590737283229828,0.99666827917099,False,False,False,,
1004,True,RIGHT_PINKY,0.6016553044319153,0.5560367703437805,0.7300462126731873,0.3485126793384552,0.9990912675857544,False,False,False,,
1005,True,RIGHT_PINKY,0.6252544522285461,0.5478343963623047,0.6148524284362793,0.34367305040359497,0.9998515844345093,False,False,False,,
1006,True,RIGHT_PINKY,0.6291217803955078,0.5405347943305969,0.5620289444923401,0.3346976339817047,0.9994412064552307,False,False,False,,
1007,True,RIGHT_PINKY,0.6678283214569092,0.5903732776641846,0.2920004427433014,0.33807334303855896,0.9893179535865784,False,False,False,,
1008,True,RIGHT_PINKY,0.618811309337616,0.5373284816741943,0.2051495462656021,0.3139907717704773,0.9909937977790833,False,False,False,,
1009,True,RIGHT_PINKY,0.650111198425293,0.5351122617721558,0.21407920122146606,0.3050678074359894,0.9974519610404968,False,False,False,,
1010,True,RIGHT_PINKY,0.6871742010116577,0.5315858125686646,0.30008867383003235,0.32317817211151123,0.9978737831115723,False,False,False,,
1011,True,RIGHT_PINKY,0.7066465020179749,0.5253444910049438,0.1903131753206253,0.3698817193508148,0.9997966885566711,False,False,False,,
1012,True,RIGHT_PINKY,0.7167953848838806,0.5114521980285645,-0.05408383533358574,0.4241642653942108,0.9999594688415527,False,False,False,,
1013,True,RIGHT_PINKY,0.7141684889793396,0.5007973313331604,-0.20502088963985443,0.4740951657295227,0.9999700784683228,False,False,False,,
1014,True,RIGHT_PINKY,0.7241103053092957,0.49488401412963867,0.03831341862678528,0.5133790373802185,0.9999659061431885,True,False,True,0.7241103053092957,0.49488401412963867
1015,True,RIGHT_PINKY,0.7202112674713135,0.4818728268146515,0.23825053870677948,0.518015444278717,0.9999598264694214,True,False,True,0.7202112674713135,0.4818728268146515
1016,True,RIGHT_PINKY,0.7231418490409851,0.4909808337688446,0.3477950394153595,0.5179898738861084,0.9999245405197144,True,False,True,0.7231418490409851,0.4909808337688446
1017,True,RIGHT_PINKY,0.7212057113647461,0.4960549771785736,0.3409980237483978,0.5073744058609009,0.9998272061347961,True,False,True,0.7212057113647461,0.4960549771785736
1018,True,RIGHT_PINKY,0.7243856191635132,0.494947224855423,0.28398120403289795,0.4995678961277008,0.9997037053108215,False,True,True,0.7241266667842865,0.49644775688648224
1019,True,RIGHT_PINKY,0.7270476222038269,0.49684053659439087,-0.17817983031272888,0.5308704376220703,0.9999011754989624,True,False,True,0.7270476222038269,0.49684053659439087
1020,True,RIGHT_PINKY,0.7217926979064941,0.49823999404907227,-0.2971856892108917,0.5646927356719971,0.9998519420623779,True,False,True,0.7217926979064941,0.49823999404907227
1021,True,RIGHT_PINKY,0.7218330502510071,0.4984731376171112,-0.04052882269024849,0.5915892720222473,0.9998747110366821,True,False,True,0.7218330502510071,0.4984731376171112
1022,True,RIGHT_PINKY,0.7201912999153137,0.49182185530662537,0.41267433762550354,0.6023865938186646,0.9998475313186646,True,False,True,0.7201912999153137,0.49182185530662537
1023,True,RIGHT_PINKY,0.7181075215339661,0.48002979159355164,0.621939480304718,0.5961042642593384,0.9996826648712158,True,False,True,0.7181075215339661,0.48002979159355164
1024,True,RIGHT_PINKY,0.7201900482177734,0.4825442135334015,0.5435885787010193,0.6024843454360962,0.9995819926261902,True,False,True,0.7201900482177734,0.4825442135334015
1025,True,RIGHT_PINKY,0.7264658212661743,0.4793844223022461,0.5425342321395874,0.6082890629768372,0.9984205961227417,True,False,True,0.7264658212661743,0.4793844223022461
1026,True,RIGHT_PINKY,0.7316272258758545,0.46974900364875793,0.5386720299720764,0.5883958339691162,0.9979053735733032,True,False,True,0.7316272258758545,0.46974900364875793
1027,True,RIGHT_PINKY,0.7436250448226929,0.4595227837562561,0.61635822057724,0.5724197626113892,0.9987119436264038,True,False,True,0.7436250448226929,0.4595227837562561
1028,True,RIGHT_PINKY,0.7623895406723022,0.4596773684024811,0.6276041269302368,0.5702130794525146,0.9994090795516968,True,False,True,0.7623895406723022,0.4596773684024811
1029,True,RIGHT_PINKY,0.7651184797286987,0.4609079658985138,0.5951991677284241,0.5597750544548035,0.9988062381744385,True,False,True,0.7651184797286987,0.4609079658985138
1030,True,RIGHT_PINKY,0.7838864326477051,0.4571620523929596,0.6042260527610779,0.5590208768844604,0.99960857629776,True,False,True,0.7838864326477051,0.4571620523929596
1031,True,RIGHT_PINKY,0.8114460110664368,0.45865359902381897,0.5943089723587036,0.5706408619880676,0.9995477795600891,True,False,True,0.8114460110664368,0.45865359902381897
1032,True,RIGHT_PINKY,0.8227712512016296,0.4718192219734192,0.19392800331115723,0.5879382491111755,0.9993342757225037,True,False,True,0.8227712512016296,0.4718192219734192
1033,True,RIGHT_PINKY,0.8553014397621155,0.48873794078826904,0.009459985420107841,0.617550253868103,0.9993370175361633,True,False,True,0.8553014397621155,0.48873794078826904
1034,True,RIGHT_PINKY,0.870019793510437,0.4960083067417145,-0.05710243806242943,0.64451003074646,0.9985185265541077,True,False,True,0.870019793510437,0.4960083067417145
1035,True,RIGHT_PINKY,0.8685134053230286,0.49689212441444397,-0.029294248670339584,0.6685791015625,0.9988182187080383,True,False,True,0.8685134053230286,0.49689212441444397
1036,True,RIGHT_PINKY,0.8702699542045593,0.5084664821624756,-0.016220375895500183,0.6883444786071777,0.9989816546440125,True,False,True,0.8702699542045593,0.5084664821624756
1037,True,RIGHT_PINKY,0.8761571049690247,0.5125207901000977,-0.04682893678545952,0.7024276256561279,0.9991320967674255,True,False,True,0.8761571049690247,0.5125207901000977
1038,True,RIGHT_PINKY,0.8828848004341125,0.518493115901947,-0.05212704464793205,0.7169760465621948,0.9985871315002441,True,False,True,0.8828848004341125,0.518493115901947
1039,True,RIGHT_PINKY,0.8838331699371338,0.5287273526191711,-0.09280046075582504,0.7339569330215454,0.9987712502479553,True,False,True,0.8838331699371338,0.5287273526191711
1040,True,RIGHT_PINKY,0.8804072737693787,0.532848596572876,-0.1316814422607422,0.7386643886566162,0.9969891905784607,True,False,True,0.8804072737693787,0.532848596572876
1041,True,RIGHT_PINKY,0.8747942447662354,0.5327464938163757,-0.18828696012496948,0.7427207231521606,0.9936038851737976,True,False,True,0.8747942447662354,0.5327464938163757
1042,True,RIGHT_PINKY,0.8709189891815186,0.5277593731880188,-0.12409453839063644,0.739992618560791,0.9945024251937866,True,False,True,0.8709189891815186,0.5277593731880188
1043,True,RIGHT_PINKY,0.870514988899231,0.5256931185722351,-0.19723393023014069,0.7462450861930847,0.9954747557640076,True,False,True,0.870514988899231,0.5256931185722351
1044,True,RIGHT_PINKY,0.8686450719833374,0.5253485441207886,-0.20380467176437378,0.758905827999115,0.9978887438774109,True,False,True,0.8686450719833374,0.5253485441207886
1045,True,RIGHT_PINKY,0.867163896560669,0.5246797800064087,-0.3375878930091858,0.7736549973487854,0.9992963075637817,True,False,True,0.867163896560669,0.5246797800064087
1046,True,RIGHT_PINKY,0.8349611759185791,0.527229368686676,-0.38044705986976624,0.7896630764007568,0.9985442161560059,True,False,True,0.8349611759185791,0.527229368686676
1047,True,RIGHT_PINKY,0.8392029404640198,0.5214759111404419,-0.44474920630455017,0.7957558035850525,0.9946107864379883,True,False,True,0.8392029404640198,0.5214759111404419
1048,True,RIGHT_PINKY,0.8409899473190308,0.5169550180435181,-0.3836386501789093,0.8056930899620056,0.9911841750144958,True,False,True,0.8409899473190308,0.5169550180435181
1049,True,RIGHT_PINKY,0.8537759184837341,0.5172244310379028,-0.4608174264431,0.8101495504379272,0.9651021361351013,True,False,True,0.8537759184837341,0.5172244310379028
1050,True,RIGHT_PINKY,0.8627951741218567,0.5172129273414612,-0.45213082432746887,0.8141235113143921,0.9791106581687927,True,False,True,0.8627951741218567,0.5172129273414612
1051,True,RIGHT_PINKY,0.8757156729698181,0.5172019004821777,-0.5161100029945374,0.8190932273864746,0.9713049530982971,True,False,True,0.8757156729698181,0.5172019004821777
1052,True,RIGHT_PINKY,0.8900405168533325,0.5224722027778625,-0.28395169973373413,0.8134947419166565,0.972124457359314,True,False,True,0.8900405168533325,0.5224722027778625
1053,True,RIGHT_PINKY,0.9013052582740784,0.5216724872589111,-0.2934110760688782,0.8154578804969788,0.9326480031013489,True,False,True,0.9013052582740784,0.5216724872589111
1054,False,RIGHT_PINKY,,,,,,False,True,True,0.9229423999786377,0.3418692648410797
1055,True,RIGHT_PINKY,0.944579541683197,0.1620660424232483,-0.07811350375413895,0.824932336807251,0.9976904392242432,True,False,True,0.944579541683197,0.1620660424232483
1056,True,RIGHT_PINKY,0.9444326758384705,0.21306446194648743,-0.0793009027838707,0.8264527320861816,0.9936075210571289,True,False,True,0.9444326758384705,0.21306446194648743
1057,True,RIGHT_PINKY,0.9411103129386902,0.22866538166999817,-0.22702401876449585,0.8403228521347046,0.9986841082572937,True,False,True,0.9411103129386902,0.22866538166999817
1058,True,RIGHT_PINKY,0.9334731101989746,0.2270687371492386,-0.2308521419763565,0.8534082770347595,0.9994434714317322,True,False,True,0.9334731101989746,0.2270687371492386
1059,True,RIGHT_PINKY,0.9156262874603271,0.23514245450496674,-0.318812757730484,0.8648408651351929,0.9994469285011292,True,False,True,0.9156262874603271,0.23514245450496674
1060,True,RIGHT_PINKY,0.8979784846305847,0.2327553629875183,-0.4401383697986603,0.8735624551773071,0.9985300302505493,True,False,True,0.8979784846305847,0.2327553629875183
1061,True,RIGHT_PINKY,0.8993467688560486,0.23175333440303802,-0.3476131856441498,0.8853443264961243,0.999835729598999,True,False,True,0.8993467688560486,0.23175333440303802
1062,True,RIGHT_PINKY,0.8907649517059326,0.23641334474086761,-0.35233449935913086,0.8959742784500122,0.9998094439506531,True,False,True,0.8907649517059326,0.23641334474086761
1063,True,RIGHT_PINKY,0.8810425400733948,0.23890724778175354,-0.2977203130722046,0.904399037361145,0.9997931122779846,True,False,True,0.8810425400733948,0.23890724778175354
1064,True,RIGHT_PINKY,0.8831737637519836,0.23668843507766724,-0.22632861137390137,0.9102850556373596,0.9997283816337585,True,False,True,0.8831737637519836,0.23668843507766724
1065,True,RIGHT_PINKY,0.8498560786247253,0.2454415112733841,-0.3307112455368042,0.9164618849754333,0.9996267557144165,True,False,True,0.8498560786247253,0.2454415112733841
975,True,RIGHT_SHOULDER,0.49575570225715637,0.3120791018009186,0.27809590101242065,0.9996715784072876,0.9999423027038574,True,False,True,0.49575570225715637,0.3120791018009186
976,True,RIGHT_SHOULDER,0.4964980185031891,0.3126067817211151,0.314119428396225,0.9996896982192993,0.9999783039093018,True,False,True,0.4964980185031891,0.3126067817211151
977,True,RIGHT_SHOULDER,0.4900023937225342,0.31351497769355774,0.2673972249031067,0.9997120499610901,0.9999918937683105,True,False,True,0.4900023937225342,0.31351497769355774
978,True,RIGHT_SHOULDER,0.5008836984634399,0.3147589862346649,0.2409229725599289,0.9997217655181885,0.9999707937240601,True,False,True,0.5008836984634399,0.3147589862346649
979,True,RIGHT_SHOULDER,0.5088995099067688,0.31475409865379333,0.24540716409683228,0.9997332692146301,0.9999862909317017,True,False,True,0.5088995099067688,0.31475409865379333
980,True,RIGHT_SHOULDER,0.5178549289703369,0.3149335980415344,0.25176435708999634,0.9997357726097107,0.9999743700027466,True,False,True,0.5178549289703369,0.3149335980415344
981,True,RIGHT_SHOULDER,0.5168284177780151,0.31680625677108765,0.255185604095459,0.9997382760047913,0.9999792575836182,True,False,True,0.5168284177780151,0.31680625677108765
982,True,RIGHT_SHOULDER,0.515520453453064,0.3215627670288086,0.24623644351959229,0.9997284412384033,0.9999804496765137,True,False,True,0.515520453453064,0.3215627670288086
983,True,RIGHT_SHOULDER,0.5138580799102783,0.32498201727867126,0.25013938546180725,0.9997060894966125,0.9999362230300903,True,False,True,0.5138580799102783,0.32498201727867126
984,True,RIGHT_SHOULDER,0.5128613114356995,0.3282678425312042,0.2477303445339203,0.9996697306632996,0.999883770942688,True,False,True,0.5128613114356995,0.3282678425312042
985,True,RIGHT_SHOULDER,0.5092659592628479,0.33292070031166077,0.2717951834201813,0.9996457695960999,0.999895453453064,True,False,True,0.5092659592628479,0.33292070031166077
986,True,RIGHT_SHOULDER,0.5044911503791809,0.340657114982605,0.274273544549942,0.9996558427810669,0.9999527931213379,True,False,True,0.5044911503791809,0.340657114982605
987,True,RIGHT_SHOULDER,0.503680408000946,0.3472561240196228,0.27680593729019165,0.999666154384613,0.9999617338180542,True,False,True,0.503680408000946,0.3472561240196228
988,True,RIGHT_SHOULDER,0.5031707286834717,0.3591896891593933,0.27876126766204834,0.9996173977851868,0.999828577041626,True,False,True,0.5031707286834717,0.3591896891593933
989,True,RIGHT_SHOULDER,0.499328076839447,0.3706806004047394,0.2551003396511078,0.9996074438095093,0.9998873472213745,True,False,True,0.499328076839447,0.3706806004047394
990,True,RIGHT_SHOULDER,0.5021127462387085,0.38417550921440125,0.25496232509613037,0.9996315240859985,0.9999674558639526,True,False,True,0.5021127462387085,0.38417550921440125
991,True,RIGHT_SHOULDER,0.49743983149528503,0.3934965133666992,0.18965031206607819,0.9996633529663086,0.9999945163726807,True,False,True,0.49743983149528503,0.3934965133666992
992,True,RIGHT_SHOULDER,0.49411219358444214,0.4075429439544678,0.14881598949432373,0.9996935725212097,0.9999951124191284,True,False,True,0.49411219358444214,0.4075429439544678
993,True,RIGHT_SHOULDER,0.48390087485313416,0.41751518845558167,0.08551187068223953,0.9997168183326721,0.9999922513961792,True,False,True,0.48390087485313416,0.41751518845558167
994,True,RIGHT_SHOULDER,0.4722796380519867,0.4207548499107361,0.07757573574781418,0.999723494052887,0.9999809265136719,True,False,True,0.4722796380519867,0.4207548499107361
995,True,RIGHT_SHOULDER,0.4618830680847168,0.42078185081481934,-0.017409220337867737,0.9997330904006958,0.999991774559021,True,False,True,0.4618830680847168,0.42078185081481934
996,True,RIGHT_SHOULDER,0.4614044427871704,0.4209311604499817,-0.02819277159869671,0.9997525215148926,0.999997615814209,True,False,True,0.4614044427871704,0.4209311604499817
997,True,RIGHT_SHOULDER,0.4575822651386261,0.4215763807296753,-0.02554815076291561,0.9996894001960754,0.9998469352722168,True,False,True,0.4575822651386261,0.4215763807296753
998,True,RIGHT_SHOULDER,0.4630747139453888,0.4223190248012543,0.0415629968047142,0.9995843172073364,0.999896764755249,True,False,True,0.4630747139453888,0.4223190248012543
999,True,RIGHT_SHOULDER,0.47326692938804626,0.42448529601097107,0.04085021838545799,0.9993332624435425,0.9997748732566833,True,False,True,0.47326692938804626,0.42448529601097107
1000,True,RIGHT_SHOULDER,0.5406153798103333,0.4307786524295807,0.09000586718320847,0.9978209733963013,0.997334897518158,True,False,True,0.5406153798103333,0.4307786524295807
1001,True,RIGHT_SHOULDER,0.5823379158973694,0.4546424150466919,0.36518651247024536,0.9978759288787842,0.9998631477355957,True,False,True,0.5823379158973694,0.4546424150466919
1002,True,RIGHT_SHOULDER,0.5941080451011658,0.46276670694351196,0.34007135033607483,0.9978386759757996,0.9998260140419006,True,False,True,0.5941080451011658,0.46276670694351196
1003,True,RIGHT_SHOULDER,0.6088567972183228,0.47810864448547363,0.3891140818595886,0.9979217052459717,0.9995600581169128,True,False,True,0.6088567972183228,0.47810864448547363
1004,True,RIGHT_SHOULDER,0.6175333857536316,0.4824162423610687,0.3488859236240387,0.9980950355529785,0.9998856782913208,True,False,True,0.6175333857536316,0.4824162423610687
1005,True,RIGHT_SHOULDER,0.6229804754257202,0.47855883836746216,0.285857230424881,0.9982818365097046,0.9999750852584839,True,False,True,0.6229804754257202,0.47855883836746216
1006,True,RIGHT_SHOULDER,0.6311206221580505,0.4721662402153015,0.24218347668647766,0.99844890832901,0.9999279975891113,True,False,True,0.6311206221580505,0.4721662402153015
1007,True,RIGHT_SHOULDER,0.6311329007148743,0.4684840440750122,0.24956992268562317,0.9985339045524597,0.9994378685951233,True,False,True,0.6311329007148743,0.4684840440750122
1008,True,RIGHT_SHOULDER,0.6315320134162903,0.4660762548446655,0.33976539969444275,0.9986479878425598,0.9996212720870972,True,False,True,0.6315320134162903,0.4660762548446655
1009,True,RIGHT_SHOULDER,0.6395870447158813,0.46458885073661804,0.25016751885414124,0.9987572431564331,0.9997770190238953,True,False,True,0.6395870447158813,0.46458885073661804
1010,True,RIGHT_SHOULDER,0.6428162455558777,0.4642525911331177,0.27511394023895264,0.9988317489624023,0.999492883682251,True,False,True,0.6428162455558777,0.4642525911331177
1011,True,RIGHT_SHOULDER,0.6463499665260315,0.4590418338775635,0.15103180706501007,0.9989418387413025,0.999935507774353,True,False,True,0.6463499665260315,0.4590418338775635
1012,True,RIGHT_SHOULDER,0.6452637314796448,0.45207154750823975,0.1417953073978424,0.999045193195343,0.9999802112579346,True,False,True,0.6452637314796448,0.45207154750823975
1013,True,RIGHT_SHOULDER,0.6494616270065308,0.443168580532074,0.034507036209106445,0.9991346001625061,0.9999626874923706,True,False,True,0.6494616270065308,0.443168580532074
1014,True,RIGHT_SHOULDER,0.6532732844352722,0.4349217414855957,0.009129549376666546,0.9992153644561768,0.999970555305481,True,False,True,0.6532732844352722,0.4349217414855957
1015,True,RIGHT_SHOULDER,0.6604779958724976,0.4290172755718231,-0.007961269468069077,0.9992879033088684,0.9999756813049316,True,False,True,0.6604779958724976,0.4290172755718231
1016,True,RIGHT_SHOULDER,0.670741856098175,0.424509197473526,0.051981691271066666,0.9993488788604736,0.999956488609314,True,False,True,0.670741856098175,0.424509197473526
1017,True,RIGHT_SHOULDER,0.6881662607192993,0.42010238766670227,0.09675348550081253,0.9993918538093567,0.9999110698699951,True,False,True,0.6881662607192993,0.42010238766670227
1018,True,RIGHT_SHOULDER,0.6971722841262817,0.41845834255218506,0.19954624772071838,0.9994310140609741,0.9998819828033447,True,False,True,0.6971722841262817,0.41845834255218506
1019,True,RIGHT_SHOULDER,0.70253986120224,0.4103001356124878,0.3012888431549072,0.9994840621948242,0.9999794960021973,True,False,True,0.70253986120224,0.4103001356124878
1020,True,RIGHT_SHOULDER,0.7053946256637573,0.40400779247283936,0.2334810048341751,0.9995340704917908,0.9999802112579346,True,False,True,0.7053946256637573,0.40400779247283936
1021,True,RIGHT_SHOULDER,0.7083775997161865,0.3982343375682831,0.22865165770053864,0.9995797276496887,0.9999889135360718,True,False,True,0.7083775997161865,0.3982343375682831
1022,True,RIGHT_SHOULDER,0.710902988910675,0.3938816785812378,0.21998874843120575,0.999620258808136,0.999987006187439,True,False,True,0.710902988910675,0.3938816785812378
1023,True,RIGHT_SHOULDER,0.713543176651001,0.39024484157562256,0.1963849514722824,0.999655544757843,0.9999750852584839,True,False,True,0.713543176651001,0.39024484157562256
1024,True,RIGHT_SHOULDER,0.7143133282661438,0.38616788387298584,0.1417287141084671,0.9996846914291382,0.999937891960144,True,False,True,0.7143133282661438,0.38616788387298584
1025,True,RIGHT_SHOULDER,0.716458797454834,0.3828900158405304,0.03233761340379715,0.9997119903564453,0.9999175071716309,True,False,True,0.716458797454834,0.3828900158405304
1026,True,RIGHT_SHOULDER,0.7209847569465637,0.38217392563819885,-0.02028384990990162,0.9997371435165405,0.9999527931213379,True,False,True,0.7209847569465637,0.38217392563819885
1027,True,RIGHT_SHOULDER,0.7243443727493286,0.38127586245536804,0.022077219560742378,0.9997609853744507,0.9999442100524902,True,False,True,0.7243443727493286,0.38127586245536804
1028,True,RIGHT_SHOULDER,0.7269864678382874,0.3799324929714203,0.055173683911561966,0.9997837543487549,0.9999644756317139,True,False,True,0.7269864678382874,0.3799324929714203
1029,True,RIGHT_SHOULDER,0.7321149706840515,0.3788580000400543,0.06341036409139633,0.9998043179512024,0.9999632835388184,True,False,True,0.7321149706840515,0.3788580000400543
1030,True,RIGHT_SHOULDER,0.7404738068580627,0.37875279784202576,0.04360564425587654,0.9998232126235962,0.9999839067459106,True,False,True,0.7404738068580627,0.37875279784202576
1031,True,RIGHT_SHOULDER,0.7523131370544434,0.37873801589012146,0.013914074748754501,0.9998399019241333,0.9999749660491943,True,False,True,0.7523131370544434,0.37873801589012146
1032,True,RIGHT_SHOULDER,0.7633745670318604,0.37788814306259155,-0.05697204917669296,0.9998547434806824,0.9999580383300781,True,False,True,0.7633745670318604,0.37788814306259155
1033,True,RIGHT_SHOULDER,0.7725268602371216,0.3754311501979828,-0.15328730642795563,0.9998684525489807,0.9999666213989258,True,False,True,0.7725268602371216,0.3754311501979828
1034,True,RIGHT_SHOULDER,0.7839480638504028,0.37316346168518066,-0.16901302337646484,0.9998801350593567,0.999956488609314,True,False,True,0.7839480638504028,0.37316346168518066
1035,True,RIGHT_SHOULDER,0.7960410714149475,0.3678207993507385,-0.16980887949466705,0.9998899102210999,0.9999490976333618,True,False,True,0.7960410714149475,0.3678207993507385
1036,True,RIGHT_SHOULDER,0.8042809963226318,0.3635425567626953,-0.1853664368391037,0.9998983144760132,0.9999511241912842,True,False,True,0.8042809963226318,0.3635425567626953
1037,True,RIGHT_SHOULDER,0.8116836547851562,0.35893088579177856,-0.19257180392742157,0.9999030232429504,0.9999303817749023,True,False,True,0.8116836547851562,0.35893088579177856
1038,True,RIGHT_SHOULDER,0.8229827880859375,0.3564368188381195,-0.20992523431777954,0.999904453754425,0.9999024868011475,True,False,True,0.8229827880859375,0.3564368188381195
1039,True,RIGHT_SHOULDER,0.8338478803634644,0.3541562855243683,-0.20672419667243958,0.9999059438705444,0.9999151229858398,True,False,True,0.8338478803634644,0.3541562855243683
1040,True,RIGHT_SHOULDER,0.8426684141159058,0.3517208993434906,-0.16948209702968597,0.9999004006385803,0.9996953010559082,True,False,True,0.8426684141159058,0.3517208993434906
1041,True,RIGHT_SHOULDER,0.8516032695770264,0.34918859601020813,-0.16322995722293854,0.9998946785926819,0.9994175434112549,True,False,True,0.8516032695770264,0.34918859601020813
1042,True,RIGHT_SHOULDER,0.8668470978736877,0.3456461727619171,-0.16323889791965485,0.9998937845230103,0.9995763897895813,True,False,True,0.8668470978736877,0.3456461727619171
1043,True,RIGHT_SHOULDER,0.8729725480079651,0.34648990631103516,-0.20734143257141113,0.9998972415924072,0.9997403025627136,True,False,True,0.8729725480079651,0.34648990631103516
1044,True,RIGHT_SHOULDER,0.8792542815208435,0.34472566843032837,-0.2069682478904724,0.9999023675918579,0.9998261332511902,True,False,True,0.8792542815208435,0.34472566843032837
1045,True,RIGHT_SHOULDER,0.8868057131767273,0.34396180510520935,-0.19030717015266418,0.999906599521637,0.9998118281364441,True,False,True,0.8868057131767273,0.34396180510520935
1046,True,RIGHT_SHOULDER,0.8786782622337341,0.341865599155426,-0.2733301520347595,0.9999128580093384,0.9998904466629028,True,False,True,0.8786782622337341,0.341865599155426
1047,True,RIGHT_SHOULDER,0.9150819778442383,0.343196302652359,-0.23787890374660492,0.9999082684516907,0.9988195300102234,True,False,True,0.9150819778442383,0.343196302652359
1048,True,RIGHT_SHOULDER,0.9134156107902527,0.3384406566619873,-0.219977468252182,0.9998984336853027,0.9980502128601074,True,False,True,0.9134156107902527,0.3384406566619873
1049,True,RIGHT_SHOULDER,0.9403951168060303,0.33991941809654236,-0.08195360749959946,0.9998404383659363,0.9885110855102539,True,False,True,0.9403951168060303,0.33991941809654236
1050,True,RIGHT_SHOULDER,0.9426039457321167,0.34003403782844543,-0.2147415727376938,0.9998157024383545,0.9959385395050049,True,False,True,0.9426039457321167,0.34003403782844543
1051,True,RIGHT_SHOULDER,0.9593286514282227,0.3350692391395569,-0.2694855332374573,0.999710738658905,0.9866170883178711,True,False,True,0.9593286514282227,0.3350692391395569
1052,True,RIGHT_SHOULDER,0.954921543598175,0.33834362030029297,-0.20823536813259125,0.9997062683105469,0.999170184135437,True,False,True,0.954921543598175,0.33834362030029297
1053,True,RIGHT_SHOULDER,0.9644038081169128,0.34196946024894714,-0.23368147015571594,0.999598503112793,0.9783651232719421,True,False,True,0.9644038081169128,0.34196946024894714
1054,False,RIGHT_SHOULDER,,,,,,False,True,True,0.9127694368362427,0.25633424520492554
1055,True,RIGHT_SHOULDER,0.8611350655555725,0.17069903016090393,-0.041649170219898224,0.9995185732841492,0.9959371089935303,True,False,True,0.8611350655555725,0.17069903016090393
1056,True,RIGHT_SHOULDER,0.8522706627845764,0.1710018813610077,-0.03561853989958763,0.9993153214454651,0.9861025810241699,True,False,True,0.8522706627845764,0.1710018813610077
1057,True,RIGHT_SHOULDER,0.8441565036773682,0.16875317692756653,-0.09402302652597427,0.9993371963500977,0.9976006150245667,True,False,True,0.8441565036773682,0.16875317692756653
1058,True,RIGHT_SHOULDER,0.8341063261032104,0.16636763513088226,-0.09247875958681107,0.9993780255317688,0.9987754225730896,True,False,True,0.8341063261032104,0.16636763513088226
1059,True,RIGHT_SHOULDER,0.825721263885498,0.16600877046585083,-0.09106460958719254,0.9994218945503235,0.998878538608551,True,False,True,0.825721263885498,0.16600877046585083
1060,True,RIGHT_SHOULDER,0.8148649334907532,0.16641764342784882,-0.11731744557619095,0.9994463920593262,0.9981879591941833,True,False,True,0.8148649334907532,0.16641764342784882
1061,True,RIGHT_SHOULDER,0.8059411644935608,0.1687106043100357,-0.10541719943284988,0.9994972348213196,0.9996685981750488,True,False,True,0.8059411644935608,0.1687106043100357
1062,True,RIGHT_SHOULDER,0.8021745085716248,0.16894781589508057,-0.11800358444452286,0.9995436668395996,0.9997223019599915,True,False,True,0.8021745085716248,0.16894781589508057
1063,True,RIGHT_SHOULDER,0.7942106127738953,0.16947919130325317,-0.11668498069047928,0.9995860457420349,0.9998621940612793,True,False,True,0.7942106127738953,0.16947919130325317
1064,True,RIGHT_SHOULDER,0.7939704656600952,0.16983093321323395,-0.10793924331665039,0.9996230006217957,0.9997746348381042,True,False,True,0.7939704656600952,0.16983093321323395
1065,True,RIGHT_SHOULDER,0.787132740020752,0.16980832815170288,-0.11861763894557953,0.9996579885482788,0.9998818635940552,True,False,True,0.787132740020752,0.16980832815170288
975,True,RIGHT_THUMB,0.5015619993209839,0.32876741886138916,0.617612361907959,0.1712101399898529,0.9999582767486572,False,False,False,,
976,True,RIGHT_THUMB,0.5310638546943665,0.37912267446517944,0.5325990319252014,0.16484244167804718,0.9999490976333618,False,False,False,,
977,True,RIGHT_THUMB,0.5247509479522705,0.36432668566703796,0.5550659894943237,0.1679811030626297,0.999972939491272,False,False,False,,
978,True,RIGHT_THUMB,0.4820834696292877,0.3442959487438202,0.5723035931587219,0.16896630823612213,0.9999440908432007,False,False,False,,
979,True,RIGHT_THUMB,0.4780207872390747,0.3389453589916229,0.6960894465446472,0.1629214733839035,0.9999326467514038,False,False,False,,
980,True,RIGHT_THUMB,0.4725545048713684,0.33398380875587463,0.7268423438072205,0.15406790375709534,0.9998998641967773,False,False,False,,
981,True,RIGHT_THUMB,0.4722829759120941,0.33309322595596313,0.7445387840270996,0.14598806202411652,0.9998961687088013,False,False,False,,
982,True,RIGHT_THUMB,0.47604799270629883,0.3550132215023041,0.7946163415908813,0.1379392296075821,0.9998822212219238,False,False,False,,
983,True,RIGHT_THUMB,0.4783705770969391,0.3535277843475342,0.7818019390106201,0.13051839172840118,0.9997289776802063,False,False,False,,
984,True,RIGHT_THUMB,0.45443156361579895,0.3547653257846832,0.7112407684326172,0.130144864320755,0.9997760653495789,False,False,False,,
985,True,RIGHT_THUMB,0.4461013674736023,0.36349228024482727,0.5986775159835815,0.12867479026317596,0.9998258948326111,False,False,False,,
986,True,RIGHT_THUMB,0.44469061493873596,0.38402897119522095,0.3366348147392273,0.13104072213172913,0.9998594522476196,False,False,False,,
987,True,RIGHT_THUMB,0.4389946758747101,0.3946908414363861,-0.002642538631334901,0.13486020267009735,0.9998680353164673,False,False,False,,
988,True,RIGHT_THUMB,0.429263710975647,0.4267719089984894,0.04135425016283989,0.13872233033180237,0.9995693564414978,False,False,False,,
989,True,RIGHT_THUMB,0.42776262760162354,0.4824520945549011,0.07055245339870453,0.14435379207134247,0.9992538094520569,False,False,False,,
990,True,RIGHT_THUMB,0.37743696570396423,0.4842263460159302,0.19492538273334503,0.17201317846775055,0.9996592998504639,False,False,False,,
991,True,RIGHT_THUMB,0.36435002088546753,0.4900539815425873,0.23971714079380035,0.2199481874704361,0.9998855590820312,False,False,False,,
992,True,RIGHT_THUMB,0.3326023817062378,0.49611610174179077,0.14071455597877502,0.28471407294273376,0.9998667240142822,False,False,False,,
993,True,RIGHT_THUMB,0.31430578231811523,0.48951441049575806,0.09596569836139679,0.3482295572757721,0.9998785257339478,False,False,False,,
994,True,RIGHT_THUMB,0.3056280016899109,0.4779905676841736,0.0814848467707634,0.40643203258514404,0.9996156692504883,False,False,False,,
995,True,RIGHT_THUMB,0.313786119222641,0.46905517578125,0.08676426857709885,0.4615081250667572,0.9993098974227905,False,False,False,,
996,True,RIGHT_THUMB,0.3129904866218567,0.46521514654159546,0.005218461621552706,0.5136197805404663,0.9998186230659485,True,False,True,0.3129904866218567,0.46521514654159546
997,True,RIGHT_THUMB,0.39572852849960327,0.4796636998653412,0.09525575488805771,0.5116487145423889,0.9989455342292786,True,False,True,0.39572852849960327,0.4796636998653412
998,True,RIGHT_THUMB,0.41792285442352295,0.4593770503997803,0.3407043218612671,0.5374137163162231,0.9996176958084106,True,False,True,0.41792285442352295,0.4593770503997803
999,True,RIGHT_THUMB,0.44511592388153076,0.4623550474643707,0.5586795806884766,0.5162926912307739,0.9932102560997009,True,False,True,0.44511592388153076,0.4623550474643707
1000,True,RIGHT_THUMB,0.5830567479133606,0.41888609528541565,0.5775983333587646,0.47639670968055725,0.9960507750511169,False,False,False,,
1001,True,RIGHT_THUMB,0.5544022917747498,0.5290156006813049,0.10463961213827133,0.4365549683570862,0.9988184571266174,False,False,False,,
1002,True,RIGHT_THUMB,0.5553956031799316,0.5379188060760498,0.08642827719449997,0.3979566693305969,0.9978456497192383,False,False,False,,
1003,True,RIGHT_THUMB,0.5806223750114441,0.5534585118293762,0.658259391784668,0.36955782771110535,0.9966158270835876,False,False,False,,
1004,True,RIGHT_THUMB,0.592904806137085,0.5479162335395813,0.6975791454315186,0.3579080104827881,0.999213457107544,False,False,False,,
1005,True,RIGHT_THUMB,0.6198496222496033,0.5376726388931274,0.5860524773597717,0.34992167353630066,0.9999043941497803,False,False,False,,
1006,True,RIGHT_THUMB,0.6197748780250549,0.5305573344230652,0.5373579263687134,0.33930137753486633,0.9996077418327332,False,False,False,,
1007,True,RIGHT_THUMB,0.6590037941932678,0.573697030544281,0.2992047369480133,0.3410342335700989,0.9912412166595459,False,False,False,,
1008,True,RIGHT_THUMB,0.6078025698661804,0.5357042551040649,0.20922911167144775,0.31813523173332214,0.9926822781562805,False,False,False,,
1009,True,RIGHT_THUMB,0.6436150074005127,0.53340083360672,0.22064165771007538,0.3097824156284332,0.9980393052101135,False,False,False,,
1010,True,RIGHT_THUMB,0.6798884272575378,0.5329813957214355,0.2996978461742401,0.32520076632499695,0.9984893798828125,False,False,False,,
1011,True,RIGHT_THUMB,0.6997588872909546,0.519931435585022,0.20156997442245483,0.3663700520992279,0.9998822212219238,False,False,False,,
1012,True,RIGHT_THUMB,0.7022920846939087,0.5065187215805054,-0.020822687074542046,0.41541773080825806,0.9999778270721436,False,False,False,,
1013,True,RIGHT_THUMB,0.7021291851997375,0.5004652142524719,-0.1624378263950348,0.45978280901908875,0.9999812841415405,False,False,False,,
1014,True,RIGHT_THUMB,0.7139923572540283,0.4939393103122711,0.057179152965545654,0.4940888285636902,0.9999805688858032,False,False,False,,
1015,True,RIGHT_THUMB,0.7104246020317078,0.479602187871933,0.22972983121871948,0.49631404876708984,0.9999768733978271,False,False,False,,
1016,True,RIGHT_THUMB,0.7099775671958923,0.48911407589912415,0.3383083939552307,0.49297821521759033,0.9999551773071289,False,False,False,,
1017,True,RIGHT_THUMB,0.7118982672691345,0.49234539270401,0.3414493501186371,0.47996631264686584,0.9998866319656372,False,False,False,,
1018,True,RIGHT_THUMB,0.7113640904426575,0.48778846859931946,0.2945760488510132,0.47089216113090515,0.9997928738594055,False,False,False,,
1019,True,RIGHT_THUMB,0.7174023389816284,0.4906308054924011,-0.12162863463163376,0.4963516891002655,0.999931812286377,False,False,False,,
1020,True,RIGHT_THUMB,0.7149356603622437,0.49269670248031616,-0.24081936478614807,0.5288090109825134,0.9999125003814697,True,False,True,0.7149356603622437,0.49269670248031616
1021,True,RIGHT_THUMB,0.7163780331611633,0.49127620458602905,-0.013535662554204464,0.5546720623970032,0.9999226331710815,True,False,True,0.7163780331611633,0.49127620458602905
1022,True,RIGHT_THUMB,0.7150581479072571,0.48285573720932007,0.4088493883609772,0.5645671486854553,0.9999017715454102,True,False,True,0.7150581479072571,0.48285573720932007
1023,True,RIGHT_THUMB,0.7130512595176697,0.4696550667285919,0.5975391864776611,0.5587596297264099,0.9997738003730774,True,False,True,0.7130512595176697,0.4696550667285919
1024,True,RIGHT_THUMB,0.7150306701660156,0.47140973806381226,0.5228824019432068,0.5638316869735718,0.9996933937072754,True,False,True,0.7150306701660156,0.47140973806381226
1025,True,RIGHT_THUMB,0.7197682857513428,0.4692602753639221,0.5145430564880371,0.5697301030158997,0.9987278580665588,True,False,True,0.7197682857513428,0.4692602753639221
1026,True,RIGHT_THUMB,0.7223124504089355,0.45756974816322327,0.5070672631263733,0.5520416498184204,0.9980911612510681,True,False,True,0.7223124504089355,0.45756974816322327
1027,True,RIGHT_THUMB,0.7304424047470093,0.4480670392513275,0.5793144106864929,0.5376206040382385,0.9988731741905212,True,False,True,0.7304424047470093,0.4480670392513275
1028,True,RIGHT_THUMB,0.7465325593948364,0.4489695429801941,0.5919498205184937,0.5341110825538635,0.9995205402374268,True,False,True,0.7465325593948364,0.4489695429801941
1029,True,RIGHT_THUMB,0.7507429122924805,0.45039433240890503,0.5624778270721436,0.5231316685676575,0.9990691542625427,True,False,True,0.7507429122924805,0.45039433240890503
1030,True,RIGHT_THUMB,0.7694481611251831,0.44740527868270874,0.5680788159370422,0.5218320488929749,0.9997050166130066,True,False,True,0.7694481611251831,0.44740527868270874
1031,True,RIGHT_THUMB,0.7963472008705139,0.44837528467178345,0.5246743559837341,0.5318499803543091,0.9996650218963623,True,False,True,0.7963472008705139,0.44837528467178345
1032,True,RIGHT_THUMB,0.8079867959022522,0.46079275012016296,0.18773888051509857,0.545361340045929,0.9994663596153259,True,False,True,0.8079867959022522,0.46079275012016296
1033,True,RIGHT_THUMB,0.8493556380271912,0.480281800031662,0.02042977884411812,0.5726557970046997,0.9994423985481262,True,False,True,0.8493556380271912,0.480281800031662
1034,True,RIGHT_THUMB,0.8639037013053894,0.48765620589256287,-0.0368025004863739,0.5969113111495972,0.9987140893936157,True,False,True,0.8639037013053894,0.48765620589256287
1035,True,RIGHT_THUMB,0.861386775970459,0.4898505210876465,-0.011633173562586308,0.6182122230529785,0.9989487528800964,True,False,True,0.861386775970459,0.4898505210876465
1036,True,RIGHT_THUMB,0.8646084070205688,0.5012031197547913,-0.00242790044285357,0.6354990005493164,0.9991068243980408,True,False,True,0.8646084070205688,0.5012031197547913
1037,True,RIGHT_THUMB,0.8737513422966003,0.5045701265335083,-0.031675562262535095,0.6463133692741394,0.999262273311615,True,False,True,0.8737513422966003,0.5045701265335083
1038,True,RIGHT_THUMB,0.8819699883460999,0.5107148289680481,-0.0345272421836853,0.6577041149139404,0.9987481832504272,True,False,True,0.8819699883460999,0.5107148289680481
1039,True,RIGHT_THUMB,0.8814557194709778,0.5192049145698547,-0.07441281527280807,0.6720747947692871,0.9989032745361328,True,False,True,0.8814557194709778,0.5192049145698547
1040,True,RIGHT_THUMB,0.8758221864700317,0.5236608386039734,-0.1094687357544899,0.6690351366996765,0.9971067309379578,True,False,True,0.8758221864700317,0.5236608386039734
1041,True,RIGHT_THUMB,0.8697983622550964,0.524786114692688,-0.1562642604112625,0.6677986979484558,0.9940476417541504,True,False,True,0.8697983622550964,0.524786114692688
1042,True,RIGHT_THUMB,0.8654486536979675,0.5201516151428223,-0.09906986355781555,0.662797749042511,0.994845986366272,True,False,True,0.8654486536979675,0.5201516151428223
1043,True,RIGHT_THUMB,0.8630650043487549,0.5170408487319946,-0.16695745289325714,0.6678637266159058,0.9959456324577332,True,False,True,0.8630650043487549,0.5170408487319946
1044,True,RIGHT_THUMB,0.8627995848655701,0.5165575742721558,-0.1732824444770813,0.6818985342979431,0.9982680082321167,True,False,True,0.8627995848655701,0.5165575742721558
1045,True,RIGHT_THUMB,0.8638133406639099,0.5160161256790161,-0.295149564743042,0.697717547416687,0.9993879795074463,True,False,True,0.8638133406639099,0.5160161256790161
1046,True,RIGHT_THUMB,0.857003390789032,0.5151290893554688,-0.3529601991176605,0.7173475027084351,0.9988040924072266,True,False,True,0.857003390789032,0.5151290893554688
1047,True,RIGHT_THUMB,0.8572707176208496,0.5145514011383057,-0.39887532591819763,0.7235060930252075,0.9955840706825256,True,False,True,0.8572707176208496,0.5145514011383057
1048,True,RIGHT_THUMB,0.8592536449432373,0.5138075351715088,-0.3462677001953125,0.7362982034683228,0.9932059049606323,True,False,True,0.8592536449432373,0.5138075351715088
1049,True,RIGHT_THUMB,0.8667479157447815,0.5134469270706177,-0.4073778986930847,0.7409780621528625,0.9718339443206787,True,False,True,0.8667479157447815,0.5134469270706177
1050,True,RIGHT_THUMB,0.8749889731407166,0.5127182006835938,-0.41224533319473267,0.7446104884147644,0.9801484942436218,True,False,True,0.8749889731407166,0.5127182006835938
1051,True,RIGHT_THUMB,0.8829445838928223,0.512488842010498,-0.47503799200057983,0.7496334314346313,0.9696164727210999,True,False,True,0.8829445838928223,0.512488842010498
1052,True,RIGHT_THUMB,0.8990634083747864,0.5132802724838257,-0.24453774094581604,0.7435704469680786,0.9761943817138672,True,False,True,0.8990634083747864,0.5132802724838257
1053,True,RIGHT_THUMB,0.9123547077178955,0.5119548439979553,-0.2510245144367218,0.7464740872383118,0.9264679551124573,True,False,True,0.9123547077178955,0.5119548439979553
1054,False,RIGHT_THUMB,,,,,,False,True,True,0.9246986508369446,0.33770567923784256
1055,True,RIGHT_THUMB,0.9370425939559937,0.1634565144777298,-0.06420975923538208,0.7594505548477173,0.998217761516571,True,False,True,0.9370425939559937,0.1634565144777298
1056,True,RIGHT_THUMB,0.9366426467895508,0.2040887475013733,-0.061450984328985214,0.7622177600860596,0.994358479976654,True,False,True,0.9366426467895508,0.2040887475013733
1057,True,RIGHT_THUMB,0.9361070990562439,0.22194747626781464,-0.19389033317565918,0.7799038290977478,0.9990774393081665,True,False,True,0.9361070990562439,0.22194747626781464
1058,True,RIGHT_THUMB,0.9262613654136658,0.21710769832134247,-0.19817033410072327,0.7967693209648132,0.9996262788772583,True,False,True,0.9262613654136658,0.21710769832134247
1059,True,RIGHT_THUMB,0.9120839834213257,0.22135993838310242,-0.27958840131759644,0.8114910125732422,0.9996080994606018,True,False,True,0.9120839834213257,0.22135993838310242
1060,True,RIGHT_THUMB,0.8952451348304749,0.22462783753871918,-0.39418894052505493,0.8223335146903992,0.9988970756530762,True,False,True,0.8952451348304749,0.22462783753871918
1061,True,RIGHT_THUMB,0.8965281844139099,0.22141540050506592,-0.3067131042480469,0.8384466171264648,0.999903678894043,True,False,True,0.8965281844139099,0.22141540050506592
1062,True,RIGHT_THUMB,0.8907752633094788,0.22416898608207703,-0.31355923414230347,0.8529996275901794,0.9998893737792969,True,False,True,0.8907752633094788,0.22416898608207703
1063,True,RIGHT_THUMB,0.8790107369422913,0.22694407403469086,-0.2641522288322449,0.8642270565032959,0.9998859167098999,True,False,True,0.8790107369422913,0.22694407403469086
1064,True,RIGHT_THUMB,0.8815220594406128,0.22758375108242035,-0.1969268023967743,0.871454656124115,0.9998283386230469,True,False,True,0.8815220594406128,0.22758375108242035
1065,True,RIGHT_THUMB,0.8528821468353271,0.2296937108039856,-0.2957046627998352,0.8798405528068542,0.9997944235801697,True,False,True,0.8528821468353271,0.2296937108039856
975,True,RIGHT_WRIST,0.48724129796028137,0.33211421966552734,0.613598644733429,0.22208799421787262,0.9999558925628662,False,False,False,,
976,True,RIGHT_WRIST,0.5149292945861816,0.3808062970638275,0.5314483642578125,0.2121029496192932,0.9999426603317261,False,False,False,,
977,True,RIGHT_WRIST,0.5121830105781555,0.3662518858909607,0.5493607521057129,0.21503743529319763,0.9999713897705078,False,False,False,,
978,True,RIGHT_WRIST,0.4705694317817688,0.35156702995300293,0.5686509609222412,0.21287332475185394,0.9999321699142456,False,False,False,,
979,True,RIGHT_WRIST,0.46671777963638306,0.3451634645462036,0.6933413743972778,0.20226222276687622,0.9999220371246338,False,False,False,,
980,True,RIGHT_WRIST,0.46517321467399597,0.34051600098609924,0.7244172096252441,0.18816088140010834,0.9998766183853149,False,False,False,,
981,True,RIGHT_WRIST,0.4644987881183624,0.3399626314640045,0.7427159547805786,0.17530423402786255,0.9998683929443359,False,False,False,,
982,True,RIGHT_WRIST,0.46664053201675415,0.36132580041885376,0.7920203804969788,0.16285525262355804,0.9998406171798706,False,False,False,,
983,True,RIGHT_WRIST,0.46821874380111694,0.36062902212142944,0.7818396091461182,0.15176455676555634,0.9996265172958374,False,False,False,,
984,True,RIGHT_WRIST,0.4495571553707123,0.3648325800895691,0.7211739420890808,0.14727821946144104,0.9997184872627258,False,False,False,,
985,True,RIGHT_WRIST,0.4439893662929535,0.3744314908981323,0.6035833358764648,0.14422205090522766,0.9998119473457336,False,False,False,,
986,True,RIGHT_WRIST,0.44413116574287415,0.38973137736320496,0.3464702367782593,0.14465634524822235,0.9998403787612915,False,False,False,,
987,True,RIGHT_WRIST,0.441343754529953,0.4045073986053467,0.010056241415441036,0.1476435363292694,0.9998445510864258,False,False,False,,
988,True,RIGHT_WRIST,0.43871447443962097,0.4441984295845032,0.06294389814138412,0.14939463138580322,0.9994480013847351,False,False,False,,
989,True,RIGHT_WRIST,0.4285756051540375,0.4711975157260895,0.09654999524354935,0.1543685793876648,0.9991124272346497,False,False,False,,
990,True,RIGHT_WRIST,0.4016779661178589,0.4767468273639679,0.22028420865535736,0.1841312199831009,0.9996654987335205,False,False,False,,
991,True,RIGHT_WRIST,0.37828099727630615,0.48266613483428955,0.2642498314380646,0.23449274897575378,0.9999085664749146,False,False,False,,
992,True,RIGHT_WRIST,0.3488885462284088,0.4909554421901703,0.1666366010904312,0.3022552728652954,0.999910831451416,False,False,False,,
993,True,RIGHT_WRIST,0.331342488527298,0.485919326543808,0.12074229121208191,0.3666144609451294,0.9999246597290039,False,False,False,,
994,True,RIGHT_WRIST,0.3203778862953186,0.4747655391693115,0.10566390305757523,0.42593082785606384,0.999765932559967,False,False,False,,
995,True,RIGHT_WRIST,0.3241066634654999,0.47119781374931335,0.11000372469425201,0.48101940751075745,0.9996100068092346,False,False,False,,
996,True,RIGHT_WRIST,0.32308265566825867,0.46397945284843445,0.030248848721385002,0.5322282910346985,0.9999003410339355,True,False,True,0.32308265566825867,0.46397945284843445
997,True,RIGHT_WRIST,0.38805219531059265,0.47090333700180054,0.11422380059957504,0.5309222936630249,0.9992560744285583,True,False,True,0.38805219531059265,0.47090333700180054
998,True,RIGHT_WRIST,0.40317729115486145,0.45544061064720154,0.3448844850063324,0.5611805319786072,0.9997209906578064,True,False,True,0.40317729115486145,0.45544061064720154
999,True,RIGHT_WRIST,0.44517746567726135,0.4632025957107544,0.5626413226127625,0.5369994044303894,0.9944666028022766,True,False,True,0.44517746567726135,0.4632025957107544
1000,True,RIGHT_WRIST,0.5854386687278748,0.42870160937309265,0.5779629349708557,0.49205321073532104,0.9956855773925781,False,False,False,,
1001,True,RIGHT_WRIST,0.5645352005958557,0.5302606225013733,0.11188773065805435,0.44665956497192383,0.9987015724182129,False,False,False,,
1002,True,RIGHT_WRIST,0.5682561993598938,0.5385898351669312,0.09446532279253006,0.4041827917098999,0.9978280663490295,False,False,False,,
1003,True,RIGHT_WRIST,0.5938927531242371,0.553062379360199,0.6563296318054199,0.37299787998199463,0.9954979419708252,False,False,False,,
1004,True,RIGHT_WRIST,0.604739785194397,0.5490776896476746,0.6940913796424866,0.3565807342529297,0.9989913105964661,False,False,False,,
1005,True,RIGHT_WRIST,0.625110387802124,0.5480517148971558,0.5759855508804321,0.35198137164115906,0.999900221824646,False,False,False,,
1006,True,RIGHT_WRIST,0.621986448764801,0.5388184189796448,0.5291557312011719,0.34237968921661377,0.9996022582054138,False,False,False,,
1007,True,RIGHT_WRIST,0.6503379940986633,0.5772232413291931,0.2990073561668396,0.34221404790878296,0.9916287660598755,False,False,False,,
1008,True,RIGHT_WRIST,0.6077624559402466,0.5386521816253662,0.21113497018814087,0.31340810656547546,0.9921701550483704,False,False,False,,
1009,True,RIGHT_WRIST,0.641083836555481,0.5382165908813477,0.2139897495508194,0.3006839156150818,0.997957706451416,False,False,False,,
1010,True,RIGHT_WRIST,0.6796557307243347,0.5339555740356445,0.2925076484680176,0.3158724009990692,0.9985349178314209,False,False,False,,
1011,True,RIGHT_WRIST,0.6888260245323181,0.523634135723114,0.1870822161436081,0.3662731349468231,0.9999003410339355,False,False,False,,
1012,True,RIGHT_WRIST,0.6957897543907166,0.5112122297286987,-0.03656512871384621,0.4233635365962982,0.9999817609786987,False,False,False,,
1013,True,RIGHT_WRIST,0.6937588453292847,0.502513587474823,-0.17912812530994415,0.47528156638145447,0.9999834299087524,False,False,False,,
1014,True,RIGHT_WRIST,0.7034706473350525,0.4961581230163574,0.04275304451584816,0.5169776082038879,0.9999841451644897,True,False,True,0.7034706473350525,0.4961581230163574
1015,True,RIGHT_WRIST,0.7035911083221436,0.48698773980140686,0.21686412394046783,0.5262872576713562,0.9999834299087524,True,False,True,0.7035911083221436,0.48698773980140686
1016,True,RIGHT_WRIST,0.7096819281578064,0.4940621256828308,0.32341811060905457,0.5322859883308411,0.9999648332595825,True,False,True,0.7096819281578064,0.4940621256828308
1017,True,RIGHT_WRIST,0.7095947861671448,0.49594807624816895,0.3288225531578064,0.5257849097251892,0.9999076128005981,True,False,True,0.7095947861671448,0.49594807624816895
1018,True,RIGHT_WRIST,0.7079289555549622,0.4922874867916107,0.2840230464935303,0.5209158062934875,0.9998328685760498,True,False,True,0.7079289555549622,0.4922874867916107
1019,True,RIGHT_WRIST,0.714799702167511,0.49338096380233765,-0.12836982309818268,0.5529911518096924,0.9999445676803589,True,False,True,0.714799702167511,0.49338096380233765
1020,True,RIGHT_WRIST,0.7145301699638367,0.4949842095375061,-0.24756917357444763,0.5901457667350769,0.9999278783798218,True,False,True,0.7145301699638367,0.4949842095375061
1021,True,RIGHT_WRIST,0.7167496681213379,0.49201148748397827,-0.02402007021009922,0.6226478815078735,0.999936580657959,True,False,True,0.7167496681213379,0.49201148748397827
1022,True,RIGHT_WRIST,0.7174580097198486,0.48354020714759827,0.4000470042228699,0.6440621614456177,0.9999213218688965,True,False,True,0.7174580097198486,0.48354020714759827
1023,True,RIGHT_WRIST,0.7175565361976624,0.47382673621177673,0.5869211554527283,0.6512398719787598,0.99980229139328,True,False,True,0.7175565361976624,0.47382673621177673
1024,True,RIGHT_WRIST,0.720062792301178,0.47348320484161377,0.5120176076889038,0.6661973595619202,0.9997246861457825,True,False,True,0.720062792301178,0.47348320484161377
1025,True,RIGHT_WRIST,0.7247604727745056,0.472814679145813,0.5038663148880005,0.6798429489135742,0.9987950325012207,True,False,True,0.7247604727745056,0.472814679145813
1026,True,RIGHT_WRIST,0.7269165515899658,0.46591371297836304,0.4974595606327057,0.6672609448432922,0.9980857372283936,True,False,True,0.7269165515899658,0.46591371297836304
1027,True,RIGHT_WRIST,0.7359039783477783,0.4570981562137604,0.5688031911849976,0.6612772941589355,0.9988381266593933,True,False,True,0.7359039783477783,0.4570981562137604
1028,True,RIGHT_WRIST,0.7561097145080566,0.45746782422065735,0.5810940861701965,0.6670510172843933,0.9995262622833252,True,False,True,0.7561097145080566,0.45746782422065735
1029,True,RIGHT_WRIST,0.7602535486221313,0.4576266407966614,0.552399218082428,0.6657428741455078,0.9990956783294678,True,False,True,0.7602535486221313,0.4576266407966614
1030,True,RIGHT_WRIST,0.779175341129303,0.454425573348999,0.5580185651779175,0.672192394733429,0.9997101426124573,True,False,True,0.779175341129303,0.454425573348999
1031,True,RIGHT_WRIST,0.7984386086463928,0.45345011353492737,0.5209231376647949,0.6875365376472473,0.9996916055679321,True,False,True,0.7984386086463928,0.45345011353492737
1032,True,RIGHT_WRIST,0.8118088245391846,0.4594796299934387,0.17904098331928253,0.7059353590011597,0.9995496869087219,True,False,True,0.8118088245391846,0.4594796299934387
1033,True,RIGHT_WRIST,0.8452867269515991,0.4798022508621216,0.008925396017730236,0.7308255434036255,0.9995582699775696,True,False,True,0.8452867269515991,0.4798022508621216
1034,True,RIGHT_WRIST,0.855245053768158,0.4866095781326294,-0.0466611310839653,0.752891480922699,0.998975396156311,True,False,True,0.855245053768158,0.4866095781326294
1035,True,RIGHT_WRIST,0.8571794033050537,0.48747971653938293,-0.020522667095065117,0.7723920941352844,0.9991747736930847,True,False,True,0.8571794033050537,0.48747971653938293
1036,True,RIGHT_WRIST,0.8594177961349487,0.49778327345848083,-0.010432226583361626,0.78896164894104,0.999283492565155,True,False,True,0.8594177961349487,0.49778327345848083
1037,True,RIGHT_WRIST,0.8655037879943848,0.49879762530326843,-0.03778425231575966,0.8007695078849792,0.9993855953216553,True,False,True,0.8655037879943848,0.49879762530326843
1038,True,RIGHT_WRIST,0.8737383484840393,0.503747284412384,-0.04325306788086891,0.8114535212516785,0.9988779425621033,True,False,True,0.8737383484840393,0.503747284412384
1039,True,RIGHT_WRIST,0.874703049659729,0.5115663409233093,-0.08422113209962845,0.8230994939804077,0.9990251064300537,True,False,True,0.874703049659729,0.5115663409233093
1040,True,RIGHT_WRIST,0.8695741295814514,0.5148047208786011,-0.11786099523305893,0.8260324001312256,0.9973905682563782,True,False,True,0.8695741295814514,0.5148047208786011
1041,True,RIGHT_WRIST,0.8660894632339478,0.5149725079536438,-0.16316159069538116,0.8277515769004822,0.993417501449585,True,False,True,0.8660894632339478,0.5149725079536438
1042,True,RIGHT_WRIST,0.8616282939910889,0.5115020871162415,-0.10570324212312698,0.82530677318573,0.9942653775215149,True,False,True,0.8616282939910889,0.5115020871162415
1043,True,RIGHT_WRIST,0.8592682480812073,0.5083409547805786,-0.1759505271911621,0.8292171359062195,0.9957371950149536,True,False,True,0.8592682480812073,0.5083409547805786
1044,True,RIGHT_WRIST,0.858564019203186,0.5065857768058777,-0.18143828213214874,0.8382779359817505,0.9981933236122131,True,False,True,0.858564019203186,0.5065857768058777
1045,True,RIGHT_WRIST,0.8610623478889465,0.5057910680770874,-0.2980300188064575,0.8484411239624023,0.9994470477104187,True,False,True,0.8610623478889465,0.5057910680770874
1046,True,RIGHT_WRIST,0.8504688143730164,0.5032010078430176,-0.3514555096626282,0.8600172400474548,0.9991336464881897,True,False,True,0.8504688143730164,0.5032010078430176
1047,True,RIGHT_WRIST,0.8539955615997314,0.5005303621292114,-0.3995833992958069,0.8629182577133179,0.9960750937461853,True,False,True,0.8539955615997314,0.5005303621292114
1048,True,RIGHT_WRIST,0.8550770878791809,0.49741289019584656,-0.34562191367149353,0.8689510226249695,0.9939665794372559,True,False,True,0.8550770878791809,0.49741289019584656
1049,True,RIGHT_WRIST,0.8657974004745483,0.49669942259788513,-0.41053593158721924,0.869361162185669,0.9680829048156738,True,False,True,0.8657974004745483,0.49669942259788513
1050,True,RIGHT_WRIST,0.875211238861084,0.4967026710510254,-0.41384342312812805,0.8691047430038452,0.9824017882347107,True,False,True,0.875211238861084,0.4967026710510254
1051,True,RIGHT_WRIST,0.8876564502716064,0.49651411175727844,-0.4758106768131256,0.8689541816711426,0.9723607897758484,True,False,True,0.8876564502716064,0.49651411175727844
1052,True,RIGHT_WRIST,0.8970338106155396,0.4994305968284607,-0.2553751468658447,0.8639294505119324,0.9804067015647888,True,False,True,0.8970338106155396,0.4994305968284607
1053,True,RIGHT_WRIST,0.9086686372756958,0.49943971633911133,-0.25589028000831604,0.8615949153900146,0.9352549314498901,True,False,True,0.9086686372756958,0.49943971633911133
1054,False,RIGHT_WRIST,,,,,,False,True,True,0.9205593466758728,0.3351340517401695
1055,True,RIGHT_WRIST,0.9324500560760498,0.17082838714122772,-0.06957920640707016,0.8703315854072571,0.9985492825508118,True,False,True,0.9324500560760498,0.17082838714122772
1056,True,RIGHT_WRIST,0.9281869530677795,0.21303299069404602,-0.06410916894674301,0.8738642334938049,0.9944536089897156,True,False,True,0.9281869530677795,0.21303299069404602
1057,True,RIGHT_WRIST,0.9197506904602051,0.2277466505765915,-0.196550190448761,0.8845767974853516,0.9989763498306274,True,False,True,0.9197506904602051,0.2277466505765915
1058,True,RIGHT_WRIST,0.9112375378608704,0.22462593019008636,-0.20031210780143738,0.8946945071220398,0.9995348453521729,True,False,True,0.9112375378608704,0.22462593019008636
1059,True,RIGHT_WRIST,0.8939442038536072,0.22994698584079742,-0.28019049763679504,0.9035314321517944,0.9994552731513977,True,False,True,0.8939442038536072,0.22994698584079742
1060,True,RIGHT_WRIST,0.8758388757705688,0.23200935125350952,-0.3931613862514496,0.9106067419052124,0.9984155893325806,True,False,True,0.8758388757705688,0.23200935125350952
1061,True,RIGHT_WRIST,0.877436101436615,0.23042096197605133,-0.31045106053352356,0.9192036986351013,0.9998807907104492,True,False,True,0.877436101436615,0.23042096197605133
1062,True,RIGHT_WRIST,0.872290849685669,0.2314997762441635,-0.3169756531715393,0.926956057548523,0.9998714923858643,True,False,True,0.872290849685669,0.2314997762441635
1063,True,RIGHT_WRIST,0.8572663068771362,0.2342367172241211,-0.2670865058898926,0.9336094260215759,0.9998476505279541,True,False,True,0.8572663068771362,0.2342367172241211
1064,True,RIGHT_WRIST,0.861466109752655,0.23344624042510986,-0.1983509510755539,0.9389127492904663,0.9997631907463074,True,False,True,0.861466109752655,0.23344624042510986
1065,True,RIGHT_WRIST,0.8365064263343811,0.2368249148130417,-0.29347702860832214,0.94390469789505,0.9997088313102722,True,False,True,0.8365064263343811,0.2368249148130417
