frame,source_frame_detected,throwing_knee_angle,lead_knee_angle,shoulder_line_angle,throwing_elbow_angle,hip_line_angle,lateral_foot_separation,throwing_knee_angle_interpolated,throwing_knee_angle_imputed,throwing_knee_angle_smoothed,lead_knee_angle_interpolated,lead_knee_angle_imputed,lead_knee_angle_smoothed,shoulder_line_angle_interpolated,shoulder_line_angle_imputed,shoulder_line_angle_smoothed,throwing_elbow_angle_interpolated,throwing_elbow_angle_imputed,throwing_elbow_angle_smoothed,hip_line_angle_interpolated,hip_line_angle_imputed,hip_line_angle_smoothed,lateral_foot_separation_interpolated,lateral_foot_separation_imputed,lateral_foot_separation_smoothed
330,True,167.8740215780561,177.4253290168324,-7.741629329351937,,-24.828730222127675,0.4160853326320648,167.8740215780561,False,166.31954810104455,177.4253290168324,False,177.33486370380933,-7.741629329351937,False,-9.433496248198736,,False,,-24.828730222127675,False,-25.538636314544647,0.4160853326320648,False,0.39840690791606903
331,True,166.31954810104455,177.33486370380933,-9.433496248198736,,-25.538636314544647,0.39840690791606903,166.31954810104455,False,167.0967848395503,177.33486370380933,False,177.30270598722947,-9.433496248198736,False,-10.184632275527875,,False,,-25.538636314544647,False,-25.18368326833616,0.39840690791606903,False,0.38956769555807114
332,True,164.7013462472371,177.2705482706496,-10.935768302857014,,-26.1816204548185,0.38072848320007324,164.7013462472371,False,167.8740215780561,177.2705482706496,False,177.2705482706496,-10.935768302857014,False,-10.935768302857014,,False,,-26.1816204548185,False,-24.95664340477532,0.38072848320007324,False,0.38072848320007324
333,True,168.75594376471028,176.05356609816764,-15.503567005507293,,-24.77451767835663,0.2909141182899475,168.75594376471028,False,168.51568436465578,176.05356609816764,False,176.05356609816764,-15.503567005507293,False,-14.318411826716783,,False,,-24.77451767835663,False,-24.95664340477532,0.2909141182899475,False,0.2909141182899475
334,True,168.51568436465578,175.2110847477073,-14.318411826716783,,-24.95664340477532,0.27573198080062866,168.51568436465578,False,168.75594376471028,175.2110847477073,False,175.2110847477073,-14.318411826716783,False,-14.826296494487522,,False,,-24.95664340477532,False,-24.848181948368918,0.27573198080062866,False,0.27573198080062866
335,True,172.76304512176546,173.44741932501657,-14.836253024116445,,-24.848181948368918,0.20642662048339844,172.76304512176546,False,172.76304512176546,173.44741932501657,False,173.44741932501657,-14.836253024116445,False,-14.826296494487522,,False,,-24.848181948368918,False,-24.77451767835663,0.20642662048339844,False,0.20642662048339844
336,True,177.1868302467615,171.14200949202868,-14.826296494487522,,-22.938298650618208,0.11306583881378174,177.1868302467615,False,172.76304512176546,171.14200949202868,False,171.14200949202868,-14.826296494487522,False,-14.414193716148773,,False,,-22.938298650618208,False,-22.938298650618208,0.11306583881378174,False,0.11306583881378174
337,True,173.78153436203783,164.0818218558824,-14.405688144731101,,-19.565633500725994,0.03412443399429321,173.78153436203783,False,172.76304512176546,164.0818218558824,False,164.0818218558824,-14.405688144731101,False,-14.414193716148773,,False,,-19.565633500725994,False,-22.255860425948214,0.03412443399429321,False,0.04205921292304993
338,True,139.9811236222732,147.22847506455844,-14.414193716148773,,-22.255860425948214,0.032298117876052856,139.9811236222732,False,139.9811236222732,147.22847506455844,False,147.22847506455844,-14.414193716148773,False,-14.405688144731101,,False,,-22.255860425948214,False,-22.156636501994143,0.032298117876052856,False,0.041668474674224854
339,True,114.96162968293315,117.53923361608692,-10.99482666302815,,-21.960867295085507,0.04205921292304993,114.96162968293315,False,115.09947447854509,117.53923361608692,False,117.53923361608692,-10.99482666302815,False,-12.567026134224122,,False,,-21.960867295085507,False,-21.960867295085507,0.04205921292304993,False,0.03412443399429321
340,True,115.09947447854509,109.87456711592372,-12.567026134224122,,-22.156636501994143,0.041668474674224854,115.09947447854509,False,114.96162968293315,109.87456711592372,False,109.87456711592372,-12.567026134224122,False,-10.99482666302815,,False,,-22.156636501994143,False,-21.960867295085507,0.041668474674224854,False,0.03348782658576965
341,True,109.06710780616976,98.30525322910087,-10.354701828866368,,-19.310745891849763,0.03348782658576965,109.06710780616976,False,110.8642121460737,98.30525322910087,False,98.30525322910087,-10.354701828866368,False,-10.354701828866368,,False,,-19.310745891849763,False,-19.310745891849763,0.03348782658576965,False,0.03348782658576965
342,True,108.75883732917116,91.87172241785227,-9.463939010743047,,-15.088801275959113,0.03035593032836914,108.75883732917116,False,110.8642121460737,91.87172241785227,False,92.63772172373056,-9.463939010743047,False,-9.463939010743047,,False,,-15.088801275959113,False,-15.678247997861902,0.03035593032836914,False,0.03035593032836914
343,True,110.8642121460737,90.62230654317483,-9.452632875397597,,-15.678247997861902,0.017462551593780518,110.8642121460737,False,110.8642121460737,90.62230654317483,False,92.63772172373056,-9.452632875397597,False,-9.452632875397597,,False,,-15.678247997861902,False,-15.198161059149243,0.017462551593780518,False,0.017462551593780518
344,True,117.34077291613838,92.63772172373056,-8.412104915364466,,-15.198161059149243,0.014264166355133057,117.34077291613838,False,117.34077291613838,92.63772172373056,False,92.63772172373056,-8.412104915364466,False,-8.624643913901949,,False,,-15.198161059149243,False,-15.198161059149243,0.014264166355133057,False,0.014264166355133057
345,True,125.57855452731742,94.49276707047983,-8.624643913901949,,-14.441528881882348,0.013513356447219849,125.57855452731742,False,125.57855452731742,94.49276707047983,False,94.49276707047983,-8.624643913901949,False,-8.412104915364466,,False,,-14.441528881882348,False,-15.198161059149243,0.013513356447219849,False,0.013513356447219849
346,True,128.8435819129798,102.67866590867715,-5.038551284428323,,-15.221005134490525,0.004575282335281372,128.8435819129798,False,128.8435819129798,102.67866590867715,False,102.67866590867715,-5.038551284428323,False,-5.038551284428323,,False,,-15.221005134490525,False,-14.441528881882348,0.004575282335281372,False,0.013513356447219849
347,True,140.77596561725755,116.91766588031535,-4.215428505173946,,-8.406081782807235,0.006368130445480347,140.77596561725755,False,140.77596561725755,116.91766588031535,False,116.91766588031535,-4.215428505173946,False,-4.215428505173946,,False,,-8.406081782807235,False,-8.406081782807235,0.006368130445480347,False,0.013513356447219849
348,True,149.33844089455977,129.32878328363932,0.19998373267303293,,-5.7409238194791214,0.02430570125579834,149.33844089455977,False,149.33844089455977,129.32878328363932,False,129.32878328363932,0.19998373267303293,False,-3.092465152090327,,False,,-5.7409238194791214,False,-5.7409238194791214,0.02430570125579834,False,0.02430570125579834
349,True,159.29313054333196,145.7727053036874,-1.8340343560757901,,-5.4821953804434145,0.04753381013870239,159.29313054333196,False,159.29313054333196,145.7727053036874,False,145.7727053036874,-1.8340343560757901,False,-1.8340343560757901,,False,,-5.4821953804434145,False,-5.4821953804434145,0.04753381013870239,False,0.04753381013870239
350,True,166.53479509644393,156.8590371824436,-3.092465152090327,,-4.284368749094838,0.07197988033294678,166.53479509644393,False,166.53479509644393,156.8590371824436,False,156.8590371824436,-3.092465152090327,False,-1.7085737770104714,,False,,-4.284368749094838,False,-4.8370785823838816,0.07197988033294678,False,0.07197988033294678
351,True,171.06280260151016,168.83910816734524,-1.7085737770104714,,-4.8370785823838816,0.09781679511070251,171.06280260151016,False,171.06280260151016,168.83910816734524,False,168.83910816734524,-1.7085737770104714,False,-1.7085737770104714,,False,,-4.8370785823838816,False,-4.832979924250907,0.09781679511070251,False,0.09781679511070251
352,True,175.25957456176482,174.22926663877774,-1.6900384303595075,,-4.832979924250907,0.1261676400899887,175.25957456176482,False,171.71776421775232,174.22926663877774,False,173.2163237557816,-1.6900384303595075,False,-1.6900384303595075,,False,,-4.832979924250907,False,-4.832979924250907,0.1261676400899887,False,0.1261676400899887
353,True,173.2275085431799,173.2163237557816,-0.5875038523139295,,-4.734790086673726,0.14884404838085175,173.2275085431799,False,171.8117927455625,173.2163237557816,False,173.2163237557816,-0.5875038523139295,False,-1.1498022272506319,,False,,-4.734790086673726,False,-4.832979924250907,0.14884404838085175,False,0.14884404838085175
354,True,171.71776421775232,175.16828804592006,-1.1498022272506319,,-5.252543134013166,0.1701311320066452,171.71776421775232,False,173.2275085431799,175.16828804592006,False,173.2163237557816,-1.1498022272506319,False,-0.8423689633384015,,False,,-5.252543134013166,False,-4.734790086673726,0.1701311320066452,False,0.1701311320066452
355,True,171.8117927455625,171.10465769063157,-0.8423689633384015,,-3.703953402281087,0.1794901341199875,171.8117927455625,False,173.2275085431799,171.10465769063157,False,171.58213951029998,-0.8423689633384015,False,-0.5875038523139295,,False,,-3.703953402281087,False,-3.703953402281087,0.1794901341199875,False,0.1794901341199875
356,True,174.03874881578963,171.58213951029998,-0.45258560648521495,,-3.5025986574695054,0.1826629489660263,174.03874881578963,False,174.03874881578963,171.58213951029998,False,171.58213951029998,-0.45258560648521495,False,-0.45258560648521495,,False,,-3.5025986574695054,False,-3.603397829579791,0.1826629489660263,False,0.18210944533348083
357,True,175.9105999368981,171.35060574272575,-0.4158024596362253,,-3.603397829579791,0.18245185911655426,175.9105999368981,False,175.9105999368981,171.35060574272575,False,171.58213951029998,-0.4158024596362253,False,-0.4341282203966301,,False,,-3.603397829579791,False,-3.5025986574695054,0.18245185911655426,False,0.18210944533348083
358,True,176.94966731774406,172.3315639505734,-0.4341282203966301,,-3.471363117445378,0.18210944533348083,176.94966731774406,False,176.94966731774406,172.3315639505734,False,172.3315639505734,-0.4341282203966301,False,-0.4341282203966301,,False,,-3.471363117445378,False,-3.496151675605333,0.18210944533348083,False,0.18210944533348083
359,True,178.98784417291125,172.6946245022459,-0.35997094724726253,,-3.496151675605333,0.17822925746440887,178.98784417291125,False,176.94966731774406,172.6946245022459,False,172.5793162684282,-0.35997094724726253,False,-0.4341282203966301,,False,,-3.496151675605333,False,-3.471363117445378,0.17822925746440887,False,0.17822925746440887
360,True,177.42853233611888,172.5793162684282,-0.5964742948901289,,-3.2158385259434112,0.16852925717830658,177.42853233611888,False,176.94966731774406,172.5793162684282,False,172.5816341865137,-0.5964742948901289,False,-0.49183486783842056,,False,,-3.2158385259434112,False,-3.2931715238884323,0.16852925717830658,False,0.16852925717830658
361,True,172.09503070317467,172.72864332027345,-0.6842168555778443,,-3.2931715238884323,0.15704479813575745,172.09503070317467,False,172.09503070317467,172.72864332027345,False,172.6946245022459,-0.6842168555778443,False,-0.49183486783842056,,False,,-3.2931715238884323,False,-3.2263789618651373,0.15704479813575745,False,0.15704479813575745
362,True,165.5837223947347,172.5816341865137,-0.49183486783842056,,-3.2263789618651373,0.14538374543190002,165.5837223947347,False,165.5837223947347,172.5816341865137,False,172.72864332027345,-0.49183486783842056,False,-0.49183486783842056,,False,,-3.2263789618651373,False,-3.2158385259434112,0.14538374543190002,False,0.14538374543190002
363,True,160.3184105353827,174.8992179146333,-0.03255394369136866,,-1.6297351989844486,0.1343831717967987,160.3184105353827,False,160.3184105353827,174.8992179146333,False,174.8992179146333,-0.03255394369136866,False,-0.03255394369136866,,False,,-1.6297351989844486,False,-1.6297351989844486,0.1343831717967987,False,0.1343831717967987
364,True,160.01197580170324,175.4229404234826,0.23996612707365728,,-1.3016912847619295,0.13217900693416595,160.01197580170324,False,160.3184105353827,175.4229404234826,False,175.17125018417556,0.23996612707365728,False,-0.03255394369136866,,False,,-1.3016912847619295,False,-1.3016912847619295,0.13217900693416595,False,0.13217900693416595
365,True,159.41812181439846,175.17125018417556,0.6102046202879876,,-0.8835216957656371,0.12669213116168976,159.41812181439846,False,160.3184105353827,175.17125018417556,False,175.4229404234826,0.6102046202879876,False,0.23996612707365728,,False,,-0.8835216957656371,False,-0.8835216957656371,0.12669213116168976,False,0.12669213116168976
366,True,160.3274620855604,177.42123678273782,-0.0650511276342911,,-0.26846631333893356,0.12568725645542145,160.3274620855604,False,160.3274620855604,177.42123678273782,False,177.42123678273782,-0.0650511276342911,False,0.5657539044369173,,False,,-0.26846631333893356,False,-0.26846631333893356,0.12568725645542145,False,0.12568725645542145
367,True,160.47986744751594,178.8802616614518,0.5657539044369173,,-0.06695447792871789,0.11963939666748047,160.47986744751594,False,160.4537681582781,178.8802616614518,False,177.42123678273782,0.5657539044369173,False,0.5658575970841895,,False,,-0.06695447792871789,False,-0.06838813765224927,0.11963939666748047,False,0.11963939666748047
368,True,160.4537681582781,178.03180899193043,0.5658575970841895,,-0.06838813765224927,0.1149996668100357,160.4537681582781,False,160.47986744751594,178.03180899193043,False,177.92450512853085,0.5658575970841895,False,0.5657539044369173,,False,,-0.06838813765224927,False,-0.06838813765224927,0.1149996668100357,False,0.1149996668100357
369,True,160.88241563782822,177.3954245611645,0.6877474874699914,,0.04701881612749048,0.11477851867675781,160.88241563782822,False,160.47986744751594,177.3954245611645,False,178.03180899193043,0.6877474874699914,False,0.5657539044369173,,False,,0.04701881612749048,False,-0.06695447792871789,0.11477851867675781,False,0.11477851867675781
370,True,160.623922915165,177.92450512853085,0.30646570273819407,,-0.18312438557298094,0.11354593932628632,160.623922915165,False,160.4537681582781,177.92450512853085,False,178.03180899193043,0.30646570273819407,False,0.30646570273819407,,False,,-0.18312438557298094,False,0.04701881612749048,0.11354593932628632,False,0.11354593932628632
371,True,154.90219635086328,178.87174810957612,-1.3214768595365882,,0.4879615381774869,0.08976100385189056,154.90219635086328,False,158.06607027511697,178.87174810957612,False,177.92450512853085,-1.3214768595365882,False,-0.5874384722526429,,False,,0.4879615381774869,False,0.04701881612749048,0.08976100385189056,False,0.08976100385189056
372,True,158.06607027511697,178.04505724634424,-0.5874384722526429,,3.1722739808433857,0.08719499409198761,158.06607027511697,False,156.74078174124776,178.04505724634424,False,177.92450512853085,-0.5874384722526429,False,-1.3214768595365882,,False,,3.1722739808433857,False,-0.18312438557298094,0.08719499409198761,False,0.08719499409198761
373,True,155.49930397140798,140.04670069093933,-19.825623216435048,,-31.63544696206901,0.062339335680007935,155.49930397140798,False,156.74078174124776,140.04670069093933,False,140.04670069093933,-19.825623216435048,False,-19.825623216435048,,False,,-31.63544696206901,False,-1.0121346140540481,0.062339335680007935,False,0.062339335680007935
374,True,156.74078174124776,103.98863131628042,-47.42144638963694,,-1.0121346140540481,0.055399104952812195,156.74078174124776,False,158.06607027511697,103.98863131628042,False,103.98863131628042,-47.42144638963694,False,-19.825623216435048,,False,137.2200811978355,-1.0121346140540481,False,-5.037994999452792,0.055399104952812195,False,0.055399104952812195
375,True,158.09713970882873,75.8003869804596,-88.85555608194008,,-5.7642136186104835,0.05402788519859314,158.09713970882873,False,158.09713970882873,75.8003869804596,False,80.07958171888389,-88.85555608194008,False,-19.825623216435048,,False,137.2660388028119,-5.7642136186104835,False,-5.7642136186104835,0.05402788519859314,False,0.05402788519859314
376,True,160.14170417192915,73.14395434593987,47.45076966884386,137.2200811978355,-5.037994999452792,0.026043131947517395,160.14170417192915,False,158.17471587043113,73.14395434593987,False,80.07958171888389,47.45076966884386,False,0.810009938108891,137.2200811978355,False,137.2200811978355,-5.037994999452792,False,-5.7642136186104835,0.026043131947517395,False,0.05402788519859314
377,True,159.76320301294822,80.07958171888389,17.044293248809225,137.31199640778829,-6.244961537589802,0.027914434671401978,159.76320301294822,False,158.17471587043113,80.07958171888389,False,80.07958171888389,17.044293248809225,False,0.810009938108891,137.31199640778829,False,134.82352417457096,-6.244961537589802,False,-6.244961537589802,0.027914434671401978,False,0.05402788519859314
378,True,158.17471587043113,88.08024905307506,0.810009938108891,129.44923595442359,-6.682990290145426,0.064347043633461,158.17471587043113,False,158.17471587043113,88.08024905307506,False,88.08024905307506,0.810009938108891,False,0.810009938108891,129.44923595442359,False,136.20481852591178,-6.682990290145426,False,-6.356053264937941,0.064347043633461,False,0.064347043633461
379,True,157.58069939036497,105.33536862898427,0.6807916106509992,132.42696715130643,-6.356053264937941,0.10756300389766693,157.58069939036497,False,157.58069939036497,105.33536862898427,False,105.33536862898427,0.6807916106509992,False,0.6807916106509992,132.42696715130643,False,136.20481852591178,-6.356053264937941,False,-6.682990290145426,0.10756300389766693,False,0.10756300389766693
380,True,156.09824310138936,119.93181266221637,0.4206353101050695,136.20481852591178,-6.734793505689595,0.13810327649116516,156.09824310138936,False,156.09824310138936,119.93181266221637,False,119.93181266221637,0.4206353101050695,False,0.6807916106509992,136.20481852591178,False,136.20481852591178,-6.734793505689595,False,-6.734793505689595,0.13810327649116516,False,0.13810327649116516
381,True,154.7349768899059,138.60769012777186,-0.12659376832232283,136.2397913238354,-6.952719634923369,0.1787450611591339,154.7349768899059,False,154.7349768899059,138.60769012777186,False,138.60769012777186,-0.12659376832232283,False,0.6807916106509992,136.2397913238354,False,136.2397913238354,-6.952719634923369,False,-6.734793505689595,0.1787450611591339,False,0.1787450611591339
382,True,153.1607676320792,154.82176583330775,2.7328294476699284,137.24011173513247,-7.008262917042771,0.2093791514635086,153.1607676320792,False,153.1607676320792,154.82176583330775,False,154.82176583330775,2.7328294476699284,False,0.4206353101050695,137.24011173513247,False,137.24011173513247,-7.008262917042771,False,-6.734793505689595,0.2093791514635086,False,0.2093791514635086
383,True,152.99992423366513,163.86050395074201,2.3420708799711747,138.67215622479756,-4.220681603658534,0.22991953790187836,152.99992423366513,False,152.99992423366513,163.86050395074201,False,163.86050395074201,2.3420708799711747,False,-0.11604920946308539,138.67215622479756,False,138.67215622479756,-4.220681603658534,False,-4.220681603658534,0.22991953790187836,False,0.22991953790187836
384,True,152.77504122344445,176.49542353317815,-0.11604920946308539,147.2194773655749,-2.831597767317362,0.2461211085319519,152.77504122344445,False,152.77504122344445,176.49542353317815,False,176.49542353317815,-0.11604920946308539,False,-0.11604920946308539,147.2194773655749,False,147.2194773655749,-2.831597767317362,False,-2.831597767317362,0.2461211085319519,False,0.2445615530014038
385,True,148.65728578631993,178.76773997407355,-2.4401602749132394,155.71157655066207,-0.039515150246757,0.24555253982543945,148.65728578631993,False,148.65728578631993,178.76773997407355,False,176.49542353317815,-2.4401602749132394,False,-2.4401602749132394,155.71157655066207,False,155.71157655066207,-0.039515150246757,False,-0.039515150246757,0.24555253982543945,False,0.2445615530014038
386,True,139.5020609551063,177.1489745396385,-4.855618182615672,161.48366317284672,4.266895227547906,0.2445615530014038,139.5020609551063,False,139.5020609551063,177.1489745396385,False,176.49542353317815,-4.855618182615672,False,-3.029634171124883,161.48366317284672,False,161.48366317284672,4.266895227547906,False,4.266895227547906,0.2445615530014038,False,0.2445615530014038
387,True,134.0467153283301,168.87438074496555,-3.9729738774709062,165.0201500325711,5.701428148116179,0.23485174775123596,134.0467153283301,False,134.0467153283301,168.87438074496555,False,168.87438074496555,-3.9729738774709062,False,-3.029634171124883,165.0201500325711,False,164.86055876159992,5.701428148116179,False,4.266895227547906,0.23485174775123596,False,0.23485174775123596
388,True,128.4876538707672,156.01331515676173,-3.029634171124883,169.4020718756998,5.03496797124086,0.21644587814807892,128.4876538707672,False,128.4876538707672,156.01331515676173,False,156.01331515676173,-3.029634171124883,False,-3.029634171124883,169.4020718756998,False,164.86055876159992,5.03496797124086,False,4.266895227547906,0.21644587814807892,False,0.21644587814807892
389,True,117.77252188771308,148.6368800018155,-0.6438872772760078,164.86055876159992,3.65574777980396,0.20350724458694458,117.77252188771308,False,117.77252188771308,148.6368800018155,False,148.6368800018155,-0.6438872772760078,False,-2.901628103713392,164.86055876159992,False,165.0201500325711,3.65574777980396,False,3.65574777980396,0.20350724458694458,False,0.20350724458694458
390,True,107.75783781702512,131.43268063338894,-1.019026923346928,163.58421235013256,1.0245705686023996,0.17274774610996246,107.75783781702512,False,107.75783781702512,131.43268063338894,False,131.43268063338894,-1.019026923346928,False,-1.019026923346928,163.58421235013256,False,164.86055876159992,1.0245705686023996,False,1.0245705686023996,0.17274774610996246,False,0.17274774610996246
391,True,98.06875607344584,113.74614900369203,-2.901628103713392,177.99688929806698,-2.1606068383782713,0.12600621581077576,98.06875607344584,False,107.75783781702512,113.74614900369203,False,113.74614900369203,-2.901628103713392,False,-1.019026923346928,177.99688929806698,False,163.58421235013256,-2.1606068383782713,False,-2.1606068383782713,0.12600621581077576,False,0.12600621581077576
392,True,98.71595741528365,101.99811041144254,0.12393433949159771,156.7892834961615,-4.7896660864032015,0.09026940166950226,98.71595741528365,False,107.75783781702512,101.99811041144254,False,113.74614900369203,0.12393433949159771,False,-1.019026923346928,156.7892834961615,False,156.7892834961615,-4.7896660864032015,False,-4.7896660864032015,0.09026940166950226,False,0.09026940166950226
393,True,111.53949102129332,110.44037098434764,-6.085660870199945,14.791163904638717,-25.132441145097005,0.0785263180732727,111.53949102129332,False,111.53949102129332,110.44037098434764,False,113.74614900369203,-6.085660870199945,False,-0.07540091347419775,14.791163904638717,False,98.41893767571199,-25.132441145097005,False,-4.7896660864032015,0.0785263180732727,False,0.0785263180732727
394,True,114.29248025036878,115.83385336871704,3.9413374829080965,90.53521663330075,-27.72871478951953,0.07385340332984924,114.29248025036878,False,114.29248025036878,115.83385336871704,False,115.83385336871704,3.9413374829080965,False,-0.07540091347419775,90.53521663330075,False,95.90119693416713,-27.72871478951953,False,-4.7896660864032015,0.07385340332984924,False,0.07385340332984924
395,True,125.68409956872632,141.43280253241278,-0.07540091347419775,98.41893767571199,40.236551344993075,0.07371252775192261,125.68409956872632,False,125.68409956872632,141.43280253241278,False,141.43280253241278,-0.07540091347419775,False,-2.496137385829485,98.41893767571199,False,90.53521663330075,40.236551344993075,False,-1.23839721361945,0.07371252775192261,False,0.07371252775192261
396,True,138.98893802071083,149.14678215455953,-2.496137385829485,95.90119693416713,12.779722859278849,0.06290307641029358,138.98893802071083,False,128.99115531633714,149.14678215455953,False,149.14678215455953,-2.496137385829485,False,-2.496137385829485,95.90119693416713,False,90.53521663330075,12.779722859278849,False,-1.23839721361945,0.06290307641029358,False,0.06290307641029358
397,True,131.3954551947047,174.50407587587637,-20.539003006560762,39.9479604220436,-1.23839721361945,0.047525376081466675,131.3954551947047,False,131.3954551947047,174.50407587587637,False,174.50407587587637,-20.539003006560762,False,-20.539003006560762,39.9479604220436,False,39.9479604220436,-1.23839721361945,False,-1.23839721361945,0.047525376081466675,False,0.047525376081466675
398,True,128.99115531633714,177.06633041394946,-20.98561808512227,36.595754522644626,-9.139553910677307,0.017564624547958374,128.99115531633714,False,138.98893802071083,177.06633041394946,False,175.23108497683316,-20.98561808512227,False,-20.539003006560762,36.595754522644626,False,39.9479604220436,-9.139553910677307,False,-9.139553910677307,0.017564624547958374,False,0.029201596975326538
399,True,142.97332805602616,175.23108497683316,-21.5898166548389,6.130351316492507,-10.874086668260333,0.009919941425323486,142.97332805602616,False,142.97332805602616,175.23108497683316,False,175.36288230657365,-21.5898166548389,False,-20.539003006560762,6.130351316492507,False,39.9479604220436,-10.874086668260333,False,-10.874086668260333,0.009919941425323486,False,0.029201596975326538
400,True,143.7106609509135,177.81308922083232,-18.137260470519976,93.93967541390015,-14.006901273756426,0.029201596975326538,143.7106609509135,False,143.7106609509135,177.81308922083232,False,176.581614635606,-18.137260470519976,False,-18.137260470519976,93.93967541390015,False,93.93967541390015,-14.006901273756426,False,-13.2808829517368,0.029201596975326538,False,0.029201596975326538
401,True,144.75559205109852,175.36288230657365,-16.98648140324002,142.05280936465633,-16.53048578851569,0.0506434440612793,144.75559205109852,False,144.75559205109852,175.36288230657365,False,175.36288230657365,-16.98648140324002,False,-16.98648140324002,142.05280936465633,False,117.99624238927824,-16.53048578851569,False,-14.006901273756426,0.0506434440612793,False,0.0506434440612793
402,True,160.17923320199085,176.581614635606,-6.194197129859717,151.01196864257085,-13.2808829517368,0.10810211300849915,160.17923320199085,False,144.75559205109852,176.581614635606,False,175.36288230657365,-6.194197129859717,False,-6.194197129859717,151.01196864257085,False,142.05280936465633,-13.2808829517368,False,-16.44257337961507,0.10810211300849915,False,0.10810211300849915
403,True,172.5226281663297,174.01184330240565,-5.842578019242723,,-19.054449288964065,0.15756210684776306,172.5226281663297,False,144.75559205109852,174.01184330240565,False,174.06231061388806,-5.842578019242723,False,-5.842578019242723,,False,146.5323890036136,-19.054449288964065,False,-16.53048578851569,0.15756210684776306,False,0.15756210684776306
404,True,41.64912340954984,171.258174017768,0.13531643002923488,,-16.44257337961507,0.17889994382858276,41.64912340954984,False,83.21608012760515,171.258174017768,False,174.06231061388806,0.13531643002923488,False,-2.88201807450082,,False,151.01196864257085,-16.44257337961507,False,-19.054449288964065,0.17889994382858276,False,0.17889994382858276
405,True,68.70814491130476,174.06231061388806,-2.88201807450082,,-19.063411634737648,0.23112860321998596,68.70814491130476,False,83.21608012760515,174.06231061388806,False,174.01184330240565,-2.88201807450082,False,-2.88201807450082,,False,,-19.063411634737648,False,-19.063411634737648,0.23112860321998596,False,0.23112860321998596
406,True,83.21608012760515,174.649980467217,-2.285636828753013,,-22.09944819766453,0.2576473653316498,83.21608012760515,False,83.21608012760515,174.649980467217,False,174.06231061388806,-2.285636828753013,False,-2.88201807450082,,False,,-22.09944819766453,False,-21.296287062975182,0.2576473653316498,False,0.2576473653316498
407,True,107.69935590077353,172.97868322169953,-3.7645677891734692,,-21.296287062975182,0.3063650131225586,107.69935590077353,False,107.69935590077353,172.97868322169953,False,174.649980467217,-3.7645677891734692,False,-3.7645677891734692,,False,,-21.296287062975182,False,-22.09944819766453,0.3063650131225586,False,0.3063650131225586
408,True,130.60565614580878,174.77130095382591,-4.632226259503582,,-25.700487664519187,0.3497799336910248,130.60565614580878,False,130.60565614580878,174.77130095382591,False,174.649980467217,-4.632226259503582,False,-4.632226259503582,,False,,-25.700487664519187,False,-24.17789566220469,0.3497799336910248,False,0.3497799336910248
409,True,143.00963050448084,174.7903084490433,-7.165893498637757,,-24.17789566220469,0.3709048926830292,143.00963050448084,False,143.00963050448084,174.7903084490433,False,174.40800007231394,-7.165893498637757,False,-7.165893498637757,,False,,-24.17789566220469,False,-25.700487664519187,0.3709048926830292,False,0.3709048926830292
410,True,155.8024406146395,174.40800007231394,-7.288075534176983,,-26.936727319942683,0.4005145728588104,155.8024406146395,False,155.8024406146395,174.40800007231394,False,174.40800007231394,-7.288075534176983,False,-7.288075534176983,,False,,-26.936727319942683,False,-26.936727319942683,0.4005145728588104,False,0.4005145728588104
411,True,167.05096581775354,172.14852146180732,-9.520131143822852,,-27.43268621059927,0.4294017553329468,167.05096581775354,False,167.05096581775354,172.14852146180732,False,172.14852146180732,-9.520131143822852,False,-9.520131143822852,,False,,-27.43268621059927,False,-27.43268621059927,0.4294017553329468,False,0.4005145728588104
412,True,168.52435092809912,167.17840942768163,-14.85746189587988,,-28.381376018766275,0.412982702255249,168.52435092809912,False,168.52435092809912,167.17840942768163,False,167.17840942768163,-14.85746189587988,False,-14.295348327152084,,False,,-28.381376018766275,False,-28.381376018766275,0.412982702255249,False,0.4005145728588104
413,True,176.20301631388202,158.01383904893248,-14.50559314561417,,-28.451898834664412,0.3884607255458832,176.20301631388202,False,175.42321670582095,158.01383904893248,False,158.01383904893248,-14.50559314561417,False,-14.50559314561417,,False,,-28.451898834664412,False,-28.381376018766275,0.3884607255458832,False,0.3884607255458832
414,True,178.02881617796325,154.27755819698254,-14.295348327152084,,-28.39030677332211,0.36611124873161316,178.02881617796325,False,176.20301631388202,154.27755819698254,False,158.01383904893248,-14.295348327152084,False,-14.777372135815753,,False,,-28.39030677332211,False,-28.39030677332211,0.36611124873161316,False,0.36611124873161316
415,True,175.42321670582095,156.37854123019915,-15.389382010805505,,-26.486813725745264,0.3358704447746277,175.42321670582095,False,176.47497808484997,156.37854123019915,False,156.37854123019915,-15.389382010805505,False,-14.777372135815753,,False,,-26.486813725745264,False,-28.39030677332211,0.3358704447746277,False,0.3358704447746277
416,True,176.47497808484997,158.63581283958928,-14.777372135815753,,-29.783044454404774,0.2995401918888092,176.47497808484997,False,176.47497808484997,158.63581283958928,False,154.52866671598335,-14.777372135815753,False,-15.389382010805505,,False,,-29.783044454404774,False,-27.09709678490607,0.2995401918888092,False,0.2995401918888092
417,True,177.81263862379686,154.52866671598335,-20.470647099664887,,-26.769767289368787,0.25856924057006836,177.81263862379686,False,175.9913666421664,154.52866671598335,False,154.52866671598335,-20.470647099664887,False,-19.947088031627686,,False,,-26.769767289368787,False,-26.769767289368787,0.25856924057006836,False,0.25856924057006836
418,True,175.9913666421664,150.26903626273938,-21.55311399715913,,-27.09709678490607,0.21305936574935913,175.9913666421664,False,175.9913666421664,150.26903626273938,False,150.26903626273938,-21.55311399715913,False,-19.947088031627686,,False,,-27.09709678490607,False,-26.769767289368787,0.21305936574935913,False,0.21305936574935913
419,True,175.71984462304025,148.75152888303938,-19.947088031627686,,-24.941365856199738,0.15669971704483032,175.71984462304025,False,175.71984462304025,148.75152888303938,False,148.75152888303938,-19.947088031627686,False,-19.947088031627686,,False,,-24.941365856199738,False,-26.013524487442467,0.15669971704483032,False,0.15669971704483032
420,True,171.7233691692487,143.51693463712888,-19.045448460750578,,-26.013524487442467,0.09602689743041992,171.7233691692487,False,171.7233691692487,143.51693463712888,False,143.51693463712888,-19.045448460750578,False,-19.045448460750578,,False,,-26.013524487442467,False,-24.941365856199738,0.09602689743041992,False,0.09602689743041992
421,True,160.85849085084985,139.6257673189106,-18.715023767846887,,-24.6601048927771,0.04712337255477905,160.85849085084985,False,160.85849085084985,139.6257673189106,False,139.6257673189106,-18.715023767846887,False,-18.970715945288987,,False,,-24.6601048927771,False,-24.6601048927771,0.04712337255477905,False,0.09602689743041992
422,True,156.8345652248973,138.7976715133665,-18.970715945288987,,-22.11308887925958,0.0181199312210083,156.8345652248973,False,156.8345652248973,138.7976715133665,False,138.9747764945961,-18.970715945288987,False,-18.715023767846887,,False,,-22.11308887925958,False,-22.901197645945587,0.0181199312210083,False,0.09602689743041992
423,True,153.5250144591992,138.9747764945961,-18.056731067781953,,-22.632857157243564,0.10302102565765381,153.5250144591992,False,156.8345652248973,138.9747764945961,False,138.7976715133665,-18.056731067781953,False,-18.064679770014365,,False,,-22.632857157243564,False,-22.901197645945587,0.10302102565765381,False,0.10302102565765381
424,True,151.37419603605133,138.35045490590872,-17.931236298723206,,-22.901197645945587,0.10669246315956116,151.37419603605133,False,156.8345652248973,138.35045490590872,False,138.35045490590872,-17.931236298723206,False,-18.056731067781953,,False,,-22.901197645945587,False,-22.901197645945587,0.10669246315956116,False,0.10669246315956116
425,True,167.60804627597332,135.81644756209087,-18.064679770014365,,-26.530791061853243,0.1558155119419098,167.60804627597332,False,164.8804555977919,135.81644756209087,False,138.35045490590872,-18.064679770014365,False,-17.931236298723206,,False,,-26.530791061853243,False,-26.530791061853243,0.1558155119419098,False,0.1558155119419098
426,True,164.8804555977919,134.81636423202903,-17.79887390421682,,-33.76034109963405,0.1888318657875061,164.8804555977919,False,164.8804555977919,134.81636423202903,False,138.35045490590872,-17.79887390421682,False,-17.79887390421682,,False,,-33.76034109963405,False,-29.521776546628296,0.1888318657875061,False,0.1888318657875061
427,True,168.17341056787313,138.69648558185693,-17.085592250918324,,-35.741229566016784,0.2284645438194275,168.17341056787313,False,165.1496878100667,138.69648558185693,False,138.69648558185693,-17.085592250918324,False,-17.085592250918324,,False,,-35.741229566016784,False,-29.521776546628296,0.2284645438194275,False,0.2284645438194275
428,True,164.10701537880664,146.0509774761355,-14.349658508646968,,-29.521776546628296,0.2455916404724121,164.10701537880664,False,165.1496878100667,146.0509774761355,False,146.0509774761355,-14.349658508646968,False,-14.349658508646968,,False,,-29.521776546628296,False,-29.521776546628296,0.2455916404724121,False,0.2455916404724121
429,True,165.1496878100667,156.40646458321794,-11.078785915119028,,-22.24693526460716,0.25606828927993774,165.1496878100667,False,166.80537234203734,156.40646458321794,False,156.40646458321794,-11.078785915119028,False,-11.078785915119028,,False,,-22.24693526460716,False,-29.521776546628296,0.25606828927993774,False,0.25606828927993774
430,True,166.80537234203734,160.04611789757823,-6.424370196383222,,-27.849935728735318,0.2714877724647522,166.80537234203734,False,165.1496878100667,160.04611789757823,False,156.77907420051258,-6.424370196383222,False,-6.424370196383222,,False,,-27.849935728735318,False,-27.849935728735318,0.2714877724647522,False,0.2714877724647522
431,True,167.09658964442653,159.96112734110383,-0.7541536922032179,,-29.737317594340368,0.27723532915115356,167.09658964442653,False,165.1496878100667,159.96112734110383,False,156.77907420051258,-0.7541536922032179,False,-6.424370196383222,,False,,-29.737317594340368,False,-22.24693526460716,0.27723532915115356,False,0.27723532915115356
432,True,163.65740077711789,156.77907420051258,1.7339867321649791,,62.13640595156505,0.277927428483963,163.65740077711789,False,164.15968070150288,156.77907420051258,False,156.77907420051258,1.7339867321649791,False,-0.7541536922032179,,False,,62.13640595156505,False,-8.22765379141049,0.277927428483963,False,0.27723532915115356
433,True,164.15968070150288,154.23565014655466,-8.615348167401464,,4.7881423955667515,0.2798295021057129,164.15968070150288,False,163.65740077711789,154.23565014655466,False,154.23565014655466,-8.615348167401464,False,1.7339867321649791,,False,,4.7881423955667515,False,-4.4964885144581785,0.2798295021057129,False,0.27723532915115356
434,True,157.26600162809314,148.6323530741225,7.045383535914681,,-8.22765379141049,0.2620220333337784,157.26600162809314,False,163.65740077711789,148.6323530741225,False,148.6323530741225,7.045383535914681,False,1.7339867321649791,,False,,-8.22765379141049,False,-2.43007540730207,0.2620220333337784,False,0.2620220333337784
435,True,155.56506567058062,139.59681453594627,6.372824213626927,,-4.4964885144581785,0.23649795353412628,155.56506567058062,False,158.56019423319643,139.59681453594627,False,139.59681453594627,6.372824213626927,False,0.6410512361066765,,False,,-4.4964885144581785,False,-4.4964885144581785,0.23649795353412628,False,0.23649795353412628
436,True,165.00235401854013,128.39456058896332,0.6410512361066765,,-2.43007540730207,0.2113434374332428,165.00235401854013,False,158.56019423319643,128.39456058896332,False,128.39456058896332,0.6410512361066765,False,0.6410512361066765,,False,,-2.43007540730207,False,-4.4964885144581785,0.2113434374332428,False,0.2113434374332428
437,True,158.56019423319643,111.58812321964359,-9.612982917429918,,-6.278687238763837,0.18031153082847595,158.56019423319643,False,158.56019423319643,111.58812321964359,False,114.6787138561002,-9.612982917429918,False,-6.612296312037699,,False,,-6.278687238763837,False,-4.486896467012684,0.18031153082847595,False,0.18031153082847595
438,True,164.41672965445377,114.6787138561002,-6.612296312037699,,-2.232588268121731,0.09878277778625488,164.41672965445377,False,158.56019423319643,114.6787138561002,False,111.58812321964359,-6.612296312037699,False,-9.612982917429918,,False,,-2.232588268121731,False,-4.486896467012684,0.09878277778625488,False,0.09878277778625488
439,True,155.80189808532106,111.2153773994182,-10.701623043890777,,-4.486896467012684,0.09492161870002747,155.80189808532106,False,158.56019423319643,111.2153773994182,False,111.2153773994182,-10.701623043890777,False,-10.701623043890777,,False,,-4.486896467012684,False,-4.486896467012684,0.09492161870002747,False,0.09492161870002747
440,True,155.84308218928874,110.39329411153213,-18.50602731091044,,-6.79858971661946,0.05168086290359497,155.84308218928874,False,159.59402649295706,110.39329411153213,False,110.39329411153213,-18.50602731091044,False,-18.50602731091044,,False,,-6.79858971661946,False,-4.486896467012684,0.05168086290359497,False,0.05168086290359497
441,True,159.59402649295706,107.8463334523361,-22.759290544284823,,75.07183036210773,0.0010034441947937012,159.59402649295706,False,159.59402649295706,107.8463334523361,False,107.8463334523361,-22.759290544284823,False,-20.651137925188976,,False,,75.07183036210773,False,-5.80453191060144,0.0010034441947937012,False,0.05168086290359497
442,True,166.53925884543688,101.1059851923526,-25.461451297100695,,-5.80453191060144,0.04125262796878815,166.53925884543688,False,166.53925884543688,101.1059851923526,False,107.8463334523361,-25.461451297100695,False,-20.651137925188976,,False,,-5.80453191060144,False,-5.80453191060144,0.04125262796878815,False,0.05168086290359497
443,True,172.8431280614869,105.51721601740314,-20.651137925188976,,-68.21568352612232,0.09270739555358887,172.8431280614869,False,172.8431280614869,105.51721601740314,False,107.8463334523361,-20.651137925188976,False,-20.651137925188976,,False,,-68.21568352612232,False,-5.80453191060144,0.09270739555358887,False,0.09270739555358887
444,True,179.32804334319678,115.36553675180333,-16.46858252881495,,-5.490745382474529,0.15357613563537598,179.32804334319678,False,177.62265718216761,115.36553675180333,False,115.36553675180333,-16.46858252881495,False,-16.46858252881495,,False,,-5.490745382474529,False,-15.117288838923258,0.15357613563537598,False,0.15357613563537598
445,True,179.78375947919184,129.31317241894783,-16.147336316673687,,-15.117288838923258,0.215775640681386,179.78375947919184,False,177.62265718216761,129.31317241894783,False,128.55747943420783,-16.147336316673687,False,-16.147336316673687,,False,,-15.117288838923258,False,-23.48752050517902,0.215775640681386,False,0.215775640681386
446,True,177.62265718216761,128.55747943420783,-16.062162031249045,,-23.48752050517902,0.2192248608916998,177.62265718216761,False,177.62265718216761,128.55747943420783,False,129.31317241894783,-16.062162031249045,False,-16.062162031249045,,False,,-23.48752050517902,False,-15.117288838923258,0.2192248608916998,False,0.215775640681386
447,True,176.04939388737205,132.30458804794173,-12.738552623380428,,-63.481228345744114,0.2192248608916998,176.04939388737205,False,176.04939388737205,132.30458804794173,False,129.31317241894783,-12.738552623380428,False,-12.738552623380428,,False,,-63.481228345744114,False,-23.48752050517902,0.2192248608916998,False,0.215775640681386
448,True,175.1606593354294,132.73606633611607,-8.290987230438418,,21.394380367363198,0.21413173340260983,175.1606593354294,False,175.42139137814254,132.73606633611607,False,128.55747943420783,-8.290987230438418,False,-8.840397575906536,,False,,21.394380367363198,False,-23.48752050517902,0.21413173340260983,False,0.21413173340260983
449,True,175.42139137814254,111.72461553121181,-8.840397575906536,,-67.67507758420797,0.1943461373448372,175.42139137814254,False,175.1606593354294,111.72461553121181,False,120.5055170713638,-8.840397575906536,False,-8.290987230438418,,False,,-67.67507758420797,False,-12.520043425199077,0.1943461373448372,False,0.1943461373448372
450,True,161.91497511511255,120.47751572947367,-2.197198341835403,,-6.049399584750347,0.14132391661405563,161.91497511511255,False,161.91497511511255,120.47751572947367,False,120.5055170713638,-2.197198341835403,False,-4.7756410226548525,,False,,-6.049399584750347,False,-12.520043425199077,0.14132391661405563,False,0.14132391661405563
451,True,154.90808439220194,120.5055170713638,-4.386555571278265,,-12.520043425199077,0.09505570307374,154.90808439220194,False,158.41152975365725,120.5055170713638,False,120.49151640041873,-4.386555571278265,False,-4.581098296966559,,False,,-12.520043425199077,False,-13.893725963610123,0.09505570307374,False,0.11818980984389782
452,True,145.58318348113772,127.52856841329668,-4.7756410226548525,,-15.26740850202117,0.04878748953342438,145.58318348113772,False,154.90808439220194,127.52856841329668,False,120.5055170713638,-4.7756410226548525,False,-4.386555571278265,,False,,-15.26740850202117,False,-12.520043425199077,0.04878748953342438,False,0.09505570307374
453,False,,,,,,,,False,150.24563393666983,,False,124.01704274233023,,False,-4.581098296966559,,False,,,False,-13.893725963610123,,False,0.07192159630358219
454,False,,,,,,,,False,145.58318348113772,,False,127.52856841329668,,False,-4.7756410226548525,,False,,,False,-15.26740850202117,,False,0.04878748953342438
455,False,,,,,,,,False,,,False,,,False,,,False,,,False,,,False,
456,False,,,,,,,,False,,,False,,,False,,,False,,,False,,,False,
457,False,,,,,,,,False,,,False,,,False,,,False,,,False,,,False,
458,False,,,,,,,,False,,,False,,,False,,,False,,,False,,,False,
459,False,,,,,,,,False,,,False,,,False,,,False,,,False,,,False,
460,False,,,,,,,,False,,,False,,,False,,,False,,,False,,,False,
461,False,,,,,,,,False,,,False,,,False,,,False,,,False,,,False,
462,False,,,,,,,,False,,,False,,,False,,,False,,,False,,,False,
463,False,,,,,,,,False,,,False,,,False,,,False,,,False,,,False,
464,False,,,,,,,,False,,,False,,,False,,,False,,,False,,,False,
465,False,,,,,,,,False,,,False,,,False,,,False,,,False,,,False,
466,False,,,,,,,,False,,,False,,,False,,,False,,,False,,,False,
467,False,,,,,,,,False,,,False,,,False,,,False,,,False,,,False,
468,False,,,,,,,,False,,,False,,,False,,,False,,,False,,,False,
469,False,,,,,,,,False,,,False,,,False,,,False,,,False,,,False,
470,False,,,,,,,,False,,,False,,,False,,,False,,,False,,,False,
471,False,,,,,,,,False,,,False,,,False,,,False,,,False,,,False,
472,False,,,,,,,,False,,,False,,,False,,,False,,,False,,,False,
473,False,,,,,,,,False,,,False,,,False,,,False,,,False,,,False,
474,False,,,,,,,,False,,,False,,,False,,,False,,,False,,,False,
475,False,,,,,,,,False,,,False,,,False,,,False,,,False,,,False,
476,False,,,,,,,,False,,,False,,,False,,,False,,,False,,,False,
477,False,,,,,,,,False,,,False,,,False,,,False,,,False,,,False,
478,False,,,,,,,,False,91.18851575911472,,False,97.82974334866418,,False,18.235875830282822,,False,,,False,17.03695376864684,,False,0.14733445644378662
479,False,,,,,,,,False,70.37434199964122,,False,57.90379747017714,,False,17.68748422446091,,False,,,False,33.46268474670062,,False,0.11349359154701233
480,True,91.18851575911472,97.82974334866418,18.235875830282822,,17.03695376864684,0.14733445644378662,91.18851575911472,False,49.5601682401677,97.82974334866418,False,17.977851591690097,18.235875830282822,False,17.139092618638998,,False,,17.03695376864684,False,49.888415724754395,0.14733445644378662,False,0.07965272665023804
481,True,49.5601682401677,17.977851591690097,17.139092618638998,,49.888415724754395,0.07965272665023804,49.5601682401677,False,49.5601682401677,17.977851591690097,False,19.556884219284,17.139092618638998,False,16.42872507270105,,False,,49.888415724754395,False,35.4235251460661,0.07965272665023804,False,0.0944560244679451
482,True,27.659085615771758,12.043636832184706,15.7183575267631,,68.1293076342225,0.011970996856689453,27.659085615771758,False,49.5601682401677,12.043636832184706,False,21.135916846877905,15.7183575267631,False,15.7183575267631,,False,,68.1293076342225,False,20.9586345673778,0.011970996856689453,False,0.10925932228565216
483,False,,,,,,,,False,38.60962692796973,21.135916846877905,True,17.977851591690097,-1.9257460655532554,True,-1.9257460655532554,,False,,20.9586345673778,True,20.9586345673778,0.10925932228565216,True,0.0944560244679451
484,True,,30.228196861571107,-19.56984965786961,,-26.212038499466907,0.20654764771461487,,False,27.659085615771758,30.228196861571107,False,16.952432203414304,-19.56984965786961,False,-13.585609471612756,,False,,-26.212038499466907,False,-18.427344624842434,0.20654764771461487,False,0.10925932228565216
485,True,,12.768947559950702,-13.585609471612756,,-25.415529479473264,,,False,,12.768947559950702,False,21.135916846877905,-13.585609471612756,False,-13.585609471612756,,False,,-25.415529479473264,False,-18.427344624842434,,False,0.15790348500013351
486,True,,,-13.585609471612756,,-18.427344624842434,,,False,,,False,21.498572210760905,-13.585609471612756,False,-13.585609471612756,,False,,-18.427344624842434,False,-18.427344624842434,,False,0.20654764771461487
487,True,,,-12.965579347974426,,-17.866504148981306,,,False,,,False,12.768947559950702,-12.965579347974426,False,-12.965579347974426,,False,,-17.866504148981306,False,-18.14692438691187,,False,
488,True,,,-12.152345373662314,,-14.001270505890332,,,False,,,False,,-12.152345373662314,False,-12.152345373662314,,False,,-14.001270505890332,False,-17.866504148981306,,False,
489,True,,,-10.587136578276201,,,,,False,,,False,,-10.587136578276201,False,-10.587136578276201,,False,,,False,-15.93388732743582,,False,
490,True,,,-7.666294231175669,,,,,False,,,False,,-7.666294231175669,False,-7.666294231175669,,False,,,False,-14.001270505890332,,False,
491,True,,,-4.453143060833327,,,,,False,,,False,,-4.453143060833327,False,-4.453143060833327,,False,,,False,,,False,
492,True,,,3.312350622201407,,,,,False,,,False,,3.312350622201407,False,3.312350622201407,,False,,,False,,,False,
493,True,,,13.182565640639282,,,,,False,,,False,,13.182565640639282,False,11.961225553513017,,False,,,False,,,False,
494,True,,,16.27327394933991,,,,,False,,,False,,16.27327394933991,False,11.961225553513017,,False,,,False,,,False,
495,True,,,11.961225553513017,,,,,False,,,False,,11.961225553513017,False,11.961225553513017,,False,,,False,,,False,
496,True,,,10.91441372070706,,,,,False,,,False,,10.91441372070706,False,11.961225553513017,,False,,,False,,,False,
497,True,,,11.137266058938465,,,,,False,,,False,,11.137266058938465,False,11.39698896618414,,False,,,False,,,False,
498,True,,,13.627470662291543,,,,,False,,,False,,13.627470662291543,False,11.137266058938465,,False,,,False,,,False,
499,True,,,11.39698896618414,,,,,False,,,False,,11.39698896618414,False,11.137266058938465,,False,,,False,,,False,
500,True,,,5.051291014058222,,,,,False,,,False,,5.051291014058222,False,5.909068130153685,,False,,,False,,,False,
501,True,,,5.909068130153685,,,,,False,,,False,,5.909068130153685,False,5.051291014058222,,False,,,False,,,False,
502,True,,,-6.738667441283056,,,,,False,,,False,,-6.738667441283056,False,-6.738667441283056,,False,,,False,,,False,
503,True,,,-6.964241924552468,,,,,False,,,False,,-6.964241924552468,False,-6.738667441283056,,False,,,False,,,False,
504,True,,,-8.277769346266979,,,,,False,,,False,,-8.277769346266979,False,-6.738667441283056,,False,,,False,,,False,
505,True,,,23.385929300185666,,,,,False,,,False,,23.385929300185666,False,23.385929300185666,,False,,,False,,,False,
506,True,,,53.06331063779621,,,,,False,,,False,,53.06331063779621,False,23.385929300185666,,False,,,False,,,False,
507,False,,,,,,,,False,,,False,,24.864792050293417,True,23.385929300185666,,False,,,False,,,False,
508,True,,,-3.3337265372093725,,,,,False,,,False,,-3.3337265372093725,False,-3.2617513863946215,,False,,,False,,,False,
509,True,,,-3.360332964346526,,,,,False,,,False,,-3.360332964346526,False,-3.3337265372093725,,False,174.39863632231325,,False,,,False,
510,True,,,-3.2617513863946215,,,,,False,,,False,,-3.2617513863946215,False,-3.360332964346526,,False,175.42072566861037,,False,,,False,
511,True,,,-3.71432243282635,174.39863632231325,,,,False,,,False,,-3.71432243282635,False,-3.71432243282635,174.39863632231325,False,176.44281501490747,,False,-0.3202510120660236,,False,
512,True,,,-4.8254928959563586,176.44281501490747,,,,False,,,False,,-4.8254928959563586,False,-4.447872365449996,176.44281501490747,False,177.33153841245627,,False,-0.3357842530936068,,False,
513,True,,,-4.447872365449996,178.2202618100051,-0.3202510120660236,,,False,,,False,,-4.447872365449996,False,-4.8254928959563586,178.2202618100051,False,176.44281501490747,-0.3202510120660236,False,-0.35131749412119007,,False,
514,True,,,-6.650426327580703,179.67410552220866,-0.35131749412119007,,,False,,,False,,-6.650426327580703,False,-4.8254928959563586,179.67410552220866,False,176.44281501490747,-0.35131749412119007,False,-0.3680046678974236,,False,
515,True,,,-5.065309477603819,175.35766309078465,-0.3846918416736571,,,False,,,False,,-5.065309477603819,False,-4.447872365449996,175.35766309078465,False,175.35766309078465,-0.3846918416736571,False,-0.35131749412119007,,False,
516,True,,,-3.587349680928696,171.79514772195543,-0.6069332760003476,,,False,165.99567128872806,,False,,-3.587349680928696,False,-4.1839944853857105,171.79514772195543,False,171.79514772195543,-0.6069332760003476,False,-0.3846918416736571,,False,
517,True,,,-4.1839944853857105,164.92332762165913,-0.01503897921782027,,,False,168.20409018255077,,False,,-4.1839944853857105,False,-3.587349680928696,164.92332762165913,False,165.74768980886154,-0.01503897921782027,False,-0.3846918416736571,,False,
518,True,165.99567128872806,,-1.9416335269842762,164.19698215034518,-0.46503531342875704,,165.99567128872806,False,170.4125090763735,,False,140.67592381063267,-1.9416335269842762,False,-2.013922991212894,164.19698215034518,False,164.92332762165913,-0.46503531342875704,False,-0.01503897921782027,,False,0.6354556083679199
519,True,170.4125090763735,,-2.013922991212894,165.74768980886154,0.1294003965662398,,170.4125090763735,False,173.29491200954322,,False,139.65292228634206,-2.013922991212894,False,-1.9416335269842762,165.74768980886154,False,164.19698215034518,0.1294003965662398,False,0.1294003965662398,,False,0.6314136683940887
520,True,176.1773149427129,140.67592381063267,-1.620842595226236,136.0607124903103,0.3429750197116732,0.6354556083679199,176.1773149427129,False,170.4125090763735,140.67592381063267,False,140.67592381063267,-1.620842595226236,False,-1.620842595226236,136.0607124903103,False,136.0607124903103,0.3429750197116732,False,0.3429750197116732,0.6354556083679199,False,0.6273717284202576
521,True,178.4347976244019,138.62992076205143,-0.9084516181111439,121.87938048339848,2.4209291151401544,0.6273717284202576,178.4347976244019,False,170.4125090763735,138.62992076205143,False,150.85816142960502,-0.9084516181111439,False,-0.9084516181111439,121.87938048339848,False,135.68251981967106,2.4209291151401544,False,2.4209291151401544,0.6273717284202576,False,0.6220553815364838
522,True,165.37527490708808,161.04039904857737,0.8755683447105014,135.68251981967106,3.6824828201949344,0.61673903465271,165.37527490708808,False,167.45884030559932,161.04039904857737,False,161.04039904857737,0.8755683447105014,False,-0.9084516181111439,135.68251981967106,False,135.68251981967106,3.6824828201949344,False,3.6824828201949344,0.61673903465271,False,0.61673903465271
523,True,165.76520538475108,178.2934130411294,3.3497228262979775,133.20701776118557,6.657635070662053,0.4030192643404007,165.76520538475108,False,166.6120228451752,178.2934130411294,False,169.6669060448534,3.3497228262979775,False,-0.016441636700321283,133.20701776118557,False,134.44476879042833,6.657635070662053,False,5.170058945428494,0.4030192643404007,False,0.5098791494965553
524,True,167.45884030559932,179.07785960027547,-51.891669418981806,137.78683852350852,25.848822252702263,0.17313173413276672,167.45884030559932,False,165.76520538475108,179.07785960027547,False,178.2934130411294,-51.891669418981806,False,0.8755683447105014,137.78683852350852,False,135.68251981967106,25.848822252702263,False,6.657635070662053,0.17313173413276672,False,0.4030192643404007
525,False,,,,,,,,False,166.6120228451752,,False,178.68563632070243,,False,-24.270973296341914,,False,135.49692814234703,,False,16.253228661682158,,False,0.2880754992365837
526,False,,,,,,,,False,167.45884030559932,,False,179.07785960027547,,False,-51.891669418981806,,False,137.78683852350852,,False,25.848822252702263,,False,0.17313173413276672
527,False,,,,,,,,False,,,False,,,False,,,False,,,False,,,False,
528,False,,,,,,,,False,,,False,,,False,,,False,,,False,,,False,
529,False,,,,,,,,False,,,False,,,False,,,False,,,False,,,False,
530,False,,,,,,,,False,,,False,,,False,,,False,,,False,,,False,
531,False,,,,,,,,False,,,False,,,False,,,False,,,False,,,False,
532,False,,,,,,,,False,,,False,,,False,,,False,,,False,,,False,
533,False,,,,,,,,False,,,False,,,False,,,False,,,False,,,False,
534,False,,,,,,,,False,,,False,,,False,,,False,,,False,,,False,
535,False,,,,,,,,False,,,False,,,False,,,False,,,False,,,False,
536,False,,,,,,,,False,,,False,,,False,,,False,,,False,,,False,
537,False,,,,,,,,False,,,False,,,False,,,False,,,False,,,False,
538,False,,,,,,,,False,,,False,,,False,,,False,,,False,,,False,
539,False,,,,,,,,False,,,False,,,False,,,False,,,False,,,False,
540,False,,,,,,,,False,,,False,,,False,,,False,,,False,,,False,
541,False,,,,,,,,False,,,False,,,False,,,False,,,False,,,False,
542,False,,,,,,,,False,,,False,,,False,,,False,,,False,,,False,
543,False,,,,,,,,False,,,False,,,False,,,False,,,False,,,False,
544,False,,,,,,,,False,,,False,,,False,,,False,,,False,,,False,
545,False,,,,,,,,False,,,False,,,False,,,False,,,False,,,False,
546,False,,,,,,,,False,,,False,,,False,,,False,,,False,,,False,
547,False,,,,,,,,False,,,False,,,False,,,False,,,False,,,False,
548,False,,,,,,,,False,,,False,,,False,,,False,,,False,,,False,
549,False,,,,,,,,False,,,False,,,False,,,False,,,False,,,False,
550,False,,,,,,,,False,,,False,,,False,,,False,,,False,,,False,
551,False,,,,,,,,False,,,False,,,False,,,False,,,False,,,False,
552,False,,,,,,,,False,88.96695556677209,,False,144.52432762604826,,False,10.832383361515696,,False,122.04095730684628,,False,13.607514195987704,,False,0.06486302614212036
553,False,,,,,,,,False,85.7054027187346,,False,138.78310270915102,,False,10.36159766365843,,False,124.12786010236654,,False,13.22651731379463,,False,0.06345704197883606
554,True,88.96695556677209,144.52432762604826,10.832383361515696,122.04095730684628,13.607514195987704,0.06486302614212036,88.96695556677209,False,82.44384987069714,144.52432762604826,False,133.0418777922538,10.832383361515696,False,9.890811965801163,122.04095730684628,False,124.37030024623141,13.607514195987704,False,12.845520431601557,0.06486302614212036,False,0.06205105781555176
555,True,82.44384987069714,133.0418777922538,9.890811965801163,126.2147628978868,12.845520431601557,0.06205105781555176,82.44384987069714,False,79.48512265581503,133.0418777922538,False,127.56147174345486,9.890811965801163,False,9.743703769324085,126.2147628978868,False,124.84412458124055,12.845520431601557,False,12.633972585431636,0.06205105781555176,False,0.060645073652267456
556,True,76.52639544093293,122.08106569465589,8.931921026263382,124.37030024623141,12.09306408339782,0.059239089488983154,76.52639544093293,False,76.52639544093293,122.08106569465589,False,122.08106569465589,8.931921026263382,False,9.596595572847008,124.37030024623141,False,124.37030024623141,12.09306408339782,False,12.845520431601557,0.059239089488983154,False,0.059239089488983154
557,True,73.81305951929156,117.75243799145224,9.596595572847008,125.31794891624968,12.422424739261714,0.059239089488983154,73.81305951929156,False,73.81305951929156,117.75243799145224,False,117.75243799145224,9.596595572847008,False,8.931921026263382,125.31794891624968,False,124.37030024623141,12.422424739261714,False,12.422424739261714,0.059239089488983154,False,0.059239089488983154
558,True,71.65998231748601,112.74371361536228,7.823580658285778,119.07493956168167,13.592347109245935,0.055145859718322754,71.65998231748601,False,71.65998231748601,112.74371361536228,False,112.74371361536228,7.823580658285778,False,7.823580658285778,119.07493956168167,False,124.08646399734687,13.592347109245935,False,12.422424739261714,0.055145859718322754,False,0.055145859718322754
559,True,69.35640410570274,105.97594663222408,7.486630413863338,121.35920907281702,12.251198698868137,0.051726341247558594,69.35640410570274,False,69.35640410570274,105.97594663222408,False,108.91309519171456,7.486630413863338,False,7.486630413863338,121.35920907281702,False,124.08646399734687,12.251198698868137,False,13.179268293903817,0.051726341247558594,False,0.05205041170120239
560,True,67.39367988655694,108.42406259387076,4.11007730024582,124.08646399734687,13.179268293903817,0.05205041170120239,67.39367988655694,False,67.39367988655694,108.42406259387076,False,108.42406259387076,4.11007730024582,False,4.11007730024582,124.08646399734687,False,124.08646399734687,13.179268293903817,False,13.179268293903817,0.05205041170120239,False,0.051726341247558594
561,True,62.90936345866342,108.91309519171456,2.008882877649455,125.34328225837594,13.838766384171578,0.046860456466674805,62.90936345866342,False,62.90936345866342,108.91309519171456,False,107.67809383470254,2.008882877649455,False,2.0416665364438416,125.34328225837594,False,125.34328225837594,13.838766384171578,False,13.153405570972666,0.046860456466674805,False,0.046860456466674805
562,True,58.75858497264392,107.67809383470254,2.021535526085046,136.47164636843388,12.121887619508783,0.045911312103271484,58.75858497264392,False,58.75858497264392,107.67809383470254,False,107.67809383470254,2.021535526085046,False,2.0416665364438416,136.47164636843388,False,127.54469161141358,12.121887619508783,False,13.179268293903817,0.045911312103271484,False,0.045911312103271484
563,True,51.6738113613952,101.52166212954981,2.0416665364438416,135.47891661053953,13.153405570972666,0.038650572299957275,51.6738113613952,False,51.6738113613952,101.52166212954981,False,101.52166212954981,2.0416665364438416,False,2.0416665364438416,135.47891661053953,False,127.54469161141358,13.153405570972666,False,13.591929377856047,0.038650572299957275,False,0.038650572299957275
564,True,50.221284701577595,94.9726485121104,2.1621183454504376,127.54469161141358,13.591929377856047,0.03799670934677124,50.221284701577595,False,50.221284701577595,94.9726485121104,False,94.9726485121104,2.1621183454504376,False,2.0416665364438416,127.54469161141358,False,127.54469161141358,13.591929377856047,False,13.388221719312043,0.03799670934677124,False,0.03799670934677124
565,True,49.54250764805269,94.89415676711182,2.1353912288273307,126.9801504619588,13.69996736068012,0.03695023059844971,49.54250764805269,False,49.54250764805269,94.89415676711182,False,94.9726485121104,2.1353912288273307,False,2.0416665364438416,126.9801504619588,False,126.9801504619588,13.69996736068012,False,13.388221719312043,0.03695023059844971,False,0.03695023059844971
566,True,48.32090724391183,90.56538103284215,1.1370752653429292,116.95997701904005,13.388221719312043,0.03601294755935669,48.32090724391183,False,48.32090724391183,90.56538103284215,False,94.9726485121104,1.1370752653429292,False,1.1370752653429292,116.95997701904005,False,116.95997701904005,13.388221719312043,False,13.591929377856047,0.03601294755935669,False,0.03695023059844971
567,True,44.18196433765751,98.96734880374586,0.9653123758768345,116.64331996760126,13.207882687990377,0.036063313484191895,44.18196433765751,False,44.18196433765751,98.96734880374586,False,98.96734880374586,0.9653123758768345,False,0.9653123758768345,116.64331996760126,False,116.64331996760126,13.207882687990377,False,13.69996736068012,0.036063313484191895,False,0.03695023059844971
568,True,43.980385608187554,113.5010279128842,0.2295127125816805,110.2262214133306,14.567586771422327,0.04303419589996338,43.980385608187554,False,43.980385608187554,113.5010279128842,False,113.5010279128842,0.2295127125816805,False,0.2295127125816805,110.2262214133306,False,110.2262214133306,14.567586771422327,False,13.8783544558257,0.04303419589996338,False,0.04303419589996338
569,True,43.17076034275421,128.58444758219449,-0.40181101347587855,109.019190504391,14.037425278574943,0.048098206520080566,43.17076034275421,False,43.44485069568277,128.58444758219449,False,113.5010279128842,-0.40181101347587855,False,-0.40181101347587855,109.019190504391,False,109.019190504391,14.037425278574943,False,14.037425278574943,0.048098206520080566,False,0.048098206520080566
570,True,43.44485069568277,122.70410674032556,-0.6623404801269999,107.14056799868897,13.8783544558257,0.09178954362869263,43.44485069568277,False,43.44485069568277,122.70410674032556,False,113.5010279128842,-0.6623404801269999,False,-0.6623404801269999,107.14056799868897,False,108.34390763552742,13.8783544558257,False,14.567586771422327,0.09178954362869263,False,0.09178954362869263
571,True,43.340844114021074,66.55420272736241,-0.712814323799762,106.37669085579807,14.646924534800206,0.0960385799407959,43.340844114021074,False,43.340844114021074,66.55420272736241,False,66.55420272736241,-0.712814323799762,False,-0.712814323799762,106.37669085579807,False,107.4404014365482,14.646924534800206,False,14.282565148865558,0.0960385799407959,False,0.0960385799407959
572,True,43.67402555312828,54.2521735505174,-0.7264761500307486,108.34390763552742,14.783766936112471,0.10243004560470581,43.67402555312828,False,43.340844114021074,54.2521735505174,False,54.2521735505174,-0.7264761500307486,False,-0.7264761500307486,108.34390763552742,False,107.4404014365482,14.783766936112471,False,14.312323339207467,0.10243004560470581,False,0.10243004560470581
573,True,42.23204374738378,44.57405632128893,-1.549156320163661,107.4404014365482,14.282565148865558,0.105121910572052,42.23204374738378,False,42.27520899607245,44.57405632128893,False,45.65918690449795,-1.549156320163661,False,-1.1684906982336543,107.4404014365482,False,107.73210130488647,14.282565148865558,False,14.383372112468152,0.105121910572052,False,0.105121910572052
574,True,42.27520899607245,45.65918690449795,-1.1755626954574723,107.73210130488647,14.312323339207467,0.11177504062652588,42.27520899607245,False,42.27520899607245,45.65918690449795,False,45.65918690449795,-1.1755626954574723,False,-1.1684906982336543,107.73210130488647,False,108.34390763552742,14.312323339207467,False,14.312323339207467,0.11177504062652588,False,0.105121910572052
575,True,41.93783468208748,44.55606363465596,-1.1684906982336543,110.19842475558968,14.383372112468152,0.10550016164779663,41.93783468208748,False,42.27520899607245,44.55606363465596,False,45.65918690449795,-1.1684906982336543,False,-1.1684906982336543,110.19842475558968,False,110.19842475558968,14.383372112468152,False,14.282565148865558,0.10550016164779663,False,0.105121910572052
576,True,42.294599910881445,65.97802590573403,-1.0878363451565178,117.29268295245616,13.805831774837316,0.09966796636581421,42.294599910881445,False,42.27520899607245,65.97802590573403,False,65.97802590573403,-1.0878363451565178,False,-1.0878363451565178,117.29268295245616,False,117.29268295245616,13.805831774837316,False,13.805831774837316,0.09966796636581421,False,0.09966796636581421
577,True,43.3066230322672,179.0746563430556,-0.45489923878875516,126.14458461755565,12.930585528899712,0.07576894760131836,43.3066230322672,False,41.93783468208748,179.0746563430556,False,131.68221720399615,-0.45489923878875516,False,-0.45489923878875516,126.14458461755565,False,126.14458461755565,12.930585528899712,False,13.805831774837316,0.07576894760131836,False,0.07576894760131836
578,True,40.74492904888168,131.68221720399615,0.9205013284343977,133.6547360535803,12.542151302647511,0.06392675638198853,40.74492904888168,False,41.74405373610229,131.68221720399615,False,131.68221720399615,0.9205013284343977,False,0.9205013284343977,133.6547360535803,False,130.90167175025513,12.542151302647511,False,13.805831774837316,0.06392675638198853,False,0.06392675638198853
579,True,41.69248339177292,133.22344333949695,0.9909093859082247,135.06472342474635,13.94230563567774,0.05897456407546997,41.69248339177292,False,41.69248339177292,133.22344333949695,False,131.68221720399615,0.9909093859082247,False,0.9909093859082247,135.06472342474635,False,130.90167175025513,13.94230563567774,False,13.94230563567774,0.05897456407546997,False,0.05897456407546997
580,True,41.74405373610229,105.93304114838041,1.6448377225827926,130.90167175025513,14.647624393786714,0.046386897563934326,41.74405373610229,False,41.0796177926757,105.93304114838041,False,105.93304114838041,1.6448377225827926,False,0.9909093859082247,130.90167175025513,False,130.90167175025513,14.647624393786714,False,14.153046216487724,0.046386897563934326,False,0.046386897563934326
581,True,41.06262739020655,99.82598748355491,1.6279388947848474,124.6233002062621,14.811855744825323,0.04432600736618042,41.06262739020655,False,41.30292683691142,99.82598748355491,False,99.82598748355491,1.6279388947848474,False,1.0025391888168542,124.6233002062621,False,124.6233002062621,14.811855744825323,False,14.647624393786714,0.04432600736618042,False,0.04432600736618042
582,True,41.0796177926757,93.2399936741165,0.8865395476732374,120.26171281381433,14.153046216487724,0.042054057121276855,41.0796177926757,False,41.0796177926757,93.2399936741165,False,93.2399936741165,0.8865395476732374,False,1.0583190314838191,120.26171281381433,False,120.26171281381433,14.153046216487724,False,14.647624393786714,0.042054057121276855,False,0.042054057121276855
583,True,41.30292683691142,88.22720051671234,1.0025391888168542,110.49283046660527,16.152888381210488,0.022051990032196045,41.30292683691142,False,41.06262739020655,88.22720051671234,False,88.22720051671234,1.0025391888168542,False,1.0025391888168542,110.49283046660527,False,110.49283046660527,16.152888381210488,False,14.238937618052006,0.022051990032196045,False,0.022051990032196045
584,True,38.39566189977617,69.71072465874781,1.0583190314838191,110.26513475880881,14.045298162519742,0.01589822769165039,38.39566189977617,False,38.39566189977617,69.71072465874781,False,69.71072465874781,1.0583190314838191,False,1.0025391888168542,110.26513475880881,False,110.26513475880881,14.045298162519742,False,14.238937618052006,0.01589822769165039,False,0.01589822769165039
585,True,37.70704514486861,66.89122031858398,-1.6529016301982438,107.15213150730656,14.238937618052006,0.014059960842132568,37.70704514486861,False,37.70704514486861,66.89122031858398,False,67.7211906366926,-1.6529016301982438,False,1.0583190314838191,107.15213150730656,False,107.15213150730656,14.238937618052006,False,15.64422516784137,0.014059960842132568,False,0.014059960842132568
586,True,35.72824161769928,66.91473463162778,5.532435984277043,104.65400676657052,17.19191236231029,0.0051274895668029785,35.72824161769928,False,37.70704514486861,66.91473463162778,False,67.7211906366926,5.532435984277043,False,3.4756284572584093,104.65400676657052,False,106.59041979613286,17.19191236231029,False,15.64422516784137,0.0051274895668029785,False,0.0051274895668029785
587,True,37.31626861371286,67.7211906366926,3.4816608252343144,106.59041979613286,15.64422516784137,0.0031272172927856445,37.31626861371286,False,37.70704514486861,67.7211906366926,False,67.7211906366926,3.4816608252343144,False,3.4756284572584093,106.59041979613286,False,106.59041979613286,15.64422516784137,False,16.158146778805445,0.0031272172927856445,False,0.0031272172927856445
588,True,38.20867163753041,72.50486917824855,3.4756284572584093,105.58261501848364,16.158146778805445,0.0019048452377319336,38.20867163753041,False,38.20867163753041,72.50486917824855,False,72.50486917824855,3.4756284572584093,False,3.4816608252343144,105.58261501848364,False,106.59041979613286,16.158146778805445,False,17.19191236231029,0.0019048452377319336,False,0.0019048452377319336
589,True,40.947783176444936,78.1617148975287,3.19605980036431,109.19707262787297,20.895132885365086,0.00039702653884887695,40.947783176444936,False,40.947783176444936,78.1617148975287,False,78.1617148975287,3.19605980036431,False,3.4756284572584093,109.19707262787297,False,107.86195231226588,20.895132885365086,False,20.895132885365086,0.00039702653884887695,False,0.0019048452377319336
590,True,42.28972401955232,79.66169118807815,3.641744529163361,107.86195231226588,21.415810596336826,0.000870048999786377,42.28972401955232,False,42.28972401955232,79.66169118807815,False,78.1617148975287,3.641744529163361,False,3.4756284572584093,107.86195231226588,False,107.86195231226588,21.415810596336826,False,21.415810596336826,0.000870048999786377,False,0.0019048452377319336
591,True,42.86148950556857,78.95907157051401,3.3359190720092613,108.2566628829385,22.004643034702923,0.002292931079864502,42.86148950556857,False,42.86148950556857,78.95907157051401,False,78.1617148975287,3.3359190720092613,False,3.3359190720092613,108.2566628829385,False,107.86195231226588,22.004643034702923,False,22.004643034702923,0.002292931079864502,False,0.002292931079864502
592,True,42.97065226794041,71.7242469591508,4.013675301125517,105.13625046191655,22.036219485739224,0.0026279091835021973,42.97065226794041,False,42.907769341398584,71.7242469591508,False,72.8268726188311,4.013675301125517,False,3.3359190720092613,105.13625046191655,False,107.86195231226588,22.036219485739224,False,22.004643034702923,0.0026279091835021973,False,0.0026279091835021973
593,True,42.907769341398584,72.8268726188311,1.8848242266067814,104.835575623672,22.13129765810598,0.0026397705078125,42.907769341398584,False,42.97065226794041,72.8268726188311,False,71.7242469591508,1.8848242266067814,False,3.3359190720092613,104.835575623672,False,108.17999177850668,22.13129765810598,False,22.004643034702923,0.0026397705078125,False,0.0026397705078125
594,True,45.672138427984294,68.5543553140911,3.131699074890861,108.17999177850668,21.117999252489568,0.02233368158340454,45.672138427984294,False,45.672138427984294,68.5543553140911,False,70.38859402506026,3.131699074890861,False,4.013675301125517,108.17999177850668,False,108.17999177850668,21.117999252489568,False,21.117999252489568,0.02233368158340454,False,0.02233368158340454
595,True,48.426589455488795,68.53132175871137,4.812739531472658,111.20814146420418,17.037256079129605,0.03822392225265503,48.426589455488795,False,46.48449416970788,68.53132175871137,False,70.38859402506026,4.812739531472658,False,4.812739531472658,111.20814146420418,False,111.20814146420418,17.037256079129605,False,17.311887853009523,0.03822392225265503,False,0.03822392225265503
596,True,48.93272574600992,70.38859402506026,5.5052848259795155,126.85640734573786,16.87665153320529,0.04109498858451843,48.93272574600992,False,48.0345614158492,70.38859402506026,False,70.38859402506026,5.5052848259795155,False,4.870843952443295,126.85640734573786,False,124.00866813173127,16.87665153320529,False,17.037256079129605,0.04109498858451843,False,0.03822392225265503
597,True,46.48449416970788,72.4713495301897,4.870843952443295,130.0733610405761,17.311887853009523,0.04109498858451843,46.48449416970788,False,48.426589455488795,72.4713495301897,False,72.4713495301897,4.870843952443295,False,5.225065332576506,130.0733610405761,False,124.00866813173127,17.311887853009523,False,16.87665153320529,0.04109498858451843,False,0.03822392225265503
598,False,,,,,,,48.0345614158492,True,48.48364358092956,72.56641316834684,True,72.51888134926827,5.225065332576506,True,5.365175079278011,124.00866813173127,True,125.43253773873457,16.552460699917617,True,16.714556116561454,0.03808651864528656,True,0.039590753614902496
599,True,49.584628661990514,72.66147680650398,5.579286712709717,117.94397522288646,15.793033546825711,0.03507804870605469,49.584628661990514,False,48.0345614158492,72.66147680650398,False,72.56641316834684,5.579286712709717,False,5.225065332576506,117.94397522288646,False,124.00866813173127,15.793033546825711,False,16.552460699917617,0.03507804870605469,False,0.03808651864528656
600,False,,,,,,,,False,48.80959503891985,,False,72.61394498742541,,False,5.402176022643111,,False,120.97632167730887,,False,16.172747123371664,,False,0.036582283675670624
601,False,,,,,,,,False,57.95609612011373,,False,102.55149915778341,,False,0.01555212183815513,,False,131.22233812891005,,False,10.43510372366697,,False,0.041655510663986206
602,False,,,,,,,,False,66.43168977600982,,False,123.18623625351819,,False,-5.348745495822385,,False,143.6721189210209,,False,5.407247056166668,,False,0.04015450179576874
603,True,66.32756357823693,132.44152150906282,-5.5481824690334065,144.50070103493366,5.077173900508228,0.048232972621917725,66.32756357823693,False,66.53581597378269,132.44152150906282,False,113.93095099797354,-5.5481824690334065,False,-5.1493085226113635,144.50070103493366,False,142.84353680710814,5.077173900508228,False,5.737320211825107,0.048232972621917725,False,0.048232972621917725
604,True,66.53581597378269,113.93095099797354,-5.1493085226113635,142.84353680710814,5.737320211825107,0.03207603096961975,66.53581597378269,False,67.16575329580033,113.93095099797354,False,105.88253288758268,-5.1493085226113635,False,-5.348745495822385,142.84353680710814,False,143.32519537574996,5.737320211825107,False,5.407247056166668,0.03207603096961975,False,0.047870129346847534
605,True,67.79569061781798,92.90483968078951,-4.707174270223675,141.95562366034213,6.223093466591166,0.048232972621917725,67.79569061781798,False,67.79569061781798,92.90483968078951,False,100.71845292054273,-4.707174270223675,False,-5.5481824690334065,141.95562366034213,False,143.32519537574996,6.223093466591166,False,5.077173900508228,0.048232972621917725,False,0.047507286071777344
606,True,72.41162432700503,97.83411477719183,-6.219978950448763,143.8068539443918,2.502367034961736,0.047507286071777344,72.41162432700503,False,72.41162432700503,97.83411477719183,False,100.71845292054273,-6.219978950448763,False,-6.219978950448763,143.8068539443918,False,142.84353680710814,2.502367034961736,False,4.904288255892965,0.047507286071777344,False,0.03995048999786377
607,True,75.48243587820211,100.71845292054273,-8.548163226634074,,4.904288255892965,0.03995048999786377,75.48243587820211,False,75.48243587820211,100.71845292054273,False,100.71845292054273,-8.548163226634074,False,-8.548163226634074,,False,142.88123880236697,4.904288255892965,False,4.223568764069,0.03995048999786377,False,0.047507286071777344
608,True,81.02610492071823,120.23415876393305,-10.354782898269548,,2.8413183849573898,0.037571847438812256,81.02610492071823,False,81.02610492071823,120.23415876393305,False,120.23415876393305,-10.354782898269548,False,-8.548163226634074,,False,139.83376994038713,2.8413183849573898,False,2.8413183849573898,0.037571847438812256,False,0.047507286071777344
609,True,84.22195427208723,122.29372065570018,-10.642026191512855,,4.223568764069,0.05024319887161255,84.22195427208723,False,84.15397500822813,122.29372065570018,False,122.29372065570018,-10.642026191512855,False,-8.548163226634074,,False,135.00907591307185,4.223568764069,False,2.8413183849573898,0.05024319887161255,False,0.05024319887161255
610,True,84.15397500822813,133.30958963720602,-7.501910525058236,135.86068593638245,-1.319714739969072,0.05536925792694092,84.15397500822813,False,84.22195427208723,133.30958963720602,False,132.77154142831208,-7.501910525058236,False,-8.371480720385534,135.86068593638245,False,135.86068593638245,-1.319714739969072,False,1.8961405732179628,0.05536925792694092,False,0.05536925792694092
611,True,87.90000110483818,132.77154142831208,-8.371480720385534,134.15746588976123,1.8961405732179628,0.05536925792694092,87.90000110483818,False,87.90000110483818,132.77154142831208,False,133.30958963720602,-8.371480720385534,False,-7.501910525058236,134.15746588976123,False,136.11321876509083,1.8961405732179628,False,-1.319714739969072,0.05536925792694092,False,0.05536925792694092
612,True,98.72111909937767,139.408214260766,-7.298759726007006,136.36575159379922,-3.636066523459135,0.06710070371627808,98.72111909937767,False,98.72111909937767,139.408214260766,False,139.408214260766,-7.298759726007006,False,-7.298759726007006,136.36575159379922,False,136.36575159379922,-3.636066523459135,False,-3.636066523459135,0.06710070371627808,False,0.06710070371627808
613,False,,,,,,,100.3260619514309,True,100.3260619514309,140.09341531164714,True,140.09341531164714,-7.211802097444736,True,-7.211802097444736,145.79165792235136,True,145.79165792235136,-4.3117685658420255,True,-4.3117685658420255,0.0865594744682312,True,0.0865594744682312
614,False,,,,,,,101.93100480348413,True,101.93100480348413,140.7786163625283,True,140.7786163625283,-7.1248444688824675,True,-7.1248444688824675,155.21756425090348,True,155.21756425090348,-4.987470608224915,True,-4.987470608224915,0.10601824522018433,True,0.10601824522018433
615,True,103.53594765553736,141.46381741340946,-7.037886840320198,164.64347057945562,-5.663172650607805,0.12547701597213745,103.53594765553736,False,102.73347622951074,141.46381741340946,False,141.1212168879689,-7.037886840320198,False,-7.115054347353853,164.64347057945562,False,159.93051741517957,-5.663172650607805,False,-5.32532162941636,0.12547701597213745,False,0.11574763059616089
616,True,104.56409964423638,143.527113577521,-7.105264225825238,169.02275572791913,-6.092308217635946,0.14886963367462158,104.56409964423638,False,103.53594765553736,143.527113577521,False,141.46381741340946,-7.105264225825238,False,-7.105264225825238,169.02275572791913,False,164.64347057945562,-6.092308217635946,False,-5.663172650607805,0.14886963367462158,False,0.12547701597213745
617,False,,,,,,,,False,104.05002364988687,,False,142.49546549546523,,False,-7.071575533072718,,False,166.83311315368738,,False,-5.8777404341218755,,False,0.13717332482337952
618,False,,,,,,,,False,104.56409964423638,,False,143.527113577521,,False,-7.105264225825238,,False,169.02275572791913,,False,-6.092308217635946,,False,0.14886963367462158
619,False,,,,,,,,False,,,False,,,False,,,False,,,False,,,False,
620,False,,,,,,,,False,155.74841885686322,,False,167.32076835405198,,False,0.7091933995370141,,False,84.47894623486322,,False,-9.816328236150184,,False,0.04253929853439331
621,False,,,,,,,,False,158.6427075028861,,False,168.2566859833081,,False,-15.141970726596185,,False,85.15230076320964,,False,-5.324397363966209,,False,0.03292239457368851
622,True,155.74841885686322,167.32076835405198,0.7091933995370141,84.47894623486322,-9.816328236150184,0.04253929853439331,155.74841885686322,False,161.536996148909,167.32076835405198,False,169.1926036125642,0.7091933995370141,False,-30.993134852729384,84.47894623486322,False,85.82565529155607,-9.816328236150184,False,-0.8324664917822346,0.04253929853439331,False,0.023305490612983704
623,False,,,,,,,161.536996148909,True,164.43128479493188,169.1926036125642,True,170.1285212418203,-30.993134852729384,True,-39.08251700272159,85.82565529155607,True,86.4990098199025,-0.8324664917822346,True,3.65946438040174,0.023305490612983704,True,0.0136885866522789
624,True,167.32557344095477,171.06443887107642,-62.69546310499578,87.17236434824892,8.151395252585715,0.004071682691574097,167.32557344095477,False,167.32557344095477,171.06443887107642,False,171.06443887107642,-62.69546310499578,False,-47.17189915271379,87.17236434824892,False,87.17236434824892,8.151395252585715,False,8.151395252585715,0.004071682691574097,False,0.004071682691574097
625,True,167.51473959227062,171.60490899002778,-47.17189915271379,87.54153200958172,9.080350371642794,0.0035340189933776855,167.51473959227062,False,167.32557344095477,171.60490899002778,False,171.57432233251265,-47.17189915271379,False,-47.17189915271379,87.54153200958172,False,87.51840209798706,9.080350371642794,False,9.080350371642794,0.0035340189933776855,False,0.0035346150398254395
626,True,167.44555189566614,171.60910528180526,-77.65024101898746,87.51840209798706,9.188700557855668,0.0035346150398254395,167.44555189566614,False,167.32557344095477,171.60910528180526,False,171.57432233251265,-77.65024101898746,False,-47.17189915271379,87.51840209798706,False,87.54153200958172,9.188700557855668,False,9.188700557855668,0.0035346150398254395,False,0.0035340189933776855
627,True,167.07818147198765,171.57432233251265,84.6720605876555,87.62327215177376,12.78721370557706,0.0028032809495925903,167.07818147198765,False,167.07818147198765,171.57432233251265,False,171.57432233251265,84.6720605876555,False,64.83709144924387,87.62327215177376,False,87.62327215177376,12.78721370557706,False,12.78721370557706,0.0028032809495925903,False,0.0028070956468582153
628,True,166.97823640885153,171.49387055293502,65.64397128226119,88.10758225067102,17.465152332412742,0.0027988404035568237,166.97823640885153,False,166.97823640885153,171.49387055293502,False,171.49387055293502,65.64397128226119,False,64.83709144924387,88.10758225067102,False,88.10758225067102,17.465152332412742,False,17.465152332412742,0.0027988404035568237,False,0.0028070956468582153
629,True,166.9616379396392,171.42064406617962,64.83709144924387,89.25845584565482,18.06601744351896,0.0028070956468582153,166.9616379396392,False,166.9616379396392,171.42064406617962,False,171.42064406617962,64.83709144924387,False,64.83709144924387,89.25845584565482,False,89.25845584565482,18.06601744351896,False,18.06601744351896,0.0028070956468582153,False,0.0028032809495925903
630,True,166.53707967589204,171.091483477283,55.111696756292105,90.49381105906807,19.74022825347673,0.002815455198287964,166.53707967589204,False,166.5573026105026,171.091483477283,False,171.091483477283,55.111696756292105,False,55.111696756292105,90.49381105906807,False,90.49381105906807,19.74022825347673,False,18.06601744351896,0.002815455198287964,False,0.0027988404035568237
631,True,166.471360488005,170.75116873995245,46.858277274322745,92.74098553072714,20.361171422854042,0.0027060210704803467,166.471360488005,False,166.5573026105026,170.75116873995245,False,170.92132610861773,46.858277274322745,False,46.858277274322745,92.74098553072714,False,92.18266271531195,20.361171422854042,False,18.06601744351896,0.0027060210704803467,False,0.0027060210704803467
632,True,166.5573026105026,170.09831429093936,38.115429995853276,92.44373189786609,16.818048725297686,0.002362564206123352,166.5573026105026,False,166.5573026105026,170.09831429093936,False,170.75116873995245,38.115429995853276,False,38.115429995853276,92.44373189786609,False,92.18266271531195,16.818048725297686,False,16.818048725297686,0.002362564206123352,False,0.002533450722694397
633,True,166.55860935627274,,32.36769011871087,92.18266271531195,15.00900757919436,0.002533450722694397,166.55860935627274,False,166.5573026105026,,False,170.4247415154459,32.36769011871087,False,32.36769011871087,92.18266271531195,False,92.18266271531195,15.00900757919436,False,15.00900757919436,0.002533450722694397,False,0.002533450722694397
634,True,166.57419715402753,,26.178903844263502,87.46628157232584,14.24103881820949,0.002533450722694397,166.57419715402753,False,166.5573026105026,,False,170.09831429093936,26.178903844263502,False,26.178903844263502,87.46628157232584,False,87.46628157232584,14.24103881820949,False,14.24103881820949,0.002533450722694397,False,0.002533450722694397
635,True,166.1903624493978,,21.054361658151237,83.82979661171203,13.958666270808166,0.0025482475757598877,166.1903624493978,False,166.22979313573492,,False,,21.054361658151237,False,22.208226770811365,83.82979661171203,False,83.8487834988846,13.958666270808166,False,14.24103881820949,0.0025482475757598877,False,0.0025482475757598877
636,True,166.22979313573492,,22.127236917967764,83.8487834988846,12.446096767100116,0.0026241689920425415,166.22979313573492,False,166.1903624493978,,False,,22.127236917967764,False,22.208226770811365,83.8487834988846,False,83.82979661171203,12.446096767100116,False,14.24103881820949,0.0026241689920425415,False,0.002584517002105713
637,True,166.1442973862801,,22.208226770811365,82.46388622543326,16.615769778719923,0.0026241689920425415,166.1442973862801,False,166.1442973862801,,False,,22.208226770811365,False,22.208226770811365,82.46388622543326,False,83.63360494589635,16.615769778719923,False,16.561460402276424,0.0026241689920425415,False,0.002584517002105713
638,True,165.96791531617242,,23.61371084749939,83.63360494589635,16.561460402276424,0.002584517002105713,165.96791531617242,False,165.96791531617242,,False,,23.61371084749939,False,23.61371084749939,83.63360494589635,False,83.63360494589635,16.561460402276424,False,16.615769778719923,0.002584517002105713,False,0.002584517002105713
639,True,165.78322246312743,,24.822958950134108,83.48441920175837,17.914025618113456,0.002584517002105713,165.78322246312743,False,165.78322246312743,,False,,24.822958950134108,False,23.973702848301883,83.48441920175837,False,83.63360494589635,17.914025618113456,False,16.615769778719923,0.002584517002105713,False,0.002584517002105713
640,True,165.48611691474554,,23.973702848301883,84.30869781207468,19.109664770914293,0.002560362219810486,165.48611691474554,False,165.48611691474554,,False,,23.973702848301883,False,24.822958950134108,84.30869781207468,False,84.30869781207468,19.109664770914293,False,17.914025618113456,0.002560362219810486,False,0.002560362219810486
641,True,165.14829664696356,,30.27687036974737,85.40657031606692,12.039931473010569,0.0022641420364379883,165.14829664696356,False,165.14829664696356,,False,,30.27687036974737,False,30.27687036974737,85.40657031606692,False,85.40657031606692,12.039931473010569,False,18.245688846982745,0.0022641420364379883,False,0.0022641420364379883
642,True,164.66050386132966,,41.627952698764375,86.79068035148991,18.245688846982745,0.0021266937255859375,164.66050386132966,False,164.66050386132966,,False,,41.627952698764375,False,41.627952698764375,86.79068035148991,False,86.79068035148991,18.245688846982745,False,19.109664770914293,0.0021266937255859375,False,0.0021266937255859375
643,True,164.52093707369832,,44.311854830669006,87.57992128948804,20.295482785330492,0.0020663291215896606,164.52093707369832,False,164.52093707369832,,False,,44.311854830669006,False,41.627952698764375,87.57992128948804,False,87.57992128948804,20.295482785330492,False,20.295482785330492,0.0020663291215896606,False,0.0020663291215896606
644,True,164.3888392589712,,59.69069809835395,89.34768710290996,24.226174387398856,0.0020618736743927,164.3888392589712,False,164.3888392589712,,False,,59.69069809835395,False,41.627952698764375,89.34768710290996,False,89.34768710290996,24.226174387398856,False,20.295482785330492,0.0020618736743927,False,0.0020618736743927
645,True,164.18287784969723,,-87.19728933536672,89.76726914844494,35.98772601859676,0.002012595534324646,164.18287784969723,False,164.18287784969723,,False,,-87.19728933536672,False,-26.31859127399167,89.76726914844494,False,89.76726914844494,35.98772601859676,False,20.295482785330492,0.002012595534324646,False,0.002012595534324646
646,True,163.87909594830623,,-39.87037667231289,90.30392285289533,-41.40780655766682,0.0020114779472351074,163.87909594830623,False,163.87909594830623,,False,,-39.87037667231289,False,-26.31859127399167,90.30392285289533,False,89.85919178903272,-41.40780655766682,False,-10.73306171175875,0.0020114779472351074,False,0.0020114779472351074
647,True,163.53463876705456,,-26.31859127399167,89.85919178903272,-15.082750776403117,0.0018140077590942383,163.53463876705456,False,163.53463876705456,,False,,-26.31859127399167,False,-26.31859127399167,89.85919178903272,False,90.30392285289533,-15.082750776403117,False,-10.73306171175875,0.0018140077590942383,False,0.0018140077590942383
648,True,163.2530137540997,,-25.203184550914358,90.64945461957878,-10.73306171175875,0.0016722530126571655,163.2530137540997,False,163.2530137540997,,False,,-25.203184550914358,False,-25.203184550914358,90.64945461957878,False,90.64945461957878,-10.73306171175875,False,-10.73306171175875,0.0016722530126571655,False,0.0016789138317108154
649,True,163.1139238424274,,-24.62751257275056,91.41450665943167,-9.750610180838862,0.0016789138317108154,163.1139238424274,False,163.1139238424274,,False,,-24.62751257275056,False,-24.62751257275056,91.41450665943167,False,90.92804263189468,-9.750610180838862,False,-9.750610180838862,0.0016789138317108154,False,0.0016722530126571655
650,True,162.96497281995642,,-22.91306715959007,91.11259240350934,-8.948157869026204,0.0016411766409873962,162.96497281995642,False,162.96497281995642,,False,,-22.91306715959007,False,-23.876978981561336,91.11259240350934,False,90.92804263189468,-8.948157869026204,False,-9.098730679379912,0.0016411766409873962,False,0.0016603022813796997
651,True,162.85525917342886,,-23.08084865059149,90.92804263189468,-8.506776090850906,0.0016483515501022339,162.85525917342886,False,162.86048317232255,,False,,-23.08084865059149,False,-23.876978981561336,90.92804263189468,False,90.92804263189468,-8.506776090850906,False,-8.948157869026204,0.0016483515501022339,False,0.0016483515501022339
652,True,162.86048317232255,,-23.876978981561336,90.8165315578746,-9.098730679379912,,162.86048317232255,False,162.85525917342886,,False,,-23.876978981561336,False,-23.876978981561336,90.8165315578746,False,90.92131262143994,-9.098730679379912,False,-8.506776090850906,,False,0.001644764095544815
653,True,162.82296935565964,,-24.719778261474602,90.92131262143994,-8.385874178635731,,162.82296935565964,False,162.8254306290012,,False,,-24.719778261474602,False,-24.719778261474602,90.92131262143994,False,90.8165315578746,-8.385874178635731,False,-8.385874178635731,,False,0.0016483515501022339
654,True,162.8254306290012,,-25.487787893922416,90.79305906438563,-7.948001866040386,,162.8254306290012,False,162.82296935565964,,False,,-25.487787893922416,False,-25.487787893922416,90.79305906438563,False,90.79305906438563,-7.948001866040386,False,-7.948001866040386,,False,
655,True,162.78557508080235,,-26.200197696157176,90.67707288961168,-6.669791327809719,,162.78557508080235,False,162.7920260466505,,False,,-26.200197696157176,False,-26.200197696157176,90.67707288961168,False,90.79305906438563,-6.669791327809719,False,-6.712144661461366,,False,
656,True,162.7920260466505,,-28.722267548629787,90.73494533864641,-6.712144661461366,,162.7920260466505,False,162.7920260466505,,False,,-28.722267548629787,False,-28.671575676130203,90.73494533864641,False,90.73494533864641,-6.712144661461366,False,-6.712144661461366,,False,
657,True,162.75103343954683,,-28.671575676130203,91.0303346785249,-6.341166107452864,,162.75103343954683,False,162.7920260466505,,False,,-28.671575676130203,False,-28.722267548629787,91.0303346785249,False,90.73494533864641,-6.341166107452864,False,-6.669791327809719,,False,
658,True,162.98999463145242,,-33.56113333070695,90.54582436742419,-6.807308946939486,,162.98999463145242,False,162.94277010954622,,False,,-33.56113333070695,False,-33.56113333070695,90.54582436742419,False,90.97853295797631,-6.807308946939486,False,-6.712144661461366,,False,
659,True,162.94277010954622,,-35.59902744410974,90.97853295797631,-6.318455784332286,,162.94277010954622,False,162.98999463145242,,False,,-35.59902744410974,False,-35.59902744410974,90.97853295797631,False,91.0303346785249,-6.318455784332286,False,-6.807308946939486,,False,
660,True,163.3825540321057,,-41.38712200623695,91.1502899441049,-9.016360145907697,,163.3825540321057,False,163.3472443589263,,False,,-41.38712200623695,False,-41.38712200623695,91.1502899441049,False,90.97853295797631,-9.016360145907697,False,-9.016360145907697,,False,
661,True,163.3472443589263,,-43.608389405851426,91.07871876088633,-9.918163100907464,,163.3472443589263,False,163.3825540321057,,False,,-43.608389405851426,False,-43.608389405851426,91.07871876088633,False,90.97853295797631,-9.918163100907464,False,-9.918163100907464,,False,
662,True,163.5857500887513,,-64.89455677742984,90.97214375809384,-13.768829481334024,,163.5857500887513,False,163.5857500887513,,False,,-64.89455677742984,False,-54.09502210778555,90.97214375809384,False,90.97214375809384,-13.768829481334024,False,-13.768829481334024,,False,
663,True,163.79222763921862,,-60.469286371165396,90.9605715112122,-17.941773257587442,,163.79222763921862,False,163.79222763921862,,False,,-60.469286371165396,False,-54.09502210778555,90.9605715112122,False,90.97214375809384,-17.941773257587442,False,-17.941773257587442,,False,
664,True,163.9876873322717,,-54.09502210778555,90.94041622017731,-18.35890447085808,,163.9876873322717,False,163.9876873322717,,False,,-54.09502210778555,False,-54.09502210778555,90.94041622017731,False,90.97214375809384,-18.35890447085808,False,-17.941773257587442,,False,
665,True,164.06941858278697,,-45.97532307731947,91.20486034486548,-18.14425893372666,,164.06941858278697,False,164.06941858278697,,False,,-45.97532307731947,False,-45.97532307731947,91.20486034486548,False,91.20486034486548,-18.14425893372666,False,-17.941773257587442,,False,
666,True,164.12296442038783,,-42.294716296723436,92.31122428561953,-11.024925344409382,,164.12296442038783,False,164.11003651627595,,False,,-42.294716296723436,False,-42.294716296723436,92.31122428561953,False,92.31122428561953,-11.024925344409382,False,-11.024925344409382,,False,
667,True,164.11003651627595,,-33.452960639918956,92.35093718634606,-8.218853298720148,,164.11003651627595,False,164.12296442038783,,False,,-33.452960639918956,False,-33.452960639918956,92.35093718634606,False,92.35093718634606,-8.218853298720148,False,-8.218853298720148,,False,
668,True,164.26272123977978,,-19.26382707636151,92.60204673896403,-7.118152484305028,,164.26272123977978,False,164.26272123977978,,False,,-19.26382707636151,False,-19.26382707636151,92.60204673896403,False,92.60204673896403,-7.118152484305028,False,-7.118152484305028,,False,
669,True,164.32826095783713,,-12.85298278442832,92.75936242926394,-6.851183069056447,,164.32826095783713,False,164.26272123977978,,False,,-12.85298278442832,False,-12.85298278442832,92.75936242926394,False,92.60204673896403,-6.851183069056447,False,-7.118152484305028,,False,
670,True,164.36300209142004,,-11.741519983991338,92.75919691143693,-7.0433257128054265,,164.36300209142004,False,164.26272123977978,,False,,-11.741519983991338,False,-11.993827235362687,92.75919691143693,False,92.60204673896403,-7.0433257128054265,False,-7.118152484305028,,False,
671,True,164.1872018540904,,-11.993827235362687,91.51196436328235,-9.823909824352654,,164.1872018540904,False,164.1872018540904,,False,,-11.993827235362687,False,-11.741519983991338,91.51196436328235,False,91.64702030930532,-9.823909824352654,False,-9.278876275764901,,False,
672,True,164.06293121816458,,-10.653407731739662,91.64702030930532,-10.274415742415783,,164.06293121816458,False,164.06293121816458,,False,,-10.653407731739662,False,-10.653407731739662,91.64702030930532,False,91.51196436328235,-10.274415742415783,False,-9.823909824352654,,False,
673,True,164.0050976889754,,-8.487521422089799,91.40342410581154,-9.278876275764901,,164.0050976889754,False,164.0050976889754,,False,,-8.487521422089799,False,-8.63684033375398,91.40342410581154,False,91.40342410581154,-9.278876275764901,False,-10.274415742415783,,False,
674,True,163.97539498140222,,-8.63684033375398,90.6936286020226,-11.117682534217181,,163.97539498140222,False,163.97539498140222,,False,,-8.63684033375398,False,-8.63684033375398,90.6936286020226,False,90.74600419163006,-11.117682534217181,False,-10.296734994667872,,False,
675,True,163.76764136783785,,-8.151387354915869,90.74600419163006,-10.296734994667872,,163.76764136783785,False,163.76764136783785,,False,,-8.151387354915869,False,-8.63684033375398,90.74600419163006,False,90.6936286020226,-10.296734994667872,False,-10.432789231446861,,False,
676,True,163.72398837549218,,-8.905959966988462,90.29713334325729,-10.432789231446861,,163.72398837549218,False,163.72398837549218,,False,,-8.905959966988462,False,-8.905959966988462,90.29713334325729,False,90.29713334325729,-10.432789231446861,False,-10.508763435258686,,False,
677,True,163.55805604633377,,-9.016451665008447,90.21435903012159,-10.508763435258686,,163.55805604633377,False,163.55805604633377,,False,,-9.016451665008447,False,-8.97422117547319,90.21435903012159,False,90.21435903012159,-10.508763435258686,False,-10.432789231446861,,False,
678,True,163.55010579705242,,-8.998308688553607,89.90827352154533,-10.684836152067021,,163.55010579705242,False,163.55338612937234,,False,,-8.998308688553607,False,-8.97422117547319,89.90827352154533,False,89.90827352154533,-10.684836152067021,False,-10.432789231446861,,False,
679,True,163.55338612937234,,-8.97422117547319,89.88140207711486,-10.224268762673262,,163.55338612937234,False,163.55010579705242,,False,,-8.97422117547319,False,-8.97422117547319,89.88140207711486,False,89.88140207711486,-10.224268762673262,False,-10.332977000589096,,False,
680,True,163.53687813908763,,-8.642997342355784,89.83918443573017,-9.847468851181134,,163.53687813908763,False,163.53687813908763,,False,,-8.642997342355784,False,-8.877581194211587,89.83918443573017,False,89.83918443573017,-9.847468851181134,False,-10.332977000589096,,False,
681,True,163.1056351344902,,-8.743994329427323,89.77218310256457,-10.332977000589096,,163.1056351344902,False,163.1056351344902,,False,,-8.743994329427323,False,-8.877581194211587,89.77218310256457,False,89.77218310256457,-10.332977000589096,False,-10.332977000589096,,False,
682,True,162.77726098262144,,-8.877581194211587,89.42048087245188,-10.401104128734005,,162.77726098262144,False,162.79292230089925,,False,,-8.877581194211587,False,-8.77003121888606,89.42048087245188,False,89.4406354034379,-10.401104128734005,False,-10.401104128734005,,False,
683,True,162.79292230089925,,-8.8811130958062,89.4406354034379,-11.070766226335365,,162.79292230089925,False,162.77726098262144,,False,,-8.8811130958062,False,-8.77003121888606,89.4406354034379,False,89.42048087245188,-11.070766226335365,False,-10.970528651143127,,False,
684,True,162.61775090882833,,-8.77003121888606,89.1989425036223,-11.199701418610402,,162.61775090882833,False,162.61775090882833,,False,,-8.77003121888606,False,-8.77003121888606,89.1989425036223,False,89.1989425036223,-11.199701418610402,False,-10.970528651143127,,False,
685,True,162.41921348238387,,-7.955440666684638,89.09868961768643,-10.970528651143127,,162.41921348238387,False,162.41921348238387,,False,,-7.955440666684638,False,-8.520189716202367,89.09868961768643,False,89.09868961768643,-10.970528651143127,False,-11.035090714314606,,False,
686,True,162.4031152811552,,-8.4375715153908,89.07213356337073,-10.926119272464575,,162.4031152811552,False,162.4031152811552,,False,,-8.4375715153908,False,-8.520189716202367,89.07213356337073,False,89.07472499918647,-10.926119272464575,False,-11.035090714314606,,False,
687,True,162.321140790747,,-8.520189716202367,89.07472499918647,-11.035090714314606,,162.321140790747,False,162.321140790747,,False,,-8.520189716202367,False,-8.520189716202367,89.07472499918647,False,89.07213356337073,-11.035090714314606,False,-11.035090714314606,,False,
688,True,162.19564276417583,,-9.617114239963257,88.77191793185023,-11.158184890103087,,162.19564276417583,False,162.216456867686,,False,,-9.617114239963257,False,-9.617114239963257,88.77191793185023,False,88.9992063074067,-11.158184890103087,False,-11.158184890103087,,False,
689,True,162.2164270841975,,-10.242966707855203,88.54148295434155,-11.172118196326323,,162.2164270841975,False,162.216456867686,,False,,-10.242966707855203,False,-10.242966707855203,88.54148295434155,False,88.9992063074067,-11.172118196326323,False,-11.17165286212412,,False,
690,True,162.216456867686,,-10.315192793891015,88.9992063074067,-11.17165286212412,,162.216456867686,False,162.216456867686,,False,,-10.315192793891015,False,-10.315192793891015,88.9992063074067,False,88.9992063074067,-11.17165286212412,False,-11.172118196326323,,False,
691,True,162.49643516433636,,-11.207661944205938,89.51696041332872,-11.934725858225875,,162.49643516433636,False,162.49643516433636,,False,,-11.207661944205938,False,-11.207661944205938,89.51696041332872,False,89.09129154551013,-11.934725858225875,False,-11.934725858225875,,False,
692,True,162.7277478899548,,-11.414400891697369,89.13552714528045,-12.530289901631477,,162.7277478899548,False,162.66865135042468,,False,,-11.414400891697369,False,-11.414400891697369,89.13552714528045,False,89.13552714528045,-12.530289901631477,False,-12.530289901631477,,False,
693,True,162.66865135042468,,-12.37812480664877,89.09129154551013,-12.77969160378035,,162.66865135042468,False,162.6753173994248,,False,,-12.37812480664877,False,-12.37812480664877,89.09129154551013,False,89.13552714528045,-12.77969160378035,False,-12.77969160378035,,False,
694,True,162.6753173994248,,-12.645235055322473,89.4280868208191,-13.334093407380067,,162.6753173994248,False,162.7277478899548,,False,,-12.645235055322473,False,-12.645235055322473,89.4280868208191,False,89.12027843875637,-13.334093407380067,False,-13.334093407380067,,False,
695,True,162.739899845945,,-13.550864371832859,88.97617145663011,-13.880183073932244,,162.739899845945,False,162.739899845945,,False,,-13.550864371832859,False,-13.550864371832859,88.97617145663011,False,89.09129154551013,-13.880183073932244,False,-13.880183073932244,,False,
696,True,162.81014111933695,,-15.297204743315802,89.12027843875637,-14.065223558754127,,162.81014111933695,False,162.81014111933695,,False,,-15.297204743315802,False,-15.297204743315802,89.12027843875637,False,89.12027843875637,-14.065223558754127,False,-14.065223558754127,,False,
697,True,163.01763907328433,,-16.98558407391593,89.09099809347015,-14.795848641995804,,163.01763907328433,False,163.01763907328433,,False,,-16.98558407391593,False,-16.98558407391593,89.09099809347015,False,89.12027843875637,-14.795848641995804,False,-14.795848641995804,,False,
698,True,163.1722100068976,,-17.960741771564614,89.38769247913439,-16.137262868695757,,163.1722100068976,False,163.1722100068976,,False,,-17.960741771564614,False,-17.960741771564614,89.38769247913439,False,89.16769400182157,-16.137262868695757,False,-16.137262868695757,,False,
699,True,163.38378948782903,,-19.58229426476902,89.16769400182157,-16.761614037287046,,163.38378948782903,False,163.1981212892924,,False,,-19.58229426476902,False,-19.58229426476902,89.16769400182157,False,89.38769247913439,-16.761614037287046,False,-16.761614037287046,,False,
700,True,163.1981212892924,,-20.891330043897113,89.91467454045014,-16.931832927231255,,163.1981212892924,False,163.20933039049203,,False,,-20.891330043897113,False,-20.891330043897113,89.91467454045014,False,89.91467454045014,-16.931832927231255,False,-16.931832927231255,,False,
701,True,163.2298401788477,,-21.89312023520202,89.95575999694196,-17.577448367184218,,163.2298401788477,False,163.20933039049203,,False,,-21.89312023520202,False,-21.89312023520202,89.95575999694196,False,89.95575999694196,-17.577448367184218,False,-16.931832927231255,,False,
702,True,163.20933039049203,,-22.4893698631237,90.09939433031616,-17.416924588133412,,163.20933039049203,False,163.20933039049203,,False,,-22.4893698631237,False,-22.4893698631237,90.09939433031616,False,90.01905060260991,-17.416924588133412,False,-17.416924588133412,,False,
703,True,163.14106101847798,,-23.506683492370257,90.09849838163042,-16.81656976650345,,163.14106101847798,False,163.2298401788477,,False,,-23.506683492370257,False,-23.506683492370257,90.09849838163042,False,90.01905060260991,-16.81656976650345,False,-17.577448367184218,,False,
704,True,163.27740598415835,,-29.557496757198606,90.01905060260991,-17.933816835392662,,163.27740598415835,False,163.27740598415835,,False,,-29.557496757198606,False,-29.557496757198606,90.01905060260991,False,90.01905060260991,-17.933816835392662,False,-17.933816835392662,,False,
705,True,163.4594426824767,,-35.6994922994931,89.17028097020808,-20.094382956495593,,163.4594426824767,False,163.4594426824767,,False,,-35.6994922994931,False,-35.6994922994931,89.17028097020808,False,89.26721056692507,-20.094382956495593,False,-20.094382956495593,,False,
706,True,163.50627226142257,,-35.87112076985733,89.04043391670828,-20.3312434680723,,163.50627226142257,False,163.50627226142257,,False,,-35.87112076985733,False,-35.87112076985733,89.04043391670828,False,89.17028097020808,-20.3312434680723,False,-20.3312434680723,,False,
707,True,163.5848935027338,,-37.69029000893218,89.26721056692507,-21.558104627907994,,163.5848935027338,False,163.5848935027338,,False,,-37.69029000893218,False,-37.69029000893218,89.26721056692507,False,89.17028097020808,-21.558104627907994,False,-21.558104627907994,,False,
708,True,163.97392203364166,,-70.01496821969138,89.16494167874365,-34.027076175668014,,163.97392203364166,False,163.97392203364166,,False,,-70.01496821969138,False,-70.01496821969138,89.16494167874365,False,89.26721056692507,-34.027076175668014,False,-34.027076175668014,,False,
709,True,164.0608238251962,,-84.22860865418193,89.49949599919229,-36.65469303724561,,164.0608238251962,False,164.0608238251962,,False,,-84.22860865418193,False,-70.01496821969138,89.49949599919229,False,89.49643108614634,-36.65469303724561,False,-36.629305823492274,,False,
710,True,164.07895360198515,,-87.95249500124191,89.49643108614634,-36.629305823492274,,164.07895360198515,False,164.07895360198515,,False,,-87.95249500124191,False,-70.01496821969138,89.49643108614634,False,89.49643108614634,-36.629305823492274,False,-36.65469303724561,,False,
711,True,164.1576040161691,,82.98146155844347,89.50461827069877,-38.210327705910544,,164.1576040161691,False,164.1576040161691,,False,,82.98146155844347,False,53.55473119435263,89.50461827069877,False,89.49949599919229,-38.210327705910544,False,-38.210327705910544,,False,
712,True,164.1798772508602,,79.88155403982626,89.41339810495933,-38.45031494711901,,164.1798772508602,False,164.1798772508602,,False,,79.88155403982626,False,53.55473119435263,89.41339810495933,False,89.50461827069877,-38.45031494711901,False,-38.45031494711901,,False,
713,True,164.45873960290015,,53.55473119435263,89.56128226404657,-60.30667251006213,,164.45873960290015,False,164.45873960290015,,False,,53.55473119435263,False,53.55473119435263,89.56128226404657,False,89.56128226404657,-60.30667251006213,False,-60.30667251006213,,False,
714,True,164.5923365225806,,53.05837797631358,89.78521144674463,-70.53324700118395,,164.5923365225806,False,164.45873960290015,,False,,53.05837797631358,False,53.05837797631358,89.78521144674463,False,89.78521144674463,-70.53324700118395,False,-70.53324700118395,,False,
715,True,164.62503229621933,,52.12940512653802,89.95509105539185,-74.09419005196526,,164.62503229621933,False,164.45873960290015,,False,,52.12940512653802,False,52.12940512653802,89.95509105539185,False,89.95509105539185,-74.09419005196526,False,-70.87022722328007,,False,
716,True,164.40208091896847,,46.54971590567084,90.06863303591436,-74.56171351551143,,164.40208091896847,False,164.40924345218477,,False,,46.54971590567084,False,52.12940512653802,90.06863303591436,False,90.06863303591436,-74.56171351551143,False,-70.87022722328007,,False,
717,True,164.40924345218477,,48.276407800102504,90.44296918556005,-70.87022722328007,,164.40924345218477,False,164.40208091896847,,False,,48.276407800102504,False,48.276407800102504,90.44296918556005,False,90.44296918556005,-70.87022722328007,False,-70.87022722328007,,False,
718,True,164.39191604178544,,53.08025620285588,90.81236077858254,-65.593579238664,,164.39191604178544,False,164.39368285755222,,False,,53.08025620285588,False,46.54971590567084,90.81236077858254,False,90.70628360004812,-65.593579238664,False,-65.593579238664,,False,
719,True,164.39368285755222,,-63.49603181963903,90.82948860289194,-54.56695846989618,,164.39368285755222,False,164.39191604178544,,False,,-63.49603181963903,False,-58.33056131577629,90.82948860289194,False,90.70628360004812,-54.56695846989618,False,-54.71489529045732,,False,
720,True,164.39006645266292,,-64.0558966034913,90.70628360004812,-54.5201624018361,,164.39006645266292,False,164.39006645266292,,False,,-64.0558966034913,False,-58.33056131577629,90.70628360004812,False,90.70628360004812,-54.5201624018361,False,-54.71489529045732,,False,
721,True,164.37563844672064,,-58.33056131577629,90.44823208933522,-54.71489529045732,,164.37563844672064,False,164.37563844672064,,False,,-58.33056131577629,False,-58.33056131577629,90.44823208933522,False,90.44823208933522,-54.71489529045732,False,-54.71489529045732,,False,
722,True,164.26083593561654,,84.09653958539943,89.57265013634705,-64.06965412175873,,164.26083593561654,False,164.26083593561654,,False,,84.09653958539943,False,74.66791721851564,89.57265013634705,False,89.95979663973348,-64.06965412175873,False,-64.06965412175873,,False,
723,True,164.17042281743295,,74.66791721851564,89.59061106128713,-73.47787669548765,,164.17042281743295,False,164.17042281743295,,False,,74.66791721851564,False,74.66791721851564,89.59061106128713,False,89.95979663973348,-73.47787669548765,False,-73.47787669548765,,False,
724,True,163.6875608960433,,74.66791721851564,89.95979663973348,-78.48377020468132,,163.6875608960433,False,163.6875608960433,,False,,74.66791721851564,False,74.66791721851564,89.95979663973348,False,89.95979663973348,-78.48377020468132,False,-73.47787669548765,,False,
725,True,163.28459430718704,,69.01740980819196,90.27130353613457,-78.59305840285373,,163.28459430718704,False,163.28459430718704,,False,,69.01740980819196,False,69.01740980819196,90.27130353613457,False,90.27130353613457,-78.59305840285373,False,-73.47787669548765,,False,
726,True,163.26275892490656,,-60.46091521765726,90.65126172216904,-48.43865461667585,,163.26275892490656,False,163.26275892490656,,False,,-60.46091521765726,False,-39.68419236407348,90.65126172216904,False,90.65126172216904,-48.43865461667585,False,-48.43865461667585,,False,
727,True,162.83438849299543,,-61.58011326459581,90.77460897177605,-48.297898983297046,,162.83438849299543,False,162.83438849299543,,False,,-61.58011326459581,False,-39.68419236407348,90.77460897177605,False,90.77460897177605,-48.297898983297046,False,-48.297898983297046,,False,
728,True,162.54453742864686,,-39.68419236407348,91.05654886864406,-42.16627596937374,,162.54453742864686,False,162.57375034112454,,False,,-39.68419236407348,False,-39.68419236407348,91.05654886864406,False,91.05654886864406,-42.16627596937374,False,-42.16627596937374,,False,
729,True,162.57375034112454,,-35.32798645910532,91.59479567005339,-40.044878846989576,,162.57375034112454,False,162.54453742864686,,False,,-35.32798645910532,False,-35.32798645910532,91.59479567005339,False,91.59479567005339,-40.044878846989576,False,-40.044878846989576,,False,
730,True,162.5187217067304,,-21.575215253295653,92.3388591513846,-32.277551169060445,,162.5187217067304,False,162.5187217067304,,False,,-21.575215253295653,False,-21.575215253295653,92.3388591513846,False,92.3388591513846,-32.277551169060445,False,-32.277551169060445,,False,
731,True,161.74117726575307,,-10.015044986357566,96.41653694279505,-24.84241929181914,,161.74117726575307,False,161.74117726575307,,False,,-10.015044986357566,False,-10.015044986357566,96.41653694279505,False,96.41653694279505,-24.84241929181914,False,-24.84241929181914,,False,
732,True,160.04681004850767,,-7.058540923611645,102.60725534729002,-19.26908512294338,,160.04681004850767,False,160.04681004850767,,False,,-7.058540923611645,False,-7.058540923611645,102.60725534729002,False,102.60725534729002,-19.26908512294338,False,-19.26908512294338,,False,
733,True,154.46206846357126,,-2.579878445180327,108.97012784273502,-3.1317223599787667,,154.46206846357126,False,154.46206846357126,,False,,-2.579878445180327,False,-2.579878445180327,108.97012784273502,False,108.97012784273502,-3.1317223599787667,False,-3.1317223599787667,,False,0.042196065187454224
734,True,150.41914551683584,,-0.14566806006268962,120.20843606326721,-0.32741309299797194,,150.41914551683584,False,150.41914551683584,,False,,-0.14566806006268962,False,-0.14566806006268962,120.20843606326721,False,120.20843606326721,-0.32741309299797194,False,-1.8768556639628855,,False,0.048366039991378784
735,True,147.79589291863437,,1.6898530923132284,129.2651927214293,-1.791266234298405,0.042196065187454224,147.79589291863437,False,147.79589291863437,,False,,1.6898530923132284,False,1.4808754626658924,129.2651927214293,False,127.76368892427837,-1.791266234298405,False,-1.791266234298405,0.042196065187454224,False,0.054536014795303345
736,True,145.14480612007654,,1.9609847899709791,127.76368892427837,-1.8768556639628855,0.054536014795303345,145.14480612007654,False,146.22694566824342,,False,,1.9609847899709791,False,1.6898530923132284,127.76368892427837,False,129.2651927214293,-1.8768556639628855,False,-1.5891417645705133,0.054536014795303345,False,0.06065233796834946
737,True,145.36491531556433,,1.4808754626658924,133.5013274168467,-1.5891417645705133,0.06676866114139557,145.36491531556433,False,146.22694566824342,,False,,1.4808754626658924,False,1.9609847899709791,133.5013274168467,False,133.5013274168467,-1.5891417645705133,False,-1.5891417645705133,0.06676866114139557,False,0.06676866114139557
738,True,146.22694566824342,,6.242837815777278,136.975547215792,-1.5213283884300495,0.10021604597568512,146.22694566824342,False,146.22694566824342,,False,,6.242837815777278,False,6.242837815777278,136.975547215792,False,136.975547215792,-1.5213283884300495,False,-1.5213283884300495,0.10021604597568512,False,0.10021604597568512
739,True,146.29502511799174,,9.365700739071542,145.6784527744816,-1.1155919494250384,0.13816051185131073,146.29502511799174,False,146.22694566824342,,False,173.23294287302235,9.365700739071542,False,9.365700739071542,145.6784527744816,False,145.6784527744816,-1.1155919494250384,False,-1.1155919494250384,0.13816051185131073,False,0.13816051185131073
740,True,146.38013473861128,,11.440775483012601,153.13570303809956,-0.30080890576164165,0.1757228523492813,146.38013473861128,False,146.22694566824342,,False,175.7351287609192,11.440775483012601,False,9.365700739071542,153.13570303809956,False,153.13570303809956,-0.30080890576164165,False,-1.1155919494250384,0.1757228523492813,False,0.1757228523492813
741,True,146.18629436334294,173.23294287302235,9.623751660060634,156.4143978889819,-0.24709203314034767,0.20578312873840332,146.18629436334294,False,146.18629436334294,173.23294287302235,False,176.99523701284068,9.623751660060634,False,9.365700739071542,156.4143978889819,False,156.4143978889819,-0.24709203314034767,False,-1.1155919494250384,0.20578312873840332,False,0.20578312873840332
742,True,144.60635488039466,178.23731464881604,4.34521556625927,156.52915671393424,-1.6085932510126213,0.22776736319065094,144.60635488039466,False,144.65619583880456,178.23731464881604,False,176.41498360035033,4.34521556625927,False,4.34521556625927,156.52915671393424,False,156.52915671393424,-1.6085932510126213,False,-0.30080890576164165,0.22776736319065094,False,0.22481223940849304
743,True,144.65619583880456,176.99523701284068,2.2010359076085706,157.89687300074357,-1.3653005192488763,0.22605855762958527,144.65619583880456,False,144.60635488039466,176.99523701284068,False,175.83473018785998,2.2010359076085706,False,4.34521556625927,157.89687300074357,False,157.06383770838724,-1.3653005192488763,False,-0.24709203314034767,0.22605855762958527,False,0.22481223940849304
744,True,143.02158587646815,175.83473018785998,3.189766859364198,157.06383770838724,2.306863678156418,0.22481223940849304,143.02158587646815,False,143.02158587646815,175.83473018785998,False,175.83473018785998,3.189766859364198,False,4.34521556625927,157.06383770838724,False,157.89687300074357,2.306863678156418,False,2.306863678156418,0.22481223940849304,False,0.22481223940849304
745,True,137.51257458683529,164.69096228922407,6.089517022261873,159.5161406832321,6.848118527957411,0.21931838989257812,137.51257458683529,False,137.51257458683529,164.69096228922407,False,164.69096228922407,6.089517022261873,False,3.189766859364198,159.5161406832321,False,159.5161406832321,6.848118527957411,False,3.781705944622786,0.21931838989257812,False,0.21931838989257812
746,True,133.18031185344577,148.63947762651924,6.425766919819523,161.478510329454,8.778255497526942,0.2038474828004837,133.18031185344577,False,133.18031185344577,148.63947762651924,False,148.63947762651924,6.425766919819523,False,3.189766859364198,161.478510329454,False,160.56986089381112,8.778255497526942,False,3.781705944622786,0.2038474828004837,False,0.2038474828004837
747,True,119.20769115365246,134.7432764710246,1.4235944879744125,162.0074513845548,3.781705944622786,0.18912960588932037,119.20769115365246,False,119.20769115365246,134.7432764710246,False,134.7432764710246,1.4235944879744125,False,5.051037829471937,162.0074513845548,False,161.2407887917057,3.781705944622786,False,3.781705944622786,0.18912960588932037,False,0.18912960588932037
748,True,109.51961146823263,122.19550371976622,1.5998038924366824,160.56986089381112,1.263771197616279,0.16956199705600739,109.51961146823263,False,109.51961146823263,122.19550371976622,False,122.19550371976622,1.5998038924366824,False,4.2565476787144405,160.56986089381112,False,161.478510329454,1.263771197616279,False,1.263771197616279,0.16956199705600739,False,0.16956199705600739
749,True,100.11711758598621,107.39957754898914,5.051037829471937,161.2407887917057,-1.4047150752013522,0.14258763194084167,100.11711758598621,False,100.11711758598621,107.39957754898914,False,107.39957754898914,5.051037829471937,False,3.782507773041033,161.2407887917057,False,161.2407887917057,-1.4047150752013522,False,-1.4047150752013522,0.14258763194084167,False,0.14258763194084167
750,True,90.36013178074627,95.12914018624832,4.2565476787144405,176.58799770567884,-4.332515382105839,0.11454242467880249,90.36013178074627,False,100.11711758598621,95.12914018624832,False,95.12914018624832,4.2565476787144405,False,3.782507773041033,176.58799770567884,False,160.56986089381112,-4.332515382105839,False,-4.332515382105839,0.11454242467880249,False,0.11454242467880249
751,True,96.02991023504963,88.81888120924917,3.782507773041033,103.30312907130589,-7.687453305940778,0.09670798480510712,96.02991023504963,False,100.11711758598621,88.81888120924917,False,95.12914018624832,3.782507773041033,False,3.782507773041033,103.30312907130589,False,108.46975670607674,-7.687453305940778,False,-4.332515382105839,0.09670798480510712,False,0.09670798480510712
752,True,106.30609666757996,87.80331929697425,3.2740222481542105,84.2667836598551,-20.482949060100452,0.08099305629730225,106.30609666757996,False,106.30609666757996,87.80331929697425,False,95.12914018624832,3.2740222481542105,False,3.2740222481542105,84.2667836598551,False,107.54781059152135,-20.482949060100452,False,-4.332515382105839,0.08099305629730225,False,0.08099305629730225
753,True,138.3893779830624,142.72578330546682,-5.68911253118749,108.46975670607674,8.366513539022336,0.07236531376838684,138.3893779830624,False,134.78288473007743,142.72578330546682,False,142.72578330546682,-5.68911253118749,False,-5.68911253118749,108.46975670607674,False,103.30312907130589,8.366513539022336,False,0.10415078038197123,0.07236531376838684,False,0.07322710752487183
754,True,150.8973452556394,142.85820547949209,-8.605797733481381,107.54781059152135,1.9936898744207667,0.07322710752487183,150.8973452556394,False,134.78288473007743,142.85820547949209,False,142.85820547949209,-8.605797733481381,False,-8.605797733481381,107.54781059152135,False,84.2667836598551,1.9936898744207667,False,0.10415078038197123,0.07322710752487183,False,0.07236531376838684
755,True,134.78288473007743,161.71406017534915,-22.159029314640833,61.067795669045225,0.10415078038197123,0.06710916757583618,134.78288473007743,False,134.78288473007743,161.71406017534915,False,161.71406017534915,-22.159029314640833,False,-19.801700786463144,61.067795669045225,False,61.067795669045225,0.10415078038197123,False,0.10415078038197123,0.06710916757583618,False,0.06710916757583618
756,True,126.47468598164612,163.5963522671331,-19.801700786463144,59.62103106047171,-0.9923954842723219,0.05613592267036438,126.47468598164612,False,134.78288473007743,163.5963522671331,False,163.5963522671331,-19.801700786463144,False,-20.302362940705507,59.62103106047171,False,59.62103106047171,-0.9923954842723219,False,-0.9923954842723219,0.05613592267036438,False,0.05613592267036438
757,True,132.516707239581,167.4838296837183,-20.302362940705507,58.63350373617144,-12.43640125254501,0.013173878192901611,132.516707239581,False,134.78288473007743,167.4838296837183,False,167.4838296837183,-20.302362940705507,False,-20.302362940705507,58.63350373617144,False,59.62103106047171,-12.43640125254501,False,-12.43640125254501,0.013173878192901611,False,0.03390336036682129
758,True,138.5945405771209,171.78334687438257,-20.302362940705507,24.69751974222834,-13.984393503546798,0.013706684112548828,138.5945405771209,False,138.5945405771209,171.78334687438257,False,171.78334687438257,-20.302362940705507,False,-20.302362940705507,24.69751974222834,False,59.62103106047171,-13.984393503546798,False,-13.984393503546798,0.013706684112548828,False,0.03390336036682129
759,True,146.0292996616984,173.9195807145622,-23.58552524932341,129.75061454004538,-15.362758699183004,0.03390336036682129,146.0292996616984,False,142.676241097486,173.9195807145622,False,173.9195807145622,-23.58552524932341,False,-20.302362940705507,129.75061454004538,False,129.75061454004538,-15.362758699183004,False,-15.320803206996175,0.03390336036682129,False,0.03390336036682129
760,True,142.676241097486,176.90999042258974,-18.072403053430435,138.96607654825343,-18.445674701659186,0.07123994827270508,142.676241097486,False,142.676241097486,176.90999042258974,False,173.9195807145622,-18.072403053430435,False,-18.072403053430435,138.96607654825343,False,134.35834554414942,-18.445674701659186,False,-15.362758699183004,0.07123994827270508,False,0.07123994827270508
761,True,163.4446670158204,174.71290131666075,-5.082889871377404,156.233258121249,-15.320803206996175,0.1241128146648407,163.4446670158204,False,142.676241097486,174.71290131666075,False,173.9195807145622,-5.082889871377404,False,-6.461101925723284,156.233258121249,False,138.96607654825343,-15.320803206996175,False,-16.359254038127162,0.1241128146648407,False,0.1241128146648407
762,True,139.08948469265732,172.85616747623436,-6.461101925723284,,-16.359254038127162,0.1509609818458557,139.08948469265732,False,139.08948469265732,172.85616747623436,False,174.71290131666075,-6.461101925723284,False,-5.082889871377404,,False,147.59966733475122,-16.359254038127162,False,-18.445674701659186,0.1509609818458557,False,0.1509609818458557
763,True,58.522142502132226,172.2142318468792,-1.3818881038482118,,-19.695345681289638,0.19710835814476013,58.522142502132226,False,104.80317456320611,172.2142318468792,False,174.71290131666075,-1.3818881038482118,False,-4.143120397878647,,False,156.233258121249,-19.695345681289638,False,-19.695345681289638,0.19710835814476013,False,0.19710835814476013
764,True,78.4015121616185,178.54603738259894,-0.26953217730356016,,-20.145151851641486,0.23548290133476257,78.4015121616185,False,104.80317456320611,178.54603738259894,False,175.36146121287896,-0.26953217730356016,False,-1.3818881038482118,,False,,-20.145151851641486,False,-20.145151851641486,0.23548290133476257,False,0.23548290133476257
765,True,104.80317456320611,175.36146121287896,-4.143120397878647,,-20.784451416613365,0.2894243597984314,104.80317456320611,False,104.80317456320611,175.36146121287896,False,176.14069278564344,-4.143120397878647,False,-1.3818881038482118,,False,,-20.784451416613365,False,-20.739928206902434,0.2894243597984314,False,0.2894243597984314
766,True,123.2952209925475,176.14069278564344,-0.19870313027739428,,-22.162300397565318,0.33527886867523193,123.2952209925475,False,123.2952209925475,176.14069278564344,False,177.4039593654495,-0.19870313027739428,False,-2.5252571531965344,,False,,-22.162300397565318,False,-20.739928206902434,0.33527886867523193,False,0.33527886867523193
767,True,130.17414453053217,178.2236186437029,-2.5252571531965344,,-20.739928206902434,0.36419597268104553,130.17414453053217,False,130.17414453053217,178.2236186437029,False,176.14069278564344,-2.5252571531965344,False,-2.882903498527128,,False,,-20.739928206902434,False,-20.739928206902434,0.36419597268104553,False,0.36419597268104553
768,True,139.57976115980395,177.4039593654495,-2.882903498527128,,-20.036408779510978,0.39369261264801025,139.57976115980395,False,139.57976115980395,177.4039593654495,False,177.4039593654495,-2.882903498527128,False,-2.882903498527128,,False,,-20.036408779510978,False,-20.739928206902434,0.39369261264801025,False,0.39369261264801025
769,True,151.40294890708637,175.71835021598645,-7.791912030829195,,-20.333805500009944,0.41059666872024536,151.40294890708637,False,151.40294890708637,175.71835021598645,False,177.4039593654495,-7.791912030829195,False,-7.791912030829195,,False,,-20.333805500009944,False,-20.739928206902434,0.41059666872024536,False,0.41059666872024536
770,True,156.11194401102244,178.2565499102381,-8.400850359944428,,-23.836065992904366,0.4253980815410614,156.11194401102244,False,156.11194401102244,178.2565499102381,False,177.38763199754334,-8.400850359944428,False,-8.400850359944428,,False,,-23.836065992904366,False,-23.836065992904366,0.4253980815410614,False,0.4119369387626648
771,True,161.86399212209056,177.38763199754334,-9.58126857426862,,-25.749458957462423,0.41700342297554016,161.86399212209056,False,161.86399212209056,177.38763199754334,False,176.64885802461447,-9.58126857426862,False,-9.58126857426862,,False,,-25.749458957462423,False,-24.916146675762064,0.41700342297554016,False,0.4119369387626648
772,True,166.67465460091458,176.64885802461447,-12.379855678194389,,-26.918928903334006,0.4119369387626648,166.67465460091458,False,164.64909186573692,176.64885802461447,False,176.64885802461447,-12.379855678194389,False,-12.379855678194389,,False,,-26.918928903334006,False,-25.041384679024787,0.4119369387626648,False,0.4119369387626648
773,True,164.64909186573692,171.87087182428195,-14.136891705311072,,-24.916146675762064,0.3921377956867218,164.64909186573692,False,165.91987251790906,171.87087182428195,False,171.87087182428195,-14.136891705311072,False,-13.197814695676698,,False,,-24.916146675762064,False,-25.041384679024787,0.3921377956867218,False,0.3921377956867218
774,True,165.91987251790906,168.94400577848273,-13.59820122418688,,-25.041384679024787,0.349078506231308,165.91987251790906,False,166.67465460091458,168.94400577848273,False,168.94400577848273,-13.59820122418688,False,-13.59820122418688,,False,,-25.041384679024787,False,-24.916146675762064,0.349078506231308,False,0.349078506231308
775,True,169.7291782825727,166.52763176524,-13.197814695676698,,-24.769073867130786,0.27297115325927734,169.7291782825727,False,165.91987251790906,166.52763176524,False,166.52763176524,-13.197814695676698,False,-13.993960706393551,,False,,-24.769073867130786,False,-24.769073867130786,0.27297115325927734,False,0.27297115325927734
776,True,173.8301175598271,161.83095542506666,-13.993960706393551,,-18.86484407910507,0.18221238255500793,173.8301175598271,False,165.91987251790906,161.83095542506666,False,161.83095542506666,-13.993960706393551,False,-13.993960706393551,,False,,-18.86484407910507,False,-24.119606385825648,0.18221238255500793,False,0.18221238255500793
777,True,140.93061442968747,146.92533638081434,-19.546838914497926,,-24.119606385825648,0.07752540707588196,140.93061442968747,False,140.93061442968747,146.92533638081434,False,146.92533638081434,-19.546838914497926,False,-18.488521460008243,,False,,-24.119606385825648,False,-23.849765833754944,0.07752540707588196,False,0.07752540707588196
778,True,131.7904039154383,127.49411450061449,-19.897533081898445,,-23.849765833754944,0.07568413019180298,131.7904039154383,False,131.7904039154383,127.49411450061449,False,127.49411450061449,-19.897533081898445,False,-18.488521460008243,,False,,-23.849765833754944,False,-18.86484407910507,0.07568413019180298,False,0.07752540707588196
779,True,130.4676493582509,112.94823473454831,-18.488521460008243,,-17.795871082826707,0.07568413019180298,130.4676493582509,False,130.4676493582509,112.94823473454831,False,112.94823473454831,-18.488521460008243,False,-18.809067104180286,,False,,-17.795871082826707,False,-18.372460854241595,0.07568413019180298,False,0.07752540707588196
780,True,124.81930145363313,99.1491942786103,-16.200354143241867,,-18.372460854241595,0.07929390668869019,124.81930145363313,False,124.81930145363313,99.1491942786103,False,99.1491942786103,-16.200354143241867,False,-18.809067104180286,,False,,-18.372460854241595,False,-17.795871082826707,0.07929390668869019,False,0.07929390668869019
781,True,121.68661845528233,88.59742667998694,-18.809067104180286,,-17.54268775221564,0.08736371994018555,121.68661845528233,False,123.1621997249743,88.59742667998694,False,88.59742667998694,-18.809067104180286,False,-18.488521460008243,,False,,-17.54268775221564,False,-17.54268775221564,0.08736371994018555,False,0.08736371994018555
782,True,122.34357879718438,84.83091496188295,-19.178587626970966,,-17.279614460629958,0.08942031860351562,122.34357879718438,False,123.1621997249743,84.83091496188295,False,88.59742667998694,-19.178587626970966,False,-16.721262650294378,,False,,-17.279614460629958,False,-17.279614460629958,0.08942031860351562,False,0.08942031860351562
783,True,123.1621997249743,86.99713681505797,-16.721262650294378,,-13.674127311927236,0.09170165657997131,123.1621997249743,False,123.1621997249743,86.99713681505797,False,88.59742667998694,-16.721262650294378,False,-16.721262650294378,,False,,-13.674127311927236,False,-16.817504979625582,0.09170165657997131,False,0.09170165657997131
784,True,133.15866598523243,91.97539368533779,-11.117206362610602,,-16.817504979625582,0.10085877776145935,133.15866598523243,False,133.15866598523243,91.97539368533779,False,91.97539368533779,-11.117206362610602,False,-11.117206362610602,,False,,-16.817504979625582,False,-13.674127311927236,0.10085877776145935,False,0.10085877776145935
785,True,147.27195366334138,106.04265651394216,-7.943538361340941,,-10.527067826934982,0.10564208030700684,147.27195366334138,False,147.27195366334138,106.04265651394216,False,106.04265651394216,-7.943538361340941,False,-7.943955399334044,,False,,-10.527067826934982,False,-10.527067826934982,0.10564208030700684,False,0.10326477885246277
786,True,162.2694630828345,120.34724597771248,-7.53311239000675,,-9.413435501207218,0.10326477885246277,162.2694630828345,False,162.2694630828345,120.34724597771248,False,120.34724597771248,-7.53311239000675,False,-7.943538361340941,,False,,-9.413435501207218,False,-9.906311549418689,0.10326477885246277,False,0.10564208030700684
787,True,170.06533712623664,128.7049668900395,-7.943955399334044,,-9.065395647452902,0.1075487732887268,170.06533712623664,False,170.06533712623664,128.7049668900395,False,128.7049668900395,-7.943955399334044,False,-7.931114336644839,,False,,-9.065395647452902,False,-9.413435501207218,0.1075487732887268,False,0.1075487732887268
788,True,174.56973716703223,141.55783456704725,-7.931114336644839,,-9.906311549418689,0.1075487732887268,174.56973716703223,False,174.56973716703223,141.55783456704725,False,141.55783456704725,-7.931114336644839,False,-7.53311239000675,,False,,-9.906311549418689,False,-9.19693978985049,0.1075487732887268,False,0.1075487732887268
789,True,175.7997879575737,150.95411860823688,-7.132560248206843,,-9.19693978985049,0.11059379577636719,175.7997879575737,False,175.7997879575737,150.95411860823688,False,150.95411860823688,-7.132560248206843,False,-7.132560248206843,,False,,-9.19693978985049,False,-9.076233925957851,0.11059379577636719,False,0.11059379577636719
790,True,177.1549593796839,155.81689940206178,-6.887700070866444,,-9.076233925957851,0.1114395260810852,177.1549593796839,False,176.58660405230216,155.81689940206178,False,155.81689940206178,-6.887700070866444,False,-6.887700070866444,,False,,-9.076233925957851,False,-9.076233925957851,0.1114395260810852,False,0.1114395260810852
791,True,176.58660405230216,160.4101739515986,-6.619752974438924,,-8.591507027757075,0.11860635876655579,176.58660405230216,False,177.1549593796839,160.4101739515986,False,160.4101739515986,-6.619752974438924,False,-6.619752974438924,,False,,-8.591507027757075,False,-8.591507027757075,0.11860635876655579,False,0.11860635876655579
792,True,177.2713781923693,164.21844374069457,-6.593293209800933,,-8.578261800235694,0.11860635876655579,177.2713781923693,False,177.19332464741584,164.21844374069457,False,164.21844374069457,-6.593293209800933,False,-6.593293209800933,,False,,-8.578261800235694,False,-8.578261800235694,0.11860635876655579,False,0.11860635876655579
793,True,177.19332464741584,166.70866799877663,-5.937401676417039,,-8.484511894811888,0.11860635876655579,177.19332464741584,False,177.19332464741584,166.70866799877663,False,166.70866799877663,-5.937401676417039,False,-5.937401676417039,,False,,-8.484511894811888,False,-8.484511894811888,0.11860635876655579,False,0.11860635876655579
794,True,178.68492665174685,168.4232863827182,-5.429902949906349,,-7.962494284404329,0.11322015523910522,178.68492665174685,False,177.19332464741584,168.4232863827182,False,168.4232863827182,-5.429902949906349,False,-5.429902949906349,,False,,-7.962494284404329,False,-7.962494284404329,0.11322015523910522,False,0.11322015523910522
795,True,168.2793444446579,171.61604764710336,-4.877956594988149,,-6.42937981148593,0.09059709310531616,168.2793444446579,False,168.2793444446579,171.61604764710336,False,171.2601827435311,-4.877956594988149,False,-4.877956594988149,,False,,-6.42937981148593,False,-6.42937981148593,0.09059709310531616,False,0.09059709310531616
796,True,160.8904197286524,171.2601827435311,-4.351552691746818,,-4.971425383876138,0.05956137180328369,160.8904197286524,False,160.8904197286524,171.2601827435311,False,171.61604764710336,-4.351552691746818,False,-4.351552691746818,,False,,-4.971425383876138,False,-4.971425383876138,0.05956137180328369,False,0.05956137180328369
797,True,156.2263519615252,174.8887296440856,-4.131139399562656,,-3.783169454810576,0.03598812222480774,156.2263519615252,False,156.2263519615252,174.8887296440856,False,174.8887296440856,-4.131139399562656,False,-4.351552691746818,,False,,-3.783169454810576,False,-4.017633414953636,0.03598812222480774,False,0.03598812222480774
798,True,147.9464450805539,176.26424065480407,-4.248563057078982,,-3.877987599517951,0.016726672649383545,147.9464450805539,False,147.9464450805539,176.26424065480407,False,175.4815133966529,-4.248563057078982,False,-4.351552691746818,,False,,-3.877987599517951,False,-4.017633414953636,0.016726672649383545,False,0.016726672649383545
799,True,145.18179505347157,179.942541068541,-4.5640795297325525,,-4.017633414953636,0.0040749311447143555,145.18179505347157,False,146.61291483877343,179.942541068541,False,175.4815133966529,-4.5640795297325525,False,-4.551150833910356,,False,,-4.017633414953636,False,-3.877987599517951,0.0040749311447143555,False,0.016726672649383545
800,True,144.70897721128935,175.4815133966529,-4.551150833910356,,-4.054705248020667,0.008028596639633179,144.70897721128935,False,146.61291483877343,175.4815133966529,False,175.4815133966529,-4.551150833910356,False,-4.5640795297325525,,False,,-4.054705248020667,False,-3.877987599517951,0.008028596639633179,False,0.016726672649383545
801,True,146.61291483877343,173.63928354778153,-4.646669091623906,,-2.974586878948074,0.028540074825286865,146.61291483877343,False,146.61291483877343,173.63928354778153,False,174.1061706750703,-4.646669091623906,False,-4.5640795297325525,,False,,-2.974586878948074,False,-2.974586878948074,0.028540074825286865,False,0.028540074825286865
802,True,148.92638320371384,174.1061706750703,-4.864688116875044,,-2.0230642060453334,0.042663246393203735,148.92638320371384,False,148.92638320371384,174.1061706750703,False,173.63928354778153,-4.864688116875044,False,-4.555243452932672,,False,177.35368740008002,-2.0230642060453334,False,-2.0230642060453334,0.042663246393203735,False,0.042663246393203735
803,True,156.28702134691156,171.3737787555103,-4.555243452932672,,-0.8743011093198589,0.04488551616668701,156.28702134691156,False,156.28702134691156,171.3737787555103,False,171.7243770619186,-4.555243452932672,False,-4.555243452932672,,False,177.73065974528654,-0.8743011093198589,False,-1.0045607892856765,0.04488551616668701,False,0.04488551616668701
804,True,160.96603517021043,170.94894283773502,-4.322061379706923,177.35368740008002,-0.9977690778949011,0.049715012311935425,160.96603517021043,False,160.96603517021043,170.94894283773502,False,171.7243770619186,-4.322061379706923,False,-4.322061379706923,177.35368740008002,False,178.10763209049307,-0.9977690778949011,False,-0.9977690778949011,0.049715012311935425,False,0.04488551616668701
805,True,162.2424185629542,171.7243770619186,-4.278578249025742,178.10763209049307,-1.0045607892856765,0.05070984363555908,162.2424185629542,False,162.2424185629542,171.7243770619186,False,171.3737787555103,-4.278578249025742,False,-4.278578249025742,178.10763209049307,False,177.73065974528654,-1.0045607892856765,False,-0.9977690778949011,0.05070984363555908,False,0.04488551616668701
806,True,164.2732258466065,172.21138538679557,-3.9781119656699246,179.91975243460087,-0.9931731087292377,0.0400257408618927,164.2732258466065,False,162.5110747132149,172.21138538679557,False,170.94894283773502,-3.9781119656699246,False,-3.9781119656699246,179.91975243460087,False,177.35368740008002,-0.9931731087292377,False,-0.9977690778949011,0.0400257408618927,False,0.0400257408618927
807,True,163.10230022142764,170.33010487857496,-3.704353326769791,174.42986070145426,-1.1110159056586753,0.023541361093521118,163.10230022142764,False,163.10230022142764,170.33010487857496,False,170.33010487857496,-3.704353326769791,False,-3.7086904336503324,174.42986070145426,False,174.93322689603193,-1.1110159056586753,False,-0.9931731087292377,0.023541361093521118,False,0.023541361093521118
808,True,162.5110747132149,167.14958248664138,-3.7086904336503324,174.49886091870638,-0.7282884219191033,0.009122759103775024,162.5110747132149,False,163.10230022142764,167.14958248664138,False,167.14958248664138,-3.7086904336503324,False,-3.704353326769791,174.49886091870638,False,174.49886091870638,-0.7282884219191033,False,-0.7282884219191033,0.009122759103775024,False,0.017355352640151978
809,True,163.3314183350082,165.5548614959565,-3.1751303508741273,174.93322689603193,-0.24243862309495512,0.007289528846740723,163.3314183350082,False,162.5110747132149,165.5548614959565,False,165.5548614959565,-3.1751303508741273,False,-3.1751303508741273,174.93322689603193,False,174.42986070145426,-0.24243862309495512,False,-0.7282884219191033,0.007289528846740723,False,0.017355352640151978
810,True,159.92169027295287,165.2731447695512,-2.818706358714138,173.49135146731672,-0.5926243222607184,0.017355352640151978,159.92169027295287,False,162.5110747132149,165.2731447695512,False,165.2731447695512,-2.818706358714138,False,-2.818706358714138,173.49135146731672,False,174.49886091870638,-0.5926243222607184,False,-0.7282884219191033,0.017355352640151978,False,0.017355352640151978
811,True,161.60685532847893,161.10116456873783,-2.155410429622407,171.49665051576017,-1.3890825828387818,0.03343319892883301,161.60685532847893,False,163.3314183350082,161.10116456873783,False,161.10116456873783,-2.155410429622407,False,-2.5478709584724584,171.49665051576017,False,173.49135146731672,-1.3890825828387818,False,-1.3890825828387818,0.03343319892883301,False,0.03343319892883301
812,True,164.40790782493778,160.1041548415562,-2.5257687154099813,174.6700811272552,-1.8216643628909281,0.04791837930679321,164.40790782493778,False,164.40790782493778,160.1041548415562,False,160.1041548415562,-2.5257687154099813,False,-2.537513406654867,174.6700811272552,False,173.49135146731672,-1.8216643628909281,False,-1.4606818427643447,0.04791837930679321,False,0.04791837930679321
813,True,168.39377197525653,158.5209850273549,-2.5478709584724584,171.9884443112142,-1.6645598798191656,0.06850260496139526,168.39377197525653,False,168.39377197525653,158.5209850273549,False,158.5209850273549,-2.5478709584724584,False,-2.537513406654867,171.9884443112142,False,174.6700811272552,-1.6645598798191656,False,-1.4606818427643447,0.06850260496139526,False,0.06850260496139526
814,True,170.49740491186225,153.64205881403743,-2.537513406654867,176.85360198945367,-1.4606818427643447,0.08593916893005371,170.49740491186225,False,170.49740491186225,153.64205881403743,False,153.64205881403743,-2.537513406654867,False,-2.537513406654867,176.85360198945367,False,176.85360198945367,-1.4606818427643447,False,-1.4606818427643447,0.08593916893005371,False,0.08593916893005371
815,True,173.42815159002427,149.9572167377919,-2.740267895639562,179.55060439552764,-1.0160348825411631,0.10210774838924408,173.42815159002427,False,170.49740491186225,149.9572167377919,False,149.9572167377919,-2.740267895639562,False,-2.537513406654867,179.55060439552764,False,176.85360198945367,-1.0160348825411631,False,-1.022294850670633,0.10210774838924408,False,0.10210774838924408
816,True,171.31603057151187,147.24967998741548,-2.292142499577281,179.13153198048772,-1.022294850670633,0.11840945482254028,171.31603057151187,False,170.49740491186225,147.24967998741548,False,147.24967998741548,-2.292142499577281,False,-2.4413002326367916,179.13153198048772,False,176.85360198945367,-1.022294850670633,False,-1.0160348825411631,0.11840945482254028,False,0.11840945482254028
817,True,167.6421670561096,142.17885069989924,-2.4413002326367916,176.12759210151836,-0.04903650865128384,0.14387701451778412,167.6421670561096,False,167.6421670561096,142.17885069989924,False,143.08969254463585,-2.4413002326367916,False,-2.292142499577281,176.12759210151836,False,176.12759210151836,-0.04903650865128384,False,-0.04903650865128384,0.14387701451778412,False,0.14387701451778412
818,True,167.24091511926557,142.42872860234866,-1.7257172643672618,175.05581993580685,0.21399858924942805,0.1477552205324173,167.24091511926557,False,167.6421670561096,142.42872860234866,False,143.08969254463585,-1.7257172643672618,False,-1.7257172643672618,175.05581993580685,False,175.05581993580685,0.21399858924942805,False,0.21399858924942805,0.1477552205324173,False,0.1477552205324173
819,True,166.06406322846212,143.08969254463585,-1.1873575782755807,169.80337795287687,1.4087605521182383,0.16342288255691528,166.06406322846212,False,167.6421670561096,143.08969254463585,False,143.08969254463585,-1.1873575782755807,False,-1.1873575782755807,169.80337795287687,False,169.80337795287687,1.4087605521182383,False,0.9811444774654063,0.16342288255691528,False,0.16342288255691528
820,True,168.30928932453196,143.8146059605912,-0.9616855260682229,169.0256696666351,1.0564533790782349,0.17364632338285446,168.30928932453196,False,168.30928932453196,143.8146059605912,False,143.8146059605912,-0.9616855260682229,False,-0.9616855260682229,169.0256696666351,False,169.0256696666351,1.0564533790782349,False,1.0564533790782349,0.17364632338285446,False,0.17364632338285446
821,True,172.27089004181275,152.71079940484415,-0.3917198475004966,166.47259492275134,0.9811444774654063,0.17408587783575058,172.27089004181275,False,172.27089004181275,152.71079940484415,False,152.71079940484415,-0.3917198475004966,False,-0.3917198475004966,166.47259492275134,False,166.47259492275134,0.9811444774654063,False,1.4087605521182383,0.17408587783575058,False,0.17408587783575058
822,True,174.47217760722376,160.03795411399327,0.1315532947955802,163.29799611642437,1.5185688858218924,0.17455780506134033,174.47217760722376,False,174.47217760722376,160.03795411399327,False,160.03795411399327,0.1315532947955802,False,0.13143971211731298,163.29799611642437,False,163.29799611642437,1.5185688858218924,False,1.4477095459907048,0.17455780506134033,False,0.17408587783575058
823,True,177.89313059936964,162.92532922684512,0.13143971211731298,161.93072547066453,1.4485016382980689,0.17475949972867966,177.89313059936964,False,176.07438943890955,162.92532922684512,False,162.92532922684512,0.13143971211731298,False,0.1315532947955802,161.93072547066453,False,162.8847664319744,1.4485016382980689,False,1.4477095459907048,0.17475949972867966,False,0.17408587783575058
824,True,178.21481833956418,163.09708382390156,0.13165362449974793,162.8847664319744,1.4477095459907048,0.17280396819114685,178.21481833956418,False,176.07438943890955,163.09708382390156,False,163.09708382390156,0.13165362449974793,False,0.1315532947955802,162.8847664319744,False,162.8847664319744,1.4477095459907048,False,1.4477095459907048,0.17280396819114685,False,0.17280396819114685
825,True,176.07438943890955,165.34620588612043,0.14493744630091498,161.6805184872127,1.429506151539087,0.16343915462493896,176.07438943890955,False,176.07438943890955,165.34620588612043,False,163.4813850326713,0.14493744630091498,False,0.13143971211731298,161.6805184872127,False,162.8847664319744,1.429506151539087,False,1.429506151539087,0.16343915462493896,False,0.16343915462493896
826,True,169.63055222792653,166.19054405220422,-0.39762634081060355,163.87588731122625,1.1788294304210183,0.14679882675409317,169.63055222792653,False,169.63055222792653,166.19054405220422,False,165.34620588612043,-0.39762634081060355,False,-0.39762634081060355,163.87588731122625,False,162.8847664319744,1.1788294304210183,False,1.1788294304210183,0.14679882675409317,False,0.14679882675409317
827,True,160.24871095372896,163.4813850326713,-2.0282666862438106,163.62570020311492,0.1316675929314357,0.12473117560148239,160.24871095372896,False,160.24871095372896,163.4813850326713,False,166.19054405220422,-2.0282666862438106,False,-2.0282666862438106,163.62570020311492,False,162.94410109828726,0.1316675929314357,False,0.1316675929314357,0.12473117560148239,False,0.12473117560148239
828,True,155.15107927159318,167.0989770447658,-2.6152652355833794,162.75798790869786,-0.06659297892231564,0.10656828433275223,155.15107927159318,False,155.15107927159318,167.0989770447658,False,167.0989770447658,-2.6152652355833794,False,-2.0282666862438106,162.75798790869786,False,163.11943349379868,-0.06659297892231564,False,-0.06659297892231564,0.10656828433275223,False,0.10656828433275223
829,True,149.41241621344483,168.4980698939333,-2.0916380157959935,162.94410109828726,-0.30393186107681913,0.09414250403642654,149.41241621344483,False,149.41241621344483,168.4980698939333,False,168.4980698939333,-2.0916380157959935,False,-2.0282666862438106,162.94410109828726,False,162.94410109828726,-0.30393186107681913,False,-0.2579529416764501,0.09414250403642654,False,0.09414250403642654
830,True,141.42818269547942,169.02292064145627,-1.982285031494854,163.11943349379868,-0.4534648450537446,0.07761553674936295,141.42818269547942,False,141.42818269547942,169.02292064145627,False,169.02292064145627,-1.982285031494854,False,-1.982285031494854,163.11943349379868,False,162.75798790869786,-0.4534648450537446,False,-0.2579529416764501,0.07761553674936295,False,0.07761553674936295
831,True,134.47209634273887,170.27436018945681,-1.6191680118248826,161.68597678507672,-0.2579529416764501,0.05730254203081131,134.47209634273887,False,134.47209634273887,170.27436018945681,False,170.27436018945681,-1.6191680118248826,False,-1.6191680118248826,161.68597678507672,False,161.68597678507672,-0.2579529416764501,False,-0.2579529416764501,0.05730254203081131,False,0.05730254203081131
832,True,130.5165557585312,171.3386095098853,-1.3024833055434328,160.8346620815072,-0.016337449847682706,0.035817429423332214,130.5165557585312,False,134.47209634273887,171.3386095098853,False,171.3386095098853,-1.3024833055434328,False,-1.3024833055434328,160.8346620815072,False,160.8346620815072,-0.016337449847682706,False,-0.016337449847682706,0.035817429423332214,False,0.035817429423332214
833,True,131.84859895518818,173.57105388540035,-0.718595404753998,158.7468042525824,0.150329830376009,0.020238660275936127,131.84859895518818,False,134.47209634273887,173.57105388540035,False,171.3386095098853,-0.718595404753998,False,-0.718595404753998,158.7468042525824,False,158.7468042525824,0.150329830376009,False,0.150329830376009,0.020238660275936127,False,0.020238660275936127
834,True,135.41676352732503,172.90300920989975,-0.46960817426703727,158.15075389154336,0.29238595958746316,0.016305647790431976,135.41676352732503,False,135.41676352732503,172.90300920989975,False,171.3386095098853,-0.46960817426703727,False,-0.46960817426703727,158.15075389154336,False,158.2083856756178,0.29238595958746316,False,0.29238595958746316,0.016305647790431976,False,0.016305647790431976
835,True,140.72162738255346,169.21581053819958,2.141597816866266,158.2083856756178,1.3066834491578874,0.014280065894126892,140.72162738255346,False,140.72162738255346,169.21581053819958,False,169.21581053819958,2.141597816866266,False,2.141597816866266,158.2083856756178,False,158.15075389154336,1.3066834491578874,False,1.3066834491578874,0.014280065894126892,False,0.014280065894126892
836,True,149.55461161534882,165.66669661135862,3.8599022457122487,157.8024982493767,2.1721661180809804,0.010461226105690002,149.55461161534882,False,149.55461161534882,165.66669661135862,False,165.66669661135862,3.8599022457122487,False,3.8599022457122487,157.8024982493767,False,158.15075389154336,2.1721661180809804,False,2.1721661180809804,0.010461226105690002,False,0.010461226105690002
837,True,158.71556873968467,162.41224484900366,5.298634665629706,155.87909116233809,3.4220629448157354,0.0048837438225746155,158.71556873968467,False,158.71556873968467,162.41224484900366,False,162.41224484900366,5.298634665629706,False,5.298634665629706,155.87909116233809,False,158.2083856756178,3.4220629448157354,False,3.4220629448157354,0.0048837438225746155,False,0.005816452205181122
838,True,167.8368148162364,161.7974041748223,6.357731405406497,162.0923982851417,5.9338859107559045,0.005816452205181122,167.8368148162364,False,167.8368148162364,161.7974041748223,False,162.41224484900366,6.357731405406497,False,6.357731405406497,162.0923982851417,False,159.6634156127599,5.9338859107559045,False,5.9338859107559045,0.005816452205181122,False,0.0048837438225746155
839,True,174.45687894325945,160.24768760315266,6.683748848413316,162.560903950636,6.923774143313608,0.002329997718334198,174.45687894325945,False,174.45687894325945,160.24768760315266,False,162.41224484900366,6.683748848413316,False,6.357731405406497,162.560903950636,False,161.34262327337842,6.923774143313608,False,6.923774143313608,0.002329997718334198,False,0.0048837438225746155
840,True,178.51850650085314,163.92319376022894,7.137654522655467,159.6634156127599,7.742824802900188,0.002342440187931061,178.51850650085314,False,178.51850650085314,163.92319376022894,False,163.92319376022894,7.137654522655467,False,6.683748848413316,159.6634156127599,False,161.34262327337842,7.742824802900188,False,7.742824802900188,0.002342440187931061,False,0.005816452205181122
841,True,179.7811164226856,166.97570037646892,5.963072460908677,161.34262327337842,7.995190372531951,0.008969701826572418,179.7811164226856,False,178.79365102500452,166.97570037646892,False,166.97570037646892,5.963072460908677,False,6.683748848413316,161.34262327337842,False,161.34262327337842,7.995190372531951,False,7.995190372531951,0.008969701826572418,False,0.008969701826572418
842,True,179.6948072077976,170.55851073322347,7.25897752624698,160.6301440723227,10.872180664516506,0.01011967658996582,179.6948072077976,False,179.0204415550662,170.55851073322347,False,167.71661448991247,7.25897752624698,False,6.2106614898593335,160.6301440723227,False,161.34262327337842,10.872180664516506,False,9.610754041309264,0.01011967658996582,False,0.01011967658996582
843,True,178.79365102500452,167.71661448991247,6.001470368554465,161.77594405444304,9.610754041309264,0.015965603291988373,178.79365102500452,False,179.6948072077976,167.71661448991247,False,167.71661448991247,6.001470368554465,False,6.049144802427918,161.77594405444304,False,161.34262327337842,9.610754041309264,False,9.647132349901057,0.015965603291988373,False,0.01373203843832016
844,True,179.0204415550662,167.73774996533984,6.2106614898593335,162.74177121932453,9.647132349901057,0.015773728489875793,179.0204415550662,False,179.0204415550662,167.73774996533984,False,167.71661448991247,6.2106614898593335,False,6.049144802427918,162.74177121932453,False,160.6301440723227,9.647132349901057,False,10.872180664516506,0.015773728489875793,False,0.01373203843832016
845,True,179.8791976015163,166.90134574248268,6.049144802427918,158.75981913412178,11.2798377798524,0.01373203843832016,179.8791976015163,False,178.79365102500452,166.90134574248268,False,166.90134574248268,6.049144802427918,False,6.005215991195513,158.75981913412178,False,160.35696170193975,11.2798377798524,False,11.2798377798524,0.01373203843832016,False,0.014407742768526077
846,True,178.08739948093032,166.69287648709619,6.005215991195513,159.89091861479235,11.9108726784427,0.013471361249685287,178.08739948093032,False,178.29294856154843,166.69287648709619,False,166.69287648709619,6.005215991195513,False,6.049144802427918,159.89091861479235,False,160.35696170193975,11.9108726784427,False,11.9108726784427,0.013471361249685287,False,0.01373203843832016
847,True,178.29294856154843,163.90169626418293,5.738959315459709,160.35696170193975,13.217501822711966,0.014407742768526077,178.29294856154843,False,178.08739948093032,163.90169626418293,False,165.29728637563954,5.738959315459709,False,6.005215991195513,160.35696170193975,False,159.89091861479235,13.217501822711966,False,12.895798744972197,0.014407742768526077,False,0.013471361249685287
848,True,177.17091370541758,161.21286644329203,6.600414738550825,160.48352320137712,12.895798744972197,0.01310914009809494,177.17091370541758,False,177.2094738418924,161.21286644329203,False,163.90169626418293,6.600414738550825,False,5.738959315459709,160.48352320137712,False,159.89091861479235,12.895798744972197,False,12.895798744972197,0.01310914009809494,False,0.01310914009809494
849,True,177.2094738418924,,4.4763875704190355,130.6836457449823,15.735619705909556,0.01310914009809494,177.2094738418924,False,177.17091370541758,,False,162.5572813537375,4.4763875704190355,False,4.518271798586056,130.6836457449823,False,130.6836457449823,15.735619705909556,False,12.895798744972197,0.01310914009809494,False,0.01310914009809494
850,True,177.12913219199004,,4.518271798586056,112.46361183648418,8.657711901544644,0.013059224933385849,177.12913219199004,False,177.12913219199004,,False,161.21286644329203,4.518271798586056,False,4.4763875704190355,112.46361183648418,False,112.46361183648418,8.657711901544644,False,8.657711901544644,0.013059224933385849,False,0.013059224933385849
851,True,158.37955112771624,,-21.31896866366091,89.10974164972247,-17.455248609821638,0.004025131464004517,158.37955112771624,False,161.68397370750554,,False,,-21.31896866366091,False,-21.31896866366091,89.10974164972247,False,89.10974164972247,-17.455248609821638,False,-17.455248609821638,0.004025131464004517,False,0.004025131464004517
852,True,160.87629318087704,,-23.132329932953212,87.60117828100987,-23.968207057142962,0.0024340003728866577,160.87629318087704,False,161.68397370750554,,False,,-23.132329932953212,False,-22.192228697738273,87.60117828100987,False,87.60117828100987,-23.968207057142962,False,-23.968207057142962,0.0024340003728866577,False,0.0024340003728866577
853,True,161.68397370750554,,-22.192228697738273,87.21452755303255,-26.5019581163169,0.0018492788076400757,161.68397370750554,False,161.68397370750554,,False,,-22.192228697738273,False,-23.132329932953212,87.21452755303255,False,87.21452755303255,-26.5019581163169,False,-26.5019581163169,0.0018492788076400757,False,0.0021416395902633667
854,True,162.76206868360939,,-24.719275262209408,86.44846099752206,-32.495510455265986,0.0013721287250518799,162.76206868360939,False,162.76206868360939,,False,,-24.719275262209408,False,-24.719275262209408,86.44846099752206,False,86.88664533781403,-32.495510455265986,False,-32.495510455265986,0.0013721287250518799,False,0.0018492788076400757
855,True,165.13013088807512,,-42.56265836117936,86.58451957805566,-64.65838138411334,,165.13013088807512,False,165.13013088807512,,False,,-42.56265836117936,False,-42.56265836117936,86.58451957805566,False,86.58451957805566,-64.65838138411334,False,-32.495510455265986,,False,0.0016107037663459778
856,True,165.97836966112314,,-50.12248461328571,86.88664533781403,-86.8286944567991,,165.97836966112314,False,165.66855075061193,,False,,-50.12248461328571,False,-50.12248461328571,86.88664533781403,False,86.58451957805566,-86.8286944567991,False,-64.65838138411334,,False,0.0013721287250518799
857,True,166.09554795145658,,-77.17740708917711,86.57704419721047,88.43516368671885,,166.09554795145658,False,165.97836966112314,,False,,-77.17740708917711,False,-76.27733655497843,86.57704419721047,False,86.88664533781403,88.43516368671885,False,-64.65838138411334,,False,
858,True,165.66855075061193,,-77.43750425300632,88.08811618244674,-89.85091090228923,,165.66855075061193,False,166.05070275677392,,False,,-77.43750425300632,False,-77.17740708917711,88.08811618244674,False,88.08811618244674,-89.85091090228923,False,79.62071351786466,,False,
859,True,166.05070275677392,,-76.27733655497843,88.86708622212142,79.62071351786466,,166.05070275677392,False,166.07687044930645,,False,,-76.27733655497843,False,-77.43750425300632,88.86708622212142,False,88.08811618244674,79.62071351786466,False,79.62071351786466,,False,
860,True,166.07687044930645,,-80.27498124178632,88.62948569459277,80.76789053558264,,166.07687044930645,False,166.07687044930645,,False,,-80.27498124178632,False,-80.27498124178632,88.62948569459277,False,88.47166954902116,80.76789053558264,False,79.62071351786466,,False,
861,True,166.58102585304215,,-88.34990237052244,87.9219467290561,77.0636587753371,,166.58102585304215,False,166.44198714891402,,False,,-88.34990237052244,False,-88.33670141720489,87.9219467290561,False,88.62948569459277,77.0636587753371,False,79.62071351786466,,False,
862,True,166.55223007042372,,-88.33670141720489,88.47166954902116,82.19999979509993,,166.55223007042372,False,166.44198714891402,,False,,-88.33670141720489,False,-88.33670141720489,88.47166954902116,False,88.58807048495666,82.19999979509993,False,80.76789053558264,,False,
863,True,166.44198714891402,,-89.14956003583652,88.66166278767797,-89.85504684938601,,166.44198714891402,False,166.44198714891402,,False,,-89.14956003583652,False,-88.33670141720489,88.66166278767797,False,88.58807048495666,-89.85504684938601,False,82.19999979509993,,False,
864,True,166.29921647698887,,85.15675579975394,88.58807048495666,87.40831812226838,,166.29921647698887,False,166.29921647698887,,False,,85.15675579975394,False,76.99583623919756,88.58807048495666,False,88.66166278767797,87.40831812226838,False,82.19999979509993,,False,
865,True,166.28926467660864,,85.15410167986357,89.7051693105322,87.4062949448491,,166.28926467660864,False,166.28926467660864,,False,,85.15410167986357,False,76.99583623919756,89.7051693105322,False,89.30101489154868,87.4062949448491,False,80.85282967656462,,False,
866,True,166.13138809215408,,76.99583623919756,89.58248195260407,78.99622484979065,,166.13138809215408,False,166.13138809215408,,False,,76.99583623919756,False,76.99583623919756,89.58248195260407,False,89.30101489154868,78.99622484979065,False,83.70359017364098,,False,
867,True,165.9047443218769,,74.68727840024832,89.30101489154868,80.85282967656462,,165.9047443218769,False,165.9047443218769,,False,,74.68727840024832,False,76.9708491736348,89.30101489154868,False,89.30101489154868,80.85282967656462,False,80.85282967656462,,False,
868,True,165.69771488296837,,73.65466111659094,89.20434332978135,83.70359017364098,,165.69771488296837,False,165.69771488296837,,False,,73.65466111659094,False,74.68727840024832,89.20434332978135,False,89.20434332978135,83.70359017364098,False,78.99622484979065,,False,
869,True,165.35443055529694,,76.9708491736348,88.88732046519156,-87.11120773941738,,165.35443055529694,False,165.35443055529694,,False,,76.9708491736348,False,73.65466111659094,88.88732046519156,False,88.88732046519156,-87.11120773941738,False,-67.91479947653812,,False,
870,True,164.6085201083213,,-73.45206730982639,88.81273360592073,-75.69643649292678,,164.6085201083213,False,164.6085201083213,,False,,-73.45206730982639,False,-45.04023406777884,88.81273360592073,False,88.88732046519156,-75.69643649292678,False,-67.91479947653812,,False,
871,True,164.22483510005074,,-49.83467690899104,88.68400259091925,-67.91479947653812,,164.22483510005074,False,164.22483510005074,,False,,-49.83467690899104,False,-45.04023406777884,88.68400259091925,False,88.88732046519156,-67.91479947653812,False,-67.91479947653812,,False,
872,True,163.38088967936545,,-45.04023406777884,89.30785161402665,-64.57611460688503,,163.38088967936545,False,163.38088967936545,,False,,-45.04023406777884,False,-45.04023406777884,89.30785161402665,False,89.30785161402665,-64.57611460688503,False,-64.57611460688503,,False,
873,True,162.20495178448945,,-14.867502872296257,92.30815740769789,-57.62143145392312,,162.20495178448945,False,162.20495178448945,,False,,-14.867502872296257,False,-14.867502872296257,92.30815740769789,False,92.30815740769789,-57.62143145392312,False,-57.62143145392312,,False,
874,True,157.0336535941412,,-4.452677861831432,100.45764719796382,-15.580804572307187,,157.0336535941412,False,157.0336535941412,,False,,-4.452677861831432,False,-4.452677861831432,100.45764719796382,False,100.45764719796382,-15.580804572307187,False,-15.580804572307187,,False,
875,True,153.230838670584,,-1.6141521018112144,109.66470378089986,-0.7419420647175343,,153.230838670584,False,153.230838670584,,False,,-1.6141521018112144,False,-1.6141521018112144,109.66470378089986,False,109.66470378089986,-0.7419420647175343,False,-0.7419420647175343,,False,
876,True,150.01661722704,,5.5083765666713305,120.01366366446726,0.35795335099533077,,150.01661722704,False,150.01661722704,,False,,5.5083765666713305,False,3.808883524579187,120.01366366446726,False,119.00920815640798,0.35795335099533077,False,-0.7419420647175343,,False,0.08090461790561676
877,True,148.229372544841,,7.389077771380158,119.00920815640798,-0.15004689412165817,,148.229372544841,False,148.229372544841,,False,,7.389077771380158,False,3.808883524579187,119.00920815640798,False,120.01366366446726,-0.15004689412165817,False,-0.7419420647175343,,False,0.08952967077493668
878,True,146.6262681883784,,3.808883524579187,124.67582646035378,-1.4827054594788933,0.08090461790561676,146.6262681883784,False,146.6262681883784,,False,,3.808883524579187,False,5.5083765666713305,124.67582646035378,False,124.67582646035378,-1.4827054594788933,False,-1.4827054594788933,0.08090461790561676,False,0.09815472364425659
879,True,145.48243538910936,,-0.5925851973655654,129.77927598651192,-1.714567818398507,0.09815472364425659,145.48243538910936,False,145.82352974727843,,False,,-0.5925851973655654,False,6.452610428265643,129.77927598651192,False,129.77927598651192,-1.714567818398507,False,-1.4827054594788933,0.09815472364425659,False,0.10665372759103775
880,True,145.82352974727843,,6.452610428265643,136.13018574702014,-1.8626946994569948,0.11515273153781891,145.82352974727843,False,145.62774484809646,,False,168.1727506781589,6.452610428265643,False,6.452610428265643,136.13018574702014,False,136.13018574702014,-1.8626946994569948,False,-1.4827054594788933,0.11515273153781891,False,0.11515273153781891
881,True,145.62774484809646,,9.800028570032339,150.71492355083274,-1.19974370646662,0.15635700523853302,145.62774484809646,False,145.48243538910936,,False,171.5376556659612,9.800028570032339,False,6.452610428265643,150.71492355083274,False,150.71492355083274,-1.19974370646662,False,-1.19974370646662,0.15635700523853302,False,0.15635700523853302
882,True,145.31027833591094,168.1727506781589,10.170944407218883,153.48936884158806,-0.05575945367593249,0.18984843790531158,145.31027833591094,False,145.31027833591094,168.1727506781589,False,174.90256065376354,10.170944407218883,False,6.452610428265643,153.48936884158806,False,153.48936884158806,-0.05575945367593249,False,-0.05575945367593249,0.18984843790531158,False,0.18984843790531158
883,True,144.5581691830909,174.90256065376354,6.240591253898714,153.56367879384655,1.2478779090408807,0.21183894574642181,144.5581691830909,False,144.5581691830909,174.90256065376354,False,175.5734184475105,6.240591253898714,False,6.240591253898714,153.56367879384655,False,153.56367879384655,1.2478779090408807,False,0.024528365291416776,0.21183894574642181,False,0.21183894574642181
884,True,143.65419038213238,176.2442762412575,3.9274433720279944,168.16477107769418,1.4867796120180685,0.21479298174381256,143.65419038213238,False,143.65419038213238,176.2442762412575,False,174.90256065376354,3.9274433720279944,False,3.9274433720279944,168.16477107769418,False,162.7387950633411,1.4867796120180685,False,1.2478779090408807,0.21479298174381256,False,0.21183894574642181
885,True,142.72601736291304,177.16691281591835,0.09516696419808568,162.7387950633411,0.024528365291416776,0.214254230260849,142.72601736291304,False,142.72601736291304,177.16691281591835,False,174.90256065376354,0.09516696419808568,False,3.630471954029616,162.7387950633411,False,163.03055987194554,0.024528365291416776,False,1.4867796120180685,0.214254230260849,False,0.21183894574642181
886,True,134.5944132677459,173.5989133877028,3.630471954029616,163.03055987194554,3.2172738066607565,0.20979003608226776,134.5944132677459,False,134.5944132677459,173.5989133877028,False,173.5989133877028,3.630471954029616,False,2.489282458626377,163.03055987194554,False,167.1746684596554,3.2172738066607565,False,3.2172738066607565,0.20979003608226776,False,0.20979003608226776
887,True,131.75308763391251,153.96895815832696,2.489282458626377,167.1746684596554,6.461407083512825,0.20173150300979614,131.75308763391251,False,131.75308763391251,153.96895815832696,False,153.96895815832696,2.489282458626377,False,1.4783090266250838,167.1746684596554,False,163.03055987194554,6.461407083512825,False,3.2172738066607565,0.20173150300979614,False,0.20173150300979614
888,True,122.1741268816827,136.81242144196037,1.4783090266250838,168.81625759998207,4.91466003017328,0.18433743715286255,122.1741268816827,False,122.1741268816827,136.81242144196037,False,136.81242144196037,1.4783090266250838,False,1.7882994718518148,168.81625759998207,False,163.03055987194554,4.91466003017328,False,3.2172738066607565,0.18433743715286255,False,0.18433743715286255
889,True,113.483701443739,126.55316966555306,-1.1992799540346937,149.8459723476031,0.16349950685676617,0.1757420301437378,113.483701443739,False,113.483701443739,126.55316966555306,False,126.55316966555306,-1.1992799540346937,False,1.7882994718518148,149.8459723476031,False,167.1746684596554,0.16349950685676617,False,0.16349950685676617,0.1757420301437378,False,0.1757420301437378
890,True,101.85029930811456,114.9803231010806,1.7882994718518148,156.57523189913093,-1.2980762755161095,0.1589602828025818,101.85029930811456,False,101.85029930811456,114.9803231010806,False,114.9803231010806,1.7882994718518148,False,1.7882994718518148,156.57523189913093,False,156.57523189913093,-1.2980762755161095,False,-1.2980762755161095,0.1589602828025818,False,0.1589602828025818
891,True,92.33590156743583,95.31612957560498,2.0396901074070115,173.521967493544,-1.4296424021991925,0.11925837397575378,92.33590156743583,False,92.33590156743583,95.31612957560498,False,95.31612957560498,2.0396901074070115,False,2.0396901074070115,173.521967493544,False,149.8459723476031,-1.4296424021991925,False,-1.4296424021991925,0.11925837397575378,False,0.11925837397575378
892,True,88.96805284792487,91.67240180062826,3.054950030600594,122.20441208979533,-4.905259874661851,0.10074183344841003,88.96805284792487,False,92.33590156743583,91.67240180062826,False,91.67240180062826,3.054950030600594,False,2.0396901074070115,122.20441208979533,False,122.20441208979533,-4.905259874661851,False,-4.6931212913847276,0.10074183344841003,False,0.10074183344841003
893,True,88.1155323078734,89.43443291447795,2.3952721199167684,111.90137304668787,-4.6931212913847276,0.0980844795703888,88.1155323078734,False,92.33590156743583,89.43443291447795,False,91.67240180062826,2.3952721199167684,False,2.0396901074070115,111.90137304668787,False,111.90137304668787,-4.6931212913847276,False,-4.6931212913847276,0.0980844795703888,False,0.0980844795703888
894,True,94.31316387527954,88.84317377861483,1.9246221301843036,97.21159794297239,-6.4149587488880115,0.08750101923942566,94.31316387527954,False,94.31316387527954,88.84317377861483,False,91.67240180062826,1.9246221301843036,False,1.9246221301843036,97.21159794297239,False,97.21159794297239,-6.4149587488880115,False,-4.6931212913847276,0.08750101923942566,False,0.08750101923942566
895,True,126.42818133568483,136.40066393425468,-3.540140898801681,87.48590068624564,9.153365501651848,0.07033848762512207,126.42818133568483,False,126.42818133568483,136.40066393425468,False,136.40066393425468,-3.540140898801681,False,-3.540140898801681,87.48590068624564,False,87.48590068624564,9.153365501651848,False,2.1876134502727496,0.07033848762512207,False,0.07033848762512207
896,True,141.6442002317343,146.05848882968468,-3.9631207767432244,28.092916908719772,4.820665210003895,0.06572151184082031,141.6442002317343,False,127.53321523055925,146.05848882968468,False,146.05848882968468,-3.9631207767432244,False,-3.9631207767432244,28.092916908719772,False,43.62948672971947,4.820665210003895,False,2.1876134502727496,0.06572151184082031,False,0.06572151184082031
897,True,127.53321523055925,164.20852153962795,-20.96474265158625,43.62948672971947,2.1876134502727496,0.06171932816505432,127.53321523055925,False,128.2437161073787,164.20852153962795,False,164.20852153962795,-20.96474265158625,False,-20.96474265158625,43.62948672971947,False,43.62948672971947,2.1876134502727496,False,2.1876134502727496,0.06171932816505432,False,0.06171932816505432
898,True,131.29647121336717,165.98265713718044,-22.056595089953902,36.49374903779236,-1.1944185597912593,0.05518248677253723,131.29647121336717,False,128.2437161073787,165.98265713718044,False,164.20852153962795,-22.056595089953902,False,-20.96474265158625,36.49374903779236,False,43.62948672971947,-1.1944185597912593,False,-1.1944185597912593,0.05518248677253723,False,0.05518248677253723
899,True,128.2437161073787,164.71897867549734,-21.364380996811875,48.143044926555824,-5.149024441338639,0.030836954712867737,128.2437161073787,False,127.88846566896898,164.71897867549734,False,164.46375010756265,-21.364380996811875,False,-21.164561824199062,48.143044926555824,False,45.886265828137645,-5.149024441338639,False,-3.1717215005649493,0.030836954712867737,False,0.043009720742702484
900,True,125.94738387695018,164.15542163756854,-20.742521220097174,67.09622805601138,-8.691094407553663,0.006491422653198242,125.94738387695018,False,128.2437161073787,164.15542163756854,False,164.71897867549734,-20.742521220097174,False,-21.364380996811875,67.09622805601138,False,48.143044926555824,-8.691094407553663,False,-5.149024441338639,0.006491422653198242,False,0.030836954712867737
