frame,timestamp_ms,landmark,x,y,z,visibility,presence
1572,52400,NOSE,0.46446123719215393,0.20802947878837585,0.3370019495487213,0.9996980428695679,0.9998478889465332
1572,52400,LEFT_EYE_INNER,0.4576752185821533,0.19515445828437805,0.3008897602558136,0.999722421169281,0.9997718930244446
1572,52400,LEFT_EYE,0.4524334669113159,0.19515222311019897,0.30098623037338257,0.9996733665466309,0.9997586607933044
1572,52400,LEFT_EYE_OUTER,0.4473389983177185,0.1952206790447235,0.30094993114471436,0.9997226595878601,0.9997257590293884
1572,52400,RIGHT_EYE_INNER,0.4718596339225769,0.19485166668891907,0.28160080313682556,0.9997922778129578,0.999817430973053
1572,52400,RIGHT_EYE,0.47705286741256714,0.1946401298046112,0.2815595865249634,0.9997745156288147,0.9998094439506531
1572,52400,RIGHT_EYE_OUTER,0.48228323459625244,0.19442841410636902,0.2813514769077301,0.9998182654380798,0.9998050332069397
1572,52400,LEFT_EAR,0.43759873509407043,0.20161622762680054,0.16305817663669586,0.9995477795600891,0.9997658133506775
1572,52400,RIGHT_EAR,0.48740628361701965,0.20201551914215088,0.07791493833065033,0.9997925162315369,0.9998559951782227
1572,52400,MOUTH_LEFT,0.4570881724357605,0.21934646368026733,0.29586270451545715,0.9994325041770935,0.9997389912605286
1572,52400,MOUTH_RIGHT,0.47181352972984314,0.219547301530838,0.2710273563861847,0.9995673298835754,0.9997950196266174
1572,52400,LEFT_SHOULDER,0.3800119459629059,0.2833271622657776,0.19858241081237793,0.9993646740913391,0.9995782971382141
1572,52400,RIGHT_SHOULDER,0.5211678743362427,0.2904565632343292,-0.10455607622861862,0.9997972846031189,0.9997952580451965
1572,52400,LEFT_ELBOW,0.3705716133117676,0.392519474029541,0.3720211088657379,0.2958572804927826,0.9990758895874023
1572,52400,RIGHT_ELBOW,0.5520858764648438,0.398763507604599,-0.013674343936145306,0.9942586421966553,0.9994385838508606
1572,52400,LEFT_WRIST,0.44058945775032043,0.4116421937942505,0.5280942320823669,0.057062968611717224,0.9988572597503662
1572,52400,RIGHT_WRIST,0.6040135622024536,0.411257803440094,0.19243745505809784,0.7888625264167786,0.9994193315505981
1572,52400,LEFT_PINKY,0.4512057602405548,0.4183593690395355,0.5588588714599609,0.05660774186253548,0.9987496137619019
1572,52400,RIGHT_PINKY,0.6243592500686646,0.4211517870426178,0.204842209815979,0.701291024684906,0.9992474317550659
1572,52400,LEFT_INDEX,0.46433785557746887,0.4102906584739685,0.5381133556365967,0.05608101934194565,0.9987560510635376
1572,52400,RIGHT_INDEX,0.6221027374267578,0.41099482774734497,0.2026049941778183,0.6997969746589661,0.9992130994796753
1572,52400,LEFT_THUMB,0.46459996700286865,0.4062737822532654,0.5219937562942505,0.056754931807518005,0.9988623857498169
1572,52400,RIGHT_THUMB,0.6120080351829529,0.40861183404922485,0.1988186538219452,0.6270097494125366,0.9993634819984436
1572,52400,LEFT_HIP,0.43534645438194275,0.506201982498169,0.13232789933681488,0.9985535740852356,0.9997455477714539
1572,52400,RIGHT_HIP,0.4981789290904999,0.5066815614700317,-0.13246887922286987,0.9984760880470276,0.9996525049209595
1572,52400,LEFT_KNEE,0.43773260712623596,0.6640307903289795,0.12152310460805893,0.7726517915725708,0.9997124075889587
1572,52400,RIGHT_KNEE,0.5046942234039307,0.669483482837677,-0.08910730481147766,0.9772547483444214,0.9997865557670593
1572,52400,LEFT_ANKLE,0.41245004534721375,0.8225946426391602,0.15437932312488556,0.8826923966407776,0.999671459197998
1572,52400,RIGHT_ANKLE,0.4721870720386505,0.8389744758605957,-0.06716344505548477,0.9798435568809509,0.9996850490570068
1572,52400,LEFT_HEEL,0.3936990201473236,0.8448885679244995,0.15294675529003143,0.9132369160652161,0.999415397644043
1572,52400,RIGHT_HEEL,0.4470059871673584,0.8643472790718079,-0.06490196287631989,0.9707880616188049,0.9994731545448303
1572,52400,LEFT_FOOT_INDEX,0.44738489389419556,0.8766168355941772,0.08112906664609909,0.7750226259231567,0.9987629652023315
1572,52400,RIGHT_FOOT_INDEX,0.5046228766441345,0.8902678489685059,-0.1395203322172165,0.9319406151771545,0.9988881945610046
1573,52433,NOSE,0.4644160866737366,0.20792579650878906,0.31984564661979675,0.9997026324272156,0.9998438358306885
1573,52433,LEFT_EYE_INNER,0.45763617753982544,0.19503536820411682,0.2793101370334625,0.999722957611084,0.9997630715370178
1573,52433,LEFT_EYE,0.4524226188659668,0.19500958919525146,0.27943265438079834,0.9996723532676697,0.9997474551200867
1573,52433,LEFT_EYE_OUTER,0.44729235768318176,0.19505661725997925,0.2793814539909363,0.9997235536575317,0.9997109770774841
1573,52433,RIGHT_EYE_INNER,0.47174015641212463,0.1948142945766449,0.26206591725349426,0.999793529510498,0.9998156428337097
1573,52433,RIGHT_EYE,0.47684919834136963,0.19462911784648895,0.26203906536102295,0.9997742176055908,0.999808132648468
1573,52433,RIGHT_EYE_OUTER,0.4821125268936157,0.1944292187690735,0.2618311941623688,0.9998188614845276,0.9998067021369934
1573,52433,LEFT_EAR,0.43758848309516907,0.20161078870296478,0.13159294426441193,0.9995391368865967,0.9997228980064392
1573,52433,RIGHT_EAR,0.48736923933029175,0.2021026611328125,0.056485943496227264,0.999787449836731,0.9998488426208496
1573,52433,MOUTH_LEFT,0.4570046365261078,0.21928390860557556,0.2762020230293274,0.9994388222694397,0.999681830406189
1573,52433,MOUTH_RIGHT,0.47174546122550964,0.2195195108652115,0.2541932165622711,0.9995725750923157,0.9997653365135193
1573,52433,LEFT_SHOULDER,0.3800256550312042,0.283259779214859,0.1724875420331955,0.9992963671684265,0.9990841150283813
1573,52433,RIGHT_SHOULDER,0.522017240524292,0.2904685437679291,-0.11973463743925095,0.99979168176651,0.9997664093971252
1573,52433,LEFT_ELBOW,0.37164923548698425,0.3933234214782715,0.3648359477519989,0.29554226994514465,0.9981864094734192
1573,52433,RIGHT_ELBOW,0.5517866015434265,0.40050414204597473,-0.026358870789408684,0.994159996509552,0.9994522929191589
1573,52433,LEFT_WRIST,0.44027048349380493,0.41166675090789795,0.5414844751358032,0.05546475201845169,0.9986308217048645
1573,52433,RIGHT_WRIST,0.6041851043701172,0.41341662406921387,0.1874217540025711,0.7836958169937134,0.9995437264442444
1573,52433,LEFT_PINKY,0.4507651627063751,0.4185118079185486,0.5745289325714111,0.0551263801753521,0.9986295700073242
1573,52433,RIGHT_PINKY,0.6254149675369263,0.42270657420158386,0.20224297046661377,0.6954647898674011,0.9993886947631836
1573,52433,LEFT_INDEX,0.4641076922416687,0.4103849232196808,0.5542098879814148,0.05462955683469772,0.9986715316772461
1573,52433,RIGHT_INDEX,0.6221401691436768,0.41223984956741333,0.19744232296943665,0.6941898465156555,0.9993749260902405
1573,52433,LEFT_THUMB,0.4645448923110962,0.40628886222839355,0.5361130833625793,0.05532432347536087,0.9987446069717407
1573,52433,RIGHT_THUMB,0.6130436062812805,0.40939006209373474,0.19296513497829437,0.6209865212440491,0.9995057582855225
1573,52433,LEFT_HIP,0.43532007932662964,0.506164014339447,0.1313374638557434,0.9984134435653687,0.9995235204696655
1573,52433,RIGHT_HIP,0.4988134503364563,0.5065996646881104,-0.1314677596092224,0.9983980059623718,0.9995177984237671
1573,52433,LEFT_KNEE,0.43796369433403015,0.6630904078483582,0.13582083582878113,0.7834617495536804,0.9996829032897949
1573,52433,RIGHT_KNEE,0.5058348178863525,0.6702267527580261,-0.08727701008319855,0.9780798554420471,0.9997536540031433
1573,52433,LEFT_ANKLE,0.4134036898612976,0.8234267234802246,0.17815598845481873,0.8867260217666626,0.9997099041938782
1573,52433,RIGHT_ANKLE,0.47441762685775757,0.8403246998786926,-0.0683441311120987,0.9801869988441467,0.9996277093887329
1573,52433,LEFT_HEEL,0.39662885665893555,0.8460577726364136,0.1784144937992096,0.9156724810600281,0.9995074272155762
1573,52433,RIGHT_HEEL,0.44945278763771057,0.8710247874259949,-0.06648848950862885,0.9710744619369507,0.9993425011634827
1573,52433,LEFT_FOOT_INDEX,0.4471556544303894,0.8753241300582886,0.1114259734749794,0.775173544883728,0.9989935755729675
1573,52433,RIGHT_FOOT_INDEX,0.504214882850647,0.8895258903503418,-0.14278554916381836,0.9303275942802429,0.9986849427223206
1574,52467,NOSE,0.4625551998615265,0.20735317468643188,0.33978867530822754,0.999691903591156,0.9998366832733154
1574,52467,LEFT_EYE_INNER,0.4556332230567932,0.1946997344493866,0.30800509452819824,0.9997180104255676,0.9997386336326599
1574,52467,LEFT_EYE,0.4507085978984833,0.19465644657611847,0.30808696150779724,0.9996644854545593,0.9997337460517883
1574,52467,LEFT_EYE_OUTER,0.44540196657180786,0.19470492005348206,0.3080611824989319,0.9997209906578064,0.9997079968452454
1574,52467,RIGHT_EYE_INNER,0.46949031949043274,0.19463013112545013,0.2789352834224701,0.999782383441925,0.9997749924659729
1574,52467,RIGHT_EYE,0.4742845296859741,0.19452176988124847,0.2788373827934265,0.9997572898864746,0.9997628331184387
1574,52467,RIGHT_EYE_OUTER,0.4794897735118866,0.19439004361629486,0.27856582403182983,0.9998071789741516,0.9997567534446716
1574,52467,LEFT_EAR,0.43469318747520447,0.20158721506595612,0.1808975785970688,0.9995140433311462,0.9997606873512268
1574,52467,RIGHT_EAR,0.4835495948791504,0.2021826058626175,0.06006231531500816,0.999779462814331,0.999824583530426
1574,52467,MOUTH_LEFT,0.4552183449268341,0.21904322504997253,0.3009478747844696,0.999441385269165,0.9997571110725403
1574,52467,MOUTH_RIGHT,0.4700610637664795,0.21945898234844208,0.26393333077430725,0.9995719790458679,0.9997949004173279
1574,52467,LEFT_SHOULDER,0.3779659569263458,0.28332170844078064,0.22404666244983673,0.9993161559104919,0.9996532201766968
1574,52467,RIGHT_SHOULDER,0.5140956044197083,0.29043999314308167,-0.14179211854934692,0.9997973442077637,0.9998286962509155
1574,52467,LEFT_ELBOW,0.3718887269496918,0.39622780680656433,0.33649465441703796,0.2955320179462433,0.9986704587936401
1574,52467,RIGHT_ELBOW,0.5405582189559937,0.4039609134197235,-0.07012882083654404,0.9936498403549194,0.9992465972900391
1574,52467,LEFT_WRIST,0.44010016322135925,0.4342693090438843,0.3769003748893738,0.05946660041809082,0.9978943467140198
1574,52467,RIGHT_WRIST,0.6027463674545288,0.4124370813369751,0.16923516988754272,0.7864789366722107,0.9989615678787231
1574,52467,LEFT_PINKY,0.450784832239151,0.44607898592948914,0.38769155740737915,0.058773916214704514,0.9974755644798279
1574,52467,RIGHT_PINKY,0.6241199970245361,0.4184969365596771,0.18031761050224304,0.6991094350814819,0.9985620379447937
1574,52467,LEFT_INDEX,0.4638877511024475,0.4389749765396118,0.3641388416290283,0.05828525871038437,0.9974256157875061
1574,52467,RIGHT_INDEX,0.6217349767684937,0.40566983819007874,0.17737412452697754,0.6979805827140808,0.9985243678092957
1574,52467,LEFT_THUMB,0.46381083130836487,0.4329197108745575,0.36416468024253845,0.05892350897192955,0.9977310299873352
1574,52467,RIGHT_THUMB,0.6116308569908142,0.4037187099456787,0.1755363494157791,0.6260135173797607,0.9988595247268677
1574,52467,LEFT_HIP,0.4349781572818756,0.508422315120697,0.15085260570049286,0.9983588457107544,0.9994982481002808
1574,52467,RIGHT_HIP,0.4971413314342499,0.5079540610313416,-0.15100416541099548,0.998311460018158,0.9994571805000305
1574,52467,LEFT_KNEE,0.4380478262901306,0.666474461555481,0.15794065594673157,0.766929030418396,0.9994282126426697
1574,52467,RIGHT_KNEE,0.50543612241745,0.6766082048416138,-0.11108841747045517,0.9750877022743225,0.9996265172958374
1574,52467,LEFT_ANKLE,0.41582831740379333,0.8377101421356201,0.19669891893863678,0.8746742606163025,0.9992196559906006
1574,52467,RIGHT_ANKLE,0.47538670897483826,0.8457139730453491,-0.07666974514722824,0.97722327709198,0.9993662238121033
1574,52467,LEFT_HEEL,0.3999820649623871,0.8612869381904602,0.19463977217674255,0.9071870446205139,0.9986222982406616
1574,52467,RIGHT_HEEL,0.45161810517311096,0.8828068971633911,-0.07393497973680496,0.9673434495925903,0.9988635778427124
1574,52467,LEFT_FOOT_INDEX,0.45751380920410156,0.886361300945282,0.11404198408126831,0.763152003288269,0.9980316758155823
1574,52467,RIGHT_FOOT_INDEX,0.5043798089027405,0.8963519334793091,-0.1681274026632309,0.9244166612625122,0.9981508851051331
1575,52500,NOSE,0.4618876278400421,0.20708240568637848,0.3371216952800751,0.9996764063835144,0.999819815158844
1575,52500,LEFT_EYE_INNER,0.4547422528266907,0.19432222843170166,0.3072507083415985,0.9997086524963379,0.9997037053108215
1575,52500,LEFT_EYE,0.4495856463909149,0.19425399601459503,0.30732837319374084,0.9996490478515625,0.9996910095214844
1575,52500,LEFT_EYE_OUTER,0.44432586431503296,0.19429586827754974,0.30730608105659485,0.9997121095657349,0.9996517896652222
1575,52500,RIGHT_EYE_INNER,0.46866554021835327,0.19436781108379364,0.27627289295196533,0.999770998954773,0.9997621178627014
1575,52500,RIGHT_EYE,0.47342944145202637,0.1943078488111496,0.2761669456958771,0.9997403025627136,0.9997522234916687
1575,52500,RIGHT_EYE_OUTER,0.47854629158973694,0.1942221224308014,0.27588948607444763,0.9997965693473816,0.9997486472129822
1575,52500,LEFT_EAR,0.4331080913543701,0.2015400230884552,0.17747077345848083,0.9994789361953735,0.999704897403717
1575,52500,RIGHT_EAR,0.48203548789024353,0.2021861970424652,0.0554327629506588,0.9997676610946655,0.9998226761817932
1575,52500,MOUTH_LEFT,0.45463043451309204,0.21896958351135254,0.29990512132644653,0.9994267225265503,0.9997159838676453
1575,52500,MOUTH_RIGHT,0.4696260690689087,0.2194640338420868,0.2614382207393646,0.9995584487915039,0.9997664093971252
1575,52500,LEFT_SHOULDER,0.3761262595653534,0.28354406356811523,0.22699971497058868,0.9993134140968323,0.999563992023468
1575,52500,RIGHT_SHOULDER,0.5109887719154358,0.29043808579444885,-0.15161943435668945,0.9997991919517517,0.9998283386230469
1575,52500,LEFT_ELBOW,0.3718670606613159,0.39691367745399475,0.3509555160999298,0.2866377532482147,0.9986411929130554
1575,52500,RIGHT_ELBOW,0.536350667476654,0.40549924969673157,-0.07415048032999039,0.9931254982948303,0.9994305968284607
1575,52500,LEFT_WRIST,0.4417307376861572,0.4305759370326996,0.4439502954483032,0.06074468046426773,0.9982861876487732
1575,52500,RIGHT_WRIST,0.6017478108406067,0.4115184247493744,0.16936029493808746,0.7916442155838013,0.9992902278900146
1575,52500,LEFT_PINKY,0.45336130261421204,0.4406564235687256,0.4649754762649536,0.060270197689533234,0.9979771971702576
1575,52500,RIGHT_PINKY,0.6241471767425537,0.41674160957336426,0.18076439201831818,0.7062720060348511,0.9989590644836426
1575,52500,LEFT_INDEX,0.46620887517929077,0.4331488609313965,0.44115638732910156,0.05986635759472847,0.9979217648506165
1575,52500,RIGHT_INDEX,0.621211588382721,0.4029744267463684,0.1775101274251938,0.7054177522659302,0.998908519744873
1575,52500,LEFT_THUMB,0.46581214666366577,0.42779263854026794,0.4337734282016754,0.06057621166110039,0.9981777667999268
1575,52500,RIGHT_THUMB,0.6101716160774231,0.4012323319911957,0.17569959163665771,0.6349935531616211,0.999175488948822
1575,52500,LEFT_HIP,0.43429282307624817,0.5102087259292603,0.15323379635810852,0.9983185529708862,0.999622106552124
1575,52500,RIGHT_HIP,0.4966440796852112,0.5100247859954834,-0.15341658890247345,0.9982515573501587,0.9995784163475037
1575,52500,LEFT_KNEE,0.43776756525039673,0.6697976589202881,0.1566355675458908,0.7489082217216492,0.9995214939117432
1575,52500,RIGHT_KNEE,0.5050815343856812,0.6816487908363342,-0.10920299589633942,0.9707142114639282,0.9996631145477295
1575,52500,LEFT_ANKLE,0.41702204942703247,0.8496195077896118,0.19759277999401093,0.8615949153900146,0.9993670582771301
1575,52500,RIGHT_ANKLE,0.47729262709617615,0.8530495166778564,-0.07476111501455307,0.9735807776451111,0.9994433522224426
1575,52500,LEFT_HEEL,0.401637464761734,0.8712518215179443,0.19581548869609833,0.8976117968559265,0.9988920092582703
1575,52500,RIGHT_HEEL,0.45395520329475403,0.8909140825271606,-0.0709356814622879,0.962786078453064,0.9990342855453491
1575,52500,LEFT_FOOT_INDEX,0.46196380257606506,0.8981900215148926,0.11305917799472809,0.7510822415351868,0.9983218312263489
1575,52500,RIGHT_FOOT_INDEX,0.5060454607009888,0.9085971713066101,-0.16282011568546295,0.9189014434814453,0.9984215497970581
1576,52533,NOSE,0.4617888331413269,0.20818059146404266,0.33090662956237793,0.9994415640830994,0.9991021156311035
1576,52533,LEFT_EYE_INNER,0.45412585139274597,0.19490350782871246,0.30645421147346497,0.9994839429855347,0.998677670955658
1576,52533,LEFT_EYE,0.44905900955200195,0.19463126361370087,0.3065375089645386,0.9993547201156616,0.9987218976020813
1576,52533,LEFT_EYE_OUTER,0.4437226355075836,0.19449512660503387,0.30651402473449707,0.9995344281196594,0.9986299276351929
1576,52533,RIGHT_EYE_INNER,0.46750813722610474,0.19510634243488312,0.2696070075035095,0.9995842576026917,0.9987213015556335
1576,52533,RIGHT_EYE,0.471854567527771,0.19495545327663422,0.2694985270500183,0.9994993209838867,0.9986165761947632
1576,52533,RIGHT_EYE_OUTER,0.4764484167098999,0.19488240778446198,0.2691754102706909,0.9996309280395508,0.9985945820808411
1576,52533,LEFT_EAR,0.431795209646225,0.20157796144485474,0.21002589166164398,0.9990642070770264,0.9988289475440979
1576,52533,RIGHT_EAR,0.4777098298072815,0.20267994701862335,0.045281920582056046,0.9995065331459045,0.9987691044807434
1576,52533,MOUTH_LEFT,0.4545982778072357,0.21976855397224426,0.3000911474227905,0.9991251826286316,0.9991768002510071
1576,52533,MOUTH_RIGHT,0.4693610966205597,0.22085769474506378,0.254437655210495,0.9993014335632324,0.9991708993911743
1576,52533,LEFT_SHOULDER,0.3754447400569916,0.2818990647792816,0.27611345052719116,0.9992740154266357,0.9994946718215942
1576,52533,RIGHT_SHOULDER,0.49657225608825684,0.29044514894485474,-0.16231988370418549,0.9997853636741638,0.9996108412742615
1576,52533,LEFT_ELBOW,0.3715413510799408,0.3954693675041199,0.4037381112575531,0.26645344495773315,0.9987586736679077
1576,52533,RIGHT_ELBOW,0.5202270746231079,0.4054902493953705,-0.22056500613689423,0.989393413066864,0.9990963935852051
1576,52533,LEFT_WRIST,0.4583110809326172,0.41702207922935486,0.46542271971702576,0.06149720400571823,0.9982927441596985
1576,52533,RIGHT_WRIST,0.6005231142044067,0.4092538058757782,-0.1747555136680603,0.7979636192321777,0.998853325843811
1576,52533,LEFT_PINKY,0.47106972336769104,0.4250268340110779,0.4853549003601074,0.06283485889434814,0.9978002905845642
1576,52533,RIGHT_PINKY,0.6228194832801819,0.41176638007164,-0.1945791393518448,0.7198041677474976,0.9984204769134521
1576,52533,LEFT_INDEX,0.48397591710090637,0.4137115478515625,0.4589252769947052,0.06260741502046585,0.9978747367858887
1576,52533,RIGHT_INDEX,0.6204269528388977,0.39814943075180054,-0.18837325274944305,0.7190671563148499,0.9983774423599243
1576,52533,LEFT_THUMB,0.4838230311870575,0.4100777804851532,0.4554254114627838,0.06320738792419434,0.9982061386108398
1576,52533,RIGHT_THUMB,0.608966588973999,0.3971109688282013,-0.16984902322292328,0.6491577625274658,0.9988038539886475
1576,52533,LEFT_HIP,0.4342098832130432,0.5157157182693481,0.16784431040287018,0.9980762600898743,0.999536395072937
1576,52533,RIGHT_HIP,0.49659693241119385,0.5150576829910278,-0.16796095669269562,0.9979808330535889,0.9993935823440552
1576,52533,LEFT_KNEE,0.4396677017211914,0.6801323294639587,0.17676937580108643,0.7302130460739136,0.9995009899139404
1576,52533,RIGHT_KNEE,0.5099713206291199,0.6920058131217957,-0.13621394336223602,0.963448703289032,0.9994787573814392
1576,52533,LEFT_ANKLE,0.4170287549495697,0.8572978377342224,0.23149143159389496,0.8486936688423157,0.9993401169776917
1576,52533,RIGHT_ANKLE,0.4791729152202606,0.8634556531906128,-0.08042754977941513,0.9700128436088562,0.9992635846138
1576,52533,LEFT_HEEL,0.40190035104751587,0.8795678615570068,0.229843869805336,0.8860071301460266,0.9988968372344971
1576,52533,RIGHT_HEEL,0.4562457799911499,0.893549919128418,-0.07512224465608597,0.9574276804924011,0.9988605976104736
1576,52533,LEFT_FOOT_INDEX,0.46061816811561584,0.9062957167625427,0.13910867273807526,0.7426277995109558,0.998292863368988
1576,52533,RIGHT_FOOT_INDEX,0.5111026763916016,0.9205130934715271,-0.17407041788101196,0.9159083962440491,0.9981622099876404
1577,52567,NOSE,0.4656089246273041,0.20966912806034088,0.29515430331230164,0.9992495775222778,0.9989000558853149
1577,52567,LEFT_EYE_INNER,0.4558463394641876,0.1960277408361435,0.27522242069244385,0.9992947578430176,0.9983494281768799
1577,52567,LEFT_EYE,0.45067736506462097,0.19552193582057953,0.2752632200717926,0.9991124272346497,0.99837327003479
1577,52567,LEFT_EYE_OUTER,0.44500836730003357,0.1951216161251068,0.2751961648464203,0.9993783235549927,0.9982181191444397
1577,52567,RIGHT_EYE_INNER,0.46908652782440186,0.19645321369171143,0.23484297096729279,0.9994544982910156,0.998498797416687
1577,52567,RIGHT_EYE,0.47305285930633545,0.196209117770195,0.2347390353679657,0.9993375539779663,0.998399555683136
1577,52567,RIGHT_EYE_OUTER,0.47716397047042847,0.19598698616027832,0.23441065847873688,0.9995181560516357,0.9984020590782166
1577,52567,LEFT_EAR,0.43191978335380554,0.2017764300107956,0.19857627153396606,0.9987367391586304,0.9985007047653198
1577,52567,RIGHT_EAR,0.4780398905277252,0.203205406665802,0.016479896381497383,0.9993280172348022,0.9987533092498779
1577,52567,MOUTH_LEFT,0.4578174948692322,0.2209826409816742,0.2745761573314667,0.9988271594047546,0.9989935755729675
1577,52567,MOUTH_RIGHT,0.4712316691875458,0.2223038673400879,0.2224700152873993,0.9990774989128113,0.9990780353546143
1577,52567,LEFT_SHOULDER,0.3749549984931946,0.2816258370876312,0.2641421854496002,0.9991554617881775,0.9990687966346741
1577,52567,RIGHT_SHOULDER,0.494932621717453,0.2905556261539459,-0.1831332892179489,0.9997745156288147,0.9996351003646851
1577,52567,LEFT_ELBOW,0.3714767098426819,0.3954482078552246,0.41874319314956665,0.2465784102678299,0.997920572757721
1577,52567,RIGHT_ELBOW,0.519722044467926,0.4101502001285553,-0.2510529160499573,0.9868068695068359,0.9990410208702087
1577,52567,LEFT_WRIST,0.4567798972129822,0.41086679697036743,0.5104275941848755,0.05899818241596222,0.9969056248664856
1577,52567,RIGHT_WRIST,0.6003075242042542,0.4067961573600769,-0.21862731873989105,0.8034580945968628,0.9987049102783203
1577,52567,LEFT_PINKY,0.4690442681312561,0.4168161153793335,0.5307698845863342,0.061366938054561615,0.9965215921401978
1577,52567,RIGHT_PINKY,0.6226245164871216,0.40751513838768005,-0.23715032637119293,0.7323001027107239,0.9982894062995911
1577,52567,LEFT_INDEX,0.48223942518234253,0.4047984182834625,0.5015355944633484,0.06122363731265068,0.9965135455131531
1577,52567,RIGHT_INDEX,0.620212733745575,0.3942837119102478,-0.23047290742397308,0.7319391369819641,0.9982159733772278
1577,52567,LEFT_THUMB,0.482401043176651,0.4017504155635834,0.49863579869270325,0.06194617599248886,0.9969125986099243
1577,52567,RIGHT_THUMB,0.6087124347686768,0.393886536359787,-0.21286556124687195,0.6626747250556946,0.9986103773117065
1577,52567,LEFT_HIP,0.43386155366897583,0.5184056758880615,0.17183883488178253,0.9977990984916687,0.9993516802787781
1577,52567,RIGHT_HIP,0.49703729152679443,0.5177839398384094,-0.17195016145706177,0.9978447556495667,0.9993625283241272
1577,52567,LEFT_KNEE,0.44062167406082153,0.6821910738945007,0.21107102930545807,0.712032675743103,0.9992159605026245
1577,52567,RIGHT_KNEE,0.5147889256477356,0.6923612952232361,-0.14392106235027313,0.9578878879547119,0.9993987083435059
1577,52567,LEFT_ANKLE,0.41725608706474304,0.8569334149360657,0.2905939817428589,0.8341642022132874,0.9991218447685242
1577,52567,RIGHT_ANKLE,0.4789969325065613,0.8691514730453491,-0.09258498251438141,0.9674142003059387,0.9991782307624817
1577,52567,LEFT_HEEL,0.40174242854118347,0.8783571720123291,0.2921193540096283,0.8731963634490967,0.9986599683761597
1577,52567,RIGHT_HEEL,0.45590946078300476,0.8944777250289917,-0.08662103116512299,0.9545988440513611,0.9987205862998962
1577,52567,LEFT_FOOT_INDEX,0.4598555862903595,0.9037352204322815,0.2128363698720932,0.7324315309524536,0.998056173324585
1577,52567,RIGHT_FOOT_INDEX,0.5141301155090332,0.9244157671928406,-0.18179979920387268,0.9149499535560608,0.9979512095451355
1578,52600,NOSE,0.5104476809501648,0.22487737238407135,0.13958700001239777,0.9991087913513184,0.9992356300354004
1578,52600,LEFT_EYE_INNER,0.5033361911773682,0.21133507788181305,0.15205590426921844,0.9991223812103271,0.9991005659103394
1578,52600,LEFT_EYE,0.49915212392807007,0.21079275012016296,0.15207163989543915,0.9989171624183655,0.9991763234138489
1578,52600,LEFT_EYE_OUTER,0.49484363198280334,0.21017691493034363,0.151990607380867,0.9992586970329285,0.9991662502288818
1578,52600,RIGHT_EYE_INNER,0.5105319619178772,0.21132361888885498,0.09334106743335724,0.9992905855178833,0.9989732503890991
1578,52600,RIGHT_EYE,0.5115444660186768,0.21101056039333344,0.09335296601057053,0.9991521239280701,0.998824417591095
1578,52600,RIGHT_EYE_OUTER,0.5123133063316345,0.21069598197937012,0.09317469596862793,0.9993661046028137,0.9987454414367676
1578,52600,LEFT_EAR,0.47920742630958557,0.21405477821826935,0.19574131071567535,0.9983885884284973,0.9992092251777649
1578,52600,RIGHT_EAR,0.5025344491004944,0.21611236035823822,-0.056974638253450394,0.9990954995155334,0.9989452958106995
1578,52600,MOUTH_LEFT,0.496534138917923,0.2366413027048111,0.16543294489383698,0.9985336065292358,0.9993826150894165
1578,52600,MOUTH_RIGHT,0.5037667155265808,0.23646308481693268,0.08969870209693909,0.9988031387329102,0.9993034601211548
1578,52600,LEFT_SHOULDER,0.43181756138801575,0.29310476779937744,0.33147066831588745,0.9989745020866394,0.9994475245475769
1578,52600,RIGHT_SHOULDER,0.4875865876674652,0.2980746030807495,-0.250191330909729,0.9997696876525879,0.9996316432952881
1578,52600,LEFT_ELBOW,0.4555690586566925,0.4112893342971802,0.4178025722503662,0.22801797091960907,0.9977086782455444
1578,52600,RIGHT_ELBOW,0.49878230690956116,0.41716206073760986,-0.34482306241989136,0.9849532842636108,0.9987401366233826
1578,52600,LEFT_WRIST,0.5435368418693542,0.4131334722042084,0.3657234311103821,0.05720515921711922,0.9972743391990662
1578,52600,RIGHT_WRIST,0.5887904167175293,0.4086480736732483,-0.3035588264465332,0.8166553378105164,0.9992295503616333
1578,52600,LEFT_PINKY,0.5747089385986328,0.4157540202140808,0.37143781781196594,0.06082691252231598,0.9971351623535156
1578,52600,RIGHT_PINKY,0.615760087966919,0.40817949175834656,-0.333739697933197,0.7514392733573914,0.9991369843482971
1578,52600,LEFT_INDEX,0.5739995837211609,0.4040026068687439,0.3343268930912018,0.06094040721654892,0.9972993731498718
1578,52600,RIGHT_INDEX,0.6123882532119751,0.3946268558502197,-0.32280611991882324,0.7508022785186768,0.9990798234939575
1578,52600,LEFT_THUMB,0.5697863698005676,0.40205246210098267,0.34359487891197205,0.06243109703063965,0.9974247217178345
1578,52600,RIGHT_THUMB,0.6020379662513733,0.3943551480770111,-0.2952196002006531,0.6839014887809753,0.9992021918296814
1578,52600,LEFT_HIP,0.441690593957901,0.5227411985397339,0.1874942034482956,0.997431218624115,0.9991631507873535
1578,52600,RIGHT_HIP,0.4879331886768341,0.5264439582824707,-0.187449112534523,0.9974210262298584,0.9986409544944763
1578,52600,LEFT_KNEE,0.44583678245544434,0.693400502204895,0.1974860429763794,0.679901123046875,0.9993569254875183
1578,52600,RIGHT_KNEE,0.5019927620887756,0.7026182413101196,-0.17431533336639404,0.9557704329490662,0.9993269443511963
1578,52600,LEFT_ANKLE,0.4191160202026367,0.8627164959907532,0.2545294761657715,0.8104320764541626,0.9990123510360718
1578,52600,RIGHT_ANKLE,0.45731377601623535,0.8812674283981323,-0.14994297921657562,0.9654650092124939,0.99882572889328
1578,52600,LEFT_HEEL,0.40258777141571045,0.8845549821853638,0.25310271978378296,0.8494279384613037,0.9982732534408569
1578,52600,RIGHT_HEEL,0.43316909670829773,0.90699702501297,-0.14780166745185852,0.949618399143219,0.9980748891830444
1578,52600,LEFT_FOOT_INDEX,0.46653762459754944,0.9012776017189026,0.1750478297472,0.7265039086341858,0.9978587031364441
1578,52600,RIGHT_FOOT_INDEX,0.5138674974441528,0.9259322285652161,-0.24949292838573456,0.9174286723136902,0.9971449971199036
1579,52633,NOSE,0.5079554915428162,0.22880887985229492,0.2046682983636856,0.9990751147270203,0.999306321144104
1579,52633,LEFT_EYE_INNER,0.49967077374458313,0.2150605469942093,0.20537219941616058,0.9990673065185547,0.999015212059021
1579,52633,LEFT_EYE,0.49532604217529297,0.2142336666584015,0.2053879201412201,0.9988487362861633,0.9991011619567871
1579,52633,LEFT_EYE_OUTER,0.4907117784023285,0.2133149951696396,0.20529109239578247,0.9992313981056213,0.9990690350532532
1579,52633,RIGHT_EYE_INNER,0.5095160603523254,0.2158418595790863,0.15245357155799866,0.9992305040359497,0.9987836480140686
1579,52633,RIGHT_EYE,0.5117677450180054,0.2157122939825058,0.15244470536708832,0.9990795850753784,0.9985572695732117
1579,52633,RIGHT_EYE_OUTER,0.5138545632362366,0.2155703753232956,0.1522039771080017,0.9993107318878174,0.9983909130096436
1579,52633,LEFT_EAR,0.4770578145980835,0.21658948063850403,0.22723732888698578,0.9982596635818481,0.9991223216056824
1579,52633,RIGHT_EAR,0.5051843523979187,0.2206004112958908,-0.02766721323132515,0.9989983439445496,0.9983084201812744
1579,52633,MOUTH_LEFT,0.4965197443962097,0.24009248614311218,0.2123713493347168,0.9984090328216553,0.9994045495986938
1579,52633,MOUTH_RIGHT,0.5060579776763916,0.2407604604959488,0.14445219933986664,0.9986688494682312,0.9991795420646667
1579,52633,LEFT_SHOULDER,0.4431735575199127,0.29460588097572327,0.354706346988678,0.9989696741104126,0.9997187256813049
1579,52633,RIGHT_SHOULDER,0.48619672656059265,0.302132248878479,-0.22555547952651978,0.9997463226318359,0.999206006526947
1579,52633,LEFT_ELBOW,0.48655644059181213,0.40921372175216675,0.48091086745262146,0.22195923328399658,0.9995742440223694
1579,52633,RIGHT_ELBOW,0.49907955527305603,0.4170568883419037,-0.29686909914016724,0.9791969060897827,0.9989283680915833
1579,52633,LEFT_WRIST,0.5833485126495361,0.4012821316719055,0.47229278087615967,0.08064683526754379,0.999667763710022
1579,52633,RIGHT_WRIST,0.5844810009002686,0.40982866287231445,-0.22876352071762085,0.8266435861587524,0.9992702603340149
1579,52633,LEFT_PINKY,0.6066872477531433,0.4012157618999481,0.48312753438949585,0.08413470536470413,0.999496340751648
1579,52633,RIGHT_PINKY,0.6132304072380066,0.4086252450942993,-0.252337247133255,0.7665657997131348,0.9991255402565002
1579,52633,LEFT_INDEX,0.6099932789802551,0.38884812593460083,0.4314958155155182,0.08527252078056335,0.9995218515396118
1579,52633,RIGHT_INDEX,0.6103077530860901,0.39495351910591125,-0.24451316893100739,0.7651718258857727,0.9991146922111511
1579,52633,LEFT_THUMB,0.6032426953315735,0.3886116147041321,0.4447796046733856,0.08733388781547546,0.9996228218078613
1579,52633,RIGHT_THUMB,0.5987927913665771,0.3947466313838959,-0.22217640280723572,0.7003042101860046,0.9993250370025635
1579,52633,LEFT_HIP,0.44185882806777954,0.5260409712791443,0.18736229836940765,0.9973776340484619,0.9994470477104187
1579,52633,RIGHT_HIP,0.48071208596229553,0.5294474363327026,-0.1873437762260437,0.9972119331359863,0.9989027976989746
1579,52633,LEFT_KNEE,0.4457440972328186,0.6942583918571472,0.20292630791664124,0.6581730842590332,0.999679684638977
1579,52633,RIGHT_KNEE,0.4983896017074585,0.7047629952430725,-0.155289426445961,0.9530035853385925,0.9995146989822388
1579,52633,LEFT_ANKLE,0.41919708251953125,0.8620328307151794,0.2553553879261017,0.7956593632698059,0.9993865489959717
1579,52633,RIGHT_ANKLE,0.45281535387039185,0.8801047801971436,-0.12906229496002197,0.9636473059654236,0.9991270899772644
1579,52633,LEFT_HEEL,0.4024478793144226,0.885242760181427,0.25282591581344604,0.8334117531776428,0.9988683462142944
1579,52633,RIGHT_HEEL,0.42675039172172546,0.9062105417251587,-0.1260802447795868,0.9444741606712341,0.9984844326972961
1579,52633,LEFT_FOOT_INDEX,0.4658472537994385,0.9010763168334961,0.17944210767745972,0.72475266456604,0.998450517654419
1579,52633,RIGHT_FOOT_INDEX,0.5121066570281982,0.9249306321144104,-0.21919187903404236,0.9186427593231201,0.9976791739463806
1580,52667,NOSE,0.5078541040420532,0.23441363871097565,0.12038968503475189,0.9990652799606323,0.999031662940979
1580,52667,LEFT_EYE_INNER,0.4997364580631256,0.22068512439727783,0.1366247981786728,0.9990482330322266,0.9985787868499756
1580,52667,LEFT_EYE,0.49589967727661133,0.21980619430541992,0.13661125302314758,0.9988208413124084,0.998638927936554
1580,52667,LEFT_EYE_OUTER,0.4918273985385895,0.21883775293827057,0.1365455687046051,0.9992173910140991,0.9985658526420593
1580,52667,RIGHT_EYE_INNER,0.5083914995193481,0.2212204933166504,0.0722237229347229,0.9992014169692993,0.9985342025756836
1580,52667,RIGHT_EYE,0.5103919506072998,0.22088079154491425,0.07216254621744156,0.9990509748458862,0.9983880519866943
1580,52667,RIGHT_EYE_OUTER,0.5123380422592163,0.22052982449531555,0.07190927863121033,0.9992908835411072,0.9983270764350891
1580,52667,LEFT_EAR,0.4800753891468048,0.22159956395626068,0.2146954983472824,0.998096227645874,0.9986188411712646
1580,52667,RIGHT_EAR,0.5028656125068665,0.22458475828170776,-0.0749928429722786,0.9989925622940063,0.9985490441322327
1580,52667,MOUTH_LEFT,0.4973040223121643,0.24532030522823334,0.15515515208244324,0.998379111289978,0.9992474317550659
1580,52667,MOUTH_RIGHT,0.5055906176567078,0.24589376151561737,0.07193724811077118,0.9986552000045776,0.9992052912712097
1580,52667,LEFT_SHOULDER,0.4634995460510254,0.30266064405441284,0.3703312575817108,0.9989699125289917,0.9996082186698914
1580,52667,RIGHT_SHOULDER,0.47905808687210083,0.3045450747013092,-0.26071643829345703,0.9997488260269165,0.9995367527008057
1580,52667,LEFT_ELBOW,0.5027642846107483,0.41642504930496216,0.4486973285675049,0.21460501849651337,0.9992328882217407
1580,52667,RIGHT_ELBOW,0.49251994490623474,0.42003750801086426,-0.3037319481372833,0.9784078001976013,0.9991351962089539
1580,52667,LEFT_WRIST,0.5923865437507629,0.40013575553894043,0.31379684805870056,0.11746340245008469,0.9996261596679688
1580,52667,RIGHT_WRIST,0.5821841955184937,0.41163453459739685,-0.1625596433877945,0.8401997089385986,0.9994450211524963
1580,52667,LEFT_PINKY,0.6157269477844238,0.3985891044139862,0.30983465909957886,0.1216927096247673,0.9994972944259644
1580,52667,RIGHT_PINKY,0.611555814743042,0.40898585319519043,-0.18033067882061005,0.7843167781829834,0.999261200428009
1580,52667,LEFT_INDEX,0.6140168905258179,0.3862571716308594,0.2767953872680664,0.12372579425573349,0.9995009899139404
1580,52667,RIGHT_INDEX,0.6085975170135498,0.39507779479026794,-0.17389391362667084,0.7823107838630676,0.9992502331733704
1580,52667,LEFT_THUMB,0.606852650642395,0.3865460455417633,0.2908783257007599,0.1246064305305481,0.999594509601593
1580,52667,RIGHT_THUMB,0.5984910726547241,0.3950529396533966,-0.15360601246356964,0.720488965511322,0.9994316697120667
1580,52667,LEFT_HIP,0.44721710681915283,0.528024435043335,0.19454661011695862,0.997079610824585,0.9986739158630371
1580,52667,RIGHT_HIP,0.4748906195163727,0.5303059220314026,-0.19454070925712585,0.9966663718223572,0.9979536533355713
1580,52667,LEFT_KNEE,0.4489578604698181,0.7012948393821716,0.20199646055698395,0.6309146285057068,0.9992541670799255
1580,52667,RIGHT_KNEE,0.48745885491371155,0.708880603313446,-0.1835639774799347,0.9499654173851013,0.9991104006767273
1580,52667,LEFT_ANKLE,0.42134183645248413,0.8664501905441284,0.24990186095237732,0.77688068151474,0.9986421465873718
1580,52667,RIGHT_ANKLE,0.4469456374645233,0.8829590678215027,-0.14445991814136505,0.9615797400474548,0.9982532858848572
1580,52667,LEFT_HEEL,0.40310734510421753,0.8890998959541321,0.24617406725883484,0.8172343373298645,0.9976034760475159
1580,52667,RIGHT_HEEL,0.42173659801483154,0.9102644920349121,-0.14349450170993805,0.9388415217399597,0.9970056414604187
1580,52667,LEFT_FOOT_INDEX,0.4746929109096527,0.9042305946350098,0.16862031817436218,0.7230101823806763,0.997271716594696
1580,52667,RIGHT_FOOT_INDEX,0.5089004635810852,0.9259876608848572,-0.25585415959358215,0.9199703931808472,0.9958192110061646
1581,52700,NOSE,0.506920576095581,0.2357361763715744,0.13443602621555328,0.9990420937538147,0.9990584254264832
1581,52700,LEFT_EYE_INNER,0.49893373250961304,0.22224865853786469,0.14912891387939453,0.9990023970603943,0.9986714124679565
1581,52700,LEFT_EYE,0.4951038360595703,0.22139891982078552,0.14911478757858276,0.9987665414810181,0.9987554550170898
1581,52700,LEFT_EYE_OUTER,0.4910224676132202,0.22039568424224854,0.14905224740505219,0.9991883635520935,0.9987066984176636
1581,52700,RIGHT_EYE_INNER,0.5078110098838806,0.22266921401023865,0.08537566661834717,0.9991483688354492,0.9985271692276001
1581,52700,RIGHT_EYE,0.5099530220031738,0.22227232158184052,0.08531543612480164,0.9990010857582092,0.9983407258987427
1581,52700,RIGHT_EYE_OUTER,0.5120391845703125,0.2219032496213913,0.08505242317914963,0.999252200126648,0.9982452392578125
1581,52700,LEFT_EAR,0.479685515165329,0.22317972779273987,0.2173783779144287,0.99791419506073,0.9987930059432983
1581,52700,RIGHT_EAR,0.5018009543418884,0.22606311738491058,-0.06948812305927277,0.9989469647407532,0.9983500242233276
1581,52700,MOUTH_LEFT,0.49659639596939087,0.24624262750148773,0.1656508445739746,0.9982893466949463,0.9992617964744568
1581,52700,MOUTH_RIGHT,0.5050856471061707,0.24699905514717102,0.08297073841094971,0.9985837340354919,0.9991310238838196
1581,52700,LEFT_SHOULDER,0.45934101939201355,0.30417248606681824,0.37617623805999756,0.9989839792251587,0.9997220635414124
1581,52700,RIGHT_SHOULDER,0.47740668058395386,0.30620789527893066,-0.2576290965080261,0.9997448325157166,0.9994577765464783
1581,52700,LEFT_ELBOW,0.5054823756217957,0.41645917296409607,0.45930588245391846,0.20965811610221863,0.9995421171188354
1581,52700,RIGHT_ELBOW,0.4929177761077881,0.42055827379226685,-0.3115321099758148,0.9767698645591736,0.9991157650947571
1581,52700,LEFT_WRIST,0.5937272906303406,0.39982879161834717,0.3851040303707123,0.15098299086093903,0.9997256398200989
1581,52700,RIGHT_WRIST,0.5812638401985168,0.41200706362724304,-0.18966446816921234,0.8516780734062195,0.9993571639060974
1581,52700,LEFT_PINKY,0.617065966129303,0.3957771956920624,0.39250704646110535,0.15454672276973724,0.9996082186698914
1581,52700,RIGHT_PINKY,0.6101982593536377,0.40888604521751404,-0.21035797894001007,0.7996447682380676,0.999202311038971
1581,52700,LEFT_INDEX,0.6173459887504578,0.3855200409889221,0.3598276376724243,0.15734264254570007,0.9996108412742615
1581,52700,RIGHT_INDEX,0.6072484254837036,0.394648015499115,-0.20058171451091766,0.7969912886619568,0.9991936087608337
1581,52700,LEFT_THUMB,0.6073784232139587,0.3859647214412689,0.36573219299316406,0.15716084837913513,0.9996863603591919
1581,52700,RIGHT_THUMB,0.5981401205062866,0.39492446184158325,-0.180184006690979,0.7376410365104675,0.999392032623291
1581,52700,LEFT_HIP,0.447996586561203,0.5300939083099365,0.19640998542308807,0.9969009160995483,0.9991279244422913
1581,52700,RIGHT_HIP,0.4744028151035309,0.5319331288337708,-0.19641505181789398,0.9961976408958435,0.9984201192855835
1581,52700,LEFT_KNEE,0.44861865043640137,0.7033964395523071,0.19514989852905273,0.6089099645614624,0.99952232837677
1581,52700,RIGHT_KNEE,0.4866880774497986,0.7108204364776611,-0.18807366490364075,0.9474082589149475,0.9992333650588989
1581,52700,LEFT_ANKLE,0.42179402709007263,0.867318332195282,0.24963201582431793,0.7644351720809937,0.9990645051002502
1581,52700,RIGHT_ANKLE,0.4469834864139557,0.8818808794021606,-0.15223784744739532,0.9601985812187195,0.9986673593521118
1581,52700,LEFT_HEEL,0.40306639671325684,0.8915301561355591,0.24067458510398865,0.8068230152130127,0.9983081817626953
1581,52700,RIGHT_HEEL,0.41884860396385193,0.9097254276275635,-0.15172694623470306,0.9352176785469055,0.997780978679657
1581,52700,LEFT_FOOT_INDEX,0.4747250974178314,0.9053241610527039,0.15552683174610138,0.7247397303581238,0.9979804158210754
1581,52700,RIGHT_FOOT_INDEX,0.5080048441886902,0.9265344142913818,-0.26076340675354004,0.9215239882469177,0.9968992471694946
1582,52733,NOSE,0.5159516334533691,0.2376374900341034,0.05373116955161095,0.9990754723548889,0.9995077848434448
1582,52733,LEFT_EYE_INNER,0.5081070065498352,0.22375744581222534,0.07270195335149765,0.9990507960319519,0.9992502331733704
1582,52733,LEFT_EYE,0.5047224760055542,0.22298811376094818,0.07270627468824387,0.9988275766372681,0.9992675185203552
1582,52733,LEFT_EYE_OUTER,0.5014322996139526,0.22212566435337067,0.07268580049276352,0.9992249011993408,0.9992152452468872
1582,52733,RIGHT_EYE_INNER,0.5141046643257141,0.22402794659137726,0.008219197392463684,0.999175488948822,0.9992786049842834
1582,52733,RIGHT_EYE,0.5149440765380859,0.2236230969429016,0.008146949112415314,0.9990344047546387,0.9992237091064453
1582,52733,RIGHT_EYE_OUTER,0.5158711075782776,0.22321097552776337,0.007960780523717403,0.999275803565979,0.9991962313652039
1582,52733,LEFT_EAR,0.48741334676742554,0.22548282146453857,0.17942674458026886,0.997963011264801,0.9993587136268616
1582,52733,RIGHT_EAR,0.5045574903488159,0.2273581326007843,-0.11549249291419983,0.9990132451057434,0.999481737613678
1582,52733,MOUTH_LEFT,0.5061913132667542,0.24879011511802673,0.09709247946739197,0.9983799457550049,0.9997208714485168
1582,52733,MOUTH_RIGHT,0.5118079781532288,0.24925976991653442,0.013737433589994907,0.9986657500267029,0.9997517466545105
1582,52733,LEFT_SHOULDER,0.4649178087711334,0.30902722477912903,0.34703224897384644,0.9990202188491821,0.9997546076774597
1582,52733,RIGHT_SHOULDER,0.4749964773654938,0.311615914106369,-0.2788067162036896,0.9997594952583313,0.9998045563697815
1582,52733,LEFT_ELBOW,0.5068343281745911,0.42508286237716675,0.290847510099411,0.19651883840560913,0.9987754225730896
1582,52733,RIGHT_ELBOW,0.4890228807926178,0.4311066269874573,-0.2661406397819519,0.9768825769424438,0.9989275336265564
1582,52733,LEFT_WRIST,0.589584231376648,0.39496251940727234,0.016890134662389755,0.17186707258224487,0.9995604157447815
1582,52733,RIGHT_WRIST,0.5796293616294861,0.41139253973960876,0.004453424364328384,0.8611792922019958,0.9994004964828491
1582,52733,LEFT_PINKY,0.6139360070228577,0.3901119530200958,-0.017267463728785515,0.17964887619018555,0.9995145797729492
1582,52733,RIGHT_PINKY,0.6071617603302002,0.40598809719085693,0.004505932331085205,0.8111981749534607,0.999228835105896
1582,52733,LEFT_INDEX,0.6112958788871765,0.37816935777664185,-0.033576738089323044,0.18328522145748138,0.9994935989379883
1582,52733,RIGHT_INDEX,0.6031866073608398,0.3899563252925873,-0.00029299751622602344,0.807874321937561,0.9992051720619202
1582,52733,LEFT_THUMB,0.6017175912857056,0.3792915642261505,-0.004340967629104853,0.1829143762588501,0.9995735287666321
1582,52733,RIGHT_THUMB,0.5932915210723877,0.3907451927661896,0.01452730130404234,0.750526487827301,0.9993569254875183
1582,52733,LEFT_HIP,0.4510130286216736,0.5312302708625793,0.19609186053276062,0.9967337846755981,0.9991844296455383
1582,52733,RIGHT_HIP,0.4715370535850525,0.5333684682846069,-0.19613778591156006,0.9959347248077393,0.9986512064933777
1582,52733,LEFT_KNEE,0.45455485582351685,0.7064606547355652,0.214527428150177,0.5809609293937683,0.999390721321106
1582,52733,RIGHT_KNEE,0.4820247292518616,0.712805449962616,-0.17493444681167603,0.9453158378601074,0.9994370341300964
1582,52733,LEFT_ANKLE,0.4256827235221863,0.8684996962547302,0.2732391655445099,0.7457655072212219,0.9985407590866089
1582,52733,RIGHT_ANKLE,0.4428296685218811,0.8863905072212219,-0.12487337738275528,0.957938015460968,0.9980742931365967
1582,52733,LEFT_HEEL,0.4051356613636017,0.8949406743049622,0.2687808573246002,0.7915650010108948,0.9974976181983948
1582,52733,RIGHT_HEEL,0.41586536169052124,0.916362464427948,-0.12229644507169724,0.9291421175003052,0.9966965913772583
1582,52733,LEFT_FOOT_INDEX,0.48447299003601074,0.9064483046531677,0.18766485154628754,0.7244237661361694,0.9968661665916443
1582,52733,RIGHT_FOOT_INDEX,0.5079602003097534,0.9289200901985168,-0.24936053156852722,0.9226913452148438,0.9949615001678467
1583,52767,NOSE,0.5162167549133301,0.24054330587387085,0.06727827340364456,0.9991086721420288,0.9996227025985718
1583,52767,LEFT_EYE_INNER,0.5077002048492432,0.22623293101787567,0.08446730673313141,0.9990939497947693,0.9993921518325806
1583,52767,LEFT_EYE,0.5042164921760559,0.22544535994529724,0.08447150141000748,0.9988810420036316,0.9994021654129028
1583,52767,LEFT_EYE_OUTER,0.5007884502410889,0.2246459275484085,0.08444825559854507,0.9992572665214539,0.9993528723716736
1583,52767,RIGHT_EYE_INNER,0.5139748454093933,0.22658959031105042,0.020253503695130348,0.9992003440856934,0.9994232654571533
1583,52767,RIGHT_EYE,0.5149267911911011,0.22619111835956573,0.020181231200695038,0.999065101146698,0.9993844032287598
1583,52767,RIGHT_EYE_OUTER,0.5158985257148743,0.22579148411750793,0.019982613623142242,0.9992987513542175,0.9993649125099182
1583,52767,LEFT_EAR,0.48625022172927856,0.2283230423927307,0.1786998212337494,0.9979905486106873,0.999448835849762
1583,52767,RIGHT_EAR,0.5055361390113831,0.22974969446659088,-0.10963037610054016,0.9990723729133606,0.9995852112770081
1583,52767,MOUTH_LEFT,0.5067382454872131,0.2515362799167633,0.10784197598695755,0.9984646439552307,0.9997867941856384
1583,52767,MOUTH_RIGHT,0.5124557018280029,0.25218138098716736,0.025032581761479378,0.9987429976463318,0.9998143315315247
1583,52767,LEFT_SHOULDER,0.46512672305107117,0.31164905428886414,0.347038596868515,0.9990526437759399,0.9997774958610535
1583,52767,RIGHT_SHOULDER,0.47447386384010315,0.3140285909175873,-0.2768753468990326,0.9997743964195251,0.9998403787612915
1583,52767,LEFT_ELBOW,0.49907374382019043,0.4270477294921875,0.2754407525062561,0.18482555449008942,0.9988337159156799
1583,52767,RIGHT_ELBOW,0.48199474811553955,0.43610256910324097,-0.2562735676765442,0.9770971536636353,0.9991747736930847
1583,52767,LEFT_WRIST,0.5895456671714783,0.39413076639175415,-0.012545240111649036,0.19474735856056213,0.9996562004089355
1583,52767,RIGHT_WRIST,0.5737595558166504,0.41057342290878296,0.003679694840684533,0.8708252310752869,0.9996134638786316
1583,52767,LEFT_PINKY,0.6134930849075317,0.3875711262226105,-0.04970656335353851,0.20676012337207794,0.9996262788772583
1583,52767,RIGHT_PINKY,0.5992790460586548,0.402147501707077,0.0014105462469160557,0.8233410120010376,0.9994833469390869
1583,52767,LEFT_INDEX,0.6098248958587646,0.37469062209129333,-0.06507810205221176,0.21099890768527985,0.9996151924133301
1583,52767,RIGHT_INDEX,0.5947003364562988,0.38454264402389526,-0.003673866158351302,0.8195133805274963,0.9994736313819885
1583,52767,LEFT_THUMB,0.6000033020973206,0.3764514625072479,-0.03409740701317787,0.2101491540670395,0.9996769428253174
1583,52767,RIGHT_THUMB,0.5845721364021301,0.38657769560813904,0.012976530008018017,0.7642799019813538,0.9995847344398499
1583,52767,LEFT_HIP,0.45159175992012024,0.5324070453643799,0.1959763467311859,0.9966651201248169,0.999292254447937
1583,52767,RIGHT_HIP,0.47186365723609924,0.5343250632286072,-0.1960171014070511,0.9958011507987976,0.9988998174667358
1583,52767,LEFT_KNEE,0.45600923895835876,0.7089336514472961,0.2214014232158661,0.5568055510520935,0.999489426612854
1583,52767,RIGHT_KNEE,0.4776652157306671,0.7143928408622742,-0.16899259388446808,0.9443579316139221,0.9995291233062744
1583,52767,LEFT_ANKLE,0.42929673194885254,0.8693357110023499,0.2782745659351349,0.7311694622039795,0.998752236366272
1583,52767,RIGHT_ANKLE,0.43986669182777405,0.887531042098999,-0.10982132703065872,0.9561753869056702,0.9983980059623718
1583,52767,LEFT_HEEL,0.40647977590560913,0.8963673114776611,0.27439144253730774,0.779029130935669,0.9978173971176147
1583,52767,RIGHT_HEEL,0.41294392943382263,0.9180222749710083,-0.10682416707277298,0.923427402973175,0.9972952008247375
1583,52767,LEFT_FOOT_INDEX,0.4902677834033966,0.9070417881011963,0.19304007291793823,0.7252883911132812,0.9973317384719849
1583,52767,RIGHT_FOOT_INDEX,0.5070152282714844,0.92913419008255,-0.24424900114536285,0.9238947033882141,0.9958664178848267
1584,52800,NOSE,0.5164328217506409,0.24096815288066864,0.05432158336043358,0.9991301894187927,0.9995346069335938
1584,52800,LEFT_EYE_INNER,0.5076220631599426,0.22674836218357086,0.07245243340730667,0.9991259574890137,0.9992604851722717
1584,52800,LEFT_EYE,0.5042951107025146,0.2260168492794037,0.07244918495416641,0.9989185333251953,0.9992855191230774
1584,52800,LEFT_EYE_OUTER,0.5010197162628174,0.22521346807479858,0.07242819666862488,0.9992823600769043,0.9992378950119019
1584,52800,RIGHT_EYE_INNER,0.5134962201118469,0.22708743810653687,0.008493106812238693,0.9992156028747559,0.9992737174034119
1584,52800,RIGHT_EYE,0.5143334865570068,0.22671440243721008,0.008425195701420307,0.9990813732147217,0.9992181062698364
1584,52800,RIGHT_EYE_OUTER,0.5152032971382141,0.2263398915529251,0.008233301341533661,0.9993138909339905,0.9991857409477234
1584,52800,LEFT_EAR,0.4860113561153412,0.22926174104213715,0.17246901988983154,0.9979903697967529,0.999329686164856
1584,52800,RIGHT_EAR,0.5052017569541931,0.2304430454969406,-0.1144745871424675,0.9991167187690735,0.9994240999221802
1584,52800,MOUTH_LEFT,0.5073306560516357,0.25201961398124695,0.09746824949979782,0.9985296726226807,0.9997218251228333
1584,52800,MOUTH_RIGHT,0.5125945210456848,0.25258970260620117,0.015077917836606503,0.998802900314331,0.9997343420982361
1584,52800,LEFT_SHOULDER,0.46772971749305725,0.31330037117004395,0.3470032513141632,0.999068558216095,0.9997249245643616
1584,52800,RIGHT_SHOULDER,0.47125405073165894,0.3151877820491791,-0.27584588527679443,0.9997843503952026,0.9997689127922058
1584,52800,LEFT_ELBOW,0.4980719983577728,0.42778971791267395,0.2803058624267578,0.17533887922763824,0.9988784193992615
1584,52800,RIGHT_ELBOW,0.4771634042263031,0.4383915066719055,-0.25809246301651,0.9772979021072388,0.9992284774780273
1584,52800,LEFT_WRIST,0.5906445980072021,0.393377423286438,-0.006074747070670128,0.22057726979255676,0.9997135996818542
1584,52800,RIGHT_WRIST,0.5701930522918701,0.41022104024887085,-0.0155760133638978,0.8797342777252197,0.9996852874755859
1584,52800,LEFT_PINKY,0.6144808530807495,0.38619011640548706,-0.0424516536295414,0.2366098165512085,0.9996752738952637
1584,52800,RIGHT_PINKY,0.5949233174324036,0.40058159828186035,-0.020858362317085266,0.8347006440162659,0.9995738863945007
1584,52800,LEFT_INDEX,0.610188364982605,0.373210608959198,-0.058355022221803665,0.24122153222560883,0.9996823072433472
1584,52800,RIGHT_INDEX,0.5903117060661316,0.3826417624950409,-0.0232008695602417,0.8304592967033386,0.9995779395103455
1584,52800,LEFT_THUMB,0.6004208922386169,0.37503570318222046,-0.02730502188205719,0.2391446828842163,0.9997342228889465
1584,52800,RIGHT_THUMB,0.580251157283783,0.38509154319763184,-0.005924147553741932,0.7772760987281799,0.9996610879898071
1584,52800,LEFT_HIP,0.4529137909412384,0.5332838296890259,0.19473899900913239,0.996530294418335,0.9992369413375854
1584,52800,RIGHT_HIP,0.4700877368450165,0.5349181890487671,-0.19474515318870544,0.9955902695655823,0.998794674873352
1584,52800,LEFT_KNEE,0.4571720063686371,0.7100969552993774,0.21329104900360107,0.5343794226646423,0.9993917942047119
1584,52800,RIGHT_KNEE,0.4780237078666687,0.715421736240387,-0.17144803702831268,0.9433050155639648,0.9994732737541199
1584,52800,LEFT_ANKLE,0.4293755292892456,0.8694437146186829,0.26662904024124146,0.7161401510238647,0.9985777139663696
1584,52800,RIGHT_ANKLE,0.44099515676498413,0.8881356716156006,-0.11421558260917664,0.9543938040733337,0.9982401132583618
1584,52800,LEFT_HEEL,0.40652498602867126,0.8947999477386475,0.2629716992378235,0.765550434589386,0.9975013136863708
1584,52800,RIGHT_HEEL,0.41397231817245483,0.918677031993866,-0.11216811835765839,0.9179205298423767,0.9970633387565613
1584,52800,LEFT_FOOT_INDEX,0.48847660422325134,0.9078141450881958,0.18299658596515656,0.7251664400100708,0.997020423412323
1584,52800,RIGHT_FOOT_INDEX,0.5069286823272705,0.9306596517562866,-0.23808051645755768,0.924978494644165,0.9953910112380981
1585,52833,NOSE,0.5231890678405762,0.2413097769021988,0.010220709256827831,0.9991809129714966,0.9995754361152649
1585,52833,LEFT_EYE_INNER,0.5138870477676392,0.22692258656024933,0.028315503150224686,0.9991808533668518,0.9993529915809631
1585,52833,LEFT_EYE,0.5106267929077148,0.2261606752872467,0.02834176830947399,0.998991847038269,0.999370276927948
1585,52833,LEFT_EYE_OUTER,0.507021427154541,0.2253316342830658,0.028364164754748344,0.9993253946304321,0.9993371367454529
1585,52833,RIGHT_EYE_INNER,0.5182628631591797,0.22721366584300995,-0.03588828444480896,0.9992536902427673,0.9993552565574646
1585,52833,RIGHT_EYE,0.5183199048042297,0.22679387032985687,-0.03595131263136864,0.9991296529769897,0.9992961883544922
1585,52833,RIGHT_EYE_OUTER,0.5182340741157532,0.22637535631656647,-0.036130089312791824,0.9993431568145752,0.9992640614509583
1585,52833,LEFT_EAR,0.48857247829437256,0.2293153554201126,0.14077447354793549,0.9981017112731934,0.9995049238204956
1585,52833,RIGHT_EAR,0.5053362846374512,0.23062673211097717,-0.14696767926216125,0.9991818070411682,0.9995861649513245
1585,52833,MOUTH_LEFT,0.5123829245567322,0.2527649402618408,0.05816806107759476,0.9986388087272644,0.9998181462287903
1585,52833,MOUTH_RIGHT,0.5165750980377197,0.25289955735206604,-0.024624530225992203,0.9988934993743896,0.9998400211334229
1585,52833,LEFT_SHOULDER,0.46953824162483215,0.3146038353443146,0.3317186236381531,0.9991282820701599,0.9998319149017334
1585,52833,RIGHT_SHOULDER,0.4672572612762451,0.31538528203964233,-0.28629070520401,0.9998003840446472,0.9998676776885986
1585,52833,LEFT_ELBOW,0.49681422114372253,0.43424707651138306,0.19769659638404846,0.16839489340782166,0.998262345790863
1585,52833,RIGHT_ELBOW,0.46610090136528015,0.4431931972503662,-0.2513710558414459,0.9775751829147339,0.9986333250999451
1585,52833,LEFT_WRIST,0.5899162292480469,0.38939690589904785,-0.17362086474895477,0.24370476603507996,0.9997267127037048
1585,52833,RIGHT_WRIST,0.566471517086029,0.4004359245300293,0.01721726730465889,0.888119101524353,0.9995823502540588
1585,52833,LEFT_PINKY,0.6105737090110779,0.3795284330844879,-0.22543442249298096,0.26142561435699463,0.9997350573539734
1585,52833,RIGHT_PINKY,0.5917937159538269,0.38783204555511475,0.016230182722210884,0.8450847864151001,0.9995026588439941
1585,52833,LEFT_INDEX,0.6056491136550903,0.3680587112903595,-0.23311293125152588,0.266267329454422,0.9997218251228333
1585,52833,RIGHT_INDEX,0.5865456461906433,0.36986470222473145,0.010707506909966469,0.8404420614242554,0.9994915723800659
1585,52833,LEFT_THUMB,0.5962696671485901,0.37011152505874634,-0.19353631138801575,0.263935387134552,0.9997701048851013
1585,52833,RIGHT_THUMB,0.578589677810669,0.37287306785583496,0.027698403224349022,0.7890662550926208,0.9995896220207214
1585,52833,LEFT_HIP,0.46041688323020935,0.5349634289741516,0.19390766322612762,0.9965226650238037,0.9989339709281921
1585,52833,RIGHT_HIP,0.4687826335430145,0.5357445478439331,-0.19392558932304382,0.9955359101295471,0.9982813596725464
1585,52833,LEFT_KNEE,0.47377508878707886,0.7127856612205505,0.22621239721775055,0.5211201906204224,0.9994801878929138
1585,52833,RIGHT_KNEE,0.4795105457305908,0.7152656316757202,-0.1639697104692459,0.944464921951294,0.9995216131210327
1585,52833,LEFT_ANKLE,0.44191449880599976,0.8737090826034546,0.3034760355949402,0.7123315930366516,0.9988206028938293
1585,52833,RIGHT_ANKLE,0.43698957562446594,0.892425537109375,-0.0636000707745552,0.9543632864952087,0.998536229133606
1585,52833,LEFT_HEEL,0.4169154465198517,0.9006366729736328,0.3014662563800812,0.7619298696517944,0.9979968667030334
1585,52833,RIGHT_HEEL,0.4117589592933655,0.92158442735672,-0.058441709727048874,0.9158878326416016,0.9976248145103455
1585,52833,LEFT_FOOT_INDEX,0.5044811367988586,0.9103255271911621,0.20939378440380096,0.7332386374473572,0.9971423745155334
1585,52833,RIGHT_FOOT_INDEX,0.5067554712295532,0.9309000372886658,-0.18218261003494263,0.9277984499931335,0.9958567023277283
1586,52867,NOSE,0.5217896699905396,0.24181467294692993,0.00575754139572382,0.999203622341156,0.9994452595710754
1586,52867,LEFT_EYE_INNER,0.5126065015792847,0.2274666577577591,0.02284895069897175,0.9992093443870544,0.9991751313209534
1586,52867,LEFT_EYE,0.5093316435813904,0.226716548204422,0.022864803671836853,0.9990325570106506,0.9991955161094666
1586,52867,LEFT_EYE_OUTER,0.5056775808334351,0.2258952111005783,0.02287817932665348,0.9993460178375244,0.9991490840911865
1586,52867,RIGHT_EYE_INNER,0.5174380540847778,0.22765567898750305,-0.039569925516843796,0.9992655515670776,0.9991994500160217
1586,52867,RIGHT_EYE,0.5176652669906616,0.22720463573932648,-0.0396302305161953,0.9991472363471985,0.9991427659988403
1586,52867,RIGHT_EYE_OUTER,0.5178127884864807,0.2267594039440155,-0.03981664404273033,0.999351441860199,0.9991206526756287
1586,52867,LEFT_EAR,0.4881904423236847,0.22986485064029694,0.13085401058197021,0.9981324076652527,0.9993163347244263
1586,52867,RIGHT_EAR,0.5051538348197937,0.23130296170711517,-0.14793090522289276,0.9992226362228394,0.9994646906852722
1586,52867,MOUTH_LEFT,0.5113292932510376,0.25323981046676636,0.052419137209653854,0.9987094402313232,0.9997393488883972
1586,52867,MOUTH_RIGHT,0.5159108638763428,0.25317755341529846,-0.027994506061077118,0.9989567995071411,0.9997758269309998
1586,52867,LEFT_SHOULDER,0.4705604910850525,0.3157721161842346,0.3167395293712616,0.9991565942764282,0.9997469782829285
1586,52867,RIGHT_SHOULDER,0.4658118784427643,0.31578561663627625,-0.2846558094024658,0.9998116493225098,0.9998310804367065
1586,52867,LEFT_ELBOW,0.4963502287864685,0.4357892572879791,0.19335760176181793,0.16062206029891968,0.9981746673583984
1586,52867,RIGHT_ELBOW,0.4655228853225708,0.44231268763542175,-0.25089386105537415,0.9777966141700745,0.9988275170326233
1586,52867,LEFT_WRIST,0.5896572470664978,0.3875388205051422,-0.1615726351737976,0.260103702545166,0.9996582269668579
1586,52867,RIGHT_WRIST,0.5657365918159485,0.3968859016895294,-0.0025899054016917944,0.8956791162490845,0.9996387958526611
1586,52867,LEFT_PINKY,0.6092584133148193,0.3774307668209076,-0.21110059320926666,0.28007057309150696,0.9996696710586548
1586,52867,RIGHT_PINKY,0.5911675691604614,0.38437384366989136,-0.006448320113122463,0.8544538021087646,0.999548614025116
1586,52867,LEFT_INDEX,0.6043089628219604,0.36652544140815735,-0.22044537961483002,0.2850588262081146,0.9996548891067505
1586,52867,RIGHT_INDEX,0.586507260799408,0.3665383756160736,-0.009880428202450275,0.8494395017623901,0.9995423555374146
1586,52867,LEFT_THUMB,0.595109760761261,0.36847713589668274,-0.18167425692081451,0.2823251485824585,0.9997093081474304
1586,52867,RIGHT_THUMB,0.5786097645759583,0.36949825286865234,0.007420050911605358,0.7995507121086121,0.9996300935745239
1586,52867,LEFT_HIP,0.46493133902549744,0.535119891166687,0.19289903342723846,0.9964147210121155,0.998993456363678
1586,52867,RIGHT_HIP,0.4676398038864136,0.5354657769203186,-0.1929364800453186,0.9953786730766296,0.9984567165374756
1586,52867,LEFT_KNEE,0.4790891408920288,0.7123068571090698,0.22003917396068573,0.5041176676750183,0.9994258880615234
1586,52867,RIGHT_KNEE,0.4804776608943939,0.714196503162384,-0.16300734877586365,0.9440193772315979,0.9995177984237671
1586,52867,LEFT_ANKLE,0.44452646374702454,0.8729487657546997,0.2896456718444824,0.7037473320960999,0.9989026784896851
1586,52867,RIGHT_ANKLE,0.43708163499832153,0.8906575441360474,-0.06628771871328354,0.9529215693473816,0.998619794845581
1586,52867,LEFT_HEEL,0.42021510004997253,0.8989850282669067,0.2868647575378418,0.7543970346450806,0.9981131553649902
1586,52867,RIGHT_HEEL,0.41204604506492615,0.9193857312202454,-0.062067966908216476,0.9119771718978882,0.9978043437004089
1586,52867,LEFT_FOOT_INDEX,0.5060448050498962,0.910652220249176,0.19624367356300354,0.7371086478233337,0.9974666833877563
1586,52867,RIGHT_FOOT_INDEX,0.5067976713180542,0.9304497838020325,-0.18310032784938812,0.9293836951255798,0.9963696002960205
1587,52900,NOSE,0.5210052132606506,0.24146932363510132,0.04367866739630699,0.9991180300712585,0.9989438652992249
1587,52900,LEFT_EYE_INNER,0.51081383228302,0.22736799716949463,0.059263065457344055,0.9991140961647034,0.9985357522964478
1587,52900,LEFT_EYE,0.5074201822280884,0.22667579352855682,0.05924149230122566,0.9989261031150818,0.998601496219635
1587,52900,LEFT_EYE_OUTER,0.5040801763534546,0.2259465605020523,0.059210728853940964,0.9992660880088806,0.9985525012016296
1587,52900,RIGHT_EYE_INNER,0.5163866281509399,0.22744259238243103,-0.0018579458119347692,0.9991661310195923,0.9984673857688904
1587,52900,RIGHT_EYE,0.516986072063446,0.22692154347896576,-0.0019285230664536357,0.9990519285202026,0.998354434967041
1587,52900,RIGHT_EYE_OUTER,0.517471969127655,0.2264331579208374,-0.002165518468245864,0.9992696642875671,0.998354434967041
1587,52900,LEFT_EAR,0.48805421590805054,0.22997085750102997,0.1400381475687027,0.9978488683700562,0.9987666606903076
1587,52900,RIGHT_EAR,0.5037402510643005,0.23114554584026337,-0.12262621521949768,0.99913489818573,0.9987239241600037
1587,52900,MOUTH_LEFT,0.5111899971961975,0.2526296079158783,0.0841275155544281,0.9986385107040405,0.99952232837677
1587,52900,MOUTH_RIGHT,0.5155314207077026,0.2525283396244049,0.005449407268315554,0.9988929629325867,0.9995238780975342
1587,52900,LEFT_SHOULDER,0.4698050916194916,0.3151654005050659,0.3220517337322235,0.9991380572319031,0.9996458292007446
1587,52900,RIGHT_SHOULDER,0.45540493726730347,0.3155740797519684,-0.27522632479667664,0.9998052716255188,0.9996309280395508
1587,52900,LEFT_ELBOW,0.5076655149459839,0.42937907576560974,0.24940942227840424,0.161528080701828,0.9988319277763367
1587,52900,RIGHT_ELBOW,0.46360257267951965,0.44039925932884216,-0.3329882323741913,0.9784747958183289,0.9988715052604675
1587,52900,LEFT_WRIST,0.5875135660171509,0.38502684235572815,0.0011507214512676,0.29219648241996765,0.9996001124382019
1587,52900,RIGHT_WRIST,0.564784586429596,0.38301947712898254,-0.23199784755706787,0.9044397473335266,0.9997599720954895
1587,52900,LEFT_PINKY,0.6085187196731567,0.3739500641822815,-0.03154449537396431,0.3109409809112549,0.9995317459106445
1587,52900,RIGHT_PINKY,0.5904342532157898,0.37048789858818054,-0.2582717537879944,0.8660056591033936,0.9997056126594543
1587,52900,LEFT_INDEX,0.6034071445465088,0.35879188776016235,-0.04843463748693466,0.3161140978336334,0.9995498061180115
1587,52900,RIGHT_INDEX,0.5869708061218262,0.3519650399684906,-0.2578890323638916,0.8609573245048523,0.9996895790100098
1587,52900,LEFT_THUMB,0.5919708013534546,0.3649654984474182,-0.018373025581240654,0.3111373484134674,0.9996213912963867
1587,52900,RIGHT_THUMB,0.5779621005058289,0.35557758808135986,-0.22474639117717743,0.8133001923561096,0.9997645020484924
1587,52900,LEFT_HIP,0.466387003660202,0.5360328555107117,0.19203898310661316,0.9963643550872803,0.9987354874610901
1587,52900,RIGHT_HIP,0.4598163962364197,0.5351776480674744,-0.19200606644153595,0.9952258467674255,0.9981595873832703
1587,52900,LEFT_KNEE,0.48502975702285767,0.7110142111778259,0.18769925832748413,0.4930707812309265,0.9992547631263733
1587,52900,RIGHT_KNEE,0.47995495796203613,0.7134774923324585,-0.17973919212818146,0.9405282735824585,0.9993077516555786
1587,52900,LEFT_ANKLE,0.4518834054470062,0.8724511861801147,0.24563433229923248,0.6908637881278992,0.9987955093383789
1587,52900,RIGHT_ANKLE,0.4380386173725128,0.8899507522583008,-0.11483734101057053,0.9470940232276917,0.9979043006896973
1587,52900,LEFT_HEEL,0.4261710047721863,0.8997775912284851,0.2410145401954651,0.7421600222587585,0.9978557229042053
1587,52900,RIGHT_HEEL,0.41304048895835876,0.9185774326324463,-0.11608044803142548,0.900334894657135,0.9964847564697266
1587,52900,LEFT_FOOT_INDEX,0.5050455331802368,0.9100056886672974,0.13859276473522186,0.735420823097229,0.997576892375946
1587,52900,RIGHT_FOOT_INDEX,0.505797803401947,0.9300431609153748,-0.26021742820739746,0.9265130162239075,0.9955658316612244
1588,52933,NOSE,0.5203808546066284,0.2410774677991867,0.04727289825677872,0.9990857243537903,0.9991264939308167
1588,52933,LEFT_EYE_INNER,0.5085541605949402,0.22709977626800537,0.062368981540203094,0.9990702271461487,0.9987572431564331
1588,52933,LEFT_EYE,0.5049629211425781,0.22643886506557465,0.06233834847807884,0.9988811612129211,0.9987977743148804
1588,52933,LEFT_EYE_OUTER,0.50180584192276,0.22575083374977112,0.06230771541595459,0.9992285966873169,0.9987447261810303
1588,52933,RIGHT_EYE_INNER,0.5150089263916016,0.22707761824131012,0.0012308481382206082,0.9991176724433899,0.9987264275550842
1588,52933,RIGHT_EYE,0.5159528851509094,0.22651104629039764,0.0011533345095813274,0.9990090727806091,0.9986416697502136
1588,52933,RIGHT_EYE_OUTER,0.5167622566223145,0.2259891927242279,0.0009049071231856942,0.999228835105896,0.9986445307731628
1588,52933,LEFT_EAR,0.4876745939254761,0.22977200150489807,0.14712774753570557,0.9976910948753357,0.9988811612129211
1588,52933,RIGHT_EAR,0.502569317817688,0.23076669871807098,-0.11910254508256912,0.9990981221199036,0.9989632368087769
1588,52933,MOUTH_LEFT,0.5110153555870056,0.25208523869514465,0.08768197149038315,0.9986369013786316,0.9995909333229065
1588,52933,MOUTH_RIGHT,0.5152325630187988,0.25197625160217285,0.009120292961597443,0.9988893270492554,0.9996042847633362
1588,52933,LEFT_SHOULDER,0.46968960762023926,0.3147644102573395,0.3217693865299225,0.9991375803947449,0.9996857643127441
1588,52933,RIGHT_SHOULDER,0.4534553587436676,0.31521323323249817,-0.27167728543281555,0.999805212020874,0.9996864795684814
1588,52933,LEFT_ELBOW,0.5089336037635803,0.42703408002853394,0.2604939043521881,0.1639155000448227,0.9989838004112244
1588,52933,RIGHT_ELBOW,0.46700385212898254,0.43920665979385376,-0.3149341642856598,0.9791017174720764,0.9990628361701965
1588,52933,LEFT_WRIST,0.5861889719963074,0.3817833662033081,-0.020748771727085114,0.3257116675376892,0.9997151494026184
1588,52933,RIGHT_WRIST,0.563286542892456,0.37974515557289124,-0.1851782649755478,0.9122982621192932,0.9998130202293396
1588,52933,LEFT_PINKY,0.6076796650886536,0.37239688634872437,-0.05968911200761795,0.3433927595615387,0.9996615648269653
1588,52933,RIGHT_PINKY,0.5893505215644836,0.3677860200405121,-0.207004576921463,0.8764247298240662,0.9997628331184387
1588,52933,LEFT_INDEX,0.6028899550437927,0.3561194837093353,-0.07689350843429565,0.3487469255924225,0.999675989151001
1588,52933,RIGHT_INDEX,0.5871158838272095,0.3485909700393677,-0.2101670503616333,0.8713440299034119,0.9997518658638
1588,52933,LEFT_THUMB,0.5926228761672974,0.35958218574523926,-0.041201647371053696,0.341765433549881,0.9997333884239197
1588,52933,RIGHT_THUMB,0.5771539211273193,0.3526540696620941,-0.17843976616859436,0.8258524537086487,0.999813973903656
1588,52933,LEFT_HIP,0.4670770466327667,0.5362502336502075,0.19061578810214996,0.9964050650596619,0.9989548921585083
1588,52933,RIGHT_HIP,0.45842644572257996,0.5350735187530518,-0.190529927611351,0.9952304363250732,0.9985174536705017
1588,52933,LEFT_KNEE,0.4844092130661011,0.711215615272522,0.17835958302021027,0.48888638615608215,0.9994914531707764
1588,52933,RIGHT_KNEE,0.47900786995887756,0.713590681552887,-0.17538204789161682,0.9410334825515747,0.9995539784431458
1588,52933,LEFT_ANKLE,0.4533790051937103,0.8742754459381104,0.2313353419303894,0.6884320378303528,0.9991782307624817
1588,52933,RIGHT_ANKLE,0.4386330842971802,0.8918212056159973,-0.11492307484149933,0.946179211139679,0.9985163807868958
1588,52933,LEFT_HEEL,0.42835772037506104,0.902681827545166,0.2263859510421753,0.7373957633972168,0.9984756112098694
1588,52933,RIGHT_HEEL,0.4137309789657593,0.9198106527328491,-0.11632956564426422,0.8952725529670715,0.9974276423454285
1588,52933,LEFT_FOOT_INDEX,0.5077931880950928,0.9102618098258972,0.12508340179920197,0.7408871054649353,0.998075008392334
1588,52933,RIGHT_FOOT_INDEX,0.5075403451919556,0.9302491545677185,-0.2570882737636566,0.927423357963562,0.9962916374206543
1589,52967,NOSE,0.5172573328018188,0.2402207851409912,-0.027104748412966728,0.9990079998970032,0.9987578392028809
1589,52967,LEFT_EYE_INNER,0.5066128969192505,0.22608932852745056,-0.010015212930738926,0.9989529848098755,0.9986594915390015
1589,52967,LEFT_EYE,0.5040169358253479,0.2255932241678238,-0.010105312801897526,0.9987773299217224,0.9987671375274658
1589,52967,LEFT_EYE_OUTER,0.5012925267219543,0.2250768095254898,-0.010172843933105469,0.9991396069526672,0.9987812638282776
1589,52967,RIGHT_EYE_INNER,0.5112231969833374,0.22568508982658386,-0.06674250960350037,0.998997688293457,0.998350977897644
1589,52967,RIGHT_EYE,0.5118282437324524,0.2250024527311325,-0.06680357456207275,0.9988899827003479,0.998196542263031
1589,52967,RIGHT_EYE_OUTER,0.5117647647857666,0.22447073459625244,-0.06706252694129944,0.9991055727005005,0.9982010126113892
1589,52967,LEFT_EAR,0.48598426580429077,0.22959433495998383,0.09829247742891312,0.9976138472557068,0.9989408850669861
1589,52967,RIGHT_EAR,0.5008886456489563,0.2299090474843979,-0.15310460329055786,0.9989734888076782,0.9984873533248901
1589,52967,MOUTH_LEFT,0.5106902718544006,0.25156792998313904,0.020334139466285706,0.9986376166343689,0.9994716048240662
1589,52967,MOUTH_RIGHT,0.511570155620575,0.25119441747665405,-0.05288105830550194,0.9988968372344971,0.9993889331817627
1589,52967,LEFT_SHOULDER,0.48019567131996155,0.3141408860683441,0.26419228315353394,0.9990681409835815,0.9996058344841003
1589,52967,RIGHT_SHOULDER,0.4429910182952881,0.3148779571056366,-0.2813553810119629,0.9997975826263428,0.9994838237762451
1589,52967,LEFT_ELBOW,0.5074496269226074,0.4266801178455353,0.2336091548204422,0.17504718899726868,0.9990478157997131
1589,52967,RIGHT_ELBOW,0.44994330406188965,0.43819811940193176,-0.3915538787841797,0.9805571436882019,0.9990372657775879
1589,52967,LEFT_WRIST,0.5841315388679504,0.3725402057170868,-0.02211778424680233,0.3624943196773529,0.9997425675392151
1589,52967,RIGHT_WRIST,0.5576509237289429,0.3755727708339691,-0.3831586241722107,0.9205212593078613,0.9998842477798462
1589,52967,LEFT_PINKY,0.6069774627685547,0.3621748685836792,-0.05968835577368736,0.3771148920059204,0.9997156262397766
1589,52967,RIGHT_PINKY,0.584902822971344,0.36160463094711304,-0.42400529980659485,0.8876645565032959,0.9998621940612793
1589,52967,LEFT_INDEX,0.6022512912750244,0.34643587470054626,-0.07736635208129883,0.3821563124656677,0.9997188448905945
1589,52967,RIGHT_INDEX,0.5825453996658325,0.3442723751068115,-0.42108407616615295,0.8828782439231873,0.9998594522476196
1589,52967,LEFT_THUMB,0.5910407900810242,0.3500511348247528,-0.04123302176594734,0.3727653920650482,0.9997696280479431
1589,52967,RIGHT_THUMB,0.5708889961242676,0.3477715253829956,-0.37831395864486694,0.8405449986457825,0.9998927116394043
1589,52967,LEFT_HIP,0.47652339935302734,0.5376680493354797,0.1731235533952713,0.9965665936470032,0.9993669390678406
1589,52967,RIGHT_HIP,0.439444899559021,0.5353929996490479,-0.17290186882019043,0.9953677654266357,0.998680055141449
1589,52967,LEFT_KNEE,0.5644296407699585,0.679470419883728,0.0035792430862784386,0.5257875919342041,0.9995803236961365
1589,52967,RIGHT_KNEE,0.46737614274024963,0.7134525179862976,-0.2117820531129837,0.9439170360565186,0.999481737613678
1589,52967,LEFT_ANKLE,0.49309003353118896,0.8638144135475159,0.1001257374882698,0.7065953016281128,0.9998109936714172
1589,52967,RIGHT_ANKLE,0.4367515444755554,0.8918196558952332,-0.1254221796989441,0.9479705691337585,0.9987757802009583
1589,52967,LEFT_HEEL,0.46558913588523865,0.8835408091545105,0.10071305185556412,0.7503126263618469,0.999669075012207
1589,52967,RIGHT_HEEL,0.41391870379447937,0.9196895956993103,-0.1266249269247055,0.8932844400405884,0.9980316758155823
1589,52967,LEFT_FOOT_INDEX,0.5338634848594666,0.9074170589447021,-0.03067510575056076,0.7587745189666748,0.9992344379425049
1589,52967,RIGHT_FOOT_INDEX,0.5077179670333862,0.9305317997932434,-0.31395286321640015,0.9309892058372498,0.9971201419830322
1590,53000,NOSE,0.515924870967865,0.23987776041030884,-0.00890253484249115,0.9989609122276306,0.9989424347877502
1590,53000,LEFT_EYE_INNER,0.5056158900260925,0.22540409862995148,0.009588776156306267,0.9988870024681091,0.9987786412239075
1590,53000,LEFT_EYE,0.5028390884399414,0.22499880194664001,0.009508376941084862,0.9987213611602783,0.9988352656364441
1590,53000,LEFT_EYE_OUTER,0.5000680685043335,0.22457289695739746,0.009448041208088398,0.9990873336791992,0.9988114833831787
1590,53000,RIGHT_EYE_INNER,0.5110936760902405,0.22475196421146393,-0.047413308173418045,0.9989264607429504,0.9986060261726379
1590,53000,RIGHT_EYE,0.5111328363418579,0.2240295708179474,-0.04747357964515686,0.9988188743591309,0.9984970092773438
1590,53000,RIGHT_EYE_OUTER,0.5107775330543518,0.22343339025974274,-0.0477202944457531,0.9990348815917969,0.9985067248344421
1590,53000,LEFT_EAR,0.48585832118988037,0.2293587028980255,0.11811765283346176,0.9975947737693787,0.9989259839057922
1590,53000,RIGHT_EAR,0.5005759596824646,0.22937756776809692,-0.1349368542432785,0.9989148378372192,0.998810887336731
1590,53000,MOUTH_LEFT,0.5086036920547485,0.251477986574173,0.03973671421408653,0.9986646771430969,0.9995400905609131
1590,53000,MOUTH_RIGHT,0.5113071799278259,0.25094491243362427,-0.03324682265520096,0.9989218711853027,0.9995200634002686
1590,53000,LEFT_SHOULDER,0.4902057945728302,0.31371575593948364,0.27823829650878906,0.9990449547767639,0.9995543360710144
1590,53000,RIGHT_SHOULDER,0.43985626101493835,0.3147343695163727,-0.26628485321998596,0.9997979998588562,0.9996205568313599
1590,53000,LEFT_ELBOW,0.515002429485321,0.42009034752845764,0.22281835973262787,0.18722738325595856,0.9988170862197876
1590,53000,RIGHT_ELBOW,0.44619444012641907,0.4375385344028473,-0.338384747505188,0.9819550514221191,0.9992349147796631
1590,53000,LEFT_WRIST,0.5835697650909424,0.3701306879520416,-0.0874394029378891,0.394896537065506,0.9996592998504639
1590,53000,RIGHT_WRIST,0.5544882416725159,0.374597430229187,-0.24866919219493866,0.9279680848121643,0.999896764755249
1590,53000,LEFT_PINKY,0.6071339249610901,0.35673174262046814,-0.13815191388130188,0.406682550907135,0.9996424913406372
1590,53000,RIGHT_PINKY,0.582219123840332,0.3600741922855377,-0.2771722674369812,0.8978111147880554,0.999862790107727
1590,53000,LEFT_INDEX,0.6019707322120667,0.3417842984199524,-0.15126881003379822,0.41136956214904785,0.9996486902236938
1590,53000,RIGHT_INDEX,0.5791153907775879,0.34359803795814514,-0.2784166634082794,0.8933002948760986,0.9998610019683838
1590,53000,LEFT_THUMB,0.5903518199920654,0.3450407087802887,-0.10707557946443558,0.4003204107284546,0.9997050166130066
1590,53000,RIGHT_THUMB,0.5673747062683105,0.3464055061340332,-0.24281176924705505,0.8539474606513977,0.9998972415924072
1590,53000,LEFT_HIP,0.4810378849506378,0.5373591780662537,0.1653890758752823,0.9967146515846252,0.9991363883018494
1590,53000,RIGHT_HIP,0.4354248344898224,0.5353075265884399,-0.16511636972427368,0.9955159425735474,0.9985207915306091
1590,53000,LEFT_KNEE,0.5754271149635315,0.6702099442481995,-0.03259878233075142,0.5551652908325195,0.9993677735328674
1590,53000,RIGHT_KNEE,0.46485668420791626,0.7134702205657959,-0.222819983959198,0.9448490738868713,0.9993826150894165
1590,53000,LEFT_ANKLE,0.4961963891983032,0.8540977239608765,0.07453401386737823,0.7170187830924988,0.9996901750564575
1590,53000,RIGHT_ANKLE,0.43592381477355957,0.8912128806114197,-0.13585533201694489,0.9474437236785889,0.9981683492660522
1590,53000,LEFT_HEEL,0.4594111740589142,0.878091037273407,0.07659249007701874,0.7575316429138184,0.9994919300079346
1590,53000,RIGHT_HEEL,0.41397494077682495,0.9191473126411438,-0.13673612475395203,0.8879799246788025,0.9971421360969543
1590,53000,LEFT_FOOT_INDEX,0.5369172692298889,0.905678391456604,-0.053449906408786774,0.7709044218063354,0.9989520311355591
1590,53000,RIGHT_FOOT_INDEX,0.5064342021942139,0.9306578636169434,-0.32626959681510925,0.9322240948677063,0.995827853679657
1591,53033,NOSE,0.5118007659912109,0.24013368785381317,-0.031108597293496132,0.9989970326423645,0.9989727735519409
1591,53033,LEFT_EYE_INNER,0.5053296089172363,0.22566448152065277,-0.011858762241899967,0.9989253878593445,0.9989423155784607
1591,53033,LEFT_EYE,0.502297580242157,0.22510889172554016,-0.011950675398111343,0.9987815618515015,0.9990530610084534
1591,53033,LEFT_EYE_OUTER,0.4991621971130371,0.2245737761259079,-0.012041162699460983,0.99912428855896,0.9990760087966919
1591,53033,RIGHT_EYE_INNER,0.5088921785354614,0.22537139058113098,-0.06493224948644638,0.9989423155784607,0.9985319375991821
1591,53033,RIGHT_EYE,0.5087389945983887,0.2246600240468979,-0.06499771028757095,0.998832106590271,0.9983332753181458
1591,53033,RIGHT_EYE_OUTER,0.5084472894668579,0.2240496724843979,-0.06520523130893707,0.9990236759185791,0.9982150793075562
1591,53033,LEFT_EAR,0.4860144555568695,0.2290254682302475,0.11241556704044342,0.9977602362632751,0.999206006526947
1591,53033,RIGHT_EAR,0.495531290769577,0.22937463223934174,-0.12714950740337372,0.9989125728607178,0.9984527826309204
1591,53033,MOUTH_LEFT,0.5067495703697205,0.2513415515422821,0.023223400115966797,0.998745858669281,0.9994136095046997
1591,53033,MOUTH_RIGHT,0.5072726607322693,0.2510334551334381,-0.04412904009222984,0.9989789128303528,0.9992389678955078
1591,53033,LEFT_SHOULDER,0.49276697635650635,0.31259316205978394,0.27839529514312744,0.9990702271461487,0.9992913007736206
1591,53033,RIGHT_SHOULDER,0.43768173456192017,0.3145783841609955,-0.23328286409378052,0.9997929334640503,0.999057948589325
1591,53033,LEFT_ELBOW,0.5206429362297058,0.41000431776046753,0.1912442445755005,0.2262520045042038,0.9985021352767944
1591,53033,RIGHT_ELBOW,0.45232880115509033,0.43302738666534424,-0.23436550796031952,0.9827606678009033,0.9981744289398193
1591,53033,LEFT_WRIST,0.5822852253913879,0.3564904034137726,-0.12904512882232666,0.4353196322917938,0.9996988773345947
1591,53033,RIGHT_WRIST,0.5529347062110901,0.36555156111717224,-0.041624899953603745,0.933980405330658,0.999596893787384
1591,53033,LEFT_PINKY,0.6056086421012878,0.3441547751426697,-0.18247835338115692,0.44181498885154724,0.999639630317688
1591,53033,RIGHT_PINKY,0.5788513422012329,0.3517375588417053,-0.05217506363987923,0.9054587483406067,0.9994468092918396
1591,53033,LEFT_INDEX,0.6007872223854065,0.328957200050354,-0.1884317845106125,0.44561028480529785,0.9996432065963745
1591,53033,RIGHT_INDEX,0.5756421089172363,0.33388516306877136,-0.05944378301501274,0.9009642004966736,0.9994485974311829
1591,53033,LEFT_THUMB,0.5897724628448486,0.3310315012931824,-0.1453336775302887,0.43339553475379944,0.9997187256813049
1591,53033,RIGHT_THUMB,0.5647435784339905,0.33630385994911194,-0.03555401414632797,0.863434374332428,0.9995712637901306
1591,53033,LEFT_HIP,0.4793972969055176,0.5371671319007874,0.15828639268875122,0.9968433380126953,0.9987325072288513
1591,53033,RIGHT_HIP,0.43208634853363037,0.5354871153831482,-0.15790463984012604,0.9956395030021667,0.997408926486969
1591,53033,LEFT_KNEE,0.617434561252594,0.6248747110366821,-0.10106668621301651,0.5931112170219421,0.9987276196479797
1591,53033,RIGHT_KNEE,0.45989108085632324,0.7143521904945374,-0.21327826380729675,0.9470704197883606,0.9981681108474731
1591,53033,LEFT_ANKLE,0.5441439747810364,0.7908256649971008,0.04697001352906227,0.732572615146637,0.9993066787719727
1591,53033,RIGHT_ANKLE,0.43618592619895935,0.8907936811447144,-0.08623850345611572,0.9492775201797485,0.9934256076812744
1591,53033,LEFT_HEEL,0.5132249593734741,0.8112375736236572,0.05486733466386795,0.7677792310714722,0.9990880489349365
1591,53033,RIGHT_HEEL,0.4139268100261688,0.9187679886817932,-0.08484026789665222,0.8876093626022339,0.9901346564292908
1591,53033,LEFT_FOOT_INDEX,0.586199939250946,0.8435496687889099,-0.059116147458553314,0.7847268581390381,0.9979604482650757
1591,53033,RIGHT_FOOT_INDEX,0.5068400502204895,0.930387020111084,-0.3175159692764282,0.9346086382865906,0.9854507446289062
1592,53067,NOSE,0.5106494426727295,0.23991282284259796,-0.0325959287583828,0.999039888381958,0.9988686442375183
1592,53067,LEFT_EYE_INNER,0.5047419667243958,0.2255784273147583,-0.012888169847428799,0.9989745616912842,0.998846173286438
1592,53067,LEFT_EYE,0.5016649961471558,0.2249775230884552,-0.0129794767126441,0.9988495707511902,0.998967170715332
1592,53067,LEFT_EYE_OUTER,0.49878519773483276,0.22440625727176666,-0.013073626905679703,0.9991679787635803,0.9989938139915466
1592,53067,RIGHT_EYE_INNER,0.5076401829719543,0.22534185647964478,-0.06519438326358795,0.9989752173423767,0.9984140396118164
1592,53067,RIGHT_EYE,0.5070730447769165,0.2246084064245224,-0.06526327133178711,0.9988648295402527,0.998217761516571
1592,53067,RIGHT_EYE_OUTER,0.5065433979034424,0.22397592663764954,-0.06546901911497116,0.9990350008010864,0.9981081485748291
1592,53067,LEFT_EAR,0.48630160093307495,0.2288609892129898,0.11329564452171326,0.9979261755943298,0.9991594552993774
1592,53067,RIGHT_EAR,0.49159854650497437,0.22922739386558533,-0.12424083799123764,0.9989396929740906,0.9984824061393738
1592,53067,MOUTH_LEFT,0.5064012408256531,0.2511562705039978,0.022112874314188957,0.9988300800323486,0.9993749260902405
1592,53067,MOUTH_RIGHT,0.5056166648864746,0.25089457631111145,-0.04396778345108032,0.9990425705909729,0.9992212057113647
1592,53067,LEFT_SHOULDER,0.49584075808525085,0.3121625483036041,0.2789265215396881,0.9990858435630798,0.9991382360458374
1592,53067,RIGHT_SHOULDER,0.4341503381729126,0.31446412205696106,-0.22072948515415192,0.9997906684875488,0.9990442395210266
1592,53067,LEFT_ELBOW,0.5282815098762512,0.40541550517082214,0.17772860825061798,0.2595694661140442,0.9978602528572083
1592,53067,RIGHT_ELBOW,0.45504364371299744,0.43145015835762024,-0.21316614747047424,0.9833896160125732,0.9978019595146179
1592,53067,LEFT_WRIST,0.58165442943573,0.35447800159454346,-0.14964357018470764,0.46918514370918274,0.9995874762535095
1592,53067,RIGHT_WRIST,0.5515798330307007,0.36322078108787537,-0.013266010209918022,0.9392756223678589,0.999543309211731
1592,53067,LEFT_PINKY,0.6046527624130249,0.34213322401046753,-0.20527370274066925,0.4706765115261078,0.9995361566543579
1592,53067,RIGHT_PINKY,0.5774059295654297,0.34947240352630615,-0.02227172814309597,0.9120907783508301,0.9993807077407837
1592,53067,LEFT_INDEX,0.6000255346298218,0.3259909749031067,-0.2086416780948639,0.473498672246933,0.9995436072349548
1592,53067,RIGHT_INDEX,0.5738167762756348,0.3305061459541321,-0.0282116886228323,0.9075475931167603,0.9993871450424194
1592,53067,LEFT_THUMB,0.5894799828529358,0.3280414044857025,-0.16522102057933807,0.46028974652290344,0.9996383190155029
1592,53067,RIGHT_THUMB,0.5626999139785767,0.3334447741508484,-0.006405985448509455,0.8714458346366882,0.9995236396789551
1592,53067,LEFT_HIP,0.4806627035140991,0.5370080471038818,0.15523310005664825,0.9969520568847656,0.998410701751709
1592,53067,RIGHT_HIP,0.4302944839000702,0.5354064702987671,-0.15482792258262634,0.9957653880119324,0.9970723390579224
1592,53067,LEFT_KNEE,0.6200387477874756,0.6189836263656616,-0.10612474381923676,0.6281096339225769,0.9984283447265625
1592,53067,RIGHT_KNEE,0.45854923129081726,0.7154462337493896,-0.20747560262680054,0.9496172666549683,0.9981493949890137
1592,53067,LEFT_ANKLE,0.5490661263465881,0.7823361158370972,0.04554681107401848,0.7481210231781006,0.999234676361084
1592,53067,RIGHT_ANKLE,0.43633395433425903,0.8906152248382568,-0.0752696618437767,0.9513840675354004,0.9930423498153687
1592,53067,LEFT_HEEL,0.5250653028488159,0.7977725863456726,0.05388426408171654,0.7789048552513123,0.9990062117576599
1592,53067,RIGHT_HEEL,0.4139155149459839,0.9188053011894226,-0.07382737845182419,0.8881968259811401,0.9892958998680115
1592,53067,LEFT_FOOT_INDEX,0.5959511399269104,0.8358494639396667,-0.05936060845851898,0.7981113195419312,0.9976892471313477
1592,53067,RIGHT_FOOT_INDEX,0.5071914792060852,0.9302771091461182,-0.3091050386428833,0.9371562004089355,0.9833715558052063
1593,53100,NOSE,0.5105868577957153,0.24010629951953888,-0.023786015808582306,0.9991253018379211,0.9997960925102234
1593,53100,LEFT_EYE_INNER,0.5042650699615479,0.22557561099529266,-0.0043951827101409435,0.9990668296813965,0.9997573494911194
1593,53100,LEFT_EYE,0.5013687014579773,0.22491435706615448,-0.004473952576518059,0.9989557266235352,0.9997851252555847
1593,53100,LEFT_EYE_OUTER,0.49884122610092163,0.22430023550987244,-0.0045557753182947636,0.9992433786392212,0.999790608882904
1593,53100,RIGHT_EYE_INNER,0.5073418021202087,0.2253870964050293,-0.05687355995178223,0.9990623593330383,0.9996441602706909
1593,53100,RIGHT_EYE,0.5064319372177124,0.22461499273777008,-0.05695399269461632,0.9989602565765381,0.9995848536491394
1593,53100,RIGHT_EYE_OUTER,0.5056188106536865,0.22395074367523193,-0.057152874767780304,0.9991123676300049,0.9995323419570923
1593,53100,LEFT_EAR,0.4866655170917511,0.2286619246006012,0.11790934950113297,0.9981211423873901,0.9998231530189514
1593,53100,RIGHT_EAR,0.48852255940437317,0.22911594808101654,-0.11980084329843521,0.9990254044532776,0.9996042847633362
1593,53100,MOUTH_LEFT,0.5057217478752136,0.2509680390357971,0.0290449857711792,0.9989370107650757,0.999855637550354
1593,53100,MOUTH_RIGHT,0.5052477121353149,0.25071823596954346,-0.03759677708148956,0.9991267323493958,0.999792754650116
1593,53100,LEFT_SHOULDER,0.4985657334327698,0.309505820274353,0.2807910144329071,0.9991211295127869,0.9997169375419617
1593,53100,RIGHT_SHOULDER,0.43167373538017273,0.3143573999404907,-0.21965308487415314,0.9998007416725159,0.9995062351226807
1593,53100,LEFT_ELBOW,0.5285326242446899,0.40079671144485474,0.1567230373620987,0.2828468680381775,0.9994102716445923
1593,53100,RIGHT_ELBOW,0.45252594351768494,0.4293653666973114,-0.21104218065738678,0.9840037822723389,0.9988794922828674
1593,53100,LEFT_WRIST,0.5812857747077942,0.34980645775794983,-0.1812596619129181,0.5010578036308289,0.9999080896377563
1593,53100,RIGHT_WRIST,0.5467067956924438,0.35855239629745483,0.01403884869068861,0.9439913034439087,0.9998395442962646
1593,53100,LEFT_PINKY,0.6039700508117676,0.3354758322238922,-0.2351887971162796,0.49933257699012756,0.9998846054077148
1593,53100,RIGHT_PINKY,0.5692424774169922,0.3434107303619385,0.010466606356203556,0.9180876612663269,0.9997887015342712
1593,53100,LEFT_INDEX,0.5998082160949707,0.3188575208187103,-0.23877573013305664,0.5013502836227417,0.9998865127563477
1593,53100,RIGHT_INDEX,0.5684450268745422,0.3220941126346588,0.005659604910761118,0.9134420156478882,0.9997910857200623
1593,53100,LEFT_THUMB,0.5890932679176331,0.3224348723888397,-0.19681063294410706,0.4875030219554901,0.9999129772186279
1593,53100,RIGHT_THUMB,0.5588931441307068,0.32564815878868103,0.022373994812369347,0.8786276578903198,0.9998335838317871
1593,53100,LEFT_HIP,0.4820779860019684,0.5346719026565552,0.1549513190984726,0.9971963167190552,0.9997135996818542
1593,53100,RIGHT_HIP,0.4300442934036255,0.538653552532196,-0.1545811891555786,0.9961044788360596,0.9992331266403198
1593,53100,LEFT_KNEE,0.6418429613113403,0.5744462609291077,-0.15734440088272095,0.662446916103363,0.9997758269309998
1593,53100,RIGHT_KNEE,0.4540221691131592,0.7153792977333069,-0.185604065656662,0.9537128210067749,0.9994956254959106
1593,53100,LEFT_ANKLE,0.6183986067771912,0.7473844289779663,-0.0635991171002388,0.7692342400550842,0.9998635053634644
1593,53100,RIGHT_ANKLE,0.43651071190834045,0.8908199071884155,-0.07628429681062698,0.9553327560424805,0.9980073571205139
1593,53100,LEFT_HEEL,0.595760703086853,0.7781996726989746,-0.060680340975522995,0.7967579364776611,0.9998072981834412
1593,53100,RIGHT_HEEL,0.41402244567871094,0.9186414480209351,-0.07597267627716064,0.8942776322364807,0.9968312382698059
1593,53100,LEFT_FOOT_INDEX,0.6795567870140076,0.7967929244041443,-0.17785686254501343,0.8155068159103394,0.9993851184844971
1593,53100,RIGHT_FOOT_INDEX,0.5127921104431152,0.9301815629005432,-0.29031479358673096,0.942007303237915,0.9944257736206055
1594,53133,NOSE,0.5100938081741333,0.24131162464618683,-0.03673563897609711,0.9992093443870544,0.9999527931213379
1594,53133,LEFT_EYE_INNER,0.5040616989135742,0.22651250660419464,-0.018294502049684525,0.9991565942764282,0.9999409914016724
1594,53133,LEFT_EYE,0.5011657476425171,0.2256176620721817,-0.018363259732723236,0.9990569949150085,0.9999490976333618
1594,53133,LEFT_EYE_OUTER,0.4987581968307495,0.22483569383621216,-0.018438473343849182,0.9993162751197815,0.9999523162841797
1594,53133,RIGHT_EYE_INNER,0.5066117644309998,0.2267102301120758,-0.06991501152515411,0.9991506934165955,0.9999035596847534
1594,53133,RIGHT_EYE,0.5056272745132446,0.22594977915287018,-0.06998171657323837,0.9990573525428772,0.9998819828033447
1594,53133,RIGHT_EYE_OUTER,0.5048069953918457,0.22549116611480713,-0.07011967152357101,0.9991936087608337,0.9998594522476196
1594,53133,LEFT_EAR,0.4864489734172821,0.22861769795417786,0.10324613004922867,0.998304545879364,0.9999624490737915
1594,53133,RIGHT_EAR,0.48624682426452637,0.229538694024086,-0.12507838010787964,0.9991143941879272,0.999871015548706
1594,53133,MOUTH_LEFT,0.5055079460144043,0.25093457102775574,0.014857131987810135,0.9990402460098267,0.999966025352478
1594,53133,MOUTH_RIGHT,0.5051657557487488,0.25086110830307007,-0.05119778960943222,0.9992098212242126,0.9999421834945679
1594,53133,LEFT_SHOULDER,0.49881476163864136,0.30693772435188293,0.2539001703262329,0.9991925358772278,0.9999446868896484
1594,53133,RIGHT_SHOULDER,0.42938917875289917,0.3143175542354584,-0.22489584982395172,0.9998154640197754,0.9997518658638
1594,53133,LEFT_ELBOW,0.5398407578468323,0.3864917457103729,0.12912751734256744,0.3282419443130493,0.9998632669448853
1594,53133,RIGHT_ELBOW,0.45421087741851807,0.4202735126018524,-0.21393842995166779,0.984735369682312,0.9993958473205566
1594,53133,LEFT_WRIST,0.582106351852417,0.3421567380428314,-0.21038271486759186,0.5419151186943054,0.9999809265136719
1594,53133,RIGHT_WRIST,0.5424215793609619,0.35354679822921753,0.007830075919628143,0.9484365582466125,0.9998902082443237
1594,53133,LEFT_PINKY,0.603511393070221,0.326724648475647,-0.26629191637039185,0.5372467041015625,0.9999696016311646
1594,53133,RIGHT_PINKY,0.5633198022842407,0.3362833857536316,-0.000294893397949636,0.9238101243972778,0.9998562335968018
1594,53133,LEFT_INDEX,0.5978291630744934,0.3111923336982727,-0.27399253845214844,0.5388180613517761,0.999970555305481
1594,53133,RIGHT_INDEX,0.563377320766449,0.3149125277996063,-0.006228811107575893,0.919157862663269,0.999854326248169
1594,53133,LEFT_THUMB,0.5875434875488281,0.315559059381485,-0.2267157882452011,0.5252789258956909,0.9999792575836182
1594,53133,RIGHT_THUMB,0.55077064037323,0.3223530352115631,0.014999428763985634,0.8857905268669128,0.9998825788497925
1594,53133,LEFT_HIP,0.4827963411808014,0.5288898348808289,0.15492767095565796,0.9974423050880432,0.9998894929885864
1594,53133,RIGHT_HIP,0.4328363835811615,0.5386340022087097,-0.15461094677448273,0.9964562654495239,0.9996278285980225
1594,53133,LEFT_KNEE,0.6442880034446716,0.542466402053833,-0.10097933560609818,0.693513035774231,0.9999186992645264
1594,53133,RIGHT_KNEE,0.4508827328681946,0.7152836322784424,-0.17822802066802979,0.9578627943992615,0.9997738003730774
1594,53133,LEFT_ANKLE,0.6518678069114685,0.7143875360488892,0.020261144265532494,0.7889289259910583,0.9999411106109619
1594,53133,RIGHT_ANKLE,0.4364256262779236,0.8907558917999268,-0.07877644151449203,0.9594595432281494,0.999041736125946
1594,53133,LEFT_HEEL,0.6284154653549194,0.7485835552215576,0.02606266736984253,0.8134391903877258,0.9999150037765503
1594,53133,RIGHT_HEEL,0.41405144333839417,0.9185078740119934,-0.0786719024181366,0.9020176529884338,0.9983434677124023
1594,53133,LEFT_FOOT_INDEX,0.7167046666145325,0.7589713931083679,-0.07938824594020844,0.8316510319709778,0.9997177720069885
1594,53133,RIGHT_FOOT_INDEX,0.5125641226768494,0.9293352961540222,-0.27868470549583435,0.9470925331115723,0.9968595504760742
1595,53167,NOSE,0.5097360610961914,0.24161578714847565,-0.04620470106601715,0.9992856383323669,0.9999527931213379
1595,53167,LEFT_EYE_INNER,0.5037807822227478,0.2267410308122635,-0.02768888883292675,0.9992380738258362,0.9999396800994873
1595,53167,LEFT_EYE,0.5008742213249207,0.2257763296365738,-0.027757879346609116,0.9991489052772522,0.9999485015869141
1595,53167,LEFT_EYE_OUTER,0.49853235483169556,0.2249324768781662,-0.027826933190226555,0.999382495880127,0.9999517202377319
1595,53167,RIGHT_EYE_INNER,0.5059757828712463,0.2271062582731247,-0.07974092662334442,0.9992311596870422,0.9998971223831177
1595,53167,RIGHT_EYE,0.504852294921875,0.22636771202087402,-0.079806387424469,0.9991461038589478,0.9998717308044434
1595,53167,RIGHT_EYE_OUTER,0.503889799118042,0.22586308419704437,-0.07994113862514496,0.9992678761482239,0.999846339225769
1595,53167,LEFT_EAR,0.48620185256004333,0.22849519550800323,0.0973980575799942,0.9984707236289978,0.9999616146087646
1595,53167,RIGHT_EAR,0.4867977797985077,0.22956864535808563,-0.13108402490615845,0.9991956353187561,0.9998520612716675
1595,53167,MOUTH_LEFT,0.5054218769073486,0.2508842647075653,0.007138473447412252,0.9991337060928345,0.9999648332595825
1595,53167,MOUTH_RIGHT,0.5046656131744385,0.25083446502685547,-0.059714533388614655,0.9992852807044983,0.9999372959136963
1595,53167,LEFT_SHOULDER,0.4998410642147064,0.30478107929229736,0.2571042478084564,0.9992584586143494,0.999950647354126
1595,53167,RIGHT_SHOULDER,0.4282916784286499,0.31418630480766296,-0.22761960327625275,0.9998289346694946,0.999767005443573
1595,53167,LEFT_ELBOW,0.5396555662155151,0.38767296075820923,0.14737074077129364,0.37022852897644043,0.9998732805252075
1595,53167,RIGHT_ELBOW,0.4513430595397949,0.4165114760398865,-0.22093331813812256,0.9853673577308655,0.9994339346885681
1595,53167,LEFT_WRIST,0.5833665132522583,0.3413209319114685,-0.17808490991592407,0.5809604525566101,0.9999843835830688
1595,53167,RIGHT_WRIST,0.5404284596443176,0.3518908619880676,-0.008705723099410534,0.9526330828666687,0.9999172687530518
1595,53167,LEFT_PINKY,0.6031894683837891,0.3273458480834961,-0.22958222031593323,0.5742629766464233,0.9999747276306152
1595,53167,RIGHT_PINKY,0.5605366230010986,0.33677026629447937,-0.015868838876485825,0.9293966293334961,0.9998917579650879
1595,53167,LEFT_INDEX,0.5975018739700317,0.31105828285217285,-0.23892854154109955,0.5754541158676147,0.9999758005142212
1595,53167,RIGHT_INDEX,0.5604240298271179,0.31478190422058105,-0.013097858987748623,0.9247912764549255,0.9998912811279297
1595,53167,LEFT_THUMB,0.5874338150024414,0.3150624930858612,-0.194511279463768,0.5619279146194458,0.9999834299087524
1595,53167,RIGHT_THUMB,0.5489004254341125,0.31981369853019714,0.0016994010657072067,0.8929637670516968,0.9999138116836548
1595,53167,LEFT_HIP,0.48344746232032776,0.5259628891944885,0.15615202486515045,0.9976586699485779,0.9998478889465332
1595,53167,RIGHT_HIP,0.4319925606250763,0.5389902591705322,-0.15586026012897491,0.9967660903930664,0.9995132684707642
1595,53167,LEFT_KNEE,0.6480638980865479,0.5360689163208008,-0.08503330498933792,0.7224372625350952,0.9999114274978638
1595,53167,RIGHT_KNEE,0.44926849007606506,0.7152482271194458,-0.17657944560050964,0.9617345333099365,0.9997544884681702
1595,53167,LEFT_ANKLE,0.6514275074005127,0.7096078395843506,0.023564303293824196,0.8076390027999878,0.999947190284729
1595,53167,RIGHT_ANKLE,0.43634524941444397,0.8906757235527039,-0.09153534471988678,0.9632642865180969,0.9990482926368713
1595,53167,LEFT_HEEL,0.6287883520126343,0.7431098818778992,0.02819833531975746,0.8293092846870422,0.9999220371246338
1595,53167,RIGHT_HEEL,0.4142444133758545,0.9192031621932983,-0.09469619393348694,0.9097965359687805,0.9983000159263611
1595,53167,LEFT_FOOT_INDEX,0.7178750038146973,0.7505664825439453,-0.07737572491168976,0.8467865586280823,0.9997259974479675
1595,53167,RIGHT_FOOT_INDEX,0.5127935409545898,0.9292146563529968,-0.2963627874851227,0.9518648386001587,0.9967051148414612
1596,53200,NOSE,0.5096507668495178,0.24223409593105316,-0.0904012992978096,0.9993540048599243,0.9999464750289917
1596,53200,LEFT_EYE_INNER,0.5040985941886902,0.2272776961326599,-0.07339328527450562,0.9993107914924622,0.9999295473098755
1596,53200,LEFT_EYE,0.501863956451416,0.2261662632226944,-0.07348589599132538,0.9992310404777527,0.9999368190765381
1596,53200,LEFT_EYE_OUTER,0.5002608895301819,0.22520487010478973,-0.07358266413211823,0.999441385269165,0.999937891960144
1596,53200,RIGHT_EYE_INNER,0.5057763457298279,0.22780875861644745,-0.12081331759691238,0.9993030428886414,0.9998958110809326
1596,53200,RIGHT_EYE,0.5042058825492859,0.22704319655895233,-0.12088976800441742,0.9992252588272095,0.9998760223388672
1596,53200,RIGHT_EYE_OUTER,0.5026805400848389,0.22647559642791748,-0.12103486061096191,0.9993340373039246,0.9998568296432495
1596,53200,LEFT_EAR,0.48893454670906067,0.22849100828170776,0.06099514290690422,0.9986198544502258,0.9999504089355469
1596,53200,RIGHT_EAR,0.4868440330028534,0.22973956167697906,-0.14823441207408905,0.9992691874504089,0.9998723268508911
1596,53200,MOUTH_LEFT,0.5054604411125183,0.25115856528282166,-0.03246926888823509,0.9992178082466125,0.9999614953994751
1596,53200,MOUTH_RIGHT,0.5047588348388672,0.2509952485561371,-0.0938781127333641,0.9993529319763184,0.9999397993087769
1596,53200,LEFT_SHOULDER,0.5040410161018372,0.30184414982795715,0.23505763709545135,0.9993161559104919,0.9999209642410278
1596,53200,RIGHT_SHOULDER,0.4257093667984009,0.31373876333236694,-0.22618743777275085,0.9998431205749512,0.9998301267623901
1596,53200,LEFT_ELBOW,0.5463498830795288,0.3853253424167633,0.14085771143436432,0.39999598264694214,0.9997610449790955
1596,53200,RIGHT_ELBOW,0.45265769958496094,0.41458120942115784,-0.2676132023334503,0.9851164221763611,0.9992882609367371
1596,53200,LEFT_WRIST,0.583115816116333,0.3360457122325897,-0.157271608710289,0.6079958081245422,0.9999618530273438
1596,53200,RIGHT_WRIST,0.5398416519165039,0.3448428511619568,-0.1908811777830124,0.9553934931755066,0.9998908042907715
1596,53200,LEFT_PINKY,0.6026099920272827,0.3189365267753601,-0.2040189653635025,0.5983996391296387,0.999946117401123
1596,53200,RIGHT_PINKY,0.5601603984832764,0.32667937874794006,-0.21279828250408173,0.9328392148017883,0.9998675584793091
1596,53200,LEFT_INDEX,0.5953872203826904,0.3057396113872528,-0.21197021007537842,0.5990119576454163,0.9999457597732544
1596,53200,RIGHT_INDEX,0.5593779683113098,0.30575650930404663,-0.21686223149299622,0.9279964566230774,0.9998676776885986
1596,53200,LEFT_THUMB,0.5856609344482422,0.3090200126171112,-0.17160901427268982,0.5849156379699707,0.9999617338180542
1596,53200,RIGHT_THUMB,0.5483308434486389,0.3109654486179352,-0.18661686778068542,0.8965050578117371,0.9998916387557983
1596,53200,LEFT_HIP,0.4923168122768402,0.5120152235031128,0.1495702713727951,0.9978581666946411,0.9998401403427124
1596,53200,RIGHT_HIP,0.4330088794231415,0.5353735089302063,-0.1492808759212494,0.9970661401748657,0.9996095299720764
1596,53200,LEFT_KNEE,0.647299587726593,0.47996872663497925,-0.11391820758581161,0.7490713000297546,0.9999383687973022
1596,53200,RIGHT_KNEE,0.4492526352405548,0.714871346950531,-0.1771470308303833,0.9652805328369141,0.9998162388801575
1596,53200,LEFT_ANKLE,0.684301495552063,0.6542941331863403,-0.04684546962380409,0.825511634349823,0.9999473094940186
1596,53200,RIGHT_ANKLE,0.43586960434913635,0.8906934261322021,-0.12267216295003891,0.9667609333992004,0.999167799949646
1596,53200,LEFT_HEEL,0.6690334677696228,0.6909741759300232,-0.04644402116537094,0.8446940183639526,0.9999241828918457
1596,53200,RIGHT_HEEL,0.41437435150146484,0.9198521375656128,-0.1288529634475708,0.917192816734314,0.9984777569770813
1596,53200,LEFT_FOOT_INDEX,0.7552135586738586,0.6812286972999573,-0.16619347035884857,0.8610790371894836,0.9996881484985352
1596,53200,RIGHT_FOOT_INDEX,0.5126544833183289,0.9291769862174988,-0.3416036069393158,0.956255316734314,0.9966157078742981
1597,53233,NOSE,0.5096675753593445,0.24263183772563934,-0.07184271514415741,0.9994156956672668,0.9999709129333496
1597,53233,LEFT_EYE_INNER,0.5041453242301941,0.22760170698165894,-0.05656809359788895,0.9993758797645569,0.9999591112136841
1597,53233,LEFT_EYE,0.5021595358848572,0.22652554512023926,-0.05665178969502449,0.9993047118186951,0.9999629259109497
1597,53233,LEFT_EYE_OUTER,0.5007942914962769,0.22558456659317017,-0.056726790964603424,0.9994940161705017,0.999963641166687
1597,53233,RIGHT_EYE_INNER,0.505709707736969,0.22806258499622345,-0.10645546764135361,0.9993672370910645,0.9999393224716187
1597,53233,RIGHT_EYE,0.5041460394859314,0.22731155157089233,-0.1065249964594841,0.9992959499359131,0.9999270439147949
1597,53233,RIGHT_EYE_OUTER,0.502600908279419,0.2267547994852066,-0.10665226727724075,0.9993929266929626,0.9999145269393921
1597,53233,LEFT_EAR,0.4898609220981598,0.22842669486999512,0.06304049491882324,0.998752772808075,0.9999692440032959
1597,53233,RIGHT_EAR,0.4870899021625519,0.22978967428207397,-0.15612678229808807,0.9993336200714111,0.9999220371246338
1597,53233,MOUTH_LEFT,0.5054566860198975,0.25179171562194824,-0.01975448615849018,0.9992929697036743,0.9999756813049316
1597,53233,MOUTH_RIGHT,0.5047745108604431,0.2514786720275879,-0.08439235389232635,0.9994131326675415,0.999961256980896
1597,53233,LEFT_SHOULDER,0.5015662312507629,0.3001648485660553,0.23263442516326904,0.9993646740913391,0.9999493360519409
1597,53233,RIGHT_SHOULDER,0.4268314838409424,0.3125763237476349,-0.24024976789951324,0.9998562932014465,0.9999067783355713
1597,53233,LEFT_ELBOW,0.5427548289299011,0.38284993171691895,0.15344591438770294,0.41671645641326904,0.9998328685760498
1597,53233,RIGHT_ELBOW,0.4562026858329773,0.41217362880706787,-0.2548312246799469,0.985353410243988,0.9995847344398499
1597,53233,LEFT_WRIST,0.5829085111618042,0.3346083164215088,-0.13748371601104736,0.6295648217201233,0.9999732971191406
1597,53233,RIGHT_WRIST,0.5413604974746704,0.3424244523048401,-0.08478190004825592,0.9579401016235352,0.9999148845672607
1597,53233,LEFT_PINKY,0.6024042963981628,0.31895044445991516,-0.18320642411708832,0.6177414655685425,0.9999616146087646
1597,53233,RIGHT_PINKY,0.562296450138092,0.32669416069984436,-0.09684925526380539,0.9359045624732971,0.999890923500061
1597,53233,LEFT_INDEX,0.5940960645675659,0.3068910837173462,-0.1929594725370407,0.618040919303894,0.9999613761901855
1597,53233,RIGHT_INDEX,0.5607438683509827,0.3090762495994568,-0.10980211198329926,0.9308965802192688,0.999889612197876
1597,53233,LEFT_THUMB,0.5846841931343079,0.3097550570964813,-0.15304337441921234,0.6039004325866699,0.999971866607666
1597,53233,RIGHT_THUMB,0.5499123930931091,0.31296321749687195,-0.08183056116104126,0.899990439414978,0.9999094009399414
1597,53233,LEFT_HIP,0.49042919278144836,0.5108631253242493,0.1504184752702713,0.9980364441871643,0.9998879432678223
1597,53233,RIGHT_HIP,0.4341544806957245,0.5353434681892395,-0.1501292735338211,0.9973416924476624,0.9997788071632385
1597,53233,LEFT_KNEE,0.64520663022995,0.4786798059940338,-0.08042252063751221,0.7725516557693481,0.9999574422836304
1597,53233,RIGHT_KNEE,0.4496138393878937,0.7148278951644897,-0.1685343235731125,0.9685162305831909,0.9998990297317505
1597,53233,LEFT_ANKLE,0.6948163509368896,0.6493735313415527,0.00857179332524538,0.8413439393043518,0.9999551773071289
1597,53233,RIGHT_ANKLE,0.4357507824897766,0.8908885717391968,-0.11954805999994278,0.9699409604072571,0.9994174242019653
1597,53233,LEFT_HEEL,0.6742656826972961,0.684425413608551,0.0103701651096344,0.8581674098968506,0.9999363422393799
1597,53233,RIGHT_HEEL,0.41477763652801514,0.9205682277679443,-0.12468687444925308,0.9240553379058838,0.9988841414451599
1597,53233,LEFT_FOOT_INDEX,0.7613635659217834,0.6795066595077515,-0.10205646604299545,0.873868465423584,0.9997747540473938
1597,53233,RIGHT_FOOT_INDEX,0.5125747919082642,0.929147481918335,-0.32899942994117737,0.9603051543235779,0.9976202845573425
1598,53267,NOSE,0.5094512701034546,0.2521011233329773,-0.22672982513904572,0.9994692206382751,0.9999529123306274
1598,53267,LEFT_EYE_INNER,0.5041040778160095,0.23595651984214783,-0.21318365633487701,0.9994313716888428,0.9999375343322754
1598,53267,LEFT_EYE,0.5025430917739868,0.23484021425247192,-0.21323084831237793,0.9993671774864197,0.9999375343322754
1598,53267,LEFT_EYE_OUTER,0.5017816424369812,0.23373937606811523,-0.21334120631217957,0.9995368123054504,0.999934196472168
1598,53267,RIGHT_EYE_INNER,0.5048027634620667,0.23497353494167328,-0.2549022138118744,0.9994231462478638,0.9999330043792725
1598,53267,RIGHT_EYE,0.5028429627418518,0.2335462123155594,-0.25497230887413025,0.999357283115387,0.9999264478683472
1598,53267,RIGHT_EYE_OUTER,0.5007956027984619,0.23237207531929016,-0.25511297583580017,0.9994447231292725,0.9999208450317383
1598,53267,LEFT_EAR,0.4935053884983063,0.23251429200172424,-0.0645964965224266,0.9988687634468079,0.9999470710754395
1598,53267,RIGHT_EAR,0.4866931438446045,0.2336367517709732,-0.2508459687232971,0.9993909597396851,0.9999384880065918
1598,53267,MOUTH_LEFT,0.5054894685745239,0.26187005639076233,-0.16134819388389587,0.9993581771850586,0.999955415725708
1598,53267,MOUTH_RIGHT,0.5040376782417297,0.2587268054485321,-0.2163088023662567,0.999464750289917,0.99994957447052
1598,53267,LEFT_SHOULDER,0.5070105195045471,0.29929080605506897,0.1694536954164505,0.9993985891342163,0.9999300241470337
1598,53267,RIGHT_SHOULDER,0.4257884621620178,0.3125244081020355,-0.2787136733531952,0.9998689889907837,0.9999411106109619
1598,53267,LEFT_ELBOW,0.5512659549713135,0.38207143545150757,0.22939342260360718,0.42808157205581665,0.9997314810752869
1598,53267,RIGHT_ELBOW,0.45789834856987,0.41329875588417053,-0.3555583655834198,0.9839099049568176,0.9994818568229675
1598,53267,LEFT_WRIST,0.5820046663284302,0.3289172947406769,0.12252647429704666,0.6426714658737183,0.9999336004257202
1598,53267,RIGHT_WRIST,0.5403651595115662,0.3396992087364197,-0.3879917860031128,0.9596304893493652,0.9999222755432129
1598,53267,LEFT_PINKY,0.6020143628120422,0.3161831498146057,0.1166638508439064,0.6267208456993103,0.999909520149231
1598,53267,RIGHT_PINKY,0.5624857544898987,0.32227522134780884,-0.42301297187805176,0.9379776120185852,0.9999116659164429
1598,53267,LEFT_INDEX,0.5927429795265198,0.3015219569206238,0.1005033552646637,0.6262518763542175,0.9998989105224609
1598,53267,RIGHT_INDEX,0.5588010549545288,0.30243372917175293,-0.42667466402053833,0.9326934814453125,0.9999096393585205
1598,53267,LEFT_THUMB,0.5826875567436218,0.30500683188438416,0.1124497801065445,0.6121204495429993,0.9999293088912964
1598,53267,RIGHT_THUMB,0.5499005317687988,0.3079538345336914,-0.3864651620388031,0.9014710783958435,0.9999247789382935
1598,53267,LEFT_HIP,0.4931246042251587,0.5027885437011719,0.14583660662174225,0.9981555342674255,0.9997758269309998
1598,53267,RIGHT_HIP,0.4355558156967163,0.5332596898078918,-0.14560726284980774,0.9975811839103699,0.9996799230575562
1598,53267,LEFT_KNEE,0.637076735496521,0.4280657172203064,-0.04383176937699318,0.7932775020599365,0.9999295473098755
1598,53267,RIGHT_KNEE,0.45033717155456543,0.7146627306938171,-0.17633582651615143,0.9713714718818665,0.9998477697372437
1598,53267,LEFT_ANKLE,0.683185875415802,0.6017701625823975,0.027840524911880493,0.8551851511001587,0.9999474287033081
1598,53267,RIGHT_ANKLE,0.43572044372558594,0.890778124332428,-0.15605156123638153,0.9728109240531921,0.999401330947876
1598,53267,LEFT_HEEL,0.6686031818389893,0.6342101097106934,0.026920216158032417,0.8701809644699097,0.9999326467514038
1598,53267,RIGHT_HEEL,0.41483572125434875,0.9206346869468689,-0.16455751657485962,0.9306823015213013,0.9988646507263184
1598,53267,LEFT_FOOT_INDEX,0.7550849318504333,0.6179322600364685,-0.07835505157709122,0.885133683681488,0.9997163414955139
1598,53267,RIGHT_FOOT_INDEX,0.5093559622764587,0.929162323474884,-0.38144221901893616,0.9639579653739929,0.9969243407249451
1599,53300,NOSE,0.5093498229980469,0.2549624443054199,-0.20729973912239075,0.999515950679779,0.9999516010284424
1599,53300,LEFT_EYE_INNER,0.5041210651397705,0.2391066551208496,-0.19047164916992188,0.9994810223579407,0.9999388456344604
1599,53300,LEFT_EYE,0.502922534942627,0.2382069230079651,-0.1905398964881897,0.9994233250617981,0.9999415874481201
1599,53300,LEFT_EYE_OUTER,0.5026037096977234,0.23728902637958527,-0.19066272675991058,0.9995756149291992,0.9999409914016724
1599,53300,RIGHT_EYE_INNER,0.5039193034172058,0.23810426890850067,-0.23379945755004883,0.99947190284729,0.9999268054962158
1599,53300,RIGHT_EYE,0.5014395117759705,0.23687809705734253,-0.23385588824748993,0.9994104504585266,0.9999186992645264
1599,53300,RIGHT_EYE_OUTER,0.4989496171474457,0.23586736619472504,-0.23400217294692993,0.9994890689849854,0.9999102354049683
1599,53300,LEFT_EAR,0.49463534355163574,0.2359956055879593,-0.03570203483104706,0.9989734888076782,0.9999550580978394
1599,53300,RIGHT_EAR,0.4823658764362335,0.23769034445285797,-0.22922317683696747,0.9994419813156128,0.999929666519165
1599,53300,MOUTH_LEFT,0.5062739849090576,0.26547834277153015,-0.14057651162147522,0.9994174242019653,0.9999648332595825
1599,53300,MOUTH_RIGHT,0.5036720633506775,0.26225924491882324,-0.19750922918319702,0.9995118379592896,0.9999566078186035
1599,53300,LEFT_SHOULDER,0.5099560022354126,0.299154669046402,0.17968055605888367,0.9994329810142517,0.999922513961792
1599,53300,RIGHT_SHOULDER,0.42438358068466187,0.312483549118042,-0.2719419002532959,0.9998801946640015,0.9999269247055054
1599,53300,LEFT_ELBOW,0.5579667091369629,0.3823936879634857,0.17599153518676758,0.4449891448020935,0.9996248483657837
1599,53300,RIGHT_ELBOW,0.45615559816360474,0.4119839668273926,-0.3696802258491516,0.9835865497589111,0.9994755387306213
1599,53300,LEFT_WRIST,0.5819218754768372,0.3278313875198364,0.06188662722706795,0.6590079665184021,0.9999339580535889
1599,53300,RIGHT_WRIST,0.5381797552108765,0.3367087244987488,-0.4123516380786896,0.9617649912834167,0.999883770942688
1599,53300,LEFT_PINKY,0.6017001271247864,0.31561148166656494,0.10192277282476425,0.6406616568565369,0.9999182224273682
1599,53300,RIGHT_PINKY,0.5619365572929382,0.3215180039405823,-0.452263742685318,0.9408798813819885,0.99985671043396
1599,53300,LEFT_INDEX,0.5909368991851807,0.3018510639667511,0.07131217420101166,0.6397378444671631,0.9999133348464966
1599,53300,RIGHT_INDEX,0.5569716691970825,0.30150994658470154,-0.4575815498828888,0.93561190366745,0.9998596906661987
1599,53300,LEFT_THUMB,0.5817059278488159,0.3060343563556671,0.08143806457519531,0.6253049969673157,0.9999357461929321
1599,53300,RIGHT_THUMB,0.5497723817825317,0.304665207862854,-0.4119861125946045,0.9048609733581543,0.9998819828033447
1599,53300,LEFT_HIP,0.4974098801612854,0.49930834770202637,0.14329808950424194,0.9982770681381226,0.9997707009315491
1599,53300,RIGHT_HIP,0.43679001927375793,0.5323342680931091,-0.14307823777198792,0.9977986216545105,0.9996387958526611
1599,53300,LEFT_KNEE,0.6353084444999695,0.4239402115345001,-0.055228300392627716,0.8122968077659607,0.9999101161956787
1599,53300,RIGHT_KNEE,0.4508937895298004,0.7146034836769104,-0.18751195073127747,0.9740012884140015,0.9997989535331726
1599,53300,LEFT_ANKLE,0.6825368404388428,0.6005587577819824,0.01782037317752838,0.867719829082489,0.9999347925186157
1599,53300,RIGHT_ANKLE,0.43574535846710205,0.8907517790794373,-0.18722788989543915,0.9753948450088501,0.9991080164909363
1599,53300,LEFT_HEEL,0.6688086986541748,0.6335859894752502,0.018440069630742073,0.880993664264679,0.9999113082885742
1599,53300,RIGHT_HEEL,0.4151402413845062,0.921162486076355,-0.19765599071979523,0.9365087151527405,0.998389720916748
1599,53300,LEFT_FOOT_INDEX,0.7553041577339172,0.6153254508972168,-0.08846724778413773,0.8953099846839905,0.9996740818023682
1599,53300,RIGHT_FOOT_INDEX,0.5092536807060242,0.9298143982887268,-0.4176763594150543,0.967211902141571,0.9960857629776001
1600,53333,NOSE,0.5092664957046509,0.26013731956481934,-0.25555479526519775,0.9995220899581909,0.9997711777687073
1600,53333,LEFT_EYE_INNER,0.5040581226348877,0.2445278763771057,-0.2435266226530075,0.9994755387306213,0.9997453093528748
1600,53333,LEFT_EYE,0.5028856992721558,0.243789404630661,-0.24359536170959473,0.9994267225265503,0.999761164188385
1600,53333,LEFT_EYE_OUTER,0.5026576519012451,0.24294041097164154,-0.24372264742851257,0.9995568990707397,0.9997650980949402
1600,53333,RIGHT_EYE_INNER,0.5028550028800964,0.24286726117134094,-0.28147944808006287,0.9994544386863708,0.9997164607048035
1600,53333,RIGHT_EYE,0.5001001358032227,0.24142827093601227,-0.2815351188182831,0.9993887543678284,0.9997015595436096
1600,53333,RIGHT_EYE_OUTER,0.4973164498806,0.24027110636234283,-0.28171077370643616,0.9994595646858215,0.9996898174285889
1600,53333,LEFT_EAR,0.4952140152454376,0.2398301661014557,-0.09035703539848328,0.999018132686615,0.9998289346694946
1600,53333,RIGHT_EAR,0.4825049340724945,0.24282193183898926,-0.25886332988739014,0.9994238018989563,0.9997854828834534
1600,53333,MOUTH_LEFT,0.5069954991340637,0.26986217498779297,-0.18837100267410278,0.9994531869888306,0.9998928308486938
1600,53333,MOUTH_RIGHT,0.503150224685669,0.2694372534751892,-0.23812927305698395,0.9995304346084595,0.9998754262924194
1600,53333,LEFT_SHOULDER,0.5181667804718018,0.2994571626186371,0.12667040526866913,0.999430239200592,0.9998313188552856
1600,53333,RIGHT_SHOULDER,0.4237901568412781,0.3124679923057556,-0.2826959192752838,0.9998885989189148,0.999902606010437
1600,53333,LEFT_ELBOW,0.5728811025619507,0.3831759989261627,0.11264916509389877,0.45277541875839233,0.9990801811218262
1600,53333,RIGHT_ELBOW,0.4564293622970581,0.40679070353507996,-0.3880697190761566,0.9832186698913574,0.9992321729660034
1600,53333,LEFT_WRIST,0.5833055973052979,0.33122968673706055,-0.1021430492401123,0.6645467281341553,0.9997689127922058
1600,53333,RIGHT_WRIST,0.5388808846473694,0.3313378095626831,-0.46070829033851624,0.9632593393325806,0.9998559951782227
1600,53333,LEFT_PINKY,0.6022554636001587,0.3188498318195343,-0.12099230289459229,0.6449045538902283,0.9997506737709045
1600,53333,RIGHT_PINKY,0.5625128746032715,0.3171934485435486,-0.5057724714279175,0.9428471922874451,0.9998288154602051
1600,53333,LEFT_INDEX,0.5910091400146484,0.30497509241104126,-0.14015065133571625,0.6435355544090271,0.9997243285179138
1600,53333,RIGHT_INDEX,0.5578510761260986,0.2990643382072449,-0.511488139629364,0.9375041127204895,0.9998277425765991
1600,53333,LEFT_THUMB,0.5992409586906433,0.30644962191581726,-0.10965874046087265,0.6287969350814819,0.9997820258140564
1600,53333,RIGHT_THUMB,0.550408661365509,0.3010696768760681,-0.46144595742225647,0.9066185355186462,0.999853253364563
1600,53333,LEFT_HIP,0.5026777982711792,0.49886637926101685,0.13491500914096832,0.9983296990394592,0.9994096755981445
1600,53333,RIGHT_HIP,0.4410190284252167,0.5321356058120728,-0.13472840189933777,0.9979692101478577,0.9992819428443909
1600,53333,LEFT_KNEE,0.6296064853668213,0.4006788730621338,-0.0630776584148407,0.8268135190010071,0.9997126460075378
1600,53333,RIGHT_KNEE,0.4523305296897888,0.7145470380783081,-0.18666508793830872,0.9761866331100464,0.9994869232177734
1600,53333,LEFT_ANKLE,0.6608879566192627,0.5657488703727722,0.026035776361823082,0.8759063482284546,0.9998335838317871
1600,53333,RIGHT_ANKLE,0.4357571601867676,0.8907521963119507,-0.16440275311470032,0.9775760173797607,0.9979442954063416
1600,53333,LEFT_HEEL,0.6420996785163879,0.5988075733184814,0.024388175457715988,0.8885614275932312,0.9997914433479309
1600,53333,RIGHT_HEEL,0.41520771384239197,0.9213548302650452,-0.17128866910934448,0.9413268566131592,0.9967994689941406
1600,53333,LEFT_FOOT_INDEX,0.7351541519165039,0.5937647223472595,-0.08549056947231293,0.9027740955352783,0.9994485974311829
1600,53333,RIGHT_FOOT_INDEX,0.5068391561508179,0.930099606513977,-0.3814865052700043,0.9698526859283447,0.9935128092765808
1601,53367,NOSE,0.5090261697769165,0.2585834264755249,-0.23312154412269592,0.9994869232177734,0.9995064735412598
1601,53367,LEFT_EYE_INNER,0.5040271878242493,0.24331343173980713,-0.22348344326019287,0.999413788318634,0.9994378685951233
1601,53367,LEFT_EYE,0.5028377771377563,0.24259492754936218,-0.22357308864593506,0.999380350112915,0.9994848966598511
1601,53367,LEFT_EYE_OUTER,0.502553403377533,0.24181056022644043,-0.22369948029518127,0.9994898438453674,0.9995121955871582
1601,53367,RIGHT_EYE_INNER,0.502800703048706,0.2420196831226349,-0.2638086676597595,0.9993628263473511,0.9993476271629333
1601,53367,RIGHT_EYE,0.5001178979873657,0.24076884984970093,-0.2638839781284332,0.9992854595184326,0.9993170499801636
1601,53367,RIGHT_EYE_OUTER,0.49745041131973267,0.23979361355304718,-0.26407569646835327,0.999355673789978,0.9993114471435547
1601,53367,LEFT_EAR,0.49487411975860596,0.24016103148460388,-0.08560223877429962,0.9989761114120483,0.9996523857116699
1601,53367,RIGHT_EAR,0.48370346426963806,0.2426951378583908,-0.2638000547885895,0.9993118047714233,0.9995631575584412
1601,53367,MOUTH_LEFT,0.5067208409309387,0.26871633529663086,-0.17186757922172546,0.9994639754295349,0.9997963309288025
1601,53367,MOUTH_RIGHT,0.5031133890151978,0.2677992284297943,-0.2245229333639145,0.9995167851448059,0.9997699856758118
1601,53367,LEFT_SHOULDER,0.5159419178962708,0.2996199429035187,0.12622112035751343,0.9993836283683777,0.9997759461402893
1601,53367,RIGHT_SHOULDER,0.4238276779651642,0.31244298815727234,-0.2895651161670685,0.9998946785926819,0.9998840093612671
1601,53367,LEFT_ELBOW,0.5705075860023499,0.3856678605079651,0.12334837019443512,0.4475594460964203,0.998744010925293
1601,53367,RIGHT_ELBOW,0.4571768045425415,0.4078967571258545,-0.3520829677581787,0.9816214442253113,0.998863935470581
1601,53367,LEFT_WRIST,0.5820025205612183,0.333011269569397,-0.10363930463790894,0.6556910276412964,0.9996052384376526
1601,53367,RIGHT_WRIST,0.5392872095108032,0.3303729295730591,-0.36561518907546997,0.9633253216743469,0.9998109936714172
1601,53367,LEFT_PINKY,0.6017791032791138,0.32075637578964233,-0.13307106494903564,0.6363274455070496,0.9995784163475037
1601,53367,RIGHT_PINKY,0.5627393126487732,0.3168680965900421,-0.4060218632221222,0.9429489970207214,0.9997937083244324
1601,53367,LEFT_INDEX,0.5892236232757568,0.3063553273677826,-0.15140990912914276,0.6345883011817932,0.9995317459106445
1601,53367,RIGHT_INDEX,0.5586798787117004,0.29801711440086365,-0.41887277364730835,0.9373207688331604,0.999786913394928
1601,53367,LEFT_THUMB,0.5883975028991699,0.30923765897750854,-0.1160755306482315,0.6201876997947693,0.9996351003646851
1601,53367,RIGHT_THUMB,0.5506361126899719,0.300321102142334,-0.3677823841571808,0.9056215286254883,0.9998142123222351
1601,53367,LEFT_HIP,0.5027894973754883,0.4996907711029053,0.13704879581928253,0.9982408285140991,0.9987873435020447
1601,53367,RIGHT_HIP,0.44317543506622314,0.5324230790138245,-0.13685473799705505,0.9980989098548889,0.9988135099411011
1601,53367,LEFT_KNEE,0.6239199638366699,0.3959035277366638,0.04754335433244705,0.8389278650283813,0.9995800852775574
1601,53367,RIGHT_KNEE,0.4523826837539673,0.7146593332290649,-0.18671128153800964,0.9782112836837769,0.9993950128555298
1601,53367,LEFT_ANKLE,0.6509469747543335,0.5618855357170105,0.18945549428462982,0.8832260370254517,0.9998014569282532
1601,53367,RIGHT_ANKLE,0.4356345236301422,0.8911925554275513,-0.1611267328262329,0.9796012043952942,0.9976254105567932
1601,53367,LEFT_HEEL,0.6314167976379395,0.596001386642456,0.1960105001926422,0.8947571516036987,0.9997547268867493
1601,53367,RIGHT_HEEL,0.41526171565055847,0.9216564297676086,-0.16782981157302856,0.9459095001220703,0.9961295127868652
1601,53367,LEFT_FOOT_INDEX,0.7245759963989258,0.5910468101501465,0.09846250712871552,0.9090301394462585,0.9993645548820496
1601,53367,RIGHT_FOOT_INDEX,0.5063335299491882,0.932373583316803,-0.3821588158607483,0.9723628163337708,0.992122232913971
1602,53400,NOSE,0.5090215802192688,0.2619474232196808,-0.23752596974372864,0.9994619488716125,0.999377429485321
1602,53400,LEFT_EYE_INNER,0.5044615864753723,0.24714750051498413,-0.22586509585380554,0.9993754625320435,0.9994003772735596
1602,53400,LEFT_EYE,0.5038140416145325,0.24620436131954193,-0.22591160237789154,0.999342143535614,0.9994484782218933
1602,53400,LEFT_EYE_OUTER,0.504031240940094,0.24457542598247528,-0.22604325413703918,0.9994471073150635,0.9994615912437439
1602,53400,RIGHT_EYE_INNER,0.5026644468307495,0.24619628489017487,-0.2660343050956726,0.9993134140968323,0.9992891550064087
1602,53400,RIGHT_EYE,0.49972450733184814,0.24489343166351318,-0.2660772204399109,0.9992148280143738,0.9992361068725586
1602,53400,RIGHT_EYE_OUTER,0.4967830777168274,0.24376840889453888,-0.2662801146507263,0.9992856979370117,0.9991933703422546
1602,53400,LEFT_EAR,0.49676719307899475,0.242509663105011,-0.0794358104467392,0.9989965558052063,0.9995996356010437
1602,53400,RIGHT_EAR,0.48360034823417664,0.24525493383407593,-0.25726407766342163,0.9992226362228394,0.9993647933006287
1602,53400,MOUTH_LEFT,0.5070152282714844,0.2711237072944641,-0.1722729653120041,0.9994765520095825,0.9996265172958374
1602,53400,MOUTH_RIGHT,0.5029309988021851,0.26974302530288696,-0.2245466560125351,0.999504566192627,0.9995337724685669
1602,53400,LEFT_SHOULDER,0.5170010328292847,0.3005032539367676,0.12319739907979965,0.999333381652832,0.9994626641273499
1602,53400,RIGHT_SHOULDER,0.4196847081184387,0.3136552572250366,-0.2861095666885376,0.9998903870582581,0.9995570778846741
1602,53400,LEFT_ELBOW,0.5712181925773621,0.3900781273841858,0.13766419887542725,0.4618266224861145,0.9985945820808411
1602,53400,RIGHT_ELBOW,0.4573301076889038,0.409036248922348,-0.3603265881538391,0.9812312722206116,0.9989263415336609
1602,53400,LEFT_WRIST,0.581528902053833,0.3338901996612549,-0.023497814312577248,0.6662209630012512,0.9997392296791077
1602,53400,RIGHT_WRIST,0.5397902131080627,0.33201342821121216,-0.41496965289115906,0.9650636911392212,0.9998515844345093
1602,53400,LEFT_PINKY,0.5988907217979431,0.31979885697364807,-0.04269593209028244,0.6423958539962769,0.999700665473938
1602,53400,RIGHT_PINKY,0.563197910785675,0.31784921884536743,-0.45219066739082336,0.9450408220291138,0.9998047947883606
1602,53400,LEFT_INDEX,0.5875169634819031,0.306724488735199,-0.05198764055967331,0.640191912651062,0.9996638298034668
1602,53400,RIGHT_INDEX,0.5588435530662537,0.2992512285709381,-0.45606088638305664,0.9394215941429138,0.9998099207878113
1602,53400,LEFT_THUMB,0.5829601287841797,0.30887508392333984,-0.031693462282419205,0.6252695918083191,0.9997475743293762
1602,53400,RIGHT_THUMB,0.5510682463645935,0.3015565574169159,-0.41401246190071106,0.90754234790802,0.9998449087142944
1602,53400,LEFT_HIP,0.5060902237892151,0.5010280609130859,0.11791462451219559,0.9982457160949707,0.9989184141159058
1602,53400,RIGHT_HIP,0.444723516702652,0.5317100286483765,-0.11771833151578903,0.9981629252433777,0.9984869956970215
1602,53400,LEFT_KNEE,0.611740231513977,0.3984251320362091,-0.20707674324512482,0.8504512310028076,0.9991081357002258
1602,53400,RIGHT_KNEE,0.4563637971878052,0.7146444916725159,-0.1635400652885437,0.9791296720504761,0.9982694387435913
1602,53400,LEFT_ANKLE,0.5997507572174072,0.5607748031616211,-0.09538563340902328,0.8855448365211487,0.9996144771575928
1602,53400,RIGHT_ANKLE,0.4359622895717621,0.8915455937385559,-0.0908382385969162,0.9808193445205688,0.9952747821807861
1602,53400,LEFT_HEEL,0.5814269781112671,0.5865111351013184,-0.08947046846151352,0.8979937434196472,0.9995397329330444
1602,53400,RIGHT_HEEL,0.4156293272972107,0.921846330165863,-0.09191983938217163,0.948196291923523,0.9937132000923157
1602,53400,LEFT_FOOT_INDEX,0.6439286470413208,0.6006397604942322,-0.2008780539035797,0.9132228493690491,0.9989973902702332
1602,53400,RIGHT_FOOT_INDEX,0.5042707324028015,0.9326503276824951,-0.2938138246536255,0.9736393690109253,0.9892774820327759
1603,53433,NOSE,0.5076789855957031,0.2611944079399109,-0.28079649806022644,0.9993568062782288,0.9989485144615173
1603,53433,LEFT_EYE_INNER,0.5044119358062744,0.24648094177246094,-0.26272547245025635,0.9992722272872925,0.9989814162254333
1603,53433,LEFT_EYE,0.5039333701133728,0.2455766350030899,-0.26281195878982544,0.9992454648017883,0.9990946054458618
1603,53433,LEFT_EYE_OUTER,0.5044769644737244,0.24422404170036316,-0.2629338502883911,0.9993430376052856,0.9991476535797119
1603,53433,RIGHT_EYE_INNER,0.5013237595558167,0.24552570283412933,-0.30004099011421204,0.9991428256034851,0.9986774325370789
1603,53433,RIGHT_EYE,0.4980200529098511,0.24423272907733917,-0.30007684230804443,0.9989967942237854,0.9985412359237671
1603,53433,RIGHT_EYE_OUTER,0.49474087357521057,0.24312716722488403,-0.30028823018074036,0.999054491519928,0.9984293580055237
1603,53433,LEFT_EAR,0.497982382774353,0.24270643293857574,-0.08647508174180984,0.998929500579834,0.9993888139724731
1603,53433,RIGHT_EAR,0.48206886649131775,0.2447129338979721,-0.2528807818889618,0.9989783763885498,0.9988114833831787
1603,53433,MOUTH_LEFT,0.5062949657440186,0.2703452408313751,-0.20556648075580597,0.9994736313819885,0.9995904564857483
1603,53433,MOUTH_RIGHT,0.49936050176620483,0.2687636613845825,-0.25374138355255127,0.999478280544281,0.9995030164718628
1603,53433,LEFT_SHOULDER,0.5198947191238403,0.30300143361091614,0.11346139758825302,0.9992796182632446,0.9992138147354126
1603,53433,RIGHT_SHOULDER,0.41686517000198364,0.31514671444892883,-0.2710111141204834,0.9998831152915955,0.9993475079536438
1603,53433,LEFT_ELBOW,0.5669212341308594,0.39578622579574585,-0.006083924323320389,0.46892794966697693,0.9963717460632324
1603,53433,RIGHT_ELBOW,0.4535922706127167,0.41127005219459534,-0.3954312801361084,0.9808897376060486,0.9976406097412109
1603,53433,LEFT_WRIST,0.5806640982627869,0.34050342440605164,-0.3928205966949463,0.6743353009223938,0.9992997646331787
1603,53433,RIGHT_WRIST,0.5373730659484863,0.3326115310192108,-0.5322725772857666,0.9666834473609924,0.9997133612632751
1603,53433,LEFT_PINKY,0.5970070958137512,0.32186299562454224,-0.4557107985019684,0.6507228016853333,0.9993640780448914
1603,53433,RIGHT_PINKY,0.5606734752655029,0.31968382000923157,-0.5852224826812744,0.9471826553344727,0.9996811151504517
1603,53433,LEFT_INDEX,0.5859431624412537,0.31306344270706177,-0.46258997917175293,0.6481838226318359,0.9993341565132141
1603,53433,RIGHT_INDEX,0.555651843547821,0.3009016215801239,-0.5864055156707764,0.9415985345840454,0.9996942281723022
1603,53433,LEFT_THUMB,0.5837911367416382,0.3258582651615143,-0.4073808789253235,0.6319522857666016,0.9994458556175232
1603,53433,RIGHT_THUMB,0.54885333776474,0.3029136061668396,-0.5317960381507874,0.9096429944038391,0.9997337460517883
1603,53433,LEFT_HIP,0.5096467733383179,0.5015131235122681,0.11855858564376831,0.9981465339660645,0.9975221753120422
1603,53433,RIGHT_HIP,0.44644272327423096,0.5316258668899536,-0.11838572472333908,0.998139500617981,0.9964989423751831
1603,53433,LEFT_KNEE,0.6067039966583252,0.41056299209594727,-0.17953400313854218,0.8603457808494568,0.9981322884559631
1603,53433,RIGHT_KNEE,0.4586803615093231,0.715115487575531,-0.1692502647638321,0.9802698493003845,0.9968640804290771
1603,53433,LEFT_ANKLE,0.5745214223861694,0.5654439926147461,-0.01743737980723381,0.8879750967025757,0.9995798468589783
1603,53433,RIGHT_ANKLE,0.43596211075782776,0.8915350437164307,-0.0730157196521759,0.9819634556770325,0.992280125617981
1603,53433,LEFT_HEEL,0.5558366775512695,0.5901165008544922,-0.010561523959040642,0.9006633162498474,0.9995253086090088
1603,53433,RIGHT_HEEL,0.41564473509788513,0.9217736124992371,-0.07119587063789368,0.9499261975288391,0.9907993674278259
1603,53433,LEFT_FOOT_INDEX,0.6057567596435547,0.6178019046783447,-0.12085217982530594,0.9161638021469116,0.9989758729934692
1603,53433,RIGHT_FOOT_INDEX,0.5043096542358398,0.934512197971344,-0.286920964717865,0.9746513366699219,0.9865432977676392
1604,53467,NOSE,0.5074646472930908,0.2605012059211731,-0.26471397280693054,0.999219536781311,0.9985238909721375
1604,53467,LEFT_EYE_INNER,0.5043700933456421,0.245839923620224,-0.24852311611175537,0.9990953803062439,0.9986302852630615
1604,53467,LEFT_EYE,0.5039604902267456,0.24498066306114197,-0.24860118329524994,0.9990796446800232,0.9987545013427734
1604,53467,LEFT_EYE_OUTER,0.5045609474182129,0.24378740787506104,-0.24872589111328125,0.9991729259490967,0.9988045692443848
1604,53467,RIGHT_EYE_INNER,0.501143753528595,0.24485217034816742,-0.2880845367908478,0.9989248514175415,0.9983435869216919
1604,53467,RIGHT_EYE,0.4976881444454193,0.2436121553182602,-0.288126140832901,0.9987393021583557,0.9982232451438904
1604,53467,RIGHT_EYE_OUTER,0.49454671144485474,0.24255016446113586,-0.28833985328674316,0.9987961053848267,0.9981603026390076
1604,53467,LEFT_EAR,0.49800392985343933,0.24268479645252228,-0.08445391058921814,0.9988046884536743,0.9990814924240112
1604,53467,RIGHT_EAR,0.4820682108402252,0.24448968470096588,-0.25825032591819763,0.9986640214920044,0.9985633492469788
1604,53467,MOUTH_LEFT,0.5062608122825623,0.2698246240615845,-0.19431596994400024,0.9994297623634338,0.9992986917495728
1604,53467,MOUTH_RIGHT,0.4991596043109894,0.26813796162605286,-0.24543368816375732,0.9994077682495117,0.9991952776908875
1604,53467,LEFT_SHOULDER,0.5181088447570801,0.30313143134117126,0.11721387505531311,0.9991600513458252,0.9988407492637634
1604,53467,RIGHT_SHOULDER,0.4156578779220581,0.31625568866729736,-0.26991742849349976,0.999872088432312,0.9992282390594482
1604,53467,LEFT_ELBOW,0.5645139217376709,0.39725300669670105,0.059761449694633484,0.47122645378112793,0.9965477585792542
1604,53467,RIGHT_ELBOW,0.453677773475647,0.41272255778312683,-0.3897804915904999,0.98054039478302,0.9977402687072754
1604,53467,LEFT_WRIST,0.5802478790283203,0.341600239276886,-0.23614183068275452,0.6773930788040161,0.999323844909668
1604,53467,RIGHT_WRIST,0.5370833277702332,0.3341411054134369,-0.4997587203979492,0.9682127237319946,0.9997674822807312
1604,53467,LEFT_PINKY,0.5947873592376709,0.3222223222255707,-0.2812160849571228,0.653298020362854,0.9993316531181335
1604,53467,RIGHT_PINKY,0.5608060359954834,0.3205803334712982,-0.5483914613723755,0.9493537545204163,0.9997298121452332
1604,53467,LEFT_INDEX,0.5854167938232422,0.31445255875587463,-0.29195937514305115,0.650486409664154,0.9992884397506714
1604,53467,RIGHT_INDEX,0.5554639101028442,0.30206409096717834,-0.5520870089530945,0.9438490867614746,0.9997369647026062
1604,53467,LEFT_THUMB,0.58539217710495,0.3284686803817749,-0.2499898076057434,0.6335948705673218,0.9994192123413086
1604,53467,RIGHT_THUMB,0.5488007664680481,0.3044060468673706,-0.49977633357048035,0.9120699167251587,0.9997760653495789
1604,53467,LEFT_HIP,0.5094341039657593,0.5009147524833679,0.12058071792125702,0.9980136156082153,0.9975476861000061
1604,53467,RIGHT_HIP,0.44714829325675964,0.5305125713348389,-0.12038595229387283,0.9980922341346741,0.9967570900917053
1604,53467,LEFT_KNEE,0.6048548221588135,0.41258665919303894,-0.1651502251625061,0.8683140873908997,0.9981940388679504
1604,53467,RIGHT_KNEE,0.4604491889476776,0.7140445709228516,-0.17034317553043365,0.9810656905174255,0.9972192049026489
1604,53467,LEFT_ANKLE,0.5708184242248535,0.5692817568778992,-0.002689013257622719,0.8891584873199463,0.9995890259742737
1604,53467,RIGHT_ANKLE,0.43619969487190247,0.8915162682533264,-0.07602770626544952,0.9829768538475037,0.9942155480384827
1604,53467,LEFT_HEEL,0.5529417395591736,0.5938947200775146,0.0064423540607094765,0.9027944207191467,0.9995297193527222
1604,53467,RIGHT_HEEL,0.41623279452323914,0.9219031929969788,-0.0752241462469101,0.9516564607620239,0.9925470948219299
1604,53467,LEFT_FOOT_INDEX,0.6160128116607666,0.626358687877655,-0.1017751544713974,0.9186432361602783,0.9989984631538391
1604,53467,RIGHT_FOOT_INDEX,0.5032545328140259,0.9344175457954407,-0.2844071090221405,0.9756319522857666,0.9874542951583862
1605,53500,NOSE,0.5067396759986877,0.26517149806022644,-0.24750784039497375,0.9992002844810486,0.9992682337760925
1605,53500,LEFT_EYE_INNER,0.5042906999588013,0.2503359019756317,-0.23041507601737976,0.9990523457527161,0.9992283582687378
1605,53500,LEFT_EYE,0.5039668679237366,0.2494981288909912,-0.2304799109697342,0.9990386962890625,0.9992660880088806
1605,53500,LEFT_EYE_OUTER,0.5047896504402161,0.24851739406585693,-0.23058544099330902,0.9991191625595093,0.9992555975914001
1605,53500,RIGHT_EYE_INNER,0.499731183052063,0.24927178025245667,-0.26829758286476135,0.9988777041435242,0.9991376399993896
1605,53500,RIGHT_EYE,0.49614468216896057,0.24791331589221954,-0.2683441936969757,0.9986810088157654,0.9990828037261963
1605,53500,RIGHT_EYE_OUTER,0.4928622543811798,0.24676381051540375,-0.26854637265205383,0.998736560344696,0.999055802822113
1605,53500,LEFT_EAR,0.4988457262516022,0.24725623428821564,-0.06740766763687134,0.9987784624099731,0.999358594417572
1605,53500,RIGHT_EAR,0.48120591044425964,0.24780423939228058,-0.25526413321495056,0.9985695481300354,0.9992669224739075
1605,53500,MOUTH_LEFT,0.5061661601066589,0.27389413118362427,-0.17762139439582825,0.9994264245033264,0.9995537400245667
1605,53500,MOUTH_RIGHT,0.4986805319786072,0.2718355059623718,-0.2269054800271988,0.9994021058082581,0.9995614886283875
1605,53500,LEFT_SHOULDER,0.5200665593147278,0.30995243787765503,0.12954075634479523,0.9990573525428772,0.9983893632888794
1605,53500,RIGHT_SHOULDER,0.4147454798221588,0.31988734006881714,-0.24279358983039856,0.9998684525489807,0.999464213848114
1605,53500,LEFT_ELBOW,0.563145637512207,0.40974849462509155,0.04632735252380371,0.4667736291885376,0.9935300946235657
1605,53500,RIGHT_ELBOW,0.4491586983203888,0.4160086214542389,-0.3784167170524597,0.9799818992614746,0.9977155923843384
1605,53500,LEFT_WRIST,0.578406572341919,0.3547760546207428,-0.2910880744457245,0.6708307862281799,0.9988647699356079
1605,53500,RIGHT_WRIST,0.5328359007835388,0.3407420217990875,-0.5107146501541138,0.969148576259613,0.9997925162315369
1605,53500,LEFT_PINKY,0.5919601321220398,0.3376733958721161,-0.342518150806427,0.6475290656089783,0.9990115165710449
1605,53500,RIGHT_PINKY,0.5578523278236389,0.32586243748664856,-0.5588247776031494,0.9506129026412964,0.9997616410255432
1605,53500,LEFT_INDEX,0.5846813321113586,0.32981017231941223,-0.347940057516098,0.644271731376648,0.998977541923523
1605,53500,RIGHT_INDEX,0.5531713962554932,0.3089122474193573,-0.5571324229240417,0.9450366497039795,0.9997768998146057
1605,53500,LEFT_THUMB,0.5793441534042358,0.33474794030189514,-0.30392974615097046,0.6262187361717224,0.999114453792572
1605,53500,RIGHT_THUMB,0.5458824634552002,0.31349891424179077,-0.5088238716125488,0.9129855036735535,0.9998084902763367
1605,53500,LEFT_HIP,0.5115276575088501,0.503889262676239,0.11933152377605438,0.9978697299957275,0.9972008466720581
1605,53500,RIGHT_HIP,0.4487210512161255,0.5317509770393372,-0.11916499584913254,0.9980455636978149,0.9971362352371216
1605,53500,LEFT_KNEE,0.6034809947013855,0.4255979359149933,-0.1933286339044571,0.873868465423584,0.9979898929595947
1605,53500,RIGHT_KNEE,0.46177345514297485,0.7149826884269714,-0.17215581238269806,0.9812424182891846,0.9975670576095581
1605,53500,LEFT_ANKLE,0.5582708716392517,0.583619236946106,-0.005508885718882084,0.8864849209785461,0.9995179176330566
1605,53500,RIGHT_ANKLE,0.4362112283706665,0.8920002579689026,-0.056540925055742264,0.9834189414978027,0.9936483502388
1605,53500,LEFT_HEEL,0.5379559993743896,0.6031728386878967,0.007537452969700098,0.9021344780921936,0.9994741082191467
1605,53500,RIGHT_HEEL,0.41648605465888977,0.9219123125076294,-0.052121274173259735,0.9516943097114563,0.9921031594276428
1605,53500,LEFT_FOOT_INDEX,0.5687870979309082,0.635779857635498,-0.09840966016054153,0.9189320802688599,0.998944103717804
1605,53500,RIGHT_FOOT_INDEX,0.5013270378112793,0.9344906210899353,-0.255776047706604,0.975839376449585,0.987476646900177
1606,53533,NOSE,0.5061102509498596,0.26567262411117554,-0.2724021375179291,0.9991745948791504,0.9992185831069946
1606,53533,LEFT_EYE_INNER,0.5041865706443787,0.2503300905227661,-0.251725435256958,0.9989991188049316,0.999206006526947
1606,53533,LEFT_EYE,0.5039590001106262,0.24944011867046356,-0.25178104639053345,0.9989911317825317,0.9992596507072449
1606,53533,LEFT_EYE_OUTER,0.5049324631690979,0.24844077229499817,-0.2518683969974518,0.9990561008453369,0.999268114566803
1606,53533,RIGHT_EYE_INNER,0.4988206624984741,0.24968193471431732,-0.2895224690437317,0.9988158941268921,0.9990780353546143
1606,53533,RIGHT_EYE,0.49521514773368835,0.24850860238075256,-0.2895568013191223,0.9986164569854736,0.9990155696868896
1606,53533,RIGHT_EYE_OUTER,0.4919413626194,0.24745866656303406,-0.28974422812461853,0.9986666440963745,0.9989752769470215
1606,53533,LEFT_EAR,0.4995521306991577,0.24758511781692505,-0.07638610154390335,0.9987475872039795,0.9993802309036255
1606,53533,RIGHT_EAR,0.48101407289505005,0.24822324514389038,-0.2501029074192047,0.9984813332557678,0.9991884827613831
1606,53533,MOUTH_LEFT,0.5061101317405701,0.27438780665397644,-0.19906063377857208,0.9994149208068848,0.9995662569999695
1606,53533,MOUTH_RIGHT,0.4981231987476349,0.2725745737552643,-0.2481084167957306,0.999398946762085,0.9995692372322083
1606,53533,LEFT_SHOULDER,0.5203142762184143,0.3135681748390198,0.12182721495628357,0.9989609718322754,0.9984295964241028
1606,53533,RIGHT_SHOULDER,0.4131702780723572,0.3219166398048401,-0.24519753456115723,0.9998641014099121,0.9994398951530457
1606,53533,LEFT_ELBOW,0.5620915293693542,0.41292908787727356,0.025453684851527214,0.4701961278915405,0.9942162036895752
1606,53533,RIGHT_ELBOW,0.44432908296585083,0.42157793045043945,-0.40876853466033936,0.9805890321731567,0.9978567957878113
1606,53533,LEFT_WRIST,0.5767762660980225,0.3605286478996277,-0.33231207728385925,0.6733774542808533,0.9991693496704102
1606,53533,RIGHT_WRIST,0.5287246108055115,0.34940674901008606,-0.5537164807319641,0.9709470272064209,0.9998414516448975
1606,53533,LEFT_PINKY,0.5912691354751587,0.3446418344974518,-0.3883499503135681,0.649614691734314,0.9992589354515076
1606,53533,RIGHT_PINKY,0.5543433427810669,0.33364251255989075,-0.6039392352104187,0.953117847442627,0.9998170733451843
1606,53533,LEFT_INDEX,0.584425151348114,0.33333873748779297,-0.3928024172782898,0.6458877921104431,0.9992427825927734
1606,53533,RIGHT_INDEX,0.5509825944900513,0.3176315128803253,-0.600246012210846,0.9476863741874695,0.99982750415802
1606,53533,LEFT_THUMB,0.5764849781990051,0.3378223180770874,-0.3457126319408417,0.6269075274467468,0.9993447661399841
1606,53533,RIGHT_THUMB,0.5429442524909973,0.3219500482082367,-0.5509378910064697,0.916469931602478,0.9998544454574585
1606,53533,LEFT_HIP,0.5109647512435913,0.5072511434555054,0.12166467308998108,0.9976868033409119,0.996780514717102
1606,53533,RIGHT_HIP,0.4486789107322693,0.5328094363212585,-0.12148994952440262,0.9979661107063293,0.9966390132904053
1606,53533,LEFT_KNEE,0.6032119989395142,0.4429357945919037,-0.16215111315250397,0.8768385648727417,0.9977953433990479
1606,53533,RIGHT_KNEE,0.4650270640850067,0.7149705290794373,-0.18596810102462769,0.9814873337745667,0.9977905750274658
1606,53533,LEFT_ANKLE,0.5542106032371521,0.5861961841583252,0.05424652621150017,0.8817904591560364,0.9995680451393127
1606,53533,RIGHT_ANKLE,0.43658944964408875,0.8921516537666321,-0.06298656016588211,0.9838125705718994,0.9949577450752258
1606,53533,LEFT_HEEL,0.534153938293457,0.6149158477783203,0.07326322048902512,0.8999248743057251,0.9995311498641968
1606,53533,RIGHT_HEEL,0.4169018268585205,0.921548068523407,-0.05835311487317085,0.9513044953346252,0.9936046004295349
1606,53533,LEFT_FOOT_INDEX,0.5573556423187256,0.6502211093902588,-0.026412559673190117,0.9177748560905457,0.9991363883018494
1606,53533,RIGHT_FOOT_INDEX,0.5063163638114929,0.9342678785324097,-0.2624656558036804,0.9759675860404968,0.9898369908332825
1607,53567,NOSE,0.5047405958175659,0.2665287256240845,-0.26819318532943726,0.999180793762207,0.999327540397644
1607,53567,LEFT_EYE_INNER,0.5039054155349731,0.25091254711151123,-0.2468664050102234,0.9989858865737915,0.9992687106132507
1607,53567,LEFT_EYE,0.5039416551589966,0.24981392920017242,-0.24692434072494507,0.9989824891090393,0.999319314956665
1607,53567,LEFT_EYE_OUTER,0.5049784183502197,0.24864019453525543,-0.24701054394245148,0.9990339279174805,0.999326229095459
1607,53567,RIGHT_EYE_INNER,0.4976957440376282,0.2505842447280884,-0.2840687334537506,0.9987964630126953,0.9991428852081299
1607,53567,RIGHT_EYE,0.494028776884079,0.24939125776290894,-0.2841036319732666,0.9985976219177246,0.999077558517456
1607,53567,RIGHT_EYE_OUTER,0.4899962246417999,0.24838978052139282,-0.2842979431152344,0.9986414909362793,0.9990344047546387
1607,53567,LEFT_EAR,0.5002467036247253,0.24755023419857025,-0.0701894611120224,0.9987480640411377,0.9994325041770935
1607,53567,RIGHT_EAR,0.4784579277038574,0.24903647601604462,-0.24487712979316711,0.9984480142593384,0.9992434978485107
1607,53567,MOUTH_LEFT,0.5057875514030457,0.27498993277549744,-0.1941836178302765,0.9994302988052368,0.9996299743652344
1607,53567,MOUTH_RIGHT,0.4969901740550995,0.27327054738998413,-0.24244728684425354,0.9994162321090698,0.9996217489242554
1607,53567,LEFT_SHOULDER,0.5216438174247742,0.31533944606781006,0.12860676646232605,0.9989320039749146,0.9986748695373535
1607,53567,RIGHT_SHOULDER,0.41292691230773926,0.3228123188018799,-0.24296243488788605,0.9998636245727539,0.99943608045578
1607,53567,LEFT_ELBOW,0.5617734789848328,0.4164155125617981,0.017281021922826767,0.4843955338001251,0.9951661825180054
1607,53567,RIGHT_ELBOW,0.4423118829727173,0.42561763525009155,-0.396598219871521,0.9813491702079773,0.9979512095451355
1607,53567,LEFT_WRIST,0.5770933628082275,0.36103737354278564,-0.3608078956604004,0.6827800273895264,0.9993771910667419
1607,53567,RIGHT_WRIST,0.5273857116699219,0.3540016710758209,-0.53116774559021,0.9727412462234497,0.9998682737350464
1607,53567,LEFT_PINKY,0.5909492373466492,0.34414058923721313,-0.42047303915023804,0.6573549509048462,0.9994300007820129
1607,53567,RIGHT_PINKY,0.5526027679443359,0.33799487352371216,-0.5812005996704102,0.955603837966919,0.9998476505279541
1607,53567,LEFT_INDEX,0.5839199423789978,0.3328709602355957,-0.4212660491466522,0.6530906558036804,0.999424934387207
1607,53567,RIGHT_INDEX,0.5497709512710571,0.32171136140823364,-0.5762326717376709,0.9503166079521179,0.9998589754104614
1607,53567,LEFT_THUMB,0.5751444697380066,0.33668315410614014,-0.372859925031662,0.6328989267349243,0.999516487121582
1607,53567,RIGHT_THUMB,0.5416100025177002,0.3259124457836151,-0.5274568796157837,0.919898509979248,0.9998812675476074
1607,53567,LEFT_HIP,0.5102433562278748,0.5109961032867432,0.12289495021104813,0.9976135492324829,0.9972212314605713
1607,53567,RIGHT_HIP,0.44865182042121887,0.5343611240386963,-0.12272088974714279,0.997925877571106,0.9965974688529968
1607,53567,LEFT_KNEE,0.6021438837051392,0.45183587074279785,-0.19959743320941925,0.8819043040275574,0.9982713460922241
1607,53567,RIGHT_KNEE,0.4650343060493469,0.7157406806945801,-0.19763171672821045,0.9817972779273987,0.9977707862854004
1607,53567,LEFT_ANKLE,0.5521167516708374,0.5874885320663452,0.03510770946741104,0.8810370564460754,0.9995601773262024
1607,53567,RIGHT_ANKLE,0.43659496307373047,0.8922929167747498,-0.058595553040504456,0.9841897487640381,0.9940958023071289
1607,53567,LEFT_HEEL,0.5318931341171265,0.6203362941741943,0.059484317898750305,0.900800347328186,0.9995087385177612
1607,53567,RIGHT_HEEL,0.4170317053794861,0.9216334223747253,-0.05282814800739288,0.951156735420227,0.992638349533081
1607,53567,LEFT_FOOT_INDEX,0.5581864714622498,0.6576300859451294,-0.05102863162755966,0.9188842177391052,0.9990496039390564
1607,53567,RIGHT_FOOT_INDEX,0.5062859058380127,0.9351004362106323,-0.26324352622032166,0.9761136174201965,0.9887014627456665
1608,53600,NOSE,0.5007224082946777,0.26771458983421326,-0.19932325184345245,0.9992415904998779,0.9997194409370422
1608,53600,LEFT_EYE_INNER,0.5017903447151184,0.2521873116493225,-0.16729451715946198,0.9990631341934204,0.9997034668922424
1608,53600,LEFT_EYE,0.502478837966919,0.25144630670547485,-0.16736428439617157,0.9990619421005249,0.9997301697731018
1608,53600,LEFT_EYE_OUTER,0.5040091276168823,0.250727117061615,-0.16743172705173492,0.999108612537384,0.999734103679657
1608,53600,RIGHT_EYE_INNER,0.49591243267059326,0.2518380284309387,-0.20425473153591156,0.9988796710968018,0.9995812773704529
1608,53600,RIGHT_EYE,0.4929048717021942,0.25097864866256714,-0.20427758991718292,0.9986940622329712,0.9995100498199463
1608,53600,RIGHT_EYE_OUTER,0.48916345834732056,0.2504870891571045,-0.20442187786102295,0.9987308979034424,0.9994310736656189
1608,53600,LEFT_EAR,0.5001590251922607,0.2516528367996216,0.021829305216670036,0.9988466501235962,0.9997643828392029
1608,53600,RIGHT_EAR,0.4783988296985626,0.2536686062812805,-0.1428358554840088,0.9985460638999939,0.9994200468063354
1608,53600,MOUTH_LEFT,0.5021234154701233,0.2765023410320282,-0.12329071760177612,0.9994701743125916,0.9997970461845398
1608,53600,MOUTH_RIGHT,0.4937901496887207,0.2752435803413391,-0.1705348789691925,0.9994556903839111,0.9997362494468689
1608,53600,LEFT_SHOULDER,0.5212551355361938,0.3253990113735199,0.19506625831127167,0.9989755749702454,0.999154806137085
1608,53600,RIGHT_SHOULDER,0.4133037030696869,0.33305564522743225,-0.17173445224761963,0.9998534321784973,0.9991872906684875
1608,53600,LEFT_ELBOW,0.555679202079773,0.4254310131072998,0.04222223907709122,0.5086881518363953,0.9981210827827454
1608,53600,RIGHT_ELBOW,0.44329696893692017,0.4343302547931671,-0.28783485293388367,0.9823277592658997,0.9985536932945251
1608,53600,LEFT_WRIST,0.5763736963272095,0.3808465898036957,-0.3236343264579773,0.6998190879821777,0.9997119307518005
1608,53600,RIGHT_WRIST,0.526874840259552,0.37869468331336975,-0.32709118723869324,0.9743356108665466,0.9998350143432617
1608,53600,LEFT_PINKY,0.5909843444824219,0.3680323660373688,-0.38945797085762024,0.6715863943099976,0.9997192025184631
1608,53600,RIGHT_PINKY,0.5520361661911011,0.363012433052063,-0.36230528354644775,0.9574745297431946,0.9997982382774353
1608,53600,LEFT_INDEX,0.5838671326637268,0.35354486107826233,-0.39031749963760376,0.6675329804420471,0.9997318387031555
1608,53600,RIGHT_INDEX,0.5500110387802124,0.3472120463848114,-0.3627469837665558,0.9523038268089294,0.9998130202293396
1608,53600,LEFT_THUMB,0.5750553011894226,0.35748302936553955,-0.33692070841789246,0.646308958530426,0.9997715353965759
1608,53600,RIGHT_THUMB,0.5417196750640869,0.3520846962928772,-0.3233048617839813,0.9227054119110107,0.9998471736907959
1608,53600,LEFT_HIP,0.5090963840484619,0.5236570835113525,0.11984691023826599,0.9977651834487915,0.9990611672401428
1608,53600,RIGHT_HIP,0.4440115988254547,0.5453469157218933,-0.11957389861345291,0.9980108141899109,0.9982203841209412
1608,53600,LEFT_KNEE,0.5993309617042542,0.520179033279419,-0.27699074149131775,0.8916687369346619,0.9995059967041016
1608,53600,RIGHT_KNEE,0.47307857871055603,0.7161755561828613,-0.1957758665084839,0.9823430180549622,0.9989891648292542
1608,53600,LEFT_ANKLE,0.5560445785522461,0.677445113658905,-0.09344608336687088,0.8889819383621216,0.9998291730880737
1608,53600,RIGHT_ANKLE,0.4379337728023529,0.8924404978752136,-0.047382332384586334,0.9845776557922363,0.9974910020828247
1608,53600,LEFT_HEEL,0.5359264612197876,0.6984294056892395,-0.08120296150445938,0.9058758616447449,0.9997816681861877
1608,53600,RIGHT_HEEL,0.4174409508705139,0.921625018119812,-0.04300465062260628,0.9486063718795776,0.9967480897903442
1608,53600,LEFT_FOOT_INDEX,0.572752833366394,0.732749342918396,-0.22753237187862396,0.9244471788406372,0.9994813799858093
1608,53600,RIGHT_FOOT_INDEX,0.5069772005081177,0.9350072741508484,-0.26098382472991943,0.9765416979789734,0.9949746131896973
1609,53633,NOSE,0.5007510781288147,0.2684665620326996,-0.20101267099380493,0.9992485642433167,0.9989474415779114
1609,53633,LEFT_EYE_INNER,0.5026339888572693,0.2525363862514496,-0.1731138825416565,0.9990475177764893,0.9988217949867249
1609,53633,LEFT_EYE,0.5035333037376404,0.25169846415519714,-0.17317743599414825,0.9990600943565369,0.9989233613014221
1609,53633,LEFT_EYE_OUTER,0.5053228139877319,0.2508889138698578,-0.17323265969753265,0.9990972280502319,0.9989442229270935
1609,53633,RIGHT_EYE_INNER,0.49673518538475037,0.252427339553833,-0.21159519255161285,0.9988521337509155,0.9985275268554688
1609,53633,RIGHT_EYE,0.49381810426712036,0.25157615542411804,-0.2116272747516632,0.9986703991889954,0.998377799987793
1609,53633,RIGHT_EYE_OUTER,0.4893813729286194,0.2511182725429535,-0.21180084347724915,0.9986931085586548,0.998264491558075
1609,53633,LEFT_EAR,0.5005769729614258,0.25199031829833984,0.0018163596978411078,0.9988182187080383,0.9990864992141724
1609,53633,RIGHT_EAR,0.4784684479236603,0.2540186941623688,-0.16876350343227386,0.998507022857666,0.9986190795898438
1609,53633,MOUTH_LEFT,0.50212562084198,0.2780953347682953,-0.12881240248680115,0.999470591545105,0.9994551539421082
1609,53633,MOUTH_RIGHT,0.4939344823360443,0.2771606147289276,-0.17788079380989075,0.9994643330574036,0.9993979930877686
1609,53633,LEFT_SHOULDER,0.5209278464317322,0.32725420594215393,0.18699675798416138,0.9989542961120605,0.9985382556915283
1609,53633,RIGHT_SHOULDER,0.4137403666973114,0.33426275849342346,-0.1983802616596222,0.999846875667572,0.9991507530212402
1609,53633,LEFT_ELBOW,0.553163468837738,0.4283483028411865,0.01592877134680748,0.5248856544494629,0.9966059923171997
1609,53633,RIGHT_ELBOW,0.43783053755760193,0.4393436014652252,-0.29700472950935364,0.9836335778236389,0.9982427358627319
1609,53633,LEFT_WRIST,0.5763967037200928,0.38362422585487366,-0.38972926139831543,0.71015864610672,0.9995107650756836
1609,53633,RIGHT_WRIST,0.5272077918052673,0.37994319200515747,-0.3072822690010071,0.9761996865272522,0.999876856803894
1609,53633,LEFT_PINKY,0.5910794138908386,0.37249621748924255,-0.4598027467727661,0.6786710023880005,0.9995467066764832
1609,53633,RIGHT_PINKY,0.5525579452514648,0.3677018880844116,-0.3395111858844757,0.9599588513374329,0.9998468160629272
1609,53633,LEFT_INDEX,0.5838930606842041,0.3583551347255707,-0.45642009377479553,0.6745615005493164,0.9995598196983337
1609,53633,RIGHT_INDEX,0.5501002669334412,0.35216477513313293,-0.33697885274887085,0.9549672603607178,0.9998571872711182
1609,53633,LEFT_THUMB,0.574840784072876,0.359730064868927,-0.4023036062717438,0.6523292660713196,0.9996241331100464
1609,53633,RIGHT_THUMB,0.541767418384552,0.35546329617500305,-0.3006826937198639,0.9264782071113586,0.9998840093612671
1609,53633,LEFT_HIP,0.5075539946556091,0.5302624702453613,0.11869009584188461,0.9977880120277405,0.9985419511795044
1609,53633,RIGHT_HIP,0.4407518208026886,0.5483626127243042,-0.11840198189020157,0.9979662299156189,0.9974046349525452
1609,53633,LEFT_KNEE,0.5960932970046997,0.5357858538627625,-0.2507459819316864,0.8991875648498535,0.9992400407791138
1609,53633,RIGHT_KNEE,0.4749492108821869,0.7162628173828125,-0.17901304364204407,0.9824869632720947,0.9987927675247192
1609,53633,LEFT_ANKLE,0.5546391606330872,0.6937708258628845,-0.0823349729180336,0.8941305875778198,0.9995526671409607
1609,53633,RIGHT_ANKLE,0.438607782125473,0.8926348686218262,-0.01663883589208126,0.9838758707046509,0.9952297210693359
1609,53633,LEFT_HEEL,0.5372224450111389,0.7112231254577637,-0.07232752442359924,0.908493161201477,0.9994018077850342
1609,53633,RIGHT_HEEL,0.41747739911079407,0.9211390614509583,-0.011537612415850163,0.9431234002113342,0.9936402440071106
1609,53633,LEFT_FOOT_INDEX,0.573920488357544,0.743728756904602,-0.21929383277893066,0.9285666942596436,0.9987502098083496
1609,53633,RIGHT_FOOT_INDEX,0.5073346495628357,0.9345885515213013,-0.22602389752864838,0.9756354689598083,0.9912083148956299
1610,53667,NOSE,0.5050166845321655,0.2680417001247406,-0.18704353272914886,0.9992677569389343,0.9987457990646362
1610,53667,LEFT_EYE_INNER,0.506584107875824,0.25231999158859253,-0.16065584123134613,0.9990621209144592,0.9986011385917664
1610,53667,LEFT_EYE,0.5072486996650696,0.251442551612854,-0.16072197258472443,0.9990856051445007,0.998755931854248
1610,53667,LEFT_EYE_OUTER,0.5084265470504761,0.2505708634853363,-0.16076721251010895,0.9991163015365601,0.9987995624542236
1610,53667,RIGHT_EYE_INNER,0.5008236169815063,0.2520512640476227,-0.203867569565773,0.9988576173782349,0.9981518387794495
1610,53667,RIGHT_EYE,0.4981811046600342,0.2511417269706726,-0.20391298830509186,0.9986839294433594,0.9979416728019714
1610,53667,RIGHT_EYE_OUTER,0.4949207007884979,0.25062981247901917,-0.2041100114583969,0.9986951351165771,0.9977787137031555
1610,53667,LEFT_EAR,0.5008713006973267,0.25150519609451294,0.00306380121037364,0.99882972240448,0.9990058541297913
1610,53667,RIGHT_EAR,0.48310261964797974,0.2535564601421356,-0.18017491698265076,0.9985012412071228,0.9982499480247498
1610,53667,MOUTH_LEFT,0.5036994814872742,0.277932733297348,-0.12007756531238556,0.9994840621948242,0.9993876218795776
1610,53667,MOUTH_RIGHT,0.49672412872314453,0.2767031490802765,-0.17454621195793152,0.999479353427887,0.9992503523826599
1610,53667,LEFT_SHOULDER,0.520714521408081,0.3292132318019867,0.18138831853866577,0.9989258050918579,0.9983702301979065
1610,53667,RIGHT_SHOULDER,0.41391563415527344,0.3349270224571228,-0.20130577683448792,0.9998353123664856,0.9988640546798706
1610,53667,LEFT_ELBOW,0.5512428879737854,0.433195561170578,0.025789186358451843,0.5297250151634216,0.9960120916366577
1610,53667,RIGHT_ELBOW,0.4348798990249634,0.4421990215778351,-0.30086642503738403,0.984758734703064,0.9979262351989746
1610,53667,LEFT_WRIST,0.5764127969741821,0.38499245047569275,-0.3764195442199707,0.7141101956367493,0.9994687438011169
1610,53667,RIGHT_WRIST,0.5275316834449768,0.38144880533218384,-0.2763616144657135,0.9778340458869934,0.999869704246521
1610,53667,LEFT_PINKY,0.5909799337387085,0.3743395209312439,-0.44270843267440796,0.680314302444458,0.999535083770752
1610,53667,RIGHT_PINKY,0.5520507097244263,0.36957165598869324,-0.3049319088459015,0.9621549844741821,0.9998407363891602
1610,53667,LEFT_INDEX,0.5839104652404785,0.36071646213531494,-0.440641313791275,0.6762584447860718,0.9995465874671936
1610,53667,RIGHT_INDEX,0.5503875017166138,0.3532624840736389,-0.3031650483608246,0.9573126435279846,0.9998499155044556
1610,53667,LEFT_THUMB,0.5749480128288269,0.36183804273605347,-0.38954266905784607,0.6526323556900024,0.9996098875999451
1610,53667,RIGHT_THUMB,0.54212886095047,0.35571303963661194,-0.268969863653183,0.9296017289161682,0.9998778104782104
1610,53667,LEFT_HIP,0.5066502094268799,0.5331844687461853,0.1195102334022522,0.9978314638137817,0.9986901879310608
1610,53667,RIGHT_HIP,0.44003570079803467,0.5493412613868713,-0.11923003196716309,0.9979031085968018,0.9973335266113281
1610,53667,LEFT_KNEE,0.5946213603019714,0.5349350571632385,-0.26912567019462585,0.9066342711448669,0.999321460723877
1610,53667,RIGHT_KNEE,0.4758662283420563,0.7163398265838623,-0.1698775291442871,0.9825325608253479,0.9985361099243164
1610,53667,LEFT_ANKLE,0.5541711449623108,0.6922049522399902,-0.10323096811771393,0.8996322751045227,0.9995427131652832
1610,53667,RIGHT_ANKLE,0.4387204945087433,0.8925466537475586,-0.0002546440518926829,0.9833181500434875,0.9948970675468445
1610,53667,LEFT_HEEL,0.5374963283538818,0.7110227346420288,-0.09337855130434036,0.9118358492851257,0.9993901252746582
1610,53667,RIGHT_HEEL,0.41734251379966736,0.9211203455924988,0.005914716981351376,0.938505232334137,0.9934234619140625
1610,53667,LEFT_FOOT_INDEX,0.5745717883110046,0.7454547882080078,-0.24197876453399658,0.9328570365905762,0.9988081455230713
1610,53667,RIGHT_FOOT_INDEX,0.5021423697471619,0.9342116117477417,-0.2062576860189438,0.9750292897224426,0.9912225008010864
1611,53700,NOSE,0.5050348043441772,0.2763054370880127,-0.14405186474323273,0.999325692653656,0.9998306035995483
1611,53700,LEFT_EYE_INNER,0.5067529678344727,0.26066118478775024,-0.11392792314291,0.9991371035575867,0.9997952580451965
1611,53700,LEFT_EYE,0.5076267719268799,0.2600788474082947,-0.11403504759073257,0.9991602301597595,0.9998041987419128
1611,53700,LEFT_EYE_OUTER,0.50895756483078,0.25960585474967957,-0.11411657184362411,0.9991888999938965,0.9997937083244324
1611,53700,RIGHT_EYE_INNER,0.5009461641311646,0.2607579231262207,-0.15123611688613892,0.9989451766014099,0.9997490048408508
1611,53700,RIGHT_EYE,0.4983215034008026,0.2603517174720764,-0.15128813683986664,0.9987866282463074,0.999718964099884
1611,53700,RIGHT_EYE_OUTER,0.4953371584415436,0.26019561290740967,-0.15145067870616913,0.9987961053848267,0.9996825456619263
1611,53700,LEFT_EAR,0.501929521560669,0.2633909285068512,0.05575387179851532,0.9989226460456848,0.9998273849487305
1611,53700,RIGHT_EAR,0.4830889105796814,0.26488515734672546,-0.10446684062480927,0.9986194968223572,0.9997389912605286
1611,53700,MOUTH_LEFT,0.503759503364563,0.28736215829849243,-0.07600224018096924,0.9995218515396118,0.9998883008956909
1611,53700,MOUTH_RIGHT,0.4967334568500519,0.286721408367157,-0.12317220866680145,0.9995156526565552,0.9998773336410522
1611,53700,LEFT_SHOULDER,0.5229969620704651,0.3393464684486389,0.2211010754108429,0.9989907145500183,0.9995124340057373
1611,53700,RIGHT_SHOULDER,0.41406482458114624,0.35030680894851685,-0.14673501253128052,0.9998419880867004,0.9996645450592041
1611,53700,LEFT_ELBOW,0.5556535124778748,0.440749853849411,0.08722446113824844,0.5352228879928589,0.9984069466590881
1611,53700,RIGHT_ELBOW,0.43373867869377136,0.4587527811527252,-0.22392170131206512,0.9856349229812622,0.9987383484840393
1611,53700,LEFT_WRIST,0.5787451267242432,0.40573179721832275,-0.26724642515182495,0.7019702196121216,0.9994869232177734
1611,53700,RIGHT_WRIST,0.5279677510261536,0.411729097366333,-0.19051599502563477,0.9783589839935303,0.9998481273651123
1611,53700,LEFT_PINKY,0.591020405292511,0.3989127278327942,-0.329257994890213,0.6649783253669739,0.9995711445808411
1611,53700,RIGHT_PINKY,0.5551571846008301,0.4019416272640228,-0.21155959367752075,0.9619057178497314,0.9998267292976379
1611,53700,LEFT_INDEX,0.5839765667915344,0.38934603333473206,-0.32576194405555725,0.6607918739318848,0.9995790123939514
1611,53700,RIGHT_INDEX,0.5536745190620422,0.38310298323631287,-0.21419350802898407,0.9568057060241699,0.9998338222503662
1611,53700,LEFT_THUMB,0.5749253630638123,0.3892597556114197,-0.2782430350780487,0.6359057426452637,0.9996242523193359
1611,53700,RIGHT_THUMB,0.543379545211792,0.38509494066238403,-0.1850595623254776,0.9281203150749207,0.9998680353164673
1611,53700,LEFT_HIP,0.5069948434829712,0.5431292057037354,0.11758454889059067,0.9980186820030212,0.9997585415840149
1611,53700,RIGHT_HIP,0.43791598081588745,0.558201253414154,-0.11729471385478973,0.9980615973472595,0.9994043111801147
1611,53700,LEFT_KNEE,0.5904627442359924,0.5848645567893982,-0.36468958854675293,0.9142535328865051,0.9999110698699951
1611,53700,RIGHT_KNEE,0.4805815517902374,0.7157293558120728,-0.2419608235359192,0.982951283454895,0.9997830986976624
1611,53700,LEFT_ANKLE,0.5559420585632324,0.7732881903648376,-0.316402405500412,0.90714430809021,0.9998563528060913
1611,53700,RIGHT_ANKLE,0.43847692012786865,0.892489492893219,-0.14757761359214783,0.9822766184806824,0.9981049299240112
1611,53700,LEFT_HEEL,0.5546371340751648,0.7815098166465759,-0.3187876343727112,0.9172365665435791,0.999745786190033
1611,53700,RIGHT_HEEL,0.4172307848930359,0.9210668802261353,-0.1493988037109375,0.9307395815849304,0.9971655011177063
1611,53700,LEFT_FOOT_INDEX,0.5983062982559204,0.7898550629615784,-0.4970639646053314,0.9379416704177856,0.9991722106933594
1611,53700,RIGHT_FOOT_INDEX,0.5020012259483337,0.933616578578949,-0.366600900888443,0.9741166830062866,0.9953314661979675
1612,53733,NOSE,0.5081024169921875,0.2908433675765991,-0.1543576717376709,0.9993877410888672,0.9999656677246094
1612,53733,LEFT_EYE_INNER,0.5089271068572998,0.27550917863845825,-0.12563276290893555,0.9992173314094543,0.9999533891677856
1612,53733,LEFT_EYE,0.5096405148506165,0.27499520778656006,-0.1257513165473938,0.9992386698722839,0.9999552965164185
1612,53733,LEFT_EYE_OUTER,0.510725736618042,0.27457165718078613,-0.12580394744873047,0.9992647171020508,0.9999529123306274
1612,53733,RIGHT_EYE_INNER,0.5036596655845642,0.27565890550613403,-0.16635777056217194,0.9990426898002625,0.9999412298202515
1612,53733,RIGHT_EYE,0.5010390877723694,0.2753084599971771,-0.16639596223831177,0.9988987445831299,0.9999308586120605
1612,53733,RIGHT_EYE_OUTER,0.49845239520072937,0.27507928013801575,-0.1665099561214447,0.9989068508148193,0.9999191761016846
1612,53733,LEFT_EAR,0.5030397176742554,0.27858766913414,0.038468215614557266,0.999021589756012,0.9999622106552124
1612,53733,RIGHT_EAR,0.4841006100177765,0.2793044149875641,-0.13742247223854065,0.9987488389015198,0.9999313354492188
1612,53733,MOUTH_LEFT,0.5059166550636292,0.3022584319114685,-0.08812053501605988,0.9995642304420471,0.9999761581420898
1612,53733,MOUTH_RIGHT,0.499709814786911,0.30145034193992615,-0.13966195285320282,0.9995591044425964,0.9999743700027466
1612,53733,LEFT_SHOULDER,0.5226477980613708,0.3498334288597107,0.20552276074886322,0.9990795254707336,0.9999278783798218
1612,53733,RIGHT_SHOULDER,0.4143487513065338,0.3653770983219147,-0.17609615623950958,0.9998549818992615,0.9999079704284668
1612,53733,LEFT_ELBOW,0.555934727191925,0.4441612958908081,0.08243267238140106,0.5519264340400696,0.9996192455291748
1612,53733,RIGHT_ELBOW,0.4344615936279297,0.4727139174938202,-0.23052139580249786,0.9865254163742065,0.9993001222610474
1612,53733,LEFT_WRIST,0.5829891562461853,0.4265226125717163,-0.2832145094871521,0.7091901302337646,0.9999066591262817
1612,53733,RIGHT_WRIST,0.5282564759254456,0.43855905532836914,-0.18611760437488556,0.9794034957885742,0.9999066591262817
1612,53733,LEFT_PINKY,0.5928428769111633,0.4248843491077423,-0.34882333874702454,0.6696079969406128,0.9998979568481445
1612,53733,RIGHT_PINKY,0.5588380694389343,0.43255022168159485,-0.20995967090129852,0.9631734490394592,0.9998925924301147
1612,53733,LEFT_INDEX,0.585308849811554,0.41194114089012146,-0.3487967252731323,0.6656683683395386,0.9999104738235474
1612,53733,RIGHT_INDEX,0.5550492405891418,0.41397371888160706,-0.21439816057682037,0.9581727385520935,0.9999028444290161
1612,53733,LEFT_THUMB,0.5755976438522339,0.41162678599357605,-0.29559919238090515,0.6396945714950562,0.9999274015426636
1612,53733,RIGHT_THUMB,0.5453630089759827,0.41404831409454346,-0.18090283870697021,0.9298300743103027,0.9999244213104248
1612,53733,LEFT_HIP,0.5052534341812134,0.5505022406578064,0.12063106894493103,0.9981914758682251,0.9998723268508911
1612,53733,RIGHT_HIP,0.43415015935897827,0.5661454200744629,-0.12040364742279053,0.9982267618179321,0.9996501207351685
1612,53733,LEFT_KNEE,0.5878908634185791,0.6130715012550354,-0.20995734632015228,0.9195029139518738,0.9999618530273438
1612,53733,RIGHT_KNEE,0.48512306809425354,0.715717077255249,-0.2649462819099426,0.9838152527809143,0.9999122619628906
1612,53733,LEFT_ANKLE,0.591850757598877,0.7795495390892029,-0.19669219851493835,0.9137743711471558,0.999915361404419
1612,53733,RIGHT_ANKLE,0.4385945200920105,0.8913833498954773,-0.2543952167034149,0.9823089838027954,0.999182403087616
1612,53733,LEFT_HEEL,0.5847235321998596,0.8106515407562256,-0.20248106122016907,0.9217793941497803,0.9998358488082886
1612,53733,RIGHT_HEEL,0.41716015338897705,0.9188024997711182,-0.2646962106227875,0.9272407293319702,0.9984398484230042
1612,53733,LEFT_FOOT_INDEX,0.6379667520523071,0.8023810982704163,-0.3530053198337555,0.9424678087234497,0.9994745850563049
1612,53733,RIGHT_FOOT_INDEX,0.5036216378211975,0.9264840483665466,-0.46335017681121826,0.9744988679885864,0.9971379041671753
1613,53767,NOSE,0.5092833638191223,0.29414960741996765,-0.159957155585289,0.9994242787361145,0.9997639060020447
1613,53767,LEFT_EYE_INNER,0.5100045800209045,0.27986013889312744,-0.1348930299282074,0.9992637038230896,0.9997075200080872
1613,53767,LEFT_EYE,0.5107356309890747,0.27939721941947937,-0.13499875366687775,0.9992864727973938,0.9997180104255676
1613,53767,LEFT_EYE_OUTER,0.5117672681808472,0.27898699045181274,-0.13503257930278778,0.9993084669113159,0.9997056126594543
1613,53767,RIGHT_EYE_INNER,0.5042853951454163,0.28002846240997314,-0.17654480040073395,0.9990994334220886,0.9996627569198608
1613,53767,RIGHT_EYE,0.5014746189117432,0.2797001600265503,-0.17659473419189453,0.9989636540412903,0.99962317943573
1613,53767,RIGHT_EYE_OUTER,0.49876368045806885,0.2794482111930847,-0.176735982298851,0.9989668130874634,0.9995836615562439
1613,53767,LEFT_EAR,0.503341794013977,0.28265419602394104,0.028827857226133347,0.9990680813789368,0.9997559189796448
1613,53767,RIGHT_EAR,0.48372551798820496,0.283286452293396,-0.14897768199443817,0.9988296031951904,0.9996895790100098
1613,53767,MOUTH_LEFT,0.5068692564964294,0.3059397339820862,-0.0968242958188057,0.999584436416626,0.9998706579208374
1613,53767,MOUTH_RIGHT,0.500373125076294,0.30572208762168884,-0.149229496717453,0.9995800852775574,0.9998646974563599
1613,53767,LEFT_SHOULDER,0.5224193930625916,0.35473519563674927,0.19183675944805145,0.9991296529769897,0.9997221827507019
1613,53767,RIGHT_SHOULDER,0.4144381582736969,0.3676419258117676,-0.20274469256401062,0.9998621344566345,0.9997352957725525
1613,53767,LEFT_ELBOW,0.5558139085769653,0.450403094291687,0.06236274912953377,0.5409139394760132,0.9986692667007446
1613,53767,RIGHT_ELBOW,0.4382404685020447,0.47023913264274597,-0.21989059448242188,0.9867928624153137,0.9981461763381958
1613,53767,LEFT_WRIST,0.5827928185462952,0.43079277873039246,-0.3147584795951843,0.6865695118904114,0.9994869232177734
1613,53767,RIGHT_WRIST,0.5349185466766357,0.4296585023403168,-0.09722039848566055,0.9786610007286072,0.9997366070747375
1613,53767,LEFT_PINKY,0.5916940569877625,0.4258165657520294,-0.37695351243019104,0.6471050977706909,0.9995597004890442
1613,53767,RIGHT_PINKY,0.5638956427574158,0.42030829191207886,-0.11077037453651428,0.9612826704978943,0.9997360110282898
1613,53767,LEFT_INDEX,0.5840071439743042,0.41316017508506775,-0.3798787295818329,0.6436919569969177,0.9995841383934021
1613,53767,RIGHT_INDEX,0.5589293241500854,0.4059395492076874,-0.11737263202667236,0.9559139609336853,0.9997425675392151
1613,53767,LEFT_THUMB,0.5729878544807434,0.4128226637840271,-0.32885870337486267,0.6176354885101318,0.9996246099472046
1613,53767,RIGHT_THUMB,0.5466915369033813,0.4093128740787506,-0.09097671508789062,0.9254807829856873,0.9997859597206116
1613,53767,LEFT_HIP,0.5048823356628418,0.5546407699584961,0.12083601951599121,0.9983364343643188,0.9998433589935303
1613,53767,RIGHT_HIP,0.432316392660141,0.5701631903648376,-0.12062188237905502,0.9983548521995544,0.9995570778846741
1613,53767,LEFT_KNEE,0.5861060619354248,0.6191548109054565,-0.20796601474285126,0.9252451658248901,0.9999604225158691
1613,53767,RIGHT_KNEE,0.4897380471229553,0.7158127427101135,-0.20909880101680756,0.9845766425132751,0.999880313873291
1613,53767,LEFT_ANKLE,0.6013243794441223,0.7804536819458008,-0.21376697719097137,0.9207080006599426,0.9998772144317627
1613,53767,RIGHT_ANKLE,0.4389154314994812,0.8893362879753113,-0.18455322086811066,0.9822849631309509,0.9988951086997986
1613,53767,LEFT_HEEL,0.5934141874313354,0.8134495615959167,-0.22196350991725922,0.9269347190856934,0.9997662901878357
1613,53767,RIGHT_HEEL,0.41698935627937317,0.9170044660568237,-0.179965078830719,0.9237072467803955,0.9979876279830933
1613,53767,LEFT_FOOT_INDEX,0.6468245983123779,0.8031774163246155,-0.38208770751953125,0.9471449851989746,0.9991737008094788
1613,53767,RIGHT_FOOT_INDEX,0.5036579370498657,0.9261022806167603,-0.4500828683376312,0.9746747016906738,0.9961246848106384
1614,53800,NOSE,0.509421169757843,0.3146430552005768,-0.2674752175807953,0.9994444251060486,0.9999051094055176
1614,53800,LEFT_EYE_INNER,0.5102606415748596,0.3019565939903259,-0.23901575803756714,0.999289870262146,0.9998716115951538
1614,53800,LEFT_EYE,0.5115038156509399,0.301376610994339,-0.23916493356227875,0.9993137717247009,0.9998741149902344
1614,53800,LEFT_EYE_OUTER,0.5131101012229919,0.3010665774345398,-0.23922385275363922,0.9993343949317932,0.999871015548706
1614,53800,RIGHT_EYE_INNER,0.5042282342910767,0.30257076025009155,-0.2741587460041046,0.9991331100463867,0.9998619556427002
1614,53800,RIGHT_EYE,0.5009307861328125,0.30274245142936707,-0.27424904704093933,0.9990087747573853,0.999843955039978
1614,53800,RIGHT_EYE_OUTER,0.49770089983940125,0.3030030429363251,-0.2743386924266815,0.9990147352218628,0.9998272061347961
1614,53800,LEFT_EAR,0.5068961381912231,0.30624356865882874,-0.06375608593225479,0.9990668296813965,0.9998990297317505
1614,53800,RIGHT_EAR,0.48258665204048157,0.3078199326992035,-0.21486195921897888,0.9988932013511658,0.9998683929443359
1614,53800,MOUTH_LEFT,0.508695125579834,0.32650014758110046,-0.1975661963224411,0.9995899796485901,0.9999599456787109
1614,53800,MOUTH_RIGHT,0.5004200339317322,0.3271903395652771,-0.24189406633377075,0.9995914101600647,0.9999607801437378
1614,53800,LEFT_SHOULDER,0.5289849042892456,0.37646785378456116,0.11523019522428513,0.999201774597168,0.9999489784240723
1614,53800,RIGHT_SHOULDER,0.41464143991470337,0.39668771624565125,-0.22269894182682037,0.9998719692230225,0.9998834133148193
1614,53800,LEFT_ELBOW,0.5628840923309326,0.4735684096813202,0.005354564171284437,0.5336438417434692,0.9990078806877136
1614,53800,RIGHT_ELBOW,0.4354667365550995,0.5038474202156067,-0.24646319448947906,0.9833124876022339,0.9975520968437195
1614,53800,LEFT_WRIST,0.561211347579956,0.47940799593925476,-0.3750447630882263,0.6515443921089172,0.9991753697395325
1614,53800,RIGHT_WRIST,0.5246679782867432,0.4864406883716583,-0.23532168567180634,0.9681884050369263,0.9993745684623718
1614,53800,LEFT_PINKY,0.560831606388092,0.47887638211250305,-0.44044843316078186,0.614834725856781,0.9993249177932739
1614,53800,RIGHT_PINKY,0.5591983795166016,0.47929316759109497,-0.2883349657058716,0.9479479193687439,0.9995573163032532
1614,53800,LEFT_INDEX,0.5557138323783875,0.46240517497062683,-0.4479529559612274,0.6124987602233887,0.9993767142295837
1614,53800,RIGHT_INDEX,0.5535064935684204,0.4598562717437744,-0.3055180311203003,0.9419735074043274,0.9995538592338562
1614,53800,LEFT_THUMB,0.553205668926239,0.46166157722473145,-0.38955745100975037,0.5861079692840576,0.9993939399719238
1614,53800,RIGHT_THUMB,0.5431925654411316,0.46027085185050964,-0.24138124287128448,0.9056652188301086,0.9995834231376648
1614,53800,LEFT_HIP,0.5042709112167358,0.5706650614738464,0.1210579201579094,0.9984337091445923,0.9998449087142944
1614,53800,RIGHT_HIP,0.4322208762168884,0.5841637253761292,-0.1208469420671463,0.9984714984893799,0.9995238780975342
1614,53800,LEFT_KNEE,0.576729416847229,0.6833973526954651,0.04362502694129944,0.9139719009399414,0.9999734163284302
1614,53800,RIGHT_KNEE,0.49560436606407166,0.7193334102630615,-0.2633625566959381,0.9846492409706116,0.9999305009841919
1614,53800,LEFT_ANKLE,0.6478778123855591,0.8077414631843567,0.14053326845169067,0.9231101274490356,0.9999004602432251
1614,53800,RIGHT_ANKLE,0.4390134811401367,0.8897392153739929,-0.20991478860378265,0.982515275478363,0.9996988773345947
1614,53800,LEFT_HEEL,0.64769446849823,0.84151691198349,0.13997887074947357,0.9222826361656189,0.9998238682746887
1614,53800,RIGHT_HEEL,0.41698768734931946,0.9168416261672974,-0.21531008183956146,0.9212953448295593,0.9994213581085205
1614,53800,LEFT_FOOT_INDEX,0.692036509513855,0.8127762079238892,-0.01746159791946411,0.9472311735153198,0.9995802044868469
1614,53800,RIGHT_FOOT_INDEX,0.5040422081947327,0.9261927008628845,-0.4307366907596588,0.9749891757965088,0.998849630355835
1615,53833,NOSE,0.516755998134613,0.3197879493236542,-0.2689623534679413,0.9994847774505615,0.9999438524246216
1615,53833,LEFT_EYE_INNER,0.5160407423973083,0.30628418922424316,-0.24532459676265717,0.9993436932563782,0.9999099969863892
1615,53833,LEFT_EYE,0.5169415473937988,0.3055781126022339,-0.24545519053936005,0.9993667006492615,0.9999092817306519
1615,53833,LEFT_EYE_OUTER,0.5180907845497131,0.3048996031284332,-0.245479553937912,0.9993821382522583,0.9999035596847534
1615,53833,RIGHT_EYE_INNER,0.5097578763961792,0.3068574368953705,-0.28616514801979065,0.9992000460624695,0.9999171495437622
1615,53833,RIGHT_EYE,0.506212055683136,0.3066568374633789,-0.2862839102745056,0.9990875720977783,0.9999126195907593
1615,53833,RIGHT_EYE_OUTER,0.5001869797706604,0.3066326677799225,-0.2864006459712982,0.9990929365158081,0.9999096393585205
1615,53833,LEFT_EAR,0.5093992948532104,0.30908679962158203,-0.08880492299795151,0.9991186261177063,0.9999258518218994
1615,53833,RIGHT_EAR,0.4838997423648834,0.31062859296798706,-0.2665584087371826,0.9989894032478333,0.999946117401123
1615,53833,MOUTH_LEFT,0.5145626068115234,0.33096328377723694,-0.20407050848007202,0.9996162056922913,0.9999768733978271
1615,53833,MOUTH_RIGHT,0.5069431066513062,0.3315739035606384,-0.255720317363739,0.9996213912963867,0.999981164932251
1615,53833,LEFT_SHOULDER,0.530982494354248,0.3818056583404541,0.10269950330257416,0.9992711544036865,0.9999598264694214
1615,53833,RIGHT_SHOULDER,0.41473039984703064,0.400365948677063,-0.28651851415634155,0.9998837113380432,0.9999786615371704
1615,53833,LEFT_ELBOW,0.5621400475502014,0.4788828492164612,0.005240417551249266,0.5065078735351562,0.9991095662117004
1615,53833,RIGHT_ELBOW,0.43786028027534485,0.5056435465812683,-0.2515500485897064,0.9822766184806824,0.9991028308868408
1615,53833,LEFT_WRIST,0.5627058148384094,0.48090502619743347,-0.38564303517341614,0.6116201281547546,0.9992478489875793
1615,53833,RIGHT_WRIST,0.5310316681861877,0.4820091128349304,-0.16164231300354004,0.964381217956543,0.9996989965438843
1615,53833,LEFT_PINKY,0.5677129626274109,0.48561108112335205,-0.44760602712631226,0.5807772874832153,0.9994300007820129
1615,53833,RIGHT_PINKY,0.5648715496063232,0.47932133078575134,-0.18490490317344666,0.9433786869049072,0.9997580647468567
1615,53833,LEFT_INDEX,0.5605884194374084,0.4732922613620758,-0.4584920406341553,0.5794589519500732,0.9994388222694397
1615,53833,RIGHT_INDEX,0.5565901398658752,0.4592784643173218,-0.19995883107185364,0.9372263550758362,0.999756395816803
1615,53833,LEFT_THUMB,0.5534701347351074,0.4729878306388855,-0.4025145173072815,0.5546541213989258,0.9994686245918274
1615,53833,RIGHT_THUMB,0.5489688515663147,0.4626380503177643,-0.15928296744823456,0.8982796669006348,0.9997774958610535
1615,53833,LEFT_HIP,0.5026463270187378,0.5739149451255798,0.12543785572052002,0.9985392093658447,0.9998972415924072
1615,53833,RIGHT_HIP,0.43174245953559875,0.5854830145835876,-0.1253303587436676,0.9986117482185364,0.9998979568481445
1615,53833,LEFT_KNEE,0.571735143661499,0.6830533742904663,0.15090632438659668,0.9027263522148132,0.9999803304672241
1615,53833,RIGHT_KNEE,0.4961978793144226,0.7216625213623047,-0.3005179762840271,0.9853363633155823,0.9999840259552002
1615,53833,LEFT_ANKLE,0.6536040306091309,0.8075255751609802,0.3021223247051239,0.9252923130989075,0.9999092817306519
1615,53833,RIGHT_ANKLE,0.4417043924331665,0.891229510307312,-0.30624061822891235,0.9833483695983887,0.9998351335525513
1615,53833,LEFT_HEEL,0.6538018584251404,0.8433560132980347,0.3076571822166443,0.919636607170105,0.9998477697372437
1615,53833,RIGHT_HEEL,0.41869309544563293,0.918230414390564,-0.3198438584804535,0.922706127166748,0.999588668346405
1615,53833,LEFT_FOOT_INDEX,0.7067294716835022,0.8073360323905945,0.17880231142044067,0.9478588104248047,0.9996691942214966
1615,53833,RIGHT_FOOT_INDEX,0.5112888216972351,0.9257328510284424,-0.5270182490348816,0.9762418270111084,0.9988123178482056
1616,53867,NOSE,0.5147499442100525,0.34927499294281006,-0.37839773297309875,0.9995118379592896,0.9999843835830688
1616,53867,LEFT_EYE_INNER,0.5156146883964539,0.33492177724838257,-0.34619608521461487,0.9993816018104553,0.9999774694442749
1616,53867,LEFT_EYE,0.5166087746620178,0.3343370258808136,-0.3463687598705292,0.9994001984596252,0.9999755620956421
1616,53867,LEFT_EYE_OUTER,0.5175170302391052,0.3338620364665985,-0.34646397829055786,0.9994173049926758,0.9999716281890869
1616,53867,RIGHT_EYE_INNER,0.5073108673095703,0.336125910282135,-0.38144439458847046,0.9992531538009644,0.9999798536300659
1616,53867,RIGHT_EYE,0.5029641389846802,0.33641868829727173,-0.3815818428993225,0.9991497993469238,0.9999778270721436
1616,53867,RIGHT_EYE_OUTER,0.49707621335983276,0.3368392288684845,-0.38169947266578674,0.99916011095047,0.9999749660491943
1616,53867,LEFT_EAR,0.5097654461860657,0.33810660243034363,-0.15233629941940308,0.9991549849510193,0.9999767541885376
1616,53867,RIGHT_EAR,0.4818025231361389,0.3421613574028015,-0.3057241439819336,0.9990696907043457,0.9999821186065674
1616,53867,MOUTH_LEFT,0.5140480399131775,0.3593992590904236,-0.3011801242828369,0.9996312856674194,0.9999921321868896
1616,53867,MOUTH_RIGHT,0.5051921606063843,0.3610243797302246,-0.34576305747032166,0.9996423721313477,0.9999934434890747
1616,53867,LEFT_SHOULDER,0.533520519733429,0.4034859240055084,0.04870320111513138,0.9993224143981934,0.9999669790267944
1616,53867,RIGHT_SHOULDER,0.4154552221298218,0.42685699462890625,-0.30537253618240356,0.9998936653137207,0.9999432563781738
1616,53867,LEFT_ELBOW,0.5620303153991699,0.49741798639297485,-0.06461954861879349,0.48934459686279297,0.9992536902427673
1616,53867,RIGHT_ELBOW,0.4339105188846588,0.527103841304779,-0.3837556838989258,0.9793890118598938,0.9985803365707397
1616,53867,LEFT_WRIST,0.5550171136856079,0.5180489420890808,-0.4518943130970001,0.5637904405593872,0.9984310269355774
1616,53867,RIGHT_WRIST,0.5184222459793091,0.5274528861045837,-0.49035847187042236,0.9538792371749878,0.9995866417884827
1616,53867,LEFT_PINKY,0.5536541938781738,0.528684675693512,-0.5197400450706482,0.535878598690033,0.9988775849342346
1616,53867,RIGHT_PINKY,0.5501833558082581,0.5295770168304443,-0.5444420576095581,0.9307958483695984,0.9997178912162781
1616,53867,LEFT_INDEX,0.5442925095558167,0.5135106444358826,-0.5279613733291626,0.5350118279457092,0.9989499449729919
1616,53867,RIGHT_INDEX,0.5363253951072693,0.5086604356765747,-0.5564447045326233,0.9239681363105774,0.9997239708900452
1616,53867,LEFT_THUMB,0.5423706769943237,0.5108528137207031,-0.4673994481563568,0.5116501450538635,0.9988744854927063
1616,53867,RIGHT_THUMB,0.5338537693023682,0.5051760673522949,-0.493062824010849,0.8792181015014648,0.9997308850288391
1616,53867,LEFT_HIP,0.4992257058620453,0.5939608812332153,0.12485966086387634,0.9986550211906433,0.9999638795852661
1616,53867,RIGHT_HIP,0.429408997297287,0.6026844382286072,-0.12477809935808182,0.9987324476242065,0.9998525381088257
1616,53867,LEFT_KNEE,0.5709058046340942,0.7097861766815186,0.119856096804142,0.8802613019943237,0.999985933303833
1616,53867,RIGHT_KNEE,0.5035037994384766,0.7252639532089233,-0.3634999990463257,0.9833420515060425,0.9999650716781616
1616,53867,LEFT_ANKLE,0.6906858086585999,0.8249778151512146,-0.07776816934347153,0.9208678603172302,0.9999443292617798
1616,53867,RIGHT_ANKLE,0.44171929359436035,0.8923956155776978,-0.3312608301639557,0.9810118079185486,0.9997895359992981
1616,53867,LEFT_HEEL,0.6953113079071045,0.8636943697929382,-0.09105358272790909,0.9110925197601318,0.9998970031738281
1616,53867,RIGHT_HEEL,0.4186666011810303,0.9183436632156372,-0.3411923050880432,0.9133614301681519,0.999602735042572
1616,53867,LEFT_FOOT_INDEX,0.7444643974304199,0.8079201579093933,-0.2757801413536072,0.9443156719207764,0.9997722506523132
1616,53867,RIGHT_FOOT_INDEX,0.5113160610198975,0.9250525236129761,-0.5723703503608704,0.9740386009216309,0.9994661211967468
1617,53900,NOSE,0.5145775675773621,0.3506670296192169,-0.33286428451538086,0.999546468257904,0.9999817609786987
1617,53900,LEFT_EYE_INNER,0.5150920152664185,0.3360019624233246,-0.3112644851207733,0.9994294047355652,0.9999727010726929
1617,53900,LEFT_EYE,0.5161206126213074,0.33534643054008484,-0.3110522925853729,0.999446451663971,0.9999721050262451
1617,53900,LEFT_EYE_OUTER,0.5171691179275513,0.3348139226436615,-0.3110678791999817,0.9994629621505737,0.9999697208404541
1617,53900,RIGHT_EYE_INNER,0.5075989365577698,0.3366599380970001,-0.3783133029937744,0.9993112683296204,0.9999732971191406
1617,53900,RIGHT_EYE,0.503354012966156,0.3365492820739746,-0.3788246214389801,0.9992167353630066,0.9999710321426392
1617,53900,RIGHT_EYE_OUTER,0.4987438917160034,0.3366406559944153,-0.37907758355140686,0.999228835105896,0.9999678134918213
1617,53900,LEFT_EAR,0.5097577571868896,0.33871981501579285,-0.11597872525453568,0.9992127418518066,0.9999773502349854
1617,53900,RIGHT_EAR,0.4843524992465973,0.34103360772132874,-0.25314128398895264,0.9991515874862671,0.9999796152114868
1617,53900,MOUTH_LEFT,0.514102041721344,0.3610204756259918,-0.2507670521736145,0.9996547698974609,0.9999922513961792
1617,53900,MOUTH_RIGHT,0.5055714249610901,0.3622612953186035,-0.32419589161872864,0.9996674060821533,0.999992847442627
1617,53900,LEFT_SHOULDER,0.5346001982688904,0.40687045454978943,0.08805724233388901,0.9993792772293091,0.9999809265136719
1617,53900,RIGHT_SHOULDER,0.4155448377132416,0.4272543787956238,-0.28587040305137634,0.9999035000801086,0.9999685287475586
1617,53900,LEFT_ELBOW,0.5616165995597839,0.5016592741012573,-0.021746013313531876,0.45784810185432434,0.9994882345199585
1617,53900,RIGHT_ELBOW,0.43394339084625244,0.5224157571792603,-0.3159598708152771,0.9753956198692322,0.9990018010139465
1617,53900,LEFT_WRIST,0.5551482439041138,0.5245311856269836,-0.3976535201072693,0.5163841247558594,0.998625636100769
1617,53900,RIGHT_WRIST,0.5122004151344299,0.5309820175170898,-0.37307223677635193,0.936743438243866,0.9993031024932861
1617,53900,LEFT_PINKY,0.5570806860923767,0.5372562408447266,-0.46122846007347107,0.4926934242248535,0.9989223480224609
1617,53900,RIGHT_PINKY,0.540325403213501,0.534937858581543,-0.4224894046783447,0.9122374057769775,0.9994668364524841
1617,53900,LEFT_INDEX,0.5480821132659912,0.5244285464286804,-0.4685764014720917,0.4923352599143982,0.9989169836044312
1617,53900,RIGHT_INDEX,0.5356346964836121,0.5166237354278564,-0.5269581079483032,0.9047891497612,0.9994524121284485
1617,53900,LEFT_THUMB,0.5448803901672363,0.5206776857376099,-0.41282743215560913,0.4710979461669922,0.9988924860954285
1617,53900,RIGHT_THUMB,0.5295403003692627,0.5137572288513184,-0.39875683188438416,0.8558136224746704,0.9994663596153259
1617,53900,LEFT_HIP,0.4950515925884247,0.5955212116241455,0.1249598041176796,0.9987695217132568,0.9999831914901733
1617,53900,RIGHT_HIP,0.4266429543495178,0.601948082447052,-0.12487874180078506,0.9988521933555603,0.9999485015869141
1617,53900,LEFT_KNEE,0.5716962218284607,0.7099294662475586,-0.0084987198933959,0.8550858497619629,0.9999876022338867
1617,53900,RIGHT_KNEE,0.5071940422058105,0.7290299534797668,-0.35033586621284485,0.982477068901062,0.9999794960021973
1617,53900,LEFT_ANKLE,0.6951332688331604,0.826355516910553,-0.06343554705381393,0.9158505201339722,0.9999251365661621
1617,53900,RIGHT_ANKLE,0.44586411118507385,0.8925004005432129,-0.35219472646713257,0.980118453502655,0.9997499585151672
1617,53900,LEFT_HEEL,0.6966399550437927,0.8599752187728882,-0.058361757546663284,0.9039187431335449,0.9998608827590942
1617,53900,RIGHT_HEEL,0.4196071922779083,0.9183505177497864,-0.3656241297721863,0.909712553024292,0.9994617104530334
1617,53900,LEFT_FOOT_INDEX,0.7582930326461792,0.8068590760231018,-0.2190934121608734,0.9407819509506226,0.9996758699417114
1617,53900,RIGHT_FOOT_INDEX,0.5116004943847656,0.9242465496063232,-0.5817624926567078,0.9734053015708923,0.999065101146698
1618,53933,NOSE,0.5146842002868652,0.37484750151634216,-0.6959187388420105,0.9995524883270264,0.999913215637207
1618,53933,LEFT_EYE_INNER,0.5159403681755066,0.35992878675460815,-0.6637956500053406,0.9994298219680786,0.9998289346694946
1618,53933,LEFT_EYE,0.5177004337310791,0.35955727100372314,-0.6639954447746277,0.9994380474090576,0.9998247027397156
1618,53933,LEFT_EYE_OUTER,0.5196292996406555,0.35931721329689026,-0.6642131805419922,0.9994522333145142,0.999796450138092
1618,53933,RIGHT_EYE_INNER,0.5075486898422241,0.3604477047920227,-0.6962774991989136,0.9993301630020142,0.9998468160629272
1618,53933,RIGHT_EYE,0.5032827258110046,0.3606458604335785,-0.6964753270149231,0.9992436170578003,0.9998289346694946
1618,53933,RIGHT_EYE_OUTER,0.4986836612224579,0.36105528473854065,-0.6966022253036499,0.9992604851722717,0.9997963309288025
1618,53933,LEFT_EAR,0.514443039894104,0.36383917927742004,-0.44002392888069153,0.9991349577903748,0.9998084902763367
1618,53933,RIGHT_EAR,0.48427245020866394,0.3656371235847473,-0.5770770311355591,0.9991946816444397,0.9998441934585571
1618,53933,MOUTH_LEFT,0.5153289437294006,0.38536617159843445,-0.6053602695465088,0.99964439868927,0.9999616146087646
1618,53933,MOUTH_RIGHT,0.505474328994751,0.38598111271858215,-0.6464803218841553,0.9996800422668457,0.9999719858169556
1618,53933,LEFT_SHOULDER,0.5419260263442993,0.4305155575275421,-0.20502863824367523,0.9993851780891418,0.9999221563339233
1618,53933,RIGHT_SHOULDER,0.41563698649406433,0.45510172843933105,-0.5106738805770874,0.9999090433120728,0.9997144341468811
1618,53933,LEFT_ELBOW,0.5720634460449219,0.5166996717453003,-0.33384111523628235,0.45487117767333984,0.999264657497406
1618,53933,RIGHT_ELBOW,0.4191547930240631,0.5617416501045227,-0.6284835338592529,0.9683287143707275,0.9951125979423523
1618,53933,LEFT_WRIST,0.5848787426948547,0.5692558884620667,-0.7093588709831238,0.47690799832344055,0.9913395047187805
1618,53933,RIGHT_WRIST,0.49118924140930176,0.592976450920105,-0.8196591138839722,0.920098066329956,0.9975942969322205
1618,53933,LEFT_PINKY,0.5882746577262878,0.5945844650268555,-0.7836654782295227,0.45787400007247925,0.9936578869819641
1618,53933,RIGHT_PINKY,0.5185842514038086,0.6132266521453857,-0.8964337110519409,0.8973985910415649,0.9985477328300476
1618,53933,LEFT_INDEX,0.5800630450248718,0.5869520306587219,-0.8134663701057434,0.4578562378883362,0.9935612678527832
1618,53933,RIGHT_INDEX,0.5250893831253052,0.5950995087623596,-0.9157536625862122,0.8901140689849854,0.998607337474823
1618,53933,LEFT_THUMB,0.5731533765792847,0.5813716053962708,-0.7334371209144592,0.43795880675315857,0.9931479096412659
1618,53933,RIGHT_THUMB,0.5194729566574097,0.5887256264686584,-0.828199565410614,0.8350891470909119,0.9984935522079468
1618,53933,LEFT_HIP,0.49473464488983154,0.618462324142456,0.10409516841173172,0.9987807869911194,0.9999275207519531
1618,53933,RIGHT_HIP,0.4233933091163635,0.6232155561447144,-0.10391668230295181,0.9989210367202759,0.9996403455734253
1618,53933,LEFT_KNEE,0.5791763067245483,0.7186076641082764,-0.11388640105724335,0.8427566885948181,0.9999181032180786
1618,53933,RIGHT_KNEE,0.5087646842002869,0.725469708442688,-0.5038267374038696,0.9804694652557373,0.9999109506607056
1618,53933,LEFT_ANKLE,0.7267887592315674,0.8462198376655579,-0.059560950845479965,0.9112552404403687,0.9995806813240051
1618,53933,RIGHT_ANKLE,0.44658592343330383,0.8943321704864502,-0.4162293076515198,0.9789015054702759,0.9994819760322571
1618,53933,LEFT_HEEL,0.7299957275390625,0.8799678683280945,-0.06210703402757645,0.8897485136985779,0.9993875026702881
1618,53933,RIGHT_HEEL,0.4200817346572876,0.9205714464187622,-0.41885116696357727,0.9016637206077576,0.9989010095596313
1618,53933,LEFT_FOOT_INDEX,0.7907026410102844,0.8502873182296753,-0.2680443525314331,0.9303465485572815,0.9987030029296875
1618,53933,RIGHT_FOOT_INDEX,0.5107739567756653,0.9300024509429932,-0.6792258620262146,0.9705703854560852,0.9984257221221924
1619,53967,NOSE,0.5142083764076233,0.37858545780181885,-0.6734972596168518,0.9995460510253906,0.9999270439147949
1619,53967,LEFT_EYE_INNER,0.5156065225601196,0.36385390162467957,-0.6440690755844116,0.9993866086006165,0.9998549222946167
1619,53967,LEFT_EYE,0.5173882246017456,0.363244891166687,-0.6442574858665466,0.9993745684623718,0.9998371601104736
1619,53967,LEFT_EYE_OUTER,0.5195395350456238,0.36272943019866943,-0.6444596648216248,0.9994065761566162,0.9998007416725159
1619,53967,RIGHT_EYE_INNER,0.5073647499084473,0.3654993772506714,-0.6710665822029114,0.999321460723877,0.9998997449874878
1619,53967,RIGHT_EYE,0.502223551273346,0.36588284373283386,-0.6712610125541687,0.9992411732673645,0.9998958110809326
1619,53967,RIGHT_EYE_OUTER,0.49817779660224915,0.3663591146469116,-0.6714212894439697,0.9992795586585999,0.999885082244873
1619,53967,LEFT_EAR,0.5164696574211121,0.3677707612514496,-0.43217548727989197,0.9989418387413025,0.9997751116752625
1619,53967,RIGHT_EAR,0.48402199149131775,0.3698570430278778,-0.5472435355186462,0.9992172718048096,0.9999126195907593
1619,53967,MOUTH_LEFT,0.5150203108787537,0.3902899920940399,-0.587200403213501,0.9996017813682556,0.9999598264694214
1619,53967,MOUTH_RIGHT,0.5043470859527588,0.3932652473449707,-0.6210417151451111,0.9996801614761353,0.9999738931655884
1619,53967,LEFT_SHOULDER,0.5450258851051331,0.43370744585990906,-0.1853763461112976,0.9993836283683777,0.9999175071716309
1619,53967,RIGHT_SHOULDER,0.4157405197620392,0.4593726694583893,-0.49410244822502136,0.9999162554740906,0.9998935461044312
1619,53967,LEFT_ELBOW,0.5735688209533691,0.5203866362571716,-0.24676473438739777,0.4433706998825073,0.9992861151695251
1619,53967,RIGHT_ELBOW,0.41675883531570435,0.5655969977378845,-0.5741075277328491,0.9664530754089355,0.9981496334075928
1619,53967,LEFT_WRIST,0.6026074886322021,0.5853309035301208,-0.5840826630592346,0.4388648271560669,0.9898461699485779
1619,53967,RIGHT_WRIST,0.49066370725631714,0.5989927053451538,-0.7196795344352722,0.9136705994606018,0.9991708993911743
1619,53967,LEFT_PINKY,0.6079879403114319,0.602290153503418,-0.6476845741271973,0.42288389801979065,0.9915474057197571
1619,53967,RIGHT_PINKY,0.5064553022384644,0.6140019297599792,-0.7853252291679382,0.8894761204719543,0.9993329644203186
1619,53967,LEFT_INDEX,0.6044790744781494,0.6002774238586426,-0.6834107041358948,0.4234171211719513,0.9905722737312317
1619,53967,RIGHT_INDEX,0.5126480460166931,0.5989720821380615,-0.8102653622627258,0.8828025460243225,0.9993263483047485
1619,53967,LEFT_THUMB,0.5995140075683594,0.5895408987998962,-0.610153079032898,0.40556833148002625,0.9904913306236267
1619,53967,RIGHT_THUMB,0.5156314373016357,0.5943647027015686,-0.7294641733169556,0.8249437212944031,0.9993857145309448
1619,53967,LEFT_HIP,0.4948282837867737,0.6196677088737488,0.10188747197389603,0.9988312721252441,0.9999477863311768
1619,53967,RIGHT_HIP,0.42195287346839905,0.6255657076835632,-0.10181587934494019,0.9990047812461853,0.9998263716697693
1619,53967,LEFT_KNEE,0.585984468460083,0.7248985171318054,-0.11132081598043442,0.8309627771377563,0.9999529123306274
1619,53967,RIGHT_KNEE,0.5161548852920532,0.7277824878692627,-0.44413453340530396,0.9798473715782166,0.9999488592147827
1619,53967,LEFT_ANKLE,0.7312597632408142,0.8489656448364258,-0.06091180816292763,0.906781792640686,0.9996761083602905
1619,53967,RIGHT_ANKLE,0.4468293786048889,0.8962857723236084,-0.37548378109931946,0.9779065251350403,0.9995452761650085
1619,53967,LEFT_HEEL,0.7346352338790894,0.8808917999267578,-0.06686986982822418,0.8750884532928467,0.9995002746582031
1619,53967,RIGHT_HEEL,0.4200855791568756,0.9208517670631409,-0.3785310387611389,0.8937957882881165,0.9990980625152588
1619,53967,LEFT_FOOT_INDEX,0.7985368371009827,0.8500561714172363,-0.2585810422897339,0.922937273979187,0.9989497065544128
1619,53967,RIGHT_FOOT_INDEX,0.5113352537155151,0.9337833523750305,-0.6168738007545471,0.9692840576171875,0.9987156391143799
1620,54000,NOSE,0.5194903016090393,0.39865538477897644,-0.8671326041221619,0.9995555877685547,0.9999377727508545
1620,54000,LEFT_EYE_INNER,0.5203814506530762,0.3834797143936157,-0.8425425291061401,0.9993847608566284,0.9998914003372192
1620,54000,LEFT_EYE,0.5222311615943909,0.38254258036613464,-0.8427677154541016,0.9993668794631958,0.9999014139175415
1620,54000,LEFT_EYE_OUTER,0.5242834091186523,0.38173335790634155,-0.84307861328125,0.9994063377380371,0.9998984336853027
1620,54000,RIGHT_EYE_INNER,0.5118469595909119,0.3860735297203064,-0.8760993480682373,0.9993264079093933,0.9998621940612793
1620,54000,RIGHT_EYE,0.507142186164856,0.38699841499328613,-0.8762859106063843,0.9992425441741943,0.99982088804245
1620,54000,RIGHT_EYE_OUTER,0.5023699402809143,0.38786759972572327,-0.8763725161552429,0.999285101890564,0.9997449517250061
1620,54000,LEFT_EAR,0.5196088552474976,0.3879339396953583,-0.634976863861084,0.9989250898361206,0.9999226331710815
1620,54000,RIGHT_EAR,0.4873672425746918,0.3944355845451355,-0.781623899936676,0.9992237091064453,0.9997010827064514
1620,54000,MOUTH_LEFT,0.520164966583252,0.409213125705719,-0.7806706428527832,0.9996040463447571,0.9999669790267944
1620,54000,MOUTH_RIGHT,0.5087891221046448,0.41321003437042236,-0.8236027359962463,0.9996886849403381,0.9999492168426514
1620,54000,LEFT_SHOULDER,0.5470683574676514,0.4481540322303772,-0.35619881749153137,0.9994308948516846,0.9999901056289673
1620,54000,RIGHT_SHOULDER,0.4210589826107025,0.4823853075504303,-0.6614606380462646,0.9999098181724548,0.9982596039772034
1620,54000,LEFT_ELBOW,0.5977716445922852,0.5152613520622253,-0.31459999084472656,0.467804878950119,0.9998679161071777
1620,54000,RIGHT_ELBOW,0.4190666973590851,0.5849865078926086,-0.6307765245437622,0.9471819400787354,0.974428653717041
1620,54000,LEFT_WRIST,0.6623694896697998,0.5805153846740723,-0.5482788681983948,0.43807652592658997,0.997078537940979
1620,54000,RIGHT_WRIST,0.4780726432800293,0.6172696352005005,-0.6386523246765137,0.8716001510620117,0.9769080877304077
1620,54000,LEFT_PINKY,0.6745873689651489,0.6081196665763855,-0.5998995304107666,0.42194417119026184,0.9958109855651855
1620,54000,RIGHT_PINKY,0.49003511667251587,0.6344826221466064,-0.687641978263855,0.8497692942619324,0.9872961044311523
1620,54000,LEFT_INDEX,0.6663080453872681,0.6073366403579712,-0.6480016708374023,0.42441844940185547,0.9963089823722839
1620,54000,RIGHT_INDEX,0.4982336163520813,0.620713472366333,-0.7249685525894165,0.8435847163200378,0.9876757860183716
1620,54000,LEFT_THUMB,0.6609673500061035,0.5961881279945374,-0.5753944516181946,0.40753328800201416,0.9965617060661316
1620,54000,RIGHT_THUMB,0.4963330626487732,0.6145419478416443,-0.649867594242096,0.7845778465270996,0.9865617156028748
1620,54000,LEFT_HIP,0.4902151823043823,0.6222569346427917,0.10079692304134369,0.9988732933998108,0.9999817609786987
1620,54000,RIGHT_HIP,0.4208540618419647,0.6376422047615051,-0.10055569559335709,0.9990283250808716,0.9996501207351685
1620,54000,LEFT_KNEE,0.5969573855400085,0.723509669303894,-0.1294628083705902,0.8315297961235046,0.9999771118164062
1620,54000,RIGHT_KNEE,0.512232780456543,0.7283923029899597,-0.47258391976356506,0.9794335961341858,0.9998728036880493
1620,54000,LEFT_ANKLE,0.739608645439148,0.8507391214370728,-0.050521183758974075,0.9094026684761047,0.9997428059577942
1620,54000,RIGHT_ANKLE,0.44665098190307617,0.8985278010368347,-0.34109511971473694,0.9778439998626709,0.9988462924957275
1620,54000,LEFT_HEEL,0.7411035895347595,0.8868877291679382,-0.05323776230216026,0.8711214661598206,0.9996090531349182
1620,54000,RIGHT_HEEL,0.4200733006000519,0.9228820204734802,-0.3401595652103424,0.8905138373374939,0.9975758194923401
1620,54000,LEFT_FOOT_INDEX,0.8223210573196411,0.8555267453193665,-0.23395520448684692,0.9204267263412476,0.9986082911491394
1620,54000,RIGHT_FOOT_INDEX,0.5113023519515991,0.9350870847702026,-0.5805848240852356,0.9676984548568726,0.9963942170143127
1621,54033,NOSE,0.5224583148956299,0.4083656370639801,-0.8213914036750793,0.9995922446250916,0.9999301433563232
1621,54033,LEFT_EYE_INNER,0.5235624313354492,0.39288926124572754,-0.7977922558784485,0.9994316101074219,0.999907374382019
1621,54033,LEFT_EYE,0.5253962278366089,0.39228320121765137,-0.797946035861969,0.9994149804115295,0.9999179840087891
1621,54033,LEFT_EYE_OUTER,0.5273919105529785,0.3917958438396454,-0.7982829213142395,0.9994510412216187,0.9999189376831055
1621,54033,RIGHT_EYE_INNER,0.5162641406059265,0.3945656716823578,-0.8323524594306946,0.999382495880127,0.9998868703842163
1621,54033,RIGHT_EYE,0.512246310710907,0.3952263593673706,-0.8325763940811157,0.9993066191673279,0.9998645782470703
1621,54033,RIGHT_EYE_OUTER,0.5087363123893738,0.3960149586200714,-0.8326386213302612,0.9993453621864319,0.9998195767402649
1621,54033,LEFT_EAR,0.5224043726921082,0.3981565833091736,-0.6081578731536865,0.9990167021751404,0.999947190284729
1621,54033,RIGHT_EAR,0.49085500836372375,0.4029153287410736,-0.7612996101379395,0.9992937445640564,0.9998263716697693
1621,54033,MOUTH_LEFT,0.5224349498748779,0.41963011026382446,-0.7430781722068787,0.9996355772018433,0.9999493360519409
1621,54033,MOUTH_RIGHT,0.5122825503349304,0.4220157265663147,-0.7878889441490173,0.9997153282165527,0.9999226331710815
1621,54033,LEFT_SHOULDER,0.5526692271232605,0.46058550477027893,-0.3411370515823364,0.9994821548461914,0.9999905824661255
1621,54033,RIGHT_SHOULDER,0.4212101697921753,0.4930000901222229,-0.6412826776504517,0.9999138116836548,0.9992602467536926
1621,54033,LEFT_ELBOW,0.6166774034500122,0.512701690196991,-0.20912514626979828,0.5125678181648254,0.9998805522918701
1621,54033,RIGHT_ELBOW,0.3841353952884674,0.584681510925293,-0.513960063457489,0.9309062361717224,0.983022153377533
1621,54033,LEFT_WRIST,0.7025097012519836,0.5717691779136658,-0.17155839502811432,0.4661310911178589,0.9966526627540588
1621,54033,RIGHT_WRIST,0.4329919219017029,0.6440161466598511,-0.335511714220047,0.8253397345542908,0.984459638595581
1621,54033,LEFT_PINKY,0.7183734178543091,0.5885741114616394,-0.17894896864891052,0.4406229555606842,0.993506669998169
1621,54033,RIGHT_PINKY,0.45035433769226074,0.666308581829071,-0.3417357802391052,0.8035813570022583,0.9900686144828796
1621,54033,LEFT_INDEX,0.713263750076294,0.5888320803642273,-0.23624993860721588,0.44680294394493103,0.9946311712265015
1621,54033,RIGHT_INDEX,0.4623023569583893,0.6574959754943848,-0.38575097918510437,0.7987697124481201,0.9907777309417725
1621,54033,LEFT_THUMB,0.706482470035553,0.5891439318656921,-0.19632074236869812,0.4315511882305145,0.9953298568725586
1621,54033,RIGHT_THUMB,0.45996081829071045,0.6488752365112305,-0.3435570001602173,0.7438292503356934,0.9902769327163696
1621,54033,LEFT_HIP,0.48415958881378174,0.6301039457321167,0.09523118287324905,0.9989407062530518,0.9999713897705078
1621,54033,RIGHT_HIP,0.4185040295124054,0.6429381370544434,-0.09484187513589859,0.999098002910614,0.9997085928916931
1621,54033,LEFT_KNEE,0.606036901473999,0.7191557288169861,-0.1408444046974182,0.8403517603874207,0.9999821186065674
1621,54033,RIGHT_KNEE,0.49356141686439514,0.7301371693611145,-0.48290514945983887,0.9804384112358093,0.9999088048934937
1621,54033,LEFT_ANKLE,0.7286097407341003,0.8431908488273621,-0.0323110967874527,0.9149080514907837,0.9998507499694824
1621,54033,RIGHT_ANKLE,0.4474192261695862,0.8995970487594604,-0.3286867141723633,0.9781423211097717,0.9989431500434875
1621,54033,LEFT_HEEL,0.7280042767524719,0.8754935264587402,-0.029731256887316704,0.8752653002738953,0.9997854828834534
1621,54033,RIGHT_HEEL,0.42036333680152893,0.9228869676589966,-0.3249789774417877,0.8907283544540405,0.9979574680328369
1621,54033,LEFT_FOOT_INDEX,0.8128127455711365,0.8534750938415527,-0.2139606773853302,0.9228346943855286,0.9991294741630554
1621,54033,RIGHT_FOOT_INDEX,0.5113307237625122,0.934846043586731,-0.5572143793106079,0.9672465324401855,0.996485710144043
1622,54067,NOSE,0.5274185538291931,0.410213828086853,-0.8278401494026184,0.9996276497840881,0.9999687671661377
1622,54067,LEFT_EYE_INNER,0.5274261236190796,0.39552873373031616,-0.8042153716087341,0.9994803667068481,0.9999560117721558
1622,54067,LEFT_EYE,0.5290674567222595,0.3947688639163971,-0.8044012188911438,0.9994660019874573,0.9999631643295288
1622,54067,LEFT_EYE_OUTER,0.5308088660240173,0.39407628774642944,-0.8047234416007996,0.9994984269142151,0.999964714050293
1622,54067,RIGHT_EYE_INNER,0.5196953415870667,0.39818400144577026,-0.8406471610069275,0.9994354844093323,0.9999358654022217
1622,54067,RIGHT_EYE,0.5159066915512085,0.3991805613040924,-0.8408435583114624,0.9993667006492615,0.9999151229858398
1622,54067,RIGHT_EYE_OUTER,0.5123797655105591,0.400136798620224,-0.8408523201942444,0.9994015097618103,0.9998767375946045
1622,54067,LEFT_EAR,0.5244409441947937,0.4004589021205902,-0.6096330881118774,0.9991072416305542,0.9999799728393555
1622,54067,RIGHT_EAR,0.49365273118019104,0.40605655312538147,-0.7709111571311951,0.9993590116500854,0.9998733997344971
1622,54067,MOUTH_LEFT,0.5267301797866821,0.4219828248023987,-0.7474843263626099,0.9996681213378906,0.9999868869781494
1622,54067,MOUTH_RIGHT,0.5165230631828308,0.42582499980926514,-0.7944690585136414,0.9997407793998718,0.9999722242355347
1622,54067,LEFT_SHOULDER,0.5543528199195862,0.4617611765861511,-0.3448128402233124,0.9995313286781311,0.999997615814209
1622,54067,RIGHT_SHOULDER,0.4212677776813507,0.49188151955604553,-0.6452057957649231,0.9999162554740906,0.9992480874061584
1622,54067,LEFT_ELBOW,0.6251295804977417,0.5105539560317993,-0.23774874210357666,0.5538561940193176,0.9999648332595825
1622,54067,RIGHT_ELBOW,0.38086095452308655,0.5799269676208496,-0.4898628890514374,0.9193816781044006,0.9883525967597961
1622,54067,LEFT_WRIST,0.7037068605422974,0.5721433758735657,-0.3033517003059387,0.502739667892456,0.9991338849067688
1622,54067,RIGHT_WRIST,0.4356589615345001,0.6122251152992249,-0.29862287640571594,0.801505446434021,0.9913524389266968
1622,54067,LEFT_PINKY,0.7201898097991943,0.5875000357627869,-0.3679504692554474,0.4718959331512451,0.9981132745742798
1622,54067,RIGHT_PINKY,0.44735845923423767,0.6293326020240784,-0.3076712489128113,0.7799283266067505,0.9944867491722107
1622,54067,LEFT_INDEX,0.7150487899780273,0.5881724953651428,-0.3471742272377014,0.4803164303302765,0.9984585046768188
1622,54067,RIGHT_INDEX,0.4574057161808014,0.6160739064216614,-0.34606191515922546,0.776120126247406,0.9950433969497681
1622,54067,LEFT_THUMB,0.7083364725112915,0.5843942165374756,-0.29176297783851624,0.4660239815711975,0.9987394213676453
1622,54067,RIGHT_THUMB,0.4541296660900116,0.6096150279045105,-0.3040273189544678,0.7223415374755859,0.9947133660316467
1622,54067,LEFT_HIP,0.48226889967918396,0.6271353960037231,0.09612413495779037,0.9990177154541016,0.99998939037323
1622,54067,RIGHT_HIP,0.4160189628601074,0.640967607498169,-0.09566812217235565,0.9991646409034729,0.9997746348381042
1622,54067,LEFT_KNEE,0.6076249480247498,0.7175780534744263,-0.15310829877853394,0.8483952283859253,0.9999915361404419
1622,54067,RIGHT_KNEE,0.48786938190460205,0.7316688895225525,-0.4805942475795746,0.9815177917480469,0.9999356269836426
1622,54067,LEFT_ANKLE,0.7223329544067383,0.8416367173194885,-0.04506943002343178,0.9201334714889526,0.9999114274978638
1622,54067,RIGHT_ANKLE,0.45053040981292725,0.8996475338935852,-0.32831594347953796,0.9792665839195251,0.9994478821754456
1622,54067,LEFT_HEEL,0.7213889956474304,0.8716372847557068,-0.04384009912610054,0.880653440952301,0.9998787641525269
1622,54067,RIGHT_HEEL,0.4217488169670105,0.9230003952980042,-0.3231360614299774,0.8944701552391052,0.9989890456199646
1622,54067,LEFT_FOOT_INDEX,0.8084531426429749,0.853180468082428,-0.2231920212507248,0.9258062839508057,0.9994576573371887
1622,54067,RIGHT_FOOT_INDEX,0.5181409120559692,0.9358333945274353,-0.5500604510307312,0.9682794809341431,0.9982022047042847
1623,54100,NOSE,0.5350738763809204,0.4231896698474884,-0.7468563914299011,0.9996642470359802,0.9999868869781494
1623,54100,LEFT_EYE_INNER,0.5355127453804016,0.4094497263431549,-0.727242112159729,0.9995303750038147,0.9999830722808838
1623,54100,LEFT_EYE,0.5373495817184448,0.40901774168014526,-0.7273271679878235,0.9995176196098328,0.9999866485595703
1623,54100,LEFT_EYE_OUTER,0.5391576290130615,0.4086245596408844,-0.7275687456130981,0.999546468257904,0.9999878406524658
1623,54100,RIGHT_EYE_INNER,0.5260242223739624,0.4110206067562103,-0.7494606971740723,0.9994902014732361,0.9999719858169556
1623,54100,RIGHT_EYE,0.5215072631835938,0.41160520911216736,-0.749650776386261,0.9994280934333801,0.9999643564224243
1623,54100,RIGHT_EYE_OUTER,0.5170776844024658,0.41233327984809875,-0.7496680021286011,0.9994591474533081,0.9999498128890991
1623,54100,LEFT_EAR,0.5345660448074341,0.41459164023399353,-0.5657896995544434,0.9991947412490845,0.9999938011169434
1623,54100,RIGHT_EAR,0.49936792254447937,0.41949447989463806,-0.6644956469535828,0.9994217753410339,0.999950647354126
1623,54100,MOUTH_LEFT,0.5352341532707214,0.43570476770401,-0.6806998252868652,0.9997004866600037,0.9999933242797852
1623,54100,MOUTH_RIGHT,0.5227087140083313,0.4392889440059662,-0.7094929814338684,0.9997662901878357,0.9999852180480957
1623,54100,LEFT_SHOULDER,0.5641158223152161,0.47125309705734253,-0.35829538106918335,0.9995777010917664,0.9999994039535522
1623,54100,RIGHT_SHOULDER,0.4274541437625885,0.4997388422489166,-0.5588480830192566,0.9999229907989502,0.9998631477355957
1623,54100,LEFT_ELBOW,0.6612555980682373,0.5070481896400452,-0.3031478524208069,0.598254382610321,0.9999896287918091
1623,54100,RIGHT_ELBOW,0.3615235686302185,0.5747050642967224,-0.4273761212825775,0.9244579076766968,0.9964867830276489
1623,54100,LEFT_WRIST,0.7643369436264038,0.5557790398597717,-0.4115985929965973,0.5519475936889648,0.9997010231018066
1623,54100,RIGHT_WRIST,0.39058712124824524,0.6483065485954285,-0.2548690736293793,0.8079111576080322,0.9969272017478943
1623,54100,LEFT_PINKY,0.7923104763031006,0.5701470375061035,-0.4384221136569977,0.523125410079956,0.9989215135574341
1623,54100,RIGHT_PINKY,0.3956419825553894,0.6733536720275879,-0.25339871644973755,0.7790513634681702,0.9974603652954102
1623,54100,LEFT_INDEX,0.7874545454978943,0.5686309933662415,-0.48622798919677734,0.5309734344482422,0.9992005228996277
1623,54100,RIGHT_INDEX,0.4184551537036896,0.6702271103858948,-0.288492888212204,0.7758695483207703,0.9977662563323975
1623,54100,LEFT_THUMB,0.7773000597953796,0.5644785165786743,-0.43175771832466125,0.5178788304328918,0.9994041919708252
1623,54100,RIGHT_THUMB,0.41639459133148193,0.6612368226051331,-0.2606290578842163,0.7251125574111938,0.9977681636810303
1623,54100,LEFT_HIP,0.48333728313446045,0.633908212184906,0.08932872861623764,0.9990978240966797,0.9999773502349854
1623,54100,RIGHT_HIP,0.41653645038604736,0.6527222990989685,-0.08898694813251495,0.9992378950119019,0.999725878238678
1623,54100,LEFT_KNEE,0.6060408353805542,0.7088902592658997,-0.1714618057012558,0.8604695796966553,0.9999946355819702
1623,54100,RIGHT_KNEE,0.5065354704856873,0.7415094375610352,-0.44406184554100037,0.9830678105354309,0.9999431371688843
1623,54100,LEFT_ANKLE,0.6699423789978027,0.8263242840766907,0.0699869692325592,0.9261159896850586,0.9999810457229614
1623,54100,RIGHT_ANKLE,0.4548901319503784,0.8997822999954224,-0.22681587934494019,0.980966329574585,0.9995661377906799
1623,54100,LEFT_HEEL,0.6600196957588196,0.8497517704963684,0.08692443370819092,0.8891661763191223,0.9999735355377197
1623,54100,RIGHT_HEEL,0.42454349994659424,0.9230403900146484,-0.21437767148017883,0.9021371603012085,0.9992421865463257
1623,54100,LEFT_FOOT_INDEX,0.7493245601654053,0.8377456068992615,-0.05263423174619675,0.9308290481567383,0.9998629093170166
1623,54100,RIGHT_FOOT_INDEX,0.5185642242431641,0.9367966055870056,-0.4227883815765381,0.9706118702888489,0.998439371585846
1624,54133,NOSE,0.5362733602523804,0.4279903769493103,-0.7449373602867126,0.999696671962738,0.9999719858169556
1624,54133,LEFT_EYE_INNER,0.5360468626022339,0.41367867588996887,-0.7226088643074036,0.9995741248130798,0.9999676942825317
1624,54133,LEFT_EYE,0.5376822352409363,0.41311031579971313,-0.7227179408073425,0.9995629787445068,0.9999768733978271
1624,54133,LEFT_EYE_OUTER,0.5393489003181458,0.4125545024871826,-0.7230017185211182,0.9995886087417603,0.9999804496765137
1624,54133,RIGHT_EYE_INNER,0.5274671316146851,0.4155859053134918,-0.7493455410003662,0.9995379447937012,0.999933123588562
1624,54133,RIGHT_EYE,0.5234971642494202,0.41602906584739685,-0.749514102935791,0.9994815587997437,0.9999083280563354
1624,54133,RIGHT_EYE_OUTER,0.5188614130020142,0.4161551594734192,-0.7495301961898804,0.9995089173316956,0.9998595714569092
1624,54133,LEFT_EAR,0.5334483981132507,0.4177945554256439,-0.55344158411026,0.9992727041244507,0.9999908208847046
1624,54133,RIGHT_EAR,0.5029250383377075,0.42115169763565063,-0.6726678013801575,0.9994769096374512,0.99983811378479
1624,54133,MOUTH_LEFT,0.5368873476982117,0.4406552314758301,-0.6761022210121155,0.9997289180755615,0.9999853372573853
1624,54133,MOUTH_RIGHT,0.5255557894706726,0.44322848320007324,-0.7108540534973145,0.999788761138916,0.9999547004699707
1624,54133,LEFT_SHOULDER,0.5676198601722717,0.4751201272010803,-0.3504182994365692,0.9996192455291748,0.9999991655349731
1624,54133,RIGHT_SHOULDER,0.4288243055343628,0.5020842552185059,-0.574978768825531,0.999924898147583,0.9992465972900391
1624,54133,LEFT_ELBOW,0.6627971529960632,0.5054148435592651,-0.31314846873283386,0.6380581855773926,0.9999878406524658
1624,54133,RIGHT_ELBOW,0.35856595635414124,0.5764972567558289,-0.47264882922172546,0.9243598580360413,0.9857301712036133
1624,54133,LEFT_WRIST,0.7681300640106201,0.5488661527633667,-0.46172162890434265,0.595940887928009,0.9996147155761719
1624,54133,RIGHT_WRIST,0.40374448895454407,0.6438866853713989,-0.3316902220249176,0.794072687625885,0.9883642196655273
1624,54133,LEFT_PINKY,0.7962239384651184,0.5631149411201477,-0.49410364031791687,0.5685762763023376,0.9987220168113708
1624,54133,RIGHT_PINKY,0.41414064168930054,0.6712945103645325,-0.3442963659763336,0.7576547265052795,0.9927417039871216
1624,54133,LEFT_INDEX,0.7931360602378845,0.5619629621505737,-0.5463039875030518,0.5760016441345215,0.9989718198776245
1624,54133,RIGHT_INDEX,0.42710354924201965,0.663751482963562,-0.3744909465312958,0.754499077796936,0.993350088596344
1624,54133,LEFT_THUMB,0.7827934622764587,0.5578166842460632,-0.48856493830680847,0.5639563202857971,0.9991979002952576
1624,54133,RIGHT_THUMB,0.423223078250885,0.6546308994293213,-0.33682453632354736,0.7049666047096252,0.9924811124801636
1624,54133,LEFT_HIP,0.48322710394859314,0.6367654204368591,0.08996005356311798,0.9991652369499207,0.9999798536300659
1624,54133,RIGHT_HIP,0.41681429743766785,0.6550377607345581,-0.08964193612337112,0.999295711517334,0.9995203018188477
1624,54133,LEFT_KNEE,0.6063795685768127,0.7089639902114868,-0.19425414502620697,0.8701505661010742,0.9999911785125732
1624,54133,RIGHT_KNEE,0.5142647624015808,0.7424023747444153,-0.44735535979270935,0.9842348694801331,0.9998476505279541
1624,54133,LEFT_ANKLE,0.660216212272644,0.8222924470901489,0.08830159902572632,0.9302750825881958,0.9999610185623169
1624,54133,RIGHT_ANKLE,0.45721235871315,0.9000767469406128,-0.2119092345237732,0.9823103547096252,0.9989225268363953
1624,54133,LEFT_HEEL,0.6511866450309753,0.844170331954956,0.10818582773208618,0.895031750202179,0.9999502897262573
1624,54133,RIGHT_HEEL,0.4266127347946167,0.9230913519859314,-0.19779172539710999,0.9079802632331848,0.9983575940132141
1624,54133,LEFT_FOOT_INDEX,0.7356724739074707,0.8329309821128845,-0.034966643899679184,0.9338256120681763,0.9997573494911194
1624,54133,RIGHT_FOOT_INDEX,0.5199090838432312,0.9381577968597412,-0.4131709039211273,0.9722612500190735,0.9968464970588684
1625,54167,NOSE,0.5362634062767029,0.43767037987709045,-0.6857942938804626,0.9997128844261169,0.9996763467788696
1625,54167,LEFT_EYE_INNER,0.5382334589958191,0.4235662519931793,-0.6634815335273743,0.9995798468589783,0.9997662901878357
1625,54167,LEFT_EYE,0.5402452945709229,0.4234945774078369,-0.6636157631874084,0.9995787739753723,0.9998373985290527
1625,54167,LEFT_EYE_OUTER,0.5432301163673401,0.42175203561782837,-0.6638817191123962,0.9995959401130676,0.9998657703399658
1625,54167,RIGHT_EYE_INNER,0.528975784778595,0.42268601059913635,-0.6962487101554871,0.9995423555374146,0.9995250701904297
1625,54167,RIGHT_EYE,0.5251427292823792,0.422435462474823,-0.6964499354362488,0.9994886517524719,0.9993638396263123
1625,54167,RIGHT_EYE_OUTER,0.5212326645851135,0.4222153425216675,-0.69658362865448,0.999500572681427,0.9990935325622559
1625,54167,LEFT_EAR,0.5371010303497314,0.42783981561660767,-0.4990384876728058,0.9993249177932739,0.9999476671218872
1625,54167,RIGHT_EAR,0.5034889578819275,0.42611458897590637,-0.5894166231155396,0.9994974732398987,0.9990461468696594
1625,54167,MOUTH_LEFT,0.5374222993850708,0.4496993124485016,-0.6151168346405029,0.9997291564941406,0.9998434782028198
1625,54167,MOUTH_RIGHT,0.5252875685691833,0.4497189223766327,-0.6598111391067505,0.9997940063476562,0.9995326995849609
1625,54167,LEFT_SHOULDER,0.570160984992981,0.47985246777534485,-0.31883615255355835,0.999654233455658,0.9999947547912598
1625,54167,RIGHT_SHOULDER,0.429143488407135,0.5016173124313354,-0.44237232208251953,0.9998594522476196,0.9966788291931152
1625,54167,LEFT_ELBOW,0.6717681288719177,0.4919113516807556,-0.319576233625412,0.6739134788513184,0.999967098236084
1625,54167,RIGHT_ELBOW,0.35376614332199097,0.5609984397888184,-0.234716534614563,0.9175650477409363,0.9587744474411011
1625,54167,LEFT_WRIST,0.7818893194198608,0.5184758901596069,-0.4695533812046051,0.6354866027832031,0.9987425208091736
1625,54167,RIGHT_WRIST,0.409169465303421,0.6079695224761963,0.022746611386537552,0.763498067855835,0.9620562195777893
1625,54167,LEFT_PINKY,0.8114681243896484,0.533278226852417,-0.498223215341568,0.6092981100082397,0.9961822628974915
1625,54167,RIGHT_PINKY,0.42225828766822815,0.6388922333717346,0.05127579718828201,0.7207844853401184,0.9777728915214539
1625,54167,LEFT_INDEX,0.8120685815811157,0.5344732403755188,-0.543364405632019,0.6162907481193542,0.9964234232902527
1625,54167,RIGHT_INDEX,0.4290677011013031,0.6272866725921631,0.028003623709082603,0.7190793752670288,0.9796440601348877
1625,54167,LEFT_THUMB,0.8012903928756714,0.5299684405326843,-0.49351561069488525,0.605246365070343,0.9969785213470459
1625,54167,RIGHT_THUMB,0.42217886447906494,0.619870126247406,0.023236053064465523,0.67533278465271,0.9726203083992004
1625,54167,LEFT_HIP,0.4820684790611267,0.64991694688797,0.0856134444475174,0.9992091059684753,0.9999703168869019
1625,54167,RIGHT_HIP,0.4168252944946289,0.667231559753418,-0.08534060418605804,0.9993237853050232,0.999249279499054
1625,54167,LEFT_KNEE,0.6054061651229858,0.7121648788452148,-0.05337934568524361,0.8771990537643433,0.9999624490737915
1625,54167,RIGHT_KNEE,0.541723906993866,0.7649451494216919,-0.3253222703933716,0.9853494763374329,0.9995146989822388
1625,54167,LEFT_ANKLE,0.5706982016563416,0.8091243505477905,0.28290191292762756,0.931225597858429,0.9999455213546753
1625,54167,RIGHT_ANKLE,0.46051353216171265,0.9018021821975708,-0.0675203874707222,0.9835330247879028,0.9985219836235046
1625,54167,LEFT_HEEL,0.5580933690071106,0.8187777400016785,0.31023144721984863,0.8974055051803589,0.9999334812164307
1625,54167,RIGHT_HEEL,0.4284919202327728,0.9230806827545166,-0.04715999588370323,0.9139332175254822,0.9982701539993286
1625,54167,LEFT_FOOT_INDEX,0.6224445104598999,0.8626539707183838,0.2190399467945099,0.9343796968460083,0.9997214674949646
1625,54167,RIGHT_FOOT_INDEX,0.5195183753967285,0.940117597579956,-0.1860487312078476,0.974003791809082,0.9966094493865967
1626,54200,NOSE,0.5350675582885742,0.4374545216560364,-0.7990533113479614,0.999735414981842,0.9999032020568848
1626,54200,LEFT_EYE_INNER,0.5373386144638062,0.4246038496494293,-0.7770067453384399,0.9996055960655212,0.999913215637207
1626,54200,LEFT_EYE,0.5396075248718262,0.42444249987602234,-0.7771086692810059,0.9996072053909302,0.9999388456344604
1626,54200,LEFT_EYE_OUTER,0.5424442887306213,0.42402759194374084,-0.7774039506912231,0.9996210932731628,0.9999486207962036
1626,54200,RIGHT_EYE_INNER,0.5278845429420471,0.42457032203674316,-0.7951745390892029,0.9995718002319336,0.9998294115066528
1626,54200,RIGHT_EYE,0.5238843560218811,0.42575326561927795,-0.795341968536377,0.9995221495628357,0.999775230884552
1626,54200,RIGHT_EYE_OUTER,0.5196931958198547,0.42566728591918945,-0.7953560948371887,0.9995298385620117,0.9996780157089233
1626,54200,LEFT_EAR,0.5377691388130188,0.4294165372848511,-0.5907337069511414,0.9993801116943359,0.99997878074646
1626,54200,RIGHT_EAR,0.5032939910888672,0.4285944700241089,-0.6679372787475586,0.999534547328949,0.9996577501296997
1626,54200,MOUTH_LEFT,0.5365024209022522,0.4500436782836914,-0.7229152321815491,0.9997437596321106,0.9999547004699707
1626,54200,MOUTH_RIGHT,0.5241211652755737,0.45147088170051575,-0.7468679547309875,0.9998087882995605,0.9998699426651001
1626,54200,LEFT_SHOULDER,0.5713793039321899,0.4776345193386078,-0.3831915557384491,0.9996866583824158,0.9999983310699463
1626,54200,RIGHT_SHOULDER,0.4288463294506073,0.5034673810005188,-0.519737720489502,0.999836802482605,0.9986321330070496
1626,54200,LEFT_ELBOW,0.6762682795524597,0.4876784384250641,-0.39068499207496643,0.7062731385231018,0.9999799728393555
1626,54200,RIGHT_ELBOW,0.3487851619720459,0.554667592048645,-0.3448898494243622,0.9198066592216492,0.973991870880127
1626,54200,LEFT_WRIST,0.7852982878684998,0.514250636100769,-0.5753818154335022,0.6714955568313599,0.9993172883987427
1626,54200,RIGHT_WRIST,0.4009782075881958,0.6075043082237244,-0.15592460334300995,0.7560728192329407,0.9760815501213074
1626,54200,LEFT_PINKY,0.8182303309440613,0.5272361636161804,-0.6112184524536133,0.6472206711769104,0.9978634715080261
1626,54200,RIGHT_PINKY,0.4140685498714447,0.6231688857078552,-0.14376775920391083,0.7054566740989685,0.9850990772247314
1626,54200,LEFT_INDEX,0.8167917132377625,0.5294063687324524,-0.6607933044433594,0.6536793112754822,0.9981227517127991
1626,54200,RIGHT_INDEX,0.4223059415817261,0.6111417412757874,-0.16895358264446259,0.7047520875930786,0.987118124961853
1626,54200,LEFT_THUMB,0.8040828704833984,0.5269142389297485,-0.6022478342056274,0.6435717940330505,0.9984748959541321
1626,54200,RIGHT_THUMB,0.4156774580478668,0.6048373579978943,-0.15733884274959564,0.6643887758255005,0.9835508465766907
1626,54200,LEFT_HIP,0.4824899733066559,0.6508924961090088,0.08726609498262405,0.9992547631263733,0.9999821186065674
1626,54200,RIGHT_HIP,0.4171132445335388,0.6687862873077393,-0.0869813784956932,0.999340295791626,0.9995607733726501
1626,54200,LEFT_KNEE,0.6051264405250549,0.7124895453453064,-0.08521054685115814,0.8835287094116211,0.9999700784683228
1626,54200,RIGHT_KNEE,0.5431817173957825,0.7686921954154968,-0.35827207565307617,0.9864464402198792,0.9996240139007568
1626,54200,LEFT_ANKLE,0.5506548285484314,0.8198859691619873,0.23546649515628815,0.9315657019615173,0.9999604225158691
1626,54200,RIGHT_ANKLE,0.4614464342594147,0.9030556082725525,-0.12386014312505722,0.9846769571304321,0.9988842606544495
1626,54200,LEFT_HEEL,0.5240235924720764,0.8194049000740051,0.26084423065185547,0.8979900479316711,0.9999498128890991
1626,54200,RIGHT_HEEL,0.42860907316207886,0.9230677485466003,-0.10560692101716995,0.9192610383033752,0.9986869692802429
1626,54200,LEFT_FOOT_INDEX,0.5943591594696045,0.878330647945404,0.14845965802669525,0.9344471096992493,0.9997939467430115
1626,54200,RIGHT_FOOT_INDEX,0.5172174572944641,0.9405446648597717,-0.26630455255508423,0.9756882786750793,0.9974282383918762
1627,54233,NOSE,0.5356242656707764,0.4328470230102539,-0.4524005949497223,0.9994457960128784,0.9926557540893555
1627,54233,LEFT_EYE_INNER,0.5380709767341614,0.41935059428215027,-0.4332442283630371,0.9988686442375183,0.9957088232040405
1627,54233,LEFT_EYE,0.5399367213249207,0.41892391443252563,-0.43340858817100525,0.999147891998291,0.9972798824310303
1627,54233,LEFT_EYE_OUTER,0.542195200920105,0.4184107184410095,-0.4336681067943573,0.9991605281829834,0.9978819489479065
1627,54233,RIGHT_EYE_INNER,0.5298010110855103,0.41880902647972107,-0.4621526598930359,0.9984943866729736,0.9890361428260803
1627,54233,RIGHT_EYE,0.5264878869056702,0.418715238571167,-0.46215513348579407,0.9984501004219055,0.9841353297233582
1627,54233,RIGHT_EYE_OUTER,0.5232590436935425,0.4183180034160614,-0.46211984753608704,0.9977785348892212,0.9769920110702515
1627,54233,LEFT_EAR,0.537117063999176,0.4206334352493286,-0.27987271547317505,0.9991152882575989,0.9992582201957703
1627,54233,RIGHT_EAR,0.5056027770042419,0.4202288091182709,-0.4067765474319458,0.9981692433357239,0.9663141369819641
1627,54233,MOUTH_LEFT,0.5362186431884766,0.44384530186653137,-0.38851284980773926,0.9990150332450867,0.9974783062934875
1627,54233,MOUTH_RIGHT,0.5255277156829834,0.44427552819252014,-0.42536044120788574,0.9983840584754944,0.9885086417198181
1627,54233,LEFT_SHOULDER,0.5687457323074341,0.47218257188796997,-0.13506236672401428,0.999707043170929,0.9999613761901855
1627,54233,RIGHT_SHOULDER,0.4301489591598511,0.4941985607147217,-0.3327341079711914,0.9966582655906677,0.9101141691207886
1627,54233,LEFT_ELBOW,0.6743971109390259,0.47808322310447693,-0.12345835566520691,0.7345450520515442,0.9998713731765747
1627,54233,RIGHT_ELBOW,0.39464592933654785,0.5207651257514954,-0.14462663233280182,0.8910170197486877,0.8209275603294373
1627,54233,LEFT_WRIST,0.7551587820053101,0.5099858045578003,-0.29641759395599365,0.7019394636154175,0.9979642629623413
1627,54233,RIGHT_WRIST,0.4154050350189209,0.5201500058174133,0.16306909918785095,0.7021794319152832,0.8813824653625488
1627,54233,LEFT_PINKY,0.7770753502845764,0.5288875102996826,-0.32120826840400696,0.6763172745704651,0.992628812789917
1627,54233,RIGHT_PINKY,0.4266931414604187,0.5254715085029602,0.19612771272659302,0.6551135182380676,0.9266890287399292
1627,54233,LEFT_INDEX,0.7710714340209961,0.5316032767295837,-0.3619917631149292,0.6830646395683289,0.9934167861938477
1627,54233,RIGHT_INDEX,0.42541012167930603,0.5163914561271667,0.17183461785316467,0.6552444696426392,0.9166066646575928
1627,54233,LEFT_THUMB,0.7625954151153564,0.5277000665664673,-0.31967034935951233,0.6736184358596802,0.9945313334465027
1627,54233,RIGHT_THUMB,0.42071717977523804,0.5161546468734741,0.16354450583457947,0.619324266910553,0.8985171318054199
1627,54233,LEFT_HIP,0.4846288859844208,0.6651450395584106,0.08809224516153336,0.9991998076438904,0.9997958540916443
1627,54233,RIGHT_HIP,0.4225849509239197,0.6806347370147705,-0.08777168393135071,0.9989171028137207,0.9914741516113281
1627,54233,LEFT_KNEE,0.5896929502487183,0.7403691411018372,0.0845378041267395,0.8771523833274841,0.9996601343154907
1627,54233,RIGHT_KNEE,0.544977605342865,0.8025164008140564,-0.10538721084594727,0.9847027659416199,0.9933630228042603
1627,54233,LEFT_ANKLE,0.5000550150871277,0.8587831854820251,0.3525249660015106,0.9161154627799988,0.9994179010391235
1627,54233,RIGHT_ANKLE,0.47845548391342163,0.9028750061988831,0.26413267850875854,0.9746063947677612,0.994956910610199
1627,54233,LEFT_HEEL,0.4646562337875366,0.8806625604629517,0.3771640360355377,0.8864808678627014,0.9992365837097168
1627,54233,RIGHT_HEEL,0.4463539719581604,0.9160196781158447,0.3017650246620178,0.903782844543457,0.9951900243759155
1627,54233,LEFT_FOOT_INDEX,0.53391033411026,0.920900821685791,0.3121946454048157,0.9212296605110168,0.9975180625915527
1627,54233,RIGHT_FOOT_INDEX,0.5219445824623108,0.9404850006103516,0.2686276435852051,0.9606803059577942,0.9914072155952454
1628,54267,NOSE,0.5373923778533936,0.43384063243865967,-0.48333683609962463,0.9990678429603577,0.9963502883911133
1628,54267,LEFT_EYE_INNER,0.5391618609428406,0.4186725914478302,-0.4628056287765503,0.9978795647621155,0.9979481101036072
1628,54267,LEFT_EYE,0.5406951308250427,0.4179855287075043,-0.4629548192024231,0.9984768033027649,0.9986897110939026
1628,54267,LEFT_EYE_OUTER,0.5425453782081604,0.4172232449054718,-0.46322962641716003,0.9985491633415222,0.9989818930625916
1628,54267,RIGHT_EYE_INNER,0.5314279794692993,0.4197576940059662,-0.4889940619468689,0.9969813227653503,0.9946322441101074
1628,54267,RIGHT_EYE,0.5280126929283142,0.41930755972862244,-0.4889996349811554,0.9968481659889221,0.9920738935470581
1628,54267,RIGHT_EYE_OUTER,0.5246989727020264,0.41879937052726746,-0.48894715309143066,0.9951545596122742,0.9881531596183777
1628,54267,LEFT_EAR,0.537050724029541,0.4187485873699188,-0.305286705493927,0.998718798160553,0.9996306896209717
1628,54267,RIGHT_EAR,0.5082807540893555,0.4193532466888428,-0.42127665877342224,0.9955850839614868,0.981412410736084
1628,54267,MOUTH_LEFT,0.5368942022323608,0.4428110420703888,-0.4188139736652374,0.9982144236564636,0.9988312125205994
1628,54267,MOUTH_RIGHT,0.5268846750259399,0.4447126090526581,-0.45235365629196167,0.9964773654937744,0.9943417310714722
1628,54267,LEFT_SHOULDER,0.5670715570449829,0.4679901599884033,-0.17003044486045837,0.9997283816337585,0.9999825954437256
1628,54267,RIGHT_SHOULDER,0.42999356985092163,0.489780992269516,-0.3180887997150421,0.9944130182266235,0.9402463436126709
1628,54267,LEFT_ELBOW,0.6717005372047424,0.47319939732551575,-0.16783370077610016,0.7605752348899841,0.9999443292617798
1628,54267,RIGHT_ELBOW,0.3974059522151947,0.5169572234153748,-0.12048278748989105,0.8649510741233826,0.8967220783233643
1628,54267,LEFT_WRIST,0.7498486638069153,0.5099957585334778,-0.34698864817619324,0.7305537462234497,0.9990168809890747
1628,54267,RIGHT_WRIST,0.3976084291934967,0.50635826587677,0.16974499821662903,0.659443199634552,0.9074844121932983
1628,54267,LEFT_PINKY,0.7698514461517334,0.5308948159217834,-0.37352749705314636,0.7051582932472229,0.9963663816452026
1628,54267,RIGHT_PINKY,0.3975788354873657,0.5071802735328674,0.20579051971435547,0.6155996322631836,0.940580427646637
1628,54267,LEFT_INDEX,0.7608466148376465,0.5320881605148315,-0.41343361139297485,0.7118618488311768,0.99673992395401
1628,54267,RIGHT_INDEX,0.39087527990341187,0.5009981393814087,0.1730034351348877,0.6172106266021729,0.9327452182769775
1628,54267,LEFT_THUMB,0.7532516717910767,0.5293245315551758,-0.369530588388443,0.7032190561294556,0.9973366856575012
1628,54267,RIGHT_THUMB,0.3893485367298126,0.5025925040245056,0.1653871387243271,0.5863872170448303,0.9200304746627808
1628,54267,LEFT_HIP,0.4873061180114746,0.6653284430503845,0.08118677884340286,0.9991865158081055,0.9998922348022461
1628,54267,RIGHT_HIP,0.4275166094303131,0.6827159523963928,-0.0809415802359581,0.9986017942428589,0.9944494962692261
1628,54267,LEFT_KNEE,0.5825392603874207,0.7434141635894775,-0.014745775610208511,0.8688611388206482,0.9998675584793091
1628,54267,RIGHT_KNEE,0.5443990230560303,0.8041766285896301,-0.17039750516414642,0.9825422167778015,0.9968816041946411
1628,54267,LEFT_ANKLE,0.49411502480506897,0.8775902390480042,0.20815806090831757,0.900702714920044,0.9996480941772461
1628,54267,RIGHT_ANKLE,0.4808657467365265,0.9018906950950623,0.14998577535152435,0.9580036997795105,0.9964286684989929
1628,54267,LEFT_HEEL,0.46522361040115356,0.9025751948356628,0.22532285749912262,0.8739917278289795,0.9994825124740601
1628,54267,RIGHT_HEEL,0.45121151208877563,0.9139674305915833,0.1820000559091568,0.880156934261322,0.9966623783111572
1628,54267,LEFT_FOOT_INDEX,0.535929799079895,0.9317019581794739,0.1307476907968521,0.9076223373413086,0.9984169006347656
1628,54267,RIGHT_FOOT_INDEX,0.5215029716491699,0.9381247758865356,0.13208742439746857,0.9414782524108887,0.9943768382072449
1629,54300,NOSE,0.5254891514778137,0.41698670387268066,0.04919131100177765,0.9991350769996643,0.9999617338180542
1629,54300,LEFT_EYE_INNER,0.5232810378074646,0.4047420918941498,0.04674195870757103,0.9980651140213013,0.9999672174453735
1629,54300,LEFT_EYE,0.5202789902687073,0.40418750047683716,0.04661405831575394,0.9986007213592529,0.9999706745147705
1629,54300,LEFT_EYE_OUTER,0.5172637104988098,0.40394073724746704,0.04651276394724846,0.9986701607704163,0.9999725818634033
1629,54300,RIGHT_EYE_INNER,0.5295944809913635,0.40590202808380127,0.019014477729797363,0.997252345085144,0.9999475479125977
1629,54300,RIGHT_EYE,0.5269922614097595,0.4057682156562805,0.018964547663927078,0.9971187114715576,0.9999309778213501
1629,54300,RIGHT_EYE_OUTER,0.5251331925392151,0.4060549736022949,0.018899232149124146,0.9955847263336182,0.9999145269393921
1629,54300,LEFT_EAR,0.5070822834968567,0.4075838029384613,0.03667478635907173,0.998817503452301,0.9999852180480957
1629,54300,RIGHT_EAR,0.5168635249137878,0.41222742199897766,-0.09241139143705368,0.9959172606468201,0.9999066591262817
1629,54300,MOUTH_LEFT,0.5186324715614319,0.42373207211494446,0.04864191636443138,0.9983591437339783,0.9999759197235107
1629,54300,MOUTH_RIGHT,0.5239008665084839,0.4256647527217865,0.011977068148553371,0.9967733025550842,0.999946117401123
1629,54300,LEFT_SHOULDER,0.4918811321258545,0.4761629104614258,0.05240350961685181,0.9997204542160034,0.9999699592590332
1629,54300,RIGHT_SHOULDER,0.48995599150657654,0.48356273770332336,-0.17346104979515076,0.9948807954788208,0.9993951320648193
1629,54300,LEFT_ELBOW,0.5429922938346863,0.553305447101593,-0.07491706311702728,0.705987274646759,0.9998489618301392
1629,54300,RIGHT_ELBOW,0.4569322466850281,0.5226042866706848,-0.43746331334114075,0.8315930962562561,0.9976256489753723
1629,54300,LEFT_WRIST,0.5845547914505005,0.556262731552124,-0.3062606155872345,0.6839070320129395,0.9997952580451965
1629,54300,RIGHT_WRIST,0.4575131833553314,0.5105409622192383,-0.7191932797431946,0.6322137117385864,0.9991133809089661
1629,54300,LEFT_PINKY,0.5974071025848389,0.5581178069114685,-0.3269309401512146,0.66762775182724,0.9997419714927673
1629,54300,RIGHT_PINKY,0.45511001348495483,0.5044875741004944,-0.7616215944290161,0.5994542241096497,0.9992873072624207
1629,54300,LEFT_INDEX,0.5971052646636963,0.550053596496582,-0.34597593545913696,0.6753680109977722,0.9997720122337341
1629,54300,RIGHT_INDEX,0.4492705762386322,0.4969307482242584,-0.7320572137832642,0.5988547801971436,0.9991725087165833
1629,54300,LEFT_THUMB,0.5946488976478577,0.5502533912658691,-0.31932637095451355,0.6615935564041138,0.9998262524604797
1629,54300,RIGHT_THUMB,0.4503113329410553,0.501388430595398,-0.7158071398735046,0.5591727495193481,0.99945467710495
1629,54300,LEFT_HIP,0.46113845705986023,0.6775957942008972,0.08221626281738281,0.9992628693580627,0.9999982118606567
1629,54300,RIGHT_HIP,0.4749378561973572,0.6867706179618835,-0.08224356919527054,0.9987114071846008,0.9999781847000122
1629,54300,LEFT_KNEE,0.5184129476547241,0.7552379369735718,-0.041387420147657394,0.8422694802284241,0.9999903440475464
1629,54300,RIGHT_KNEE,0.5021563768386841,0.8032274842262268,0.12997636198997498,0.9473627805709839,0.9997666478157043
1629,54300,LEFT_ANKLE,0.49783578515052795,0.8761098384857178,-0.6687461137771606,0.903259813785553,0.9999672174453735
1629,54300,RIGHT_ANKLE,0.49817532300949097,0.9029971361160278,-0.24792777001857758,0.9418677091598511,0.9998568296432495
1629,54300,LEFT_HEEL,0.49413079023361206,0.9008064866065979,-0.736761212348938,0.8838064074516296,0.9999191761016846
1629,54300,RIGHT_HEEL,0.490154504776001,0.9150789976119995,-0.2987542748451233,0.8777150511741638,0.9998072981834412
1629,54300,LEFT_FOOT_INDEX,0.5388403534889221,0.9052608609199524,-0.9166935086250305,0.9149426817893982,0.999858021736145
1629,54300,RIGHT_FOOT_INDEX,0.5284583568572998,0.9372590780258179,-0.4250998795032501,0.9336364269256592,0.9998063445091248
1630,54333,NOSE,0.5163788199424744,0.40847858786582947,-0.19702139496803284,0.9992003440856934,0.9999809265136719
1630,54333,LEFT_EYE_INNER,0.5178569555282593,0.39727291464805603,-0.17337149381637573,0.9982427358627319,0.9999814033508301
1630,54333,LEFT_EYE,0.5170917510986328,0.3970732092857361,-0.17361809313297272,0.9987238645553589,0.9999860525131226
1630,54333,LEFT_EYE_OUTER,0.5163544416427612,0.39733341336250305,-0.17378368973731995,0.9987919330596924,0.9999873638153076
1630,54333,RIGHT_EYE_INNER,0.5207226276397705,0.3976556956768036,-0.19793717563152313,0.9974998831748962,0.9999648332595825
1630,54333,RIGHT_EYE,0.5197028517723083,0.39758744835853577,-0.19789914786815643,0.997369647026062,0.999954104423523
1630,54333,RIGHT_EYE_OUTER,0.5187807679176331,0.39813047647476196,-0.19790831208229065,0.9959945678710938,0.9999411106109619
1630,54333,LEFT_EAR,0.5092464685440063,0.4014874994754791,-0.021222010254859924,0.9989187717437744,0.9999945163726807
1630,54333,RIGHT_EAR,0.5141335725784302,0.40580233931541443,-0.1353740394115448,0.9962565302848816,0.9999493360519409
1630,54333,MOUTH_LEFT,0.5128701329231262,0.41594141721725464,-0.13703230023384094,0.9985095262527466,0.9999970197677612
1630,54333,MOUTH_RIGHT,0.5132302641868591,0.41629087924957275,-0.17039436101913452,0.9970736503601074,0.9999929666519165
1630,54333,LEFT_SHOULDER,0.5128040313720703,0.4722643494606018,0.06144225597381592,0.9997344017028809,0.9999961853027344
1630,54333,RIGHT_SHOULDER,0.45572781562805176,0.4753990173339844,-0.10643375664949417,0.9953658580780029,0.9999245405197144
1630,54333,LEFT_ELBOW,0.5505552291870117,0.5539454817771912,-0.10274215787649155,0.6781346201896667,0.9998369216918945
1630,54333,RIGHT_ELBOW,0.43591180443763733,0.5173397064208984,-0.41728678345680237,0.8138512969017029,0.9979751706123352
1630,54333,LEFT_WRIST,0.5750063061714172,0.5617218017578125,-0.42614486813545227,0.6600501537322998,0.9996325969696045
1630,54333,RIGHT_WRIST,0.45275232195854187,0.4729144871234894,-0.7821945548057556,0.6165298819541931,0.9981912970542908
1630,54333,LEFT_PINKY,0.5886299014091492,0.5629100799560547,-0.4876013696193695,0.6494670510292053,0.9995532631874084
1630,54333,RIGHT_PINKY,0.4473411738872528,0.4595318138599396,-0.8569523096084595,0.5935907363891602,0.9986382126808167
1630,54333,LEFT_INDEX,0.5882795453071594,0.5536805391311646,-0.5178133845329285,0.6582998037338257,0.9996147155761719
1630,54333,RIGHT_INDEX,0.4438048005104065,0.44946765899658203,-0.8537309169769287,0.5928055644035339,0.9986771941184998
1630,54333,LEFT_THUMB,0.5850441455841064,0.5541011095046997,-0.44837191700935364,0.6402148604393005,0.9996980428695679
1630,54333,RIGHT_THUMB,0.4464806020259857,0.4565065801143646,-0.791515052318573,0.5475358963012695,0.9989712238311768
1630,54333,LEFT_HIP,0.46755221486091614,0.6755481958389282,0.06424813717603683,0.9992859959602356,0.9999839067459106
1630,54333,RIGHT_HIP,0.4609913229942322,0.6828647255897522,-0.06395004689693451,0.9987956285476685,0.9999459981918335
1630,54333,LEFT_KNEE,0.5142152905464172,0.7625563144683838,-0.26643580198287964,0.8534457087516785,0.999980092048645
1630,54333,RIGHT_KNEE,0.4985325038433075,0.7776721119880676,-0.5257377624511719,0.9515288472175598,0.9999473094940186
1630,54333,LEFT_ANKLE,0.5038219094276428,0.8906055092811584,-0.4879874885082245,0.9052305221557617,0.9998674392700195
1630,54333,RIGHT_ANKLE,0.503145158290863,0.89997398853302,-0.9016647934913635,0.9395393133163452,0.9997298121452332
1630,54333,LEFT_HEEL,0.49286267161369324,0.9184514880180359,-0.5227205753326416,0.8885809779167175,0.999618411064148
1630,54333,RIGHT_HEEL,0.4986439049243927,0.9184225797653198,-0.9500242471694946,0.8796083331108093,0.9993739724159241
1630,54333,LEFT_FOOT_INDEX,0.5290389657020569,0.9169334769248962,-0.7231919169425964,0.9195255041122437,0.999313473701477
1630,54333,RIGHT_FOOT_INDEX,0.5323650240898132,0.9226967692375183,-1.1576802730560303,0.9367631077766418,0.9986893534660339
1631,54367,NOSE,0.49262183904647827,0.4083491861820221,0.19576989114284515,0.9990972876548767,0.9995821118354797
1631,54367,LEFT_EYE_INNER,0.4837440252304077,0.3971779942512512,0.15886349976062775,0.998315691947937,0.9996610879898071
1631,54367,LEFT_EYE,0.47865623235702515,0.3966975808143616,0.1588408201932907,0.9987409114837646,0.9996780157089233
1631,54367,LEFT_EYE_OUTER,0.4741322100162506,0.3969097435474396,0.15878769755363464,0.9987797141075134,0.9996966123580933
1631,54367,RIGHT_EYE_INNER,0.4960840940475464,0.395996630191803,0.13590478897094727,0.9976078867912292,0.9995608925819397
1631,54367,RIGHT_EYE,0.49914824962615967,0.39540696144104004,0.13583526015281677,0.997502326965332,0.9995068311691284
1631,54367,RIGHT_EYE_OUTER,0.5021464824676514,0.39534783363342285,0.13581404089927673,0.9962384104728699,0.9994539618492126
1631,54367,LEFT_EAR,0.4653918743133545,0.4033135175704956,0.04159528389573097,0.9989125728607178,0.9998273849487305
1631,54367,RIGHT_EAR,0.508333683013916,0.4053823947906494,-0.06602759659290314,0.9964420795440674,0.9995748400688171
1631,54367,MOUTH_LEFT,0.4865606427192688,0.41674187779426575,0.16443468630313873,0.9983475208282471,0.9994476437568665
1631,54367,MOUTH_RIGHT,0.5009309649467468,0.416384756565094,0.1334465593099594,0.9969748854637146,0.999313235282898
1631,54367,LEFT_SHOULDER,0.41528013348579407,0.48965057730674744,0.06652410328388214,0.9994237422943115,0.998279333114624
1631,54367,RIGHT_SHOULDER,0.5224085450172424,0.46467578411102295,-0.19721285998821259,0.9956781268119812,0.9982043504714966
1631,54367,LEFT_ELBOW,0.3902479410171509,0.5592681169509888,0.20720985531806946,0.6770492792129517,0.994939923286438
1631,54367,RIGHT_ELBOW,0.5801887512207031,0.43194109201431274,-0.3203139007091522,0.7969978451728821,0.9980655312538147
1631,54367,LEFT_WRIST,0.43599507212638855,0.5669529438018799,0.404235303401947,0.6016576290130615,0.9977599382400513
1631,54367,RIGHT_WRIST,0.4927697777748108,0.40148597955703735,-0.3812684714794159,0.588857114315033,0.9984159469604492
1631,54367,LEFT_PINKY,0.4328213632106781,0.5740735530853271,0.45942455530166626,0.5923947691917419,0.9975977540016174
1631,54367,RIGHT_PINKY,0.4741344749927521,0.3932948112487793,-0.39493319392204285,0.5691794157028198,0.9978050589561462
1631,54367,LEFT_INDEX,0.44258248805999756,0.56647127866745,0.4369412660598755,0.6007283329963684,0.9979342222213745
1631,54367,RIGHT_INDEX,0.4671412408351898,0.3981494605541229,-0.3323790431022644,0.5690898299217224,0.9978048205375671
1631,54367,LEFT_THUMB,0.4467564821243286,0.5641547441482544,0.4046741724014282,0.5846409797668457,0.9982454776763916
1631,54367,RIGHT_THUMB,0.4762568771839142,0.402604341506958,-0.3564988672733307,0.5248333811759949,0.9986857771873474
1631,54367,LEFT_HIP,0.43453389406204224,0.6863744258880615,0.07560239732265472,0.9993374347686768,0.9999302625656128
1631,54367,RIGHT_HIP,0.5043958425521851,0.6881610155105591,-0.07668258249759674,0.9989060759544373,0.9999285936355591
1631,54367,LEFT_KNEE,0.46348872780799866,0.7606632709503174,0.5491019487380981,0.8217187523841858,0.9993366599082947
1631,54367,RIGHT_KNEE,0.5069729685783386,0.7861451506614685,0.06417135894298553,0.9459016919136047,0.9992963075637817
1631,54367,LEFT_ANKLE,0.4800169765949249,0.8614099621772766,0.41392678022384644,0.9051485657691956,0.9997454285621643
1631,54367,RIGHT_ANKLE,0.5158751010894775,0.886023998260498,-0.20940421521663666,0.9441300630569458,0.9997430443763733
1631,54367,LEFT_HEEL,0.4765130281448364,0.8766893744468689,0.4013163149356842,0.8935592174530029,0.999671220779419
1631,54367,RIGHT_HEEL,0.5104576349258423,0.8951592445373535,-0.23511502146720886,0.8896092176437378,0.9996265172958374
1631,54367,LEFT_FOOT_INDEX,0.4943208694458008,0.8932936191558838,0.39294224977493286,0.9120385050773621,0.9995957016944885
1631,54367,RIGHT_FOOT_INDEX,0.5309269428253174,0.9227637648582458,-0.25343525409698486,0.940257728099823,0.9994445443153381
1632,54400,NOSE,0.47952374815940857,0.40826618671417236,0.24152180552482605,0.9990773797035217,0.999859094619751
1632,54400,LEFT_EYE_INNER,0.46889936923980713,0.39696359634399414,0.19829578697681427,0.9983987212181091,0.9998819828033447
1632,54400,LEFT_EYE,0.46414241194725037,0.3964390158653259,0.19828979671001434,0.9987804889678955,0.9998834133148193
1632,54400,LEFT_EYE_OUTER,0.4595736265182495,0.3968193829059601,0.19830794632434845,0.9987966418266296,0.9998890161514282
1632,54400,RIGHT_EYE_INNER,0.4823932945728302,0.3948650658130646,0.18258808553218842,0.9977177381515503,0.9998501539230347
1632,54400,RIGHT_EYE,0.4865538477897644,0.393868088722229,0.18253237009048462,0.9976322650909424,0.9998277425765991
1632,54400,RIGHT_EYE_OUTER,0.490587443113327,0.39326030015945435,0.1824970841407776,0.996468186378479,0.9998008608818054
1632,54400,LEFT_EAR,0.45375558733940125,0.404523104429245,0.05825498327612877,0.9988840818405151,0.9999287128448486
1632,54400,RIGHT_EAR,0.49971333146095276,0.4043472707271576,-0.016560720279812813,0.9965784549713135,0.999849796295166
1632,54400,MOUTH_LEFT,0.47462785243988037,0.4170442819595337,0.20400995016098022,0.9982377290725708,0.9998109936714172
1632,54400,MOUTH_RIGHT,0.4896854758262634,0.4164709448814392,0.18245935440063477,0.9968527555465698,0.9997556805610657
1632,54400,LEFT_SHOULDER,0.4067258834838867,0.49606019258499146,0.05461476743221283,0.9993754029273987,0.9994957447052002
1632,54400,RIGHT_SHOULDER,0.5345795750617981,0.4622258245944977,-0.14278404414653778,0.9960338473320007,0.9991808533668518
1632,54400,LEFT_ELBOW,0.37133610248565674,0.5651946067810059,0.19748985767364502,0.7029651999473572,0.9987848401069641
1632,54400,RIGHT_ELBOW,0.6033324599266052,0.4242629110813141,-0.09807787090539932,0.803168773651123,0.9991521835327148
1632,54400,LEFT_WRIST,0.4188498854637146,0.5741212368011475,0.39594942331314087,0.5710708498954773,0.9996787309646606
1632,54400,RIGHT_WRIST,0.5139225125312805,0.3930094540119171,0.11419466882944107,0.5697050094604492,0.999510645866394
1632,54400,LEFT_PINKY,0.4213930368423462,0.5825840830802917,0.4521411955356598,0.557689368724823,0.9996094107627869
1632,54400,RIGHT_PINKY,0.4922736883163452,0.38091111183166504,0.13712741434574127,0.5448027849197388,0.9992493987083435
1632,54400,LEFT_INDEX,0.42986050248146057,0.578454852104187,0.433623731136322,0.5661687254905701,0.9996638298034668
1632,54400,RIGHT_INDEX,0.492958664894104,0.38467705249786377,0.15694111585617065,0.5448355674743652,0.9992495179176331
1632,54400,LEFT_THUMB,0.43123260140419006,0.5764133334159851,0.3991832733154297,0.5518513917922974,0.9997318387031555
1632,54400,RIGHT_THUMB,0.49724680185317993,0.3906535506248474,0.1280381828546524,0.502513587474823,0.9995542168617249
1632,54400,LEFT_HIP,0.43044865131378174,0.6905242800712585,0.07640062272548676,0.9993952512741089,0.9999536275863647
1632,54400,RIGHT_HIP,0.5101123452186584,0.6936604976654053,-0.07740023732185364,0.9990109801292419,0.9999486207962036
1632,54400,LEFT_KNEE,0.45070749521255493,0.7503068447113037,0.5386750102043152,0.7923486828804016,0.9995701909065247
1632,54400,RIGHT_KNEE,0.5148108005523682,0.7945870161056519,0.10167530924081802,0.9454826712608337,0.9995501637458801
1632,54400,LEFT_ANKLE,0.47806045413017273,0.8458715081214905,0.3297804296016693,0.9078989028930664,0.9998639822006226
1632,54400,RIGHT_ANKLE,0.5217646956443787,0.8832790851593018,-0.20341384410858154,0.9488908648490906,0.9998599290847778
1632,54400,LEFT_HEEL,0.47580280900001526,0.8570200204849243,0.3128713369369507,0.9010310769081116,0.9998180270195007
1632,54400,RIGHT_HEEL,0.5154708623886108,0.8896657228469849,-0.22810295224189758,0.8995876312255859,0.9997981190681458
1632,54400,LEFT_FOOT_INDEX,0.4863358736038208,0.8803572058677673,0.3197910189628601,0.9102311730384827,0.999795138835907
1632,54400,RIGHT_FOOT_INDEX,0.5347545146942139,0.9233284592628479,-0.25328031182289124,0.9444332718849182,0.9996969699859619
1633,54433,NOSE,0.4374588131904602,0.41864219307899475,0.46180781722068787,0.9988263845443726,0.9999066591262817
1633,54433,LEFT_EYE_INNER,0.4293991029262543,0.40968015789985657,0.42342302203178406,0.9981135725975037,0.9999372959136963
1633,54433,LEFT_EYE,0.42536309361457825,0.41065847873687744,0.4233948290348053,0.9984702467918396,0.9999381303787231
1633,54433,LEFT_EYE_OUTER,0.4211743175983429,0.41211965680122375,0.4234107434749603,0.998458743095398,0.9999381303787231
1633,54433,RIGHT_EYE_INNER,0.4416894316673279,0.4060337245464325,0.41677653789520264,0.9974258542060852,0.9999287128448486
1633,54433,RIGHT_EYE,0.4466412663459778,0.40466636419296265,0.4166628122329712,0.9973217248916626,0.9999208450317383
1633,54433,RIGHT_EYE_OUTER,0.45188021659851074,0.40344181656837463,0.4164039194583893,0.9961782097816467,0.9999116659164429
1633,54433,LEFT_EAR,0.4154013395309448,0.4221722185611725,0.2614346146583557,0.9977747201919556,0.9999569654464722
1633,54433,RIGHT_EAR,0.4647215008735657,0.41151440143585205,0.22959500551223755,0.995813250541687,0.9999241828918457
1633,54433,MOUTH_LEFT,0.43426546454429626,0.42987558245658875,0.41168296337127686,0.9972891807556152,0.9999099969863892
1633,54433,MOUTH_RIGHT,0.44922804832458496,0.4268178343772888,0.40220025181770325,0.9959526062011719,0.9999042749404907
1633,54433,LEFT_SHOULDER,0.38089442253112793,0.5168577432632446,0.1533687561750412,0.9990178346633911,0.9996247291564941
1633,54433,RIGHT_SHOULDER,0.5324538350105286,0.4624871611595154,0.07837919890880585,0.9961718320846558,0.9989977478981018
1633,54433,LEFT_ELBOW,0.35096102952957153,0.6150838136672974,0.18989607691764832,0.7285154461860657,0.9986783862113953
1633,54433,RIGHT_ELBOW,0.58903968334198,0.45644044876098633,0.1415041834115982,0.8100939989089966,0.9973937273025513
1633,54433,LEFT_WRIST,0.3855413496494293,0.6075795292854309,0.3580370247364044,0.5319821238517761,0.999643087387085
1633,54433,RIGHT_WRIST,0.5358502268791199,0.40214064717292786,0.37045368552207947,0.5222225785255432,0.9990153312683105
1633,54433,LEFT_PINKY,0.39413759112358093,0.6208012104034424,0.3987882733345032,0.5160148739814758,0.9995978474617004
1633,54433,RIGHT_PINKY,0.5252930521965027,0.4012269675731659,0.413290411233902,0.4971325993537903,0.9988515377044678
1633,54433,LEFT_INDEX,0.39893418550491333,0.6037778258323669,0.3963957130908966,0.5239265561103821,0.9996126294136047
1633,54433,RIGHT_INDEX,0.5107625126838684,0.4038199782371521,0.4260222315788269,0.4973912537097931,0.9988258481025696
1633,54433,LEFT_THUMB,0.4004257023334503,0.6038543581962585,0.36433207988739014,0.5113056302070618,0.9996839761734009
1633,54433,RIGHT_THUMB,0.5114973187446594,0.4054102301597595,0.3823474943637848,0.4595271050930023,0.999139666557312
1633,54433,LEFT_HIP,0.4400700032711029,0.6832874417304993,0.03987469896674156,0.9993932247161865,0.9999603033065796
1633,54433,RIGHT_HIP,0.528670072555542,0.685920774936676,-0.0410093255341053,0.9990493059158325,0.9999246597290039
1633,54433,LEFT_KNEE,0.4647166430950165,0.7588092684745789,0.38224881887435913,0.796073853969574,0.9994946718215942
1633,54433,RIGHT_KNEE,0.5184475779533386,0.7720181941986084,0.11466306447982788,0.9435446858406067,0.9994657635688782
1633,54433,LEFT_ANKLE,0.4823606610298157,0.8474750518798828,0.05587221682071686,0.9121882319450378,0.9998306035995483
1633,54433,RIGHT_ANKLE,0.5236373543739319,0.8635302186012268,-0.29248014092445374,0.9513522386550903,0.9999024868011475
1633,54433,LEFT_HEEL,0.4811733663082123,0.8608201742172241,0.0022184995468705893,0.9089164733886719,0.9997938275337219
1633,54433,RIGHT_HEEL,0.526697039604187,0.874930739402771,-0.3382023274898529,0.908591091632843,0.9998445510864258
1633,54433,LEFT_FOOT_INDEX,0.4832938611507416,0.8807677030563354,0.1099536344408989,0.9060083031654358,0.9996979236602783
1633,54433,RIGHT_FOOT_INDEX,0.5336766839027405,0.9050270915031433,-0.36230671405792236,0.9433689713478088,0.9997732043266296
1634,54467,NOSE,0.43285492062568665,0.4219236671924591,0.43653935194015503,0.9987898468971252,0.9999688863754272
1634,54467,LEFT_EYE_INNER,0.4238232970237732,0.4131740927696228,0.39189639687538147,0.998098611831665,0.9999804496765137
1634,54467,LEFT_EYE,0.41963112354278564,0.4143214821815491,0.39187705516815186,0.9984572529792786,0.9999806880950928
1634,54467,LEFT_EYE_OUTER,0.41541337966918945,0.41576269268989563,0.39193081855773926,0.9984017014503479,0.9999809265136719
1634,54467,RIGHT_EYE_INNER,0.4365242123603821,0.40950852632522583,0.38809654116630554,0.9974167346954346,0.9999743700027466
1634,54467,RIGHT_EYE,0.4410075843334198,0.4082539975643158,0.38799428939819336,0.9973453283309937,0.9999688863754272
1634,54467,RIGHT_EYE_OUTER,0.44565755128860474,0.40713533759117126,0.3878483772277832,0.9962232112884521,0.9999626874923706
1634,54467,LEFT_EAR,0.41177237033843994,0.4250761866569519,0.2193714827299118,0.997779369354248,0.9999885559082031
1634,54467,RIGHT_EAR,0.4570438265800476,0.41348206996917725,0.20093734562397003,0.9958041906356812,0.9999617338180542
1634,54467,MOUTH_LEFT,0.4282068610191345,0.4335337281227112,0.38337191939353943,0.9972744584083557,0.9999697208404541
1634,54467,MOUTH_RIGHT,0.4440678358078003,0.4300459921360016,0.3781150281429291,0.9958941340446472,0.9999524354934692
1634,54467,LEFT_SHOULDER,0.3775518834590912,0.519849419593811,0.08853469043970108,0.9990611672401428,0.9999213218688965
1634,54467,RIGHT_SHOULDER,0.5261551737785339,0.4630472660064697,0.09554173052310944,0.9963050484657288,0.998793363571167
1634,54467,LEFT_ELBOW,0.3535536229610443,0.613623857498169,0.10051225870847702,0.755138099193573,0.9995977282524109
1634,54467,RIGHT_ELBOW,0.5905928015708923,0.45490649342536926,0.13033288717269897,0.8192298412322998,0.9982455968856812
1634,54467,LEFT_WRIST,0.37720927596092224,0.6154990196228027,0.26187223196029663,0.517998218536377,0.9998370409011841
1634,54467,RIGHT_WRIST,0.537728488445282,0.43859389424324036,0.3141848146915436,0.48259663581848145,0.9996371269226074
1634,54467,LEFT_PINKY,0.38270440697669983,0.6230753064155579,0.28880709409713745,0.48936009407043457,0.9997565150260925
1634,54467,RIGHT_PINKY,0.526955783367157,0.4376331865787506,0.3550199866294861,0.4574809670448303,0.9995236396789551
1634,54467,LEFT_INDEX,0.3861587345600128,0.6111105680465698,0.2980930209159851,0.49673205614089966,0.9998007416725159
1634,54467,RIGHT_INDEX,0.5116519927978516,0.42531371116638184,0.3671022951602936,0.45788440108299255,0.999534010887146
1634,54467,LEFT_THUMB,0.3891048729419708,0.6098021268844604,0.2725287079811096,0.4850768446922302,0.999850869178772
1634,54467,RIGHT_THUMB,0.5127738118171692,0.42850157618522644,0.32509908080101013,0.4240659773349762,0.9996691942214966
1634,54467,LEFT_HIP,0.4454527497291565,0.6802927255630493,-0.006538270972669125,0.9994354248046875,0.9999740123748779
1634,54467,RIGHT_HIP,0.5389112234115601,0.6774851083755493,0.005659623071551323,0.9990849494934082,0.99988853931427
1634,54467,LEFT_KNEE,0.46136102080345154,0.7435908913612366,0.24492862820625305,0.8061568737030029,0.9996850490570068
1634,54467,RIGHT_KNEE,0.5223917961120605,0.7618221044540405,0.25687381625175476,0.9361394643783569,0.9988663196563721
1634,54467,LEFT_ANKLE,0.4823821485042572,0.8456887006759644,-0.20009073615074158,0.91893070936203,0.9999262094497681
1634,54467,RIGHT_ANKLE,0.5321923494338989,0.8449024558067322,-0.15186159312725067,0.9536178112030029,0.9999043941497803
1634,54467,LEFT_HEEL,0.4873475134372711,0.8574321866035461,-0.24563951790332794,0.9173001050949097,0.9998970031738281
1634,54467,RIGHT_HEEL,0.5290171504020691,0.8568251132965088,-0.1966506391763687,0.917024552822113,0.9998730421066284
1634,54467,LEFT_FOOT_INDEX,0.4855344891548157,0.8853442668914795,-0.26482513546943665,0.9115864038467407,0.9997910857200623
1634,54467,RIGHT_FOOT_INDEX,0.5245795249938965,0.8883956074714661,-0.21189366281032562,0.944395899772644,0.9998263716697693
1635,54500,NOSE,0.41641825437545776,0.42404666543006897,1.0493108034133911,0.9963684678077698,0.9999960660934448
1635,54500,LEFT_EYE_INNER,0.4071583151817322,0.4152996242046356,1.035649299621582,0.9953451752662659,0.9999957084655762
1635,54500,LEFT_EYE,0.4030517041683197,0.41655465960502625,1.0357967615127563,0.9960422515869141,0.9999958276748657
1635,54500,LEFT_EYE_OUTER,0.39900708198547363,0.41806650161743164,1.0358644723892212,0.9965580105781555,0.9999949932098389
1635,54500,RIGHT_EYE_INNER,0.41896578669548035,0.41107118129730225,1.0356818437576294,0.9940313696861267,0.9999958276748657
1635,54500,RIGHT_EYE,0.4230284094810486,0.40957003831863403,1.0356991291046143,0.9939627051353455,0.9999957084655762
1635,54500,RIGHT_EYE_OUTER,0.4270305931568146,0.408354789018631,1.035477638244629,0.9932452440261841,0.9999942779541016
1635,54500,LEFT_EAR,0.3974969685077667,0.4260263442993164,0.865256667137146,0.9948897361755371,0.9999961853027344
1635,54500,RIGHT_EAR,0.4379500150680542,0.41354885697364807,0.8667581677436829,0.9922922849655151,0.9999940395355225
1635,54500,MOUTH_LEFT,0.4128296971321106,0.4358449876308441,0.9834663271903992,0.992235004901886,0.9999899864196777
1635,54500,MOUTH_RIGHT,0.42699161171913147,0.43150168657302856,0.9840748310089111,0.9891394972801208,0.9999896287918091
1635,54500,LEFT_SHOULDER,0.3772384822368622,0.5116226673126221,0.6560453772544861,0.9990329146385193,0.9999547004699707
1635,54500,RIGHT_SHOULDER,0.5140093564987183,0.463737428188324,0.622187077999115,0.9965333342552185,0.999846339225769
1635,54500,LEFT_ELBOW,0.3675909638404846,0.6133231520652771,0.527633011341095,0.7447953820228577,0.9997513890266418
1635,54500,RIGHT_ELBOW,0.559087336063385,0.5516746640205383,0.4975641965866089,0.7677759528160095,0.9989290833473206
1635,54500,LEFT_WRIST,0.36506760120391846,0.6992442607879639,0.5434884428977966,0.5034035444259644,0.9992241859436035
1635,54500,RIGHT_WRIST,0.5831525921821594,0.6594821810722351,0.542718768119812,0.45532339811325073,0.9984225034713745
1635,54500,LEFT_PINKY,0.36185091733932495,0.7183895707130432,0.5454683899879456,0.4726272225379944,0.9988491535186768
1635,54500,RIGHT_PINKY,0.5993504524230957,0.6774564981460571,0.5544996857643127,0.43400833010673523,0.9978151321411133
1635,54500,LEFT_INDEX,0.3696402907371521,0.7128079533576965,0.5666630864143372,0.4790970981121063,0.9986950755119324
1635,54500,RIGHT_INDEX,0.5813429951667786,0.6845852732658386,0.5805991888046265,0.43026357889175415,0.9974653720855713
1635,54500,LEFT_THUMB,0.3755609393119812,0.7067813277244568,0.5503934621810913,0.46230509877204895,0.9991061091423035
1635,54500,RIGHT_THUMB,0.5706757307052612,0.6793534159660339,0.5531102418899536,0.3978489637374878,0.9981350898742676
1635,54500,LEFT_HIP,0.4483802616596222,0.6448842287063599,0.018625585362315178,0.9994271397590637,0.9999685287475586
1635,54500,RIGHT_HIP,0.5476754903793335,0.6245778799057007,-0.019256645813584328,0.998995840549469,0.9999059438705444
1635,54500,LEFT_KNEE,0.4630976617336273,0.7366660237312317,0.15291649103164673,0.803729772567749,0.99916672706604
1635,54500,RIGHT_KNEE,0.5549496412277222,0.7433057427406311,0.06486193090677261,0.9280562400817871,0.9988407492637634
1635,54500,LEFT_ANKLE,0.4839875400066376,0.8459287285804749,-0.31535622477531433,0.9175980687141418,0.9997400641441345
1635,54500,RIGHT_ANKLE,0.5337238311767578,0.8505614399909973,-0.4137626886367798,0.9525010585784912,0.9997865557670593
1635,54500,LEFT_HEEL,0.48477908968925476,0.8600887656211853,-0.37765824794769287,0.9212202429771423,0.9997435212135315
1635,54500,RIGHT_HEEL,0.5252016186714172,0.8636795878410339,-0.471236914396286,0.9225872159004211,0.9997758269309998
1635,54500,LEFT_FOOT_INDEX,0.4880274832248688,0.8825873136520386,-0.47623464465141296,0.9047401547431946,0.9995627999305725
1635,54500,RIGHT_FOOT_INDEX,0.5246121883392334,0.8895230293273926,-0.574471652507782,0.9386583566665649,0.99982088804245
1636,54533,NOSE,0.4146011173725128,0.42371371388435364,0.9920393228530884,0.9961606860160828,0.999997615814209
1636,54533,LEFT_EYE_INNER,0.4049229025840759,0.41534948348999023,0.9692874550819397,0.9951732158660889,0.9999967813491821
1636,54533,LEFT_EYE,0.40047332644462585,0.41658803820610046,0.9694456458091736,0.9958383440971375,0.9999963045120239
1636,54533,LEFT_EYE_OUTER,0.39629459381103516,0.418016642332077,0.9695066809654236,0.9964421987533569,0.999995231628418
1636,54533,RIGHT_EYE_INNER,0.41735079884529114,0.4114043414592743,0.972492516040802,0.9940255880355835,0.9999971389770508
1636,54533,RIGHT_EYE,0.421415239572525,0.41001346707344055,0.9725289940834045,0.9939516186714172,0.9999969005584717
1636,54533,RIGHT_EYE_OUTER,0.4255492389202118,0.40879955887794495,0.9723618030548096,0.9933745265007019,0.9999959468841553
1636,54533,LEFT_EAR,0.39338308572769165,0.4252934157848358,0.7911264300346375,0.9946403503417969,0.9999948740005493
1636,54533,RIGHT_EAR,0.4345146715641022,0.4130227267742157,0.8081308007240295,0.9922472238540649,0.9999951124191284
1636,54533,MOUTH_LEFT,0.4109819233417511,0.43534016609191895,0.9260724782943726,0.9917647242546082,0.9999895095825195
1636,54533,MOUTH_RIGHT,0.425063818693161,0.43109220266342163,0.9310075640678406,0.9888424873352051,0.9999916553497314
1636,54533,LEFT_SHOULDER,0.3760753870010376,0.5077926516532898,0.5653146505355835,0.9990673661231995,0.9999041557312012
1636,54533,RIGHT_SHOULDER,0.5086809992790222,0.4639807939529419,0.6102979779243469,0.9967765808105469,0.9998176693916321
1636,54533,LEFT_ELBOW,0.3738596439361572,0.6108148097991943,0.3685709536075592,0.7221736907958984,0.9996089339256287
1636,54533,RIGHT_ELBOW,0.5551247000694275,0.558918297290802,0.47213685512542725,0.7014873623847961,0.9990365505218506
1636,54533,LEFT_WRIST,0.36509430408477783,0.6935541033744812,0.2693595290184021,0.4953969120979309,0.9984412789344788
1636,54533,RIGHT_WRIST,0.5668851137161255,0.6595882773399353,0.41507837176322937,0.4265855848789215,0.9989197254180908
1636,54533,LEFT_PINKY,0.3583655059337616,0.7198999524116516,0.2524465322494507,0.46579474210739136,0.9982252717018127
1636,54533,RIGHT_PINKY,0.575470507144928,0.6754357814788818,0.39933013916015625,0.41175219416618347,0.9986748695373535
1636,54533,LEFT_INDEX,0.36587128043174744,0.7152764201164246,0.261555552482605,0.4705422520637512,0.9980642199516296
1636,54533,RIGHT_INDEX,0.558735728263855,0.6812933683395386,0.4118683338165283,0.4048667252063751,0.9984147548675537
1636,54533,LEFT_THUMB,0.37584927678108215,0.702662467956543,0.27114206552505493,0.4474067986011505,0.9984266757965088
1636,54533,RIGHT_THUMB,0.5510945916175842,0.6770240664482117,0.41639697551727295,0.37322279810905457,0.998820960521698
1636,54533,LEFT_HIP,0.451860249042511,0.6301678419113159,-0.006904137320816517,0.999465823173523,0.9999725818634033
1636,54533,RIGHT_HIP,0.5527128577232361,0.6111466288566589,0.006383098196238279,0.9990441203117371,0.9999306201934814
1636,54533,LEFT_KNEE,0.46662774682044983,0.7322945594787598,0.15489287674427032,0.8165543079376221,0.9995629191398621
1636,54533,RIGHT_KNEE,0.5615076422691345,0.7356614470481873,0.15278688073158264,0.9251835942268372,0.9995740056037903
1636,54533,LEFT_ANKLE,0.4869256615638733,0.851127028465271,-0.17341503500938416,0.9215064644813538,0.999915599822998
1636,54533,RIGHT_ANKLE,0.5389181971549988,0.8556979298591614,-0.10839375853538513,0.9526297450065613,0.9999234676361084
1636,54533,LEFT_HEEL,0.4900190234184265,0.8724996447563171,-0.2011079639196396,0.9273699522018433,0.9999130964279175
1636,54533,RIGHT_HEEL,0.5315858721733093,0.8705137372016907,-0.14505086839199066,0.9284151196479797,0.9999146461486816
1636,54533,LEFT_FOOT_INDEX,0.48254334926605225,0.877842366695404,-0.2765037417411804,0.9016324877738953,0.999891996383667
1636,54533,RIGHT_FOOT_INDEX,0.5241811275482178,0.8804618716239929,-0.24297454953193665,0.9281492829322815,0.9999366998672485
1637,54567,NOSE,0.40248557925224304,0.4115254282951355,0.9310697317123413,0.9961900115013123,0.9999990463256836
1637,54567,LEFT_EYE_INNER,0.39217662811279297,0.40347129106521606,0.9170498251914978,0.9954515099525452,0.9999985694885254
1637,54567,LEFT_EYE,0.3882695734500885,0.40466001629829407,0.9171372056007385,0.9960016012191772,0.9999985694885254
1637,54567,LEFT_EYE_OUTER,0.38395485281944275,0.4063243269920349,0.9173061847686768,0.9966573715209961,0.9999980926513672
1637,54567,RIGHT_EYE_INNER,0.4031945765018463,0.40003085136413574,0.9158287644386292,0.9943422079086304,0.9999985694885254
1637,54567,RIGHT_EYE,0.4068986475467682,0.39887818694114685,0.9158633947372437,0.9941520094871521,0.9999983310699463
1637,54567,RIGHT_EYE_OUTER,0.41000694036483765,0.3981877565383911,0.9156599640846252,0.9937442541122437,0.999997615814209
1637,54567,LEFT_EAR,0.38124513626098633,0.4135201573371887,0.7692145109176636,0.9948687553405762,0.9999986886978149
1637,54567,RIGHT_EAR,0.4162701368331909,0.4033869802951813,0.7682321667671204,0.9923468828201294,0.9999977350234985
1637,54567,MOUTH_LEFT,0.3995789587497711,0.4212183952331543,0.8737055659294128,0.9919281601905823,0.9999967813491821
1637,54567,MOUTH_RIGHT,0.41174301505088806,0.4187375605106354,0.8737345933914185,0.9885602593421936,0.9999963045120239
1637,54567,LEFT_SHOULDER,0.3722035884857178,0.4777001142501831,0.5670583248138428,0.9990618824958801,0.9999709129333496
1637,54567,RIGHT_SHOULDER,0.49573636054992676,0.45783600211143494,0.5611521005630493,0.9968686103820801,0.999840497970581
1637,54567,LEFT_ELBOW,0.3875439167022705,0.6070529818534851,0.30724671483039856,0.6633517146110535,0.9997969269752502
1637,54567,RIGHT_ELBOW,0.5468847751617432,0.5509756207466125,0.35008594393730164,0.6409147381782532,0.9992051720619202
1637,54567,LEFT_WRIST,0.39840322732925415,0.6708759665489197,0.10981661081314087,0.4665888249874115,0.9990835189819336
1637,54567,RIGHT_WRIST,0.5661531090736389,0.6392055153846741,0.24466253817081451,0.398406058549881,0.9976957440376282
1637,54567,LEFT_PINKY,0.38999128341674805,0.6965658664703369,0.06545274704694748,0.4406699538230896,0.9990589022636414
1637,54567,RIGHT_PINKY,0.5776733160018921,0.6548011898994446,0.23687118291854858,0.3891342580318451,0.996908962726593
1637,54567,LEFT_INDEX,0.3968196213245392,0.6886659264564514,0.09395778179168701,0.44469505548477173,0.9990187883377075
1637,54567,RIGHT_INDEX,0.5628683567047119,0.660651683807373,0.252214252948761,0.3800795078277588,0.9964624047279358
1637,54567,LEFT_THUMB,0.40949326753616333,0.6809965372085571,0.11269889026880264,0.421143501996994,0.9991359114646912
1637,54567,RIGHT_THUMB,0.5551745891571045,0.6569909453392029,0.24799463152885437,0.3493459224700928,0.9972594976425171
1637,54567,LEFT_HIP,0.47380051016807556,0.5984102487564087,-0.013116490095853806,0.9995085000991821,0.9999973773956299
1637,54567,RIGHT_HIP,0.5667285323143005,0.5812366008758545,0.012716202065348625,0.999059796333313,0.9999804496765137
1637,54567,LEFT_KNEE,0.4649401009082794,0.7098153233528137,0.05407388135790825,0.8263470530509949,0.9997695088386536
1637,54567,RIGHT_KNEE,0.5826086401939392,0.6933286190032959,0.17630228400230408,0.9164016842842102,0.9987673759460449
1637,54567,LEFT_ANKLE,0.4898328185081482,0.8485063910484314,-0.4975764751434326,0.9284268617630005,0.999954104423523
1637,54567,RIGHT_ANKLE,0.571180522441864,0.805080235004425,-0.325293630361557,0.9539716243743896,0.9998815059661865
1637,54567,LEFT_HEEL,0.4929455518722534,0.869330108165741,-0.565159797668457,0.9342000484466553,0.9999468326568604
1637,54567,RIGHT_HEEL,0.5736460089683533,0.828680694103241,-0.38740459084510803,0.9350435137748718,0.9999091625213623
1637,54567,LEFT_FOOT_INDEX,0.4804992377758026,0.8722497820854187,-0.6658986210823059,0.9091109037399292,0.999901294708252
1637,54567,RIGHT_FOOT_INDEX,0.5639606714248657,0.8426030874252319,-0.4561627507209778,0.9287217259407043,0.9999175071716309
1638,54600,NOSE,0.40144476294517517,0.4105035066604614,0.9677112698554993,0.995563268661499,0.999997615814209
1638,54600,LEFT_EYE_INNER,0.3916711211204529,0.40277042984962463,0.9577029347419739,0.9952418208122253,0.9999972581863403
1638,54600,LEFT_EYE,0.387946754693985,0.4040432274341583,0.9578420519828796,0.9957302808761597,0.9999971389770508
1638,54600,LEFT_EYE_OUTER,0.38308486342430115,0.40599462389945984,0.9579838514328003,0.9965306520462036,0.999996542930603
1638,54600,RIGHT_EYE_INNER,0.4024115800857544,0.3988720178604126,0.9583132266998291,0.9941247701644897,0.9999969005584717
1638,54600,RIGHT_EYE,0.40515583753585815,0.3978942334651947,0.9582617878913879,0.9937913417816162,0.9999960660934448
1638,54600,RIGHT_EYE_OUTER,0.4078981280326843,0.39714255928993225,0.9580487608909607,0.9935595989227295,0.9999948740005493
1638,54600,LEFT_EAR,0.37922602891921997,0.41348323225975037,0.8164137005805969,0.9949198365211487,0.9999980926513672
1638,54600,RIGHT_EAR,0.41436052322387695,0.4008879065513611,0.8214291334152222,0.9920879006385803,0.9999953508377075
1638,54600,MOUTH_LEFT,0.398624986410141,0.42079171538352966,0.9112969040870667,0.9919378757476807,0.9999967813491821
1638,54600,MOUTH_RIGHT,0.40984535217285156,0.4180285930633545,0.9130499362945557,0.988146960735321,0.9999951124191284
1638,54600,LEFT_SHOULDER,0.37275609374046326,0.4768235683441162,0.57515949010849,0.9990960955619812,0.9999769926071167
1638,54600,RIGHT_SHOULDER,0.47861024737358093,0.45140397548675537,0.6316940784454346,0.9970081448554993,0.9996005892753601
1638,54600,LEFT_ELBOW,0.3952239453792572,0.5979667901992798,0.26262742280960083,0.6298960447311401,0.9997689127922058
1638,54600,RIGHT_ELBOW,0.5207250118255615,0.5414589047431946,0.35675865411758423,0.5775853991508484,0.9941821694374084
1638,54600,LEFT_WRIST,0.39856576919555664,0.6759201288223267,0.02117597684264183,0.48220881819725037,0.9991018772125244
1638,54600,RIGHT_WRIST,0.5071663856506348,0.6252732276916504,0.12644146382808685,0.3623690605163574,0.9916802048683167
1638,54600,LEFT_PINKY,0.3881657123565674,0.7022552490234375,-0.03339003026485443,0.4590407609939575,0.998816967010498
1638,54600,RIGHT_PINKY,0.5051677227020264,0.6418545842170715,0.0814042016863823,0.3565649390220642,0.9926829934120178
1638,54600,LEFT_INDEX,0.39163845777511597,0.6900579929351807,-0.0029537163209170103,0.4604075253009796,0.9988125562667847
1638,54600,RIGHT_INDEX,0.48833274841308594,0.6457214951515198,0.10469919443130493,0.3477807939052582,0.9918006062507629
1638,54600,LEFT_THUMB,0.4061327278614044,0.6844717860221863,0.0257383082062006,0.42830896377563477,0.9991599321365356
1638,54600,RIGHT_THUMB,0.48676595091819763,0.6411938071250916,0.12482589483261108,0.3192845284938812,0.9935053586959839
1638,54600,LEFT_HIP,0.4853487014770508,0.5950892567634583,-0.007818624377250671,0.999542236328125,0.9999864101409912
1638,54600,RIGHT_HIP,0.5714072585105896,0.5747769474983215,0.007151436060667038,0.9991097450256348,0.9998811483383179
1638,54600,LEFT_KNEE,0.4694385230541229,0.7029247879981995,0.04805013909935951,0.8159215450286865,0.9995842576026917
1638,54600,RIGHT_KNEE,0.5969191193580627,0.6879374384880066,0.10528715699911118,0.9008000493049622,0.9972008466720581
1638,54600,LEFT_ANKLE,0.48969221115112305,0.8477416634559631,-0.5263530015945435,0.9314296841621399,0.9998968839645386
1638,54600,RIGHT_ANKLE,0.586137056350708,0.7917702794075012,-0.47147107124328613,0.9471566081047058,0.9996592998504639
1638,54600,LEFT_HEEL,0.4984153211116791,0.8692654371261597,-0.5983364582061768,0.9390878677368164,0.9998536109924316
1638,54600,RIGHT_HEEL,0.593391478061676,0.8164965510368347,-0.539888858795166,0.9390865564346313,0.9997183680534363
1638,54600,LEFT_FOOT_INDEX,0.4822084307670593,0.8719323873519897,-0.7160792946815491,0.9115138053894043,0.9997879862785339
1638,54600,RIGHT_FOOT_INDEX,0.5801953077316284,0.8423462510108948,-0.6345474123954773,0.9244421124458313,0.9997639060020447
1639,54633,NOSE,0.37903428077697754,0.3934830129146576,0.8217114210128784,0.9957815408706665,0.999995231628418
1639,54633,LEFT_EYE_INNER,0.3705260753631592,0.38647744059562683,0.7977394461631775,0.9955266714096069,0.9999929666519165
1639,54633,LEFT_EYE,0.3683442771434784,0.38757336139678955,0.7977859973907471,0.9959609508514404,0.9999916553497314
1639,54633,LEFT_EYE_OUTER,0.36443889141082764,0.38984665274620056,0.7978540062904358,0.9967288374900818,0.9999886751174927
1639,54633,RIGHT_EYE_INNER,0.3784139156341553,0.38167649507522583,0.801200270652771,0.9945600032806396,0.999994158744812
1639,54633,RIGHT_EYE,0.3807375729084015,0.38030165433883667,0.8011236190795898,0.9942463040351868,0.9999934434890747
1639,54633,RIGHT_EYE_OUTER,0.3853827714920044,0.37901973724365234,0.8009241819381714,0.9940556883811951,0.9999924898147583
1639,54633,LEFT_EAR,0.36356598138809204,0.3976411521434784,0.6435391306877136,0.9952599406242371,0.9999914169311523
1639,54633,RIGHT_EAR,0.39079201221466064,0.38201195001602173,0.659932553768158,0.9926470518112183,0.9999939203262329
1639,54633,MOUTH_LEFT,0.3800228238105774,0.40556177496910095,0.7652403116226196,0.992475688457489,0.9999933242797852
1639,54633,MOUTH_RIGHT,0.3886617422103882,0.40134626626968384,0.7699576616287231,0.9889161586761475,0.9999934434890747
1639,54633,LEFT_SHOULDER,0.37414151430130005,0.4517780840396881,0.41833817958831787,0.9990302920341492,0.9998979568481445
1639,54633,RIGHT_SHOULDER,0.45835909247398376,0.4260185956954956,0.5269392728805542,0.9971745610237122,0.9998362064361572
1639,54633,LEFT_ELBOW,0.40468406677246094,0.5504789352416992,0.07439051568508148,0.5735079646110535,0.9987754225730896
1639,54633,RIGHT_ELBOW,0.5061405301094055,0.5168604254722595,0.2655784487724304,0.5221055746078491,0.9989031553268433
1639,54633,LEFT_WRIST,0.41750505566596985,0.6180819869041443,-0.22398602962493896,0.448961079120636,0.9960702657699585
1639,54633,RIGHT_WRIST,0.4842503070831299,0.5814499258995056,0.004865327384322882,0.33055993914604187,0.9985490441322327
1639,54633,LEFT_PINKY,0.41384702920913696,0.6426671147346497,-0.28759923577308655,0.4366249740123749,0.9971261620521545
1639,54633,RIGHT_PINKY,0.48237717151641846,0.6001184582710266,-0.029215319082140923,0.3283269703388214,0.9984787106513977
1639,54633,LEFT_INDEX,0.41724032163619995,0.6296209096908569,-0.2552942633628845,0.43749549984931946,0.9973036050796509
1639,54633,RIGHT_INDEX,0.4667855203151703,0.595710039138794,-0.010242982767522335,0.3201019763946533,0.9982193112373352
1639,54633,LEFT_THUMB,0.42583388090133667,0.6200653910636902,-0.2202814370393753,0.404127836227417,0.9973745346069336
1639,54633,RIGHT_THUMB,0.46370288729667664,0.5925501585006714,0.0033820737153291702,0.2936230003833771,0.9987169504165649
1639,54633,LEFT_HIP,0.5020824670791626,0.587485671043396,-0.05684345215559006,0.9995802044868469,0.9999959468841553
1639,54633,RIGHT_HIP,0.5819829702377319,0.5617979168891907,0.056407105177640915,0.9991722702980042,0.9999822378158569
1639,54633,LEFT_KNEE,0.472770631313324,0.6926652193069458,-0.08692437410354614,0.8328133225440979,0.9999204874038696
1639,54633,RIGHT_KNEE,0.6120385527610779,0.6458536982536316,0.2527179718017578,0.9010429382324219,0.9994244575500488
1639,54633,LEFT_ANKLE,0.49062713980674744,0.8477126955986023,-0.5728350877761841,0.9379196166992188,0.9999665021896362
1639,54633,RIGHT_ANKLE,0.650458574295044,0.7062820196151733,-0.11099506914615631,0.9445831179618835,0.9998842477798462
1639,54633,LEFT_HEEL,0.49901485443115234,0.8688972592353821,-0.6289344429969788,0.9449096322059631,0.9999544620513916
1639,54633,RIGHT_HEEL,0.6583381295204163,0.7259544134140015,-0.15530221164226532,0.9425762295722961,0.999914288520813
1639,54633,LEFT_FOOT_INDEX,0.4525602161884308,0.8738515973091125,-0.7532925009727478,0.9184823632240295,0.9999008178710938
1639,54633,RIGHT_FOOT_INDEX,0.6587626934051514,0.7535517811775208,-0.2216666340827942,0.9152281284332275,0.9998964071273804
1640,54667,NOSE,0.37155744433403015,0.39081454277038574,0.7317683100700378,0.9960769414901733,0.9999721050262451
1640,54667,LEFT_EYE_INNER,0.3655851483345032,0.38267478346824646,0.7043315768241882,0.9958571791648865,0.9999551773071289
1640,54667,LEFT_EYE,0.36229029297828674,0.3844124376773834,0.7043877840042114,0.9962537288665771,0.999945878982544
1640,54667,LEFT_EYE_OUTER,0.3599751889705658,0.3857284188270569,0.7044554948806763,0.9969538450241089,0.9999295473098755
1640,54667,RIGHT_EYE_INNER,0.37232449650764465,0.3795650601387024,0.7104775309562683,0.9950248599052429,0.9999622106552124
1640,54667,RIGHT_EYE,0.37570920586586,0.3771486282348633,0.7103918790817261,0.9947430491447449,0.9999589920043945
1640,54667,RIGHT_EYE_OUTER,0.3778362572193146,0.37593671679496765,0.710185706615448,0.9945772290229797,0.9999529123306274
1640,54667,LEFT_EAR,0.3600500524044037,0.39334407448768616,0.5407938361167908,0.9956058263778687,0.9999375343322754
1640,54667,RIGHT_EAR,0.38240015506744385,0.37854424118995667,0.5659550428390503,0.9932769536972046,0.9999610185623169
1640,54667,MOUTH_LEFT,0.373586505651474,0.40287235379219055,0.6726422309875488,0.9930447340011597,0.9999572038650513
1640,54667,MOUTH_RIGHT,0.3815896809101105,0.3984006643295288,0.6801305413246155,0.9898169040679932,0.9999642372131348
1640,54667,LEFT_SHOULDER,0.3707675039768219,0.45225828886032104,0.31395086646080017,0.9990171194076538,0.9995318651199341
1640,54667,RIGHT_SHOULDER,0.4642057418823242,0.41846463084220886,0.468112587928772,0.9973699450492859,0.9996782541275024
1640,54667,LEFT_ELBOW,0.40702465176582336,0.552301824092865,-0.014969147741794586,0.5276524424552917,0.9972104430198669
1640,54667,RIGHT_ELBOW,0.4852212071418762,0.516872763633728,0.28996771574020386,0.4749641418457031,0.9987816214561462
1640,54667,LEFT_WRIST,0.42500370740890503,0.6106418967247009,-0.27554142475128174,0.4106235206127167,0.9952785968780518
1640,54667,RIGHT_WRIST,0.4555743932723999,0.5880405902862549,0.051549654453992844,0.3072456419467926,0.9988968372344971
1640,54667,LEFT_PINKY,0.42254501581192017,0.6313161849975586,-0.33408597111701965,0.40356308221817017,0.9968197345733643
1640,54667,RIGHT_PINKY,0.4520542323589325,0.603290319442749,0.05430065095424652,0.30788764357566833,0.9987598657608032
1640,54667,LEFT_INDEX,0.42570456862449646,0.6180875897407532,-0.3065246641635895,0.4043114185333252,0.997107207775116
1640,54667,RIGHT_INDEX,0.4396762549877167,0.6053580641746521,0.07222152501344681,0.30099034309387207,0.9985962510108948
1640,54667,LEFT_THUMB,0.4323638379573822,0.6102545857429504,-0.2729775905609131,0.37379270792007446,0.9970808625221252
1640,54667,RIGHT_THUMB,0.43762391805648804,0.6027069091796875,0.06742122024297714,0.2755151093006134,0.9990009665489197
1640,54667,LEFT_HIP,0.5089988708496094,0.591665506362915,-0.0944160744547844,0.9996192455291748,0.9999936819076538
1640,54667,RIGHT_HIP,0.5831380486488342,0.5614901781082153,0.09424998611211777,0.9992421865463257,0.9999840259552002
1640,54667,LEFT_KNEE,0.47442057728767395,0.7005036473274231,-0.12093710899353027,0.8491169214248657,0.9999659061431885
1640,54667,RIGHT_KNEE,0.6043607592582703,0.6600388884544373,0.3821740746498108,0.9013001322746277,0.9997945427894592
1640,54667,LEFT_ANKLE,0.4909283220767975,0.8475951552391052,-0.4680470824241638,0.9439272880554199,0.9999505281448364
1640,54667,RIGHT_ANKLE,0.6566986441612244,0.7039937973022461,0.23095929622650146,0.9437538981437683,0.9999005794525146
1640,54667,LEFT_HEEL,0.5001368522644043,0.8709873557090759,-0.5056236386299133,0.9501444697380066,0.9999256134033203
1640,54667,RIGHT_HEEL,0.6639159917831421,0.7185303568840027,0.21214397251605988,0.9444785714149475,0.9999107122421265
1640,54667,LEFT_FOOT_INDEX,0.4359436631202698,0.8781865835189819,-0.6166484951972961,0.9247496128082275,0.9998109936714172
1640,54667,RIGHT_FOOT_INDEX,0.6639858484268188,0.7270461320877075,0.16130325198173523,0.9025678634643555,0.9998946189880371
1641,54700,NOSE,0.34939491748809814,0.3502654433250427,0.6891957521438599,0.9964556694030762,0.9999833106994629
1641,54700,LEFT_EYE_INNER,0.34281057119369507,0.3405896723270416,0.661340594291687,0.9962650537490845,0.9999665021896362
1641,54700,LEFT_EYE,0.3409784734249115,0.34146279096603394,0.6614106893539429,0.9966211318969727,0.9999620914459229
1641,54700,LEFT_EYE_OUTER,0.3391864597797394,0.34254488348960876,0.661471426486969,0.9972540140151978,0.9999480247497559
1641,54700,RIGHT_EYE_INNER,0.35051947832107544,0.33763933181762695,0.6873630881309509,0.9955167174339294,0.9999758005142212
1641,54700,RIGHT_EYE,0.35440394282341003,0.33737874031066895,0.6872881054878235,0.99526047706604,0.9999760389328003
1641,54700,RIGHT_EYE_OUTER,0.35733306407928467,0.3362795412540436,0.6871687173843384,0.9951142072677612,0.999972939491272
1641,54700,LEFT_EAR,0.34384962916374207,0.34967130422592163,0.5113000869750977,0.9960335493087769,0.9999566078186035
1641,54700,RIGHT_EAR,0.36733418703079224,0.3366422951221466,0.630193829536438,0.9939399361610413,0.9999790191650391
1641,54700,MOUTH_LEFT,0.3536383807659149,0.3632308542728424,0.6350246071815491,0.9937297701835632,0.9999847412109375
1641,54700,MOUTH_RIGHT,0.36226528882980347,0.35956913232803345,0.6684377193450928,0.9908156394958496,0.9999861717224121
1641,54700,LEFT_SHOULDER,0.3734263479709625,0.3946937024593353,0.258342981338501,0.9990938901901245,0.999834418296814
1641,54700,RIGHT_SHOULDER,0.4347350597381592,0.3964728116989136,0.6036996841430664,0.9975367188453674,0.9996778964996338
1641,54700,LEFT_ELBOW,0.4234444200992584,0.4670915901660919,-0.1535378098487854,0.5047974586486816,0.9973702430725098
1641,54700,RIGHT_ELBOW,0.4681379795074463,0.49124664068222046,0.4924035966396332,0.42939212918281555,0.9976720213890076
1641,54700,LEFT_WRIST,0.4221562445163727,0.5278749465942383,-0.5569758415222168,0.41970908641815186,0.9981603026390076
1641,54700,RIGHT_WRIST,0.4379677474498749,0.5682854056358337,0.31408628821372986,0.28413426876068115,0.9970884919166565
1641,54700,LEFT_PINKY,0.4196379780769348,0.5453936457633972,-0.6387370824813843,0.4319252371788025,0.9982722997665405
1641,54700,RIGHT_PINKY,0.4342987835407257,0.5879179835319519,0.29544952511787415,0.2892301678657532,0.9956668615341187
1641,54700,LEFT_INDEX,0.41305211186408997,0.5404516458511353,-0.6071718335151672,0.43030846118927,0.9984608888626099
1641,54700,RIGHT_INDEX,0.42465993762016296,0.5885738134384155,0.28486713767051697,0.2832796275615692,0.9946824908256531
1641,54700,LEFT_THUMB,0.4181020259857178,0.5357836484909058,-0.5530586838722229,0.39421141147613525,0.9986590147018433
1641,54700,RIGHT_THUMB,0.42370763421058655,0.5842380523681641,0.30308103561401367,0.2591733932495117,0.9963892698287964
1641,54700,LEFT_HIP,0.5143665671348572,0.5480382442474365,-0.1271323412656784,0.9996517300605774,0.9999922513961792
1641,54700,RIGHT_HIP,0.5799987316131592,0.5359232425689697,0.12724639475345612,0.9992907047271729,0.9999605417251587
1641,54700,LEFT_KNEE,0.47835248708724976,0.6875510811805725,-0.1917460858821869,0.8631656169891357,0.99979168176651
1641,54700,RIGHT_KNEE,0.6498681902885437,0.6605315804481506,0.3103952407836914,0.9027446508407593,0.9993993043899536
1641,54700,LEFT_ANKLE,0.49203404784202576,0.848820149898529,-0.4949939548969269,0.9491785764694214,0.9991737008094788
1641,54700,RIGHT_ANKLE,0.7522727847099304,0.6474201083183289,0.25730100274086,0.9378002285957336,0.998974084854126
1641,54700,LEFT_HEEL,0.502800703048706,0.8757657408714294,-0.5280633568763733,0.9545463919639587,0.9988563060760498
1641,54700,RIGHT_HEEL,0.7425999045372009,0.6266255378723145,0.24903585016727448,0.9410112500190735,0.998847246170044
1641,54700,LEFT_FOOT_INDEX,0.43168529868125916,0.8838428854942322,-0.655039370059967,0.9310106635093689,0.9971068501472473
1641,54700,RIGHT_FOOT_INDEX,0.7903240919113159,0.6617773771286011,0.19155924022197723,0.8920970559120178,0.9988968372344971
1642,54733,NOSE,0.3429786264896393,0.35088804364204407,0.6470510959625244,0.9967973828315735,0.9999876022338867
1642,54733,LEFT_EYE_INNER,0.3397318422794342,0.339395672082901,0.6268792152404785,0.9966318607330322,0.9999772310256958
1642,54733,LEFT_EYE,0.33863452076911926,0.340060293674469,0.6268953680992126,0.9969512820243835,0.9999728202819824
1642,54733,LEFT_EYE_OUTER,0.33737310767173767,0.34095731377601624,0.6268969774246216,0.9975237846374512,0.9999639987945557
1642,54733,RIGHT_EYE_INNER,0.34448832273483276,0.336764931678772,0.6424383521080017,0.9959600567817688,0.999984860420227
1642,54733,RIGHT_EYE,0.34779542684555054,0.3350437581539154,0.642373263835907,0.9957268834114075,0.999984622001648
1642,54733,RIGHT_EYE_OUTER,0.3502490222454071,0.33380866050720215,0.6422394514083862,0.9955980777740479,0.9999830722808838
1642,54733,LEFT_EAR,0.3442484438419342,0.3465636670589447,0.4808032214641571,0.996417224407196,0.9999686479568481
1642,54733,RIGHT_EAR,0.36278510093688965,0.3350909948348999,0.6133065819740295,0.9945347905158997,0.9999864101409912
1642,54733,MOUTH_LEFT,0.350041925907135,0.3607836961746216,0.6039122939109802,0.9943414330482483,0.9999845027923584
1642,54733,MOUTH_RIGHT,0.3573223352432251,0.3581303060054779,0.6273308992385864,0.9917099475860596,0.9999872446060181
1642,54733,LEFT_SHOULDER,0.3719480037689209,0.3896741569042206,0.1962304711341858,0.9991715550422668,0.999889612197876
1642,54733,RIGHT_SHOULDER,0.4346332252025604,0.3956576883792877,0.6224682927131653,0.9977185726165771,0.999836802482605
1642,54733,LEFT_ELBOW,0.42077624797821045,0.46730175614356995,-0.16120217740535736,0.5034098029136658,0.9991695880889893
1642,54733,RIGHT_ELBOW,0.46806803345680237,0.4890185594558716,0.5801549553871155,0.3892507255077362,0.9993995428085327
1642,54733,LEFT_WRIST,0.40813425183296204,0.5321767926216125,-0.5040885806083679,0.44348737597465515,0.999455988407135
1642,54733,RIGHT_WRIST,0.4422033429145813,0.5681700110435486,0.48532384634017944,0.26605963706970215,0.9995562434196472
1642,54733,LEFT_PINKY,0.40305569767951965,0.5488699078559875,-0.5774693489074707,0.46550309658050537,0.9994280934333801
1642,54733,RIGHT_PINKY,0.4376680254936218,0.5859748721122742,0.4850919842720032,0.2750846743583679,0.9992969036102295
1642,54733,LEFT_INDEX,0.39456719160079956,0.5441364049911499,-0.5460075736045837,0.4622185230255127,0.9994924068450928
1642,54733,RIGHT_INDEX,0.4290151596069336,0.5867655277252197,0.4706994593143463,0.27033305168151855,0.9991594552993774
1642,54733,LEFT_THUMB,0.4007152318954468,0.5405915379524231,-0.49746501445770264,0.4199782907962799,0.999569833278656
1642,54733,RIGHT_THUMB,0.42941898107528687,0.5830307602882385,0.47535061836242676,0.24684423208236694,0.9994816184043884
1642,54733,LEFT_HIP,0.5226815342903137,0.5452036261558533,-0.14161241054534912,0.9996830224990845,0.9999959468841553
1642,54733,RIGHT_HIP,0.5800947546958923,0.535616934299469,0.14149576425552368,0.9993481040000916,0.9999864101409912
1642,54733,LEFT_KNEE,0.48069313168525696,0.684361457824707,-0.31496289372444153,0.8756605386734009,0.9999483823776245
1642,54733,RIGHT_KNEE,0.6539105176925659,0.6608346700668335,0.2575616240501404,0.9067667126655579,0.9998694658279419
1642,54733,LEFT_ANKLE,0.49272555112838745,0.8485717177391052,-0.6810910105705261,0.9539344906806946,0.9999051094055176
1642,54733,RIGHT_ANKLE,0.7377052903175354,0.6404868960380554,0.07674664258956909,0.9404041767120361,0.9998531341552734
1642,54733,LEFT_HEEL,0.5033755898475647,0.8752260208129883,-0.7174727320671082,0.9586479067802429,0.9998459815979004
1642,54733,RIGHT_HEEL,0.743108332157135,0.6206815838813782,0.05584101378917694,0.9442996978759766,0.9997995495796204
1642,54733,LEFT_FOOT_INDEX,0.39090025424957275,0.8979994654655457,-0.8569881319999695,0.9373044371604919,0.9995959401130676
1642,54733,RIGHT_FOOT_INDEX,0.7873247265815735,0.6562797427177429,-0.01859237253665924,0.897700846195221,0.999774158000946
1643,54767,NOSE,0.3396153151988983,0.31186074018478394,0.6448031663894653,0.9971171617507935,0.9999990463256836
1643,54767,LEFT_EYE_INNER,0.3353334665298462,0.30304238200187683,0.5974429249763489,0.9969685077667236,0.9999974966049194
1643,54767,LEFT_EYE,0.33275312185287476,0.3049631416797638,0.5975231528282166,0.9972559809684753,0.9999971389770508
1643,54767,LEFT_EYE_OUTER,0.33086225390434265,0.3066689968109131,0.5975819230079651,0.9977712631225586,0.9999959468841553
1643,54767,RIGHT_EYE_INNER,0.34224674105644226,0.29906922578811646,0.6231729984283447,0.9963638782501221,0.9999982118606567
1643,54767,RIGHT_EYE,0.3451482653617859,0.2975749373435974,0.6231197714805603,0.9961539506912231,0.9999980926513672
1643,54767,RIGHT_EYE_OUTER,0.3487466871738434,0.2957901358604431,0.6230327486991882,0.9960380792617798,0.9999977350234985
1643,54767,LEFT_EAR,0.3356891870498657,0.31342917680740356,0.42822837829589844,0.996775209903717,0.9999966621398926
1643,54767,RIGHT_EAR,0.36099451780319214,0.29651889204978943,0.5955680012702942,0.9950810074806213,0.9999984502792358
1643,54767,MOUTH_LEFT,0.3455975353717804,0.32347995042800903,0.5783902406692505,0.9949068427085876,0.9999992847442627
1643,54767,MOUTH_RIGHT,0.35343828797340393,0.3197886049747467,0.6100311875343323,0.9925382137298584,0.9999992847442627
1643,54767,LEFT_SHOULDER,0.36793625354766846,0.3637399673461914,0.170954629778862,0.9992527365684509,0.999991774559021
1643,54767,RIGHT_SHOULDER,0.43285781145095825,0.3661247789859772,0.6308887004852295,0.9979274868965149,0.999982476234436
1643,54767,LEFT_ELBOW,0.4209834337234497,0.44857141375541687,-0.1317608505487442,0.5435775518417358,0.9998764991760254
1643,54767,RIGHT_ELBOW,0.4707510471343994,0.46372029185295105,0.6381513476371765,0.35311609506607056,0.9998773336410522
1643,54767,LEFT_WRIST,0.39232513308525085,0.5152255892753601,-0.3583027720451355,0.4943089187145233,0.9999394416809082
1643,54767,RIGHT_WRIST,0.42144399881362915,0.5364590883255005,0.5977829694747925,0.2566150724887848,0.999935507774353
1643,54767,LEFT_PINKY,0.3816339373588562,0.5284266471862793,-0.4214474856853485,0.514860212802887,0.9998980760574341
1643,54767,RIGHT_PINKY,0.4088399410247803,0.5486778616905212,0.6040564179420471,0.2738499939441681,0.9998685121536255
1643,54767,LEFT_INDEX,0.3741791546344757,0.5276448130607605,-0.39533933997154236,0.5114808082580566,0.9999244213104248
1643,54767,RIGHT_INDEX,0.40133729577064514,0.5476803183555603,0.5863311886787415,0.27059662342071533,0.9998565912246704
1643,54767,LEFT_THUMB,0.37984195351600647,0.5226711630821228,-0.35053178668022156,0.4709075093269348,0.9999456405639648
1643,54767,RIGHT_THUMB,0.4038275182247162,0.5435169339179993,0.5877699255943298,0.2503996193408966,0.9999105930328369
1643,54767,LEFT_HIP,0.5181419849395752,0.5373584032058716,-0.15384289622306824,0.9997092485427856,0.9999977350234985
1643,54767,RIGHT_HIP,0.5765593647956848,0.5195297598838806,0.1540028154850006,0.9993994235992432,0.9999935626983643
1643,54767,LEFT_KNEE,0.4876636564731598,0.6883713603019714,-0.14121703803539276,0.8876761198043823,0.9999624490737915
1643,54767,RIGHT_KNEE,0.6717046499252319,0.6482728123664856,0.21467001736164093,0.9137656688690186,0.9999576807022095
1643,54767,LEFT_ANKLE,0.49318692088127136,0.8491514325141907,-0.2876649498939514,0.9583805799484253,0.999895453453064
1643,54767,RIGHT_ANKLE,0.7842400670051575,0.6090577244758606,0.04551459848880768,0.9452278017997742,0.9999423027038574
1643,54767,LEFT_HEEL,0.506255567073822,0.8768972158432007,-0.30173707008361816,0.9624491930007935,0.9998315572738647
1643,54767,RIGHT_HEEL,0.7911192178726196,0.5864216685295105,0.026558248326182365,0.9488062262535095,0.9998905658721924
1643,54767,LEFT_FOOT_INDEX,0.4223339557647705,0.895937442779541,-0.3951934278011322,0.9428159594535828,0.9995301961898804
1643,54767,RIGHT_FOOT_INDEX,0.8522852659225464,0.6291530728340149,-0.04074471443891525,0.9049978852272034,0.9998143315315247
1644,54800,NOSE,0.3421383202075958,0.29576608538627625,0.6334187388420105,0.9974051713943481,0.9999994039535522
1644,54800,LEFT_EYE_INNER,0.3358352780342102,0.2865627706050873,0.5811849236488342,0.9972715377807617,0.9999988079071045
1644,54800,LEFT_EYE,0.33289942145347595,0.28844189643859863,0.5812675356864929,0.9975302815437317,0.9999986886978149
1644,54800,LEFT_EYE_OUTER,0.3303746283054352,0.29046815633773804,0.5813199281692505,0.997994065284729,0.9999982118606567
1644,54800,RIGHT_EYE_INNER,0.34415140748023987,0.2817820608615875,0.6170494556427002,0.9967273473739624,0.999998927116394
1644,54800,RIGHT_EYE,0.34726810455322266,0.2800988554954529,0.6170160174369812,0.9965384006500244,0.999998927116394
1644,54800,RIGHT_EYE_OUTER,0.3512435257434845,0.27824828028678894,0.6169750690460205,0.9964341521263123,0.9999986886978149
1644,54800,LEFT_EAR,0.33315178751945496,0.2995762825012207,0.4160594642162323,0.9970975518226624,0.9999986886978149
1644,54800,RIGHT_EAR,0.36341437697410583,0.280108779668808,0.6050886511802673,0.9955726861953735,0.9999990463256836
1644,54800,MOUTH_LEFT,0.3456017076969147,0.3085538148880005,0.5615798830986023,0.9954159259796143,0.9999995231628418
1644,54800,MOUTH_RIGHT,0.3542983829975128,0.3041677474975586,0.6055285930633545,0.9932839870452881,0.9999995231628418
1644,54800,LEFT_SHOULDER,0.3667377829551697,0.35368844866752625,0.14946433901786804,0.9993265271186829,0.9999959468841553
1644,54800,RIGHT_SHOULDER,0.4320250153541565,0.3478524088859558,0.6638578772544861,0.9981161952018738,0.9999860525131226
1644,54800,LEFT_ELBOW,0.4212358295917511,0.4396727979183197,-0.15161558985710144,0.583092212677002,0.9999234676361084
1644,54800,RIGHT_ELBOW,0.46920454502105713,0.4479820430278778,0.6954607963562012,0.32037147879600525,0.9998835325241089
1644,54800,LEFT_WRIST,0.38510313630104065,0.5038548707962036,-0.3627229928970337,0.5417656898498535,0.9999639987945557
1644,54800,RIGHT_WRIST,0.4108074903488159,0.5167506337165833,0.6656196713447571,0.2468879371881485,0.9999297857284546
1644,54800,LEFT_PINKY,0.3716733455657959,0.5191794037818909,-0.42986130714416504,0.5602968335151672,0.9999332427978516
1644,54800,RIGHT_PINKY,0.39667415618896484,0.5283240079879761,0.6766552925109863,0.2707296907901764,0.999862551689148
1644,54800,LEFT_INDEX,0.363403856754303,0.5095372796058655,-0.40328502655029297,0.5569311380386353,0.9999505281448364
1644,54800,RIGHT_INDEX,0.3898715376853943,0.5207964181900024,0.6538040637969971,0.2690543532371521,0.9998487234115601
1644,54800,LEFT_THUMB,0.3666023313999176,0.5065906047821045,-0.3546648323535919,0.5181542634963989,0.9999655485153198
1644,54800,RIGHT_THUMB,0.39402419328689575,0.518181562423706,0.6534378528594971,0.25167930126190186,0.9999046325683594
1644,54800,LEFT_HIP,0.5167450904846191,0.5331478118896484,-0.1699286699295044,0.9997300505638123,0.9999972581863403
1644,54800,RIGHT_HIP,0.5763029456138611,0.5104378461837769,0.17013292014598846,0.9994403123855591,0.9999922513961792
1644,54800,LEFT_KNEE,0.49024614691734314,0.6880894303321838,-0.14299237728118896,0.8984020948410034,0.9999635219573975
1644,54800,RIGHT_KNEE,0.6780122518539429,0.6401769518852234,0.17526531219482422,0.9200791120529175,0.9999561309814453
1644,54800,LEFT_ANKLE,0.49361932277679443,0.849772572517395,-0.24928472936153412,0.9623361825942993,0.9998947381973267
1644,54800,RIGHT_ANKLE,0.8015663623809814,0.601595938205719,-0.008538292720913887,0.9495416879653931,0.9999382495880127
1644,54800,LEFT_HEEL,0.5067467093467712,0.8799378871917725,-0.26473531126976013,0.9657894968986511,0.9998156428337097
1644,54800,RIGHT_HEEL,0.818892240524292,0.585894763469696,-0.03528336435556412,0.952951967716217,0.9998756647109985
1644,54800,LEFT_FOOT_INDEX,0.42653888463974,0.8940747976303101,-0.3643803596496582,0.9475395083427429,0.9995139837265015
1644,54800,RIGHT_FOOT_INDEX,0.8719464540481567,0.6288366913795471,-0.10455477982759476,0.9114812612533569,0.9997712969779968
1645,54833,NOSE,0.34084373712539673,0.2930563688278198,0.6164265275001526,0.9976641535758972,0.9999985694885254
1645,54833,LEFT_EYE_INNER,0.3346540629863739,0.2856921851634979,0.5682752132415771,0.9975441098213196,0.9999969005584717
1645,54833,LEFT_EYE,0.3317287564277649,0.2874356806278229,0.5683498382568359,0.997776985168457,0.9999967813491821
1645,54833,LEFT_EYE_OUTER,0.3288440406322479,0.28941988945007324,0.5683969259262085,0.9981944561004639,0.9999957084655762
1645,54833,RIGHT_EYE_INNER,0.3437124490737915,0.2804650664329529,0.6126870512962341,0.9970543384552002,0.9999974966049194
1645,54833,RIGHT_EYE,0.34698864817619324,0.27857881784439087,0.6126507520675659,0.9968841671943665,0.9999973773956299
1645,54833,RIGHT_EYE_OUTER,0.3505132794380188,0.2768068015575409,0.6126000881195068,0.9967904686927795,0.9999969005584717
1645,54833,LEFT_EAR,0.3310936689376831,0.29784566164016724,0.4011794626712799,0.9973874092102051,0.999996542930603
1645,54833,RIGHT_EAR,0.3629305362701416,0.2791808545589447,0.5976375341415405,0.9960148930549622,0.9999977350234985
1645,54833,MOUTH_LEFT,0.3432365357875824,0.3080539405345917,0.5471251010894775,0.9958738684654236,0.9999988079071045
1645,54833,MOUTH_RIGHT,0.3538564145565033,0.30261579155921936,0.6002662181854248,0.9939548373222351,0.9999988079071045
1645,54833,LEFT_SHOULDER,0.3644377589225769,0.3532884418964386,0.12940044701099396,0.9993926286697388,0.9999932050704956
1645,54833,RIGHT_SHOULDER,0.4304327666759491,0.3437138795852661,0.6587797403335571,0.9982833862304688,0.9999827146530151
1645,54833,LEFT_ELBOW,0.42138633131980896,0.4494134187698364,-0.08932808041572571,0.6200581789016724,0.9999154806137085
1645,54833,RIGHT_ELBOW,0.469677209854126,0.44222578406333923,0.7166815400123596,0.2909897267818451,0.9998835325241089
1645,54833,LEFT_WRIST,0.38425660133361816,0.5096767544746399,-0.16219279170036316,0.5842016935348511,0.9999723434448242
1645,54833,RIGHT_WRIST,0.4106305241584778,0.5134562253952026,0.7414612174034119,0.23363466560840607,0.9999077320098877
1645,54833,LEFT_PINKY,0.3685123920440674,0.5222265720367432,-0.20324662327766418,0.600346028804779,0.9999479055404663
1645,54833,RIGHT_PINKY,0.39472678303718567,0.5232707262039185,0.7638717889785767,0.26093336939811707,0.9998219609260559
1645,54833,LEFT_INDEX,0.36026614904403687,0.5117172002792358,-0.17553450167179108,0.5968265533447266,0.9999603033065796
1645,54833,RIGHT_INDEX,0.3910733461380005,0.5178960561752319,0.7397136092185974,0.2604382336139679,0.999803364276886
1645,54833,LEFT_THUMB,0.36627766489982605,0.5083494782447815,-0.14672347903251648,0.559574544429779,0.9999724626541138
1645,54833,RIGHT_THUMB,0.392228364944458,0.513737142086029,0.7293440699577332,0.24671776592731476,0.9998764991760254
1645,54833,LEFT_HIP,0.518083393573761,0.5336958765983582,-0.16863945126533508,0.999744176864624,0.9999948740005493
1645,54833,RIGHT_HIP,0.5773079991340637,0.5095774531364441,0.1688009798526764,0.9994741082191467,0.9999901056289673
1645,54833,LEFT_KNEE,0.4914788603782654,0.6881395578384399,-0.11879107356071472,0.9081690907478333,0.9999583959579468
1645,54833,RIGHT_KNEE,0.6803558468818665,0.6391108632087708,0.16028408706188202,0.9260576963424683,0.9999595880508423
1645,54833,LEFT_ANKLE,0.49374720454216003,0.8501536846160889,-0.18678316473960876,0.9658829569816589,0.9998401403427124
1645,54833,RIGHT_ANKLE,0.8030427098274231,0.5975655913352966,-0.01832059770822525,0.9536281824111938,0.9999244213104248
1645,54833,LEFT_HEEL,0.5067416429519653,0.8795366287231445,-0.1984538584947586,0.9687554240226746,0.9997261166572571
1645,54833,RIGHT_HEEL,0.8159931898117065,0.578360915184021,-0.037755172699689865,0.9567235112190247,0.9998360872268677
1645,54833,LEFT_FOOT_INDEX,0.42989102005958557,0.8906412124633789,-0.27935442328453064,0.9517184495925903,0.9992771744728088
1645,54833,RIGHT_FOOT_INDEX,0.8737587332725525,0.6260403990745544,-0.12736646831035614,0.917780339717865,0.9996520280838013
1646,54867,NOSE,0.34817326068878174,0.2732129693031311,0.5064547657966614,0.9978971481323242,0.9999971389770508
1646,54867,LEFT_EYE_INNER,0.3392777740955353,0.2650759220123291,0.4643348753452301,0.9977892637252808,0.999994158744812
1646,54867,LEFT_EYE,0.3361324071884155,0.2670700252056122,0.4643539786338806,0.9979987740516663,0.9999938011169434
1646,54867,LEFT_EYE_OUTER,0.3331352770328522,0.2693463861942291,0.4644213318824768,0.9983746409416199,0.9999923706054688
1646,54867,RIGHT_EYE_INNER,0.34918075799942017,0.2589121162891388,0.49628815054893494,0.997348427772522,0.9999947547912598
1646,54867,RIGHT_EYE,0.3527454733848572,0.2568630278110504,0.49621084332466125,0.9971951842308044,0.9999945163726807
1646,54867,RIGHT_EYE_OUTER,0.3565090596675873,0.2550070285797119,0.49618348479270935,0.9971110224723816,0.9999939203262329
1646,54867,LEFT_EAR,0.3336908221244812,0.2786317765712738,0.29264014959335327,0.9976481199264526,0.9999942779541016
1646,54867,RIGHT_EAR,0.36702653765678406,0.2573322057723999,0.42703819274902344,0.9964126944541931,0.9999953508377075
1646,54867,MOUTH_LEFT,0.35016852617263794,0.2857624292373657,0.44588080048561096,0.9962859749794006,0.9999967813491821
1646,54867,MOUTH_RIGHT,0.360661119222641,0.2797786593437195,0.4844271242618561,0.9945586323738098,0.999996542930603
1646,54867,LEFT_SHOULDER,0.3648492097854614,0.34773650765419006,0.05267862230539322,0.9994502067565918,0.9999804496765137
1646,54867,RIGHT_SHOULDER,0.4302254617214203,0.3198862075805664,0.4803122282028198,0.9984368085861206,0.999963641166687
1646,54867,LEFT_ELBOW,0.41787534952163696,0.44564542174339294,-0.12119726091623306,0.6500868201255798,0.9998005032539368
1646,54867,RIGHT_ELBOW,0.4566068947315216,0.41638633608818054,0.5712209343910217,0.26696857810020447,0.9997630715370178
1646,54867,LEFT_WRIST,0.38458094000816345,0.4966296851634979,-0.16103799641132355,0.6186648607254028,0.9998621940612793
1646,54867,RIGHT_WRIST,0.3830207288265228,0.4868081510066986,0.553696870803833,0.2280590534210205,0.9998407363891602
1646,54867,LEFT_PINKY,0.37535110116004944,0.509268045425415,-0.2048185020685196,0.6321147680282593,0.999755322933197
1646,54867,RIGHT_PINKY,0.3693542182445526,0.4975144565105438,0.5422486066818237,0.261455237865448,0.9997245669364929
1646,54867,LEFT_INDEX,0.3674166202545166,0.499629408121109,-0.18887995183467865,0.6285697221755981,0.9998202919960022
1646,54867,RIGHT_INDEX,0.3695075809955597,0.4939550757408142,0.47980499267578125,0.2624501883983612,0.9997331500053406
1646,54867,LEFT_THUMB,0.374180406332016,0.49401989579200745,-0.15424002707004547,0.5922108888626099,0.9998691082000732
1646,54867,RIGHT_THUMB,0.37268003821372986,0.490743488073349,0.508669912815094,0.2506644129753113,0.9998180270195007
1646,54867,LEFT_HIP,0.5156648755073547,0.5318362712860107,-0.1427912414073944,0.9997484087944031,0.9999839067459106
1646,54867,RIGHT_HIP,0.57798832654953,0.5005285739898682,0.1429741084575653,0.9995077252388,0.9999854564666748
1646,54867,LEFT_KNEE,0.4926588535308838,0.6837172508239746,-0.09870447963476181,0.9170265793800354,0.9999451637268066
1646,54867,RIGHT_KNEE,0.6772986054420471,0.6157711744308472,0.10542041808366776,0.9324133396148682,0.9999579191207886
1646,54867,LEFT_ANKLE,0.49403196573257446,0.8506948947906494,-0.06721271574497223,0.969158947467804,0.9997990727424622
1646,54867,RIGHT_ANKLE,0.813297688961029,0.6069701313972473,-0.029609862715005875,0.9577193856239319,0.9999097585678101
1646,54867,LEFT_HEEL,0.5067397356033325,0.879022479057312,-0.06973809748888016,0.9715532660484314,0.9996615648269653
1646,54867,RIGHT_HEEL,0.8256734013557434,0.5904890894889832,-0.048647504299879074,0.9602094292640686,0.9998071789741516
1646,54867,LEFT_FOOT_INDEX,0.43559974431991577,0.8889889717102051,-0.16333748400211334,0.955757200717926,0.999091625213623
1646,54867,RIGHT_FOOT_INDEX,0.8822840452194214,0.6334127187728882,-0.13250011205673218,0.9240133166313171,0.9994726777076721
1647,54900,NOSE,0.345017671585083,0.2691424787044525,0.42940211296081543,0.9981065392494202,0.9999951124191284
1647,54900,LEFT_EYE_INNER,0.33586546778678894,0.2609338164329529,0.38643357157707214,0.9980096220970154,0.9999892711639404
1647,54900,LEFT_EYE,0.33275383710861206,0.26330333948135376,0.38643819093704224,0.9981981515884399,0.9999885559082031
1647,54900,LEFT_EYE_OUTER,0.32971522212028503,0.26598650217056274,0.3864937722682953,0.9985365867614746,0.9999853372573853
1647,54900,RIGHT_EYE_INNER,0.3460076153278351,0.2542378306388855,0.4227197766304016,0.9976129531860352,0.9999911785125732
1647,54900,RIGHT_EYE,0.3496522009372711,0.25212642550468445,0.42263028025627136,0.9974748492240906,0.9999912977218628
1647,54900,RIGHT_EYE_OUTER,0.35358843207359314,0.25019583106040955,0.42256996035575867,0.9973993301391602,0.9999905824661255
1647,54900,LEFT_EAR,0.3311880826950073,0.27541249990463257,0.2123635858297348,0.9978823661804199,0.9999884366989136
1647,54900,RIGHT_EAR,0.36624354124069214,0.25304555892944336,0.3657222092151642,0.9967701435089111,0.9999934434890747
1647,54900,MOUTH_LEFT,0.3471583127975464,0.2829061448574066,0.3695966601371765,0.9966562986373901,0.9999923706054688
1647,54900,MOUTH_RIGHT,0.35806652903556824,0.2762555181980133,0.41366395354270935,0.9951013922691345,0.9999932050704956
1647,54900,LEFT_SHOULDER,0.36566829681396484,0.3457432985305786,-0.028176916763186455,0.9995015263557434,0.9999635219573975
1647,54900,RIGHT_SHOULDER,0.43292316794395447,0.31593403220176697,0.43416038155555725,0.998568058013916,0.9999551773071289
1647,54900,LEFT_ELBOW,0.4175649881362915,0.44725102186203003,-0.12987647950649261,0.6797767877578735,0.9997239708900452
1647,54900,RIGHT_ELBOW,0.4567207396030426,0.41655126214027405,0.49479469656944275,0.24449999630451202,0.9997201561927795
1647,54900,LEFT_WRIST,0.3849563002586365,0.49809953570365906,-0.05996422842144966,0.6505705714225769,0.9998594522476196
1647,54900,RIGHT_WRIST,0.38311442732810974,0.4827180504798889,0.4611579477787018,0.21845120191574097,0.9997649788856506
1647,54900,LEFT_PINKY,0.376019686460495,0.5108695030212402,-0.0879037007689476,0.660402774810791,0.9997550845146179
1647,54900,RIGHT_PINKY,0.3747941255569458,0.49985912442207336,0.4752655327320099,0.25455376505851746,0.9995803236961365
1647,54900,LEFT_INDEX,0.3681831955909729,0.5012663006782532,-0.07641566544771194,0.65664142370224,0.9998183846473694
1647,54900,RIGHT_INDEX,0.36563727259635925,0.4928232431411743,0.4045746326446533,0.2567160129547119,0.9996076226234436
1647,54900,LEFT_THUMB,0.3736056685447693,0.49547234177589417,-0.051258157938718796,0.62104731798172,0.9998646974563599
1647,54900,RIGHT_THUMB,0.3717166483402252,0.48748353123664856,0.41849833726882935,0.24748943746089935,0.9997363686561584
1647,54900,LEFT_HIP,0.5150167942047119,0.529765784740448,-0.14858409762382507,0.9997415542602539,0.9999711513519287
1647,54900,RIGHT_HIP,0.5797505974769592,0.49897754192352295,0.14871740341186523,0.9995261430740356,0.9999774694442749
1647,54900,LEFT_KNEE,0.49430879950523376,0.6831542253494263,-0.09259077906608582,0.9248440265655518,0.9999309778213501
1647,54900,RIGHT_KNEE,0.6781657338142395,0.6122022271156311,0.12379571050405502,0.9368210434913635,0.9999517202377319
1647,54900,LEFT_ANKLE,0.49409565329551697,0.850946307182312,-0.08004201948642731,0.9720439910888672,0.9997267127037048
1647,54900,RIGHT_ANKLE,0.8145207762718201,0.6074643731117249,-0.002890782430768013,0.9610534906387329,0.9998835325241089
1647,54900,LEFT_HEEL,0.5077467560768127,0.87868732213974,-0.08397708833217621,0.9739246368408203,0.9995273351669312
1647,54900,RIGHT_HEEL,0.8250515460968018,0.5894166827201843,-0.018458493053913116,0.9629944562911987,0.9997349381446838
1647,54900,LEFT_FOOT_INDEX,0.4385242462158203,0.8849306106567383,-0.17304426431655884,0.9591952562332153,0.9988328814506531
1647,54900,RIGHT_FOOT_INDEX,0.8755194544792175,0.6365968585014343,-0.08450992405414581,0.9290404915809631,0.9993606209754944
1648,54933,NOSE,0.3506737947463989,0.25590425729751587,0.4981432557106018,0.9982907176017761,0.999990701675415
1648,54933,LEFT_EYE_INNER,0.3412954807281494,0.2477898895740509,0.4652823507785797,0.9982041716575623,0.9999866485595703
1648,54933,LEFT_EYE,0.3377378284931183,0.2499086856842041,0.4653076231479645,0.9983739852905273,0.9999860525131226
1648,54933,LEFT_EYE_OUTER,0.3340751528739929,0.25251081585884094,0.4653608202934265,0.9986789226531982,0.9999831914901733
1648,54933,RIGHT_EYE_INNER,0.3516901135444641,0.24170370399951935,0.48933738470077515,0.9978471994400024,0.9999865293502808
1648,54933,RIGHT_EYE,0.3552298843860626,0.2396613508462906,0.48923423886299133,0.9977229237556458,0.9999860525131226
1648,54933,RIGHT_EYE_OUTER,0.3590114712715149,0.23764236271381378,0.48916515707969666,0.9976556897163391,0.999984622001648
1648,54933,LEFT_EAR,0.33340582251548767,0.262168824672699,0.28631994128227234,0.9980893731117249,0.9999877214431763
1648,54933,RIGHT_EAR,0.3704909086227417,0.24046747386455536,0.35582539439201355,0.9970875382423401,0.9999876022338867
1648,54933,MOUTH_LEFT,0.35227566957473755,0.2686164677143097,0.4461243152618408,0.9969843029975891,0.99998939037323
1648,54933,MOUTH_RIGHT,0.36308908462524414,0.2624890208244324,0.4747675061225891,0.995583176612854,0.9999889135360718
1648,54933,LEFT_SHOULDER,0.3577195703983307,0.35103675723075867,0.06810871511697769,0.9995105862617493,0.9999266862869263
1648,54933,RIGHT_SHOULDER,0.43411722779273987,0.2987140715122223,0.32834452390670776,0.9986459612846375,0.9998931884765625
1648,54933,LEFT_ELBOW,0.39439764618873596,0.45784202218055725,-0.1045292317867279,0.6961187720298767,0.9995018243789673
1648,54933,RIGHT_ELBOW,0.4610387980937958,0.3921579122543335,0.17851796746253967,0.22283843159675598,0.9994218349456787
1648,54933,LEFT_WRIST,0.3775079548358917,0.4990460276603699,-0.03502936661243439,0.6461552977561951,0.9992291927337646
1648,54933,RIGHT_WRIST,0.39523765444755554,0.4424702227115631,0.0025614157784730196,0.20142458379268646,0.9997335076332092
1648,54933,LEFT_PINKY,0.3699573874473572,0.503222644329071,-0.06457089632749557,0.6548008322715759,0.9990230798721313
1648,54933,RIGHT_PINKY,0.3883676528930664,0.4571479260921478,-0.014759181998670101,0.23782514035701752,0.9996793270111084
1648,54933,LEFT_INDEX,0.3679947555065155,0.49798309803009033,-0.051516540348529816,0.6514570116996765,0.99925297498703
1648,54933,RIGHT_INDEX,0.37947142124176025,0.4538421630859375,-0.006394041236490011,0.2400003969669342,0.9996894598007202
1648,54933,LEFT_THUMB,0.37483498454093933,0.4880829155445099,-0.03096499852836132,0.6154156923294067,0.9993865489959717
1648,54933,RIGHT_THUMB,0.3821956217288971,0.4504079222679138,-0.0017011967720463872,0.23197390139102936,0.9997550845146179
1648,54933,LEFT_HIP,0.513543963432312,0.5266625881195068,-0.12930850684642792,0.9997146129608154,0.9999809265136719
1648,54933,RIGHT_HIP,0.5792745351791382,0.4884556829929352,0.12958656251430511,0.9995299577713013,0.9999819993972778
1648,54933,LEFT_KNEE,0.4958858788013458,0.6799932718276978,0.014769488014280796,0.9321694374084473,0.9999518394470215
1648,54933,RIGHT_KNEE,0.6702218651771545,0.5830498337745667,0.12325205653905869,0.94166499376297,0.9999228715896606
1648,54933,LEFT_ANKLE,0.4944647252559662,0.8510277271270752,-0.10055004805326462,0.9747763872146606,0.9998949766159058
1648,54933,RIGHT_ANKLE,0.7988629341125488,0.6136467456817627,-0.06547672301530838,0.964349091053009,0.999934196472168
1648,54933,LEFT_HEEL,0.5093619227409363,0.8784446120262146,-0.11787620186805725,0.9763983488082886,0.9998286962509155
1648,54933,RIGHT_HEEL,0.8125664591789246,0.6064972281455994,-0.08860503882169724,0.9660912156105042,0.999897837638855
1648,54933,LEFT_FOOT_INDEX,0.4471506178379059,0.8809407353401184,-0.20929966866970062,0.9624898433685303,0.9995312690734863
1648,54933,RIGHT_FOOT_INDEX,0.8558974862098694,0.6472895741462708,-0.15879929065704346,0.9330889582633972,0.9997491240501404
1649,54967,NOSE,0.3533037006855011,0.2522403597831726,0.522683322429657,0.9984578490257263,0.9999920129776001
1649,54967,LEFT_EYE_INNER,0.3434591293334961,0.24444666504859924,0.4843376874923706,0.9983809590339661,0.9999901056289673
1649,54967,LEFT_EYE,0.33945712447166443,0.24693311750888824,0.4843921959400177,0.9985340237617493,0.9999898672103882
1649,54967,LEFT_EYE_OUTER,0.3353436291217804,0.24983060359954834,0.48447373509407043,0.9988085031509399,0.9999884366989136
1649,54967,RIGHT_EYE_INNER,0.35434767603874207,0.23777106404304504,0.5120638608932495,0.9980594515800476,0.9999884366989136
1649,54967,RIGHT_EYE,0.35796719789505005,0.2355460822582245,0.5119743347167969,0.9979476928710938,0.9999873638153076
1649,54967,RIGHT_EYE_OUTER,0.36179912090301514,0.2335181087255478,0.5119096040725708,0.9978874325752258,0.9999854564666748
1649,54967,LEFT_EAR,0.3331092596054077,0.2606992721557617,0.3047390878200531,0.9982781410217285,0.9999921321868896
1649,54967,RIGHT_EAR,0.37286388874053955,0.2362862080335617,0.35779544711112976,0.9973753690719604,0.9999877214431763
1649,54967,MOUTH_LEFT,0.3539445698261261,0.26584118604660034,0.4645094871520996,0.9972816705703735,0.999990701675415
1649,54967,MOUTH_RIGHT,0.36581867933273315,0.25873297452926636,0.4964715242385864,0.9960194230079651,0.9999885559082031
1649,54967,LEFT_SHOULDER,0.3526083528995514,0.35306668281555176,0.0845985859632492,0.9995328187942505,0.999944806098938
1649,54967,RIGHT_SHOULDER,0.4386010468006134,0.2943802773952484,0.3138112723827362,0.9987022280693054,0.9998574256896973
1649,54967,LEFT_ELBOW,0.38370591402053833,0.4648798704147339,-0.0824970155954361,0.7174015045166016,0.9995786547660828
1649,54967,RIGHT_ELBOW,0.47303271293640137,0.38516032695770264,0.13720911741256714,0.2030942589044571,0.9990990161895752
1649,54967,LEFT_WRIST,0.37820255756378174,0.4995221197605133,0.001168076298199594,0.6408197283744812,0.9992976188659668
1649,54967,RIGHT_WRIST,0.39711615443229675,0.4365661144256592,-0.06169234588742256,0.18383987247943878,0.9996161460876465
1649,54967,LEFT_PINKY,0.3712783455848694,0.5023100972175598,-0.027471370995044708,0.6456148028373718,0.9991149306297302
1649,54967,RIGHT_PINKY,0.4033268690109253,0.45637422800064087,-0.08368325233459473,0.21875260770320892,0.9995808005332947
1649,54967,LEFT_INDEX,0.37012043595314026,0.49608585238456726,-0.011959205381572247,0.6425190567970276,0.9993318915367126
1649,54967,RIGHT_INDEX,0.39326637983322144,0.4524078667163849,-0.06901375204324722,0.22076702117919922,0.9996079802513123
1649,54967,LEFT_THUMB,0.3780019283294678,0.4873678684234619,0.005829810630530119,0.6058571934700012,0.9994508624076843
1649,54967,RIGHT_THUMB,0.39201822876930237,0.44779253005981445,-0.06392451375722885,0.21371063590049744,0.9996753931045532
1649,54967,LEFT_HIP,0.5125450491905212,0.526225745677948,-0.11893478035926819,0.999708890914917,0.999984622001648
1649,54967,RIGHT_HIP,0.57972252368927,0.48718908429145813,0.11940331012010574,0.9995388388633728,0.999980092048645
1649,54967,LEFT_KNEE,0.4964493215084076,0.6786781549453735,0.039467908442020416,0.9388223886489868,0.9999558925628662
1649,54967,RIGHT_KNEE,0.6683416366577148,0.5800769925117493,0.128953218460083,0.9464300870895386,0.9998956918716431
1649,54967,LEFT_ANKLE,0.4946005344390869,0.8510971665382385,-0.08261234313249588,0.9772457480430603,0.9998946189880371
1649,54967,RIGHT_ANKLE,0.7943301200866699,0.6130290627479553,-0.06490675359964371,0.9674293398857117,0.999923586845398
1649,54967,LEFT_HEEL,0.50932776927948,0.8783491849899292,-0.09969374537467957,0.9786450266838074,0.9998307228088379
1649,54967,RIGHT_HEEL,0.8056348562240601,0.6041764616966248,-0.08532930165529251,0.9690216779708862,0.9998944997787476
1649,54967,LEFT_FOOT_INDEX,0.45215362310409546,0.8766960501670837,-0.18938788771629333,0.9652643203735352,0.9995352029800415
1649,54967,RIGHT_FOOT_INDEX,0.8484917879104614,0.6425476670265198,-0.1467437744140625,0.9363588094711304,0.9997537732124329
1650,55000,NOSE,0.355024129152298,0.24384281039237976,0.5907270908355713,0.9986081123352051,0.9999926090240479
1650,55000,LEFT_EYE_INNER,0.3452957272529602,0.2360038310289383,0.5409753322601318,0.9985390901565552,0.9999916553497314
1650,55000,LEFT_EYE,0.34134340286254883,0.23839746415615082,0.5409638285636902,0.9986768364906311,0.9999910593032837
1650,55000,LEFT_EYE_OUTER,0.3372936546802521,0.24117325246334076,0.5409718155860901,0.9989241361618042,0.9999895095825195
1650,55000,RIGHT_EYE_INNER,0.3560863435268402,0.22925202548503876,0.5555660724639893,0.9982501864433289,0.999991774559021
1650,55000,RIGHT_EYE,0.35954585671424866,0.22686521708965302,0.5554606914520264,0.9981496930122375,0.9999918937683105
1650,55000,RIGHT_EYE_OUTER,0.3629488945007324,0.22453723847866058,0.5555016994476318,0.9980961084365845,0.9999912977218628
1650,55000,LEFT_EAR,0.3354611396789551,0.25265446305274963,0.32214629650115967,0.9984467625617981,0.9999933242797852
1650,55000,RIGHT_EAR,0.37379002571105957,0.2287449836730957,0.39266178011894226,0.9976338744163513,0.9999943971633911
1650,55000,MOUTH_LEFT,0.3556114137172699,0.2575269639492035,0.5184807181358337,0.9975467920303345,0.9999897480010986
1650,55000,MOUTH_RIGHT,0.36714446544647217,0.2508651614189148,0.5344263911247253,0.9964103698730469,0.9999902248382568
1650,55000,LEFT_SHOULDER,0.3512001931667328,0.3524532616138458,0.1023348942399025,0.9995300769805908,0.9999518394470215
1650,55000,RIGHT_SHOULDER,0.4516698718070984,0.2881792485713959,0.36676231026649475,0.9987417459487915,0.9998791217803955
1650,55000,LEFT_ELBOW,0.37756744027137756,0.4680490493774414,0.1781759411096573,0.7346236705780029,0.9997485280036926
1650,55000,RIGHT_ELBOW,0.48347604274749756,0.38828369975090027,0.3909323215484619,0.18748611211776733,0.9995594620704651
1650,55000,LEFT_WRIST,0.37428513169288635,0.4961659610271454,0.5063712000846863,0.6109327077865601,0.9997268319129944
1650,55000,RIGHT_WRIST,0.4014403820037842,0.4419129192829132,0.5036668181419373,0.16859570145606995,0.9998408555984497
1650,55000,LEFT_PINKY,0.37073639035224915,0.5021631717681885,0.5289256572723389,0.6114825010299683,0.9996669292449951
1650,55000,RIGHT_PINKY,0.40731459856033325,0.45792871713638306,0.5325600504875183,0.20203638076782227,0.9997846484184265
1650,55000,LEFT_INDEX,0.36833006143569946,0.4917508363723755,0.5383563041687012,0.608146071434021,0.9997202754020691
1650,55000,RIGHT_INDEX,0.39636605978012085,0.4549837112426758,0.5409085750579834,0.20388390123844147,0.9997839331626892
1650,55000,LEFT_THUMB,0.37517449259757996,0.4845430552959442,0.518227756023407,0.5758181810379028,0.9997739195823669
1650,55000,RIGHT_THUMB,0.39636218547821045,0.4503117799758911,0.5078824758529663,0.19810828566551208,0.9998427629470825
1650,55000,LEFT_HIP,0.5118762850761414,0.5234854221343994,-0.11656229943037033,0.9997217655181885,0.9999955892562866
1650,55000,RIGHT_HIP,0.5805404782295227,0.4832194745540619,0.11689690500497818,0.9995622038841248,0.9999916553497314
1650,55000,LEFT_KNEE,0.4971218705177307,0.6778160333633423,0.0315423309803009,0.9448729753494263,0.9999792575836182
1650,55000,RIGHT_KNEE,0.6470769047737122,0.5460372567176819,0.2323150336742401,0.9508110284805298,0.9999333620071411
1650,55000,LEFT_ANKLE,0.4951041638851166,0.8509312272071838,-0.10667203366756439,0.9794818162918091,0.9999227523803711
1650,55000,RIGHT_ANKLE,0.7785884737968445,0.6016084551811218,0.0011974748922511935,0.9702855944633484,0.9999308586120605
1650,55000,LEFT_HEEL,0.510410726070404,0.8778234124183655,-0.14741913974285126,0.980713963508606,0.9998732805252075
1650,55000,RIGHT_HEEL,0.7897982001304626,0.5968003869056702,-0.022742874920368195,0.9717811942100525,0.9999130964279175
1650,55000,LEFT_FOOT_INDEX,0.4582773745059967,0.8741331696510315,-0.2505773603916168,0.9681293368339539,0.9994403719902039
1650,55000,RIGHT_FOOT_INDEX,0.8301425576210022,0.6464080214500427,-0.045592594891786575,0.9404232501983643,0.9997369647026062
1651,55033,NOSE,0.3559717535972595,0.24093832075595856,0.5793237090110779,0.9987446665763855,0.999992847442627
1651,55033,LEFT_EYE_INNER,0.34653496742248535,0.23282845318317413,0.5227304100990295,0.99868243932724,0.9999924898147583
1651,55033,LEFT_EYE,0.342609703540802,0.23530243337154388,0.5227220058441162,0.9988065958023071,0.9999924898147583
1651,55033,LEFT_EYE_OUTER,0.338540643453598,0.23814727365970612,0.5226954221725464,0.999029278755188,0.999991774559021
1651,55033,RIGHT_EYE_INNER,0.356876939535141,0.22608047723770142,0.531919002532959,0.9984226822853088,0.9999914169311523
1651,55033,RIGHT_EYE,0.36011365056037903,0.2238389402627945,0.531844437122345,0.9983323216438293,0.9999911785125732
1651,55033,RIGHT_EYE_OUTER,0.36310699582099915,0.22155241668224335,0.5319230556488037,0.9982844591140747,0.9999901056289673
1651,55033,LEFT_EAR,0.3364189565181732,0.25052741169929504,0.30090752243995667,0.9985994100570679,0.9999953508377075
1651,55033,RIGHT_EAR,0.37474995851516724,0.2255678027868271,0.3481440842151642,0.9978669285774231,0.9999939203262329
1651,55033,MOUTH_LEFT,0.35670167207717896,0.2551800012588501,0.500630795955658,0.997786819934845,0.9999897480010986
1651,55033,MOUTH_RIGHT,0.3676336705684662,0.24837179481983185,0.5108187794685364,0.9967634677886963,0.9999886751174927
1651,55033,LEFT_SHOULDER,0.3502954840660095,0.3552887439727783,0.10155853629112244,0.9995357990264893,0.9999668598175049
1651,55033,RIGHT_SHOULDER,0.4579179286956787,0.2861168682575226,0.3248659670352936,0.9987884759902954,0.9998443126678467
1651,55033,LEFT_ELBOW,0.3696788549423218,0.47797253727912903,0.23045259714126587,0.7515295147895813,0.9998086094856262
1651,55033,RIGHT_ELBOW,0.48627305030822754,0.3883752226829529,0.4368727505207062,0.17674677073955536,0.9995328187942505
1651,55033,LEFT_WRIST,0.3758823573589325,0.49314436316490173,0.6293997764587402,0.5690460205078125,0.999859094619751
1651,55033,RIGHT_WRIST,0.4088856279850006,0.4416068196296692,0.6405656337738037,0.15444353222846985,0.9998506307601929
1651,55033,LEFT_PINKY,0.3729662299156189,0.4969445765018463,0.66834956407547,0.5664364695549011,0.9998281002044678
1651,55033,RIGHT_PINKY,0.41088467836380005,0.4513140320777893,0.6862034201622009,0.1860198974609375,0.9997935891151428
1651,55033,LEFT_INDEX,0.37108123302459717,0.482526570558548,0.6757977604866028,0.5628834366798401,0.9998482465744019
1651,55033,RIGHT_INDEX,0.39769330620765686,0.449017196893692,0.6938174962997437,0.1877152919769287,0.9997908473014832
1651,55033,LEFT_THUMB,0.37668922543525696,0.47923097014427185,0.6426339149475098,0.5350437164306641,0.9998791217803955
1651,55033,RIGHT_THUMB,0.3982311487197876,0.4441521465778351,0.6482808589935303,0.18276748061180115,0.9998493194580078
1651,55033,LEFT_HIP,0.5117267370223999,0.52413409948349,-0.11138664186000824,0.9997416734695435,0.9999978542327881
1651,55033,RIGHT_HIP,0.5807508230209351,0.481841117143631,0.11155308783054352,0.999592661857605,0.9999936819076538
1651,55033,LEFT_KNEE,0.4973823130130768,0.6780741214752197,0.04609007015824318,0.9503230452537537,0.9999868869781494
1651,55033,RIGHT_KNEE,0.642082154750824,0.5417384505271912,0.27827686071395874,0.9547064304351807,0.9999358654022217
1651,55033,LEFT_ANKLE,0.4951534569263458,0.8509529829025269,-0.11256717145442963,0.9814951419830322,0.9999439716339111
1651,55033,RIGHT_ANKLE,0.7719523906707764,0.6010470986366272,0.03847206383943558,0.9728941321372986,0.9999252557754517
1651,55033,LEFT_HEEL,0.5113961696624756,0.8778572678565979,-0.15851791203022003,0.9825830459594727,0.9999024868011475
1651,55033,RIGHT_HEEL,0.7812113165855408,0.5989677906036377,0.015291512943804264,0.9742678999900818,0.999913215637207
1651,55033,LEFT_FOOT_INDEX,0.4623544216156006,0.873469352722168,-0.26136866211891174,0.9706577658653259,0.9995367527008057
1651,55033,RIGHT_FOOT_INDEX,0.8223778605461121,0.645672082901001,0.005019950680434704,0.9441401958465576,0.9997321963310242
1652,55067,NOSE,0.36802658438682556,0.23425137996673584,0.48763933777809143,0.9988589286804199,0.9999591112136841
1652,55067,LEFT_EYE_INNER,0.3556991219520569,0.22695644199848175,0.43881550431251526,0.9988055229187012,0.9999616146087646
1652,55067,LEFT_EYE,0.3511628210544586,0.22920741140842438,0.4387647807598114,0.9989179968833923,0.9999631643295288
1652,55067,LEFT_EYE_OUTER,0.3464454114437103,0.23179006576538086,0.43865787982940674,0.9991195201873779,0.9999635219573975
1652,55067,RIGHT_EYE_INNER,0.3685455918312073,0.22033973038196564,0.44551292061805725,0.9985733032226562,0.9999446868896484
1652,55067,RIGHT_EYE,0.37241554260253906,0.2183060497045517,0.44546371698379517,0.9984918832778931,0.9999396800994873
1652,55067,RIGHT_EYE_OUTER,0.3764961361885071,0.2162526398897171,0.44550421833992004,0.9984493851661682,0.9999299049377441
1652,55067,LEFT_EAR,0.3413308560848236,0.24415777623653412,0.23681515455245972,0.998733401298523,0.9999834299087524
1652,55067,RIGHT_EAR,0.38589248061180115,0.22254516184329987,0.26574909687042236,0.9980695843696594,0.9999603033065796
1652,55067,MOUTH_LEFT,0.3665391504764557,0.248473659157753,0.42139577865600586,0.9979871511459351,0.9999637603759766
1652,55067,MOUTH_RIGHT,0.38001975417137146,0.24199259281158447,0.4284234344959259,0.9970622658729553,0.9999511241912842
1652,55067,LEFT_SHOULDER,0.34945136308670044,0.3552766740322113,0.05203933268785477,0.9995474815368652,0.9999655485153198
1652,55067,RIGHT_SHOULDER,0.469232439994812,0.28413376212120056,0.26482439041137695,0.9987730979919434,0.9994826316833496
1652,55067,LEFT_ELBOW,0.36776912212371826,0.4791341722011566,0.19384132325649261,0.7611052393913269,0.9996452331542969
1652,55067,RIGHT_ELBOW,0.4961298406124115,0.38153427839279175,0.4205656051635742,0.16352151334285736,0.9983687996864319
1652,55067,LEFT_WRIST,0.37606096267700195,0.4833987057209015,0.5811188817024231,0.5231226086616516,0.9997460246086121
1652,55067,RIGHT_WRIST,0.4190932810306549,0.424725204706192,0.6562491655349731,0.1398790329694748,0.9994643330574036
1652,55067,LEFT_PINKY,0.3717591464519501,0.48931577801704407,0.609710156917572,0.5190520286560059,0.999729335308075
1652,55067,RIGHT_PINKY,0.4115058183670044,0.4343324303627014,0.7034239172935486,0.16882681846618652,0.9994388222694397
1652,55067,LEFT_INDEX,0.3719594478607178,0.47236695885658264,0.6219673156738281,0.5154659748077393,0.9997779726982117
1652,55067,RIGHT_INDEX,0.40000319480895996,0.43069252371788025,0.7121408581733704,0.17033487558364868,0.9994471669197083
1652,55067,LEFT_THUMB,0.3783339262008667,0.467207670211792,0.5948063135147095,0.4911034107208252,0.9997976422309875
1652,55067,RIGHT_THUMB,0.40057849884033203,0.42719829082489014,0.6651446223258972,0.1659771054983139,0.9995689988136292
1652,55067,LEFT_HIP,0.5127521753311157,0.5215985178947449,-0.10218522697687149,0.9997661113739014,0.9999990463256836
1652,55067,RIGHT_HIP,0.58456951379776,0.47823184728622437,0.10228316485881805,0.9996268153190613,0.9999949932098389
1652,55067,LEFT_KNEE,0.49935728311538696,0.6789209842681885,0.04567364603281021,0.9552504420280457,0.9999929666519165
1652,55067,RIGHT_KNEE,0.6417649984359741,0.5156216025352478,0.4722963869571686,0.9572076797485352,0.9998879432678223
1652,55067,LEFT_ANKLE,0.4959465563297272,0.8515030145645142,-0.022403419017791748,0.9832853674888611,0.9999209642410278
1652,55067,RIGHT_ANKLE,0.7586895823478699,0.5877593159675598,0.5392882823944092,0.9744393229484558,0.9998108744621277
1652,55067,LEFT_HEEL,0.5129467248916626,0.8787668943405151,-0.025073936209082603,0.9842277765274048,0.9998389482498169
1652,55067,RIGHT_HEEL,0.7805570363998413,0.6008190512657166,0.550415575504303,0.9752222895622253,0.9998190999031067
1652,55067,LEFT_FOOT_INDEX,0.4619843065738678,0.8723339438438416,-0.05530155450105667,0.9721522927284241,0.9993810653686523
1652,55067,RIGHT_FOOT_INDEX,0.7733999490737915,0.612307608127594,0.586035966873169,0.9393842220306396,0.9995976090431213
1653,55100,NOSE,0.37204039096832275,0.23362120985984802,0.49338406324386597,0.9989655613899231,0.999981164932251
1653,55100,LEFT_EYE_INNER,0.35951724648475647,0.22557376325130463,0.4565725028514862,0.9989199042320251,0.9999836683273315
1653,55100,LEFT_EYE,0.35468360781669617,0.22794771194458008,0.4566153883934021,0.9990214109420776,0.9999850988388062
1653,55100,LEFT_EYE_OUTER,0.3498792052268982,0.23051777482032776,0.45684921741485596,0.9992037415504456,0.9999858140945435
1653,55100,RIGHT_EYE_INNER,0.3729250729084015,0.21890653669834137,0.4807324707508087,0.9987114667892456,0.9999731779098511
1653,55100,RIGHT_EYE,0.37725260853767395,0.21669594943523407,0.48065289855003357,0.998637855052948,0.9999693632125854
1653,55100,RIGHT_EYE_OUTER,0.3816511631011963,0.21471905708312988,0.4806234836578369,0.9986000061035156,0.9999628067016602
1653,55100,LEFT_EAR,0.34370917081832886,0.24278153479099274,0.2782815992832184,0.9988564848899841,0.9999939203262329
1653,55100,RIGHT_EAR,0.39035850763320923,0.2209978550672531,0.3165716528892517,0.9982550144195557,0.9999771118164062
1653,55100,MOUTH_LEFT,0.3696196973323822,0.24775764346122742,0.4396444261074066,0.9981744885444641,0.9999847412109375
1653,55100,MOUTH_RIGHT,0.38417333364486694,0.2412700206041336,0.46476641297340393,0.9973390698432922,0.9999755620956421
1653,55100,LEFT_SHOULDER,0.34923863410949707,0.3557569086551666,0.07731778919696808,0.9995653629302979,0.9999841451644897
1653,55100,RIGHT_SHOULDER,0.47462502121925354,0.28305330872535706,0.3034599721431732,0.9987325668334961,0.9995817542076111
1653,55100,LEFT_ELBOW,0.36302700638771057,0.4837319254875183,0.23858293890953064,0.7729345560073853,0.9998189806938171
1653,55100,RIGHT_ELBOW,0.5030703544616699,0.38246938586235046,0.43942710757255554,0.15340527892112732,0.9988487958908081
1653,55100,LEFT_WRIST,0.37663137912750244,0.48238229751586914,0.6350060701370239,0.4799451231956482,0.9998687505722046
1653,55100,RIGHT_WRIST,0.4304087162017822,0.4292338490486145,0.6568433046340942,0.12670211493968964,0.9996212720870972
1653,55100,LEFT_PINKY,0.3726280927658081,0.483920156955719,0.6649995446205139,0.47460782527923584,0.9998514652252197
1653,55100,RIGHT_PINKY,0.4222699999809265,0.43613648414611816,0.7021821737289429,0.15326160192489624,0.9995904564857483
1653,55100,LEFT_INDEX,0.377411425113678,0.46926257014274597,0.6767969727516174,0.47110816836357117,0.9998799562454224
1653,55100,RIGHT_INDEX,0.4054332375526428,0.4324159622192383,0.7124738097190857,0.15464229881763458,0.9995998740196228
1653,55100,LEFT_THUMB,0.38203465938568115,0.46532776951789856,0.6481540203094482,0.4503118395805359,0.9998949766159058
1653,55100,RIGHT_THUMB,0.40431928634643555,0.42827776074409485,0.6657798290252686,0.1508130580186844,0.9996914863586426
1653,55100,LEFT_HIP,0.5128149390220642,0.5207022428512573,-0.10005459934473038,0.9997884631156921,0.9999995231628418
1653,55100,RIGHT_HIP,0.5856386423110962,0.4769512116909027,0.10013336688280106,0.9996585249900818,0.9999970197677612
1653,55100,LEFT_KNEE,0.4997347593307495,0.6791636347770691,0.031106654554605484,0.9596855044364929,0.9999951124191284
1653,55100,RIGHT_KNEE,0.6355072259902954,0.5069629549980164,0.46927234530448914,0.9597426652908325,0.9999030828475952
1653,55100,LEFT_ANKLE,0.4959990680217743,0.8521432280540466,-0.08566991239786148,0.9849111437797546,0.9999439716339111
1653,55100,RIGHT_ANKLE,0.7516087889671326,0.5827164649963379,0.47991207242012024,0.9760866165161133,0.9998645782470703
1653,55100,LEFT_HEEL,0.5129863619804382,0.8795273900032043,-0.09430183470249176,0.9857353568077087,0.9998838901519775
1653,55100,RIGHT_HEEL,0.7739831805229187,0.5979989171028137,0.48385655879974365,0.9766016006469727,0.9998748302459717
1653,55100,LEFT_FOOT_INDEX,0.462205708026886,0.8715628385543823,-0.1295834183692932,0.9736739993095398,0.9995241165161133
1653,55100,RIGHT_FOOT_INDEX,0.7644394040107727,0.6072031855583191,0.5187020301818848,0.9361650943756104,0.9997038245201111
1654,55133,NOSE,0.38030555844306946,0.22433292865753174,0.49049708247184753,0.9990524649620056,0.9999473094940186
1654,55133,LEFT_EYE_INNER,0.3664036989212036,0.2170625925064087,0.44461920857429504,0.9990165829658508,0.9999555349349976
1654,55133,LEFT_EYE,0.36126530170440674,0.21936342120170593,0.4445881247520447,0.9991089105606079,0.9999589920043945
1654,55133,LEFT_EYE_OUTER,0.35636213421821594,0.22179028391838074,0.4445287883281708,0.999274492263794,0.9999614953994751
1654,55133,RIGHT_EYE_INNER,0.38056063652038574,0.2108858972787857,0.4535091817378998,0.9988312125205994,0.9999294281005859
1654,55133,RIGHT_EYE,0.3851631283760071,0.20888344943523407,0.45346683263778687,0.9987642765045166,0.9999212026596069
1654,55133,RIGHT_EYE_OUTER,0.3897419273853302,0.20716041326522827,0.45348799228668213,0.9987309575080872,0.9999105930328369
1654,55133,LEFT_EAR,0.3498201072216034,0.23471699655056,0.249858558177948,0.9989634156227112,0.9999841451644897
1654,55133,RIGHT_EAR,0.398477166891098,0.2152467519044876,0.27505192160606384,0.9984163641929626,0.9999496936798096
1654,55133,MOUTH_LEFT,0.3772985339164734,0.2394682765007019,0.42859765887260437,0.9983342289924622,0.9999674558639526
1654,55133,MOUTH_RIGHT,0.3925281763076782,0.2335985153913498,0.43776029348373413,0.9975789189338684,0.9999481439590454
1654,55133,LEFT_SHOULDER,0.3491007089614868,0.35375845432281494,0.05776890367269516,0.999591588973999,0.999982476234436
1654,55133,RIGHT_SHOULDER,0.48153647780418396,0.278507262468338,0.27544355392456055,0.9987269043922424,0.9995429515838623
1654,55133,LEFT_ELBOW,0.36337319016456604,0.4817640483379364,0.200033038854599,0.7870793342590332,0.9996520280838013
1654,55133,RIGHT_ELBOW,0.5287478566169739,0.37729838490486145,0.4595242440700531,0.14879818260669708,0.9983193278312683
1654,55133,LEFT_WRIST,0.3807052671909332,0.46894538402557373,0.5780824422836304,0.4412890672683716,0.9997586607933044
1654,55133,RIGHT_WRIST,0.4482211172580719,0.4020233750343323,0.7691827416419983,0.11454471945762634,0.9994506239891052
1654,55133,LEFT_PINKY,0.37990283966064453,0.46732097864151,0.6013944149017334,0.4344871938228607,0.9997472167015076
1654,55133,RIGHT_PINKY,0.43493860960006714,0.40970200300216675,0.828194797039032,0.13866615295410156,0.9994035959243774
1654,55133,LEFT_INDEX,0.38666075468063354,0.4522732198238373,0.6166552305221558,0.4309459328651428,0.9998039603233337
1654,55133,RIGHT_INDEX,0.41585513949394226,0.40593603253364563,0.8390453457832336,0.13988111913204193,0.9994266033172607
1654,55133,LEFT_THUMB,0.38948240876197815,0.4489805996417999,0.5920676589012146,0.41277801990509033,0.9998231530189514
1654,55133,RIGHT_THUMB,0.4149080812931061,0.40247541666030884,0.7811074256896973,0.13649189472198486,0.999575674533844
1654,55133,LEFT_HIP,0.5137456059455872,0.5165062546730042,-0.09882921725511551,0.9998090267181396,0.9999996423721313
1654,55133,RIGHT_HIP,0.5883725881576538,0.4687269926071167,0.09895329177379608,0.9996882677078247,0.9999970197677612
1654,55133,LEFT_KNEE,0.5001803636550903,0.6790792942047119,0.031742390245199203,0.9636829495429993,0.9999926090240479
1654,55133,RIGHT_KNEE,0.6254889965057373,0.511086106300354,0.5417149066925049,0.9616485834121704,0.9998138546943665
1654,55133,LEFT_ANKLE,0.49605637788772583,0.8521460890769958,-0.024363217875361443,0.9863523244857788,0.9999008178710938
1654,55133,RIGHT_ANKLE,0.7305489182472229,0.560406506061554,0.6972243785858154,0.9768725037574768,0.9997028708457947
1654,55133,LEFT_HEEL,0.5125308036804199,0.8795313835144043,-0.021650228649377823,0.9870727062225342,0.9998137354850769
1654,55133,RIGHT_HEEL,0.7464647889137268,0.577627420425415,0.7181950211524963,0.9770511388778687,0.9997726082801819
1654,55133,LEFT_FOOT_INDEX,0.4618246257305145,0.8716065883636475,-0.04938555508852005,0.9742236733436584,0.9993045330047607
1654,55133,RIGHT_FOOT_INDEX,0.7466138005256653,0.585429310798645,0.765747606754303,0.9249476790428162,0.9995410442352295
1655,55167,NOSE,0.3837532103061676,0.22192879021167755,0.40856558084487915,0.9991199970245361,0.9998785257339478
1655,55167,LEFT_EYE_INNER,0.3715026080608368,0.21472130715847015,0.35543113946914673,0.9990971088409424,0.9998981952667236
1655,55167,LEFT_EYE,0.3664395809173584,0.21710465848445892,0.35537394881248474,0.9991819858551025,0.9999058246612549
1655,55167,LEFT_EYE_OUTER,0.36120644211769104,0.21983495354652405,0.35528627038002014,0.9993315935134888,0.9999123811721802
1655,55167,RIGHT_EYE_INNER,0.3861258924007416,0.20823737978935242,0.3657245337963104,0.998933732509613,0.999847412109375
1655,55167,RIGHT_EYE,0.3909083306789398,0.20631082355976105,0.36566245555877686,0.9988729953765869,0.9998332262039185
1655,55167,RIGHT_EYE_OUTER,0.3959348797798157,0.20445102453231812,0.36565619707107544,0.9988431334495544,0.9998180270195007
1655,55167,LEFT_EAR,0.3549278974533081,0.2325826734304428,0.15149778127670288,0.9990560412406921,0.999967098236084
1655,55167,RIGHT_EAR,0.40475958585739136,0.2126801311969757,0.19339042901992798,0.9985568523406982,0.9999035596847534
1655,55167,MOUTH_LEFT,0.37950944900512695,0.2371853142976761,0.34371644258499146,0.9984738230705261,0.999935507774353
1655,55167,MOUTH_RIGHT,0.39576664566993713,0.23060747981071472,0.35525113344192505,0.9977911114692688,0.9998961687088013
1655,55167,LEFT_SHOULDER,0.3498604893684387,0.35007649660110474,-0.024232132360339165,0.9996129870414734,0.9999778270721436
1655,55167,RIGHT_SHOULDER,0.48560774326324463,0.2771250605583191,0.20685815811157227,0.9986552000045776,0.999342143535614
1655,55167,LEFT_ELBOW,0.36507391929626465,0.47380924224853516,0.1384379267692566,0.8000473976135254,0.9994124174118042
1655,55167,RIGHT_ELBOW,0.5214695930480957,0.3735195994377136,0.43319061398506165,0.14075790345668793,0.9970295429229736
1655,55167,LEFT_WRIST,0.3803211748600006,0.4643786549568176,0.44796282052993774,0.41088247299194336,0.9994163513183594
1655,55167,RIGHT_WRIST,0.44961974024772644,0.39468467235565186,0.703636884689331,0.10346923768520355,0.9985578656196594
1655,55167,LEFT_PINKY,0.3767735958099365,0.46932607889175415,0.45820996165275574,0.40197721123695374,0.9993720650672913
1655,55167,RIGHT_PINKY,0.4356095492839813,0.40264198184013367,0.7557846903800964,0.1253821849822998,0.9984750151634216
1655,55167,LEFT_INDEX,0.3829202651977539,0.45206010341644287,0.4720139801502228,0.39835241436958313,0.9995278120040894
1655,55167,RIGHT_INDEX,0.4169781804084778,0.3980334997177124,0.7596628069877625,0.12647844851016998,0.9985468983650208
1655,55167,LEFT_THUMB,0.38872382044792175,0.44671595096588135,0.45999541878700256,0.3817194998264313,0.9995537400245667
1655,55167,RIGHT_THUMB,0.41610124707221985,0.39481180906295776,0.7120420336723328,0.12349472939968109,0.9988539218902588
1655,55167,LEFT_HIP,0.5136983394622803,0.5151371955871582,-0.09755042940378189,0.99982750415802,0.9999996423721313
1655,55167,RIGHT_HIP,0.5898412466049194,0.46624520421028137,0.09770598262548447,0.9997148513793945,0.9999973773956299
1655,55167,LEFT_KNEE,0.5004122257232666,0.6779648661613464,0.024863239377737045,0.9672876596450806,0.9999884366989136
1655,55167,RIGHT_KNEE,0.6226320266723633,0.5058929324150085,0.5765434503555298,0.9632403254508972,0.9996954202651978
1655,55167,LEFT_ANKLE,0.49610817432403564,0.8520828485488892,0.01313520036637783,0.9876394271850586,0.9998737573623657
1655,55167,RIGHT_ANKLE,0.7174432277679443,0.548064649105072,0.827528178691864,0.9771314263343811,0.9996525049209595
1655,55167,LEFT_HEEL,0.5113658905029297,0.8794776201248169,0.02189798094332218,0.9882639050483704,0.9997637867927551
1655,55167,RIGHT_HEEL,0.7328636646270752,0.5682814121246338,0.8583819270133972,0.9771179556846619,0.9997407793998718
1655,55167,LEFT_FOOT_INDEX,0.46164026856422424,0.8715211749076843,-0.01672559604048729,0.9737222194671631,0.9991635084152222
1655,55167,RIGHT_FOOT_INDEX,0.7322956919670105,0.5651912093162537,0.9033684730529785,0.9065480828285217,0.9995026588439941
1656,55200,NOSE,0.38427475094795227,0.22010579705238342,0.45944729447364807,0.9991974234580994,0.9999632835388184
1656,55200,LEFT_EYE_INNER,0.372972697019577,0.21279138326644897,0.4146031141281128,0.9991810917854309,0.9999693632125854
1656,55200,LEFT_EYE,0.3680332899093628,0.21530134975910187,0.4145893454551697,0.9992579817771912,0.9999707937240601
1656,55200,LEFT_EYE_OUTER,0.36308181285858154,0.21797329187393188,0.41455474495887756,0.9993929266929626,0.9999719858169556
1656,55200,RIGHT_EYE_INNER,0.38698792457580566,0.2064867615699768,0.42708271741867065,0.9990353584289551,0.999954104423523
1656,55200,RIGHT_EYE,0.3916524350643158,0.20466575026512146,0.4270181953907013,0.9989805221557617,0.9999496936798096
1656,55200,RIGHT_EYE_OUTER,0.3965369760990143,0.20292942225933075,0.42700710892677307,0.9989537596702576,0.9999436140060425
1656,55200,LEFT_EAR,0.35727769136428833,0.23066699504852295,0.21824990212917328,0.9991468191146851,0.9999892711639404
1656,55200,RIGHT_EAR,0.4054849445819855,0.2106945961713791,0.2666235864162445,0.9986951947212219,0.9999709129333496
1656,55200,MOUTH_LEFT,0.3802104592323303,0.23544460535049438,0.39855098724365234,0.9986152052879333,0.9999760389328003
1656,55200,MOUTH_RIGHT,0.3960607647895813,0.2289082258939743,0.41292011737823486,0.9979992508888245,0.9999630451202393
1656,55200,LEFT_SHOULDER,0.3504217565059662,0.3484687805175781,0.025113675743341446,0.9996390342712402,0.9999867677688599
1656,55200,RIGHT_SHOULDER,0.48801475763320923,0.2761021852493286,0.2688904106616974,0.9986398220062256,0.9996366500854492
1656,55200,LEFT_ELBOW,0.3666591942310333,0.4712888300418854,0.17235782742500305,0.8130645155906677,0.9996844530105591
1656,55200,RIGHT_ELBOW,0.5216917395591736,0.3767733573913574,0.49017471075057983,0.13270483911037445,0.9984549283981323
1656,55200,LEFT_WRIST,0.3783653974533081,0.4668147563934326,0.5489715933799744,0.38606613874435425,0.999692440032959
1656,55200,RIGHT_WRIST,0.45183008909225464,0.39934873580932617,0.7956346273422241,0.0934600830078125,0.999332845211029
1656,55200,LEFT_PINKY,0.3744751513004303,0.47207117080688477,0.5651335120201111,0.3742331564426422,0.9996650218963623
1656,55200,RIGHT_PINKY,0.4375413954257965,0.407519668340683,0.8501429557800293,0.11338572204113007,0.9992971420288086
1656,55200,LEFT_INDEX,0.3769877552986145,0.45656609535217285,0.5805657505989075,0.37026768922805786,0.9997456669807434
1656,55200,RIGHT_INDEX,0.4188908040523529,0.4028549790382385,0.856523334980011,0.11435647308826447,0.9992995262145996
1656,55200,LEFT_THUMB,0.3838235139846802,0.4504071772098541,0.5626926422119141,0.3552984297275543,0.9997685551643372
1656,55200,RIGHT_THUMB,0.4181571900844574,0.3992721736431122,0.804853618144989,0.11173909902572632,0.9994686245918274
1656,55200,LEFT_HIP,0.5136064291000366,0.5143473744392395,-0.09972091019153595,0.999844491481781,0.9999997615814209
1656,55200,RIGHT_HIP,0.5904319286346436,0.46522536873817444,0.09990982711315155,0.9997406005859375,0.9999985694885254
1656,55200,LEFT_KNEE,0.5006439089775085,0.6782475113868713,0.0033385849092155695,0.970536470413208,0.9999935626983643
1656,55200,RIGHT_KNEE,0.6204185485839844,0.5076899528503418,0.5768851637840271,0.965250551700592,0.9998106360435486
1656,55200,LEFT_ANKLE,0.4961400628089905,0.8528526425361633,-0.03835036978125572,0.988803505897522,0.9999239444732666
1656,55200,RIGHT_ANKLE,0.7151914834976196,0.548199474811554,0.7811496257781982,0.9777125716209412,0.9997928738594055
1656,55200,LEFT_HEEL,0.5113551020622253,0.8794463276863098,-0.035541582852602005,0.9893542528152466,0.9998574256896973
1656,55200,RIGHT_HEEL,0.7290502190589905,0.5662049055099487,0.8065400719642639,0.9776319861412048,0.999855637550354
1656,55200,LEFT_FOOT_INDEX,0.4610792100429535,0.8718435168266296,-0.07740689814090729,0.9731115698814392,0.9994156360626221
1656,55200,RIGHT_FOOT_INDEX,0.7235671281814575,0.5649276971817017,0.8513794541358948,0.8915451169013977,0.9996689558029175
1657,55233,NOSE,0.3914935886859894,0.2185034453868866,0.2934170365333557,0.999211847782135,0.9997707009315491
1657,55233,LEFT_EYE_INNER,0.3803248703479767,0.211187943816185,0.2389974445104599,0.9992219805717468,0.9998155236244202
1657,55233,LEFT_EYE,0.37552857398986816,0.21365419030189514,0.2389518767595291,0.9992965459823608,0.9998407363891602
1657,55233,LEFT_EYE_OUTER,0.37071874737739563,0.21634294092655182,0.23887568712234497,0.9994180202484131,0.9998613595962524
1657,55233,RIGHT_EYE_INNER,0.3945642113685608,0.20475567877292633,0.24996022880077362,0.9990987777709961,0.9997116923332214
1657,55233,RIGHT_EYE,0.3994368314743042,0.20289216935634613,0.24986858665943146,0.9990479350090027,0.9996917247772217
1657,55233,RIGHT_EYE_OUTER,0.4044833183288574,0.20121783018112183,0.24979664385318756,0.9990198612213135,0.9996782541275024
1657,55233,LEFT_EAR,0.3656715750694275,0.2287779599428177,0.04633114114403725,0.9992077350616455,0.9999560117721558
1657,55233,RIGHT_EAR,0.4140572249889374,0.21002556383609772,0.09050994366407394,0.9987922310829163,0.9998561143875122
1657,55233,MOUTH_LEFT,0.386810302734375,0.23402388393878937,0.23386786878108978,0.9987145662307739,0.9999345541000366
1657,55233,MOUTH_RIGHT,0.4032318890094757,0.2278590202331543,0.2459854781627655,0.9981563091278076,0.9998786449432373
1657,55233,LEFT_SHOULDER,0.35178253054618835,0.3454766571521759,-0.10195101797580719,0.999660849571228,0.9999916553497314
1657,55233,RIGHT_SHOULDER,0.49190691113471985,0.27189937233924866,0.12221835553646088,0.9986142516136169,0.9996688365936279
1657,55233,LEFT_ELBOW,0.36840924620628357,0.46388500928878784,0.0279177688062191,0.8215958476066589,0.9996645450592041
1657,55233,RIGHT_ELBOW,0.5258322954177856,0.3667489290237427,0.333857923746109,0.12439560145139694,0.9983291029930115
1657,55233,LEFT_WRIST,0.38071051239967346,0.462037593126297,0.346442312002182,0.3616923689842224,0.9993873834609985
1657,55233,RIGHT_WRIST,0.45139265060424805,0.3830166757106781,0.6807276010513306,0.08454568684101105,0.9987863898277283
1657,55233,LEFT_PINKY,0.37491652369499207,0.46791866421699524,0.3461419641971588,0.3491857647895813,0.9992040991783142
1657,55233,RIGHT_PINKY,0.43743258714675903,0.3896145522594452,0.712684154510498,0.10277178883552551,0.9986295700073242
1657,55233,LEFT_INDEX,0.377519816160202,0.4510558247566223,0.3509936034679413,0.3451272249221802,0.9994112253189087
1657,55233,RIGHT_INDEX,0.42017030715942383,0.3849585950374603,0.7269084453582764,0.10367103666067123,0.9986695051193237
1657,55233,LEFT_THUMB,0.38531389832496643,0.4487808346748352,0.354343444108963,0.3311251699924469,0.9994587302207947
1657,55233,RIGHT_THUMB,0.41916075348854065,0.38289186358451843,0.6855573058128357,0.10136126726865768,0.9989616870880127
1657,55233,LEFT_HIP,0.5142614841461182,0.5114789009094238,-0.09625624865293503,0.9998597502708435,0.9999998807907104
1657,55233,RIGHT_HIP,0.5904380083084106,0.4607526957988739,0.09639997035264969,0.9997634887695312,0.9999995231628418
1657,55233,LEFT_KNEE,0.5006083846092224,0.678382158279419,0.011474951170384884,0.9734620451927185,0.9999915361404419
1657,55233,RIGHT_KNEE,0.6115903258323669,0.46475329995155334,0.6357408165931702,0.9644970893859863,0.9997591376304626
1657,55233,LEFT_ANKLE,0.49613460898399353,0.8539083003997803,0.06740542501211166,0.9898179173469543,0.9998733997344971
1657,55233,RIGHT_ANKLE,0.6998616456985474,0.5290245413780212,1.0076444149017334,0.9744089245796204,0.9997383952140808
1657,55233,LEFT_HEEL,0.511338472366333,0.8796551823616028,0.08250065892934799,0.9903136491775513,0.9997389912605286
1657,55233,RIGHT_HEEL,0.712928056716919,0.547072172164917,1.0508314371109009,0.9756280183792114,0.9998180270195007
1657,55233,LEFT_FOOT_INDEX,0.46063920855522156,0.8721895217895508,0.040118034929037094,0.9698837399482727,0.9991149306297302
1657,55233,RIGHT_FOOT_INDEX,0.7028610110282898,0.5334158539772034,1.1020362377166748,0.8486948609352112,0.9996622800827026
1658,55267,NOSE,0.3937428295612335,0.21953637897968292,0.2935982644557953,0.999241054058075,0.9997511506080627
1658,55267,LEFT_EYE_INNER,0.3830289840698242,0.2118576616048813,0.24117441475391388,0.999270498752594,0.9997984766960144
1658,55267,LEFT_EYE,0.37830907106399536,0.2144107073545456,0.24114146828651428,0.9993415474891663,0.999828577041626
1658,55267,LEFT_EYE_OUTER,0.3737257421016693,0.21711447834968567,0.24107208847999573,0.9994514584541321,0.9998538494110107
1658,55267,RIGHT_EYE_INNER,0.3965415358543396,0.20545810461044312,0.24967676401138306,0.999164342880249,0.9996758699417114
1658,55267,RIGHT_EYE,0.40128612518310547,0.20353646576404572,0.24958525598049164,0.9991160035133362,0.9996459484100342
1658,55267,RIGHT_EYE_OUTER,0.4062625467777252,0.20176786184310913,0.24949917197227478,0.9990873336791992,0.9996260404586792
1658,55267,LEFT_EAR,0.3686591386795044,0.2299528419971466,0.055605173110961914,0.9992684125900269,0.9999563694000244
1658,55267,RIGHT_EAR,0.4165968596935272,0.20962364971637726,0.08890935033559799,0.9988866448402405,0.9998325109481812
1658,55267,MOUTH_LEFT,0.390236496925354,0.23448635637760162,0.2363172322511673,0.9988076090812683,0.9999216794967651
1658,55267,MOUTH_RIGHT,0.40581855177879333,0.22835992276668549,0.2452654391527176,0.9983009696006775,0.9998482465744019
1658,55267,LEFT_SHOULDER,0.35232970118522644,0.34373822808265686,-0.08163513243198395,0.9996773600578308,0.9999908208847046
1658,55267,RIGHT_SHOULDER,0.49411872029304504,0.2699826955795288,0.1125541478395462,0.998534619808197,0.9995100498199463
1658,55267,LEFT_ELBOW,0.36783745884895325,0.4614711403846741,0.035234127193689346,0.8282887935638428,0.9996733665466309
1658,55267,RIGHT_ELBOW,0.5259308218955994,0.3549434244632721,0.331072598695755,0.12056383490562439,0.9980727434158325
1658,55267,LEFT_WRIST,0.38799139857292175,0.45874252915382385,0.3307912051677704,0.3380151391029358,0.9992831349372864
1658,55267,RIGHT_WRIST,0.452804297208786,0.35762274265289307,0.6772518754005432,0.07651939988136292,0.9988273978233337
1658,55267,LEFT_PINKY,0.3842869997024536,0.46844688057899475,0.33649423718452454,0.3251652419567108,0.999030351638794
1658,55267,RIGHT_PINKY,0.44002118706703186,0.35999616980552673,0.726443350315094,0.093130923807621,0.998670220375061
1658,55267,LEFT_INDEX,0.3885918855667114,0.4558238089084625,0.3407405614852905,0.32094892859458923,0.9992632269859314
1658,55267,RIGHT_INDEX,0.42371514439582825,0.3556945323944092,0.731884777545929,0.09394820779561996,0.9986899495124817
1658,55267,LEFT_THUMB,0.3928351104259491,0.45212531089782715,0.3383376896381378,0.30765095353126526,0.9993213415145874
1658,55267,RIGHT_THUMB,0.4221399128437042,0.3555714786052704,0.6868718862533569,0.0918942242860794,0.9989646673202515
1658,55267,LEFT_HIP,0.5141685605049133,0.5106576681137085,-0.08634160459041595,0.9998735785484314,1.0
1658,55267,RIGHT_HIP,0.5900688171386719,0.4599136412143707,0.08637043088674545,0.999784529209137,0.9999995231628418
1658,55267,LEFT_KNEE,0.5006840229034424,0.6773335337638855,0.010169865563511848,0.976097583770752,0.999993085861206
1658,55267,RIGHT_KNEE,0.6151530742645264,0.4779910147190094,0.6374437212944031,0.965241551399231,0.9997521042823792
1658,55267,LEFT_ANKLE,0.49609917402267456,0.8537790179252625,0.04971693083643913,0.990726888179779,0.9998934268951416
1658,55267,RIGHT_ANKLE,0.6993194222450256,0.5296748280525208,1.0319204330444336,0.9714563488960266,0.9997647404670715
1658,55267,LEFT_HEEL,0.5110810399055481,0.8794211745262146,0.06319449096918106,0.9911786317825317,0.9997649788856506
1658,55267,RIGHT_HEEL,0.7112865447998047,0.548316240310669,1.0771912336349487,0.9739741086959839,0.9998352527618408
1658,55267,LEFT_FOOT_INDEX,0.46048280596733093,0.8719844818115234,0.015905043110251427,0.9666139483451843,0.999211311340332
1658,55267,RIGHT_FOOT_INDEX,0.7007710933685303,0.5303957462310791,1.1298434734344482,0.8068273663520813,0.9997014403343201
1659,55300,NOSE,0.400420606136322,0.21737553179264069,0.3190018832683563,0.9992861151695251,0.9998476505279541
1659,55300,LEFT_EYE_INNER,0.389316588640213,0.20898126065731049,0.26580166816711426,0.9993249177932739,0.9998897314071655
1659,55300,LEFT_EYE,0.3846486508846283,0.21117904782295227,0.26578080654144287,0.9993939995765686,0.9999126195907593
1659,55300,LEFT_EYE_OUTER,0.3799228072166443,0.21360808610916138,0.2657051980495453,0.9994925260543823,0.9999291896820068
1659,55300,RIGHT_EYE_INNER,0.4034821093082428,0.20317508280277252,0.2718655467033386,0.9992306232452393,0.9997854828834534
1659,55300,RIGHT_EYE,0.4084779620170593,0.2013261467218399,0.2718038558959961,0.9991859197616577,0.9997523427009583
1659,55300,RIGHT_EYE_OUTER,0.4138825237751007,0.19958584010601044,0.2717493176460266,0.9991537928581238,0.999722421169281
1659,55300,LEFT_EAR,0.37487921118736267,0.22558541595935822,0.08069457858800888,0.9993316531181335,0.9999792575836182
1659,55300,RIGHT_EAR,0.42336025834083557,0.20718494057655334,0.10257061570882797,0.9989767670631409,0.9998518228530884
1659,55300,MOUTH_LEFT,0.39712074398994446,0.2316901683807373,0.26275181770324707,0.9989038705825806,0.9999562501907349
1659,55300,MOUTH_RIGHT,0.41308072209358215,0.2262236326932907,0.26843538880348206,0.9984391331672668,0.9998867511749268
1659,55300,LEFT_SHOULDER,0.3535914719104767,0.3409443199634552,-0.06156957149505615,0.9997031688690186,0.9999955892562866
1659,55300,RIGHT_SHOULDER,0.49681010842323303,0.2685187757015228,0.11908721178770065,0.9984416961669922,0.9994794726371765
1659,55300,LEFT_ELBOW,0.3673330545425415,0.4614524245262146,0.05750755965709686,0.8406132459640503,0.9998407363891602
1659,55300,RIGHT_ELBOW,0.5403667688369751,0.3391266465187073,0.32293301820755005,0.14309585094451904,0.9986542463302612
1659,55300,LEFT_WRIST,0.4110250473022461,0.45327311754226685,0.35108450055122375,0.31455597281455994,0.9997237324714661
1659,55300,RIGHT_WRIST,0.4739360511302948,0.31887882947921753,0.6613287925720215,0.07017158716917038,0.9993759989738464
1659,55300,LEFT_PINKY,0.4174589514732361,0.45780375599861145,0.36801353096961975,0.30067065358161926,0.999561607837677
1659,55300,RIGHT_PINKY,0.46468648314476013,0.3148288130760193,0.7102414965629578,0.08530358970165253,0.9992398023605347
1659,55300,LEFT_INDEX,0.42469513416290283,0.4502285420894623,0.3547106385231018,0.2963554561138153,0.9996781349182129
1659,55300,RIGHT_INDEX,0.447773277759552,0.31199881434440613,0.7214004397392273,0.08604854345321655,0.9992619156837463
1659,55300,LEFT_THUMB,0.4225335419178009,0.4432910978794098,0.35373494029045105,0.2848189175128937,0.9997259974479675
1659,55300,RIGHT_THUMB,0.4455842673778534,0.31410741806030273,0.6741721630096436,0.08414220064878464,0.9994487166404724
1659,55300,LEFT_HIP,0.5136812329292297,0.5090981721878052,-0.08439938724040985,0.9998860955238342,1.0
1659,55300,RIGHT_HIP,0.5899515151977539,0.46040409803390503,0.08451563864946365,0.999803364276886,0.9999995231628418
1659,55300,LEFT_KNEE,0.500109851360321,0.6764402389526367,-0.07741078734397888,0.9784771800041199,0.9999940395355225
1659,55300,RIGHT_KNEE,0.6166085004806519,0.4774690270423889,0.6310560703277588,0.9662441611289978,0.9997203946113586
1659,55300,LEFT_ANKLE,0.49606648087501526,0.8545487523078918,-0.06293535232543945,0.9915622472763062,0.9998682737350464
1659,55300,RIGHT_ANKLE,0.6852573752403259,0.5217564702033997,1.0231603384017944,0.968583345413208,0.9997044205665588
1659,55300,LEFT_HEEL,0.5110670328140259,0.8798074126243591,-0.0475626178085804,0.9919824600219727,0.9996871948242188
1659,55300,RIGHT_HEEL,0.6969558596611023,0.5373643040657043,1.067887783050537,0.9725900888442993,0.999800980091095
1659,55300,LEFT_FOOT_INDEX,0.4550899565219879,0.8735558986663818,-0.09418490529060364,0.9639014005661011,0.9989858269691467
1659,55300,RIGHT_FOOT_INDEX,0.6892397999763489,0.5233568549156189,1.1290009021759033,0.7658470273017883,0.9996941089630127
1660,55333,NOSE,0.40529969334602356,0.21621420979499817,0.31399309635162354,0.9993388652801514,0.9999126195907593
1660,55333,LEFT_EYE_INNER,0.39445725083351135,0.20734764635562897,0.26174119114875793,0.9993813037872314,0.9999306201934814
1660,55333,LEFT_EYE,0.38980844616889954,0.20952020585536957,0.26172706484794617,0.9994459748268127,0.9999420642852783
1660,55333,LEFT_EYE_OUTER,0.3852643668651581,0.21188656985759735,0.2616182267665863,0.9995341897010803,0.9999513626098633
1660,55333,RIGHT_EYE_INNER,0.40805912017822266,0.2017683982849121,0.267418771982193,0.9992973208427429,0.999874472618103
1660,55333,RIGHT_EYE,0.4130059778690338,0.19992098212242126,0.2673604190349579,0.9992563128471375,0.999854564666748
1660,55333,RIGHT_EYE_OUTER,0.4185163974761963,0.19811570644378662,0.26731979846954346,0.9992243051528931,0.999835729598999
1660,55333,LEFT_EAR,0.37918052077293396,0.22391389310359955,0.07982265949249268,0.999392569065094,0.9999849796295166
1660,55333,RIGHT_EAR,0.4278267025947571,0.2053905576467514,0.10050442814826965,0.9990682005882263,0.9999172687530518
1660,55333,MOUTH_LEFT,0.40256398916244507,0.23005041480064392,0.25909221172332764,0.9990001916885376,0.9999721050262451
1660,55333,MOUTH_RIGHT,0.4180056154727936,0.225037083029747,0.26429280638694763,0.9985767602920532,0.9999371767044067
1660,55333,LEFT_SHOULDER,0.354952871799469,0.34016305208206177,-0.05656655505299568,0.9997256994247437,0.999995231628418
1660,55333,RIGHT_SHOULDER,0.4998704195022583,0.2681659162044525,0.11039620637893677,0.9984382390975952,0.9996968507766724
1660,55333,LEFT_ELBOW,0.3680044412612915,0.4598023295402527,0.07364054769277573,0.8501617908477783,0.9997623562812805
1660,55333,RIGHT_ELBOW,0.5503502488136292,0.34033361077308655,0.3155932128429413,0.169117271900177,0.9988961219787598
1660,55333,LEFT_WRIST,0.41737693548202515,0.4514683783054352,0.4048668146133423,0.2898646593093872,0.9996232986450195
1660,55333,RIGHT_WRIST,0.4839209020137787,0.315531849861145,0.6521369814872742,0.06421683728694916,0.9994158744812012
1660,55333,LEFT_PINKY,0.42311400175094604,0.4554142355918884,0.4231111705303192,0.27597829699516296,0.9994571805000305
1660,55333,RIGHT_PINKY,0.47780296206474304,0.3131905198097229,0.6999615430831909,0.0779804065823555,0.9992801547050476
1660,55333,LEFT_INDEX,0.4310080111026764,0.4473167061805725,0.41811034083366394,0.27170687913894653,0.9996011853218079
1660,55333,RIGHT_INDEX,0.46114692091941833,0.30870071053504944,0.7107070088386536,0.07866007834672928,0.9993139505386353
1660,55333,LEFT_THUMB,0.42923441529273987,0.43995600938796997,0.4103333652019501,0.26176881790161133,0.9996470212936401
1660,55333,RIGHT_THUMB,0.45888903737068176,0.31044915318489075,0.6646307110786438,0.0769420713186264,0.9994816184043884
1660,55333,LEFT_HIP,0.5122319459915161,0.5092937350273132,-0.08256381005048752,0.9998973608016968,1.0
1660,55333,RIGHT_HIP,0.5887275338172913,0.46170610189437866,0.08267370611429214,0.9998208284378052,0.9999995231628418
1660,55333,LEFT_KNEE,0.49890246987342834,0.6765919327735901,-0.05957085266709328,0.9806216359138489,0.9999946355819702
1660,55333,RIGHT_KNEE,0.6151584982872009,0.4770931303501129,0.653876543045044,0.967467188835144,0.9997430443763733
1660,55333,LEFT_ANKLE,0.49577781558036804,0.8560397028923035,0.028390806168317795,0.9923299551010132,0.9998599290847778
1660,55333,RIGHT_ANKLE,0.6796190738677979,0.5224202871322632,1.0705695152282715,0.9666147232055664,0.9997355341911316
1660,55333,LEFT_HEEL,0.5110132694244385,0.879991888999939,0.04516198858618736,0.9927141666412354,0.9996695518493652
1660,55333,RIGHT_HEEL,0.6939268112182617,0.5382125973701477,1.118912935256958,0.9717211723327637,0.9998212456703186
1660,55333,LEFT_FOOT_INDEX,0.45345717668533325,0.8775955438613892,0.008519656956195831,0.960663914680481,0.9988710284233093
1660,55333,RIGHT_FOOT_INDEX,0.6863375902175903,0.5240727066993713,1.1900089979171753,0.728727400302887,0.9996867179870605
1661,55367,NOSE,0.4066074788570404,0.21656887233257294,0.2672964334487915,0.9993888139724731,0.999927282333374
1661,55367,LEFT_EYE_INNER,0.39607101678848267,0.20767788589000702,0.21541903913021088,0.9994332194328308,0.9999394416809082
1661,55367,LEFT_EYE,0.39149612188339233,0.20991188287734985,0.2153972089290619,0.9994932413101196,0.9999492168426514
1661,55367,LEFT_EYE_OUTER,0.3870651423931122,0.2123020440340042,0.21528716385364532,0.9995723962783813,0.9999572038650513
1661,55367,RIGHT_EYE_INNER,0.4095716178417206,0.201920285820961,0.2210041582584381,0.9993582963943481,0.9998914003372192
1661,55367,RIGHT_EYE,0.41448256373405457,0.20002985000610352,0.2209359109401703,0.999320387840271,0.9998730421066284
1661,55367,RIGHT_EYE_OUTER,0.42003509402275085,0.19816504418849945,0.22087229788303375,0.9992888569831848,0.9998559951782227
1661,55367,LEFT_EAR,0.3810123801231384,0.2240840494632721,0.039936479181051254,0.9994473457336426,0.9999871253967285
1661,55367,RIGHT_EAR,0.429758757352829,0.20516565442085266,0.059874434024095535,0.9991521239280701,0.9999301433563232
1661,55367,MOUTH_LEFT,0.4041411578655243,0.2302577793598175,0.21498306095600128,0.9990888833999634,0.9999783039093018
1661,55367,MOUTH_RIGHT,0.4197378158569336,0.2253042757511139,0.22002606093883514,0.9987044334411621,0.9999525547027588
1661,55367,LEFT_SHOULDER,0.3557770848274231,0.3399897515773773,-0.08476747572422028,0.9997463226318359,0.9999958276748657
1661,55367,RIGHT_SHOULDER,0.5005158185958862,0.2682194411754608,0.07464706152677536,0.9984760880470276,0.9997701048851013
1661,55367,LEFT_ELBOW,0.36819759011268616,0.4594699442386627,0.06327244639396667,0.8575292229652405,0.9997336268424988
1661,55367,RIGHT_ELBOW,0.5451571345329285,0.3380768895149231,0.27904272079467773,0.18557336926460266,0.9989444613456726
1661,55367,LEFT_WRIST,0.4199884533882141,0.45197010040283203,0.3930959105491638,0.2691684365272522,0.9996088147163391
1661,55367,RIGHT_WRIST,0.4821973741054535,0.3173823356628418,0.6188646554946899,0.0588839128613472,0.9993915557861328
1661,55367,LEFT_PINKY,0.42620643973350525,0.4559824764728546,0.4163839519023895,0.2550664246082306,0.9994040727615356
1661,55367,RIGHT_PINKY,0.4746134877204895,0.3151487112045288,0.669974148273468,0.07147370278835297,0.9992133378982544
1661,55367,LEFT_INDEX,0.43312135338783264,0.4478795826435089,0.3987370431423187,0.25077664852142334,0.9995688796043396
1661,55367,RIGHT_INDEX,0.4594619870185852,0.30996453762054443,0.6775733828544617,0.07210762053728104,0.9992669224739075
1661,55367,LEFT_THUMB,0.4378805160522461,0.4414193034172058,0.39475134015083313,0.2422800064086914,0.999617338180542
1661,55367,RIGHT_THUMB,0.45705151557922363,0.3114890158176422,0.631862223148346,0.07057589292526245,0.9994361996650696
1661,55367,LEFT_HIP,0.5117185711860657,0.5095301866531372,-0.08161865174770355,0.9999074935913086,1.0
1661,55367,RIGHT_HIP,0.5877948999404907,0.46271294355392456,0.08170930296182632,0.9998360872268677,0.9999995231628418
1661,55367,LEFT_KNEE,0.49843624234199524,0.676716148853302,0.018137747421860695,0.9825511574745178,0.9999926090240479
1661,55367,RIGHT_KNEE,0.6097829341888428,0.4689067006111145,0.6599653959274292,0.9679112434387207,0.9996699094772339
1661,55367,LEFT_ANKLE,0.49578893184661865,0.8559625744819641,0.10952768474817276,0.9930127263069153,0.9998167157173157
1661,55367,RIGHT_ANKLE,0.6771618723869324,0.5205626487731934,1.0861542224884033,0.9634763598442078,0.9996535778045654
1661,55367,LEFT_HEEL,0.5102905035018921,0.8799731731414795,0.12753163278102875,0.9933621287345886,0.99956876039505
1661,55367,RIGHT_HEEL,0.693630039691925,0.5357993245124817,1.135695219039917,0.9700736999511719,0.9997541308403015
1661,55367,LEFT_FOOT_INDEX,0.4531921446323395,0.8776017427444458,0.09369693696498871,0.957680881023407,0.9986832737922668
1661,55367,RIGHT_FOOT_INDEX,0.6869149804115295,0.5233745574951172,1.2046029567718506,0.6938906908035278,0.9996073842048645
1662,55400,NOSE,0.41529029607772827,0.21363182365894318,0.2617638111114502,0.9994395971298218,0.9999229907989502
1662,55400,LEFT_EYE_INNER,0.4050922393798828,0.20529969036579132,0.2094518393278122,0.9994837641716003,0.999934196472168
1662,55400,LEFT_EYE,0.400229811668396,0.20730140805244446,0.20944035053253174,0.9995397329330444,0.9999450445175171
1662,55400,LEFT_EYE_OUTER,0.39563384652137756,0.20940783619880676,0.2093644142150879,0.9996102452278137,0.999951958656311
1662,55400,RIGHT_EYE_INNER,0.4197673797607422,0.20012058317661285,0.21467459201812744,0.9994163513183594,0.999889612197876
1662,55400,RIGHT_EYE,0.4249269366264343,0.19845210015773773,0.2146638184785843,0.999382495880127,0.999872088432312
1662,55400,RIGHT_EYE_OUTER,0.4303763508796692,0.1967925876379013,0.2146441489458084,0.9993519186973572,0.9998539686203003
1662,55400,LEFT_EAR,0.3889937102794647,0.22041262686252594,0.0374053493142128,0.9994991421699524,0.9999837875366211
1662,55400,RIGHT_EAR,0.43778181076049805,0.2044989913702011,0.05624096840620041,0.9992312788963318,0.999921441078186
1662,55400,MOUTH_LEFT,0.41172561049461365,0.22688698768615723,0.21239779889583588,0.9991714358329773,0.9999710321426392
1662,55400,MOUTH_RIGHT,0.4284386932849884,0.2228529155254364,0.21678008139133453,0.9988217949867249,0.9999312162399292
1662,55400,LEFT_SHOULDER,0.3568762540817261,0.3383963108062744,-0.07008782774209976,0.999765932559967,0.9999908208847046
1662,55400,RIGHT_SHOULDER,0.5013303160667419,0.26654040813446045,0.07930084317922592,0.9984571933746338,0.9994989633560181
1662,55400,LEFT_ELBOW,0.3663047254085541,0.45282354950904846,0.09166810661554337,0.8652676343917847,0.9997022747993469
1662,55400,RIGHT_ELBOW,0.5409814715385437,0.29019203782081604,0.29904523491859436,0.20611697435379028,0.9994726777076721
1662,55400,LEFT_WRIST,0.41694462299346924,0.4507935047149658,0.38898763060569763,0.25867241621017456,0.9994713664054871
1662,55400,RIGHT_WRIST,0.48436465859413147,0.24314172565937042,0.642585039138794,0.057178888469934464,0.999505877494812
1662,55400,LEFT_PINKY,0.4218941032886505,0.45611992478370667,0.40677711367607117,0.24337230622768402,0.9991982579231262
1662,55400,RIGHT_PINKY,0.4736674129962921,0.22876793146133423,0.6888963580131531,0.06939524412155151,0.999196469783783
1662,55400,LEFT_INDEX,0.42791298031806946,0.44919490814208984,0.3960416615009308,0.2389841377735138,0.9994322657585144
1662,55400,RIGHT_INDEX,0.4672214388847351,0.2191152423620224,0.6979264616966248,0.07016977667808533,0.9992724061012268
1662,55400,LEFT_THUMB,0.43047454953193665,0.44418951869010925,0.3925374448299408,0.23131129145622253,0.9995033740997314
1662,55400,RIGHT_THUMB,0.4626580774784088,0.23579566180706024,0.6569858193397522,0.06814730167388916,0.9994831085205078
1662,55400,LEFT_HIP,0.505042552947998,0.5095518231391907,-0.08098366111516953,0.999916672706604,1.0
1662,55400,RIGHT_HIP,0.5824154019355774,0.4637528359889984,0.08094190061092377,0.9998510479927063,0.9999994039535522
1662,55400,LEFT_KNEE,0.49604713916778564,0.6767488121986389,-0.018281586468219757,0.9842871427536011,0.9999946355819702
1662,55400,RIGHT_KNEE,0.6095343232154846,0.4790199398994446,0.6610075235366821,0.9683863520622253,0.9997578263282776
1662,55400,LEFT_ANKLE,0.49547362327575684,0.8560506105422974,0.0633954107761383,0.993626594543457,0.9998884201049805
1662,55400,RIGHT_ANKLE,0.6707749962806702,0.5284677743911743,1.0976377725601196,0.9609547257423401,0.9997946619987488
1662,55400,LEFT_HEEL,0.5097512006759644,0.8799627423286438,0.06295421719551086,0.9939283132553101,0.9997158646583557
1662,55400,RIGHT_HEEL,0.6837844252586365,0.5427314043045044,1.147415041923523,0.9681505560874939,0.9998581409454346
1662,55400,LEFT_FOOT_INDEX,0.45471522212028503,0.8776894211769104,0.04559967666864395,0.9570130109786987,0.9991052746772766
1662,55400,RIGHT_FOOT_INDEX,0.6789021492004395,0.5345720052719116,1.2036569118499756,0.6711615324020386,0.9997819066047668
1663,55433,NOSE,0.424380898475647,0.21352329850196838,0.2496161162853241,0.9994925260543823,0.9999693632125854
1663,55433,LEFT_EYE_INNER,0.41421985626220703,0.20514068007469177,0.196912482380867,0.9995333552360535,0.9999721050262451
1663,55433,LEFT_EYE,0.4096188545227051,0.20691783726215363,0.1969163417816162,0.9995843768119812,0.9999754428863525
1663,55433,LEFT_EYE_OUTER,0.40499264001846313,0.20879949629306793,0.19686995446681976,0.9996474981307983,0.9999772310256958
1663,55433,RIGHT_EYE_INNER,0.42824485898017883,0.20041143894195557,0.2006402313709259,0.9994728565216064,0.9999561309814453
1663,55433,RIGHT_EYE,0.43305036425590515,0.19879943132400513,0.20066504180431366,0.9994425177574158,0.9999481439590454
1663,55433,RIGHT_EYE_OUTER,0.4378241002559662,0.19719527661800385,0.20067329704761505,0.999414324760437,0.9999395608901978
1663,55433,LEFT_EAR,0.3949261009693146,0.22030653059482574,0.03248312696814537,0.9995480179786682,0.9999909400939941
1663,55433,RIGHT_EAR,0.44229406118392944,0.20464923977851868,0.04511652886867523,0.999306321144104,0.9999624490737915
1663,55433,MOUTH_LEFT,0.4206378161907196,0.22664135694503784,0.20474563539028168,0.9992511868476868,0.9999836683273315
1663,55433,MOUTH_RIGHT,0.4368395209312439,0.2226971536874771,0.20709381997585297,0.9989352226257324,0.999962329864502
1663,55433,LEFT_SHOULDER,0.3575393259525299,0.3360252380371094,-0.06608345359563828,0.9997847080230713,0.9999892711639404
1663,55433,RIGHT_SHOULDER,0.5017294883728027,0.2655114233493805,0.07154430449008942,0.9985153079032898,0.9996128678321838
1663,55433,LEFT_ELBOW,0.36405354738235474,0.45052674412727356,0.11808087676763535,0.8737181425094604,0.9997698664665222
1663,55433,RIGHT_ELBOW,0.5389508008956909,0.26710987091064453,0.2933627665042877,0.24687382578849792,0.9998199343681335
1663,55433,LEFT_WRIST,0.41435524821281433,0.4509626626968384,0.4006807804107666,0.2567770481109619,0.9997816681861877
1663,55433,RIGHT_WRIST,0.4848305583000183,0.21008405089378357,0.6412860751152039,0.06497077643871307,0.9998602867126465
1663,55433,LEFT_PINKY,0.4183715283870697,0.45697230100631714,0.4163867235183716,0.23853154480457306,0.999657154083252
1663,55433,RIGHT_PINKY,0.475348562002182,0.1947445571422577,0.6869825124740601,0.07785618305206299,0.9997304081916809
1663,55433,LEFT_INDEX,0.42383870482444763,0.4503006935119629,0.4027754068374634,0.23397859930992126,0.999779999256134
1663,55433,RIGHT_INDEX,0.4651748239994049,0.19084133207798004,0.6933174133300781,0.07926230132579803,0.9997631907463074
1663,55433,LEFT_THUMB,0.42887571454048157,0.44582509994506836,0.4045711159706116,0.22758010029792786,0.9998049139976501
1663,55433,RIGHT_THUMB,0.4665081202983856,0.20136387646198273,0.6518837809562683,0.07469101995229721,0.9998433589935303
1663,55433,LEFT_HIP,0.4951450824737549,0.5099713802337646,-0.08117866516113281,0.9999249577522278,1.0
1663,55433,RIGHT_HIP,0.5740087032318115,0.46419861912727356,0.08107832819223404,0.9998650550842285,0.9999995231628418
1663,55433,LEFT_KNEE,0.4921448528766632,0.6768201589584351,-0.019076498225331306,0.9858523607254028,0.9999967813491821
1663,55433,RIGHT_KNEE,0.6064242720603943,0.4827475845813751,0.6683499217033386,0.9697532057762146,0.9998528957366943
1663,55433,LEFT_ANKLE,0.4954249858856201,0.8535419702529907,0.032932065427303314,0.994202733039856,0.9999654293060303
1663,55433,RIGHT_ANKLE,0.6689509749412537,0.5418147444725037,1.1172839403152466,0.9613093733787537,0.9999170303344727
1663,55433,LEFT_HEEL,0.5090669393539429,0.8787051439285278,0.04175018519163132,0.9944692850112915,0.9999091625213623
1663,55433,RIGHT_HEEL,0.6804069876670837,0.5593200325965881,1.1690137386322021,0.9684612154960632,0.9999436140060425
1663,55433,LEFT_FOOT_INDEX,0.4540503919124603,0.8771511912345886,0.0014145034365355968,0.9571364521980286,0.9996975660324097
1663,55433,RIGHT_FOOT_INDEX,0.6755492091178894,0.5409812927246094,1.2264772653579712,0.6628465056419373,0.9999074935913086
1664,55467,NOSE,0.42545458674430847,0.21334218978881836,0.23560290038585663,0.9995414018630981,0.9999818801879883
1664,55467,LEFT_EYE_INNER,0.41461363434791565,0.2048625349998474,0.1845168173313141,0.9995785355567932,0.9999834299087524
1664,55467,LEFT_EYE,0.4097558856010437,0.20660819113254547,0.18450981378555298,0.9996249079704285,0.9999845027923584
1664,55467,LEFT_EYE_OUTER,0.40472981333732605,0.20847733318805695,0.18445289134979248,0.9996814131736755,0.9999849796295166
1664,55467,RIGHT_EYE_INNER,0.42886555194854736,0.20023396611213684,0.18326781690120697,0.9995243549346924,0.9999746084213257
1664,55467,RIGHT_EYE,0.4333857297897339,0.1986900120973587,0.18330901861190796,0.99949711561203,0.9999690055847168
1664,55467,RIGHT_EYE_OUTER,0.4382723867893219,0.19709047675132751,0.1833113431930542,0.9994713068008423,0.9999638795852661
1664,55467,LEFT_EAR,0.3951661288738251,0.2199452817440033,0.03364375978708267,0.9995923638343811,0.9999926090240479
1664,55467,RIGHT_EAR,0.4419906437397003,0.2043846845626831,0.024964606389403343,0.9993744492530823,0.9999738931655884
1664,55467,MOUTH_LEFT,0.42131075263023376,0.2265954464673996,0.19714100658893585,0.9993241429328918,0.9999872446060181
1664,55467,MOUTH_RIGHT,0.4382520616054535,0.22253090143203735,0.1931023895740509,0.9990387558937073,0.9999716281890869
1664,55467,LEFT_SHOULDER,0.3576746881008148,0.3359382748603821,-0.05749038979411125,0.999800443649292,0.9999865293502808
1664,55467,RIGHT_SHOULDER,0.5015209913253784,0.2660822570323944,0.05313929542899132,0.9986057281494141,0.9997383952140808
1664,55467,LEFT_ELBOW,0.36406785249710083,0.45222708582878113,0.17443081736564636,0.877960741519928,0.9997885823249817
1664,55467,RIGHT_ELBOW,0.5372975468635559,0.26224061846733093,0.27114689350128174,0.2954442799091339,0.9999392032623291
1664,55467,LEFT_WRIST,0.4128569960594177,0.4486887753009796,0.4797002673149109,0.25604522228240967,0.9998899698257446
1664,55467,RIGHT_WRIST,0.48354294896125793,0.1972702294588089,0.5909803509712219,0.08917584270238876,0.9999650716781616
1664,55467,LEFT_PINKY,0.415725439786911,0.45042672753334045,0.4939860999584198,0.2350354939699173,0.9998205304145813
1664,55467,RIGHT_PINKY,0.4740131199359894,0.18088200688362122,0.6303530931472778,0.10385499894618988,0.9999226331710815
1664,55467,LEFT_INDEX,0.4210015833377838,0.4420292377471924,0.4818797707557678,0.23009207844734192,0.9998940229415894
1664,55467,RIGHT_INDEX,0.4632050395011902,0.17777198553085327,0.6289587020874023,0.10600848495960236,0.9999276399612427
1664,55467,LEFT_THUMB,0.4253687262535095,0.4384174048900604,0.4840516746044159,0.2273615598678589,0.9999055862426758
1664,55467,RIGHT_THUMB,0.4656551480293274,0.18827883899211884,0.6011797189712524,0.09567457437515259,0.9999563694000244
1664,55467,LEFT_HIP,0.492151141166687,0.5102053284645081,-0.07875026762485504,0.9999324083328247,1.0
1664,55467,RIGHT_HIP,0.5716039538383484,0.4653433859348297,0.07866352796554565,0.9998772144317627,0.9999995231628418
1664,55467,LEFT_KNEE,0.48968589305877686,0.6769751310348511,0.02640475146472454,0.9872635006904602,0.9999969005584717
1664,55467,RIGHT_KNEE,0.595221757888794,0.48341718316078186,0.699230432510376,0.9707854390144348,0.999836802482605
1664,55467,LEFT_ANKLE,0.4943235516548157,0.8528683185577393,0.12248271703720093,0.994739830493927,0.9999821186065674
1664,55467,RIGHT_ANKLE,0.6667217016220093,0.5428741574287415,1.1959316730499268,0.9621381163597107,0.9999372959136963
1664,55467,LEFT_HEEL,0.5078447461128235,0.8786424398422241,0.14357739686965942,0.9949819445610046,0.9999536275863647
1664,55467,RIGHT_HEEL,0.6771655082702637,0.5608131885528564,1.253493070602417,0.9691795706748962,0.9999617338180542
1664,55467,LEFT_FOOT_INDEX,0.45195525884628296,0.8771223425865173,0.10355237871408463,0.9573386907577515,0.9998337030410767
1664,55467,RIGHT_FOOT_INDEX,0.6728007793426514,0.5441352725028992,1.3116834163665771,0.6581134796142578,0.9999309778213501
1665,55500,NOSE,0.42610108852386475,0.214468851685524,0.2751106321811676,0.9995798468589783,0.9999723434448242
1665,55500,LEFT_EYE_INNER,0.4159025549888611,0.20582444965839386,0.22554416954517365,0.9996136426925659,0.9999743700027466
1665,55500,LEFT_EYE,0.411159485578537,0.20746825635433197,0.22553092241287231,0.9996579885482788,0.999977707862854
1665,55500,LEFT_EYE_OUTER,0.40636584162712097,0.2092301994562149,0.22546854615211487,0.9997079968452454,0.9999791383743286
1665,55500,RIGHT_EYE_INNER,0.4294816851615906,0.20122624933719635,0.2290208339691162,0.9995651841163635,0.9999582767486572
1665,55500,RIGHT_EYE,0.43394410610198975,0.1996677964925766,0.22901809215545654,0.999541699886322,0.999950647354126
1665,55500,RIGHT_EYE_OUTER,0.43871840834617615,0.1980685591697693,0.2290053814649582,0.9995154738426208,0.9999414682388306
1665,55500,LEFT_EAR,0.3968801200389862,0.22009046375751495,0.055066801607608795,0.9996291399002075,0.9999890327453613
1665,55500,RIGHT_EAR,0.4432847797870636,0.20533178746700287,0.06673888862133026,0.9994284510612488,0.9999483823776245
1665,55500,MOUTH_LEFT,0.42230236530303955,0.2275700867176056,0.22905634343624115,0.9993853569030762,0.9999837875366211
1665,55500,MOUTH_RIGHT,0.4381602108478546,0.22361233830451965,0.23110787570476532,0.9991240501403809,0.9999607801437378
1665,55500,LEFT_SHOULDER,0.35772937536239624,0.33275946974754333,-0.06012938916683197,0.9998158812522888,0.9999868869781494
1665,55500,RIGHT_SHOULDER,0.5009048581123352,0.2662160396575928,0.08120886981487274,0.9986152052879333,0.9994751811027527
1665,55500,LEFT_ELBOW,0.35498467087745667,0.4430598318576813,0.08217091113328934,0.888640820980072,0.9999170303344727
1665,55500,RIGHT_ELBOW,0.5406361222267151,0.2548335790634155,0.26248958706855774,0.35828328132629395,0.9998786449432373
1665,55500,LEFT_WRIST,0.41219571232795715,0.44913315773010254,0.2664004862308502,0.2718232572078705,0.9999181032180786
1665,55500,RIGHT_WRIST,0.48642241954803467,0.19578461349010468,0.5435424447059631,0.11963849514722824,0.9998955726623535
1665,55500,LEFT_PINKY,0.41753050684928894,0.4525253474712372,0.2737548053264618,0.24282045662403107,0.9998754262924194
1665,55500,RIGHT_PINKY,0.47811001539230347,0.18460200726985931,0.5833724141120911,0.12817208468914032,0.9998086094856262
1665,55500,LEFT_INDEX,0.4221879839897156,0.4426792860031128,0.2641146183013916,0.23718808591365814,0.999920129776001
1665,55500,RIGHT_INDEX,0.4663051664829254,0.18349285423755646,0.582243800163269,0.13075685501098633,0.9998329877853394
1665,55500,LEFT_THUMB,0.42318299412727356,0.4405258595943451,0.27154093980789185,0.23519156873226166,0.9999254941940308
1665,55500,RIGHT_THUMB,0.46744269132614136,0.18867400288581848,0.5527588129043579,0.11621919274330139,0.9998868703842163
1665,55500,LEFT_HIP,0.48424988985061646,0.5103044509887695,-0.07927807420492172,0.9999390840530396,0.9999998807907104
1665,55500,RIGHT_HIP,0.5609056949615479,0.46735650300979614,0.07915624231100082,0.9998878836631775,0.9999988079071045
1665,55500,LEFT_KNEE,0.48636960983276367,0.6770257949829102,-0.1642887443304062,0.9885315895080566,0.9999971389770508
1665,55500,RIGHT_KNEE,0.5971068739891052,0.5161619782447815,0.5887126922607422,0.9725289344787598,0.9997960925102234
1665,55500,LEFT_ANKLE,0.493666410446167,0.852871298789978,-0.24146592617034912,0.9952247142791748,0.9999709129333496
1665,55500,RIGHT_ANKLE,0.6563361287117004,0.580345869064331,0.9619853496551514,0.9633438587188721,0.9998996257781982
1665,55500,LEFT_HEEL,0.5078191757202148,0.8787468075752258,-0.24170294404029846,0.9954349398612976,0.9999185800552368
1665,55500,RIGHT_HEEL,0.6637433171272278,0.5967167019844055,1.0028598308563232,0.9704434275627136,0.9999328851699829
1665,55500,LEFT_FOOT_INDEX,0.4519873559474945,0.8760921955108643,-0.3143934905529022,0.9591385126113892,0.9997469782829285
1665,55500,RIGHT_FOOT_INDEX,0.6657548546791077,0.6039072871208191,1.0444910526275635,0.6629441380500793,0.9999129772186279
1666,55533,NOSE,0.4262523353099823,0.2151142656803131,0.31394997239112854,0.9996150135993958,0.9999591112136841
1666,55533,LEFT_EYE_INNER,0.4164977967739105,0.2061464786529541,0.25314852595329285,0.9996450543403625,0.9999614953994751
1666,55533,LEFT_EYE,0.4118592441082001,0.20774489641189575,0.2531287968158722,0.9996874332427979,0.999964714050293
1666,55533,LEFT_EYE_OUTER,0.40708839893341064,0.20946812629699707,0.253164678812027,0.9997314810752869,0.999966025352478
1666,55533,RIGHT_EYE_INNER,0.4296608567237854,0.20153553783893585,0.253305047750473,0.9996022582054138,0.999941349029541
1666,55533,RIGHT_EYE,0.43409407138824463,0.19999563694000244,0.2533850371837616,0.9995822310447693,0.9999316930770874
1666,55533,RIGHT_EYE_OUTER,0.4390529692173004,0.19841699302196503,0.2533482313156128,0.9995561242103577,0.9999208450317383
1666,55533,LEFT_EAR,0.3977300822734833,0.22011958062648773,0.05766179412603378,0.9996618032455444,0.9999784231185913
1666,55533,RIGHT_EAR,0.4445575475692749,0.20591586828231812,0.0825815498828888,0.9994767904281616,0.9999264478683472
1666,55533,MOUTH_LEFT,0.42275509238243103,0.22817012667655945,0.2626616358757019,0.9994391798973083,0.9999672174453735
1666,55533,MOUTH_RIGHT,0.43833011388778687,0.22432675957679749,0.2611255943775177,0.9991986155509949,0.9999328851699829
1666,55533,LEFT_SHOULDER,0.35891231894493103,0.3298805356025696,-0.04474475979804993,0.9998238682746887,0.9999635219573975
1666,55533,RIGHT_SHOULDER,0.500494122505188,0.26571136713027954,0.08974564075469971,0.9986246824264526,0.9991256594657898
1666,55533,LEFT_ELBOW,0.3515891432762146,0.4330900013446808,0.1129133477807045,0.898135781288147,0.9998669624328613
1666,55533,RIGHT_ELBOW,0.5458632111549377,0.25235339999198914,0.26514706015586853,0.4143642783164978,0.9998867511749268
1666,55533,LEFT_WRIST,0.40908384323120117,0.4465639889240265,0.27781879901885986,0.28150710463523865,0.9999146461486816
1666,55533,RIGHT_WRIST,0.48549577593803406,0.1956239938735962,0.5363699197769165,0.14897064864635468,0.9999423027038574
1666,55533,LEFT_PINKY,0.41693148016929626,0.44669055938720703,0.3141326308250427,0.24725794792175293,0.9998774528503418
1666,55533,RIGHT_PINKY,0.4765532612800598,0.18079479038715363,0.5780024528503418,0.15383483469486237,0.9998918771743774
1666,55533,LEFT_INDEX,0.42086994647979736,0.4390821158885956,0.2970706522464752,0.24096453189849854,0.9999227523803711
1666,55533,RIGHT_INDEX,0.4661051034927368,0.18340237438678741,0.573719322681427,0.15670661628246307,0.9998993873596191
1666,55533,LEFT_THUMB,0.4227631092071533,0.4362800419330597,0.27511346340179443,0.240500345826149,0.9999266862869263
1666,55533,RIGHT_THUMB,0.4670104384422302,0.18771234154701233,0.5439157485961914,0.13782279193401337,0.9999350309371948
1666,55533,LEFT_HIP,0.4809882938861847,0.5104475021362305,-0.07545404881238937,0.9999449849128723,0.9999997615814209
1666,55533,RIGHT_HIP,0.5570537447929382,0.47247764468193054,0.07521741837263107,0.9998970031738281,0.9999973773956299
1666,55533,LEFT_KNEE,0.48309940099716187,0.677425742149353,-0.12230332940816879,0.9896727800369263,0.9999955892562866
1666,55533,RIGHT_KNEE,0.5974723100662231,0.5378051996231079,0.5490529537200928,0.9745193123817444,0.9997201561927795
1666,55533,LEFT_ANKLE,0.4927394688129425,0.8528491258621216,-0.2161734253168106,0.9956599473953247,0.9999676942825317
1666,55533,RIGHT_ANKLE,0.6577125191688538,0.6211444139480591,0.8463518619537354,0.9653308391571045,0.999858021736145
1666,55533,LEFT_HEEL,0.505881130695343,0.877483606338501,-0.21754848957061768,0.9958497285842896,0.9999107122421265
1666,55533,RIGHT_HEEL,0.6683106422424316,0.6432780027389526,0.8814484477043152,0.9721966981887817,0.9999029636383057
1666,55533,LEFT_FOOT_INDEX,0.4531952738761902,0.8749285340309143,-0.2775597870349884,0.9599413871765137,0.999707043170929
1666,55533,RIGHT_FOOT_INDEX,0.6624033451080322,0.6330037713050842,0.9222403764724731,0.6704156994819641,0.9998677968978882
1667,55567,NOSE,0.42617562413215637,0.21453757584095,0.3307946026325226,0.9996498227119446,0.9999837875366211
1667,55567,LEFT_EYE_INNER,0.41693028807640076,0.20525823533535004,0.269778311252594,0.9996762275695801,0.9999855756759644
1667,55567,LEFT_EYE,0.41224250197410583,0.2068079710006714,0.269746333360672,0.9997157454490662,0.9999864101409912
1667,55567,LEFT_EYE_OUTER,0.40758341550827026,0.20851513743400574,0.2698007822036743,0.9997549653053284,0.9999867677688599
1667,55567,RIGHT_EYE_INNER,0.4295167624950409,0.20066694915294647,0.26993241906166077,0.9996383786201477,0.9999783039093018
1667,55567,RIGHT_EYE,0.4337778389453888,0.19918076694011688,0.27001893520355225,0.9996208548545837,0.999974250793457
1667,55567,RIGHT_EYE_OUTER,0.438580721616745,0.19765505194664001,0.2699814438819885,0.9995959401130676,0.9999701976776123
1667,55567,LEFT_EAR,0.39815831184387207,0.21957609057426453,0.07652629166841507,0.9996929168701172,0.9999914169311523
1667,55567,RIGHT_EAR,0.444613516330719,0.2057371437549591,0.08578087389469147,0.9995235800743103,0.9999715089797974
1667,55567,MOUTH_LEFT,0.42262575030326843,0.22793756425380707,0.2796754240989685,0.9994914531707764,0.9999853372573853
1667,55567,MOUTH_RIGHT,0.43793800473213196,0.2243110090494156,0.2781481444835663,0.9992722272872925,0.999969482421875
1667,55567,LEFT_SHOULDER,0.35955190658569336,0.32907935976982117,-0.035340532660484314,0.9998349547386169,0.9999808073043823
1667,55567,RIGHT_SHOULDER,0.5000945925712585,0.26486825942993164,0.0990760549902916,0.9986574053764343,0.9995255470275879
1667,55567,LEFT_ELBOW,0.34965822100639343,0.43014711141586304,0.1308307945728302,0.9068623781204224,0.9999245405197144
1667,55567,RIGHT_ELBOW,0.5446031093597412,0.24986043572425842,0.27859067916870117,0.4625067710876465,0.9999473094940186
1667,55567,LEFT_WRIST,0.4068147838115692,0.44341203570365906,0.3606735169887543,0.29242566227912903,0.999953031539917
1667,55567,RIGHT_WRIST,0.48421502113342285,0.1991027593612671,0.5527762770652771,0.17035509645938873,0.9999709129333496
1667,55567,LEFT_PINKY,0.41315773129463196,0.443661630153656,0.38467955589294434,0.25211894512176514,0.9999334812164307
1667,55567,RIGHT_PINKY,0.47517600655555725,0.185115247964859,0.5941619873046875,0.17346203327178955,0.9999440908432007
1667,55567,LEFT_INDEX,0.4182567298412323,0.43660229444503784,0.37666672468185425,0.24512255191802979,0.9999579191207886
1667,55567,RIGHT_INDEX,0.46409928798675537,0.18795931339263916,0.5876694321632385,0.17674773931503296,0.9999468326568604
1667,55567,LEFT_THUMB,0.42238742113113403,0.43339332938194275,0.36667755246162415,0.24709856510162354,0.9999600648880005
1667,55567,RIGHT_THUMB,0.4649399220943451,0.19119979441165924,0.5591590404510498,0.154193714261055,0.9999662637710571
1667,55567,LEFT_HIP,0.47834858298301697,0.5105541944503784,-0.07591190934181213,0.9999504089355469,0.9999998807907104
1667,55567,RIGHT_HIP,0.5540333986282349,0.4744894504547119,0.0757589265704155,0.9999057650566101,0.999998927116394
1667,55567,LEFT_KNEE,0.4815109074115753,0.6773871183395386,-0.13833904266357422,0.9907009601593018,0.9999988079071045
1667,55567,RIGHT_KNEE,0.5975680947303772,0.5432634353637695,0.5608246922492981,0.9761243462562561,0.9998762607574463
1667,55567,LEFT_ANKLE,0.49250417947769165,0.8526759147644043,-0.24606268107891083,0.9960696697235107,0.9999914169311523
1667,55567,RIGHT_ANKLE,0.6574599742889404,0.6232949495315552,0.8861932754516602,0.9674040079116821,0.9999614953994751
1667,55567,LEFT_HEEL,0.5055171847343445,0.8774889707565308,-0.24850958585739136,0.9962351322174072,0.9999750852584839
1667,55567,RIGHT_HEEL,0.6691433191299438,0.6455320715904236,0.9235720634460449,0.9739305377006531,0.9999754428863525
1667,55567,LEFT_FOOT_INDEX,0.45318517088890076,0.8751204013824463,-0.32610276341438293,0.96207195520401,0.9999099969863892
1667,55567,RIGHT_FOOT_INDEX,0.6618131399154663,0.6365307569503784,0.9632687568664551,0.6834421157836914,0.9999620914459229
1668,55600,NOSE,0.4279521703720093,0.21377475559711456,0.3031991422176361,0.99964439868927,0.9999650716781616
1668,55600,LEFT_EYE_INNER,0.41925403475761414,0.20412909984588623,0.23620003461837769,0.9996687173843384,0.9999637603759766
1668,55600,LEFT_EYE,0.41423121094703674,0.205520898103714,0.23618356883525848,0.9997166395187378,0.9999675750732422
1668,55600,LEFT_EYE_OUTER,0.40952223539352417,0.20707198977470398,0.23621471226215363,0.9997473955154419,0.9999685287475586
1668,55600,RIGHT_EYE_INNER,0.43252602219581604,0.1998407393693924,0.23913739621639252,0.9996280670166016,0.9999430179595947
1668,55600,RIGHT_EYE,0.43709126114845276,0.19849726557731628,0.23918254673480988,0.9996209144592285,0.9999330043792725
1668,55600,RIGHT_EYE_OUTER,0.442344605922699,0.19707262516021729,0.23909440636634827,0.9995802044868469,0.9999161958694458
1668,55600,LEFT_EAR,0.39977002143859863,0.218218594789505,0.025552166625857353,0.9996964335441589,0.9999798536300659
1668,55600,RIGHT_EAR,0.4481205940246582,0.2056000977754593,0.03833780065178871,0.9995115399360657,0.9999136924743652
1668,55600,MOUTH_LEFT,0.4240477979183197,0.22726798057556152,0.24291573464870453,0.9995019435882568,0.9999723434448242
1668,55600,MOUTH_RIGHT,0.4398139715194702,0.22412385046482086,0.24491673707962036,0.9992757439613342,0.9999423027038574
1668,55600,LEFT_SHOULDER,0.3590198755264282,0.3262287378311157,-0.07225940376520157,0.9998298287391663,0.999937891960144
1668,55600,RIGHT_SHOULDER,0.5011781454086304,0.26527005434036255,0.0054258969612419605,0.9984868168830872,0.9987818598747253
1668,55600,LEFT_ELBOW,0.34360361099243164,0.4331083595752716,0.07243235409259796,0.9146138429641724,0.9998095631599426
1668,55600,RIGHT_ELBOW,0.5484275817871094,0.24875517189502716,0.14532840251922607,0.5117401480674744,0.9996998310089111
1668,55600,LEFT_WRIST,0.40489181876182556,0.44385263323783875,0.2621614933013916,0.29772141575813293,0.9998667240142822
1668,55600,RIGHT_WRIST,0.49043041467666626,0.1876298040151596,0.3613560199737549,0.21478047966957092,0.9997957348823547
1668,55600,LEFT_PINKY,0.4135526120662689,0.44599729776382446,0.27953657507896423,0.2518964111804962,0.9998180270195007
1668,55600,RIGHT_PINKY,0.4827919900417328,0.17243389785289764,0.39264410734176636,0.20833392441272736,0.9996711015701294
1668,55600,LEFT_INDEX,0.4196945130825043,0.43864408135414124,0.26689475774765015,0.24509546160697937,0.99986732006073
1668,55600,RIGHT_INDEX,0.46919023990631104,0.17192772030830383,0.3779972493648529,0.21277578175067902,0.9997177720069885
1668,55600,LEFT_THUMB,0.42123207449913025,0.4351585805416107,0.2663436233997345,0.24868011474609375,0.9998700618743896
1668,55600,RIGHT_THUMB,0.4675152003765106,0.17808404564857483,0.3633275628089905,0.187154620885849,0.9997977614402771
1668,55600,LEFT_HIP,0.4620046615600586,0.5135266184806824,-0.0569269023835659,0.9999545216560364,0.9999985694885254
1668,55600,RIGHT_HIP,0.5417379140853882,0.4844854176044464,0.056581899523735046,0.9999073147773743,0.9999903440475464
1668,55600,LEFT_KNEE,0.4750470817089081,0.6793556809425354,-0.1041906550526619,0.9915842413902283,0.9999860525131226
1668,55600,RIGHT_KNEE,0.5823270678520203,0.5690219402313232,0.3909752070903778,0.9740882515907288,0.999607503414154
1668,55600,LEFT_ANKLE,0.49164947867393494,0.8526967167854309,-0.19391386210918427,0.9963066577911377,0.9999281167984009
1668,55600,RIGHT_ANKLE,0.6230238676071167,0.6696608662605286,0.5642950534820557,0.9665589928627014,0.999758780002594
1668,55600,LEFT_HEEL,0.5043385624885559,0.8780372142791748,-0.19969306886196136,0.9964649677276611,0.9997915625572205
1668,55600,RIGHT_HEEL,0.6271154880523682,0.6884133815765381,0.5829374194145203,0.973534882068634,0.9997667670249939
1668,55600,LEFT_FOOT_INDEX,0.457201212644577,0.8736860752105713,-0.25443533062934875,0.9612804651260376,0.9995716214179993
1668,55600,RIGHT_FOOT_INDEX,0.6311107873916626,0.7068002223968506,0.6057128310203552,0.6910308599472046,0.9997778534889221
1669,55633,NOSE,0.4298722445964813,0.2120685875415802,0.28451284766197205,0.9996582865715027,0.9999722242355347
1669,55633,LEFT_EYE_INNER,0.42158862948417664,0.2020070105791092,0.22038963437080383,0.9996779561042786,0.9999730587005615
1669,55633,LEFT_EYE,0.41664791107177734,0.20341059565544128,0.22032660245895386,0.9997267723083496,0.9999741315841675
1669,55633,LEFT_EYE_OUTER,0.41192084550857544,0.20491959154605865,0.2203463315963745,0.9997518658638,0.9999736547470093
1669,55633,RIGHT_EYE_INNER,0.4350649118423462,0.1978899985551834,0.21939565241336823,0.9996418952941895,0.9999635219573975
1669,55633,RIGHT_EYE,0.43978098034858704,0.19662196934223175,0.21942348778247833,0.9996392130851746,0.9999576807022095
1669,55633,RIGHT_EYE_OUTER,0.44502896070480347,0.19529208540916443,0.21929921209812164,0.9995942711830139,0.9999498128890991
1669,55633,LEFT_EAR,0.4017130136489868,0.2159627079963684,0.023204898461699486,0.9997051954269409,0.9999821186065674
1669,55633,RIGHT_EAR,0.4508129060268402,0.20384100079536438,0.015488656237721443,0.999525785446167,0.9999517202377319
1669,55633,MOUTH_LEFT,0.4258211851119995,0.22596284747123718,0.22856977581977844,0.9995207786560059,0.9999674558639526
1669,55633,MOUTH_RIGHT,0.44118744134902954,0.2228967398405075,0.22506651282310486,0.9992972612380981,0.9999436140060425
1669,55633,LEFT_SHOULDER,0.35944050550460815,0.32386356592178345,-0.07426566630601883,0.9998160600662231,0.9999072551727295
1669,55633,RIGHT_SHOULDER,0.5017129182815552,0.26536551117897034,-0.013185343705117702,0.9983624219894409,0.9989073276519775
1669,55633,LEFT_ELBOW,0.34325677156448364,0.4319354295730591,0.08184914290904999,0.9206257462501526,0.9997327923774719
1669,55633,RIGHT_ELBOW,0.5526744723320007,0.25497666001319885,0.14550618827342987,0.5521396994590759,0.9997641444206238
1669,55633,LEFT_WRIST,0.39256545901298523,0.4421626329421997,0.31006914377212524,0.30327075719833374,0.9998396635055542
1669,55633,RIGHT_WRIST,0.4983198642730713,0.1926654726266861,0.4087899625301361,0.24570782482624054,0.9998959302902222
1669,55633,LEFT_PINKY,0.4016042947769165,0.44367390871047974,0.3223904073238373,0.2526381015777588,0.9997898936271667
1669,55633,RIGHT_PINKY,0.48708122968673706,0.17565114796161652,0.4493398666381836,0.2346303015947342,0.9998286962509155
1669,55633,LEFT_INDEX,0.4064222276210785,0.436820924282074,0.3160346746444702,0.24608415365219116,0.9998509883880615
1669,55633,RIGHT_INDEX,0.4754202365875244,0.17705859243869781,0.43482935428619385,0.23984210193157196,0.9998459815979004
1669,55633,LEFT_THUMB,0.4071801006793976,0.4329772889614105,0.31584903597831726,0.2518039345741272,0.9998505115509033
1669,55633,RIGHT_THUMB,0.4743184745311737,0.18143786489963531,0.4118730425834656,0.21124359965324402,0.9998936653137207
1669,55633,LEFT_HIP,0.46111416816711426,0.5139766335487366,-0.05361710861325264,0.9999577403068542,0.9999988079071045
1669,55633,RIGHT_HIP,0.5399062633514404,0.4887555241584778,0.05322623997926712,0.9999028444290161,0.9999908208847046
1669,55633,LEFT_KNEE,0.4727467894554138,0.6795703172683716,-0.09296011179685593,0.992378294467926,0.9999912977218628
1669,55633,RIGHT_KNEE,0.5700244903564453,0.5697608590126038,0.40510648488998413,0.9721185564994812,0.999687671661377
1669,55633,LEFT_ANKLE,0.49094143509864807,0.8526999950408936,-0.2094525247812271,0.9965384006500244,0.999970555305481
1669,55633,RIGHT_ANKLE,0.6206644177436829,0.6782938241958618,0.5738951563835144,0.9662333130836487,0.999900221824646
1669,55633,LEFT_HEEL,0.5038504600524902,0.8779637813568115,-0.21768532693386078,0.9966903328895569,0.9999175071716309
1669,55633,RIGHT_HEEL,0.6256511211395264,0.6928026676177979,0.593235433101654,0.9733858704566956,0.9999146461486816
1669,55633,LEFT_FOOT_INDEX,0.4578893780708313,0.8725128769874573,-0.2776956856250763,0.9612575173377991,0.9998059868812561
1669,55633,RIGHT_FOOT_INDEX,0.6239904761314392,0.703742504119873,0.616341769695282,0.7022555470466614,0.9998989105224609
1670,55667,NOSE,0.4289064407348633,0.21221120655536652,0.2872633934020996,0.999678373336792,0.9999717473983765
1670,55667,LEFT_EYE_INNER,0.42067375779151917,0.202026829123497,0.22441451251506805,0.9996954798698425,0.9999740123748779
1670,55667,LEFT_EYE,0.41591018438339233,0.2034740149974823,0.2243625819683075,0.9997422695159912,0.9999752044677734
1670,55667,LEFT_EYE_OUTER,0.4110207259654999,0.20505701005458832,0.22437727451324463,0.9997639656066895,0.9999746084213257
1670,55667,RIGHT_EYE_INNER,0.4339914917945862,0.19788970053195953,0.22338052093982697,0.9996622204780579,0.9999639987945557
1670,55667,RIGHT_EYE,0.438626229763031,0.19662190973758698,0.22340600192546844,0.9996620416641235,0.9999586343765259
1670,55667,RIGHT_EYE_OUTER,0.44386738538742065,0.19529709219932556,0.22328869998455048,0.999616801738739,0.9999499320983887
1670,55667,LEFT_EAR,0.40100720524787903,0.216211199760437,0.028911283239722252,0.9997215270996094,0.9999825954437256
1670,55667,RIGHT_EAR,0.45026084780693054,0.20381587743759155,0.019514145329594612,0.999549150466919,0.9999525547027588
1670,55667,MOUTH_LEFT,0.4247745871543884,0.2261366844177246,0.23197707533836365,0.999547004699707,0.9999692440032959
1670,55667,MOUTH_RIGHT,0.44013991951942444,0.22308607399463654,0.22828800976276398,0.9993304014205933,0.9999480247497559
1670,55667,LEFT_SHOULDER,0.35947731137275696,0.3242550492286682,-0.06741801649332047,0.9997986555099487,0.9998914003372192
1670,55667,RIGHT_SHOULDER,0.5017697811126709,0.26561272144317627,-0.017766084522008896,0.9982954859733582,0.9988783001899719
1670,55667,LEFT_ELBOW,0.34249943494796753,0.4321291744709015,0.10826228559017181,0.926163911819458,0.9997074007987976
1670,55667,RIGHT_ELBOW,0.5548673272132874,0.2537088096141815,0.13074123859405518,0.5897830128669739,0.9997289776802063
1670,55667,LEFT_WRIST,0.3912632167339325,0.44062119722366333,0.35677993297576904,0.3022814989089966,0.9998689889907837
1670,55667,RIGHT_WRIST,0.49663758277893066,0.18834929168224335,0.3797260820865631,0.27859801054000854,0.9998699426651001
1670,55667,LEFT_PINKY,0.40164658427238464,0.4423017203807831,0.3856465518474579,0.24872876703739166,0.999828577041626
1670,55667,RIGHT_PINKY,0.4859311580657959,0.17160727083683014,0.41945770382881165,0.2613791823387146,0.9997816681861877
1670,55667,LEFT_INDEX,0.4065476953983307,0.43596938252449036,0.3757901191711426,0.24250701069831848,0.9998760223388672
1670,55667,RIGHT_INDEX,0.47310084104537964,0.16919459402561188,0.4035789668560028,0.2673584818840027,0.9998055100440979
1670,55667,LEFT_THUMB,0.40597325563430786,0.431418240070343,0.362583726644516,0.25051409006118774,0.9998776912689209
1670,55667,RIGHT_THUMB,0.4732283055782318,0.17748507857322693,0.3820435106754303,0.23589003086090088,0.9998654127120972
1670,55667,LEFT_HIP,0.4614201486110687,0.5148077011108398,-0.04667764529585838,0.9999607801437378,0.9999985694885254
1670,55667,RIGHT_HIP,0.5398833155632019,0.49135032296180725,0.046218082308769226,0.999901533126831,0.9999891519546509
1670,55667,LEFT_KNEE,0.4719514548778534,0.6802049875259399,-0.0866997018456459,0.9931035041809082,0.9999885559082031
1670,55667,RIGHT_KNEE,0.5709015130996704,0.5729758739471436,0.3805614113807678,0.9713131785392761,0.9995884299278259
1670,55667,LEFT_ANKLE,0.4902907907962799,0.8526883125305176,-0.2122567594051361,0.9967440962791443,0.9999605417251587
1670,55667,RIGHT_ANKLE,0.6217016577720642,0.6805819272994995,0.5216796398162842,0.9661765098571777,0.9998345375061035
1670,55667,LEFT_HEEL,0.5030202865600586,0.87798672914505,-0.22121432423591614,0.9968822002410889,0.9998914003372192
1670,55667,RIGHT_HEEL,0.6264941096305847,0.6956389546394348,0.5389258861541748,0.9733229875564575,0.9998612403869629
1670,55667,LEFT_FOOT_INDEX,0.4582478106021881,0.8717470169067383,-0.27369949221611023,0.9609236121177673,0.9997527003288269
1670,55667,RIGHT_FOOT_INDEX,0.6245976090431213,0.706484317779541,0.5664201378822327,0.7130343317985535,0.999848484992981
1671,55700,NOSE,0.4296110272407532,0.21240128576755524,0.27520015835762024,0.9996863007545471,0.9999769926071167
1671,55700,LEFT_EYE_INNER,0.42130324244499207,0.20219112932682037,0.2157897800207138,0.9997003078460693,0.9999772310256958
1671,55700,LEFT_EYE,0.4164174497127533,0.20361019670963287,0.21577975153923035,0.9997491836547852,0.9999786615371704
1671,55700,LEFT_EYE_OUTER,0.4115196168422699,0.2051335722208023,0.215816468000412,0.99976646900177,0.9999788999557495
1671,55700,RIGHT_EYE_INNER,0.4349920153617859,0.1980995535850525,0.20823435485363007,0.9996708035469055,0.9999665021896362
1671,55700,RIGHT_EYE,0.43985700607299805,0.19684793055057526,0.20820651948451996,0.9996746182441711,0.9999593496322632
1671,55700,RIGHT_EYE_OUTER,0.4452403783798218,0.1955237090587616,0.20809651911258698,0.999623715877533,0.9999486207962036
1671,55700,LEFT_EAR,0.40161457657814026,0.2163483053445816,0.03168836608529091,0.999725878238678,0.9999866485595703
1671,55700,RIGHT_EAR,0.45202571153640747,0.20400312542915344,-0.00602796720340848,0.9995585083961487,0.9999480247497559
1671,55700,MOUTH_LEFT,0.4252517521381378,0.2262973040342331,0.22439756989479065,0.9995408654212952,0.9999750852584839
1671,55700,MOUTH_RIGHT,0.44123467803001404,0.22323936223983765,0.21283942461013794,0.9993089437484741,0.9999504089355469
1671,55700,LEFT_SHOULDER,0.3594440817832947,0.32218122482299805,-0.02331584133207798,0.99979567527771,0.9999374151229858
1671,55700,RIGHT_SHOULDER,0.501831591129303,0.26597505807876587,-0.08208931237459183,0.9982935190200806,0.9989263415336609
1671,55700,LEFT_ELBOW,0.33775824308395386,0.430367648601532,0.16865092515945435,0.931257426738739,0.9998540878295898
1671,55700,RIGHT_ELBOW,0.5585376024246216,0.2591792941093445,0.08721866458654404,0.6278539299964905,0.9996638298034668
1671,55700,LEFT_WRIST,0.39028429985046387,0.4407808482646942,0.4155477285385132,0.30535194277763367,0.999916672706604
1671,55700,RIGHT_WRIST,0.5087090134620667,0.19786076247692108,0.4137381613254547,0.3124491274356842,0.9998348951339722
1671,55700,LEFT_PINKY,0.40036919713020325,0.4400545060634613,0.457609623670578,0.24768894910812378,0.9998778104782104
1671,55700,RIGHT_PINKY,0.5002403855323792,0.17835409939289093,0.4593852758407593,0.2877383828163147,0.9997487664222717
1671,55700,LEFT_INDEX,0.40562891960144043,0.43588536977767944,0.43916982412338257,0.24214769899845123,0.9999077320098877
1671,55700,RIGHT_INDEX,0.48637354373931885,0.175367534160614,0.4536725878715515,0.2949928045272827,0.9997770190238953
1671,55700,LEFT_THUMB,0.4053162932395935,0.4320259690284729,0.4188048243522644,0.25092625617980957,0.9999121427536011
1671,55700,RIGHT_THUMB,0.48651716113090515,0.18546313047409058,0.4223623275756836,0.2610442340373993,0.9998400211334229
1671,55700,LEFT_HIP,0.45184165239334106,0.5151286721229553,0.026137065142393112,0.9999628663063049,0.9999967813491821
1671,55700,RIGHT_HIP,0.532494306564331,0.4942423403263092,-0.02682114951312542,0.9999013543128967,0.9999806880950928
1671,55700,LEFT_KNEE,0.4654408395290375,0.679478108882904,0.01721295155584812,0.9936346411705017,0.9999865293502808
1671,55700,RIGHT_KNEE,0.5673288702964783,0.5866601467132568,0.1677415817975998,0.9728434085845947,0.999771773815155
1671,55700,LEFT_ANKLE,0.4889514148235321,0.8510330319404602,-0.207061767578125,0.9968493580818176,0.9999692440032959
1671,55700,RIGHT_ANKLE,0.5846807956695557,0.7106282114982605,0.16669447720050812,0.9685359597206116,0.9999186992645264
1671,55700,LEFT_HEEL,0.49887216091156006,0.8773720860481262,-0.18482165038585663,0.9970423579216003,0.9999130964279175
1671,55700,RIGHT_HEEL,0.5790789723396301,0.7197787761688232,0.1703239232301712,0.9749963283538818,0.9999165534973145
1671,55700,LEFT_FOOT_INDEX,0.46992990374565125,0.8712127804756165,-0.2631555199623108,0.9610308408737183,0.9997937083244324
1671,55700,RIGHT_FOOT_INDEX,0.5978085398674011,0.7713436484336853,0.18489879369735718,0.7354484796524048,0.999879002571106
1672,55733,NOSE,0.42991095781326294,0.21112817525863647,0.2567538917064667,0.9996981620788574,0.9999499320983887
1672,55733,LEFT_EYE_INNER,0.42165476083755493,0.20089486241340637,0.19624410569667816,0.9997061491012573,0.9999526739120483
1672,55733,LEFT_EYE,0.4167644679546356,0.2022867351770401,0.19622007012367249,0.9997555613517761,0.9999547004699707
1672,55733,LEFT_EYE_OUTER,0.41155269742012024,0.2038268744945526,0.19625897705554962,0.9997690320014954,0.9999532699584961
1672,55733,RIGHT_EYE_INNER,0.4356769025325775,0.19702363014221191,0.18914100527763367,0.9996810555458069,0.9999347925186157
1672,55733,RIGHT_EYE,0.4405559301376343,0.19591271877288818,0.18912822008132935,0.9996877908706665,0.9999241828918457
1672,55733,RIGHT_EYE_OUTER,0.4461511969566345,0.19468405842781067,0.1889864057302475,0.9996339082717896,0.9999065399169922
1672,55733,LEFT_EAR,0.40149983763694763,0.21553099155426025,0.013252273201942444,0.9997280240058899,0.9999656677246094
1672,55733,RIGHT_EAR,0.4532296657562256,0.20332694053649902,-0.023290790617465973,0.9995664954185486,0.9999014139175415
1672,55733,MOUTH_LEFT,0.4255129098892212,0.2255636304616928,0.20679360628128052,0.9995422959327698,0.9999383687973022
1672,55733,MOUTH_RIGHT,0.4414157569408417,0.22250603139400482,0.19525660574436188,0.9993053674697876,0.9998904466629028
1672,55733,LEFT_SHOULDER,0.35944700241088867,0.32088908553123474,-0.028585726395249367,0.9997546076774597,0.9997580647468567
1672,55733,RIGHT_SHOULDER,0.5019730925559998,0.26626384258270264,-0.0879630595445633,0.9981438517570496,0.9974306225776672
1672,55733,LEFT_ELBOW,0.33829718828201294,0.43156698346138,0.15504580736160278,0.9340637922286987,0.9995077848434448
1672,55733,RIGHT_ELBOW,0.5610274076461792,0.261922687292099,0.06604304909706116,0.6592074632644653,0.9994015693664551
1672,55733,LEFT_WRIST,0.38987383246421814,0.4393741488456726,0.40759894251823425,0.29950863122940063,0.9998037219047546
1672,55733,RIGHT_WRIST,0.509952962398529,0.19457121193408966,0.3517627716064453,0.3436359465122223,0.9997559189796448
1672,55733,LEFT_PINKY,0.40006253123283386,0.43872952461242676,0.44377171993255615,0.24181023240089417,0.9997448325157166
1672,55733,RIGHT_PINKY,0.5025598406791687,0.1749488115310669,0.39336973428726196,0.31524670124053955,0.9996401071548462
1672,55733,LEFT_INDEX,0.4052114486694336,0.43390941619873047,0.4275319576263428,0.2369275540113449,0.9998136162757874
1672,55733,RIGHT_INDEX,0.48701542615890503,0.17212527990341187,0.3822934925556183,0.32370153069496155,0.99967360496521
1672,55733,LEFT_THUMB,0.4048571288585663,0.43087631464004517,0.41138023138046265,0.24769411981105804,0.9998098015785217
1672,55733,RIGHT_THUMB,0.4871298372745514,0.18145567178726196,0.3575630784034729,0.2862916886806488,0.9997679591178894
1672,55733,LEFT_HIP,0.45121103525161743,0.5153405070304871,0.008369932882487774,0.999962329864502,0.9999922513961792
1672,55733,RIGHT_HIP,0.530856192111969,0.49632081389427185,-0.008869819343090057,0.9998844861984253,0.9999549388885498
1672,55733,LEFT_KNEE,0.46341872215270996,0.6788080930709839,-0.013850904069840908,0.9941716194152832,0.9999759197235107
1672,55733,RIGHT_KNEE,0.5684587955474854,0.5891484022140503,0.23863175511360168,0.972828209400177,0.999489426612854
1672,55733,LEFT_ANKLE,0.4886064827442169,0.8514140844345093,-0.1862979233264923,0.9969379901885986,0.9999500513076782
1672,55733,RIGHT_ANKLE,0.5823845863342285,0.7114576101303101,0.3094782829284668,0.9695163369178772,0.999832034111023
1672,55733,LEFT_HEEL,0.49852675199508667,0.8774378895759583,-0.19014722108840942,0.9971867203712463,0.9998619556427002
1672,55733,RIGHT_HEEL,0.5760000348091125,0.7201681733131409,0.31985074281692505,0.9757165312767029,0.9998464584350586
1672,55733,LEFT_FOOT_INDEX,0.4690689444541931,0.8711245059967041,-0.24208907783031464,0.9599902033805847,0.9997090697288513
1672,55733,RIGHT_FOOT_INDEX,0.5880678296089172,0.7439639568328857,0.33821848034858704,0.7493910193443298,0.9998233914375305
1673,55767,NOSE,0.42981579899787903,0.21125411987304688,0.2695758640766144,0.9997027516365051,0.9999608993530273
1673,55767,LEFT_EYE_INNER,0.4219970405101776,0.20114415884017944,0.20910699665546417,0.9997084736824036,0.9999616146087646
1673,55767,LEFT_EYE,0.41734540462493896,0.20248377323150635,0.20905551314353943,0.9997572302818298,0.9999626874923706
1673,55767,LEFT_EYE_OUTER,0.4123798906803131,0.20395155251026154,0.20906008780002594,0.999768078327179,0.999962329864502
1673,55767,RIGHT_EYE_INNER,0.435245543718338,0.1972484588623047,0.20567142963409424,0.9996878504753113,0.9999489784240723
1673,55767,RIGHT_EYE,0.43995460867881775,0.1961013227701187,0.20565034449100494,0.9996973872184753,0.9999401569366455
1673,55767,RIGHT_EYE_OUTER,0.4453490674495697,0.19483253359794617,0.2055351287126541,0.9996433258056641,0.9999266862869263
1673,55767,LEFT_EAR,0.402870237827301,0.21534670889377594,0.03259396180510521,0.9997279047966003,0.9999756813049316
1673,55767,RIGHT_EAR,0.45303240418434143,0.20337770879268646,-0.005058939568698406,0.9995800256729126,0.9999333620071411
1673,55767,MOUTH_LEFT,0.42572370171546936,0.2256617546081543,0.2150004357099533,0.9995246529579163,0.9999583959579468
1673,55767,MOUTH_RIGHT,0.4409275949001312,0.22276483476161957,0.21043704450130463,0.9992808103561401,0.999931812286377
1673,55767,LEFT_SHOULDER,0.3588150143623352,0.3198658227920532,0.02957320027053356,0.9997397661209106,0.9998968839645386
1673,55767,RIGHT_SHOULDER,0.5024459958076477,0.26827120780944824,-0.1014297679066658,0.9981905817985535,0.9986847043037415
1673,55767,LEFT_ELBOW,0.3379501700401306,0.42963099479675293,0.23263311386108398,0.9377690553665161,0.9996852874755859
1673,55767,RIGHT_ELBOW,0.5629801154136658,0.2648603022098541,0.06251586973667145,0.6899823546409607,0.9993634819984436
1673,55767,LEFT_WRIST,0.39072829484939575,0.43937721848487854,0.5026150941848755,0.2865161597728729,0.9998224377632141
1673,55767,RIGHT_WRIST,0.5141878724098206,0.20086026191711426,0.40153631567955017,0.3537135422229767,0.9997597336769104
1673,55767,LEFT_PINKY,0.40264227986335754,0.4368630051612854,0.5552253127098083,0.2290164977312088,0.9997531771659851
1673,55767,RIGHT_PINKY,0.502928614616394,0.17788299918174744,0.44750717282295227,0.3197704553604126,0.9996682405471802
1673,55767,LEFT_INDEX,0.4089454114437103,0.43292510509490967,0.538227379322052,0.22449763119220734,0.999808132648468
1673,55767,RIGHT_INDEX,0.4903348684310913,0.18067650496959686,0.44247928261756897,0.3288339674472809,0.999702513217926
1673,55767,LEFT_THUMB,0.4079877734184265,0.4304649233818054,0.506223201751709,0.23584875464439392,0.9998202919960022
1673,55767,RIGHT_THUMB,0.49035072326660156,0.18478919565677643,0.41086694598197937,0.2903191149234772,0.9997780919075012
1673,55767,LEFT_HIP,0.4407752752304077,0.5174227952957153,0.061507564038038254,0.9999605417251587,0.999982476234436
1673,55767,RIGHT_HIP,0.5191805958747864,0.5014489889144897,-0.062160056084394455,0.9998743534088135,0.9999104738235474
1673,55767,LEFT_KNEE,0.4579954743385315,0.6787799000740051,0.0740039199590683,0.9944659471511841,0.9999566078186035
1673,55767,RIGHT_KNEE,0.5649744868278503,0.6099385023117065,0.03329935297369957,0.9749583005905151,0.9995150566101074
1673,55767,LEFT_ANKLE,0.4843463897705078,0.8514314889907837,-0.10364817082881927,0.996845006942749,0.9999321699142456
1673,55767,RIGHT_ANKLE,0.5486922860145569,0.7339100241661072,-0.023913951590657234,0.9720048308372498,0.9998655319213867
1673,55767,LEFT_HEEL,0.4874643385410309,0.8769561648368835,-0.11924406886100769,0.9971732497215271,0.9998233914375305
1673,55767,RIGHT_HEEL,0.5360586643218994,0.7460255026817322,-0.02452143095433712,0.9773958325386047,0.9998631477355957
1673,55767,LEFT_FOOT_INDEX,0.47962626814842224,0.8696194291114807,-0.15107771754264832,0.9580548405647278,0.9996347427368164
1673,55767,RIGHT_FOOT_INDEX,0.5477702021598816,0.7940355539321899,-0.007977335713803768,0.7710824012756348,0.9997977614402771
1674,55800,NOSE,0.43185481429100037,0.21143554151058197,0.2623271048069,0.999701976776123,0.9999587535858154
1674,55800,LEFT_EYE_INNER,0.42456769943237305,0.2012712061405182,0.20592458546161652,0.9997020363807678,0.9999592304229736
1674,55800,LEFT_EYE,0.4200725555419922,0.2025427371263504,0.2059250921010971,0.9997469782829285,0.9999592304229736
1674,55800,LEFT_EYE_OUTER,0.41518956422805786,0.20392289757728577,0.20596393942832947,0.9997563362121582,0.9999579191207886
1674,55800,RIGHT_EYE_INNER,0.437246173620224,0.19738613069057465,0.19665801525115967,0.9996849298477173,0.9999523162841797
1674,55800,RIGHT_EYE,0.441806823015213,0.19613434374332428,0.19658434391021729,0.9996957182884216,0.9999463558197021
1674,55800,RIGHT_EYE_OUTER,0.44708722829818726,0.19500978291034698,0.19648568332195282,0.9996421337127686,0.9999366998672485
1674,55800,LEFT_EAR,0.4057106077671051,0.21522782742977142,0.0349859818816185,0.9997124671936035,0.9999743700027466
1674,55800,RIGHT_EAR,0.4555113613605499,0.20370075106620789,-0.013493159785866737,0.9995850324630737,0.9999490976333618
1674,55800,MOUTH_LEFT,0.4277329444885254,0.22578084468841553,0.21493706107139587,0.9994953274726868,0.9999520778656006
1674,55800,MOUTH_RIGHT,0.44235849380493164,0.22312018275260925,0.20220156013965607,0.9992493987083435,0.9999268054962158
1674,55800,LEFT_SHOULDER,0.35886406898498535,0.31821855902671814,0.029211074113845825,0.9997372627258301,0.9998959302902222
1674,55800,RIGHT_SHOULDER,0.5066566467285156,0.2731921076774597,-0.10660142451524734,0.9982701539993286,0.9991102814674377
1674,55800,LEFT_ELBOW,0.3372376561164856,0.43007421493530273,0.2456543743610382,0.940032958984375,0.9996073842048645
1674,55800,RIGHT_ELBOW,0.5645571947097778,0.26789531111717224,0.07837322354316711,0.7141575813293457,0.9995399713516235
1674,55800,LEFT_WRIST,0.38966721296310425,0.43972909450531006,0.5257748365402222,0.2862918972969055,0.9998363256454468
1674,55800,RIGHT_WRIST,0.5110843777656555,0.20501671731472015,0.4357600808143616,0.3675290048122406,0.9998331069946289
1674,55800,LEFT_PINKY,0.4026298224925995,0.4376085698604584,0.5801573991775513,0.22753159701824188,0.9997730851173401
1674,55800,RIGHT_PINKY,0.5003461837768555,0.18546733260154724,0.492791086435318,0.3312571346759796,0.9997269511222839
1674,55800,LEFT_INDEX,0.40869787335395813,0.4334908127784729,0.5610490441322327,0.22403018176555634,0.9998077750205994
1674,55800,RIGHT_INDEX,0.48713254928588867,0.1858917772769928,0.4894862174987793,0.3416609466075897,0.9997414946556091
1674,55800,LEFT_THUMB,0.4078935980796814,0.43089914321899414,0.5288243889808655,0.23565052449703217,0.9998319149017334
1674,55800,RIGHT_THUMB,0.48728811740875244,0.19156230986118317,0.44780126214027405,0.30255797505378723,0.9998238682746887
1674,55800,LEFT_HIP,0.43699562549591064,0.5209261775016785,0.07098188996315002,0.9999619126319885,0.9999909400939941
1674,55800,RIGHT_HIP,0.513582706451416,0.5094764828681946,-0.0718180313706398,0.9998787641525269,0.9999656677246094
1674,55800,LEFT_KNEE,0.45606130361557007,0.6790974140167236,0.18556255102157593,0.9940736293792725,0.9999523162841797
1674,55800,RIGHT_KNEE,0.5627118349075317,0.6296840310096741,0.03472882881760597,0.976088285446167,0.9996891021728516
1674,55800,LEFT_ANKLE,0.4803846776485443,0.8417719006538391,-0.012631384655833244,0.9966211915016174,0.999935507774353
1674,55800,RIGHT_ANKLE,0.5251703262329102,0.7496638894081116,-0.05228904262185097,0.9741356372833252,0.999915361404419
1674,55800,LEFT_HEEL,0.4878002405166626,0.8559378385543823,-0.02938683331012726,0.9969939589500427,0.9998605251312256
1674,55800,RIGHT_HEEL,0.5123466849327087,0.7528195381164551,-0.054629381746053696,0.9786254167556763,0.9999114274978638
1674,55800,LEFT_FOOT_INDEX,0.48498234152793884,0.8712424039840698,-0.05932961776852608,0.9585815668106079,0.9996464252471924
1674,55800,RIGHT_FOOT_INDEX,0.5310264229774475,0.8075929880142212,-0.04413577914237976,0.7918029427528381,0.999836802482605
1675,55833,NOSE,0.43294718861579895,0.21157538890838623,0.24842412769794464,0.9997113943099976,0.9999581575393677
1675,55833,LEFT_EYE_INNER,0.42575347423553467,0.2013462632894516,0.19247306883335114,0.9997060298919678,0.9999552965164185
1675,55833,LEFT_EYE,0.42108091711997986,0.20259562134742737,0.19248603284358978,0.999747097492218,0.999954342842102
1675,55833,LEFT_EYE_OUTER,0.4161980450153351,0.2039378434419632,0.19253244996070862,0.9997545480728149,0.999951958656311
1675,55833,RIGHT_EYE_INNER,0.4384367763996124,0.19748805463314056,0.1819702684879303,0.9996926188468933,0.9999505281448364
1675,55833,RIGHT_EYE,0.4429152011871338,0.1962602138519287,0.18188245594501495,0.9997047781944275,0.999945878982544
1675,55833,RIGHT_EYE_OUTER,0.44797778129577637,0.19541622698307037,0.18177960813045502,0.9996528625488281,0.9999368190765381
1675,55833,LEFT_EAR,0.40674906969070435,0.2152651995420456,0.026210565119981766,0.999709963798523,0.9999690055847168
1675,55833,RIGHT_EAR,0.45652708411216736,0.20438751578330994,-0.025814885273575783,0.999602735042572,0.9999499320983887
1675,55833,MOUTH_LEFT,0.4288676381111145,0.22589032351970673,0.20457346737384796,0.9994909167289734,0.9999481439590454
1675,55833,MOUTH_RIGHT,0.44307607412338257,0.22321924567222595,0.1894865483045578,0.9992536902427673,0.9999262094497681
1675,55833,LEFT_SHOULDER,0.358862042427063,0.31848427653312683,0.015944136306643486,0.9997320771217346,0.9998688697814941
1675,55833,RIGHT_SHOULDER,0.5079021453857422,0.27668485045433044,-0.11129177361726761,0.9983611702919006,0.999249279499054
1675,55833,LEFT_ELBOW,0.33735013008117676,0.43063998222351074,0.24069440364837646,0.9420055747032166,0.9995219707489014
1675,55833,RIGHT_ELBOW,0.5658826231956482,0.2690090835094452,0.06840413808822632,0.7360546588897705,0.9996830224990845
1675,55833,LEFT_WRIST,0.3892877399921417,0.44143784046173096,0.5311080813407898,0.2850392758846283,0.9997989535331726
1675,55833,RIGHT_WRIST,0.5088580250740051,0.20634400844573975,0.43720167875289917,0.3856808841228485,0.9998856782913208
1675,55833,LEFT_PINKY,0.4021633267402649,0.44024163484573364,0.583276093006134,0.2256406992673874,0.9997270703315735
1675,55833,RIGHT_PINKY,0.4986210763454437,0.18765948712825775,0.4898865818977356,0.34741249680519104,0.9998019337654114
1675,55833,LEFT_INDEX,0.408024400472641,0.43611180782318115,0.5649535059928894,0.2231670469045639,0.9997740387916565
1675,55833,RIGHT_INDEX,0.48541614413261414,0.18806833028793335,0.4846828281879425,0.3591182231903076,0.9998120665550232
1675,55833,LEFT_THUMB,0.407523512840271,0.4335913360118866,0.5343080163002014,0.23569144308567047,0.9997981190681458
1675,55833,RIGHT_THUMB,0.48567813634872437,0.19353808462619781,0.44701090455055237,0.3185389041900635,0.9998743534088135
1675,55833,LEFT_HIP,0.43529289960861206,0.5248417854309082,0.060848262161016464,0.9999632835388184,0.999990701675415
1675,55833,RIGHT_HIP,0.5120404958724976,0.514154851436615,-0.06169550493359566,0.9998831748962402,0.9999703168869019
1675,55833,LEFT_KNEE,0.45499876141548157,0.6845150589942932,0.20020970702171326,0.9941160678863525,0.9999445676803589
1675,55833,RIGHT_KNEE,0.5620548725128174,0.6363734602928162,0.0920611247420311,0.977242648601532,0.9996449947357178
1675,55833,LEFT_ANKLE,0.4803149700164795,0.8420844078063965,0.028366152197122574,0.9965664744377136,0.9999369382858276
1675,55833,RIGHT_ANKLE,0.5212901830673218,0.7487488985061646,0.041565947234630585,0.9761032462120056,0.9999116659164429
1675,55833,LEFT_HEEL,0.4875833988189697,0.8582132458686829,0.015332524664700031,0.9969703555107117,0.9998636245727539
1675,55833,RIGHT_HEEL,0.5088412761688232,0.7571195960044861,0.04257119074463844,0.979788064956665,0.9999111890792847
1675,55833,LEFT_FOOT_INDEX,0.48789769411087036,0.8759570121765137,-0.01081743836402893,0.9591442346572876,0.9996496438980103
1675,55833,RIGHT_FOOT_INDEX,0.5272349119186401,0.8080832362174988,0.05634354427456856,0.8101509213447571,0.9998348951339722
1676,55867,NOSE,0.4370124638080597,0.21219493448734283,0.23704858124256134,0.999718427658081,0.9999315738677979
1676,55867,LEFT_EYE_INNER,0.42970848083496094,0.20144955813884735,0.18849113583564758,0.9997132420539856,0.9999357461929321
1676,55867,LEFT_EYE,0.42502591013908386,0.20264066755771637,0.18854913115501404,0.9997465014457703,0.9999340772628784
1676,55867,LEFT_EYE_OUTER,0.4200209975242615,0.20404405891895294,0.18857897818088531,0.9997542500495911,0.9999297857284546
1676,55867,RIGHT_EYE_INNER,0.44286301732063293,0.1981121450662613,0.17196394503116608,0.9997045397758484,0.9999326467514038
1676,55867,RIGHT_EYE,0.44745486974716187,0.19711917638778687,0.1718614250421524,0.9997146129608154,0.9999253749847412
1676,55867,RIGHT_EYE_OUTER,0.45258545875549316,0.19646777212619781,0.17175425589084625,0.999666690826416,0.9999141693115234
1676,55867,LEFT_EAR,0.41023558378219604,0.21533724665641785,0.0315958708524704,0.9996985793113708,0.9999586343765259
1676,55867,RIGHT_EAR,0.45977383852005005,0.2058849185705185,-0.03172016516327858,0.9996218681335449,0.9999415874481201
1676,55867,MOUTH_LEFT,0.43268898129463196,0.22664745151996613,0.20038387179374695,0.9994832873344421,0.9999022483825684
1676,55867,MOUTH_RIGHT,0.4471939504146576,0.22472579777240753,0.17809732258319855,0.9992612600326538,0.9998801946640015
1676,55867,LEFT_SHOULDER,0.3585042953491211,0.31816041469573975,0.07229797542095184,0.999712347984314,0.9998171925544739
1676,55867,RIGHT_SHOULDER,0.5107397437095642,0.28069832921028137,-0.14356616139411926,0.998435378074646,0.9988020658493042
1676,55867,LEFT_ELBOW,0.3354209065437317,0.4289076626300812,0.3187057077884674,0.94008469581604,0.9990405440330505
1676,55867,RIGHT_ELBOW,0.5661555528640747,0.27977868914604187,0.052405670285224915,0.7581749558448792,0.9986827969551086
1676,55867,LEFT_WRIST,0.3896406590938568,0.4413234293460846,0.619479238986969,0.2693559229373932,0.9996071457862854
1676,55867,RIGHT_WRIST,0.5065866112709045,0.21204251050949097,0.45848026871681213,0.38867300748825073,0.9996840953826904
1676,55867,LEFT_PINKY,0.4023180603981018,0.4386335015296936,0.6805859804153442,0.21224698424339294,0.9994866847991943
1676,55867,RIGHT_PINKY,0.4932361841201782,0.19003789126873016,0.5132367014884949,0.3464536666870117,0.9995313882827759
1676,55867,LEFT_INDEX,0.4083347022533417,0.43405839800834656,0.6614837050437927,0.21030831336975098,0.999537467956543
1676,55867,RIGHT_INDEX,0.48288699984550476,0.19362550973892212,0.5118255019187927,0.35766392946243286,0.9995143413543701
1676,55867,LEFT_THUMB,0.4079841077327728,0.4314585328102112,0.6212600469589233,0.22272270917892456,0.9995961785316467
1676,55867,RIGHT_THUMB,0.48424404859542847,0.19762380421161652,0.4712347090244293,0.31752631068229675,0.9996569156646729
1676,55867,LEFT_HIP,0.42854923009872437,0.5274677276611328,0.10467685014009476,0.9999555945396423,0.9999452829360962
1676,55867,RIGHT_HIP,0.5027305483818054,0.5202686786651611,-0.10539347678422928,0.9998700022697449,0.9998370409011841
1676,55867,LEFT_KNEE,0.4529057443141937,0.68447345495224,0.2701122462749481,0.9806442856788635,0.9997939467430115
1676,55867,RIGHT_KNEE,0.5478586554527283,0.6654970049858093,0.029696887359023094,0.9769027233123779,0.999451220035553
1676,55867,LEFT_ANKLE,0.4793716073036194,0.830905556678772,0.15585896372795105,0.993560791015625,0.9997851252555847
1676,55867,RIGHT_ANKLE,0.4766022861003876,0.7898905873298645,-0.019701844081282616,0.9774242043495178,0.9997603297233582
1676,55867,LEFT_HEEL,0.479991614818573,0.8609638214111328,0.14472289383411407,0.9946268200874329,0.9995794892311096
1676,55867,RIGHT_HEEL,0.45670896768569946,0.8017430901527405,-0.020415259525179863,0.9800286889076233,0.9996739625930786
1676,55867,LEFT_FOOT_INDEX,0.4954652488231659,0.8812292814254761,0.1181081011891365,0.955988883972168,0.9990977048873901
1676,55867,RIGHT_FOOT_INDEX,0.48476365208625793,0.8643395900726318,-0.03362599015235901,0.8267590403556824,0.9995025396347046
1677,55900,NOSE,0.4371420741081238,0.21238791942596436,0.24144284427165985,0.9997330904006958,0.9999630451202393
1677,55900,LEFT_EYE_INNER,0.4302433729171753,0.2015344798564911,0.1930326372385025,0.9997269511222839,0.9999659061431885
1677,55900,LEFT_EYE,0.4255279004573822,0.20266900956630707,0.19309288263320923,0.9997541308403015,0.9999648332595825
1677,55900,LEFT_EYE_OUTER,0.42039406299591064,0.20409201085567474,0.19311825931072235,0.9997616410255432,0.9999624490737915
1677,55900,RIGHT_EYE_INNER,0.4434419274330139,0.19854772090911865,0.1774085909128189,0.9997212290763855,0.999963641166687
1677,55900,RIGHT_EYE,0.4479806423187256,0.19775091111660004,0.17731013894081116,0.999729573726654,0.9999592304229736
1677,55900,RIGHT_EYE_OUTER,0.45310699939727783,0.19728153944015503,0.177211731672287,0.9996852278709412,0.9999523162841797
1677,55900,LEFT_EAR,0.41022080183029175,0.21556255221366882,0.04061759263277054,0.9997020363807678,0.9999772310256958
1677,55900,RIGHT_EAR,0.46029719710350037,0.2075956016778946,-0.024348950013518333,0.9996439218521118,0.9999650716781616
1677,55900,MOUTH_LEFT,0.43251216411590576,0.22711195051670074,0.20420719683170319,0.9994937181472778,0.9999326467514038
1677,55900,MOUTH_RIGHT,0.4469338357448578,0.22550241649150848,0.1829404979944229,0.9992896914482117,0.9999151229858398
1677,55900,LEFT_SHOULDER,0.35838934779167175,0.3182271420955658,0.06760115921497345,0.9997053742408752,0.9998568296432495
1677,55900,RIGHT_SHOULDER,0.5112070441246033,0.28243884444236755,-0.12724719941616058,0.9985044002532959,0.9989351630210876
1677,55900,LEFT_ELBOW,0.3346744775772095,0.4280577301979065,0.3152673840522766,0.9412242770195007,0.9994180202484131
1677,55900,RIGHT_ELBOW,0.5658449530601501,0.2829180061817169,0.06858834624290466,0.7777185440063477,0.9991711378097534
1677,55900,LEFT_WRIST,0.38885238766670227,0.4401291608810425,0.6370344758033752,0.26206088066101074,0.9998012185096741
1677,55900,RIGHT_WRIST,0.5047422647476196,0.2178211659193039,0.48443979024887085,0.3898632824420929,0.9997960925102234
1677,55900,LEFT_PINKY,0.40180161595344543,0.43730446696281433,0.6997742056846619,0.20453183352947235,0.9997233748435974
1677,55900,RIGHT_PINKY,0.4889203906059265,0.1976991593837738,0.5426506996154785,0.3440968096256256,0.9996767044067383
1677,55900,LEFT_INDEX,0.40712490677833557,0.4322419762611389,0.6842448711395264,0.20329076051712036,0.9997497200965881
1677,55900,RIGHT_INDEX,0.48051169514656067,0.20105887949466705,0.5400487184524536,0.35488295555114746,0.9996691942214966
1677,55900,LEFT_THUMB,0.40726518630981445,0.429344117641449,0.6409533023834229,0.21539275348186493,0.9997878670692444
1677,55900,RIGHT_THUMB,0.48300087451934814,0.20333963632583618,0.496522456407547,0.3149688243865967,0.9997715353965759
1677,55900,LEFT_HIP,0.4277605414390564,0.528021514415741,0.0925682857632637,0.9999524354934692,0.999974250793457
1677,55900,RIGHT_HIP,0.501549482345581,0.52236008644104,-0.09332476556301117,0.9998640418052673,0.9999129772186279
1677,55900,LEFT_KNEE,0.451882928609848,0.6837252974510193,0.2325063794851303,0.9712419509887695,0.9998605251312256
1677,55900,RIGHT_KNEE,0.5439761281013489,0.6685377359390259,0.040332719683647156,0.9754355549812317,0.9995797276496887
1677,55900,LEFT_ANKLE,0.47974374890327454,0.8291357755661011,0.06527912616729736,0.9911000728607178,0.9998658895492554
1677,55900,RIGHT_ANKLE,0.4729700982570648,0.7966275215148926,-0.05663739889860153,0.9783086180686951,0.9998193383216858
1677,55900,LEFT_HEEL,0.47892361879348755,0.8620436191558838,0.050361037254333496,0.9931192398071289,0.9997418522834778
1677,55900,RIGHT_HEEL,0.45249590277671814,0.8067116737365723,-0.062349747866392136,0.9801393747329712,0.999764621257782
1677,55900,LEFT_FOOT_INDEX,0.4955872893333435,0.885132372379303,0.015591821633279324,0.9532889127731323,0.9993801116943359
1677,55900,RIGHT_FOOT_INDEX,0.48164573311805725,0.8710933327674866,-0.08256212621927261,0.8409267663955688,0.9996253252029419
1678,55933,NOSE,0.4402792155742645,0.2127275913953781,0.24702753126621246,0.9997300505638123,0.9999449253082275
1678,55933,LEFT_EYE_INNER,0.4334334135055542,0.2015686333179474,0.20531116425991058,0.9997211694717407,0.9999524354934692
1678,55933,LEFT_EYE,0.42854034900665283,0.20274418592453003,0.2053929716348648,0.9997403025627136,0.9999523162841797
1678,55933,LEFT_EYE_OUTER,0.4234314560890198,0.2041832059621811,0.20541968941688538,0.9997518658638,0.9999500513076782
1678,55933,RIGHT_EYE_INNER,0.4471566081047058,0.19878622889518738,0.1845037192106247,0.999719500541687,0.999947190284729
1678,55933,RIGHT_EYE,0.4520251154899597,0.19801516830921173,0.18444961309432983,0.9997254610061646,0.9999403953552246
1678,55933,RIGHT_EYE_OUTER,0.4573836028575897,0.1975441426038742,0.18437324464321136,0.9996826648712158,0.9999312162399292
1678,55933,LEFT_EAR,0.41271042823791504,0.21554052829742432,0.08745419979095459,0.9996674656867981,0.9999699592590332
1678,55933,RIGHT_EAR,0.4633539617061615,0.2077770233154297,-0.01676127500832081,0.9996436238288879,0.9999499320983887
1678,55933,MOUTH_LEFT,0.43543532490730286,0.22730128467082977,0.21674689650535583,0.9994655847549438,0.9999223947525024
1678,55933,MOUTH_RIGHT,0.4502715468406677,0.22598695755004883,0.19029389321804047,0.999267578125,0.9999037981033325
1678,55933,LEFT_SHOULDER,0.35793453454971313,0.31462520360946655,0.13407814502716064,0.9996949434280396,0.9999104738235474
1678,55933,RIGHT_SHOULDER,0.5123190879821777,0.28180286288261414,-0.14744630455970764,0.998591959476471,0.9992179870605469
1678,55933,LEFT_ELBOW,0.33209332823753357,0.42395803332328796,0.3753948509693146,0.9382117390632629,0.9995798468589783
1678,55933,RIGHT_ELBOW,0.5655106902122498,0.293653279542923,0.03256550058722496,0.7973337173461914,0.9989247918128967
1678,55933,LEFT_WRIST,0.3896920084953308,0.4400656521320343,0.6583653688430786,0.24726808071136475,0.999803364276886
1678,55933,RIGHT_WRIST,0.5040533542633057,0.23233692348003387,0.45069971680641174,0.3990182876586914,0.9997449517250061
1678,55933,LEFT_PINKY,0.40166908502578735,0.43767663836479187,0.718243420124054,0.19216006994247437,0.9997064471244812
1678,55933,RIGHT_PINKY,0.4888319671154022,0.21066978573799133,0.5000005960464478,0.3469693958759308,0.9996318817138672
1678,55933,LEFT_INDEX,0.4085959196090698,0.43281716108322144,0.6983733177185059,0.19126734137535095,0.9997228980064392
1678,55933,RIGHT_INDEX,0.4802905321121216,0.2083788514137268,0.4979453384876251,0.35705211758613586,0.9996095299720764
1678,55933,LEFT_THUMB,0.4074675738811493,0.4309829771518707,0.6584485769271851,0.20298568904399872,0.999776303768158
1678,55933,RIGHT_THUMB,0.4823797643184662,0.2165682315826416,0.46263980865478516,0.3164699077606201,0.9997231364250183
1678,55933,LEFT_HIP,0.42463579773902893,0.5281686186790466,0.13477173447608948,0.9999434947967529,0.9999405145645142
1678,55933,RIGHT_HIP,0.4977751672267914,0.5238476991653442,-0.1353687047958374,0.9998487830162048,0.9997970461845398
1678,55933,LEFT_KNEE,0.4532550871372223,0.6835554838180542,0.22281594574451447,0.9438932538032532,0.9998214840888977
1678,55933,RIGHT_KNEE,0.520535409450531,0.6758800148963928,-0.05628269538283348,0.9751635193824768,0.999578058719635
1678,55933,LEFT_ANKLE,0.47774451971054077,0.8301799893379211,0.13451284170150757,0.9858352541923523,0.9998351335525513
1678,55933,RIGHT_ANKLE,0.4392333924770355,0.8121665716171265,-0.09981706738471985,0.9793597459793091,0.9998087286949158
1678,55933,LEFT_HEEL,0.474304735660553,0.8633796572685242,0.12416072934865952,0.9889512658119202,0.9996781349182129
1678,55933,RIGHT_HEEL,0.4134212136268616,0.828205943107605,-0.10194989293813705,0.980256974697113,0.9997212290763855
1678,55933,LEFT_FOOT_INDEX,0.49803000688552856,0.8854659795761108,0.08267641067504883,0.9485335946083069,0.9994015693664551
1678,55933,RIGHT_FOOT_INDEX,0.44996437430381775,0.8694594502449036,-0.14490845799446106,0.8544889688491821,0.9996346235275269
1679,55967,NOSE,0.44212499260902405,0.2127525508403778,0.24099823832511902,0.999708890914917,0.9999147653579712
1679,55967,LEFT_EYE_INNER,0.4351833760738373,0.20164301991462708,0.2035035490989685,0.9996945261955261,0.99992835521698
1679,55967,LEFT_EYE,0.43026676774024963,0.20273210108280182,0.20356501638889313,0.9996999502182007,0.9999263286590576
1679,55967,LEFT_EYE_OUTER,0.4250310957431793,0.20400117337703705,0.20357854664325714,0.999719500541687,0.9999203681945801
1679,55967,RIGHT_EYE_INNER,0.44901973009109497,0.19881685078144073,0.17911890149116516,0.999704122543335,0.9999264478683472
1679,55967,RIGHT_EYE,0.4537140727043152,0.1980651170015335,0.17901991307735443,0.9997055530548096,0.9999189376831055
1679,55967,RIGHT_EYE_OUTER,0.4589794874191284,0.1976385861635208,0.17887593805789948,0.9996660351753235,0.999908447265625
1679,55967,LEFT_EAR,0.4135954976081848,0.21499457955360413,0.09341216087341309,0.9995775818824768,0.9999502897262573
1679,55967,RIGHT_EAR,0.46405670046806335,0.20778723061084747,-0.017870541661977768,0.999618411064148,0.9999372959136963
1679,55967,MOUTH_LEFT,0.43681976199150085,0.22735603153705597,0.21535152196884155,0.9993512034416199,0.9998726844787598
1679,55967,MOUTH_RIGHT,0.4516928791999817,0.22609660029411316,0.18358942866325378,0.9991626143455505,0.9998606443405151
1679,55967,LEFT_SHOULDER,0.3556426167488098,0.3137515187263489,0.13166338205337524,0.9996501803398132,0.9998443126678467
1679,55967,RIGHT_SHOULDER,0.512238621711731,0.2819908559322357,-0.14951235055923462,0.9986662268638611,0.9991375207901001
1679,55967,LEFT_ELBOW,0.3295055329799652,0.42298194766044617,0.37793269753456116,0.9272280931472778,0.9992623925209045
1679,55967,RIGHT_ELBOW,0.5660359859466553,0.30682432651519775,0.019598061218857765,0.8144219517707825,0.9987505674362183
1679,55967,LEFT_WRIST,0.3896870017051697,0.4386909008026123,0.6814253926277161,0.22787970304489136,0.9997110962867737
1679,55967,RIGHT_WRIST,0.5036757588386536,0.2375023365020752,0.43342307209968567,0.39948973059654236,0.999767005443573
1679,55967,LEFT_PINKY,0.4020332992076874,0.43788743019104004,0.7449826002120972,0.1768454760313034,0.9996308088302612
1679,55967,RIGHT_PINKY,0.48875758051872253,0.21542510390281677,0.48329341411590576,0.341766357421875,0.9996849298477173
1679,55967,LEFT_INDEX,0.40857452154159546,0.43254899978637695,0.7286279201507568,0.1761983186006546,0.9996440410614014
1679,55967,RIGHT_INDEX,0.47992774844169617,0.21134565770626068,0.482914000749588,0.3507028818130493,0.9996581077575684
1679,55967,LEFT_THUMB,0.4069088399410248,0.43095284700393677,0.6827925443649292,0.18741929531097412,0.9996938705444336
1679,55967,RIGHT_THUMB,0.4818674325942993,0.2211182415485382,0.4456472396850586,0.30997762084007263,0.9997537732124329
1679,55967,LEFT_HIP,0.42138588428497314,0.5282798409461975,0.1346745789051056,0.9999185800552368,0.9999086856842041
1679,55967,RIGHT_HIP,0.49248310923576355,0.5259387493133545,-0.1352301687002182,0.9998146295547485,0.9997366070747375
1679,55967,LEFT_KNEE,0.45777395367622375,0.6834360957145691,0.19512590765953064,0.9076670408248901,0.9998145699501038
1679,55967,RIGHT_KNEE,0.502448320388794,0.6844770908355713,-0.08670380711555481,0.9735355377197266,0.9996684789657593
1679,55967,LEFT_ANKLE,0.4773526191711426,0.832116425037384,0.1248951330780983,0.9765787124633789,0.9998076558113098
1679,55967,RIGHT_ANKLE,0.42794448137283325,0.8323855996131897,-0.11923246830701828,0.979533314704895,0.9997910857200623
1679,55967,LEFT_HEEL,0.4763794243335724,0.8646041750907898,0.11671416461467743,0.9816250801086426,0.9996378421783447
1679,55967,RIGHT_HEEL,0.4020043909549713,0.849341094493866,-0.12130701541900635,0.9788358211517334,0.9996656179428101
1679,55967,LEFT_FOOT_INDEX,0.5045955777168274,0.884810209274292,0.08303551375865936,0.940135657787323,0.9994322657585144
1679,55967,RIGHT_FOOT_INDEX,0.45106834173202515,0.8818860054016113,-0.16795164346694946,0.8651381134986877,0.9996089339256287
1680,56000,NOSE,0.44360437989234924,0.2125578373670578,0.24050290882587433,0.9996821880340576,0.9998915195465088
1680,56000,LEFT_EYE_INNER,0.43662968277931213,0.20135097205638885,0.20202624797821045,0.9996607303619385,0.9999090433120728
1680,56000,LEFT_EYE,0.4315504729747772,0.20233768224716187,0.20207366347312927,0.9996542930603027,0.9999063014984131
1680,56000,LEFT_EYE_OUTER,0.4263877272605896,0.20345480740070343,0.20208431780338287,0.9996805191040039,0.99989914894104
1680,56000,RIGHT_EYE_INNER,0.4506056308746338,0.19871483743190765,0.1785172075033188,0.9996833801269531,0.9999079704284668
1680,56000,RIGHT_EYE,0.45548534393310547,0.19798772037029266,0.17840522527694702,0.99968022108078,0.9998981952667236
1680,56000,RIGHT_EYE_OUTER,0.460776686668396,0.19754698872566223,0.17823679745197296,0.9996423125267029,0.9998862743377686
1680,56000,LEFT_EAR,0.414314866065979,0.2142166942358017,0.0875546932220459,0.9994816184043884,0.999937891960144
1680,56000,RIGHT_EAR,0.46528545022010803,0.20758068561553955,-0.01694650761783123,0.9995865225791931,0.9999222755432129
1680,56000,MOUTH_LEFT,0.43837276101112366,0.22705070674419403,0.21397171914577484,0.9992327094078064,0.999840259552002
1680,56000,MOUTH_RIGHT,0.4531381130218506,0.22595950961112976,0.18326318264007568,0.999039888381958,0.9998177886009216
1680,56000,LEFT_SHOULDER,0.3553595244884491,0.3116457164287567,0.12004861235618591,0.9996137022972107,0.9998328685760498
1680,56000,RIGHT_SHOULDER,0.5120286345481873,0.2816886901855469,-0.14208227396011353,0.9987137913703918,0.9988095760345459
1680,56000,LEFT_ELBOW,0.3295257091522217,0.4211272895336151,0.3628094792366028,0.9209194779396057,0.9991911053657532
1680,56000,RIGHT_ELBOW,0.5661460161209106,0.3086390793323517,0.037294454872608185,0.8281218409538269,0.9984458088874817
1680,56000,LEFT_WRIST,0.38533517718315125,0.43628790974617004,0.6665481925010681,0.21307934820652008,0.9996160268783569
1680,56000,RIGHT_WRIST,0.5035839676856995,0.23880168795585632,0.442495733499527,0.3969152569770813,0.9997032284736633
1680,56000,LEFT_PINKY,0.3946990370750427,0.4361577033996582,0.7287872433662415,0.16472044587135315,0.9994878768920898
1680,56000,RIGHT_PINKY,0.4892778694629669,0.21747121214866638,0.49567312002182007,0.335883766412735,0.9995961785316467
1680,56000,LEFT_INDEX,0.4024635851383209,0.43096739053726196,0.7124056220054626,0.16436587274074554,0.9995148181915283
1680,56000,RIGHT_INDEX,0.4805714786052704,0.21254335343837738,0.49641939997673035,0.34390684962272644,0.9995543360710144
1680,56000,LEFT_THUMB,0.3991648852825165,0.42671382427215576,0.6684439778327942,0.1750800758600235,0.9995840191841125
1680,56000,RIGHT_THUMB,0.48253101110458374,0.22292140126228333,0.4563276469707489,0.3031112253665924,0.999679446220398
1680,56000,LEFT_HIP,0.4198201596736908,0.5280293226242065,0.13045936822891235,0.9998988509178162,0.9999228715896606
1680,56000,RIGHT_HIP,0.4903993308544159,0.5255868434906006,-0.13101834058761597,0.9997825622558594,0.9997499585151672
1680,56000,LEFT_KNEE,0.4599519968032837,0.6833739876747131,0.17922013998031616,0.8716963529586792,0.999797523021698
1680,56000,RIGHT_KNEE,0.49877986311912537,0.6842337846755981,-0.047116246074438095,0.9706199765205383,0.9996236562728882
1680,56000,LEFT_ANKLE,0.47736606001853943,0.8330641984939575,0.09848367422819138,0.9671750068664551,0.9997709393501282
1680,56000,RIGHT_ANKLE,0.42662951350212097,0.8308681845664978,-0.05949730798602104,0.9790980219841003,0.999771773815155
1680,56000,LEFT_HEEL,0.4775986671447754,0.8681517839431763,0.08940140157938004,0.9749589562416077,0.9995669722557068
1680,56000,RIGHT_HEEL,0.39918702840805054,0.8492103219032288,-0.05948162451386452,0.9770635366439819,0.9996405839920044
1680,56000,LEFT_FOOT_INDEX,0.5041860938072205,0.8849299550056458,0.05071629583835602,0.9322131276130676,0.9992967844009399
1680,56000,RIGHT_FOOT_INDEX,0.4486885964870453,0.8802400827407837,-0.10190674662590027,0.8738841414451599,0.9995856881141663
1681,56033,NOSE,0.4466134011745453,0.21261107921600342,0.24421024322509766,0.9996673464775085,0.9999396800994873
1681,56033,LEFT_EYE_INNER,0.4396372437477112,0.20131376385688782,0.20698079466819763,0.9996358156204224,0.9999456405639648
1681,56033,LEFT_EYE,0.4345338046550751,0.2021680474281311,0.20701220631599426,0.9996196627616882,0.9999473094940186
1681,56033,LEFT_EYE_OUTER,0.42961907386779785,0.2031002640724182,0.20702289044857025,0.999655544757843,0.9999457597732544
1681,56033,RIGHT_EYE_INNER,0.4530692994594574,0.1987658143043518,0.181777223944664,0.9996615648269653,0.9999324083328247
1681,56033,RIGHT_EYE,0.45769286155700684,0.1980356127023697,0.18167567253112793,0.9996536374092102,0.9999216794967651
1681,56033,RIGHT_EYE_OUTER,0.46262696385383606,0.19757667183876038,0.1815141886472702,0.9996124505996704,0.9999072551727295
1681,56033,LEFT_EAR,0.41702231764793396,0.21297577023506165,0.11193318665027618,0.9994050860404968,0.9999665021896362
1681,56033,RIGHT_EAR,0.465925931930542,0.2072814404964447,-0.018761349841952324,0.9995490908622742,0.9999305009841919
1681,56033,MOUTH_LEFT,0.4407999813556671,0.22685998678207397,0.21915197372436523,0.9991844892501831,0.9999334812164307
1681,56033,MOUTH_RIGHT,0.4548579454421997,0.22593054175376892,0.18539108335971832,0.9989888668060303,0.9999144077301025
1681,56033,LEFT_SHOULDER,0.3543502390384674,0.3070319592952728,0.14345145225524902,0.9996157884597778,0.9999499320983887
1681,56033,RIGHT_SHOULDER,0.5057491660118103,0.2814426124095917,-0.16447369754314423,0.998794674873352,0.9993541836738586
1681,56033,LEFT_ELBOW,0.32867294549942017,0.41774892807006836,0.3554331958293915,0.9206867218017578,0.9996618032455444
1681,56033,RIGHT_ELBOW,0.5660799145698547,0.31945329904556274,-0.019767258316278458,0.8420239090919495,0.9982012510299683
1681,56033,LEFT_WRIST,0.3902877867221832,0.43643268942832947,0.6214720010757446,0.20399613678455353,0.9998382329940796
1681,56033,RIGHT_WRIST,0.505050539970398,0.2506607472896576,0.3844068646430969,0.39795008301734924,0.9995670914649963
1681,56033,LEFT_PINKY,0.40005597472190857,0.43750444054603577,0.6762180924415588,0.1561712622642517,0.999749481678009
1681,56033,RIGHT_PINKY,0.4897720515727997,0.22865761816501617,0.4295971095561981,0.3312012851238251,0.9994786381721497
1681,56033,LEFT_INDEX,0.41002774238586426,0.43289217352867126,0.6603319644927979,0.1560823768377304,0.9997606873512268
1681,56033,RIGHT_INDEX,0.48074570298194885,0.2281619757413864,0.42418399453163147,0.3381960093975067,0.9994556307792664
1681,56033,LEFT_THUMB,0.405892014503479,0.4304131269454956,0.6234249472618103,0.16700586676597595,0.9998037219047546
1681,56033,RIGHT_THUMB,0.48270562291145325,0.23385825753211975,0.3937520384788513,0.29873982071876526,0.9995805621147156
1681,56033,LEFT_HIP,0.4184536039829254,0.5278661847114563,0.14771199226379395,0.9998692870140076,0.9998706579208374
1681,56033,RIGHT_HIP,0.4814484417438507,0.524565577507019,-0.14815160632133484,0.9997354745864868,0.9995489716529846
1681,56033,LEFT_KNEE,0.46000733971595764,0.6832965016365051,0.20426000654697418,0.8482272028923035,0.9998235106468201
1681,56033,RIGHT_KNEE,0.4847933351993561,0.687501847743988,-0.11881616711616516,0.9711258411407471,0.9995778203010559
1681,56033,LEFT_ANKLE,0.47365689277648926,0.8346176743507385,0.2210031896829605,0.9601132273674011,0.9997286200523376
1681,56033,RIGHT_ANKLE,0.421701580286026,0.847918689250946,-0.08576876670122147,0.9796580672264099,0.999680757522583
1681,56033,LEFT_HEEL,0.4693653881549835,0.8694983720779419,0.22008800506591797,0.966849148273468,0.9994491934776306
1681,56033,RIGHT_HEEL,0.392561674118042,0.869763195514679,-0.08219761401414871,0.975742518901825,0.9994481205940247
1681,56033,LEFT_FOOT_INDEX,0.5060182213783264,0.8845894932746887,0.19311070442199707,0.9246517419815063,0.9992744326591492
1681,56033,RIGHT_FOOT_INDEX,0.45939603447914124,0.8895677924156189,-0.13350988924503326,0.883014976978302,0.9994363188743591
1682,56067,NOSE,0.4480966031551361,0.21206562221050262,0.24750375747680664,0.9996324777603149,0.9999251365661621
1682,56067,LEFT_EYE_INNER,0.44077053666114807,0.2003432661294937,0.21060225367546082,0.9995948672294617,0.9999362230300903
1682,56067,LEFT_EYE,0.4357092082500458,0.2008858174085617,0.21061868965625763,0.9995707273483276,0.9999380111694336
1682,56067,LEFT_EYE_OUTER,0.4305170774459839,0.20150259137153625,0.21061468124389648,0.9996135830879211,0.9999368190765381
1682,56067,RIGHT_EYE_INNER,0.4547741115093231,0.19831302762031555,0.18283821642398834,0.9996248483657837,0.9999215602874756
1682,56067,RIGHT_EYE,0.4593872129917145,0.19762782752513885,0.18272905051708221,0.9996113777160645,0.999908447265625
1682,56067,RIGHT_EYE_OUTER,0.4643302857875824,0.19720201194286346,0.1825246959924698,0.9995647668838501,0.9998923540115356
1682,56067,LEFT_EAR,0.41742628812789917,0.2108672708272934,0.10071754455566406,0.9992967844009399,0.9999638795852661
1682,56067,RIGHT_EAR,0.46701496839523315,0.20692355930805206,-0.01678457297384739,0.9994910359382629,0.9999212026596069
1682,56067,MOUTH_LEFT,0.4419481158256531,0.22563576698303223,0.22273346781730652,0.999088704586029,0.9999147653579712
1682,56067,MOUTH_RIGHT,0.4563642740249634,0.22523963451385498,0.18631449341773987,0.9988687038421631,0.9998822212219238
1682,56067,LEFT_SHOULDER,0.35359707474708557,0.30518051981925964,0.12141445279121399,0.9996075630187988,0.9999359846115112
1682,56067,RIGHT_SHOULDER,0.5050246715545654,0.28247374296188354,-0.1488206535577774,0.9988240599632263,0.9988757967948914
1682,56067,LEFT_ELBOW,0.3280535936355591,0.41541221737861633,0.34021642804145813,0.9214338064193726,0.9995015859603882
1682,56067,RIGHT_ELBOW,0.5669136643409729,0.3263883888721466,0.016894206404685974,0.8510640859603882,0.9971581697463989
1682,56067,LEFT_WRIST,0.3903811275959015,0.43413013219833374,0.6120495796203613,0.19577108323574066,0.9997232556343079
1682,56067,RIGHT_WRIST,0.5054386854171753,0.25878071784973145,0.426889032125473,0.37867504358291626,0.9993717074394226
1682,56067,LEFT_PINKY,0.4002012610435486,0.43689829111099243,0.6655888557434082,0.1482745110988617,0.9995959401130676
1682,56067,RIGHT_PINKY,0.49145108461380005,0.23875080049037933,0.4777008593082428,0.3126797676086426,0.9992983341217041
1682,56067,LEFT_INDEX,0.4097782373428345,0.4327322244644165,0.6489812135696411,0.14845065772533417,0.9996201992034912
1682,56067,RIGHT_INDEX,0.48067042231559753,0.23445478081703186,0.47150692343711853,0.3187497854232788,0.9992513060569763
1682,56067,LEFT_THUMB,0.4062870442867279,0.42925500869750977,0.6128098368644714,0.15907666087150574,0.9996805191040039
1682,56067,RIGHT_THUMB,0.48259344696998596,0.24293702840805054,0.43639644980430603,0.28186875581741333,0.9994074106216431
1682,56067,LEFT_HIP,0.4149400591850281,0.5277621746063232,0.13887472450733185,0.9998364448547363,0.999883770942688
1682,56067,RIGHT_HIP,0.48073235154151917,0.5249066948890686,-0.13928364217281342,0.9996885657310486,0.9995725750923157
1682,56067,LEFT_KNEE,0.4601345658302307,0.6836007237434387,0.20711207389831543,0.8176267147064209,0.9997711777687073
1682,56067,RIGHT_KNEE,0.48314303159713745,0.6893720030784607,-0.10242556780576706,0.9702603816986084,0.9995042085647583
1682,56067,LEFT_ANKLE,0.4721410274505615,0.8347561359405518,0.20933488011360168,0.9506897926330566,0.999680757522583
1682,56067,RIGHT_ANKLE,0.4201294481754303,0.849624752998352,-0.07847433537244797,0.9793260097503662,0.9996362924575806
1682,56067,LEFT_HEEL,0.4672374725341797,0.8696526885032654,0.20738716423511505,0.9591987729072571,0.9993939399719238
1682,56067,RIGHT_HEEL,0.39423778653144836,0.8717365264892578,-0.07601089030504227,0.973645031452179,0.9993832111358643
1682,56067,LEFT_FOOT_INDEX,0.5048314929008484,0.884183943271637,0.1756095290184021,0.9127649068832397,0.9991328120231628
1682,56067,RIGHT_FOOT_INDEX,0.45516884326934814,0.8891794681549072,-0.13103045523166656,0.8887977600097656,0.9993871450424194
1683,56100,NOSE,0.44882237911224365,0.20964764058589935,0.25657981634140015,0.9995601773262024,0.9996976852416992
1683,56100,LEFT_EYE_INNER,0.44183769822120667,0.19809912145137787,0.2174217700958252,0.9995086789131165,0.9997134804725647
1683,56100,LEFT_EYE,0.436791330575943,0.19831815361976624,0.21742071211338043,0.999477207660675,0.9997188448905945
1683,56100,LEFT_EYE_OUTER,0.431613028049469,0.19862410426139832,0.2173893004655838,0.9995269179344177,0.999704897403717
1683,56100,RIGHT_EYE_INNER,0.4557149410247803,0.19685280323028564,0.19247770309448242,0.9995591044425964,0.9996875524520874
1683,56100,RIGHT_EYE,0.4603917598724365,0.19629576802253723,0.19237732887268066,0.9995436072349548,0.9996583461761475
1683,56100,RIGHT_EYE_OUTER,0.4652903079986572,0.19593669474124908,0.1921253800392151,0.9994955658912659,0.9996317625045776
1683,56100,LEFT_EAR,0.41885122656822205,0.20757056772708893,0.09637506306171417,0.9990953207015991,0.9998180270195007
1683,56100,RIGHT_EAR,0.4680640399456024,0.2051658183336258,-0.008180059492588043,0.9993780255317688,0.9997668862342834
1683,56100,MOUTH_LEFT,0.4424572288990021,0.22247807681560516,0.22710298001766205,0.9989184737205505,0.9997103810310364
1683,56100,MOUTH_RIGHT,0.45654571056365967,0.22255659103393555,0.19443964958190918,0.9986958503723145,0.999697208404541
1683,56100,LEFT_SHOULDER,0.35354146361351013,0.2995477318763733,0.11482496559619904,0.9995377659797668,0.9997596144676208
1683,56100,RIGHT_SHOULDER,0.5041959285736084,0.28290441632270813,-0.1397760659456253,0.9988625049591064,0.9990411400794983
1683,56100,LEFT_ELBOW,0.3284129798412323,0.41117069125175476,0.3295397460460663,0.9174938201904297,0.9982602000236511
1683,56100,RIGHT_ELBOW,0.5662170648574829,0.35205742716789246,0.029597865417599678,0.8599344491958618,0.9955880641937256
1683,56100,LEFT_WRIST,0.3898637890815735,0.4272046685218811,0.6087579131126404,0.1854768991470337,0.998807430267334
1683,56100,RIGHT_WRIST,0.5171306133270264,0.27291688323020935,0.42998602986335754,0.36819514632225037,0.998842716217041
1683,56100,LEFT_PINKY,0.39649638533592224,0.4337657392024994,0.6618821024894714,0.13955704867839813,0.9985997080802917
1683,56100,RIGHT_PINKY,0.5090534687042236,0.24697354435920715,0.4799240529537201,0.30191001296043396,0.9988294243812561
1683,56100,LEFT_INDEX,0.40897002816200256,0.42570292949676514,0.647088885307312,0.1397494673728943,0.9986544847488403
1683,56100,RIGHT_INDEX,0.4997224509716034,0.24616816639900208,0.4744998514652252,0.3068696856498718,0.998710036277771
1683,56100,LEFT_THUMB,0.40459755063056946,0.4182191789150238,0.6098175048828125,0.1499200016260147,0.9987722039222717
1683,56100,RIGHT_THUMB,0.4952957034111023,0.2521377205848694,0.43962427973747253,0.27088314294815063,0.99894779920578
1683,56100,LEFT_HIP,0.41443949937820435,0.5262757539749146,0.1356513649225235,0.9996782541275024,0.9993846416473389
1683,56100,RIGHT_HIP,0.47555267810821533,0.5239877104759216,-0.13591623306274414,0.9995847940444946,0.9990590214729309
1683,56100,LEFT_KNEE,0.4596431851387024,0.6827810406684875,0.22048984467983246,0.8045377135276794,0.9994895458221436
1683,56100,RIGHT_KNEE,0.47222471237182617,0.6899392008781433,-0.15662896633148193,0.9715724587440491,0.9995484948158264
1683,56100,LEFT_ANKLE,0.45379921793937683,0.8356487154960632,0.31835559010505676,0.9431808590888977,0.9992967844009399
1683,56100,RIGHT_ANKLE,0.4147045612335205,0.8585206866264343,-0.13475936651229858,0.9797495603561401,0.9993158578872681
1683,56100,LEFT_HEEL,0.4374055862426758,0.8691642880439758,0.32563403248786926,0.949298620223999,0.9987524747848511
1683,56100,RIGHT_HEEL,0.3863401710987091,0.8858543038368225,-0.13399450480937958,0.9723989963531494,0.9985750913619995
1683,56100,LEFT_FOOT_INDEX,0.5009692907333374,0.8791170120239258,0.3094489872455597,0.9004857540130615,0.9985793828964233
1683,56100,RIGHT_FOOT_INDEX,0.4655420184135437,0.8942739367485046,-0.1956177055835724,0.894412100315094,0.9983578324317932
1684,56133,NOSE,0.4504629075527191,0.20888209342956543,0.26178884506225586,0.999517560005188,0.9997976422309875
1684,56133,LEFT_EYE_INNER,0.44304129481315613,0.19695475697517395,0.22310331463813782,0.9994511008262634,0.999796450138092
1684,56133,LEFT_EYE,0.4379462003707886,0.19695284962654114,0.2230980396270752,0.9994138479232788,0.9998007416725159
1684,56133,LEFT_EYE_OUTER,0.43270957469940186,0.19707226753234863,0.22305864095687866,0.9994674921035767,0.9997901320457458
1684,56133,RIGHT_EYE_INNER,0.45712709426879883,0.1962192803621292,0.19823795557022095,0.9995161294937134,0.9997792840003967
1684,56133,RIGHT_EYE,0.4617253839969635,0.19573776423931122,0.19813966751098633,0.9994999170303345,0.9997575879096985
1684,56133,RIGHT_EYE_OUTER,0.4664846360683441,0.19542835652828217,0.19787421822547913,0.9994515180587769,0.9997387528419495
1684,56133,LEFT_EAR,0.4194100797176361,0.2058999240398407,0.10275408625602722,0.998936116695404,0.9998675584793091
1684,56133,RIGHT_EAR,0.4686928391456604,0.20453087985515594,-0.002471335930749774,0.9993016719818115,0.9998319149017334
1684,56133,MOUTH_LEFT,0.4437471032142639,0.2213120460510254,0.23196277022361755,0.9987983107566833,0.9998024106025696
1684,56133,MOUTH_RIGHT,0.4579791724681854,0.2218925505876541,0.19943682849407196,0.9985767006874084,0.9997928738594055
1684,56133,LEFT_SHOULDER,0.35349929332733154,0.2970772385597229,0.13002073764801025,0.9994968771934509,0.9998288154602051
1684,56133,RIGHT_SHOULDER,0.5025859475135803,0.28293636441230774,-0.13771001994609833,0.9989226460456848,0.9993883371353149
1684,56133,LEFT_ELBOW,0.32853734493255615,0.40841811895370483,0.34664386510849,0.9145525693893433,0.9987830519676208
1684,56133,RIGHT_ELBOW,0.5661213397979736,0.3553066551685333,0.034488268196582794,0.8701041340827942,0.9973656535148621
1684,56133,LEFT_WRIST,0.38903898000717163,0.42554938793182373,0.6221657395362854,0.17804528772830963,0.9992183446884155
1684,56133,RIGHT_WRIST,0.5247794985771179,0.27475500106811523,0.4291161894798279,0.3726339042186737,0.9992895126342773
1684,56133,LEFT_PINKY,0.3967452943325043,0.4280828535556793,0.6749317049980164,0.13297457993030548,0.9990622401237488
1684,56133,RIGHT_PINKY,0.515974223613739,0.2471538484096527,0.47743144631385803,0.303713858127594,0.9992413520812988
1684,56133,LEFT_INDEX,0.40753835439682007,0.4234207272529602,0.6592151522636414,0.1331983208656311,0.9990830421447754
1684,56133,RIGHT_INDEX,0.5066232681274414,0.24683469533920288,0.4719027876853943,0.30768314003944397,0.9991631507873535
1684,56133,LEFT_THUMB,0.40324822068214417,0.41914102435112,0.6223397254943848,0.14309820532798767,0.9991773962974548
1684,56133,RIGHT_THUMB,0.5050323605537415,0.25293388962745667,0.4388037919998169,0.27077534794807434,0.9993343949317932
1684,56133,LEFT_HIP,0.4133482575416565,0.5248082876205444,0.14078174531459808,0.9995623826980591,0.999506950378418
1684,56133,RIGHT_HIP,0.47278082370758057,0.5236091017723083,-0.14100702106952667,0.9995187520980835,0.999286949634552
1684,56133,LEFT_KNEE,0.4595275819301605,0.6815729141235352,0.23852969706058502,0.7926809191703796,0.999594509601593
1684,56133,RIGHT_KNEE,0.4692527949810028,0.6899492740631104,-0.16746270656585693,0.9730400443077087,0.9996436834335327
1684,56133,LEFT_ANKLE,0.45315009355545044,0.8363160490989685,0.3480234444141388,0.9373745322227478,0.9994301199913025
1684,56133,RIGHT_ANKLE,0.4117708206176758,0.858178973197937,-0.14378540217876434,0.9804152846336365,0.9994522929191589
1684,56133,LEFT_HEEL,0.4401998519897461,0.8675992488861084,0.35603663325309753,0.941684901714325,0.9989965558052063
1684,56133,RIGHT_HEEL,0.3858506679534912,0.8850327730178833,-0.14248226583003998,0.9716928601264954,0.998867392539978
1684,56133,LEFT_FOOT_INDEX,0.4987522065639496,0.8777051568031311,0.3413759469985962,0.891285240650177,0.9988272786140442
1684,56133,RIGHT_FOOT_INDEX,0.46727675199508667,0.8929336667060852,-0.20487605035305023,0.9004181027412415,0.9986304044723511
1685,56167,NOSE,0.45447689294815063,0.20639604330062866,0.30559274554252625,0.99941086769104,0.9995653033256531
1685,56167,LEFT_EYE_INNER,0.4454245865345001,0.19371812045574188,0.2671479880809784,0.9993575215339661,0.9995405673980713
1685,56167,LEFT_EYE,0.4401422441005707,0.19342252612113953,0.2671371400356293,0.99931401014328,0.9995519518852234
1685,56167,LEFT_EYE_OUTER,0.43463876843452454,0.19325822591781616,0.2670767307281494,0.9993700385093689,0.999535322189331
1685,56167,RIGHT_EYE_INNER,0.4599498212337494,0.19372157752513885,0.24349045753479004,0.9994404315948486,0.9995174407958984
1685,56167,RIGHT_EYE,0.4643497169017792,0.19347086548805237,0.24337679147720337,0.9994217157363892,0.9994840621948242
1685,56167,RIGHT_EYE_OUTER,0.4689734876155853,0.19336068630218506,0.24309249222278595,0.9993806481361389,0.9994656443595886
1685,56167,LEFT_EAR,0.42151331901550293,0.20099608600139618,0.1391570270061493,0.9986858367919922,0.9997113347053528
1685,56167,RIGHT_EAR,0.4704887568950653,0.2018250972032547,0.035694897174835205,0.9991886019706726,0.9996893405914307
1685,56167,MOUTH_LEFT,0.4465167820453644,0.21785466372966766,0.2707788646221161,0.9985711574554443,0.9996047616004944
1685,56167,MOUTH_RIGHT,0.46119001507759094,0.21883875131607056,0.2399742156267166,0.9983782768249512,0.9996318817138672
1685,56167,LEFT_SHOULDER,0.3535178601741791,0.289745569229126,0.16190791130065918,0.9994128942489624,0.9996820688247681
1685,56167,RIGHT_SHOULDER,0.5023521184921265,0.28437793254852295,-0.12695173919200897,0.9989686608314514,0.9993652701377869
1685,56167,LEFT_ELBOW,0.32872486114501953,0.4054543972015381,0.3558536767959595,0.9045027494430542,0.9971724152565002
1685,56167,RIGHT_ELBOW,0.563090443611145,0.3740237057209015,0.04795009270310402,0.8789377212524414,0.9940690994262695
1685,56167,LEFT_WRIST,0.3919884264469147,0.40913522243499756,0.6147521734237671,0.16637404263019562,0.9971377849578857
1685,56167,RIGHT_WRIST,0.5405314564704895,0.31840530037879944,0.44918784499168396,0.35996460914611816,0.9979016780853271
1685,56167,LEFT_PINKY,0.399524986743927,0.42234763503074646,0.6664593815803528,0.1239001676440239,0.997117280960083
1685,56167,RIGHT_PINKY,0.5419623255729675,0.2984631061553955,0.500027596950531,0.29135745763778687,0.9981676340103149
1685,56167,LEFT_INDEX,0.4108566343784332,0.41536709666252136,0.651041567325592,0.12408318370580673,0.9971250891685486
1685,56167,RIGHT_INDEX,0.531926155090332,0.29199787974357605,0.4993237853050232,0.2943921387195587,0.9979385733604431
1685,56167,LEFT_THUMB,0.4077247679233551,0.411836713552475,0.6150192022323608,0.13336649537086487,0.9972499012947083
1685,56167,RIGHT_THUMB,0.5207402110099792,0.30078911781311035,0.4614439308643341,0.25907769799232483,0.9982274174690247
1685,56167,LEFT_HIP,0.4117058515548706,0.5182577967643738,0.14332500100135803,0.9993664026260376,0.9990936517715454
1685,56167,RIGHT_HIP,0.4701496958732605,0.5210731625556946,-0.14350110292434692,0.9994271993637085,0.9990191459655762
1685,56167,LEFT_KNEE,0.45829904079437256,0.6778358817100525,0.2515575587749481,0.7755350470542908,0.9993606209754944
1685,56167,RIGHT_KNEE,0.4593885838985443,0.6881451606750488,-0.17977860569953918,0.9739919900894165,0.9996315240859985
1685,56167,LEFT_ANKLE,0.4512362778186798,0.8310171961784363,0.3751084506511688,0.925353467464447,0.9990144968032837
1685,56167,RIGHT_ANKLE,0.40848979353904724,0.8557835817337036,-0.16938111186027527,0.9805145859718323,0.99928218126297
1685,56167,LEFT_HEEL,0.43537306785583496,0.8598009347915649,0.3842567801475525,0.9291417598724365,0.9985117316246033
1685,56167,RIGHT_HEEL,0.3835267424583435,0.886353075504303,-0.1689276546239853,0.9705719947814941,0.9985184073448181
1685,56167,LEFT_FOOT_INDEX,0.49448925256729126,0.8727707266807556,0.362609326839447,0.8707667589187622,0.9983078241348267
1685,56167,RIGHT_FOOT_INDEX,0.46992620825767517,0.8904967308044434,-0.24231186509132385,0.9034541249275208,0.9979997277259827
1686,56200,NOSE,0.45542222261428833,0.20525048673152924,0.30876219272613525,0.9993714690208435,0.9997618794441223
1686,56200,LEFT_EYE_INNER,0.4460613429546356,0.19232796132564545,0.2823745608329773,0.9993294477462769,0.9997019171714783
1686,56200,LEFT_EYE,0.4404371380805969,0.19188690185546875,0.2823852002620697,0.9992730021476746,0.999708354473114
1686,56200,LEFT_EYE_OUTER,0.4347105324268341,0.19162821769714355,0.2823331654071808,0.9993373155593872,0.9996849298477173
1686,56200,RIGHT_EYE_INNER,0.4609655737876892,0.1928032785654068,0.24999265372753143,0.9994175434112549,0.9997041821479797
1686,56200,RIGHT_EYE,0.465309739112854,0.19266480207443237,0.24988634884357452,0.9993923306465149,0.9996827840805054
1686,56200,RIGHT_EYE_OUTER,0.46967267990112305,0.19261401891708374,0.2495775818824768,0.9993672370910645,0.9996678829193115
1686,56200,LEFT_EAR,0.4212038815021515,0.19883610308170319,0.1921178102493286,0.9985374808311462,0.9997851252555847
1686,56200,RIGHT_EAR,0.47018200159072876,0.2004920244216919,0.04569930210709572,0.9991467595100403,0.999803364276886
1686,56200,MOUTH_LEFT,0.44636890292167664,0.21618930995464325,0.28427550196647644,0.9984813928604126,0.9997747540473938
1686,56200,MOUTH_RIGHT,0.4616696834564209,0.2171996384859085,0.24272184073925018,0.998335063457489,0.9998070597648621
1686,56200,LEFT_SHOULDER,0.3532782196998596,0.28525251150131226,0.2371927946805954,0.999363124370575,0.9997655749320984
1686,56200,RIGHT_SHOULDER,0.4929182827472687,0.28382861614227295,-0.13179543614387512,0.9990521669387817,0.9997870326042175
1686,56200,LEFT_ELBOW,0.3288062512874603,0.4005953073501587,0.43639686703681946,0.877717912197113,0.9977408647537231
1686,56200,RIGHT_ELBOW,0.5480177998542786,0.37267741560935974,0.01969165727496147,0.8886703252792358,0.9974175691604614
1686,56200,LEFT_WRIST,0.3934299349784851,0.39982569217681885,0.6541157364845276,0.15482626855373383,0.9980118274688721
1686,56200,RIGHT_WRIST,0.5518933534622192,0.3385830223560333,0.4099832773208618,0.3747907280921936,0.9983129501342773
1686,56200,LEFT_PINKY,0.40016114711761475,0.4102742075920105,0.6981659531593323,0.11546488851308823,0.9979786276817322
1686,56200,RIGHT_PINKY,0.5609074234962463,0.3241294324398041,0.4578515291213989,0.302325963973999,0.9983034133911133
1686,56200,LEFT_INDEX,0.41193991899490356,0.40117713809013367,0.6829715967178345,0.11568407714366913,0.9979123473167419
1686,56200,RIGHT_INDEX,0.5509276986122131,0.32106801867485046,0.4601055383682251,0.30414190888404846,0.9981575608253479
1686,56200,LEFT_THUMB,0.4085906445980072,0.3979194760322571,0.6512330770492554,0.12441840767860413,0.9980801343917847
1686,56200,RIGHT_THUMB,0.5453142523765564,0.32474035024642944,0.4248204231262207,0.2670617997646332,0.9985153079032898
1686,56200,LEFT_HIP,0.4092603623867035,0.5126979351043701,0.15493974089622498,0.9991684556007385,0.999283492565155
1686,56200,RIGHT_HIP,0.46725213527679443,0.5142715573310852,-0.15522734820842743,0.9993332028388977,0.9993434548377991
1686,56200,LEFT_KNEE,0.45481061935424805,0.6748953461647034,0.23683448135852814,0.7591170072555542,0.9995973706245422
1686,56200,RIGHT_KNEE,0.4545038342475891,0.6862056255340576,-0.18768000602722168,0.9727311730384827,0.9997174143791199
1686,56200,LEFT_ANKLE,0.44618934392929077,0.8315726518630981,0.3407423496246338,0.912774920463562,0.9991814494132996
1686,56200,RIGHT_ANKLE,0.4122826159000397,0.8597878813743591,-0.18023386597633362,0.9786784052848816,0.999250590801239
1686,56200,LEFT_HEEL,0.42539340257644653,0.860748827457428,0.3473365902900696,0.9144043922424316,0.9987830519676208
1686,56200,RIGHT_HEEL,0.3837970495223999,0.8895790576934814,-0.17983722686767578,0.9652428030967712,0.9985456466674805
1686,56200,LEFT_FOOT_INDEX,0.49440908432006836,0.8689126968383789,0.3176238238811493,0.8569383025169373,0.9986532926559448
1686,56200,RIGHT_FOOT_INDEX,0.47218558192253113,0.888412594795227,-0.26073962450027466,0.904686689376831,0.9981750249862671
1687,56233,NOSE,0.45686689019203186,0.20476914942264557,0.3326142132282257,0.9993320107460022,0.9997919201850891
1687,56233,LEFT_EYE_INNER,0.44737496972084045,0.1922357976436615,0.305379182100296,0.9992989301681519,0.999737560749054
1687,56233,LEFT_EYE,0.44165271520614624,0.19179660081863403,0.3054114282131195,0.9992313981056213,0.9997410178184509
1687,56233,LEFT_EYE_OUTER,0.4360238313674927,0.19151873886585236,0.3053641617298126,0.9992994666099548,0.9997196793556213
1687,56233,RIGHT_EYE_INNER,0.4619596004486084,0.1926305890083313,0.27328866720199585,0.9993919730186462,0.9997405409812927
1687,56233,RIGHT_EYE,0.46617093682289124,0.19246414303779602,0.27317506074905396,0.9993617534637451,0.9997203946113586
1687,56233,RIGHT_EYE_OUTER,0.47024041414260864,0.1923886090517044,0.27287453413009644,0.9993501901626587,0.9997093081474304
1687,56233,LEFT_EAR,0.42223453521728516,0.19809989631175995,0.20608554780483246,0.998392641544342,0.9998034834861755
1687,56233,RIGHT_EAR,0.4700287878513336,0.19998204708099365,0.06413903832435608,0.9991049766540527,0.9998181462287903
1687,56233,MOUTH_LEFT,0.4472876787185669,0.2155824452638626,0.3061075508594513,0.9984062910079956,0.9997993111610413
1687,56233,MOUTH_RIGHT,0.4621422588825226,0.21628038585186005,0.26437923312187195,0.9983148574829102,0.9998295307159424
1687,56233,LEFT_SHOULDER,0.35283467173576355,0.2835559546947479,0.2485918253660202,0.9993266463279724,0.9997947812080383
1687,56233,RIGHT_SHOULDER,0.48735031485557556,0.28159773349761963,-0.12235883623361588,0.9991249442100525,0.9998195767402649
1687,56233,LEFT_ELBOW,0.3278897702693939,0.3969317674636841,0.45579561591148376,0.8546242713928223,0.9982448816299438
1687,56233,RIGHT_ELBOW,0.5394462943077087,0.36769136786460876,0.03228819742798805,0.8974720239639282,0.9980804920196533
1687,56233,LEFT_WRIST,0.38969284296035767,0.39265191555023193,0.6785038709640503,0.14611569046974182,0.9985519051551819
1687,56233,RIGHT_WRIST,0.5522168874740601,0.33808866143226624,0.43300238251686096,0.3860374093055725,0.9988507032394409
1687,56233,LEFT_PINKY,0.39980432391166687,0.39791104197502136,0.7206783294677734,0.1093902736902237,0.9985036849975586
1687,56233,RIGHT_PINKY,0.5614354610443115,0.32813793420791626,0.48312774300575256,0.31164219975471497,0.9987849593162537
1687,56233,LEFT_INDEX,0.4118238687515259,0.38775262236595154,0.7057808637619019,0.10966762155294418,0.9984556436538696
1687,56233,RIGHT_INDEX,0.5516406297683716,0.321933776140213,0.4839193522930145,0.31249913573265076,0.9986832737922668
1687,56233,LEFT_THUMB,0.4085662066936493,0.38511601090431213,0.675537645816803,0.11770696938037872,0.9985978007316589
1687,56233,RIGHT_THUMB,0.5478723049163818,0.32523444294929504,0.44869062304496765,0.2742878496646881,0.9989581108093262
1687,56233,LEFT_HIP,0.40867242217063904,0.5094784498214722,0.15723223984241486,0.999047040939331,0.9994370341300964
1687,56233,RIGHT_HIP,0.46494024991989136,0.5098373293876648,-0.15749336779117584,0.9992907047271729,0.9995145797729492
1687,56233,LEFT_KNEE,0.453387051820755,0.6728934645652771,0.24203743040561676,0.7469887733459473,0.9997010827064514
1687,56233,RIGHT_KNEE,0.4538660943508148,0.6849223971366882,-0.19638073444366455,0.9728289842605591,0.9998055100440979
1687,56233,LEFT_ANKLE,0.4459417760372162,0.8324102163314819,0.3528277277946472,0.9033797979354858,0.9995092153549194
1687,56233,RIGHT_ANKLE,0.4152577221393585,0.8589147329330444,-0.19647282361984253,0.9780208468437195,0.9995360374450684
1687,56233,LEFT_HEEL,0.42454439401626587,0.8614540696144104,0.3603094220161438,0.904197096824646,0.9993131160736084
1687,56233,RIGHT_HEEL,0.38544273376464844,0.8886404037475586,-0.19613361358642578,0.9628840088844299,0.999125063419342
1687,56233,LEFT_FOOT_INDEX,0.49306103587150574,0.8680376410484314,0.3328150808811188,0.8440326452255249,0.9991496801376343
1687,56233,RIGHT_FOOT_INDEX,0.4737621545791626,0.8887966871261597,-0.27622759342193604,0.9065908789634705,0.9987393021583557
1688,56267,NOSE,0.45606622099876404,0.20290954411029816,0.3628194034099579,0.9993775486946106,0.9999275207519531
1688,56267,LEFT_EYE_INNER,0.4467926025390625,0.1910107582807541,0.33915722370147705,0.9993513822555542,0.9999086856842041
1688,56267,LEFT_EYE,0.44114580750465393,0.1905578225851059,0.33923980593681335,0.9992874264717102,0.9999099969863892
1688,56267,LEFT_EYE_OUTER,0.43557262420654297,0.19021888077259064,0.3391973376274109,0.9993507862091064,0.9999058246612549
1688,56267,RIGHT_EYE_INNER,0.4612927734851837,0.19116778671741486,0.30422109365463257,0.9994354248046875,0.9999067783355713
1688,56267,RIGHT_EYE,0.4655506908893585,0.19083836674690247,0.30414482951164246,0.999405026435852,0.999895453453064
1688,56267,RIGHT_EYE_OUTER,0.46971559524536133,0.190617635846138,0.3038918077945709,0.9993965029716492,0.9998878240585327
1688,56267,LEFT_EAR,0.4219663441181183,0.1957537829875946,0.24546366930007935,0.9985129237174988,0.9999282360076904
1688,56267,RIGHT_EAR,0.4698488414287567,0.19756245613098145,0.09129317104816437,0.999173641204834,0.9999192953109741
1688,56267,MOUTH_LEFT,0.4469619393348694,0.21351005136966705,0.3370931148529053,0.998526930809021,0.9999066591262817
1688,56267,MOUTH_RIGHT,0.46191224455833435,0.2137073129415512,0.2921493649482727,0.99845290184021,0.9999101161956787
1688,56267,LEFT_SHOULDER,0.35335955023765564,0.2801382541656494,0.29475364089012146,0.9993590712547302,0.9998971223831177
1688,56267,RIGHT_SHOULDER,0.48471033573150635,0.2815186679363251,-0.12326204776763916,0.9992029666900635,0.9999182224273682
1688,56267,LEFT_ELBOW,0.32758206129074097,0.3912965953350067,0.4506058990955353,0.8309965133666992,0.9990633130073547
1688,56267,RIGHT_ELBOW,0.5139055252075195,0.37942829728126526,-0.009772061370313168,0.9066013097763062,0.9992088675498962
1688,56267,LEFT_WRIST,0.39024618268013,0.3979993462562561,0.600619912147522,0.13944272696971893,0.998956561088562
1688,56267,RIGHT_WRIST,0.5588791966438293,0.3813260793685913,0.3299560844898224,0.41845670342445374,0.9989681243896484
1688,56267,LEFT_PINKY,0.4055981934070587,0.40466663241386414,0.6219512224197388,0.10508517175912857,0.998683512210846
1688,56267,RIGHT_PINKY,0.5768210291862488,0.38032299280166626,0.3620232045650482,0.3412236273288727,0.998608410358429
1688,56267,LEFT_INDEX,0.4202612638473511,0.3960060179233551,0.6018002033233643,0.10541868954896927,0.9986653327941895
1688,56267,RIGHT_INDEX,0.5743260979652405,0.37316077947616577,0.36245664954185486,0.34188273549079895,0.9985765218734741
1688,56267,LEFT_THUMB,0.4163754880428314,0.39305776357650757,0.5893920660018921,0.11304712295532227,0.9988710284233093
1688,56267,RIGHT_THUMB,0.5672328472137451,0.3725355863571167,0.34226107597351074,0.3029119074344635,0.9988995790481567
1688,56267,LEFT_HIP,0.4061838388442993,0.5055214166641235,0.16444988548755646,0.9990447163581848,0.9996799230575562
1688,56267,RIGHT_HIP,0.45698606967926025,0.5052619576454163,-0.16465157270431519,0.9992885589599609,0.9996535778045654
1688,56267,LEFT_KNEE,0.4495707154273987,0.672482430934906,0.23598338663578033,0.7419635653495789,0.9997239708900452
1688,56267,RIGHT_KNEE,0.45081183314323425,0.6837146878242493,-0.16220669448375702,0.9724466800689697,0.9997829794883728
1688,56267,LEFT_ANKLE,0.43323954939842224,0.835095226764679,0.333518385887146,0.8964919447898865,0.9996106028556824
1688,56267,RIGHT_ANKLE,0.42053553462028503,0.8608412742614746,-0.14484795928001404,0.9774985909461975,0.9996600151062012
1688,56267,LEFT_HEEL,0.4066833555698395,0.8617165684700012,0.3389359712600708,0.8968845009803772,0.9994109869003296
1688,56267,RIGHT_HEEL,0.3892711102962494,0.8888874650001526,-0.14268295466899872,0.9615354537963867,0.9993583559989929
1688,56267,LEFT_FOOT_INDEX,0.48220178484916687,0.8685693740844727,0.2967715561389923,0.8339684009552002,0.9991852641105652
1688,56267,RIGHT_FOOT_INDEX,0.47377660870552063,0.8901215195655823,-0.21859419345855713,0.9094405174255371,0.9989996552467346
1689,56300,NOSE,0.45575040578842163,0.20104475319385529,0.3512808680534363,0.9994137287139893,0.999922513961792
1689,56300,LEFT_EYE_INNER,0.4464808404445648,0.18979111313819885,0.32759010791778564,0.999393880367279,0.9999055862426758
1689,56300,LEFT_EYE,0.440906286239624,0.189346581697464,0.3276577293872833,0.9993314743041992,0.999907374382019
1689,56300,LEFT_EYE_OUTER,0.4353848099708557,0.18897205591201782,0.32759571075439453,0.9993923306465149,0.999902606010437
1689,56300,RIGHT_EYE_INNER,0.4608362913131714,0.18999303877353668,0.2932113707065582,0.9994704127311707,0.9999047517776489
1689,56300,RIGHT_EYE,0.4651203155517578,0.18971092998981476,0.2931240200996399,0.999439001083374,0.999894380569458
1689,56300,RIGHT_EYE_OUTER,0.46935153007507324,0.1895255595445633,0.2928706705570221,0.9994342923164368,0.9998868703842163
1689,56300,LEFT_EAR,0.42181193828582764,0.19430433213710785,0.236665278673172,0.9986060857772827,0.9999268054962158
1689,56300,RIGHT_EAR,0.46969690918922424,0.19651398062705994,0.083950936794281,0.9992293119430542,0.999922513961792
1689,56300,MOUTH_LEFT,0.4464401304721832,0.21147005259990692,0.32628464698791504,0.998623788356781,0.9999055862426758
1689,56300,MOUTH_RIGHT,0.4618304669857025,0.2119624763727188,0.28209319710731506,0.9985676407814026,0.9999105930328369
1689,56300,LEFT_SHOULDER,0.3535671830177307,0.27999940514564514,0.29238831996917725,0.9993799924850464,0.9998886585235596
1689,56300,RIGHT_SHOULDER,0.48571568727493286,0.2817154824733734,-0.1303378790616989,0.9992728233337402,0.9999098777770996
1689,56300,LEFT_ELBOW,0.3276033103466034,0.3885802924633026,0.4624793231487274,0.803153395652771,0.998818576335907
1689,56300,RIGHT_ELBOW,0.5169774889945984,0.38329416513442993,-0.02142517827451229,0.9144752025604248,0.9990320205688477
1689,56300,LEFT_WRIST,0.3959249258041382,0.3956124782562256,0.6058292984962463,0.13214345276355743,0.9985931515693665
1689,56300,RIGHT_WRIST,0.5650932192802429,0.38688915967941284,0.31400662660598755,0.4427371025085449,0.9986196756362915
1689,56300,LEFT_PINKY,0.40912729501724243,0.4054219722747803,0.6331599950790405,0.10026343166828156,0.9982892870903015
1689,56300,RIGHT_PINKY,0.582622230052948,0.3857630789279938,0.3457910418510437,0.36373934149742126,0.9981781244277954
1689,56300,LEFT_INDEX,0.42385122179985046,0.3974371552467346,0.6150487065315247,0.10070028901100159,0.9982183575630188
1689,56300,RIGHT_INDEX,0.5774781703948975,0.3785322606563568,0.34382498264312744,0.36419206857681274,0.9981325268745422
1689,56300,LEFT_THUMB,0.4177604615688324,0.39150530099868774,0.5915333032608032,0.10793150961399078,0.9984737038612366
1689,56300,RIGHT_THUMB,0.570533275604248,0.3775220811367035,0.3248820900917053,0.32449907064437866,0.9985583424568176
1689,56300,LEFT_HIP,0.40396925806999207,0.5033278465270996,0.16529281437397003,0.9990401864051819,0.9997026324272156
1689,56300,RIGHT_HIP,0.4558412730693817,0.5041183829307556,-0.16549800336360931,0.999271810054779,0.9996235370635986
1689,56300,LEFT_KNEE,0.4451069235801697,0.6711305975914001,0.22391662001609802,0.7343854308128357,0.999752938747406
1689,56300,RIGHT_KNEE,0.4474697709083557,0.6831957697868347,-0.16697455942630768,0.9715011119842529,0.9997621178627014
1689,56300,LEFT_ANKLE,0.4343484342098236,0.8354395031929016,0.30231890082359314,0.8884149789810181,0.9995371103286743
1689,56300,RIGHT_ANKLE,0.4184461534023285,0.8608555197715759,-0.14275437593460083,0.9762359261512756,0.999561607837677
1689,56300,LEFT_HEEL,0.41118600964546204,0.8619882464408875,0.30597296357154846,0.8877429366111755,0.9992951154708862
1689,56300,RIGHT_HEEL,0.38824912905693054,0.8903177976608276,-0.13948948681354523,0.958317220211029,0.9991986155509949
1689,56300,LEFT_FOOT_INDEX,0.48114877939224243,0.866754412651062,0.2766382694244385,0.8241114020347595,0.9989948868751526
1689,56300,RIGHT_FOOT_INDEX,0.47118455171585083,0.8885669112205505,-0.2231447696685791,0.910731852054596,0.9988229870796204
1690,56333,NOSE,0.45529213547706604,0.19955484569072723,0.3549695312976837,0.9994526505470276,0.9999315738677979
1690,56333,LEFT_EYE_INNER,0.44617676734924316,0.18800607323646545,0.3375799059867859,0.9994373321533203,0.9999197721481323
1690,56333,LEFT_EYE,0.4406513571739197,0.18755649030208588,0.3376381993293762,0.9993773698806763,0.9999204874038696
1690,56333,LEFT_EYE_OUTER,0.43512606620788574,0.1871602088212967,0.3375760316848755,0.9994359016418457,0.9999152421951294
1690,56333,RIGHT_EYE_INNER,0.46054577827453613,0.18846389651298523,0.29861700534820557,0.9995080828666687,0.9999210834503174
1690,56333,RIGHT_EYE,0.46484264731407166,0.18826714158058167,0.298572301864624,0.999476969242096,0.9999126195907593
1690,56333,RIGHT_EYE_OUTER,0.46911510825157166,0.18816611170768738,0.29832568764686584,0.9994750618934631,0.9999057054519653
1690,56333,LEFT_EAR,0.4216531217098236,0.19288699328899384,0.2660052478313446,0.9987135529518127,0.999931812286377
1690,56333,RIGHT_EAR,0.4695790112018585,0.19561178982257843,0.09304371476173401,0.999288022518158,0.9999289512634277
1690,56333,MOUTH_LEFT,0.446274071931839,0.21023103594779968,0.3358820974826813,0.9987240433692932,0.999906063079834
1690,56333,MOUTH_RIGHT,0.46157631278038025,0.2110579013824463,0.2861608564853668,0.9986808896064758,0.9999111890792847
1690,56333,LEFT_SHOULDER,0.353699266910553,0.27831152081489563,0.3247101604938507,0.9994080066680908,0.9999048709869385
1690,56333,RIGHT_SHOULDER,0.4823926091194153,0.2806578278541565,-0.14037427306175232,0.9993411302566528,0.9999370574951172
1690,56333,LEFT_ELBOW,0.3272477388381958,0.38383108377456665,0.48885300755500793,0.7832081913948059,0.9993101358413696
1690,56333,RIGHT_ELBOW,0.5031731724739075,0.38211533427238464,-0.09846716374158859,0.9226102828979492,0.9995861649513245
1690,56333,LEFT_WRIST,0.39805951714515686,0.3952866494655609,0.6190711855888367,0.1270809918642044,0.9991167187690735
1690,56333,RIGHT_WRIST,0.5676862597465515,0.4124065041542053,0.13728661835193634,0.49072498083114624,0.9993340373039246
1690,56333,LEFT_PINKY,0.40992724895477295,0.4048006236553192,0.6385921835899353,0.09662459790706635,0.9988448619842529
1690,56333,RIGHT_PINKY,0.5869842767715454,0.42250439524650574,0.15027806162834167,0.4126949608325958,0.9989652633666992
1690,56333,LEFT_INDEX,0.4295516610145569,0.39539265632629395,0.6187695264816284,0.09708832204341888,0.9988168478012085
1690,56333,RIGHT_INDEX,0.5837996006011963,0.41589289903640747,0.1556347906589508,0.41272199153900146,0.9989475607872009
1690,56333,LEFT_THUMB,0.419577032327652,0.39269372820854187,0.6030364632606506,0.10424525290727615,0.9990260601043701
1690,56333,RIGHT_THUMB,0.5772508382797241,0.41276833415031433,0.1484980434179306,0.3721745014190674,0.9992444515228271
1690,56333,LEFT_HIP,0.3991001844406128,0.5011429190635681,0.17043739557266235,0.9990293979644775,0.9995878338813782
1690,56333,RIGHT_HIP,0.44849640130996704,0.5014669895172119,-0.170638769865036,0.9992268681526184,0.9993407130241394
1690,56333,LEFT_KNEE,0.44105228781700134,0.6707460880279541,0.15129970014095306,0.7239144444465637,0.9996240139007568
1690,56333,RIGHT_KNEE,0.4414401054382324,0.6826125383377075,-0.1549891084432602,0.9691606760025024,0.9995989203453064
1690,56333,LEFT_ANKLE,0.43447694182395935,0.8356951475143433,0.19148604571819305,0.8758076429367065,0.9993922710418701
1690,56333,RIGHT_ANKLE,0.4151020348072052,0.8599452376365662,-0.13068154454231262,0.9741614460945129,0.9993265867233276
1690,56333,LEFT_HEEL,0.41410788893699646,0.8621543645858765,0.18946336209774017,0.8761767745018005,0.9990298748016357
1690,56333,RIGHT_HEEL,0.3870432674884796,0.8889157176017761,-0.1289195865392685,0.9548398852348328,0.9988561868667603
1690,56333,LEFT_FOOT_INDEX,0.47750237584114075,0.8669960498809814,0.12523353099822998,0.8133877515792847,0.9986439347267151
1690,56333,RIGHT_FOOT_INDEX,0.468132346868515,0.8907417058944702,-0.2035844326019287,0.9122635722160339,0.9985093474388123
1691,56367,NOSE,0.45515134930610657,0.19804233312606812,0.3655579090118408,0.9994734525680542,0.9998724460601807
1691,56367,LEFT_EYE_INNER,0.44601601362228394,0.1866234391927719,0.34521132707595825,0.9994681477546692,0.9998493194580078
1691,56367,LEFT_EYE,0.44046634435653687,0.18616242706775665,0.3452790081501007,0.9994071125984192,0.9998444318771362
1691,56367,LEFT_EYE_OUTER,0.43493297696113586,0.18576529622077942,0.3452100455760956,0.9994654059410095,0.9998276233673096
1691,56367,RIGHT_EYE_INNER,0.4603629410266876,0.18718966841697693,0.30877524614334106,0.9995352625846863,0.9998658895492554
1691,56367,RIGHT_EYE,0.46469762921333313,0.18707215785980225,0.30872178077697754,0.9995031356811523,0.9998565912246704
1691,56367,RIGHT_EYE_OUTER,0.46899181604385376,0.1870415061712265,0.308480829000473,0.9995059370994568,0.9998492002487183
1691,56367,LEFT_EAR,0.4215640425682068,0.1919463723897934,0.26169687509536743,0.9987956881523132,0.9998589754104614
1691,56367,RIGHT_EAR,0.4695480465888977,0.19479970633983612,0.10284820199012756,0.9993351101875305,0.9998944997787476
1691,56367,MOUTH_LEFT,0.4462135434150696,0.20881947875022888,0.34307119250297546,0.9987960457801819,0.9998099207878113
1691,56367,MOUTH_RIGHT,0.46132758259773254,0.20973914861679077,0.2967887222766876,0.9987712502479553,0.9998378753662109
1691,56367,LEFT_SHOULDER,0.3537433445453644,0.27847346663475037,0.31571733951568604,0.9994117021560669,0.9997571110725403
1691,56367,RIGHT_SHOULDER,0.48226290941238403,0.2806565463542938,-0.1351224184036255,0.9993987679481506,0.9998795986175537
1691,56367,LEFT_ELBOW,0.3275415897369385,0.38266488909721375,0.4807177782058716,0.7529122829437256,0.9982290863990784
1691,56367,RIGHT_ELBOW,0.5003905892372131,0.3852648138999939,-0.054964829236269,0.9290808439254761,0.99909508228302
1691,56367,LEFT_WRIST,0.39502865076065063,0.3898392617702484,0.6214484572410583,0.12170609831809998,0.9975050091743469
1691,56367,RIGHT_WRIST,0.5648322105407715,0.4127453863620758,0.23456943035125732,0.5240784287452698,0.9984397292137146
1691,56367,LEFT_PINKY,0.4071865975856781,0.39647912979125977,0.6422567367553711,0.09309465438127518,0.9970448613166809
1691,56367,RIGHT_PINKY,0.5836281776428223,0.42227646708488464,0.2565240263938904,0.4443974792957306,0.9976828098297119
1691,56367,LEFT_INDEX,0.4258017838001251,0.38790664076805115,0.6230391263961792,0.09365943819284439,0.9969695210456848
1691,56367,RIGHT_INDEX,0.5829068422317505,0.41568347811698914,0.25690755248069763,0.44373488426208496,0.9976304769515991
1691,56367,LEFT_THUMB,0.4191673696041107,0.3853282630443573,0.6070171594619751,0.10043396800756454,0.9973898530006409
1691,56367,RIGHT_THUMB,0.5731256008148193,0.4121304750442505,0.24499695003032684,0.40237534046173096,0.9982712268829346
1691,56367,LEFT_HIP,0.397438108921051,0.5004357695579529,0.16472066938877106,0.9989785552024841,0.9992589354515076
1691,56367,RIGHT_HIP,0.44078943133354187,0.5004986524581909,-0.16492822766304016,0.9991540312767029,0.9990285634994507
1691,56367,LEFT_KNEE,0.43828514218330383,0.6699315309524536,0.14511018991470337,0.7077385187149048,0.9992173910140991
1691,56367,RIGHT_KNEE,0.44068488478660583,0.6821739673614502,-0.13830187916755676,0.9630354046821594,0.9992725253105164
1691,56367,LEFT_ANKLE,0.4287744164466858,0.8357605934143066,0.1890152394771576,0.8606743812561035,0.9989410042762756
1691,56367,RIGHT_ANKLE,0.4152511656284332,0.8593603372573853,-0.0797087550163269,0.9693449139595032,0.9988172054290771
1691,56367,LEFT_HEEL,0.40769919753074646,0.8624154329299927,0.18824656307697296,0.862542986869812,0.9983983635902405
1691,56367,RIGHT_HEEL,0.38832277059555054,0.8885660171508789,-0.07401347905397415,0.947856068611145,0.9979915618896484
1691,56367,LEFT_FOOT_INDEX,0.46901437640190125,0.8661397099494934,0.1295609325170517,0.7992907166481018,0.9979571104049683
1691,56367,RIGHT_FOOT_INDEX,0.46598362922668457,0.8895010948181152,-0.15715613961219788,0.9086229801177979,0.9975574016571045
1692,56400,NOSE,0.4549259841442108,0.19639232754707336,0.35705849528312683,0.999503493309021,0.9998503923416138
1692,56400,LEFT_EYE_INNER,0.4461614489555359,0.18508316576480865,0.3291966915130615,0.9995039701461792,0.9998335838317871
1692,56400,LEFT_EYE,0.4407235085964203,0.18465912342071533,0.3292454183101654,0.9994431734085083,0.9998301267623901
1692,56400,LEFT_EYE_OUTER,0.4352337121963501,0.1842588633298874,0.3292088210582733,0.99950110912323,0.9998165965080261
1692,56400,RIGHT_EYE_INNER,0.4604465365409851,0.18568174540996552,0.3070649206638336,0.9995678067207336,0.9998478889465332
1692,56400,RIGHT_EYE,0.4647011160850525,0.18564680218696594,0.30713537335395813,0.9995352625846863,0.9998360872268677
1692,56400,RIGHT_EYE_OUTER,0.46897026896476746,0.18572168052196503,0.3068501651287079,0.9995414018630981,0.9998282194137573
1692,56400,LEFT_EAR,0.42147698998451233,0.19027116894721985,0.24324464797973633,0.9988850951194763,0.9998505115509033
1692,56400,RIGHT_EAR,0.4694131910800934,0.19428206980228424,0.09620481729507446,0.9993840456008911,0.9998794794082642
1692,56400,MOUTH_LEFT,0.44602686166763306,0.2074967920780182,0.3306422829627991,0.9988813400268555,0.9997841715812683
1692,56400,MOUTH_RIGHT,0.461193323135376,0.20853972434997559,0.28556549549102783,0.9988676905632019,0.9998134970664978
1692,56400,LEFT_SHOULDER,0.35375386476516724,0.2768159508705139,0.3023209869861603,0.9994028210639954,0.9997914433479309
1692,56400,RIGHT_SHOULDER,0.4803796112537384,0.28094783425331116,-0.15641650557518005,0.9994525909423828,0.9998904466629028
1692,56400,LEFT_ELBOW,0.32864829897880554,0.38166558742523193,0.4748985171318054,0.7317983508110046,0.9988285899162292
1692,56400,RIGHT_ELBOW,0.4961550533771515,0.39051181077957153,-0.11661521345376968,0.9353201985359192,0.999312162399292
1692,56400,LEFT_WRIST,0.39403170347213745,0.39112693071365356,0.6312232613563538,0.1160646453499794,0.9983481168746948
1692,56400,RIGHT_WRIST,0.5615522861480713,0.43770042061805725,0.11806072294712067,0.5568398833274841,0.9985284805297852
1692,56400,LEFT_PINKY,0.40629860758781433,0.3980388939380646,0.6584320068359375,0.089043989777565,0.9980621933937073
1692,56400,RIGHT_PINKY,0.5759699940681458,0.45679011940956116,0.13149979710578918,0.47494375705718994,0.9978334307670593
1692,56400,LEFT_INDEX,0.42549049854278564,0.39024168252944946,0.6375741958618164,0.08958559483289719,0.997991681098938
1692,56400,RIGHT_INDEX,0.5739794373512268,0.45246946811676025,0.13640788197517395,0.47325998544692993,0.9977381229400635
1692,56400,LEFT_THUMB,0.41861429810523987,0.3872835636138916,0.6196918487548828,0.09613214433193207,0.998281717300415
1692,56400,RIGHT_THUMB,0.5649744868278503,0.4430277347564697,0.12898273766040802,0.429735392332077,0.9983201622962952
1692,56400,LEFT_HIP,0.3941013216972351,0.4997028410434723,0.1663651466369629,0.9988805651664734,0.99940025806427
1692,56400,RIGHT_HIP,0.4412689208984375,0.5006281733512878,-0.1665864735841751,0.9990760684013367,0.9991294741630554
1692,56400,LEFT_KNEE,0.4357406497001648,0.6690007448196411,0.16012297570705414,0.6931248307228088,0.9992409944534302
1692,56400,RIGHT_KNEE,0.4404010474681854,0.6818749904632568,-0.11776754260063171,0.959453284740448,0.9992051720619202
1692,56400,LEFT_ANKLE,0.42166492342948914,0.836001992225647,0.20256541669368744,0.8465941548347473,0.9993496537208557
1692,56400,RIGHT_ANKLE,0.41625508666038513,0.8588228225708008,-0.061086058616638184,0.966687798500061,0.9990818500518799
1692,56400,LEFT_HEEL,0.40059882402420044,0.8625909090042114,0.2034040242433548,0.8518353700637817,0.9990079998970032
1692,56400,RIGHT_HEEL,0.38985583186149597,0.8889268040657043,-0.05587487295269966,0.9453094005584717,0.9984752535820007
1692,56400,LEFT_FOOT_INDEX,0.46635201573371887,0.8645703792572021,0.15793566405773163,0.7866379022598267,0.9986722469329834
1692,56400,RIGHT_FOOT_INDEX,0.46636494994163513,0.8885118961334229,-0.13460631668567657,0.9079638123512268,0.9980655312538147
